brand_key,n_malls_araneta,n_malls_ayala,n_malls_filinvest,n_malls_fishermall,n_malls_gmall,n_malls_megaworld,n_malls_ortigas,n_malls_robinsons,n_malls_sm,n_malls_starmall,n_malls_waltermart,n_malls_xentro,n_malls_total,n_chains,in_all_chains,in_multiple_chains,display_name
watsons,4,20,4,1,4,11,2,38,95,2,11,4,196,12,True,True,WATSONS
potato corner,0,25,4,2,4,13,2,47,82,3,6,6,194,11,False,True,POTATO CORNER
bdo,0,12,1,2,2,2,3,18,106,1,24,8,179,11,False,True,BANCO DE ORO
bench,3,20,1,2,4,6,1,42,77,3,13,4,176,12,True,True,BENCH
jollibee,0,16,1,2,3,2,2,40,85,4,13,4,172,11,False,True,JOLLIBEE
samsung,0,18,2,2,1,6,2,29,83,0,24,1,168,10,False,True,SAMSUNG
penshoppe,2,18,2,2,4,4,1,40,84,3,1,2,163,12,True,True,PENSHOPPE
executive optical,3,15,2,1,2,3,2,29,78,3,19,0,157,11,False,True,EXECUTIVE OPTICAL
vivo,0,11,1,2,4,1,1,27,80,0,14,3,144,10,False,True,VIVO
aficionado,1,8,1,2,3,1,0,28,59,0,25,8,136,10,False,True,AFICIONADO
oppo,1,4,1,2,4,0,1,21,77,3,15,2,131,11,False,True,OPPO
famous belgian waffles,0,21,0,0,0,3,0,16,78,0,13,0,131,5,False,True,FAMOUS BELGIAN WAFFLES
national bookstore,2,17,1,0,4,7,2,9,84,3,1,0,130,10,False,True,NATIONAL BOOKSTORE
kettle korn,0,9,2,1,4,1,0,28,73,0,6,5,129,9,False,True,KETTLE KORN
kfc,0,14,0,2,2,7,0,21,70,2,11,0,129,8,False,True,KFC
mang inasal,0,7,1,1,3,3,1,30,66,2,10,4,128,11,False,True,MANG INASAL
ian darcy,3,16,1,1,0,4,0,17,69,0,13,0,124,8,False,True,IAN DARCY
chowking,0,11,1,1,2,1,0,25,59,4,16,2,122,10,False,True,CHOWKING
greenwich,0,10,2,1,3,0,0,26,64,3,7,2,118,9,False,True,GREENWICH
dunkin,0,0,1,0,0,8,0,11,72,0,25,0,117,5,False,True,DUNKIN
goldilocks,0,7,1,2,3,4,1,25,47,3,21,2,116,11,False,True,GOLDILOCKS
ace hardware,0,1,1,1,0,0,2,0,88,0,19,3,115,7,False,True,ACE HARDWARE
octagon,0,13,1,0,2,3,2,20,72,1,0,0,114,8,False,True,OCTAGON
huawei,0,13,0,1,4,2,0,20,68,1,3,0,112,8,False,True,HUAWEI
aquaflask,1,17,1,0,0,4,0,18,65,0,4,0,110,7,False,True,AQUAFLASK
regatta,1,11,2,0,3,6,1,20,65,0,0,0,109,8,False,True,REGATTA
ideal vision center,2,13,1,0,1,2,0,7,82,0,0,0,108,7,False,True,IDEAL VISION CENTER
gong cha,0,10,2,2,0,4,2,20,63,2,3,0,108,9,False,True,GONG CHA
classic savory,0,6,1,1,0,2,2,17,72,0,6,0,107,8,False,True,CLASSIC SAVORY
lbc,0,19,0,2,3,6,1,33,5,2,31,3,105,10,False,True,LBC
lbc express,0,2,2,0,1,2,0,6,89,1,0,1,104,8,False,True,LBC EXPRESS
realme,1,3,1,1,0,1,0,18,71,1,2,0,99,9,False,True,REALME
chatime,0,6,0,0,0,5,0,6,48,0,33,0,98,5,False,True,CHATIME
infinix,0,2,1,1,0,0,0,20,54,0,16,0,94,6,False,True,INFINIX
miniso,1,3,1,0,1,3,2,3,70,0,10,0,94,9,False,True,MINISO
davids salon,0,16,1,0,0,3,1,21,40,0,9,0,91,7,False,True,DAVID'S SALON
fruitas,0,7,1,2,1,4,1,19,48,0,6,1,90,10,False,True,FRUITAS
candy corner,0,16,0,0,0,3,1,12,57,0,0,0,89,5,False,True,CANDY CORNER
shakeys,0,11,1,1,1,2,2,25,45,0,1,0,89,9,False,True,SHAKEYS
zagu,0,7,1,0,4,2,0,22,46,1,1,5,89,9,False,True,ZAGU
dairy queen,0,14,2,1,0,4,0,15,51,1,0,0,88,7,False,True,DAIRY QUEEN
mercury drug,2,20,0,2,4,4,2,20,0,2,29,1,86,10,False,True,Mercury Drug
photoline,0,6,1,0,0,0,1,17,60,0,0,0,85,5,False,True,PHOTOLINE
levis,1,16,2,0,2,7,2,32,23,0,0,0,85,8,False,True,Levi's
lotto,0,0,0,1,1,0,0,15,49,0,17,2,85,6,False,True,LOTTO
turks shawarma,0,0,0,1,2,0,0,10,70,0,0,1,84,5,False,True,TURKS SHAWARMA
forme,0,6,1,0,3,2,1,13,58,0,0,0,84,7,False,True,FORME
botejyu,0,14,0,1,0,3,1,6,58,0,0,0,83,6,False,True,BOTEJYU
red ribbon,0,3,1,2,3,0,0,19,47,2,4,2,83,9,False,True,RED RIBBON
sm appliance,0,0,0,0,0,0,1,0,81,0,0,0,82,2,False,True,SM APPLIANCE CENTER
face shop,1,12,1,0,0,5,0,5,57,0,0,0,81,6,False,True,THE FACE SHOP
breadtalk,0,13,1,0,0,4,1,10,51,0,0,0,80,6,False,True,BREADTALK
starbucks coffee,0,0,2,0,0,0,0,0,77,0,0,0,79,2,False,True,STARBUCKS COFFEE
bavin,2,4,1,0,1,0,0,11,56,1,3,0,79,8,False,True,BAVIN
unisilver,2,4,0,0,1,0,0,11,61,0,0,0,79,5,False,True,UNISILVER
oxgn,1,8,1,0,0,0,0,6,63,0,0,0,79,5,False,True,OXGN
mcdonalds,0,11,1,2,3,12,1,7,33,3,4,2,79,11,False,True,MCDONALDS
avocadoria ph,0,12,0,0,0,0,0,2,46,0,17,0,77,4,False,True,AVOCADORIA.PH
master siomai,0,12,2,1,4,4,0,27,20,2,0,5,77,9,False,True,MASTER SIOMAI
great image,0,3,1,0,0,4,0,3,62,1,1,0,75,7,False,True,GREAT IMAGE
lay bare waxing salon,0,13,1,1,0,0,0,2,53,0,4,0,74,6,False,True,LAY BARE WAXING SALON
maxs restaurant,0,7,0,0,0,5,0,15,44,2,0,0,73,5,False,True,MAXS RESTAURANT
core pacific money exchange,0,20,3,0,0,7,0,15,0,0,27,0,72,5,False,True,Core Pacific Money Exchange
siomai house,0,12,1,0,0,2,1,23,22,2,4,5,72,9,False,True,SIOMAI HOUSE
bpi,0,26,2,2,3,4,2,26,3,0,3,0,71,9,False,True,BPI
toms world,0,0,1,0,0,1,0,20,44,1,3,0,70,6,False,True,TOM'S WORLD
skin station,0,2,1,0,0,5,1,3,57,0,1,0,70,7,False,True,SKIN STATION
world balance,2,15,2,2,1,3,1,36,7,1,0,0,70,10,False,True,World Balance
tokyo tokyo,0,10,1,1,0,3,1,11,42,0,0,0,69,7,False,True,TOKYO TOKYO
sm store,0,0,0,0,0,0,0,0,69,0,0,0,69,1,False,False,THE SM STORE
krispy kreme,0,10,1,1,1,2,1,8,45,0,0,0,69,8,False,True,KRISPY KREME
cln,2,11,0,0,0,1,1,5,48,0,0,0,68,6,False,True,CLN
bonchon,0,0,2,1,0,0,0,12,45,2,6,0,68,6,False,True,BONCHON
silicon valley,0,8,1,0,1,0,0,15,43,0,0,0,68,5,False,True,SILICON VALLEY
power mac center,0,10,1,0,0,2,1,9,45,0,0,0,68,6,False,True,POWER MAC CENTER
mister donut,0,7,1,0,3,1,1,19,31,0,1,3,67,9,False,True,MISTER DONUT
alberto,1,10,1,1,0,0,1,17,36,0,0,0,67,7,False,True,ALBERTO
shawarma shack,0,7,1,1,2,3,0,18,31,2,0,0,65,8,False,True,SHAWARMA SHACK
auntie annes,0,11,1,2,0,4,2,7,37,0,1,0,65,8,False,True,AUNTIE ANNES
abenson,1,14,1,1,0,2,0,3,2,0,38,2,64,9,False,True,Abenson
uniqlo,1,6,0,1,0,3,2,7,44,0,0,0,64,7,False,True,UNIQLO
sm cinema,0,0,0,0,0,0,0,0,64,0,0,0,64,1,False,False,SM CINEMA
surplus shop,0,0,0,0,0,0,0,0,63,0,0,0,63,1,False,False,SURPLUS SHOP
guess,1,12,1,0,1,2,1,13,32,0,0,0,63,8,False,True,GUESS
crocs,1,8,1,0,1,2,2,4,44,0,0,0,63,8,False,True,CROCS
mr quickie,0,5,1,2,1,5,1,7,30,2,9,0,63,10,False,True,MR QUICKIE
plains & prints,2,8,1,1,0,4,1,9,36,0,0,0,62,8,False,True,PLAINS & PRINTS
relx,1,10,2,1,0,5,1,1,41,0,0,0,62,8,False,True,RELX
lighters galore,3,13,1,2,1,4,1,19,18,0,0,0,62,9,False,True,LIGHTERS GALORE
sm supermarket,0,0,0,0,0,0,0,0,61,0,0,0,61,1,False,False,SM SUPERMARKET
japan home centre,1,16,1,0,0,3,1,3,3,2,31,0,61,9,False,True,Japan Home Centre
smart,0,0,0,0,1,2,0,5,50,0,2,0,60,5,False,True,SMART
quantum,0,0,0,0,1,1,1,4,53,0,0,0,60,5,False,True,QUANTUM
western union,0,0,0,2,3,0,0,35,0,0,14,6,60,5,False,True,Western Union
pizza hut,0,7,0,1,1,3,0,6,39,1,0,1,59,8,False,True,PIZZA HUT
zen zest,2,11,0,0,1,1,0,6,38,0,0,0,59,6,False,True,ZEN ZEST
robinsons supermarket,1,4,1,0,0,5,0,46,0,0,0,2,59,6,False,True,Robinsons Supermarket
honor,0,0,1,0,1,0,0,15,38,0,4,0,59,5,False,True,HONOR
waffle time,0,6,2,1,4,2,0,26,16,1,0,1,59,9,False,True,WAFFLE TIME
nails glow,0,5,0,0,0,3,0,10,19,1,21,0,59,6,False,True,Nails.Glow
havaianas,0,7,0,1,0,1,1,13,33,0,2,0,58,7,False,True,HAVAIANAS
sprinto,0,5,0,0,0,3,0,15,35,0,0,0,58,4,False,True,SPRINTO
mr kimbob,0,2,0,0,0,2,0,7,46,0,0,0,57,4,False,True,MR KIMBOB
globe,0,0,0,1,0,0,0,8,44,0,4,0,57,4,False,True,GLOBE
handyman,2,0,1,0,4,0,0,27,1,0,21,1,57,7,False,True,Handyman
starbucks,0,19,0,1,0,18,2,17,0,0,0,0,57,5,False,True,Starbucks
digital walker,0,19,1,0,0,3,2,9,22,0,0,0,56,6,False,True,DIGITAL WALKER
buko juan,0,5,1,0,0,4,0,9,22,0,15,0,56,6,False,True,BUKO JUAN
pc express,0,6,1,2,0,1,0,7,38,0,0,0,55,6,False,True,PC EXPRESS
kuya j restaurant,0,4,1,0,0,0,0,2,48,0,0,0,55,4,False,True,KUYA J RESTAURANT
audionet,0,10,0,0,0,0,0,11,32,0,2,0,55,4,False,True,AUDIONET
bayo,1,7,1,0,0,1,0,14,30,0,0,0,54,6,False,True,BAYO
owndays,1,15,1,0,0,5,2,4,26,0,0,0,54,7,False,True,OWNDAYS
daiso japan,1,15,1,0,0,0,0,37,0,0,0,0,54,4,False,True,Daiso Japan
taters,0,10,1,1,3,0,1,9,29,0,0,0,54,7,False,True,TATERS
turks,0,17,3,1,2,5,1,23,1,0,1,0,54,9,False,True,Turks
mx memoxpress,0,0,0,0,0,0,0,0,52,0,2,0,54,2,False,True,MX MEMOXPRESS
mi,0,0,0,0,0,0,0,1,53,0,0,0,54,2,False,True,MI
macao imperial tea,0,2,0,0,0,2,0,10,39,0,0,0,53,4,False,True,MACAO IMPERIAL TEA
keycards,0,6,0,0,0,0,0,4,43,0,0,0,53,3,False,True,KEYCARDS
mr diy,1,12,1,0,1,5,3,1,7,0,21,0,52,9,False,True,MR. DIY
rulls cellphone and accessories,0,0,0,0,0,0,0,0,52,0,0,0,52,1,False,False,RULLS CELLPHONE AND ACCESSORIES
ojo eyewear,2,4,1,0,0,3,0,9,33,0,0,0,52,6,False,True,OJO EYEWEAR
bibingkinitan,0,0,0,1,0,1,0,5,44,1,0,0,52,5,False,True,BIBINGKINITAN
sm cinema snackbar,0,0,0,0,0,0,0,0,51,0,0,0,51,1,False,False,SM CINEMA SNACKBAR
kenny rogers,0,0,0,0,0,3,1,2,45,0,0,0,51,4,False,True,KENNY ROGERS
dermcare,0,0,0,0,0,1,0,3,43,2,2,0,51,5,False,True,DERMCARE
dunkin donuts,0,16,0,2,3,0,0,23,4,2,0,1,51,7,False,True,Dunkin' Donuts
prescripto,2,5,1,0,0,1,0,9,32,1,0,0,51,7,False,True,PRESCRIPTO
rulls,0,7,1,0,0,0,0,18,7,1,16,0,50,6,False,True,Rulls
picture city,0,9,0,1,0,0,0,15,11,1,12,1,50,7,False,True,Picture City
skechers,1,12,1,0,1,4,1,15,15,0,0,0,50,8,False,True,SKECHERS
sports central,0,0,0,0,0,0,2,0,48,0,0,0,50,2,False,True,SPORTS CENTRAL
robinsons appliances,1,3,1,0,2,0,0,41,0,0,0,2,50,6,False,True,Robinsons Appliances
world of fun,0,0,1,0,2,0,0,3,32,0,12,0,50,5,False,True,WORLD OF FUN
nailaholics,0,0,0,0,0,0,1,1,48,0,0,0,50,3,False,True,NAILAHOLICS
cafe mary grace,0,11,1,0,0,1,0,0,37,0,0,0,50,4,False,True,CAFE MARY GRACE
anytime fitness,0,11,2,2,0,7,1,5,21,0,0,0,49,7,False,True,ANYTIME FITNESS
brunos barbers,0,15,1,0,0,5,2,5,20,0,0,0,48,6,False,True,BRUNO'S BARBERS
buko express,0,2,1,0,3,1,0,10,22,0,9,0,48,7,False,True,BUKO EXPRESS
mendrez,0,6,1,0,1,0,0,6,34,0,0,0,48,5,False,True,MENDREZ
adidas,0,10,1,1,3,5,2,9,16,0,0,0,47,8,False,True,ADIDAS
brownies unlimited,0,1,0,1,0,0,0,1,44,0,0,0,47,4,False,True,BROWNIES UNLIMITED
hey sugar waxing salon,0,12,1,0,0,0,0,1,33,0,0,0,47,4,False,True,HEY SUGAR WAXING SALON
broadway gems,2,11,2,0,1,0,0,20,7,2,1,1,47,9,False,True,BROADWAY GEMS
chizmozza,0,5,1,2,0,1,0,14,21,0,2,0,46,7,False,True,CHIZMOZZA
beauche international,0,2,0,0,0,0,0,5,34,0,4,0,45,4,False,True,BEAUCHE INTERNATIONAL
tecno,0,3,0,1,0,0,0,13,23,0,5,0,45,5,False,True,TECNO
sunnies studios,1,6,1,0,0,2,1,6,28,0,0,0,45,7,False,True,SUNNIES STUDIOS
i watch straps batteries center,0,0,0,0,0,0,0,0,45,0,0,0,45,1,False,False,I-WATCH STRAPS BATTERIES CENTER
cellboy,0,0,0,0,0,0,0,0,43,2,0,0,45,2,False,True,CELLBOY
memo,0,6,2,0,0,1,1,4,31,0,0,0,45,6,False,True,MEMO
china bank,0,5,0,0,0,0,0,1,34,0,3,1,44,5,False,True,CHINA BANK
macbeth,1,0,0,0,0,0,0,6,37,0,0,0,44,3,False,True,MACBETH
lets face it,0,3,1,0,0,0,0,2,38,0,0,0,44,4,False,True,LETS FACE IT
onesimus,0,5,1,0,0,0,0,7,31,0,0,0,44,4,False,True,ONESIMUS
datablitz,0,16,1,0,0,2,0,4,20,0,0,0,43,5,False,True,DATABLITZ
7eleven,3,8,1,0,1,15,0,1,11,0,3,0,43,8,False,True,7-Eleven
moto,0,1,0,0,0,0,0,12,30,0,0,0,43,3,False,True,MOTO
silverworks,0,4,0,1,0,1,0,4,33,0,0,0,43,5,False,True,SILVERWORKS
coco fresh tea and juice,0,0,1,0,0,1,0,0,41,0,0,0,43,3,False,True,COCO FRESH TEA AND JUICE
acer,0,6,1,0,1,0,1,5,28,0,0,0,42,6,False,True,ACER
watch republic,1,6,1,0,0,0,1,6,27,0,0,0,42,6,False,True,WATCH REPUBLIC
gq barbershop,0,1,0,1,0,0,0,1,37,0,1,0,41,5,False,True,GQ BARBERSHOP
bagel girl,0,0,0,0,0,0,0,0,41,0,0,0,41,1,False,False,BAGEL GIRL
potato giant,0,9,1,0,1,1,0,13,16,0,0,0,41,6,False,True,POTATO GIANT
robinsons department store,0,3,1,0,0,0,0,37,0,0,0,0,41,3,False,True,Robinsons Department Store
rest n go,0,7,1,0,0,2,0,6,11,0,7,7,41,7,False,True,REST N GO
xundd,0,2,1,0,0,0,0,4,34,0,0,0,41,4,False,True,XUNDD
travel club,0,10,1,0,0,2,2,9,17,0,0,0,41,6,False,True,THE TRAVEL CLUB
paras alter station,0,5,0,1,0,1,0,10,24,0,0,0,41,5,False,True,PARAS ALTER STATION
giordano,2,6,1,0,0,1,1,3,26,0,0,0,40,7,False,True,GIORDANO
unisilver time,0,1,0,0,3,0,0,7,27,2,0,0,40,5,False,True,UNISILVER TIME
hap chan,0,12,0,0,0,2,0,8,13,0,5,0,40,5,False,True,HAP CHAN
penshoppe accessories,0,2,0,0,0,0,0,3,35,0,0,0,40,3,False,True,PENSHOPPE ACCESSORIES
llao llao,0,0,1,0,0,2,0,5,31,0,0,0,39,4,False,True,LLAO LLAO
expressions,0,2,0,0,2,0,0,7,3,1,23,1,39,7,False,True,Expressions
hush puppies,2,8,1,0,0,4,1,5,18,0,0,0,39,7,False,True,HUSH PUPPIES
vision express,1,9,0,0,0,2,1,4,22,0,0,0,39,6,False,True,VISION EXPRESS
body shop,1,6,1,0,0,2,0,1,28,0,0,0,39,6,False,True,THE BODY SHOP
zarks burgers,0,0,0,0,0,0,0,1,37,0,0,0,38,2,False,True,ZARKS BURGERS
mustela,0,11,0,0,0,3,1,4,19,0,0,0,38,5,False,True,MUSTELA
office warehouse,3,4,1,0,0,2,1,5,20,1,1,0,38,9,False,True,OFFICE WAREHOUSE
chris sports,0,9,0,0,0,0,1,1,26,0,0,0,37,4,False,True,CHRIS SPORTS
burger king,0,5,1,0,1,1,1,2,25,1,0,0,37,8,False,True,BURGER KING
coffee bean & tea leaf,0,16,2,0,0,7,2,8,2,0,0,0,37,6,False,True,THE COFFEE BEAN & TEA LEAF
toys r us,0,17,1,0,0,3,1,14,0,0,0,0,36,5,False,True,TOYS R US
french baker,0,4,0,0,0,1,0,4,27,0,0,0,36,4,False,True,THE FRENCH BAKER
games & gadgets,0,0,0,0,0,0,0,1,35,0,0,0,36,2,False,True,GAMES & GADGETS
cebuana lhuillier,0,8,1,1,3,4,0,16,0,1,1,1,36,9,False,True,Cebuana Lhuillier
giligans restaurant,0,5,1,0,0,0,0,0,30,0,0,0,36,3,False,True,GILIGAN'S RESTAURANT
tronix imaging center,0,0,1,0,0,0,0,5,29,0,1,0,36,4,False,True,TRONIX IMAGING CENTER
fonestyle,0,0,1,0,0,2,0,3,29,0,1,0,36,5,False,True,FONESTYLE
tobys,0,0,0,0,0,0,0,1,34,0,0,0,35,2,False,True,TOBYS
mossimo,0,1,1,0,3,0,0,3,27,0,0,0,35,5,False,True,MOSSIMO
buffalos wings n things,0,2,1,0,0,1,1,1,29,0,0,0,35,6,False,True,BUFFALO'S WINGS N' THINGS
timezone,0,21,1,0,0,2,1,5,4,0,1,0,35,7,False,True,TIMEZONE
davids for rever,0,0,0,0,0,0,0,0,35,0,0,0,35,1,False,False,DAVIDS FOR REVER
pickup coffee,0,9,0,0,0,7,0,9,9,0,0,0,34,4,False,True,PICKUP COFFEE
h&m,1,10,1,0,0,1,0,5,16,0,0,0,34,6,False,True,H&M
unica hija,0,4,0,0,0,1,0,13,16,0,0,0,34,4,False,True,UNICA HIJA
south star drug,0,0,0,0,0,0,0,33,1,0,0,0,34,2,False,True,South Star Drug
bsd international,0,0,0,0,0,0,0,0,34,0,0,0,34,1,False,False,BSD INTERNATIONAL
dr kong,0,13,1,0,0,3,2,5,10,0,0,0,34,6,False,True,DR. KONG
life four cuts,0,0,1,0,0,2,1,9,21,0,0,0,34,5,False,True,LIFE FOUR CUTS
mia maison,0,0,1,1,0,1,0,3,28,0,0,0,34,5,False,True,MIA MAISON
asus,0,3,0,0,0,0,1,2,28,0,0,0,34,4,False,True,ASUS
tech101,0,4,0,0,0,0,0,3,27,0,0,0,34,3,False,True,TECH101
payless shoesource,0,8,1,0,0,0,0,0,24,0,0,0,33,3,False,True,PAYLESS SHOESOURCE
all about baking,0,0,0,0,0,1,0,4,24,0,4,0,33,4,False,True,ALL ABOUT BAKING
pancake house,0,10,1,1,0,2,1,3,15,0,0,0,33,7,False,True,PANCAKE HOUSE
casio,0,6,1,0,1,0,0,6,19,0,0,0,33,5,False,True,CASIO
cabalen,0,3,1,0,0,1,0,4,24,0,0,0,33,5,False,True,CABALEN
sm foodcourt,0,0,0,0,0,0,0,0,33,0,0,0,33,1,False,False,SM FOODCOURT
booksale,1,1,0,0,0,0,0,8,21,1,1,0,33,6,False,True,BOOKSALE
vans,1,11,1,0,1,1,1,9,8,0,0,0,33,8,False,True,VANS
our home,0,0,0,0,0,0,1,0,32,0,0,0,33,2,False,True,OUR HOME
pepper lunch,0,7,0,2,1,5,0,4,14,0,0,0,33,6,False,True,PEPPER LUNCH
bisen,2,0,1,0,0,0,0,0,30,0,0,0,33,3,False,True,BISEN
chingu buko house,0,4,0,0,1,0,0,10,12,0,4,1,32,6,False,True,CHINGU BUKO HOUSE
robinsons movieworld,0,0,0,0,0,0,0,32,0,0,0,0,32,1,False,False,ROBINSONS MOVIEWORLD
j co donuts coffee,0,0,0,0,0,0,0,0,32,0,0,0,32,1,False,False,J CO DONUTS COFFEE
national book store,0,0,0,1,0,0,0,31,0,0,0,0,32,2,False,True,National Book Store
bench body,2,0,0,0,0,0,0,0,28,1,1,0,32,4,False,True,BENCH BODY
gerrys grill,0,11,1,1,1,3,1,14,0,0,0,0,32,7,False,True,Gerry's Grill
quickly,0,4,0,0,0,0,1,6,21,0,0,0,32,4,False,True,QUICKLY
converse,1,12,1,0,3,4,1,7,2,0,0,0,31,8,False,True,Converse
healthy options,0,13,1,0,0,2,1,1,13,0,0,0,31,6,False,True,HEALTHY OPTIONS
fully booked,1,9,0,0,0,1,1,0,19,0,0,0,31,5,False,True,FULLY BOOKED
imono,2,0,1,2,0,1,0,4,21,0,0,0,31,6,False,True,IMONO
ramen kuroda,0,6,1,0,0,4,0,2,18,0,0,0,31,5,False,True,RAMEN KURODA
beautederm,0,3,0,0,0,0,0,6,22,0,0,0,31,3,False,True,BEAUTEDERM
gerrys restaurant,0,0,0,0,0,0,0,0,31,0,0,0,31,1,False,False,GERRY'S RESTAURANT
scents co,0,10,0,1,1,0,0,13,6,0,0,0,31,5,False,True,THE SCENTS CO.
asprey time,0,0,0,0,0,0,0,0,30,0,0,0,30,1,False,False,ASPREY TIME
happy skin,1,7,1,0,0,2,0,3,16,0,0,0,30,6,False,True,HAPPY SKIN
coffee bean tea leaf,0,0,0,0,0,0,0,0,30,0,0,0,30,1,False,False,THE COFFEE BEAN TEA LEAF
banh mi kitchen,0,4,0,1,0,3,0,1,21,0,0,0,30,5,False,True,BANH MI KITCHEN
yellow cab,0,6,0,1,0,1,0,1,21,0,0,0,30,5,False,True,YELLOW CAB
alibaba,0,0,1,0,1,0,0,2,23,0,3,0,30,5,False,True,ALIBABA
sumo niku unlimited japanese barbeque,0,4,0,0,0,0,0,0,26,0,0,0,30,2,False,True,SUMO NIKU UNLIMITED JAPANESE BARBEQUE
vibes massage,0,0,1,0,0,0,0,10,18,1,0,0,30,4,False,True,VIBES MASSAGE
robinsons bank,0,0,0,0,0,0,0,29,0,0,0,1,30,2,False,True,Robinsons Bank
kidzooona,0,4,0,0,0,0,0,4,22,0,0,0,30,3,False,True,KIDZOOONA
anker,0,5,0,0,1,4,1,2,17,0,0,0,30,6,False,True,ANKER
aldo,0,11,0,0,0,3,1,2,12,0,0,0,29,5,False,True,ALDO
paotsin,0,4,0,1,0,4,0,15,0,1,4,0,29,6,False,True,Paotsin
lenovo,0,3,1,0,0,0,1,3,21,0,0,0,29,5,False,True,LENOVO
happy brows,0,7,0,0,0,1,0,3,18,0,0,0,29,4,False,True,HAPPY BROWS
mesa,0,9,1,1,0,2,1,3,12,0,0,0,29,7,False,True,MESA
gubys chicharon espesyal,0,0,0,0,0,0,0,0,29,0,0,0,29,1,False,False,GUBY'S CHICHARON ESPESYAL
bench fix salon,0,0,0,0,0,0,0,3,26,0,0,0,29,2,False,True,BENCH FIX SALON
sbarro,0,5,1,1,0,2,2,3,15,0,0,0,29,7,False,True,SBARRO
pan de manila,0,3,1,0,0,9,0,6,9,0,1,0,29,6,False,True,Pan De Manila
tokyo,0,8,1,0,0,5,2,6,7,0,0,0,29,6,False,True,@TOKYO
bioessence,1,3,0,0,0,1,1,2,20,0,0,0,28,6,False,True,BIOESSENCE
medical city clinic,0,6,1,1,0,0,0,0,20,0,0,0,28,4,False,True,THE MEDICAL CITY CLINIC
johnn lemon,0,3,0,1,0,2,0,8,14,0,0,0,28,5,False,True,JOHNN LEMON
sm hypermarket,0,0,0,0,0,1,0,0,27,0,0,0,28,2,False,True,SM HYPERMARKET
s&r new york style pizza,0,8,1,0,0,0,0,7,12,0,0,0,28,4,False,True,S&R NEW YORK STYLE PIZZA
ramen nagi,0,7,1,0,0,1,2,5,12,0,0,0,28,6,False,True,RAMEN NAGI
mesa filipino moderne,0,0,0,0,0,0,0,0,28,0,0,0,28,1,False,False,MESA FILIPINO MODERNE
buko ni fruitas,0,3,1,1,0,1,0,3,19,0,0,0,28,6,False,True,BUKO NI FRUITAS
serenitea,0,6,0,0,0,3,2,4,13,0,0,0,28,5,False,True,SERENITEA
alfamart,0,0,0,0,0,1,1,0,24,0,1,0,27,4,False,True,ALFAMART
avocadoria,0,0,1,2,0,3,2,19,0,0,0,0,27,5,False,True,Avocadoria
jamaican patties,0,0,0,0,0,0,0,0,27,0,0,0,27,1,False,False,JAMAICAN PATTIES
coco fresh tea & juice,0,13,0,1,0,8,2,3,0,0,0,0,27,5,False,True,COCO FRESH TEA & JUICE
2go,0,2,0,0,1,0,1,1,22,0,0,0,27,5,False,True,2GO
blade,0,0,1,0,1,2,1,5,17,0,0,0,27,6,False,True,BLADE
miguelitos ice cream,0,2,2,0,0,1,0,13,6,0,1,2,27,7,False,True,MIGUELITOS ICE CREAM
tecno mobile,0,0,0,0,0,0,0,1,26,0,0,0,27,2,False,True,TECNO MOBILE
human,1,2,0,0,0,0,0,2,20,0,1,1,27,6,False,True,HUMAN
mary grace,0,4,0,0,0,7,2,6,6,0,2,0,27,6,False,True,Mary Grace
alter to fit,0,0,0,0,0,1,0,0,24,0,1,0,26,3,False,True,ALTER TO FIT
kyu kyu ramen 99,0,0,0,0,0,0,0,3,23,0,0,0,26,2,False,True,KYU KYU RAMEN 99
asianic,0,1,1,0,0,0,0,0,23,0,1,0,26,4,False,True,ASIANIC
techno kid,0,0,0,0,0,0,0,0,26,0,0,0,26,1,False,False,TECHNO KID
denim hub,0,5,1,0,0,2,0,11,7,0,0,0,26,5,False,True,DENIM HUB
spyder,0,0,1,0,0,0,0,3,22,0,0,0,26,3,False,True,SPYDER
handyman do it best,0,8,0,0,0,0,0,18,0,0,0,0,26,2,False,True,Handyman Do It Best
famous belgian waffle,0,0,1,1,4,4,0,14,0,0,0,2,26,6,False,True,Famous Belgian Waffle
fruity lemons,0,0,0,0,0,0,0,0,24,0,2,0,26,2,False,True,FRUITY LEMONS
jockey,2,13,1,0,0,0,0,5,4,1,0,0,26,6,False,True,JOCKEY
sizzling plate,0,0,0,0,0,0,0,0,26,0,0,0,26,1,False,False,SIZZLING PLATE
blk 513,0,5,1,0,0,2,0,3,14,0,0,0,25,5,False,True,BLK 513
freshaire,0,0,1,0,0,0,0,0,23,0,1,0,25,3,False,True,FRESHAIRE
popeyes,0,0,1,0,0,5,1,2,16,0,0,0,25,5,False,True,POPEYES
itel mobile,0,0,1,0,0,0,0,0,23,1,0,0,25,3,False,True,ITEL MOBILE
a 1 driving,0,0,0,0,0,2,0,0,23,0,0,0,25,2,False,True,A-1 DRIVING
love link,0,1,0,0,0,0,0,1,23,0,0,0,25,3,False,True,LOVE LINK
romantic baboy,0,5,2,0,0,2,0,5,11,0,0,0,25,5,False,True,ROMANTIC BABOY
blk cosmetics,1,7,1,0,0,2,0,2,12,0,0,0,25,6,False,True,BLK COSMETICS
infinitea,0,1,0,0,1,0,0,9,13,1,0,0,25,5,False,True,INFINITEA
guanzon mobitek,0,0,0,0,0,0,0,5,17,1,2,0,25,4,False,True,GUANZON MOBITEK
new balance,1,9,1,0,0,5,1,5,3,0,0,0,25,7,False,True,NEW BALANCE
jbl,0,3,1,0,0,0,0,3,18,0,0,0,25,4,False,True,JBL
res toe run,1,10,1,0,0,0,0,11,2,0,0,0,25,5,False,True,Res Toe Run
mango,1,10,0,0,0,3,0,2,8,0,0,0,24,5,False,True,MANGO
cotton on,0,6,1,1,0,1,0,0,15,0,0,0,24,5,False,True,COTTON ON
straightforward,1,10,0,0,0,1,0,1,11,0,0,0,24,5,False,True,STRAIGHTFORWARD
gingersnaps,0,6,0,0,0,2,0,2,14,0,0,0,24,4,False,True,GINGERSNAPS
stormtech,0,1,0,0,0,0,0,8,15,0,0,0,24,3,False,True,STORMTECH
wendys,0,1,1,2,0,3,1,2,14,0,0,0,24,7,False,True,WENDYS
time depot,0,0,0,1,0,0,0,2,21,0,0,0,24,3,False,True,TIME DEPOT
toy kingdom,0,0,1,1,0,0,1,0,21,0,0,0,24,4,False,True,TOY KINGDOM
blue magic,1,0,1,0,0,0,0,1,21,0,0,0,24,4,False,True,BLUE MAGIC
lto,0,0,0,1,1,7,0,7,7,0,0,1,24,6,False,True,LTO
pandora,1,6,1,0,0,2,1,2,11,0,0,0,24,7,False,True,PANDORA
siomai king,0,3,0,0,2,1,0,13,3,0,0,2,24,6,False,True,SIOMAI KING
jg salo,0,0,0,0,0,0,0,0,24,0,0,0,24,1,False,False,JG SALO
italiannis,0,12,1,0,0,5,1,1,4,0,0,0,24,6,False,True,ITALIANNI'S
parfois,1,6,1,0,0,0,1,2,13,0,0,0,24,6,False,True,PARFOIS
bdo atm,0,0,0,0,1,12,0,3,6,1,1,0,24,6,False,True,BDO ATM
popperoo,0,0,0,0,1,0,0,2,20,0,0,0,23,3,False,True,POPPEROO
remax,0,2,0,2,2,0,0,1,16,0,0,0,23,5,False,True,REMAX
memoxpress,0,8,0,0,0,0,0,15,0,0,0,0,23,2,False,True,Memoxpress
razons of guagua,0,2,0,0,0,0,0,3,18,0,0,0,23,3,False,True,RAZONS OF GUAGUA
dji,0,2,1,0,0,0,0,2,18,0,0,0,23,4,False,True,DJI
mumuso,1,11,0,2,0,4,0,2,0,3,0,0,23,6,False,True,MUMUSO
speedo,1,11,0,0,0,2,0,2,7,0,0,0,23,5,False,True,SPEEDO
dhl,0,0,0,0,0,2,1,4,16,0,0,0,23,4,False,True,DHL
brow lounge eyebrow grooming and waxing salon,0,0,0,0,0,0,0,0,23,0,0,0,23,1,False,False,BROW LOUNGE EYEBROW GROOMING AND WAXING SALON
bos coffee,0,4,0,0,0,1,1,5,12,0,0,0,23,5,False,True,BO'S COFFEE
kamiseta,0,4,0,0,2,0,1,3,13,0,0,0,23,5,False,True,KAMISETA
xiaomi,0,4,1,2,0,0,1,9,2,1,3,0,23,8,False,True,XIAOMI
at tokyo,0,0,0,0,0,0,0,0,22,0,0,0,22,1,False,False,AT TOKYO
mang binatog,0,1,0,0,0,0,0,5,16,0,0,0,22,3,False,True,MANG BINATOG
zus coffee,0,0,1,0,0,3,1,10,7,0,0,0,22,5,False,True,ZUS COFFEE
pet express,0,0,1,0,0,0,2,0,19,0,0,0,22,3,False,True,PET EXPRESS
ideal vision,1,0,2,1,1,0,1,12,0,0,4,0,22,7,False,True,Ideal Vision
kids paradise,0,4,0,2,0,0,0,9,7,0,0,0,22,4,False,True,KIDS PARADISE
muhlach ensaymada,0,1,0,1,0,0,0,3,17,0,0,0,22,4,False,True,MUHLACH ENSAYMADA
oakley,0,4,1,0,0,1,1,0,15,0,0,0,22,5,False,True,OAKLEY
samgyeopmasarap,0,0,0,0,0,0,0,0,22,0,0,0,22,1,False,False,SAMGYEOPMASARAP
motoworld,0,3,1,0,0,0,0,1,17,0,0,0,22,4,False,True,MOTOWORLD
planet sports,1,10,1,0,0,3,0,7,0,0,0,0,22,5,False,True,PLANET SPORTS
shoe salon,1,13,0,0,0,2,1,2,2,0,0,0,21,6,False,True,SHOE SALON
cibo,0,9,0,0,0,4,2,2,4,0,0,0,21,5,False,True,CIBO
marugame udon udon tempura,0,0,0,0,0,0,0,0,21,0,0,0,21,1,False,False,MARUGAME UDON UDON TEMPURA
pepa wings,0,3,0,0,0,1,0,5,12,0,0,0,21,4,False,True,PEPA WINGS
takoyadon,0,0,0,0,0,1,0,6,14,0,0,0,21,3,False,True,TAKOYADON
watch central,0,0,0,0,0,0,0,8,13,0,0,0,21,2,False,True,WATCH CENTRAL
awei,0,0,1,0,0,0,0,0,20,0,0,0,21,2,False,True,AWEI
lac nutrition for life,0,7,1,0,0,0,0,3,10,0,0,0,21,4,False,True,LAC NUTRITION FOR LIFE
cinnabon,0,3,1,0,0,0,2,2,13,0,0,0,21,5,False,True,CINNABON
rrj mr lee,0,2,0,0,0,0,0,17,0,1,0,1,21,4,False,True,RRJ/Mr. Lee
bratpack,1,8,0,0,0,0,1,7,4,0,0,0,21,5,False,True,BRATPACK
nature republic,0,9,1,0,0,1,1,2,7,0,0,0,21,6,False,True,NATURE REPUBLIC
puma,1,8,1,0,1,4,1,3,2,0,0,0,21,8,False,True,PUMA
original penguin,0,10,1,0,0,3,0,3,4,0,0,0,21,5,False,True,ORIGINAL PENGUIN
anta,1,6,0,0,0,3,0,7,4,0,0,0,21,5,False,True,ANTA
karat world,0,4,0,0,0,0,0,4,13,0,0,0,21,3,False,True,KARAT WORLD
thirsty,0,0,0,0,0,1,0,9,11,0,0,0,21,3,False,True,THIRSTY
sperry top sider,0,0,0,0,0,0,0,0,20,0,0,0,20,1,False,False,SPERRY TOP-SIDER
lacoste,1,9,0,0,0,1,2,2,5,0,0,0,20,6,False,True,LACOSTE
all flip flops,0,0,0,0,0,0,0,5,15,0,0,0,20,2,False,True,ALL FLIP FLOPS
sony,0,0,1,0,0,0,1,3,15,0,0,0,20,4,False,True,SONY
medical city,0,0,0,0,0,3,1,5,5,0,6,0,20,5,False,True,The Medical City
wrist pod,0,5,1,0,0,0,0,0,14,0,0,0,20,3,False,True,WRIST_POD
ussc,0,10,0,0,0,2,0,5,0,0,1,2,20,5,False,True,USSC
electroworld,0,4,0,0,0,1,0,0,14,0,1,0,20,4,False,True,ELECTROWORLD
zencell cellphone accessories,0,0,0,0,0,0,0,0,20,0,0,0,20,1,False,False,ZENCELL CELLPHONE ACCESSORIES
tribal gear,0,0,0,0,0,0,0,0,20,0,0,0,20,1,False,False,TRIBAL GEAR
happy lemon,0,4,1,0,1,2,2,3,7,0,0,0,20,7,False,True,HAPPY LEMON
sarabia optical,1,8,1,0,0,0,2,7,1,0,0,0,20,6,False,True,Sarabia Optical
medical depot,0,8,1,0,0,0,0,2,9,0,0,0,20,4,False,True,MEDICAL DEPOT
but first coffee,0,0,2,0,0,1,0,3,14,0,0,0,20,4,False,True,BUT FIRST COFFEE
n cat,1,10,1,0,0,3,1,4,0,0,0,0,20,6,False,True,N. CAT
tech 101,0,0,0,0,0,0,0,5,14,0,1,0,20,3,False,True,TECH 101
papemelroti,1,4,1,0,0,0,1,1,12,0,0,0,20,6,False,True,PAPEMELROTI
game xtreme,0,4,1,0,0,0,0,1,14,0,0,0,20,4,False,True,GAME XTREME
nike,1,5,1,0,2,0,0,3,8,0,0,0,20,6,False,True,NIKE
t j salon professionals,0,0,0,0,0,0,0,0,19,0,0,0,19,1,False,False,T J SALON PROFESSIONALS
cinema,0,17,0,0,0,0,1,0,0,0,0,1,19,3,False,True,CINEMA
lazer music,1,0,1,0,0,0,0,0,16,0,1,0,19,4,False,True,LAZER MUSIC
llaollao,0,15,0,0,0,0,0,4,0,0,0,0,19,2,False,True,LLAOLLAO
ate ricas bacsilog,0,0,1,2,0,2,0,3,1,0,10,0,19,6,False,True,Ate Rica's Bacsilog
anello,0,2,1,0,0,0,0,1,15,0,0,0,19,4,False,True,ANELLO
sunnies specs,0,5,0,0,0,2,0,0,12,0,0,0,19,3,False,True,SUNNIES SPECS
i watch,0,5,1,0,0,0,0,8,5,0,0,0,19,4,False,True,I WATCH
banana peel,0,3,1,0,0,1,0,10,1,1,2,0,19,7,False,True,BANANA PEEL
buko loco,0,2,0,0,0,0,0,3,13,0,1,0,19,4,False,True,BUKO LOCO
katinko,1,0,1,0,0,0,0,6,11,0,0,0,19,4,False,True,KATINKO
acqua suisse perfume bar,0,0,0,0,0,0,0,0,19,0,0,0,19,1,False,False,ACQUA SUISSE PERFUME BAR
subway,0,2,2,0,0,3,0,1,11,0,0,0,19,5,False,True,SUBWAY
ogawa,1,5,0,0,0,2,1,1,9,0,0,0,19,6,False,True,OGAWA
giligans,0,0,1,0,0,4,2,7,0,2,3,0,19,6,False,True,Giligan's
concorde,0,0,1,1,0,0,0,0,16,0,0,0,18,3,False,True,CONCORDE
yogorino,0,1,0,0,0,0,1,1,15,0,0,0,18,4,False,True,YOGORINO
abenson home,0,1,0,0,0,0,0,1,0,0,16,0,18,3,False,True,Abenson HOME
emo,0,0,1,0,0,0,0,0,15,0,2,0,18,3,False,True,EMO
fitflop,1,2,0,0,0,1,1,3,10,0,0,0,18,6,False,True,FITFLOP
hukad,0,3,1,0,1,1,0,4,8,0,0,0,18,6,False,True,HUKAD
cherry mobile,0,0,0,0,4,0,0,2,9,1,0,2,18,5,False,True,CHERRY MOBILE
sunnies face,0,8,1,0,0,1,1,2,5,0,0,0,18,6,False,True,SUNNIES FACE
yves rocher,0,4,0,0,0,0,1,4,9,0,0,0,18,4,False,True,YVES ROCHER
yabu,0,5,1,0,0,1,2,3,6,0,0,0,18,6,False,True,YABU
beyond the box,0,5,0,0,0,6,0,6,1,0,0,0,18,4,False,True,BEYOND THE BOX
mr softy ice cream,0,0,0,0,1,0,0,0,17,0,0,0,18,2,False,True,MR SOFTY ICE CREAM
phlpost,0,0,0,0,0,0,0,8,10,0,0,0,18,2,False,True,PHLPOST
mann hann,0,5,0,0,0,1,2,3,7,0,0,0,18,5,False,True,MANN HANN
merrell,1,4,1,0,1,0,1,1,9,0,0,0,18,7,False,True,MERRELL
terranova,0,4,0,0,0,0,0,1,13,0,0,0,18,3,False,True,TERRANOVA
posh nails,0,3,1,0,0,1,0,1,11,0,1,0,18,6,False,True,POSH NAILS
garmin,0,5,0,0,0,2,0,1,10,0,0,0,18,4,False,True,GARMIN
hydro flask,0,5,0,0,0,1,0,0,12,0,0,0,18,3,False,True,HYDRO FLASK
origani,0,1,0,1,0,3,0,2,10,0,0,0,17,5,False,True,ORIGANI
sss,0,0,0,0,0,0,0,10,5,0,0,2,17,3,False,True,SSS
true value,0,9,1,0,0,3,1,3,0,0,0,0,17,5,False,True,TRUE VALUE
waltermart supermarket,0,1,0,0,0,0,0,0,0,0,16,0,17,2,False,True,WalterMart Supermarket
bonchon chicken,0,13,0,0,0,4,0,0,0,0,0,0,17,2,False,True,BONCHON CHICKEN
caramia cakes & gelato,0,0,0,0,0,0,0,1,16,0,0,0,17,2,False,True,CARAMIA CAKES & GELATO
m lhuillier jewellers,0,3,0,0,0,0,0,0,14,0,0,0,17,2,False,True,M LHUILLIER JEWELLERS
sandwich guy,0,0,0,0,0,1,0,3,13,0,0,0,17,3,False,True,THE SANDWICH GUY
wash n wear,0,2,0,0,0,0,0,3,12,0,0,0,17,3,False,True,WASH N WEAR
gigahertz computer system,0,1,0,0,0,0,0,0,16,0,0,0,17,2,False,True,GIGAHERTZ COMPUTER SYSTEM
argentee,0,0,0,0,0,0,0,16,1,0,0,0,17,2,False,True,Argentee
texas roadhouse,0,8,0,0,0,3,1,2,3,0,0,0,17,5,False,True,TEXAS ROADHOUSE
sense of scents,0,0,0,0,0,0,0,7,10,0,0,0,17,2,False,True,SENSE OF SCENTS
arrow,0,2,0,0,0,1,1,1,12,0,0,0,17,5,False,True,ARROW
loalde,0,4,0,0,1,0,0,1,11,0,0,0,17,4,False,True,LOALDE
chooks,0,0,1,0,0,0,0,5,11,0,0,0,17,3,False,True,CHOOKS
oro china,0,3,0,0,0,0,0,3,11,0,0,0,17,3,False,True,ORO CHINA
spigen sgp,0,0,0,0,0,0,0,0,17,0,0,0,17,1,False,False,SPIGEN SGP
manjaru,0,1,0,0,0,0,0,6,5,1,1,3,17,6,False,True,MANJARU
kenny rogers roasters,0,11,1,0,0,0,0,5,0,0,0,0,17,3,False,True,KENNY ROGERS ROASTERS
artwork,0,2,1,0,1,0,0,0,12,0,0,0,16,4,False,True,ARTWORK
birkenstock,1,6,1,0,0,1,1,0,6,0,0,0,16,6,False,True,BIRKENSTOCK
coco,0,0,0,0,0,0,0,2,13,0,1,0,16,3,False,True,COCO+
el bonitos,0,0,0,0,0,0,0,0,4,0,6,6,16,3,False,True,EL BONITOS
oxygen,0,0,1,0,1,1,1,10,0,2,0,0,16,6,False,True,Oxygen
brow studio,0,1,0,0,0,2,1,0,12,0,0,0,16,4,False,True,THE BROW STUDIO
jr memoxpress,0,0,0,0,0,0,0,0,0,0,16,0,16,1,False,False,JR MemoXpress
chilis,0,6,1,0,0,2,0,1,6,0,0,0,16,5,False,True,CHILI'S
synchro,0,0,0,0,0,1,0,15,0,0,0,0,16,2,False,True,Synchro
new era,1,3,0,0,0,1,1,1,9,0,0,0,16,6,False,True,NEW ERA
iqos,0,1,1,0,0,1,1,2,10,0,0,0,16,6,False,True,IQOS
st pauls,2,1,0,0,0,0,0,0,13,0,0,0,16,3,False,True,ST PAULS
urbanize,1,6,0,0,0,2,0,1,6,0,0,0,16,5,False,True,URBANIZE
outland,0,2,0,0,0,0,0,13,1,0,0,0,16,3,False,True,Outland
lil people,0,0,0,0,0,0,0,1,6,0,9,0,16,3,False,True,Li'l People
g shock,1,6,1,0,0,1,0,2,5,0,0,0,16,6,False,True,G-SHOCK
real me,0,0,0,1,0,0,0,3,0,0,12,0,16,3,False,True,Real Me
aboys fresh lumpia,0,0,1,0,0,0,0,2,5,0,8,0,16,4,False,True,Aboy's Fresh Lumpia
dentacare,0,2,0,0,0,0,0,0,14,0,0,0,16,2,False,True,DENTACARE
mags closet boutique,0,3,0,0,0,0,0,0,13,0,0,0,16,2,False,True,MAGS CLOSET BOUTIQUE
cuts 4 tots hair salon,0,3,0,0,0,0,0,1,12,0,0,0,16,3,False,True,CUTS 4 TOTS HAIR SALON
spigen,0,6,1,0,1,1,1,1,5,0,0,0,16,7,False,True,SPIGEN
tgi fridays,0,9,0,0,0,4,0,3,0,0,0,0,16,3,False,True,TGI FRIDAY'S
gaming grounds,0,0,0,0,0,0,0,0,16,0,0,0,16,1,False,False,GAMING GROUNDS
wonder photo shop,0,2,0,0,0,0,1,1,12,0,0,0,16,4,False,True,WONDER PHOTO SHOP
xo,0,0,1,0,0,0,0,1,14,0,0,0,16,3,False,True,XO
security bank,0,3,2,0,4,4,1,2,0,0,0,0,16,6,False,True,Security Bank
tealive,0,1,0,0,0,0,0,2,13,0,0,0,16,3,False,True,TEALIVE
pho hoa,0,4,0,0,0,4,1,4,3,0,0,0,16,5,False,True,Pho Hoa
dakasi,0,3,0,0,0,0,0,0,13,0,0,0,16,2,False,True,DAKASI
aficionado germany perfume,0,0,0,0,0,0,0,2,14,0,0,0,16,2,False,True,AFICIONADO GERMANY PERFUME
tiger sugar,0,3,0,0,0,0,0,4,9,0,0,0,16,3,False,True,TIGER SUGAR
w department store,0,1,0,0,0,0,0,0,0,0,15,0,16,2,False,True,W Department Store
fonerange,0,0,0,0,0,0,0,0,6,0,10,0,16,2,False,True,FONERange
transfer it,0,0,0,1,1,0,0,12,1,0,0,0,15,4,False,True,Transfer It
sportshouse,0,0,0,0,0,0,0,1,14,0,0,0,15,2,False,True,SPORTSHOUSE
gibi,0,4,0,0,1,0,1,9,0,0,0,0,15,4,False,True,Gibi
loop,0,7,0,0,0,4,0,4,0,0,0,0,15,3,False,True,THE LOOP
angels pizza,0,0,0,0,0,2,0,1,9,0,3,0,15,4,False,True,ANGELS PIZZA
manam,1,6,0,0,0,4,2,1,1,0,0,0,15,6,False,True,MANAM
fila,0,3,0,1,0,0,0,5,4,2,0,0,15,5,False,True,FILA
panda express,0,0,1,0,0,0,1,1,12,0,0,0,15,4,False,True,PANDA EXPRESS
uncle johns,0,3,0,0,0,3,0,9,0,0,0,0,15,3,False,True,UNCLE JOHN'S
asprey,1,8,1,0,1,0,1,3,0,0,0,0,15,6,False,True,ASPREY
core pacific,0,0,0,0,0,0,0,13,0,1,0,1,15,3,False,True,CORE PACIFIC
filbars,1,6,1,0,0,2,0,1,4,0,0,0,15,6,False,True,FILBAR'S
dito telecommunity,0,3,0,0,0,0,0,1,11,0,0,0,15,3,False,True,DITO TELECOMMUNITY
reyes barbecue,0,5,0,0,0,0,0,3,7,0,0,0,15,3,False,True,REYES BARBECUE
lugaw republic,0,2,1,0,0,0,0,6,2,1,1,2,15,7,False,True,LUGAW REPUBLIC
tokyo tempura,0,4,0,0,0,0,0,2,9,0,0,0,15,3,False,True,TOKYO TEMPURA
philhealth,0,0,1,0,0,1,0,8,4,1,0,0,15,5,False,True,PHILHEALTH
le jean de marithe francois girbaud,0,0,0,0,0,0,0,0,15,0,0,0,15,1,False,False,LE JEAN DE MARITHE FRANCOIS GIRBAUD
karimadon,0,4,0,0,0,0,0,2,9,0,0,0,15,3,False,True,KARIMADON
plato wraps,0,1,1,0,0,0,0,5,8,0,0,0,15,4,False,True,PLATO WRAPS
clydes bread pastries,0,0,0,0,0,0,0,0,15,0,0,0,15,1,False,False,CLYDES BREAD PASTRIES
charles & keith,0,5,0,0,0,1,0,1,8,0,0,0,15,4,False,True,CHARLES & KEITH
hla,1,0,1,0,0,2,1,5,5,0,0,0,15,6,False,True,HLA
dermclinic,0,0,1,0,0,0,0,0,14,0,0,0,15,2,False,True,DERMCLINIC
tronix,0,1,0,0,0,0,0,11,0,1,0,2,15,4,False,True,Tronix
taho story,0,0,0,0,0,0,0,7,8,0,0,0,15,2,False,True,TAHO STORY
dogs and the city,0,10,0,0,0,4,1,0,0,0,0,0,15,3,False,True,DOGS AND THE CITY
nailaholics nail salon and spa,0,14,0,1,0,0,0,0,0,0,0,0,15,2,False,True,NAILAHOLICS NAIL SALON AND SPA
robot,0,0,0,0,0,0,0,2,13,0,0,0,15,2,False,True,ROBOT
metrobank,0,6,1,1,2,0,2,3,0,0,0,0,15,6,False,True,METROBANK
hen lin,0,5,2,1,0,2,0,0,5,0,0,0,15,5,False,True,HEN LIN
lyric,0,1,0,0,0,0,0,1,13,0,0,0,15,3,False,True,LYRIC
army navy burger burrito,0,7,0,0,0,1,0,0,7,0,0,0,15,3,False,True,ARMY NAVY BURGER + BURRITO
mossimo kids,0,0,0,0,0,0,0,2,13,0,0,0,15,2,False,True,MOSSIMO KIDS
prestige,0,1,0,0,1,0,0,0,13,0,0,0,15,3,False,True,PRESTIGE
mac,0,5,0,0,0,0,1,1,8,0,0,0,15,4,False,True,MAC
nonos,0,0,1,0,0,4,0,4,6,0,0,0,15,4,False,True,NONO'S
yamang bukid,0,1,0,0,0,0,0,5,6,0,1,1,14,5,False,True,YAMANG BUKID
loop by power mac center,0,0,0,0,0,0,0,1,13,0,0,0,14,2,False,True,THE LOOP BY POWER MAC CENTER
olympic village,2,4,1,2,0,0,0,4,1,0,0,0,14,6,False,True,OLYMPIC VILLAGE
bpi atm,0,0,0,0,0,10,0,2,1,0,0,1,14,4,False,True,BPI ATM
happy cup,0,0,0,0,0,2,0,1,11,0,0,0,14,3,False,True,HAPPY CUP
beabi,0,3,0,0,0,2,1,4,4,0,0,0,14,5,False,True,BEABI
savemore market,0,0,0,0,0,0,0,0,14,0,0,0,14,1,False,False,SAVEMORE MARKET
vikings,0,0,0,0,0,1,0,0,13,0,0,0,14,2,False,True,VIKINGS
flying tiger copenhagen,1,9,1,0,0,0,0,0,3,0,0,0,14,4,False,True,FLYING TIGER COPENHAGEN
showcase carpet,0,0,0,0,0,0,0,1,13,0,0,0,14,2,False,True,SHOWCASE CARPET
greentelcom,0,0,0,0,0,0,0,4,6,0,4,0,14,3,False,True,Greentelcom
salon de rose,0,3,1,0,0,0,0,3,7,0,0,0,14,4,False,True,SALON DE ROSE
vionic,1,5,0,0,0,0,1,1,6,0,0,0,14,5,False,True,VIONIC
peri peri charcoal chicken sauce bar,0,0,0,0,0,0,0,0,14,0,0,0,14,1,False,False,PERI PERI CHARCOAL CHICKEN SAUCE BAR
decathlon,0,3,1,0,0,1,1,2,6,0,0,0,14,6,False,True,DECATHLON
herschel,0,6,0,0,0,1,0,0,7,0,0,0,14,3,False,True,HERSCHEL
nuat thai foot body massage,0,0,0,0,0,0,0,0,14,0,0,0,14,1,False,False,NUAT THAI FOOT BODY MASSAGE
mi store,0,8,0,0,0,2,0,4,0,0,0,0,14,3,False,True,MI STORE
ugreen,0,2,0,0,0,1,0,5,6,0,0,0,14,4,False,True,UGREEN
fuma,0,7,0,0,0,0,0,3,4,0,0,0,14,3,False,True,FUMA
us polo assn,0,0,1,0,0,0,0,2,11,0,0,0,14,3,False,True,US POLO ASSN
aeropostale,0,0,0,0,0,0,0,0,14,0,0,0,14,1,False,False,AEROPOSTALE
sst laptop,0,0,0,0,2,0,0,4,8,0,0,0,14,3,False,True,SST LAPTOP
ever new,0,5,0,0,0,2,0,2,5,0,0,0,14,4,False,True,EVER NEW
pick up coffee,0,0,1,0,0,0,1,11,1,0,0,0,14,4,False,True,PICK UP COFFEE
bangs prime salon,0,3,1,0,0,1,0,1,8,0,0,0,14,5,False,True,BANGS PRIME SALON
la sedia,0,0,0,0,0,1,1,11,1,0,0,0,14,4,False,True,La Sedia
bacolod chicken inasal,0,1,0,0,0,2,1,3,7,0,0,0,14,5,False,True,BACOLOD CHICKEN INASAL
nailandia,0,0,1,0,0,2,1,7,0,0,3,0,14,5,False,True,Nailandia
toolbox,0,0,0,0,0,0,0,1,8,0,4,0,13,3,False,True,TOOLBOX
doctor leather,0,6,0,0,0,0,1,0,6,0,0,0,13,3,False,True,DOCTOR LEATHER
contis take out nook,0,0,0,1,0,0,0,0,12,0,0,0,13,2,False,True,CONTIS TAKE OUT NOOK
human nature,1,5,1,0,0,0,0,2,3,0,1,0,13,6,False,True,HUMAN NATURE
lotto outlet,0,4,1,0,0,0,0,5,0,1,0,2,13,5,False,True,LOTTO OUTLET
planet vape,0,1,0,0,0,0,0,1,11,0,0,0,13,3,False,True,PLANET VAPE
gotcha prize,0,0,0,0,0,0,0,1,12,0,0,0,13,2,False,True,GOTCHA PRIZE
simply shoes,0,1,0,0,0,0,0,0,9,0,3,0,13,3,False,True,SIMPLY SHOES
silver wings,1,0,0,0,0,0,0,0,11,0,1,0,13,3,False,True,SILVER WINGS
dermstrata,0,0,0,0,0,0,0,0,13,0,0,0,13,1,False,False,DERMSTRATA
fax parcel print,0,1,0,0,0,2,0,0,10,0,0,0,13,3,False,True,FAX PARCEL PRINT
joyroom,0,0,0,0,0,0,0,1,12,0,0,0,13,2,False,True,JOYROOM
contis bakeshop and restaurant,0,0,0,0,0,0,0,0,13,0,0,0,13,1,False,False,CONTIS BAKESHOP AND RESTAURANT
pag ibig fund,0,3,0,0,0,0,0,10,0,0,0,0,13,2,False,True,PAG-IBIG FUND
vivere salon,0,3,1,0,0,2,2,2,3,0,0,0,13,6,False,True,VIVERE SALON
furniture republic,1,7,1,1,0,2,0,1,0,0,0,0,13,6,False,True,FURNITURE REPUBLIC
nixx,0,0,0,0,0,0,0,0,13,0,0,0,13,1,False,False,NIXX
sisig hooray,0,2,0,1,0,0,0,3,7,0,0,0,13,4,False,True,SISIG HOORAY
jag,1,1,1,0,0,0,0,2,7,1,0,0,13,6,False,True,JAG
leylam,0,3,0,0,2,0,0,8,0,0,0,0,13,3,False,True,Leylam
rcc amazing touch,0,0,1,0,0,0,0,0,12,0,0,0,13,2,False,True,RCC AMAZING TOUCH
mobileworld,0,0,0,0,0,0,0,0,13,0,0,0,13,1,False,False,MOBILEWORLD
foot locker,1,4,1,0,0,3,2,1,1,0,0,0,13,7,False,True,Foot Locker
smart gadget,0,0,0,0,0,0,0,2,11,0,0,0,13,2,False,True,SMART GADGET
philip stein,0,4,1,0,0,0,0,2,6,0,0,0,13,4,False,True,PHILIP STEIN
microvalley,0,0,0,0,0,0,0,0,13,0,0,0,13,1,False,False,MICROVALLEY
nail files,0,1,0,0,0,1,0,2,9,0,0,0,13,4,False,True,NAIL FILES
fossil,0,4,1,0,0,0,0,1,7,0,0,0,13,4,False,True,FOSSIL
everything but cheese,0,0,0,1,0,0,0,2,10,0,0,0,13,3,False,True,EVERYTHING BUT CHEESE
avocado locco,0,0,0,0,0,0,0,2,9,0,2,0,13,3,False,True,AVOCADO LOCCO
kidzoona,0,0,1,0,0,3,0,7,0,0,2,0,13,4,False,True,Kidzoona
hearts arrows,0,0,0,0,0,0,0,0,13,0,0,0,13,1,False,False,HEARTS ARROWS
kedma,0,3,0,0,0,3,0,2,5,0,0,0,13,4,False,True,KEDMA
keds,1,2,1,0,1,0,1,1,6,0,0,0,13,7,False,True,KEDS
aerophone,0,5,0,0,0,0,0,2,6,0,0,0,13,3,False,True,AEROPHONE
cellstuff,0,0,0,0,0,0,0,0,0,0,13,0,13,1,False,False,Cellstuff
mothers touch,0,3,0,0,0,0,0,7,3,0,0,0,13,3,False,True,MOTHER'S TOUCH
southstar drug,0,0,1,0,0,1,1,6,0,0,4,0,13,5,False,True,Southstar Drug
julies bakeshop,0,1,1,0,0,0,0,6,4,0,1,0,13,5,False,True,Julie's Bakeshop
motivo,0,0,0,0,0,0,0,0,13,0,0,0,13,1,False,False,MOTIVO
sunglass haven,0,4,1,0,0,4,2,1,0,0,0,0,12,5,False,True,Sunglass Haven
greenfresh,0,0,0,0,0,0,0,0,12,0,0,0,12,1,False,False,GREENFRESH
surgilight,0,0,0,0,0,0,0,1,11,0,0,0,12,2,False,True,SURGILIGHT
noodle house,0,2,0,0,1,1,0,8,0,0,0,0,12,4,False,True,NOODLE HOUSE
chimmy,0,1,0,0,0,0,0,7,0,0,4,0,12,3,False,True,Chimmy
blade auto center,0,12,0,0,0,0,0,0,0,0,0,0,12,1,False,False,BLADE AUTO CENTER
marugame udon & tempura,0,10,0,1,0,0,0,1,0,0,0,0,12,3,False,True,MARUGAME UDON & TEMPURA
jag jeans,0,0,0,0,0,0,0,0,12,0,0,0,12,1,False,False,JAG JEANS
tk takoyaki,0,1,0,0,1,0,0,4,5,0,1,0,12,5,False,True,TK TAKOYAKI
bigbys,0,0,1,0,0,0,0,1,10,0,0,0,12,3,False,True,BIGBY'S
barenaked body sugaring salon,0,3,0,0,0,0,0,0,9,0,0,0,12,2,False,True,BARENAKED BODY SUGARING SALON
pldt smart,0,0,1,0,0,0,0,2,9,0,0,0,12,3,False,True,PLDT SMART
picture picture,0,1,0,0,0,0,0,1,8,0,2,0,12,4,False,True,PICTURE PICTURE
soy yummy,0,1,0,0,0,0,1,0,9,0,0,1,12,4,False,True,SOY YUMMY
kiehls,0,4,0,0,0,1,0,2,5,0,0,0,12,4,False,True,KIEHL'S
marugame udon,0,0,1,0,0,6,1,4,0,0,0,0,12,4,False,True,Marugame Udon
nubia,0,0,1,0,0,0,0,3,8,0,0,0,12,3,False,True,NUBIA
kipling,0,0,0,0,0,0,0,1,11,0,0,0,12,2,False,True,KIPLING
flawless face and body clinic,0,0,0,0,0,0,0,0,12,0,0,0,12,1,False,False,FLAWLESS FACE AND BODY CLINIC
inihaw express,0,1,0,1,0,0,0,1,9,0,0,0,12,4,False,True,INIHAW EXPRESS
de original jamaican pattie shop,0,8,0,0,0,0,0,0,4,0,0,0,12,2,False,True,DE ORIGINAL JAMAICAN PATTIE SHOP
samgyupsalamat,0,1,1,1,0,3,0,2,4,0,0,0,12,6,False,True,SAMGYUPSALAMAT
sams everything on sticks,0,3,0,0,0,0,0,4,5,0,0,0,12,3,False,True,SAMS EVERYTHING ON STICKS
i lash extension,0,0,0,0,0,0,0,0,12,0,0,0,12,1,False,False,I-LASH EXTENSION
caramia,0,0,1,1,0,3,2,4,0,0,1,0,12,6,False,True,Caramia
contis,0,0,1,0,0,4,0,7,0,0,0,0,12,3,False,True,Conti's
casa ilongga,0,1,0,0,1,0,0,5,5,0,0,0,12,4,False,True,CASA ILONGGA
hawker chan,0,2,0,0,0,0,0,0,10,0,0,0,12,2,False,True,HAWKER CHAN
lechon haus,0,0,0,0,2,0,0,1,9,0,0,0,12,3,False,True,LECHON HAUS
seattles best coffee,0,5,1,0,0,0,0,0,6,0,0,0,12,3,False,True,SEATTLES BEST COFFEE
nailandia spa,0,0,0,0,0,0,0,0,12,0,0,0,12,1,False,False,NAILANDIA SPA
m lhuillier,0,3,1,0,0,1,0,6,0,1,0,0,12,5,False,True,M Lhuillier
ayumi,0,3,0,0,0,5,0,2,2,0,0,0,12,4,False,True,AYUMI
gems and jewels,0,0,0,0,0,1,0,0,7,0,4,0,12,3,False,True,GEMS AND JEWELS
samsonite,0,5,0,0,0,1,0,1,5,0,0,0,12,4,False,True,SAMSONITE
blue lite gadgets,0,0,0,0,0,1,0,0,11,0,0,0,12,2,False,True,BLUE LITE GADGETS
azta urban salon,0,7,0,0,0,3,0,1,1,0,0,0,12,4,False,True,AZTA URBAN SALON
blued,0,1,0,0,1,0,0,4,6,0,0,0,12,4,False,True,BLUED
techlife,0,0,0,0,0,0,0,5,5,0,2,0,12,3,False,True,TECHLIFE
skin perfect,0,0,0,0,0,0,0,11,0,0,1,0,12,2,False,True,Skin Perfect
romoss,0,0,0,0,0,0,0,2,10,0,0,0,12,2,False,True,ROMOSS
techno,0,1,1,0,0,0,0,9,1,0,0,0,12,4,False,True,Techno
perfume dessert,0,1,0,0,0,0,0,2,8,0,0,0,11,3,False,True,PERFUME DESSERT
just g,0,4,0,0,0,1,0,0,6,0,0,0,11,3,False,True,JUST G
pepper lunch express,0,2,0,0,0,0,2,1,6,0,0,0,11,4,False,True,PEPPER LUNCH EXPRESS
bingo plus,0,0,0,0,0,0,0,2,9,0,0,0,11,2,False,True,BINGO PLUS
triumph,1,1,1,0,0,0,1,0,7,0,0,0,11,5,False,True,TRIUMPH
jisulife,0,0,0,0,0,1,0,4,6,0,0,0,11,3,False,True,JISULIFE
tribal,0,1,1,0,1,0,0,3,5,0,0,0,11,5,False,True,TRIBAL
black pearl,0,0,0,0,0,0,1,8,2,0,0,0,11,3,False,True,Black Pearl
gringo chickenribsfriends,0,0,0,0,0,0,0,0,11,0,0,0,11,1,False,False,GRINGO CHICKENRIBSFRIENDS
novodental,0,5,1,0,0,1,0,1,3,0,0,0,11,5,False,True,NOVODENTAL
jamba juice,0,5,0,0,0,2,0,1,3,0,0,0,11,4,False,True,JAMBA JUICE
kashieca,0,4,0,0,0,1,0,0,6,0,0,0,11,3,False,True,KASHIECA
lil orbits,0,3,0,0,0,0,0,2,5,0,0,1,11,4,False,True,LIL ORBITS
noodlemix,0,1,0,0,0,0,0,0,10,0,0,0,11,2,False,True,NOODLEMIX
pldt,0,3,0,0,0,0,0,1,5,0,0,2,11,4,False,True,PLDT
i tech,0,3,0,0,0,0,0,0,7,0,0,1,11,3,False,True,I.TECH
kumon,0,3,1,1,0,2,0,2,1,0,0,1,11,7,False,True,KUMON
cara mia,0,8,1,0,0,2,0,0,0,0,0,0,11,3,False,True,CARA MIA
prc,0,0,0,0,0,2,0,9,0,0,0,0,11,2,False,True,PRC
cell care center,0,0,0,0,0,0,0,0,11,0,0,0,11,1,False,False,CELL CARE CENTER
celltime,0,0,0,0,0,0,0,0,11,0,0,0,11,1,False,False,CELLTIME
health shop,0,0,0,0,3,0,0,3,5,0,0,0,11,3,False,True,THE HEALTH SHOP
tgp,1,1,0,0,3,0,0,5,0,0,0,1,11,5,False,True,The Generics Pharmacy
lay bare,0,0,0,1,0,9,0,1,0,0,0,0,11,3,False,True,Lay Bare
ribshack grill,0,0,0,0,0,0,0,0,11,0,0,0,11,1,False,False,RIBSHACK GRILL
mandarin tea garden,0,2,0,0,3,0,0,2,4,0,0,0,11,4,False,True,MANDARIN TEA GARDEN
davids tea house,0,2,0,1,0,0,0,0,8,0,0,0,11,3,False,True,DAVIDS TEA HOUSE
estee lauder,0,3,1,0,0,1,1,1,4,0,0,0,11,6,False,True,ESTEE LAUDER
moshi manju,0,2,0,0,0,1,0,1,7,0,0,0,11,4,False,True,MOSHI MANJU
gadget king,0,0,0,0,2,0,1,0,8,0,0,0,11,3,False,True,GADGET KING
egg,0,0,1,0,0,0,0,3,6,0,1,0,11,4,False,True,EGG
genki sushi,0,4,0,0,0,0,0,1,6,0,0,0,11,3,False,True,GENKI SUSHI
marketplace,0,3,0,0,0,7,0,1,0,0,0,0,11,3,False,True,The Marketplace
dr mobile,0,1,0,0,0,0,0,2,6,0,2,0,11,4,False,True,DR MOBILE
mang cha a,0,0,0,0,0,0,0,3,7,0,1,0,11,3,False,True,MANG CHA-A
frankies new york buffalo wings,0,2,0,0,0,1,0,2,6,0,0,0,11,4,False,True,FRANKIES NEW YORK BUFFALO WINGS
manuka health,0,8,0,0,0,2,0,1,0,0,0,0,11,3,False,True,MANUKA HEALTH
sdl mobile,0,0,0,0,0,0,0,0,11,0,0,0,11,1,False,False,SDL MOBILE
clinique,0,3,0,0,0,0,1,2,5,0,0,0,11,4,False,True,CLINIQUE
dhl express,0,9,1,0,0,0,0,1,0,0,0,0,11,3,False,True,DHL EXPRESS
funtime,0,0,0,0,0,0,0,1,8,0,0,2,11,3,False,True,FUNTIME
funhouse,0,0,0,0,0,0,0,0,0,0,10,1,11,2,False,True,Funhouse
manila hearing aid,0,3,0,0,0,0,1,0,7,0,0,0,11,3,False,True,MANILA HEARING AID
department of foreign affairs,0,0,1,0,0,0,0,2,8,0,0,0,11,3,False,True,DEPARTMENT OF FOREIGN AFFAIRS
columbia sportswear,0,0,1,0,0,0,0,0,10,0,0,0,11,2,False,True,COLUMBIA SPORTSWEAR
www express,0,0,0,0,0,0,0,1,10,0,0,0,11,2,False,True,WWW EXPRESS
fun mobile,0,3,0,0,0,0,0,2,5,1,0,0,11,4,False,True,FUN MOBILE
genevieve gozum,0,0,0,0,0,0,0,0,11,0,0,0,11,1,False,False,GENEVIEVE GOZUM
rover systems,0,0,0,0,0,0,0,0,11,0,0,0,11,1,False,False,ROVER SYSTEMS
so fab,0,0,0,0,1,0,0,0,10,0,0,0,11,2,False,True,SO FAB
collezione c2,0,3,0,0,0,0,0,0,8,0,0,0,11,2,False,True,COLLEZIONE C2
dc shoes,0,0,0,0,0,0,0,1,10,0,0,0,11,2,False,True,DC SHOES
aeon fantasy kidzooona,0,0,0,0,0,0,0,0,11,0,0,0,11,1,False,False,AEON FANTASY KIDZOOONA
maxicare,0,2,0,0,0,1,0,7,1,0,0,0,11,4,False,True,MAXICARE
greentab,0,0,0,0,0,1,0,3,6,1,0,0,11,4,False,True,GREENTAB
skinstation,0,11,0,0,0,0,0,0,0,0,0,0,11,1,False,False,SKINSTATION
yayoi,0,2,0,0,0,1,1,0,7,0,0,0,11,4,False,True,YAYOI
mandaue foam,0,8,0,0,0,0,0,3,0,0,0,0,11,2,False,True,MANDAUE FOAM
tong yang,0,0,0,0,0,2,1,2,5,0,0,0,10,4,False,True,Tong Yang
tong yang plus,0,3,0,0,0,0,0,0,7,0,0,0,10,2,False,True,TONG YANG PLUS
smart driving,0,0,0,0,0,0,0,1,8,0,0,1,10,3,False,True,SMART DRIVING
perry ellis,0,4,1,0,0,0,0,2,3,0,0,0,10,4,False,True,PERRY ELLIS
onitsuka tiger,0,5,0,0,0,0,0,0,5,0,0,0,10,2,False,True,ONITSUKA TIGER
nuat thai,0,0,1,1,0,4,0,3,0,1,0,0,10,5,False,True,Nuat Thai
sweet bites,0,0,0,0,0,0,0,0,10,0,0,0,10,1,False,False,SWEET BITES
tah mee,0,3,1,0,0,1,1,4,0,0,0,0,10,5,False,True,TAH-MEE
arroz ecija,0,0,0,0,0,0,0,10,0,0,0,0,10,1,False,False,Arroz Ecija
candy mix,0,0,0,0,2,0,0,2,6,0,0,0,10,3,False,True,CANDY MIX
gintell showroom,0,0,0,0,0,0,0,0,10,0,0,0,10,1,False,False,GINTELL SHOWROOM
biblio,0,6,1,0,0,1,0,2,0,0,0,0,10,4,False,True,BIBLIO
scentsmith perfumery,0,0,0,0,0,0,0,0,10,0,0,0,10,1,False,False,SCENTSMITH PERFUMERY
healthy lemon,0,0,1,0,0,1,0,5,3,0,0,0,10,4,False,True,HEALTHY LEMON
i2i,0,1,1,0,0,0,0,2,6,0,0,0,10,4,False,True,i2i
timex,0,2,0,0,1,0,0,1,6,0,0,0,10,4,False,True,TIMEX
globe telecom,0,7,0,0,3,0,0,0,0,0,0,0,10,2,False,True,GLOBE TELECOM
jewelrich,0,0,0,0,2,0,0,1,1,1,0,5,10,5,False,True,JEWELRICH
cocolife,0,0,0,0,0,0,0,0,10,0,0,0,10,1,False,False,COCOLIFE
k swiss,1,2,0,0,0,0,1,0,6,0,0,0,10,4,False,True,K-SWISS
beauche,0,0,0,1,0,0,0,6,0,0,1,2,10,4,False,True,Beauche
mama lous italian kitchen,0,5,0,0,0,0,0,1,4,0,0,0,10,3,False,True,MAMA LOU'S ITALIAN KITCHEN
charriol,0,5,0,0,0,1,1,2,1,0,0,0,10,5,False,True,CHARRIOL
alterations plus,0,5,0,0,0,1,0,1,3,0,0,0,10,4,False,True,ALTERATIONS PLUS
sperry,1,4,1,0,0,1,1,1,1,0,0,0,10,7,False,True,Sperry
rj guitar center,0,2,1,0,0,0,0,0,7,0,0,0,10,3,False,True,RJ GUITAR CENTER
aksesoriz,0,0,0,0,0,1,0,1,8,0,0,0,10,3,False,True,AKSESORIZ
aukey,0,1,0,0,0,0,1,2,6,0,0,0,10,4,False,True,AUKEY
fruitas house of desserts,0,3,0,0,0,0,0,2,5,0,0,0,10,3,False,True,FRUITAS HOUSE OF DESSERTS
mobilecraze,0,0,0,0,0,0,0,2,8,0,0,0,10,2,False,True,MOBILECRAZE
simply lemon,0,0,0,0,0,0,0,0,10,0,0,0,10,1,False,False,SIMPLY LEMON
gugu manju,0,1,0,1,0,0,0,5,2,0,1,0,10,5,False,True,GUGU MANJU
sunnies specs optical,0,0,0,0,0,0,0,1,9,0,0,0,10,2,False,True,SUNNIES SPECS OPTICAL
mobilizer,0,0,0,0,0,0,1,1,8,0,0,0,10,3,False,True,MOBILIZER
tim ho wan,0,3,0,0,0,1,0,2,4,0,0,0,10,4,False,True,TIM HO WAN
santinos supreme slice pizza,0,1,0,0,0,0,0,0,9,0,0,0,10,2,False,True,SANTINO'S SUPREME SLICE PIZZA
sonyda,0,0,0,1,0,0,0,9,0,0,0,0,10,2,False,True,SONYDA
mobile technology,0,0,0,0,0,0,0,0,10,0,0,0,10,1,False,False,MOBILE TECHNOLOGY
yakimix,0,2,0,0,0,0,0,1,7,0,0,0,10,3,False,True,YAKIMIX
racks,0,2,0,0,0,0,2,1,5,0,0,0,10,4,False,True,RACKS
j co donuts and coffee,0,10,0,0,0,0,0,0,0,0,0,0,10,1,False,False,J. CO DONUTS AND COFFEE
pierre cardin,2,1,1,0,0,0,0,2,4,0,0,0,10,5,False,True,PIERRE CARDIN
pacsafe,0,3,0,0,0,0,0,1,6,0,0,0,10,3,False,True,PACSAFE
cole haan,0,4,1,0,0,0,1,0,4,0,0,0,10,4,False,True,COLE HAAN
pcx gaming,0,0,0,0,0,0,0,1,9,0,0,0,10,2,False,True,PCX GAMING
gameline,0,0,0,0,0,0,1,0,9,0,0,0,10,2,False,True,GAMELINE
eo executive optical,0,0,0,1,0,0,0,6,3,0,0,0,10,3,False,True,EO EXECUTIVE OPTICAL
digimap,1,0,0,0,0,1,1,7,0,0,0,0,10,4,False,True,Digimap
new bistro deli,0,0,0,0,0,0,0,1,9,0,0,0,10,2,False,True,NEW BISTRO DELI
pnb,0,0,1,1,2,2,1,3,0,0,0,0,10,6,False,True,PNB
pag ibig,0,0,0,0,0,1,0,3,6,0,0,0,10,3,False,True,PAG-IBIG
fast alter station,0,0,0,0,0,0,0,0,10,0,0,0,10,1,False,False,FAST ALTER STATION
manam comfort filipino,0,0,1,0,0,0,0,0,8,0,0,0,9,2,False,True,MANAM COMFORT FILIPINO
palladium,1,1,0,0,0,1,1,0,5,0,0,0,9,5,False,True,PALLADIUM
royal gem,0,3,0,0,0,0,0,0,6,0,0,0,9,2,False,True,ROYAL GEM
figaro,0,3,0,0,0,0,0,2,4,0,0,0,9,3,False,True,FIGARO
binalot,0,1,0,1,0,1,0,6,0,0,0,0,9,4,False,True,BINALOT
rockspace,0,0,0,0,0,0,0,0,9,0,0,0,9,1,False,False,ROCKSPACE
prime steak house unlimited imported steak,0,0,0,0,0,0,0,0,9,0,0,0,9,1,False,False,PRIME STEAK HOUSE - UNLIMITED IMPORTED STEAK
karada,0,4,0,0,0,3,1,1,0,0,0,0,9,4,False,True,Karada
lash wishes,0,3,0,0,0,0,0,0,6,0,0,0,9,2,False,True,LASH WISHES
bose,0,3,1,0,0,0,0,0,5,0,0,0,9,3,False,True,BOSE
wiwi,0,0,0,0,0,0,0,0,9,0,0,0,9,1,False,False,WIWI
ayumi japan eyelash nail art salon,0,0,0,0,0,0,0,0,9,0,0,0,9,1,False,False,AYUMI JAPAN EYELASH NAIL ART SALON
henlin,0,0,0,0,0,0,0,8,0,0,1,0,9,2,False,True,Henlin
techbox,0,0,0,0,0,0,0,1,6,1,0,1,9,4,False,True,TECHBOX
rose pharmacy,0,5,0,0,2,0,0,0,2,0,0,0,9,3,False,True,ROSE PHARMACY
an original penguin by munsingwear,0,0,0,0,0,0,0,0,9,0,0,0,9,1,False,False,AN ORIGINAL PENGUIN BY MUNSINGWEAR
tobys sports,1,2,1,0,0,0,1,4,0,0,0,0,9,5,False,True,Toby's Sports
comworks clickstore,0,0,0,0,0,0,0,0,9,0,0,0,9,1,False,False,COMWORKS CLICKSTORE
crisostomo,0,4,0,0,0,2,1,2,0,0,0,0,9,4,False,True,CRISOSTOMO
bike plus,0,0,0,0,0,0,0,0,9,0,0,0,9,1,False,False,BIKE PLUS
george optical,0,0,0,0,0,0,0,0,9,0,0,0,9,1,False,False,GEORGE OPTICAL
healthy smile dental center,0,0,0,0,0,0,0,0,9,0,0,0,9,1,False,False,HEALTHY SMILE DENTAL CENTER
kamay kainan,0,1,0,0,0,0,0,2,6,0,0,0,9,3,False,True,KAMAY KAINAN
sports barbers,0,0,0,0,0,0,0,1,8,0,0,0,9,2,False,True,SPORTS BARBERS
dominos pizza,0,1,0,0,0,1,0,1,1,0,4,1,9,6,False,True,Domino's Pizza
rcbc atm,0,0,0,0,1,4,0,0,0,0,0,4,9,3,False,True,RCBC ATM
max mango,0,0,0,0,0,0,0,2,7,0,0,0,9,2,False,True,MAX MANGO
nine west,1,5,0,0,0,0,0,1,2,0,0,0,9,4,False,True,NINE WEST
mr binatog,0,0,0,0,0,0,0,2,5,1,0,1,9,4,False,True,MR BINATOG
far east medical equipment,0,0,0,0,0,0,0,0,9,0,0,0,9,1,False,False,FAR EAST MEDICAL EQUIPMENT
rcbc,0,0,0,0,3,1,1,2,0,1,0,1,9,6,False,True,RCBC
denz candee floss,0,0,0,0,0,0,0,0,9,0,0,0,9,1,False,False,DENZ CANDEE FLOSS
xchange,0,5,0,0,0,0,0,4,0,0,0,0,9,2,False,True,XCHANGE
wacoal,0,2,1,0,0,3,0,1,2,0,0,0,9,5,False,True,Wacoal
edamama,0,5,0,0,0,1,0,3,0,0,0,0,9,3,False,True,EDAMAMA
aqua mineral,1,1,1,0,0,0,0,2,4,0,0,0,9,5,False,True,AQUA MINERAL
swatch,0,3,0,0,0,0,0,1,5,0,0,0,9,3,False,True,SWATCH
apartment 8,0,8,0,0,0,0,1,0,0,0,0,0,9,2,False,True,APARTMENT 8
klgo,0,0,0,0,0,0,0,2,7,0,0,0,9,2,False,True,KLGO
marcella,0,4,1,0,0,0,0,1,3,0,0,0,9,4,False,True,MARCELLA
lil orbits mini donuts,0,3,1,0,0,1,0,2,2,0,0,0,9,5,False,True,LIL' ORBITS MINI DONUTS
manila bankers,0,0,1,0,0,1,0,7,0,0,0,0,9,3,False,True,Manila Bankers
kiko milano,0,0,0,0,0,1,1,1,6,0,0,0,9,4,False,True,KIKO MILANO
monster wings,0,1,0,0,0,1,0,4,1,1,1,0,9,6,False,True,MONSTER WINGS
superga,1,3,0,0,0,0,1,1,3,0,0,0,9,5,False,True,SUPERGA
capdase,0,1,0,0,0,0,0,0,8,0,0,0,9,2,False,True,CAPDASE
mia maison home fragrances,0,9,0,0,0,0,0,0,0,0,0,0,9,1,False,False,MIA MAISON HOME FRAGRANCES
scent for senses,1,1,0,0,0,1,0,1,5,0,0,0,9,5,False,True,SCENT FOR SENSES
jb music,0,2,0,0,0,0,0,1,6,0,0,0,9,3,False,True,JB MUSIC
kultura,0,0,0,0,0,0,1,0,8,0,0,0,9,2,False,True,KULTURA
lemon co,0,0,0,0,0,0,0,5,4,0,0,0,9,2,False,True,THE LEMON CO
i play n ride,0,0,0,0,0,0,0,0,9,0,0,0,9,1,False,False,I PLAY N RIDE
gladking,0,1,1,0,0,0,0,0,7,0,0,0,9,3,False,True,GLADKING
lugang cafe,0,1,0,0,0,0,1,1,6,0,0,0,9,4,False,True,LUGANG CAFE
christine lhuillier parfumerie,0,0,0,0,0,0,0,1,8,0,0,0,9,2,False,True,CHRISTINE LHUILLIER PARFUMERIE
north park,0,2,0,0,0,0,0,0,7,0,0,0,9,2,False,True,NORTH PARK
mothercare,0,5,0,0,0,1,0,0,2,0,0,0,8,3,False,True,MOTHERCARE
sandugo,1,0,0,1,0,0,0,3,0,1,0,2,8,5,False,True,Sandugo
fixifoot,0,6,0,0,0,1,0,1,0,0,0,0,8,3,False,True,FIXIFOOT
lady karat,0,1,0,0,0,1,0,0,6,0,0,0,8,3,False,True,LADY KARAT
ambika kidz fun box,0,0,0,0,0,0,0,0,8,0,0,0,8,1,False,False,AMBIKA KIDZ FUN BOX
kids venue and art play center,0,0,0,0,0,0,0,0,8,0,0,0,8,1,False,False,KID'S VENUE AND ART PLAY CENTER
tim hortons,0,0,0,0,0,3,0,0,5,0,0,0,8,2,False,True,TIM HORTONS
yes your eyewear specialist,0,0,0,0,0,0,0,0,8,0,0,0,8,1,False,False,YES - YOUR EYEWEAR SPECIALIST
lac,0,0,0,0,0,3,2,1,2,0,0,0,8,4,False,True,LAC
bureau of quarantine,0,0,0,0,0,4,0,3,1,0,0,0,8,3,False,True,Bureau of Quarantine
beauty bar,0,4,0,0,0,1,0,2,1,0,0,0,8,4,False,True,BEAUTY BAR
sm bowling,0,0,0,0,0,0,0,0,8,0,0,0,8,1,False,False,SM BOWLING
belle lumiere,0,0,0,0,0,0,0,1,7,0,0,0,8,2,False,True,BELLE LUMIERE
techknow,0,0,1,0,0,0,0,0,7,0,0,0,8,2,False,True,TECHKNOW
tokyo milk cheese factory,0,2,0,0,0,2,0,2,2,0,0,0,8,4,False,True,TOKYO MILK CHEESE FACTORY
kerrimo,0,0,1,0,3,0,0,4,0,0,0,0,8,3,False,True,Kerrimo
royal prince aesthetic slimming center,0,0,1,0,0,0,0,0,7,0,0,0,8,2,False,True,ROYAL PRINCE AESTHETIC SLIMMING CENTER
momoyo,0,0,0,0,0,0,0,1,7,0,0,0,8,2,False,True,MOMOYO
savemore,0,0,0,0,0,0,0,0,0,0,0,8,8,1,False,False,SAVEMORE
rrj,0,0,0,2,1,0,0,3,0,0,1,1,8,5,False,True,RRJ
pick n save,0,0,3,0,0,4,0,1,0,0,0,0,8,3,False,True,Pick 'N Save
mom and me nails,0,1,0,0,0,0,1,0,6,0,0,0,8,3,False,True,MOM AND ME NAILS
technomart,0,0,0,0,3,0,0,1,4,0,0,0,8,3,False,True,TECHNOMART
cybertech,0,1,0,0,0,0,0,2,5,0,0,0,8,3,False,True,CYBERTECH
hq barbershop,0,0,1,0,0,2,1,0,4,0,0,0,8,4,False,True,HQ BARBERSHOP
hp,0,1,0,0,0,0,0,2,5,0,0,0,8,3,False,True,HP
active hearing center,0,1,1,0,0,1,0,0,5,0,0,0,8,4,False,True,ACTIVE HEARING CENTER
call it spring,0,2,0,0,0,1,0,1,4,0,0,0,8,4,False,True,CALL IT SPRING
manila creamery,0,5,0,0,0,0,0,2,1,0,0,0,8,3,False,True,MANILA CREAMERY
modern shanghai,0,5,0,0,0,2,0,0,1,0,0,0,8,3,False,True,MODERN SHANGHAI
yumpanada,0,3,1,0,0,0,0,3,1,0,0,0,8,4,False,True,YUMPANADA
msi,0,0,0,0,0,0,0,0,8,0,0,0,8,1,False,False,MSI
my phone,0,0,0,0,4,0,0,1,1,0,1,1,8,5,False,True,My Phone
iconic socks,1,6,0,0,0,1,0,0,0,0,0,0,8,3,False,True,ICONIC SOCKS
palawan express,0,2,1,0,1,4,0,0,0,0,0,0,8,4,False,True,Palawan Express
case 2 case,0,0,0,0,0,0,0,0,6,0,2,0,8,2,False,True,CASE 2 CASE
istore,0,3,0,0,0,0,0,1,4,0,0,0,8,3,False,True,ISTORE
zarks burger,0,4,1,1,0,1,0,1,0,0,0,0,8,5,False,True,ZARK'S BURGER
hopia king bakery eng bee tin,0,0,0,0,0,0,0,0,8,0,0,0,8,1,False,False,HOPIA KING BAKERY - ENG BEE TIN
clube melissa,0,3,0,0,0,0,0,0,5,0,0,0,8,2,False,True,CLUBE MELISSA
eng bee tin,0,0,1,1,1,1,0,4,0,0,0,0,8,5,False,True,Eng Bee Tin
nail tropics,0,5,1,0,0,1,0,1,0,0,0,0,8,4,False,True,NAIL TROPICS
shrimp bucket,0,6,0,0,0,1,1,0,0,0,0,0,8,3,False,True,SHRIMP BUCKET
jm shawarma,0,1,0,0,2,1,0,4,0,0,0,0,8,4,False,True,JM Shawarma
mh burton,0,0,0,0,0,0,0,0,8,0,0,0,8,1,False,False,MH BURTON
ricky reyes,0,0,0,0,0,0,1,0,7,0,0,0,8,2,False,True,RICKY REYES
government services express,0,0,0,0,0,0,0,0,8,0,0,0,8,1,False,False,GOVERNMENT SERVICES EXPRESS
villman,0,2,0,0,0,0,1,0,5,0,0,0,8,3,False,True,VILLMAN
avocadoriaph,0,0,0,0,0,0,0,0,8,0,0,0,8,1,False,False,AVOCADORIAPH
laybare,0,0,0,0,0,0,2,6,0,0,0,0,8,2,False,True,Laybare
pedal cafe,0,3,0,0,0,2,2,1,0,0,0,0,8,4,False,True,PEDAL CAFE
rai rai ken,0,1,0,0,1,0,0,1,5,0,0,0,8,4,False,True,RAI RAI KEN
vivo service center,0,0,0,0,0,0,0,1,7,0,0,0,8,2,False,True,VIVO SERVICE CENTER
champion,0,4,0,0,0,0,0,0,4,0,0,0,8,2,False,True,CHAMPION
shi lin,0,5,0,0,0,1,1,0,1,0,0,0,8,4,False,True,SHI LIN
nespresso,0,5,0,0,0,0,0,1,2,0,0,0,8,3,False,True,NESPRESSO
complink,0,1,0,0,0,0,0,2,5,0,0,0,8,3,False,True,COMPLINK
peri peri charcoal chicken and sauce bar,0,5,0,0,0,3,0,0,0,0,0,0,8,2,False,True,PERI-PERI CHARCOAL CHICKEN AND SAUCE BAR
dr james dental clinic,0,0,0,0,0,0,0,0,1,0,7,0,8,2,False,True,Dr. James Dental Clinic
lemon bar,0,0,0,0,0,0,0,1,1,0,6,0,8,3,False,True,Lemon Bar
wiltelcom,0,1,0,0,4,0,0,1,2,0,0,0,8,4,False,True,WILTELCOM
lots a pizza,0,1,0,2,0,0,1,2,1,0,0,1,8,6,False,True,LOT'S A PIZZA
taco boy,0,1,0,0,4,0,0,1,2,0,0,0,8,4,False,True,TACO BOY
svga,0,0,1,0,0,0,0,0,7,0,0,0,8,2,False,True,SVGA
8telcom,0,2,0,0,1,0,0,0,5,0,0,0,8,3,False,True,8TELCOM
healthway medical,0,8,0,0,0,0,0,0,0,0,0,0,8,1,False,False,HEALTHWAY MEDICAL
co the collectible store,0,2,0,0,0,0,1,1,4,0,0,0,8,4,False,True,CO THE COLLECTIBLE STORE
enfant,0,3,1,0,0,1,1,0,2,0,0,0,8,5,False,True,ENFANT
coco ichibanya,0,3,0,0,0,3,0,2,0,0,0,0,8,3,False,True,COCO ICHIBANYA
choobi choobi,0,1,0,0,0,1,0,2,4,0,0,0,8,4,False,True,CHOOBI CHOOBI
skin 101,0,2,0,0,0,0,0,0,6,0,0,0,8,2,False,True,SKIN 101
lee,0,1,0,0,1,0,0,1,5,0,0,0,8,4,False,True,LEE
starfinder optical,0,1,1,1,0,0,0,0,5,0,0,0,8,4,False,True,STARFINDER OPTICAL
nail addik by creative nails,0,1,0,0,0,0,0,0,7,0,0,0,8,2,False,True,NAIL ADDIK BY CREATIVE NAILS
jins,0,1,1,0,0,0,1,2,3,0,0,0,8,5,False,True,JINS
just gift,0,0,0,0,0,0,0,1,1,0,5,1,8,4,False,True,Just Gift
contis bakeshop & restaurant,0,8,0,0,0,0,0,0,0,0,0,0,8,1,False,False,CONTI'S BAKESHOP & RESTAURANT
cindys bakery and restaurant,0,0,0,0,0,0,0,0,0,0,8,0,8,1,False,False,Cindy's Bakery and Restaurant
henrys cameras,0,2,0,0,0,1,1,0,4,0,0,0,8,4,False,True,HENRYS CAMERAS
chef tonys popcorn,0,0,0,0,0,0,0,0,8,0,0,0,8,1,False,False,CHEF TONYS POPCORN
chops childrens park,0,2,0,0,0,0,0,5,1,0,0,0,8,3,False,True,CHOPS CHILDREN'S PARK
nuts about candy,0,3,0,0,0,0,0,2,2,0,0,0,7,3,False,True,NUTS ABOUT CANDY
polland hopia,0,2,0,0,0,1,0,0,4,0,0,0,7,3,False,True,POLLAND HOPIA
snacktime,0,0,0,0,0,0,0,0,7,0,0,0,7,1,False,False,SNACKTIME
farron cafe,0,0,0,0,0,0,0,2,1,1,3,0,7,4,False,True,Farron Cafe
iguanas,1,0,0,1,0,0,0,2,0,0,0,3,7,4,False,True,IGUANAS
asias lashes,0,0,0,0,0,0,0,3,4,0,0,0,7,2,False,True,ASIA'S LASHES
mich myl nails,0,0,0,0,0,0,0,0,7,0,0,0,7,1,False,False,MICH MYL NAILS
mietubl,0,0,0,0,0,0,0,1,6,0,0,0,7,2,False,True,MIETUBL
thinking tools,0,1,0,0,2,0,0,0,4,0,0,0,7,3,False,True,THINKING TOOLS
aces farm fresh,0,0,0,0,0,0,0,0,7,0,0,0,7,1,False,False,ACES FARM FRESH
camerahaus,0,2,0,0,0,0,0,1,4,0,0,0,7,3,False,True,CAMERAHAUS
jo malone,0,3,0,0,0,2,1,1,0,0,0,0,7,4,False,True,JO MALONE
oroderm,0,1,0,0,2,0,0,1,3,0,0,0,7,4,False,True,ORODERM
bny,1,0,0,0,1,0,0,4,0,1,0,0,7,4,False,True,BNY
jms shawarma,0,0,0,0,2,0,0,3,2,0,0,0,7,3,False,True,JM's Shawarma
shake shack,0,1,0,0,0,0,2,1,3,0,0,0,7,4,False,True,SHAKE SHACK
quickmelt,0,0,1,0,0,0,0,0,6,0,0,0,7,2,False,True,QUICKMELT
fred perry,0,4,0,0,0,1,0,1,1,0,0,0,7,4,False,True,FRED PERRY
mcdonalds dessert center,0,0,0,0,0,0,0,0,7,0,0,0,7,1,False,False,MCDONALDS DESSERT CENTER
dookki korean topokki buffet,0,0,0,0,0,0,0,0,7,0,0,0,7,1,False,False,DOOKKI KOREAN TOPOKKI BUFFET
x quisite,0,0,0,0,0,0,0,0,7,0,0,0,7,1,False,False,X-QUISITE
calvin klein,0,4,0,0,0,0,1,1,1,0,0,0,7,4,False,True,CALVIN KLEIN
paper moon,0,3,0,0,0,0,0,0,4,0,0,0,7,2,False,True,PAPER MOON
sarabia optical express,0,0,0,0,0,0,0,0,7,0,0,0,7,1,False,False,SARABIA OPTICAL EXPRESS
osh kosh b gosh,0,0,0,0,0,0,0,2,5,0,0,0,7,2,False,True,OSH KOSH B GOSH
jolos kiddie cart,0,0,1,0,0,0,0,0,6,0,0,0,7,2,False,True,JOLOS KIDDIE CART
santinos,0,0,0,0,2,0,0,3,2,0,0,0,7,3,False,True,Santino's
chix inasal,0,0,0,0,0,0,0,2,5,0,0,0,7,2,False,True,CHIX INASAL
dcream coffee tea,0,0,0,0,0,0,0,0,7,0,0,0,7,1,False,False,DCREAM COFFEE TEA
information booth,0,0,0,0,1,0,0,0,6,0,0,0,7,2,False,True,INFORMATION BOOTH
after tree dessert cafe,0,0,0,0,0,0,0,0,7,0,0,0,7,1,False,False,AFTER TREE DESSERT CAFÉ
una rosa,0,0,0,0,0,0,0,0,7,0,0,0,7,1,False,False,UNA ROSA
time collection,0,0,0,0,0,0,0,3,4,0,0,0,7,2,False,True,TIME COLLECTION
bureau of immigration,0,0,1,0,0,1,0,1,4,0,0,0,7,4,False,True,BUREAU OF IMMIGRATION
super 50,0,0,0,0,0,0,0,7,0,0,0,0,7,1,False,False,SUPER 50
kkv,1,0,1,0,0,3,1,1,0,0,0,0,7,5,False,True,KKV
dyson,0,2,0,0,0,0,1,1,3,0,0,0,7,4,False,True,DYSON
san yang furniture,0,5,0,0,0,2,0,0,0,0,0,0,7,2,False,True,SAN-YANG FURNITURE
pizzarina pizzarap,0,0,0,0,0,0,0,0,7,0,0,0,7,1,False,False,PIZZARINA PIZZARAP
bulalo world,0,1,0,0,0,0,0,2,3,1,0,0,7,4,False,True,BULALO WORLD
dennys,0,0,0,0,0,3,1,2,1,0,0,0,7,4,False,True,Denny's
super bowl of china,0,0,1,0,0,0,0,1,5,0,0,0,7,3,False,True,SUPER BOWL OF CHINA
super50,0,0,0,0,0,0,0,7,0,0,0,0,7,1,False,False,Super50
blakes wings & steaks,0,4,0,0,0,0,0,0,3,0,0,0,7,2,False,True,BLAKE'S WINGS & STEAKS
snowpy,0,0,0,0,0,0,0,2,0,0,0,5,7,2,False,True,SNOWPY
ippudo,0,3,0,0,0,1,0,2,1,0,0,0,7,4,False,True,IPPUDO
our tribe,0,4,0,0,0,0,0,0,3,0,0,0,7,2,False,True,OUR TRIBE
mosaic,0,4,1,0,0,0,0,0,2,0,0,0,7,3,False,True,MOSAIC
mr softy,0,1,0,1,0,0,0,5,0,0,0,0,7,3,False,True,MR. SOFTY
rusty lopez,0,0,0,0,2,0,0,1,0,1,0,3,7,4,False,True,RUSTY LOPEZ
issy & co cosmetics,0,7,0,0,0,0,0,0,0,0,0,0,7,1,False,False,ISSY & CO. COSMETICS
belgian waffle,0,0,0,1,0,0,0,3,0,0,3,0,7,3,False,True,Belgian Waffle
daiso,0,0,0,0,0,1,1,5,0,0,0,0,7,3,False,True,Daiso
vivan,0,0,0,0,0,0,0,1,6,0,0,0,7,2,False,True,VIVAN
sit and rest massage station,0,1,0,0,0,0,0,0,6,0,0,0,7,2,False,True,SIT AND REST MASSAGE STATION
dentista,0,0,0,0,0,0,0,0,7,0,0,0,7,1,False,False,DENTISTA
otr korean furniture,0,1,0,0,0,0,0,2,4,0,0,0,7,3,False,True,OTR KOREAN FURNITURE
leylam shawarma,0,0,0,0,2,0,0,3,2,0,0,0,7,3,False,True,Leylam Shawarma
pcso lotto,0,0,0,1,1,0,0,5,0,0,0,0,7,3,False,True,PCSO Lotto
tieza,0,0,0,0,0,0,0,3,4,0,0,0,7,2,False,True,TIEZA
salad stop,0,4,0,0,0,3,0,0,0,0,0,0,7,2,False,True,SALAD STOP
shiseido,0,3,0,0,0,1,0,2,1,0,0,0,7,4,False,True,SHISEIDO
2 hands massage,0,0,0,0,0,2,0,0,5,0,0,0,7,2,False,True,2 HANDS MASSAGE
bebang halo halo,0,0,0,0,0,0,2,3,2,0,0,0,7,3,False,True,Bebang Halo Halo
gourdos,0,2,0,0,0,1,1,1,2,0,0,0,7,5,False,True,Gourdo's
sportlines,1,1,0,0,0,1,1,3,0,0,0,0,7,5,False,True,Sportlines
swirls ice cream,0,0,0,0,0,0,0,0,6,0,0,1,7,2,False,True,SWIRLS ICE CREAM
green puff,0,1,0,0,0,0,1,0,5,0,0,0,7,3,False,True,GREEN PUFF
cara mia cakes gelato,0,0,0,0,0,0,0,0,7,0,0,0,7,1,False,False,CARA MIA CAKES GELATO
chaser,0,1,0,0,0,0,0,0,6,0,0,0,7,2,False,True,CHASER
vape king,0,0,0,0,1,0,0,0,6,0,0,0,7,2,False,True,VAPE KING
tommy hilfiger,0,3,0,0,0,1,1,0,2,0,0,0,7,4,False,True,TOMMY HILFIGER
eye browse,0,0,0,0,0,0,0,2,5,0,0,0,7,2,False,True,EYE BROWSE
above sea level,0,1,0,0,0,0,0,5,0,1,0,0,7,3,False,True,ABOVE SEA LEVEL
my diamond,1,1,1,0,0,0,0,1,3,0,0,0,7,5,False,True,MY DIAMOND
crukitchen,0,3,0,0,0,0,2,0,2,0,0,0,7,3,False,True,CRUKITCHEN
teds old timer la paz batchoy,0,0,1,0,0,0,0,2,4,0,0,0,7,3,False,True,TEDS OLD TIMER LA PAZ BATCHOY
kyu kyu 99 ramen,0,7,0,0,0,0,0,0,0,0,0,0,7,1,False,False,KYU KYU 99 RAMEN
v power,0,0,0,0,0,0,0,0,7,0,0,0,7,1,False,False,V-POWER
pet lovers centre,0,0,0,0,0,0,0,7,0,0,0,0,7,1,False,False,PET LOVERS CENTRE
wink laser studio,0,5,0,0,0,0,0,0,2,0,0,0,7,2,False,True,WINK LASER STUDIO
tony jackey beauty salon,0,0,0,0,0,0,0,0,7,0,0,0,7,1,False,False,TONY JACKEY BEAUTY SALON
cartsville,0,0,0,0,0,0,0,0,7,0,0,0,7,1,False,False,CARTSVILLE
hp concept store,0,0,0,0,0,0,0,0,7,0,0,0,7,1,False,False,HP CONCEPT STORE
complex lifestyle store,0,4,0,0,0,2,0,1,0,0,0,0,7,3,False,True,COMPLEX LIFESTYLE STORE
l time studio,0,1,0,0,0,0,0,0,6,0,0,0,7,2,False,True,L TIME STUDIO
lynderm,0,0,1,0,0,1,0,0,4,0,1,0,7,4,False,True,LYNDERM
oneplus,0,0,0,0,0,0,0,0,7,0,0,0,7,1,False,False,ONEPLUS
steak break,0,2,1,0,0,0,0,1,3,0,0,0,7,4,False,True,STEAK BREAK
jamaican pattie,0,0,1,2,0,0,1,3,0,0,0,0,7,4,False,True,Jamaican Pattie
digibabe,0,0,0,0,0,0,0,2,5,0,0,0,7,2,False,True,DIGIBABE
jellico,0,0,0,0,0,0,0,0,7,0,0,0,7,1,False,False,JELLICO
eshien cellphone accessories,0,0,0,0,0,0,0,0,7,0,0,0,7,1,False,False,ESHIEN CELLPHONE ACCESSORIES
la senza,0,3,0,0,0,0,1,0,3,0,0,0,7,3,False,True,LA SENZA
digital axis,0,0,0,0,0,0,0,0,7,0,0,0,7,1,False,False,DIGITAL AXIS
g force,0,0,0,0,0,1,0,1,5,0,0,0,7,3,False,True,G-FORCE
chagee,0,0,0,0,0,2,2,3,0,0,0,0,7,3,False,True,CHAGEE
house of desserts,0,0,0,0,0,0,0,0,7,0,0,0,7,1,False,False,HOUSE OF DESSERTS
phonected telecom,0,0,0,0,0,0,0,1,6,0,0,0,7,2,False,True,PHONECTED TELECOM
zencell,0,0,1,0,0,0,0,2,0,0,4,0,7,3,False,True,Zencell
wing zone,0,1,0,0,0,0,0,0,6,0,0,0,7,2,False,True,WING ZONE
urstore,0,0,0,0,0,0,0,0,7,0,0,0,7,1,False,False,URSTORE
nanyang,0,0,0,0,0,0,1,3,3,0,0,0,7,3,False,True,NANYANG
piandre salon,0,6,0,0,0,0,0,0,1,0,0,0,7,2,False,True,PIANDRE SALON
directors club,0,0,0,0,0,0,0,0,7,0,0,0,7,1,False,False,DIRECTORS CLUB
attic tours,0,0,0,0,0,0,0,0,7,0,0,0,7,1,False,False,ATTIC TOURS
jewels,1,0,0,1,0,0,0,1,3,0,1,0,7,5,False,True,JEWELS
strap shop,0,0,0,1,0,2,0,0,4,0,0,0,7,3,False,True,STRAP SHOP
wonder park,0,0,0,0,0,0,0,0,0,0,7,0,7,1,False,False,Wonder Park
robinsons easymart,1,1,0,0,0,3,0,2,0,0,0,0,7,4,False,True,Robinsons Easymart
ribshack,0,2,0,0,0,1,0,4,0,0,0,0,7,3,False,True,RIBSHACK
audiophile,0,2,1,0,0,0,0,0,4,0,0,0,7,3,False,True,AUDIOPHILE
cebu pacific,0,0,0,0,3,0,0,0,4,0,0,0,7,2,False,True,CEBU PACIFIC
gift box,0,0,0,0,0,0,0,0,0,0,7,0,7,1,False,False,GIFT BOX
baa baa thai tea,0,0,2,0,0,0,0,2,3,0,0,0,7,3,False,True,BAA BAA THAI TEA
kumori japanese bakery cafe,0,0,0,0,0,0,0,0,7,0,0,0,7,1,False,False,KUMORI JAPANESE BAKERY CAFE
scorched smokehouse,0,0,0,0,0,1,0,0,6,0,0,0,7,2,False,True,SCORCHED SMOKEHOUSE
zenutrients,0,2,0,0,0,0,0,0,5,0,0,0,7,2,False,True,ZENUTRIENTS
kumori,0,2,1,0,0,0,1,3,0,0,0,0,7,4,False,True,Kumori
eo kids & up,1,2,1,0,0,0,0,3,0,0,0,0,7,4,False,True,EO KIDS & UP
jb music sports,0,0,0,0,0,0,0,0,7,0,0,0,7,1,False,False,JB MUSIC SPORTS
hoco,0,2,0,0,0,0,0,0,5,0,0,0,7,2,False,True,HOCO
dfa,0,0,1,0,0,0,0,5,0,0,1,0,7,3,False,True,DFA
merry mango,0,0,0,0,0,0,0,3,3,0,0,0,6,2,False,True,Merry Mango
botanifique,0,1,0,0,0,0,0,2,3,0,0,0,6,3,False,True,BOTANIFIQUE
dlc dental health studio,0,0,0,0,0,0,0,0,6,0,0,0,6,1,False,False,DLC DENTAL HEALTH STUDIO
jollyland,0,0,0,0,0,0,0,6,0,0,0,0,6,1,False,False,JOLLYLAND
blims fine furniture,0,4,0,0,0,0,0,0,2,0,0,0,6,2,False,True,BLIMS FINE FURNITURE
dune,0,3,0,0,0,0,0,1,2,0,0,0,6,3,False,True,DUNE
bibo,0,0,0,0,0,0,0,0,3,0,0,3,6,2,False,True,BIBO
eastwest bank,0,0,2,0,1,1,1,0,0,0,1,0,6,5,False,True,EastWest Bank
zara,0,4,0,0,0,0,0,0,2,0,0,0,6,2,False,True,ZARA
fiftea,0,1,0,0,1,0,0,1,3,0,0,0,6,4,False,True,FIFTEA
ipanema,0,0,1,0,0,0,0,1,4,0,0,0,6,3,False,True,IPANEMA
din tai fung,0,2,0,0,0,1,0,0,3,0,0,0,6,3,False,True,DIN TAI FUNG
zamin foreign exchange,0,3,0,0,0,1,0,2,0,0,0,0,6,3,False,True,ZAMIN FOREIGN EXCHANGE
black scoop cafe,0,0,0,0,0,1,0,1,4,0,0,0,6,3,False,True,BLACK SCOOP CAFE
mobile care by power mac center,0,0,0,0,0,0,0,1,5,0,0,0,6,2,False,True,MOBILE CARE BY POWER MAC CENTER
single origin,0,3,0,0,0,1,0,1,1,0,0,0,6,4,False,True,SINGLE ORIGIN
bow & wow,0,5,0,0,0,0,0,1,0,0,0,0,6,2,False,True,BOW & WOW
mobile buddy,0,0,0,0,0,0,0,0,6,0,0,0,6,1,False,False,MOBILE BUDDY
bocu,0,0,1,0,0,2,0,1,2,0,0,0,6,4,False,True,BOCU
ucc clockwork,0,3,0,0,0,2,0,1,0,0,0,0,6,3,False,True,UCC CLOCKWORK
montre,0,3,0,0,0,0,0,0,3,0,0,0,6,2,False,True,MONTRE
yoshinoya,0,1,1,0,0,0,0,1,3,0,0,0,6,4,False,True,YOSHINOYA
pedro,0,3,0,0,0,0,0,0,3,0,0,0,6,2,False,True,PEDRO
kettle corn,0,0,0,1,0,0,0,3,0,1,0,1,6,4,False,True,KETTLE CORN
browlab,0,1,0,1,0,0,0,0,4,0,0,0,6,3,False,True,BROWLAB
michelles homemade putong ube,0,5,0,0,0,0,0,0,1,0,0,0,6,2,False,True,MICHELLE'S HOMEMADE PUTONG UBE
blue box,0,0,0,0,0,0,0,0,3,0,3,0,6,2,False,True,BLUE BOX
photoism,0,0,0,0,0,0,0,2,4,0,0,0,6,2,False,True,PHOTOISM
kevins toys & library,0,3,0,0,0,0,0,3,0,0,0,0,6,2,False,True,KEVIN'S TOYS & LIBRARY
paiks coffee,0,2,1,0,0,0,0,2,1,0,0,0,6,4,False,True,PAIK’S COFFEE
yowell,0,0,0,0,0,0,0,1,5,0,0,0,6,2,False,True,YOWELL
acme jewelry,0,3,1,0,0,0,0,1,1,0,0,0,6,4,False,True,ACME JEWELRY
famous amos,0,1,0,0,0,0,0,2,3,0,0,0,6,3,False,True,FAMOUS AMOS
juice co the juice bar,0,0,0,0,0,0,0,1,5,0,0,0,6,2,False,True,JUICE CO THE JUICE BAR
phonix cellular,0,0,0,0,0,0,0,0,6,0,0,0,6,1,False,False,PHONIX CELLULAR
k star,0,0,0,0,0,0,0,0,6,0,0,0,6,1,False,False,K-STAR
momo mobility,0,0,0,0,0,0,0,0,6,0,0,0,6,1,False,False,MOMO MOBILITY
juego,0,1,1,0,0,0,1,1,2,0,0,0,6,5,False,True,JUEGO
midas bag shoe and leather spa,0,1,0,0,0,0,0,0,5,0,0,0,6,2,False,True,MIDAS BAG SHOE AND LEATHER SPA
mega pixel,0,0,0,0,0,0,0,1,5,0,0,0,6,2,False,True,MEGA PIXEL
metrobank atm,0,0,0,0,2,3,0,0,0,0,1,0,6,3,False,True,Metrobank ATM
screen secure,0,0,0,0,1,0,0,0,5,0,0,0,6,2,False,True,SCREEN SECURE
digi stamps,0,0,0,0,0,0,0,1,5,0,0,0,6,2,False,True,DIGI-STAMPS
kain sa mesa,0,0,0,0,0,0,0,0,6,0,0,0,6,1,False,False,KAIN SA MESA
bomatech,0,0,0,0,0,0,0,0,6,0,0,0,6,1,False,False,BOMATECH
katitays takoyaki,0,4,0,0,0,0,0,2,0,0,0,0,6,2,False,True,KATITAY'S TAKOYAKI
bee healthy lemon,0,2,0,0,0,0,0,1,0,0,3,0,6,3,False,True,Bee Healthy Lemon
jems barber,0,0,0,0,0,0,0,1,5,0,0,0,6,2,False,True,JEMS BARBER
skin perfect facial salon,0,0,0,0,0,0,0,0,6,0,0,0,6,1,False,False,SKIN PERFECT FACIAL SALON
egg station,0,0,0,0,0,0,0,4,2,0,0,0,6,2,False,True,EGG STATION
tsujiri,0,1,0,0,0,0,1,0,4,0,0,0,6,3,False,True,TSUJIRI
waki,0,0,0,0,0,1,0,1,4,0,0,0,6,3,False,True,WAKI
icebergs,0,0,0,0,0,0,0,1,5,0,0,0,6,2,False,True,ICEBERGS
harbour city,0,0,0,0,0,0,0,1,5,0,0,0,6,2,False,True,HARBOUR CITY
nyfd,0,0,0,0,0,0,0,1,5,0,0,0,6,2,False,True,NYFD
maldita,0,0,0,0,0,0,0,1,5,0,0,0,6,2,False,True,MALDITA
technocare,0,0,0,0,0,0,0,0,6,0,0,0,6,1,False,False,TECHNOCARE
vacant,0,0,0,0,0,0,0,0,0,0,0,6,6,1,False,False,VACANT
power premium gadgets,0,0,0,0,0,2,0,0,4,0,0,0,6,2,False,True,POWER PREMIUM GADGETS
rookie usa,0,5,1,0,0,0,0,0,0,0,0,0,6,2,False,True,ROOKIE USA
strom mobile gadgets,0,0,0,0,0,0,0,0,6,0,0,0,6,1,False,False,STROM MOBILE GADGETS
crunch,0,0,0,0,0,0,0,6,0,0,0,0,6,1,False,False,THE CRUNCH
potdog yummyyes delights,0,4,0,0,0,0,0,0,2,0,0,0,6,2,False,True,POTDOG YUMMYYES DELIGHTS
ate ricas bacsilog on the go,0,6,0,0,0,0,0,0,0,0,0,0,6,1,False,False,ATE RICA'S BACSILOG ON-THE-GO
hannahs cake decors party needs,0,0,0,0,0,0,0,0,6,0,0,0,6,1,False,False,HANNAHS CAKE DECORS PARTY NEEDS
hungry pita,0,0,0,0,0,0,0,6,0,0,0,0,6,1,False,False,HUNGRY PITA
fully charged,0,0,0,0,0,0,0,0,6,0,0,0,6,1,False,False,FULLY CHARGED
quiksilver,0,0,0,0,0,0,0,0,6,0,0,0,6,1,False,False,QUIKSILVER
republic of gamers,0,0,0,0,0,0,0,0,6,0,0,0,6,1,False,False,REPUBLIC OF GAMERS
fruitfull,0,0,0,0,0,1,0,1,4,0,0,0,6,3,False,True,FRUITFULL
laycom,0,1,0,0,0,0,0,2,3,0,0,0,6,3,False,True,LAYCOM
baliwag lechon manok atbp,0,0,0,0,0,1,0,0,5,0,0,0,6,2,False,True,BALIWAG LECHON MANOK ATBP
glutapeel skin whitening specialist,0,0,0,0,0,0,0,0,6,0,0,0,6,1,False,False,GLUTAPEEL SKIN WHITENING SPECIALIST
kusina ni gracia,0,0,0,0,0,0,0,0,6,0,0,0,6,1,False,False,KUSINA NI GRACIA
capital,0,0,1,0,0,0,0,1,4,0,0,0,6,3,False,True,CAPITAL
tender juicy hotdog,0,0,0,0,1,0,0,2,2,0,0,1,6,4,False,True,TENDER JUICY HOTDOG
candy station,0,0,0,0,0,0,0,1,4,0,0,1,6,3,False,True,CANDY STATION
banapple,0,0,0,0,0,0,0,0,6,0,0,0,6,1,False,False,BANAPPLE
tenki,0,0,0,0,0,0,0,0,6,0,0,0,6,1,False,False,TENKI
nanyang kopi tiam,0,0,0,0,0,0,0,0,6,0,0,0,6,1,False,False,NANYANG KOPI TIAM
rockys barbershop,0,2,0,0,1,0,0,1,2,0,0,0,6,4,False,True,ROCKY'S BARBERSHOP
music gallery,0,0,0,0,0,0,0,1,5,0,0,0,6,2,False,True,MUSIC GALLERY
lechoneria lechon belly and filipino favorites,0,0,0,0,0,0,0,0,6,0,0,0,6,1,False,False,LECHONERIA LECHON BELLY AND FILIPINO FAVORITES
victory christian fellowship,0,2,2,0,0,0,0,2,0,0,0,0,6,3,False,True,VICTORY CHRISTIAN FELLOWSHIP
andoks,0,5,0,0,0,0,0,0,0,0,0,1,6,2,False,True,ANDOK'S
geo watch unlimited,0,0,0,0,0,0,0,1,5,0,0,0,6,2,False,True,GEO-WATCH UNLIMITED
hedgren,0,1,0,0,0,1,0,0,4,0,0,0,6,3,False,True,HEDGREN
lawson,0,0,0,0,0,6,0,0,0,0,0,0,6,1,False,False,Lawson
lavish lashes studio,0,2,1,0,0,0,0,0,3,0,0,0,6,3,False,True,LAVISH LASHES STUDIO
healthy smile for kids,0,0,0,0,0,0,0,0,6,0,0,0,6,1,False,False,HEALTHY SMILE FOR KIDS
geox,0,3,0,0,0,0,0,1,2,0,0,0,6,3,False,True,GEOX
herbench,0,0,0,0,0,0,0,0,6,0,0,0,6,1,False,False,HERBENCH
nail a holics,0,0,1,0,0,3,0,2,0,0,0,0,6,3,False,True,Nail-A-Holics
ricos lechon,0,2,1,0,0,0,3,0,0,0,0,0,6,3,False,True,Rico's Lechon
starbucks reserve,0,2,0,0,0,0,1,0,3,0,0,0,6,3,False,True,STARBUCKS RESERVE
gerrys,0,0,0,0,0,1,0,4,1,0,0,0,6,3,False,True,Gerry's
charles tyrwhitt,0,3,0,0,0,1,0,1,1,0,0,0,6,4,False,True,CHARLES TYRWHITT
t&j salon,0,0,0,0,0,3,0,2,0,0,1,0,6,3,False,True,T&J Salon
columbia,1,4,0,0,0,0,0,1,0,0,0,0,6,3,False,True,COLUMBIA
gan advanced osseointegration center,0,3,0,0,0,0,0,0,3,0,0,0,6,2,False,True,GAN ADVANCED OSSEOINTEGRATION CENTER
dell,0,0,0,0,2,0,0,0,4,0,0,0,6,2,False,True,DELL
presnet,0,0,0,0,0,1,0,3,0,0,2,0,6,3,False,True,Presnet
hot star large fried chicken,0,0,0,0,0,0,0,0,6,0,0,0,6,1,False,False,HOT-STAR LARGE FRIED CHICKEN
hotdog on sticks,0,2,0,0,0,0,0,1,3,0,0,0,6,3,False,True,HOTDOG ON STICKS
alveo,0,6,0,0,0,0,0,0,0,0,0,0,6,1,False,False,ALVEO
oasis dental care,0,0,0,0,0,0,0,0,4,0,2,0,6,2,False,True,OASIS DENTAL CARE
crave special chicharon,0,0,0,0,0,0,0,0,5,0,1,0,6,2,False,True,CRAVE SPECIAL CHICHARON
la z boy,1,0,0,0,0,0,0,0,5,0,0,0,6,2,False,True,La-Z-Boy
i love milk tea,0,0,0,0,0,0,0,1,4,1,0,0,6,3,False,True,I LOVE MILK TEA
hyped mangoes,0,0,0,0,0,0,0,2,3,0,1,0,6,3,False,True,HYPED MANGOES
nuat thai foot and body massage,0,6,0,0,0,0,0,0,0,0,0,0,6,1,False,False,NUAT THAI FOOT AND BODY MASSAGE
play telecom,0,0,0,0,0,0,0,4,2,0,0,0,6,2,False,True,Play Telecom
asics,0,3,0,0,0,0,0,0,3,0,0,0,6,2,False,True,ASICS
out of nowhere kitchen,0,0,0,0,0,0,0,1,5,0,0,0,6,2,False,True,OUT OF NOWHERE KITCHEN
lord stows bakery,0,3,0,0,0,1,1,1,0,0,0,0,6,4,False,True,LORD STOW'S BAKERY
cignal tv,0,1,0,0,0,0,0,0,5,0,0,0,6,2,False,True,CIGNAL TV
clarks,0,3,0,0,0,0,1,0,2,0,0,0,6,3,False,True,CLARKS
fox,0,1,0,0,0,0,0,1,4,0,0,0,6,3,False,True,FOX
sunnies flask,0,4,1,0,0,0,0,0,1,0,0,0,6,3,False,True,SUNNIES FLASK
c cellzone,0,0,0,0,0,0,0,0,0,0,6,0,6,1,False,False,C.Cellzone
sony centre,0,6,0,0,0,0,0,0,0,0,0,0,6,1,False,False,SONY CENTRE
koomi,0,0,0,1,0,0,0,2,3,0,0,0,6,3,False,True,KOOMI
focus richman eye clinic,0,0,0,0,0,0,0,0,1,0,5,0,6,2,False,True,Focus Richman Eye Clinic
goto lover,0,2,0,0,0,1,0,1,1,0,1,0,6,5,False,True,GOTO LOVER
yale smart shop,0,0,0,0,0,0,0,0,6,0,0,0,6,1,False,False,YALE SMART SHOP
chinabank,0,0,0,0,0,2,2,1,0,0,0,1,6,4,False,True,Chinabank
unionbank,0,0,0,0,0,6,0,0,0,0,0,0,6,1,False,False,UnionBank
reborn,0,0,0,0,0,0,0,2,4,0,0,0,6,2,False,True,REBORN
nillkin,0,0,0,0,1,0,0,0,5,0,0,0,6,2,False,True,NILLKIN
citrus center,0,0,0,0,0,0,0,0,6,0,0,0,6,1,False,False,THE CITRUS CENTER
razons by glenn,0,2,1,0,0,0,0,1,2,0,0,0,6,4,False,True,RAZON'S BY GLENN
clean car,0,4,0,0,0,0,0,2,0,0,0,0,6,2,False,True,CLEAN CAR
oro galleria center,0,2,0,0,0,1,0,0,3,0,0,0,6,3,False,True,ORO GALLERIA CENTER
suarez and sons,0,0,0,0,0,0,0,0,6,0,0,0,6,1,False,False,SUAREZ AND SONS
nokia,0,0,0,0,2,0,0,0,3,0,1,0,6,3,False,True,Nokia
kskin korean express facial,0,0,0,0,0,1,0,0,5,0,0,0,6,2,False,True,KSKIN KOREAN EXPRESS FACIAL
muji,0,2,0,0,0,1,1,0,2,0,0,0,6,4,False,True,MUJI
inihaw x,0,0,0,0,0,0,0,0,6,0,0,0,6,1,False,False,INIHAW X
fresh fragrance bar,0,5,0,0,0,1,0,0,0,0,0,0,6,2,False,True,FRESH FRAGRANCE BAR
visualities by eo,0,2,0,0,0,0,0,1,3,0,0,0,6,3,False,True,VISUALITIES BY EO
r lapids chicharon,0,1,0,0,0,0,0,2,3,0,0,0,6,3,False,True,R LAPIDS CHICHARON
matcha tokyo,0,0,0,0,0,2,0,3,1,0,0,0,6,3,False,True,The Matcha Tokyo
art circle gallery,0,1,1,0,0,1,0,1,2,0,0,0,6,5,False,True,ART CIRCLE GALLERY
unica,0,0,0,0,0,0,0,1,5,0,0,0,6,2,False,True,UNICA
manilachon,0,0,0,0,0,2,0,0,4,0,0,0,6,2,False,True,MANILACHON
mangan,0,1,0,0,0,0,0,1,4,0,0,0,6,3,False,True,MANGAN
neutral grounds,1,4,0,0,0,0,1,0,0,0,0,0,6,3,False,True,NEUTRAL GROUNDS
all about lemon,0,0,0,1,0,0,0,0,4,0,1,0,6,3,False,True,ALL ABOUT LEMON
art bar,0,2,0,0,0,0,0,1,3,0,0,0,6,3,False,True,ART BAR
sunnies by charlie,0,0,0,0,0,0,0,0,5,0,0,0,5,1,False,False,SUNNIES BY CHARLIE
jewelmer,0,4,0,0,0,0,0,0,1,0,0,0,5,2,False,True,JEWELMER
eo premier,0,1,1,0,0,0,0,0,3,0,0,0,5,3,False,True,EO PREMIER
t&j salon professionals,0,3,0,1,0,0,0,1,0,0,0,0,5,3,False,True,T&J SALON PROFESSIONALS
dohtonbori,0,0,0,0,0,0,0,0,5,0,0,0,5,1,False,False,DOHTONBORI
taco bell,0,3,0,0,0,1,0,0,1,0,0,0,5,3,False,True,TACO BELL
bongbongs piaya and barquillos,0,0,1,0,0,0,0,0,4,0,0,0,5,2,False,True,BONGBONG'S PIAYA AND BARQUILLOS
grind,0,2,1,0,0,0,0,2,0,0,0,0,5,3,False,True,GRIND
christs commission fellowship,0,3,0,0,0,0,0,2,0,0,0,0,5,2,False,True,CHRIST'S COMMISSION FELLOWSHIP
jesi mendez salon,0,3,0,0,0,0,0,2,0,0,0,0,5,2,False,True,JESI MENDEZ SALON
peri peri,0,0,0,0,0,0,2,3,0,0,0,0,5,2,False,True,Peri-Peri
gracias lechon belly atbp,0,0,0,0,0,0,0,0,5,0,0,0,5,1,False,False,GRACIAS LECHON BELLY ATBP
tactics water gear,0,0,0,0,0,0,0,0,5,0,0,0,5,1,False,False,TACTICS WATER GEAR
jewels by audrey,0,2,0,0,0,0,0,0,3,0,0,0,5,2,False,True,JEWELS BY AUDREY
rice in a box,0,0,0,0,0,0,0,3,0,1,0,1,5,3,False,True,RICE IN A BOX
citrus zone,0,0,0,0,0,0,0,1,3,0,0,1,5,3,False,True,Citrus Zone
perfect pitch,0,0,0,0,0,0,0,0,5,0,0,0,5,1,False,False,PERFECT PITCH
gnc live well,0,0,0,0,0,0,0,0,5,0,0,0,5,1,False,False,GNC LIVE WELL
stylash eyelash salon,0,0,0,0,0,0,0,0,5,0,0,0,5,1,False,False,STYLASH EYELASH SALON
bny jeans,0,0,0,0,0,0,0,0,5,0,0,0,5,1,False,False,BNY JEANS
halo,0,0,0,0,0,0,0,2,3,0,0,0,5,2,False,True,HALO
chicco,0,2,1,0,0,1,0,0,1,0,0,0,5,4,False,True,CHICCO
dot coffee,0,0,0,0,0,3,0,1,1,0,0,0,5,3,False,True,Dot Coffee
jo malone london,0,0,0,0,0,0,0,0,5,0,0,0,5,1,False,False,JO MALONE LONDON
emj watch repair service center,0,0,0,0,0,0,0,0,5,0,0,0,5,1,False,False,EMJ WATCH REPAIR SERVICE CENTER
suds laundry,0,0,0,0,0,1,0,1,3,0,0,0,5,3,False,True,SUDS LAUNDRY
shimmer and shield car coating,0,0,0,0,0,0,0,0,5,0,0,0,5,1,False,False,SHIMMER AND SHIELD CAR COATING
reebok,0,0,0,0,1,0,0,0,4,0,0,0,5,2,False,True,REEBOK
gizmo central,0,1,1,0,0,0,0,0,3,0,0,0,5,3,False,True,GIZMO CENTRAL
sushi nori,0,2,0,0,0,0,0,0,3,0,0,0,5,2,False,True,SUSHI NORI
coldstone creamery,0,2,0,0,0,0,0,0,3,0,0,0,5,2,False,True,COLDSTONE CREAMERY
golds gym,0,0,0,0,0,3,0,2,0,0,0,0,5,2,False,True,Gold's Gym
eggspert,0,0,0,0,0,0,0,3,2,0,0,0,5,2,False,True,EGGSPERT
red mango,0,3,0,0,0,1,0,1,0,0,0,0,5,3,False,True,RED MANGO
doughnut outdoor gear,0,0,0,0,0,0,0,0,5,0,0,0,5,1,False,False,DOUGHNUT OUTDOOR GEAR
headway vera,0,0,0,0,0,0,0,0,5,0,0,0,5,1,False,False,HEADWAY VERA
edifer,0,0,0,0,0,0,0,0,1,0,4,0,5,2,False,True,Edifer
giardino gelato,0,2,0,0,0,0,0,0,3,0,0,0,5,2,False,True,GIARDINO GELATO
chatramue,0,0,0,0,0,1,0,3,1,0,0,0,5,3,False,True,CHATRAMUE
eo kids up,0,0,0,0,0,0,0,0,5,0,0,0,5,1,False,False,EO KIDS UP
doktor relos,0,0,0,0,0,0,0,0,5,0,0,0,5,1,False,False,DOKTOR RELOS
perfect health,0,1,0,0,0,0,0,0,4,0,0,0,5,2,False,True,PERFECT HEALTH
serom hair,0,0,0,0,0,0,0,0,5,0,0,0,5,1,False,False,SEROM HAIR
instamp,0,0,0,0,0,0,0,1,4,0,0,0,5,2,False,True,INSTAMP
comworks,0,0,0,0,0,0,0,1,2,0,2,0,5,3,False,True,Comworks
imax,0,0,0,0,0,0,0,0,5,0,0,0,5,1,False,False,IMAX
ikkoryu fukuoka ramen,0,1,0,0,0,0,0,0,4,0,0,0,5,2,False,True,IKKORYU FUKUOKA RAMEN
cabeza jewelry and accessories shop,0,0,0,0,0,0,0,0,5,0,0,0,5,1,False,False,CABEZA JEWELRY AND ACCESSORIES SHOP
cacao de davao,0,0,0,0,0,0,0,0,5,0,0,0,5,1,False,False,CACAO DE DAVAO
cafe mediterranean,0,2,0,0,0,0,1,0,2,0,0,0,5,3,False,True,CAFE MEDITERRANEAN
farinas ilocos empanada,0,1,1,0,0,0,0,3,0,0,0,0,5,3,False,True,FARIÑAS ILOCOS EMPANADA
d candy station,0,0,0,0,0,0,0,1,4,0,0,0,5,2,False,True,D CANDY STATION
fantastic baka,0,0,0,0,0,0,0,0,5,0,0,0,5,1,False,False,FANTASTIC BAKA
icenter,0,1,0,0,3,0,0,1,0,0,0,0,5,3,False,True,iCenter
free life,0,1,0,0,2,0,0,1,0,1,0,0,5,4,False,True,Free Life
california nails day spa,0,0,0,0,0,0,0,0,5,0,0,0,5,1,False,False,CALIFORNIA NAILS DAY SPA
camerahaus plus,0,0,0,0,0,0,0,0,5,0,0,0,5,1,False,False,CAMERAHAUS PLUS
royqueen,0,0,0,0,0,0,0,0,5,0,0,0,5,1,False,False,ROYQUEEN
i time,0,0,0,1,0,0,0,0,0,0,4,0,5,2,False,True,I-Time
scent co,0,0,1,0,0,0,0,4,0,0,0,0,5,2,False,True,The Scent Co.
scent station,0,1,0,0,0,0,0,2,2,0,0,0,5,3,False,True,SCENT STATION
canon,0,0,0,0,0,0,1,0,4,0,0,0,5,2,False,True,CANON
i do nails,0,1,0,0,0,2,1,1,0,0,0,0,5,4,False,True,I Do Nails
bubble tea station,0,0,0,0,0,0,0,2,3,0,0,0,5,2,False,True,BUBBLE TEA STATION
fone style accessories,0,2,0,0,0,0,0,0,3,0,0,0,5,2,False,True,FONE STYLE ACCESSORIES
hearts and bells bakery,0,0,1,0,0,1,0,0,3,0,0,0,5,3,False,True,HEARTS AND BELLS BAKERY
tissot,0,1,0,0,0,1,0,0,3,0,0,0,5,3,False,True,TISSOT
innisfree,0,1,1,0,0,0,0,0,3,0,0,0,5,3,False,True,INNISFREE
bunny banana,0,0,0,0,0,1,0,1,2,0,1,0,5,4,False,True,BUNNY BANANA
ink all you can,0,0,0,0,0,0,0,0,5,0,0,0,5,1,False,False,INK ALL YOU CAN
infomax,0,2,0,0,0,0,0,0,3,0,0,0,5,2,False,True,INFOMAX
salomon,0,2,0,0,0,0,0,0,3,0,0,0,5,2,False,True,SALOMON
timberland,0,1,0,0,0,0,0,0,4,0,0,0,5,2,False,True,TIMBERLAND
santinos pizza,0,0,1,0,3,0,0,1,0,0,0,0,5,3,False,True,Santino's Pizza
davids cut,0,0,0,0,0,0,0,0,0,0,5,0,5,1,False,False,David's Cut
tiktilaok,0,1,0,0,0,1,0,2,1,0,0,0,5,4,False,True,Tiktilaok
snooze nook,0,0,0,0,0,0,0,0,5,0,0,0,5,1,False,False,SNOOZE NOOK
pinctada,0,0,1,0,0,0,0,0,4,0,0,0,5,2,False,True,PINCTADA
tiong bahru,0,0,0,0,0,2,2,1,0,0,0,0,5,3,False,True,Tiong Bahru
daves fun house,0,3,0,0,0,1,0,0,1,0,0,0,5,3,False,True,DAVE'S FUN HOUSE
flying tiger,0,0,0,0,0,2,0,3,0,0,0,0,5,2,False,True,FLYING TIGER
butterfly twists,0,1,0,0,0,1,0,1,2,0,0,0,5,4,False,True,BUTTERFLY TWISTS
tickles,0,2,0,0,0,0,0,0,3,0,0,0,5,2,False,True,TICKLES
buffalo avenue,0,0,0,0,0,1,0,0,2,0,2,0,5,3,False,True,Buffalo Avenue
i active,0,0,0,0,0,0,0,0,5,0,0,0,5,1,False,False,I ACTIVE
springfield,0,4,0,0,0,0,0,0,1,0,0,0,5,2,False,True,SPRINGFIELD
diagold,0,0,0,0,0,0,0,0,5,0,0,0,5,1,False,False,DIAGOLD
fruits in ice cream,0,3,0,0,0,0,0,0,2,0,0,0,5,2,False,True,FRUITS IN ICE CREAM
hongkong style noodles,0,0,1,0,0,0,0,2,1,0,0,1,5,4,False,True,Hongkong Style Noodles
core pacific money changer,0,0,0,0,0,0,0,5,0,0,0,0,5,1,False,False,Core Pacific Money Changer
seiko,1,4,0,0,0,0,0,0,0,0,0,0,5,2,False,True,SEIKO
hola,0,0,0,0,0,0,0,0,5,0,0,0,5,1,False,False,HOLA
boy zugba,0,1,0,0,0,0,0,1,3,0,0,0,5,3,False,True,BOY ZUGBA
hobbiestock collectibles,0,5,0,0,0,0,0,0,0,0,0,0,5,1,False,False,HOBBIESTOCK COLLECTIBLES
pritong manok,0,0,0,0,4,0,0,1,0,0,0,0,5,2,False,True,Pritong Manok
gap,0,3,0,0,0,0,0,0,2,0,0,0,5,2,False,True,GAP
tapa king,0,1,0,0,1,1,0,1,1,0,0,0,5,5,False,True,TAPA KING
gashapon,0,0,0,0,0,2,0,3,0,0,0,0,5,2,False,True,Gashapon
copy pacific,0,0,0,0,0,0,0,0,5,0,0,0,5,1,False,False,COPY PACIFIC
petrol,0,3,0,0,0,0,0,2,0,0,0,0,5,2,False,True,PETROL
ps bank,0,0,0,0,2,0,0,2,0,0,0,1,5,3,False,True,PS Bank
cellway,0,0,0,0,0,0,0,0,5,0,0,0,5,1,False,False,CELLWAY
takoyadon plus,0,0,0,0,0,0,0,0,5,0,0,0,5,1,False,False,TAKOYADON PLUS
puffys,0,0,0,0,0,0,0,0,5,0,0,0,5,1,False,False,PUFFYS
century chinese drug store,0,0,0,0,0,0,0,0,5,0,0,0,5,1,False,False,CENTURY CHINESE DRUG STORE
gamextreme,0,0,0,0,0,2,1,1,1,0,0,0,5,4,False,True,Gamextreme
evo,0,0,0,0,0,0,0,1,4,0,0,0,5,2,False,True,EVO
dior,0,2,0,0,0,0,0,0,3,0,0,0,5,2,False,True,DIOR
philips,1,0,0,0,0,1,0,2,1,0,0,0,5,4,False,True,Philips
potdog,0,0,1,0,0,0,1,3,0,0,0,0,5,3,False,True,Potdog
eye crafter,0,0,0,0,2,0,0,0,3,0,0,0,5,2,False,True,EYE CRAFTER
fun house,0,0,0,0,0,0,0,1,4,0,0,0,5,2,False,True,FUN HOUSE
brewed buddies,0,0,0,0,0,0,0,1,4,0,0,0,5,2,False,True,THE BREWED BUDDIES
fun time,0,0,0,0,0,0,0,0,0,0,2,3,5,2,False,True,FUN TIME
powerfix,0,0,0,0,0,0,0,0,5,0,0,0,5,1,False,False,POWERFIX
powertech,0,0,0,0,0,0,0,0,3,0,2,0,5,2,False,True,POWERTECH
techno mobile,0,0,0,0,0,0,0,0,4,0,0,1,5,2,False,True,TECHNO MOBILE
cotti coffee,0,0,0,0,0,2,0,0,3,0,0,0,5,2,False,True,COTTI COFFEE
g&g taiwan famous fried chicken,0,0,0,0,0,0,0,0,5,0,0,0,5,1,False,False,G&G TAIWAN FAMOUS FRIED CHICKEN
gadget headz,0,0,0,0,0,0,0,2,3,0,0,0,5,2,False,True,GADGET HEADZ
slimmers world international,0,0,0,0,0,0,0,0,5,0,0,0,5,1,False,False,SLIMMERS WORLD INTERNATIONAL
dimsum break,0,0,0,0,0,0,0,1,4,0,0,0,5,2,False,True,DIMSUM BREAK
predator,0,0,0,0,0,0,0,0,5,0,0,0,5,1,False,False,PREDATOR
seek shine,0,3,0,0,0,0,0,0,2,0,0,0,5,2,False,True,SEEK SHINE
evoke,0,2,0,0,0,0,0,0,3,0,0,0,5,2,False,True,EVOKE
hongkong style noodles & dimsum,0,0,0,0,0,0,0,5,0,0,0,0,5,1,False,False,Hongkong Style Noodles & Dimsum
e bingo,0,0,0,0,0,0,0,1,1,0,0,3,5,3,False,True,E-BINGO
barcada,0,0,0,0,0,2,0,2,1,0,0,0,5,3,False,True,Barcada
memo express,0,0,0,0,1,0,0,4,0,0,0,0,5,2,False,True,Memo Express
yi fang taiwan fruit tea,0,5,0,0,0,0,0,0,0,0,0,0,5,1,False,False,YI FANG TAIWAN FRUIT TEA
tuf barbershop,0,3,0,0,0,1,0,1,0,0,0,0,5,3,False,True,TUF BARBERSHOP
just jewels,0,1,0,0,0,0,0,0,4,0,0,0,5,2,False,True,JUST JEWELS
amici,0,2,0,0,0,1,1,0,1,0,0,0,5,4,False,True,AMICI
mayet de la rosa fine jewelry,0,0,0,0,0,2,0,3,0,0,0,0,5,2,False,True,Mayet De La Rosa Fine Jewelry
world chicken,0,2,0,0,0,1,0,2,0,0,0,0,5,3,False,True,WORLD CHICKEN
bibo shoes,0,0,0,0,0,0,0,2,1,0,0,2,5,3,False,True,BIBO SHOES
aap,0,0,0,0,0,1,0,4,0,0,0,0,5,2,False,True,AAP
white house dental clinic,0,0,0,0,0,0,0,0,5,0,0,0,5,1,False,False,WHITE HOUSE DENTAL CLINIC
malanne,0,0,0,0,0,0,0,0,5,0,0,0,5,1,False,False,MALANNE
lactation treats by rcg,0,0,0,0,0,0,0,0,5,0,0,0,5,1,False,False,LACTATION TREATS BY RCG
bebang,0,0,0,0,0,4,0,1,0,0,0,0,5,2,False,True,Bebang
locavore,0,0,0,0,0,1,2,0,2,0,0,0,5,3,False,True,Locavore
watami sushi bar & grill,0,5,0,0,0,0,0,0,0,0,0,0,5,1,False,False,WATAMI SUSHI BAR & GRILL
micro valley,0,0,1,0,1,0,1,2,0,0,0,0,5,4,False,True,Micro Valley
karaoke hub,0,0,0,0,0,0,0,1,4,0,0,0,5,2,False,True,KARAOKE HUB
beauty lab skin body clinic,0,0,0,0,0,0,0,0,5,0,0,0,5,1,False,False,THE BEAUTY LAB SKIN BODY CLINIC
nine fresh,0,0,0,0,0,1,0,1,3,0,0,0,5,3,False,True,NINE FRESH
oldmoon studio,0,3,1,0,0,0,0,0,1,0,0,0,5,3,False,True,OLDMOON STUDIO
urestore pt rehab clinic,0,0,0,0,0,0,0,0,5,0,0,0,5,1,False,False,URESTORE PT REHAB CLINIC
vibes massage services,0,0,0,0,0,0,0,0,3,0,2,0,5,2,False,True,VIBES MASSAGE SERVICES
vice co,0,0,1,0,0,0,0,0,4,0,0,0,5,2,False,True,VICE CO
merry moo,0,0,0,0,0,0,0,2,3,0,0,0,5,2,False,True,MERRY MOO
watch store,0,0,0,0,0,0,0,0,5,0,0,0,5,1,False,False,THE WATCH STORE
party company,0,0,0,0,0,0,0,0,5,0,0,0,5,1,False,False,PARTY COMPANY
mayet dela rosa,0,0,0,0,0,0,0,5,0,0,0,0,5,1,False,False,Mayet Dela Rosa
whitehaus,0,0,0,0,0,0,0,0,5,0,0,0,5,1,False,False,WHITEHAUS
anta sports,0,0,0,0,0,0,0,0,5,0,0,0,5,1,False,False,ANTA SPORTS
yonex,0,1,0,0,0,0,0,2,2,0,0,0,5,3,False,True,YONEX
orange brutus,0,2,0,0,0,1,0,0,2,0,0,0,5,3,False,True,ORANGE BRUTUS
mango magic,0,0,0,0,0,0,0,4,1,0,0,0,5,2,False,True,Mango Magic
big chill,0,0,0,0,0,0,0,2,3,0,0,0,5,2,False,True,THE BIG CHILL
la sole manila,0,0,0,0,0,0,0,2,3,0,0,0,5,2,False,True,LA SOLE MANILA
urban smiles dental clinic,0,3,1,0,0,0,0,0,1,0,0,0,5,3,False,True,URBAN SMILES DENTAL CLINIC
moms ube triple chocolate champorado,0,0,0,0,0,0,0,0,5,0,0,0,5,1,False,False,MOMS UBE TRIPLE CHOCOLATE CHAMPORADO
nailworks,0,0,0,0,0,0,0,0,5,0,0,0,5,1,False,False,NAILWORKS
mo cookies,0,1,0,0,0,1,0,1,2,0,0,0,5,4,False,True,Mo' Cookies
mama lous,0,1,0,0,0,3,1,0,0,0,0,0,5,3,False,True,Mama Lou's
native,0,3,0,0,0,0,0,0,2,0,0,0,5,2,False,True,NATIVE
beijing foot spa,0,2,0,0,0,1,1,0,1,0,0,0,5,4,False,True,BEIJING FOOT SPA
a little tea,0,1,0,0,0,0,0,1,3,0,0,0,5,3,False,True,A LITTLE TEA
besas,0,3,0,0,0,0,2,0,0,0,0,0,5,2,False,True,BESA'S
almon marina,0,0,1,0,0,0,0,1,3,0,0,0,5,3,False,True,ALMON MARINA
typo,0,3,0,0,0,1,0,0,1,0,0,0,5,3,False,True,TYPO
mbscc,0,5,0,0,0,0,0,0,0,0,0,0,5,1,False,False,MBSCC
los churreros,0,0,0,0,0,1,0,3,1,0,0,0,5,3,False,True,LOS CHURREROS
look,1,1,0,0,0,0,0,0,0,2,0,1,5,4,False,True,THE LOOK
pabder,1,1,0,0,0,0,1,0,2,0,0,0,5,4,False,True,PABDER
yifang taiwan fruit tea,0,0,0,0,0,0,0,0,5,0,0,0,5,1,False,False,YIFANG TAIWAN FRUIT TEA
wang fu chinese cafe,0,5,0,0,0,0,0,0,0,0,0,0,5,1,False,False,WANG FU CHINESE CAFÉ
oxy,0,3,1,0,0,0,0,1,0,0,0,0,5,3,False,True,OXY
juice juicy,0,0,0,0,0,0,0,0,3,0,2,0,5,2,False,True,JUICE JUICY
ashley furniture homestore,0,5,0,0,0,0,0,0,0,0,0,0,5,1,False,False,ASHLEY FURNITURE HOMESTORE
payless,0,0,0,0,0,0,0,5,0,0,0,0,5,1,False,False,Payless
ystilo salon,0,0,1,0,0,0,0,0,4,0,0,0,5,2,False,True,YSTILO SALON
noregold fine jewelry,0,0,0,0,0,0,0,0,5,0,0,0,5,1,False,False,NOREGOLD FINE JEWELRY
western plate,0,0,0,0,0,0,0,1,4,0,0,0,5,2,False,True,WESTERN PLATE
vizcos cake shop,0,0,0,0,0,0,0,0,5,0,0,0,5,1,False,False,VIZCOS CAKE SHOP
kind ventures,0,0,0,0,0,0,0,2,3,0,0,0,5,2,False,True,KIND VENTURES
asian home appliance center,0,5,0,0,0,0,0,0,0,0,0,0,5,1,False,False,ASIAN HOME APPLIANCE CENTER
ocampos jewelry,0,0,0,0,0,0,0,1,4,0,0,0,5,2,False,True,OCAMPOS JEWELRY
trendy by vision express,0,3,0,0,0,0,0,0,2,0,0,0,5,2,False,True,TRENDY BY VISION EXPRESS
novo dental,0,1,0,0,0,2,2,0,0,0,0,0,5,3,False,True,Novo Dental
panagatan restaurant,0,1,0,0,0,0,0,2,2,0,0,0,5,3,False,True,PANAGATAN RESTAURANT
joyo marketing,0,1,0,0,0,0,0,0,4,0,0,0,5,2,False,True,JOYO MARKETING
mister kabab,0,0,0,1,0,0,0,0,4,0,0,0,5,2,False,True,MISTER KABAB
belo medical group,0,2,0,0,0,0,0,0,3,0,0,0,5,2,False,True,BELO MEDICAL GROUP
bbq chicken,0,0,1,0,0,1,0,0,3,0,0,0,5,3,False,True,BBQ CHICKEN
ahha,0,0,0,0,0,0,0,0,5,0,0,0,5,1,False,False,AHHA
mary pauline salon,0,2,1,0,0,0,0,0,0,2,0,0,5,3,False,True,MARY PAULINE SALON
magno optical,0,4,0,0,0,0,1,0,0,0,0,0,5,2,False,True,MAGNO OPTICAL
unica hija salon,0,2,0,0,0,0,0,0,3,0,0,0,5,2,False,True,UNICA HIJA SALON
under armour,0,0,0,0,0,0,0,0,5,0,0,0,5,1,False,False,UNDER ARMOUR
nutrition depot,0,1,0,0,0,0,0,0,4,0,0,0,5,2,False,True,NUTRITION DEPOT
lemon zone refreshment,0,0,0,0,0,0,0,0,5,0,0,0,5,1,False,False,LEMON ZONE REFRESHMENT
lemon hub,0,0,0,0,0,0,0,3,2,0,0,0,5,2,False,True,Lemon Hub
acebedo optical,0,0,0,0,1,0,0,1,1,1,0,1,5,5,False,True,ACEBEDO OPTICAL
bayad center,0,0,1,0,0,0,0,2,0,1,1,0,5,4,False,True,Bayad Center
nkll watch repair center,0,0,0,0,0,0,0,0,0,0,5,0,5,1,False,False,NKLL Watch Repair Center
melissa,0,3,0,0,1,0,0,1,0,0,0,0,5,3,False,True,MELISSA
melissa pop up shop,0,0,0,0,0,0,0,0,5,0,0,0,5,1,False,False,MELISSA POP-UP SHOP
mr pluffy,0,0,0,0,0,0,0,4,0,0,0,1,5,2,False,True,MR. PLUFFY
miladay jewels,0,3,0,0,0,0,0,0,2,0,0,0,5,2,False,True,MILADAY JEWELS
mixme,0,0,0,0,0,0,0,0,5,0,0,0,5,1,False,False,MIXME
aristocrat restaurant,0,0,0,0,0,0,0,0,5,0,0,0,5,1,False,False,THE ARISTOCRAT RESTAURANT
airwheel,0,0,0,0,0,1,1,1,2,0,0,0,5,4,False,True,AIRWHEEL
wanderskye,0,1,0,0,0,0,1,1,2,0,0,0,5,4,False,True,WANDERSKYE
laybare waxing salon,0,0,0,0,0,0,0,3,0,0,2,0,5,2,False,True,Laybare Waxing Salon
landbank,0,0,0,0,4,0,0,0,1,0,0,0,5,2,False,True,Landbank
airoma,0,0,0,0,0,0,0,0,5,0,0,0,5,1,False,False,AIROMA
wacky studio,0,1,0,0,0,0,0,0,4,0,0,0,5,2,False,True,WACKY STUDIO
biggs diner all star,0,0,0,0,0,0,0,0,5,0,0,0,5,1,False,False,BIGGS DINER ALL STAR
maimi,0,0,0,0,0,0,0,0,5,0,0,0,5,1,False,False,MAIMI
milky,0,0,0,0,1,0,0,0,4,0,0,0,5,2,False,True,MILKY
bakers fair,0,3,0,0,0,0,1,0,0,1,0,0,5,3,False,True,BAKER'S FAIR
tuan tuan,0,0,0,0,0,0,1,0,4,0,0,0,5,2,False,True,TUAN TUAN
better components,0,0,0,0,0,0,0,0,5,0,0,0,5,1,False,False,BETTER COMPONENTS
odysseus,0,0,0,0,0,0,0,0,5,0,0,0,5,1,False,False,ODYSSEUS
aerofone,0,0,0,0,0,0,0,0,5,0,0,0,5,1,False,False,AEROFONE
pay & go,0,3,0,0,0,2,0,0,0,0,0,0,5,2,False,True,PAY & GO
marks & spencer,0,1,0,0,0,0,0,0,4,0,0,0,5,2,False,True,MARKS & SPENCER
yoyoso,0,2,0,0,0,0,0,3,0,0,0,0,5,2,False,True,Yoyoso
i sports,0,0,1,0,0,0,0,2,1,0,0,0,4,3,False,True,I SPORTS
alley by vikings,0,4,0,0,0,0,0,0,0,0,0,0,4,1,False,False,THE ALLEY BY VIKINGS
alley its time for tea,0,0,0,0,0,0,0,0,4,0,0,0,4,1,False,False,THE ALLEY ITS TIME FOR TEA
tenya tempura tendon,0,2,1,0,0,0,1,0,0,0,0,0,4,3,False,True,TENYA TEMPURA TENDON
isports,0,0,0,1,0,0,0,3,0,0,0,0,4,2,False,True,ISPORTS
oraimo,0,0,0,0,0,0,0,0,4,0,0,0,4,1,False,False,ORAIMO
optical works,0,0,0,0,0,0,0,0,4,0,0,0,4,1,False,False,OPTICAL WORKS
courtside,0,2,0,0,0,0,0,1,1,0,0,0,4,3,False,True,COURTSIDE
crave,0,1,0,0,0,0,0,0,0,0,0,3,4,2,False,True,CRAVE
myeong ryun jinsa galbi,0,1,0,0,0,2,0,0,1,0,0,0,4,3,False,True,MYEONG RYUN JINSA GALBI
mail merge,0,0,0,0,0,0,0,0,4,0,0,0,4,1,False,False,MAIL MERGE
rolex,0,1,0,0,0,1,0,0,2,0,0,0,4,3,False,True,ROLEX
baliwag lechon manok,0,2,0,1,0,0,0,0,0,0,1,0,4,3,False,True,BALIWAG LECHON MANOK
alter station,0,3,1,0,0,0,0,0,0,0,0,0,4,2,False,True,ALTER STATION
g shock casio,0,0,0,0,0,0,0,0,4,0,0,0,4,1,False,False,G-SHOCK CASIO
fun city,0,4,0,0,0,0,0,0,0,0,0,0,4,1,False,False,FUN CITY
baluan ilocos empanada,0,0,0,0,0,0,0,4,0,0,0,0,4,1,False,False,Baluan Ilocos Empanada
royal aesthetics,0,0,0,0,0,0,0,0,4,0,0,0,4,1,False,False,ROYAL AESTHETICS
tender juicy,0,0,0,0,0,0,0,4,0,0,0,0,4,1,False,False,TENDER JUICY
banana leaf,0,0,0,0,0,0,2,0,2,0,0,0,4,2,False,True,Banana Leaf
urbangiz,0,2,0,0,0,0,1,0,1,0,0,0,4,3,False,True,URBANGIZ
urban traveller,0,4,0,0,0,0,0,0,0,0,0,0,4,1,False,False,URBAN TRAVELLER
my dentist dental center,0,1,0,0,0,0,0,0,3,0,0,0,4,2,False,True,MY DENTIST DENTAL CENTER
makimura ramen bar,0,0,0,0,0,0,0,1,3,0,0,0,4,2,False,True,MAKIMURA RAMEN BAR
manila diamond studio,0,1,1,0,0,0,0,0,2,0,0,0,4,3,False,True,MANILA DIAMOND STUDIO
sportszone game center,0,0,0,0,0,0,0,0,4,0,0,0,4,1,False,False,SPORTSZONE GAME CENTER
krispy krust,0,0,0,0,0,0,0,0,4,0,0,0,4,1,False,False,KRISPY KRUST
daily apple,0,1,0,0,0,0,0,0,3,0,0,0,4,2,False,True,DAILY APPLE
forever 21,0,0,0,0,0,0,0,0,4,0,0,0,4,1,False,False,FOREVER 21
for me,0,0,1,0,0,0,0,2,0,1,0,0,4,3,False,True,For Me
thirsty fresh fruit juices & shakes,0,4,0,0,0,0,0,0,0,0,0,0,4,1,False,False,THIRSTY FRESH FRUIT JUICES & SHAKES
pnb atm,0,0,0,0,0,3,0,1,0,0,0,0,4,2,False,True,PNB ATM
soya bar,0,0,1,0,0,0,0,0,3,0,0,0,4,2,False,True,SOYA BAR
aji ichiban,0,0,0,0,0,0,0,2,2,0,0,0,4,2,False,True,AJI ICHIBAN
foot zone,0,2,0,0,0,1,0,1,0,0,0,0,4,3,False,True,FOOT ZONE
klean kanteen,0,2,0,0,0,0,0,0,2,0,0,0,4,2,False,True,KLEAN KANTEEN
oshkosh bgosh,0,4,0,0,0,0,0,0,0,0,0,0,4,1,False,False,OSHKOSH B'GOSH
kitchen city,0,2,0,0,0,2,0,0,0,0,0,0,4,2,False,True,KITCHEN CITY
fone twist,0,0,0,0,0,0,0,0,2,1,0,1,4,3,False,True,FONE TWIST
bw superbakeshop,0,0,0,0,0,0,0,0,0,0,4,0,4,1,False,False,BW Superbakeshop
south shores,0,1,0,0,0,0,0,1,2,0,0,0,4,3,False,True,SOUTH SHORES
inasal chicken bacolod,0,0,0,0,0,0,0,1,3,0,0,0,4,2,False,True,INASAL CHICKEN BACOLOD
flynns buko shake,0,0,0,0,4,0,0,0,0,0,0,0,4,1,False,False,Flynn's Buko Shake
otter box,0,0,0,0,0,0,0,0,4,0,0,0,4,1,False,False,OTTER BOX
otterbox,0,1,0,0,0,0,1,1,1,0,0,0,4,4,False,True,Otterbox
florsheim,0,4,0,0,0,0,0,0,0,0,0,0,4,1,False,False,FLORSHEIM
otto shoes,0,1,0,0,0,0,0,0,0,1,1,1,4,4,False,True,OTTO SHOES
inengs special bbq,0,1,0,0,1,0,0,2,0,0,0,0,4,3,False,True,Ineng's Special BBQ
sonyda ichiban,0,0,0,0,0,0,0,4,0,0,0,0,4,1,False,False,Sonyda Ichiban
mr jeff laundry,0,0,0,0,0,3,1,0,0,0,0,0,4,2,False,True,Mr. Jeff Laundry
saladstop,0,0,0,0,0,0,1,0,3,0,0,0,4,2,False,True,SALADSTOP
kingcorn,0,0,0,0,0,0,0,1,3,0,0,0,4,2,False,True,KINGCORN
rx prescripto,0,0,0,0,0,0,0,0,4,0,0,0,4,1,False,False,RX PRESCRIPTO
ajisen ramen,0,0,0,0,0,0,0,4,0,0,0,0,4,1,False,False,Ajisen Ramen
basement salon,0,0,0,0,0,1,0,2,1,0,0,0,4,3,False,True,Basement Salon
mango float supreme manila,0,0,0,1,0,0,0,1,2,0,0,0,4,3,False,True,Mango Float Supreme Manila
original biscocho haus,0,0,0,0,0,0,0,2,2,0,0,0,4,2,False,True,Original Biscocho Haus
original boat noodle,0,0,0,0,0,0,0,0,4,0,0,0,4,1,False,False,THE ORIGINAL BOAT NOODLE
all gadgets repair,0,0,0,0,0,0,0,0,4,0,0,0,4,1,False,False,ALL GADGETS REPAIR
musicworx,0,0,0,0,0,0,0,1,3,0,0,0,4,2,False,True,MUSICWORX
calliope,0,2,0,0,0,0,0,0,2,0,0,0,4,2,False,True,CALLIOPE
popsockets,0,2,0,0,0,1,0,0,1,0,0,0,4,3,False,True,POPSOCKETS
california rolls,0,0,0,0,0,0,0,0,0,0,4,0,4,1,False,False,California Rolls
ice blinker,0,0,0,0,0,0,0,1,3,0,0,0,4,2,False,True,ICE BLINKER
barenaked,0,0,1,0,0,2,1,0,0,0,0,0,4,3,False,True,Barenaked
poppers pop,0,0,0,0,0,0,0,4,0,0,0,0,4,1,False,False,POPPER'S POP
uno factory outlet,0,0,0,0,0,0,0,0,0,0,2,2,4,2,False,True,UNO Factory Outlet
mango tree cafe,0,0,0,0,0,0,1,0,3,0,0,0,4,2,False,True,MANGO TREE CAFE
xoooom autospa,0,0,0,0,0,0,0,0,4,0,0,0,4,1,False,False,XOOOOM AUTOSPA
friends fries,0,0,0,0,0,0,0,2,2,0,0,0,4,2,False,True,Friends Fries
oro italia fine jewelry,0,0,0,0,0,0,0,0,4,0,0,0,4,1,False,False,ORO ITALIA FINE JEWELRY
tgifridays,0,0,1,0,0,0,0,0,3,0,0,0,4,2,False,True,TGIFRIDAYS
french tips,0,0,0,0,0,0,1,0,3,0,0,0,4,2,False,True,FRENCH TIPS
idara aesthetics,0,1,0,0,0,0,0,2,1,0,0,0,4,3,False,True,IDARA AESTHETICS
rsb takoyaki,0,1,0,0,0,0,0,1,2,0,0,0,4,3,False,True,RSB TAKOYAKI
pooch park doggie day care,0,4,0,0,0,0,0,0,0,0,0,0,4,1,False,False,POOCH PARK DOGGIE DAY CARE
franzy salon for men women,0,0,0,0,0,0,0,0,4,0,0,0,4,1,False,False,FRANZY SALON FOR MEN WOMEN
ms tanghulu,0,0,1,0,0,1,0,1,1,0,0,0,4,4,False,True,Ms. Tanghulu
barrio fiesta,0,0,0,0,0,0,0,0,4,0,0,0,4,1,False,False,BARRIO FIESTA
lemon stop,0,0,0,0,0,2,0,0,2,0,0,0,4,2,False,True,Lemon Stop
kuya js,0,0,0,1,0,3,0,0,0,0,0,0,4,2,False,True,Kuya J's
onward,0,2,0,0,0,0,0,0,2,0,0,0,4,2,False,True,ONWARD
telefono,0,0,0,0,0,0,0,0,4,0,0,0,4,1,False,False,TELEFONO
cell ever mobile,0,0,0,0,0,0,0,0,4,0,0,0,4,1,False,False,CELL EVER MOBILE
purefoods tj hotdog,0,3,0,0,0,0,0,1,0,0,0,0,4,2,False,True,PUREFOODS TJ HOTDOG
wash n dry,0,0,0,0,0,3,0,0,1,0,0,0,4,2,False,True,Wash N' Dry
pull & bear,0,3,0,0,0,0,0,0,1,0,0,0,4,2,False,True,PULL & BEAR
nikkei robata,0,2,0,0,0,2,0,0,0,0,0,0,4,2,False,True,NIKKEI ROBATA
watami,0,0,1,0,0,3,0,0,0,0,0,0,4,2,False,True,Watami
graceland bakers plaza,0,1,0,0,0,0,0,0,3,0,0,0,4,2,False,True,GRACELAND BAKERS PLAZA
sundrops day spa,0,0,0,0,0,0,0,0,4,0,0,0,4,1,False,False,SUNDROPS DAY SPA
aquabest,0,0,0,0,0,0,1,0,3,0,0,0,4,2,False,True,AQUABEST
loccitane,0,2,0,0,0,0,1,0,1,0,0,0,4,3,False,True,L'OCCITANE
cellty mobile,0,0,0,0,0,0,0,0,4,0,0,0,4,1,False,False,CELLTY MOBILE
aqua flask,0,0,1,1,0,0,1,1,0,0,0,0,4,4,False,True,Aqua Flask
apvil graphics and sign,0,0,0,0,0,0,0,0,4,0,0,0,4,1,False,False,APVIL GRAPHICS AND SIGN
herbs of the earth,1,0,0,0,0,1,1,1,0,0,0,0,4,4,False,True,HERBS OF THE EARTH
citylight telecom centre,0,0,0,0,0,0,0,0,4,0,0,0,4,1,False,False,CITYLIGHT TELECOM CENTRE
heroes barbers,0,0,1,0,0,0,0,1,2,0,0,0,4,3,False,True,Heroes Barbers
goto king,0,0,0,0,0,0,0,2,2,0,0,0,4,2,False,True,Goto King
oishii maki,0,0,0,0,0,0,0,0,4,0,0,0,4,1,False,False,OISHII MAKI
gorae hotdog,0,0,0,0,0,0,0,0,4,0,0,0,4,1,False,False,GORAE HOTDOG
suki shoes,0,3,1,0,0,0,0,0,0,0,0,0,4,2,False,True,SUKI SHOES
apple eve,0,0,0,0,0,0,0,0,4,0,0,0,4,1,False,False,APPLE EVE
hey sugar,0,0,0,0,0,2,0,2,0,0,0,0,4,2,False,True,Hey Sugar
sugar munch,0,1,0,0,3,0,0,0,0,0,0,0,4,2,False,True,Sugar Munch
wds,0,0,0,0,0,0,0,0,0,0,4,0,4,1,False,False,WDS
las flores,0,1,0,0,0,1,0,0,2,0,0,0,4,3,False,True,LAS FLORES
love k derma,0,0,0,0,0,0,0,0,4,0,0,0,4,1,False,False,LOVE K-DERMA
antonios coffee bibingka,0,0,0,0,0,0,0,0,4,0,0,0,4,1,False,False,ANTONIOS COFFEE BIBINGKA
ncat,0,0,0,0,0,0,0,2,1,1,0,0,4,3,False,True,NCAT
wangfu chinese cafe,0,0,0,0,0,0,0,0,4,0,0,0,4,1,False,False,WANGFU CHINESE CAFE
taho klasiko,0,0,0,0,0,0,0,0,4,0,0,0,4,1,False,False,TAHO KLASIKO
vice cosmetics,0,1,0,0,1,0,0,2,0,0,0,0,4,3,False,True,Vice Cosmetics
automatic centre,2,0,1,0,0,0,0,0,1,0,0,0,4,3,False,True,AUTOMATIC CENTRE
happy home,0,1,0,0,0,0,0,1,2,0,0,0,4,3,False,True,THE HAPPY HOME
viptek,0,0,0,0,3,0,0,0,1,0,0,0,4,2,False,True,Viptek
halo halo story,0,0,0,0,0,0,0,2,2,0,0,0,4,2,False,True,HALO HALO STORY
chicken deli,0,1,0,0,0,0,0,1,1,1,0,0,4,4,False,True,CHICKEN DELI
chemworld fragrance factory,0,1,0,0,0,0,0,0,3,0,0,0,4,2,False,True,CHEMWORLD FRAGRANCE FACTORY
legion,0,0,0,0,0,0,0,0,4,0,0,0,4,1,False,False,LEGION
chika an sa cebu,0,0,1,0,0,0,0,0,3,0,0,0,4,2,False,True,CHIKA-AN SA CEBU
swarovski,0,2,0,0,0,1,0,0,1,0,0,0,4,3,False,True,SWAROVSKI
lfafa,0,0,1,0,0,2,0,1,0,0,0,0,4,3,False,True,Lfafa
chee su,0,0,0,0,0,0,0,0,4,0,0,0,4,1,False,False,CHEE-SU
villarica pawnshop,0,0,0,0,0,0,0,0,0,0,4,0,4,1,False,False,Villarica Pawnshop
surgiderm,0,0,0,0,0,0,0,1,3,0,0,0,4,2,False,True,SURGIDERM
ramen menzo,0,1,0,0,0,0,1,0,2,0,0,0,4,3,False,True,RAMEN MENZO
cha tuk chak,0,3,0,0,0,0,0,0,1,0,0,0,4,2,False,True,CHA TUK CHAK
superkicks,0,2,0,0,0,0,0,2,0,0,0,0,4,2,False,True,SUPERKICKS
greyhound cafe,0,0,0,0,0,0,0,0,4,0,0,0,4,1,False,False,GREYHOUND CAFE
av surfer,0,3,0,0,0,0,0,1,0,0,0,0,4,2,False,True,AV SURFER
no strips waxing salon,0,1,0,0,0,0,0,1,2,0,0,0,4,3,False,True,NO STRIPS WAXING SALON
chops to go,0,0,0,0,0,0,0,0,4,0,0,0,4,1,False,False,CHOPS TO GO
arrozcaldo republic,0,0,0,0,0,0,0,0,0,0,0,4,4,1,False,False,ARROZCALDO REPUBLIC
avida,0,4,0,0,0,0,0,0,0,0,0,0,4,1,False,False,AVIDA
hear life,0,0,0,0,0,0,1,0,3,0,0,0,4,2,False,True,HEAR LIFE
army navy,0,0,0,0,0,2,1,0,0,0,1,0,4,3,False,True,Army Navy
chronos,0,0,0,0,0,0,1,0,3,0,0,0,4,2,False,True,CHRONOS
chachago,0,0,0,2,0,0,0,1,1,0,0,0,4,3,False,True,Chachago
hearts and bells cakes and family recipes,0,0,0,0,0,0,0,0,4,0,0,0,4,1,False,False,HEARTS AND BELLS CAKES AND FAMILY RECIPES
nbi,0,0,0,0,0,0,0,1,1,1,0,1,4,4,False,True,NBI
lartizan,0,2,0,0,0,0,0,1,1,0,0,0,4,3,False,True,LARTIZAN
wonderbake,0,1,0,0,0,0,0,0,3,0,0,0,4,2,False,True,WONDERBAKE
hirsch,0,2,0,0,0,0,0,0,2,0,0,0,4,2,False,True,HIRSCH
hour dee parfums,0,0,0,0,0,0,0,1,3,0,0,0,4,2,False,True,Hour Dee Parfums
whoops,0,0,0,0,0,0,0,1,3,0,0,0,4,2,False,True,WHOOPS
case matic,0,0,0,0,0,0,0,0,4,0,0,0,4,1,False,False,CASE MATIC
ridelab,0,0,0,0,0,0,0,0,4,0,0,0,4,1,False,False,RIDELAB
la creperie,0,2,0,0,0,1,0,0,1,0,0,0,4,3,False,True,LA CREPERIE
generika drugstore,0,1,0,0,1,0,0,0,0,0,0,2,4,3,False,True,GENERIKA DRUGSTORE
casa empanada,0,0,1,0,0,0,0,1,2,0,0,0,4,3,False,True,Casa Empanada
connies kitchen,0,1,0,0,0,0,1,1,1,0,0,0,4,4,False,True,Connie's Kitchen
time check,0,0,0,0,0,0,0,4,0,0,0,0,4,1,False,False,Time Check
nail cocktales,0,0,1,0,0,0,0,2,0,0,0,1,4,3,False,True,Nail Cocktales
nail addik,0,0,0,0,0,1,0,3,0,0,0,0,4,2,False,True,Nail Addik
american tourister,1,2,0,0,0,0,0,1,0,0,0,0,4,3,False,True,American Tourister
gelatissimo,0,2,0,0,0,0,0,0,2,0,0,0,4,2,False,True,GELATISSIMO
mac cosmetics,0,0,0,0,0,3,0,1,0,0,0,0,4,2,False,True,MAC Cosmetics
hua mulan,0,0,0,0,0,0,0,1,3,0,0,0,4,2,False,True,HUA MULAN
american eagle,0,0,0,0,0,0,0,0,4,0,0,0,4,1,False,False,AMERICAN EAGLE
amelitos sizzling house,0,0,0,0,0,0,0,2,0,0,2,0,4,2,False,True,AMELITO'S SIZZLING HOUSE
techspecs,0,0,0,0,0,0,0,0,4,0,0,0,4,1,False,False,TECHSPECS
wolfgangs steakhouse,0,1,0,0,0,2,0,0,1,0,0,0,4,3,False,True,WOLFGANG’S STEAKHOUSE
hugs and folds,0,0,0,0,0,0,0,0,4,0,0,0,4,1,False,False,HUGS AND FOLDS
ambika,0,0,0,0,0,0,0,0,0,0,4,0,4,1,False,False,Ambika
carlcare service,0,0,0,0,0,0,0,0,4,0,0,0,4,1,False,False,CARLCARE SERVICE
n cat philippines,0,0,0,0,0,0,0,0,4,0,0,0,4,1,False,False,N.CAT PHILIPPINES
carica,0,0,1,0,0,0,0,0,3,0,0,0,4,2,False,True,CARICA
wonder wharf,0,0,0,0,0,0,0,4,0,0,0,0,4,1,False,False,WONDER WHARF
staccato,1,1,0,0,0,0,0,0,2,0,0,0,4,3,False,True,STACCATO
pound by todd english,0,1,0,0,0,0,0,0,3,0,0,0,4,2,False,True,POUND BY TODD ENGLISH
la vie en rose,0,2,0,0,0,1,0,1,0,0,0,0,4,3,False,True,LA VIE EN ROSE
color ideas,0,0,0,0,0,0,0,0,4,0,0,0,4,1,False,False,COLOR IDEAS
lush,0,4,0,0,0,0,0,0,0,0,0,0,4,1,False,False,LUSH
primadonna,0,0,0,0,1,0,0,1,2,0,0,0,4,3,False,True,Primadonna
glow and brow,0,0,0,0,0,0,0,0,4,0,0,0,4,1,False,False,GLOW AND BROW
b1t1 takeaway coffee,0,0,0,0,0,2,0,2,0,0,0,0,4,2,False,True,B1T1 Takeaway Coffee
coalition,0,1,0,0,0,1,0,2,0,0,0,0,4,3,False,True,COALITION
lto licensing office,0,4,0,0,0,0,0,0,0,0,0,0,4,1,False,False,LTO LICENSING OFFICE
lucell,0,1,0,0,0,1,0,0,2,0,0,0,4,3,False,True,LUCELL
old town white coffee,0,0,0,0,0,0,0,0,4,0,0,0,4,1,False,False,OLD TOWN WHITE COFFEE
ansons,0,2,0,0,0,0,2,0,0,0,0,0,4,2,False,True,ANSON'S
hoka,0,3,0,0,0,0,1,0,0,0,0,0,4,2,False,True,HOKA
hokkaido ramen santouka,0,4,0,0,0,0,0,0,0,0,0,0,4,1,False,False,HOKKAIDO RAMEN SANTOUKA
wenger,0,1,0,0,0,0,0,0,3,0,0,0,4,2,False,True,WENGER
annipie,0,1,0,0,1,0,0,0,2,0,0,0,4,3,False,True,ANNIPIE
prime spots,0,0,0,0,0,0,0,0,4,0,0,0,4,1,False,False,PRIME SPOTS
homeplus,0,0,0,0,0,0,0,0,0,0,4,0,4,1,False,False,Homeplus
nanyang kopitiam,0,4,0,0,0,0,0,0,0,0,0,0,4,1,False,False,NANYANG KOPITIAM
reva,1,1,1,0,0,0,0,1,0,0,0,0,4,4,False,True,REVA
western appliance,0,2,0,0,0,2,0,0,0,0,0,0,4,2,False,True,WESTERN APPLIANCE
tayo studio,0,0,0,0,0,0,0,0,4,0,0,0,4,1,False,False,TAYO STUDIO
land transportation office,0,0,0,1,0,0,0,1,1,1,0,0,4,4,False,True,LAND TRANSPORTATION OFFICE (LTO)
western appliances,1,0,1,1,0,0,1,0,0,0,0,0,4,4,False,True,Western Appliances
presnet cellphone shop,0,0,0,0,0,0,0,0,4,0,0,0,4,1,False,False,PRESNET CELLPHONE SHOP
baby company,0,0,0,0,0,0,1,0,3,0,0,0,4,2,False,True,BABY COMPANY
coffee lab,0,3,0,0,0,0,0,0,1,0,0,0,4,2,False,True,COFFEE LAB
team sir george salon,0,0,0,0,0,0,0,0,3,1,0,0,4,2,False,True,TEAM SIR GEORGE SALON
coffee project,0,0,0,0,0,0,0,0,0,4,0,0,4,1,False,False,COFFEE PROJECT
stradivarius,0,2,0,0,0,0,0,0,2,0,0,0,4,2,False,True,STRADIVARIUS
storyland fun park,0,0,0,0,0,0,0,0,4,0,0,0,4,1,False,False,STORYLAND FUN PARK
plains prints,0,0,0,0,0,0,0,0,4,0,0,0,4,1,False,False,PLAINS PRINTS
point grill,0,0,0,0,0,0,0,0,4,0,0,0,4,1,False,False,POINT GRILL
hannahs cake decors & party needs,0,4,0,0,0,0,0,0,0,0,0,0,4,1,False,False,HANNAH'S CAKE DECORS & PARTY NEEDS
mikrocell,0,0,0,0,1,0,0,0,3,0,0,0,4,2,False,True,MIKROCELL
abe,0,2,0,0,0,1,0,0,1,0,0,0,4,3,False,True,ABE
belle la peau,0,0,0,0,0,0,0,0,4,0,0,0,4,1,False,False,BELLE LA PEAU
acom consumer finance corp,0,0,0,0,0,0,0,0,0,0,4,0,4,1,False,False,ACOM Consumer Finance Corp
khao khai,0,0,0,0,0,0,0,1,3,0,0,0,4,2,False,True,KHAO KHAI
bmcjr lugaw republic,0,0,0,0,0,0,0,0,4,0,0,0,4,1,False,False,BMCJR LUGAW REPUBLIC
peanut world,0,0,0,0,0,0,0,2,1,0,0,1,4,3,False,True,Peanut World
bs mobile,0,0,0,0,1,0,0,1,1,0,0,1,4,4,False,True,BS Mobile
beyond the vines,0,2,0,0,0,1,0,0,1,0,0,0,4,3,False,True,BEYOND THE VINES
jaskey,0,0,0,0,0,0,0,2,2,0,0,0,4,2,False,True,JASKEY
juice avenue,0,0,0,0,0,0,0,0,4,0,0,0,4,1,False,False,JUICE AVENUE
el bonitos pizza,0,0,0,0,0,1,0,1,0,0,0,2,4,3,False,True,El Bonito's Pizza
el pollo loco,0,2,0,0,0,2,0,0,0,0,0,0,4,2,False,True,EL POLLO LOCO
tj hotdog,0,0,0,1,0,0,1,1,0,0,0,1,4,4,False,True,TJ Hotdog
bobbi brown,0,0,0,0,0,0,0,1,3,0,0,0,4,2,False,True,BOBBI BROWN
mixue,0,0,0,0,0,2,0,2,0,0,0,0,4,2,False,True,Mixue
ucc coffee shop,0,0,0,0,0,4,0,0,0,0,0,0,4,1,False,False,UCC Coffee Shop
padis point,0,0,0,0,0,0,0,2,0,2,0,0,4,2,False,True,PADI'S POINT
dragon dumplings,0,0,0,0,3,0,0,0,1,0,0,0,4,2,False,True,Dragon Dumplings
titan,0,2,0,0,0,0,0,0,2,0,0,0,4,2,False,True,TITAN
bingo bonanza,0,0,0,0,0,0,0,2,2,0,0,0,4,2,False,True,BINGO BONANZA
santis delicatessen,0,0,0,0,0,2,1,1,0,0,0,0,4,3,False,True,Santi's Delicatessen
tumi,0,2,0,0,0,1,0,0,1,0,0,0,4,3,False,True,TUMI
john lemon,0,0,0,0,0,0,1,1,2,0,0,0,4,3,False,True,JOHN LEMON
ednas cakeland,0,0,0,0,0,0,0,1,3,0,0,0,4,2,False,True,EDNA'S CAKELAND
pd & co,0,1,1,0,0,0,0,2,0,0,0,0,4,3,False,True,PD & Co.
yogurtime,0,0,0,0,0,0,0,0,4,0,0,0,4,1,False,False,YOGURTIME
kiddie cart,0,0,0,0,0,0,0,0,4,0,0,0,4,1,False,False,KIDDIE CART
mitsubishi photo,0,0,0,0,0,0,0,0,4,0,0,0,4,1,False,False,MITSUBISHI PHOTO
mobius,0,0,0,0,0,0,0,0,4,0,0,0,4,1,False,False,MOBIUS
sarahs bakehouse,0,0,0,0,0,0,0,1,3,0,0,0,4,2,False,True,SARAHS BAKEHOUSE
tita paring suman latik,0,1,0,0,0,0,0,0,3,0,0,0,4,2,False,True,TITA PARING SUMAN LATIK
seafood paradise,0,0,0,0,0,0,0,0,4,0,0,0,4,1,False,False,SEAFOOD PARADISE
buddys,0,0,0,1,0,1,0,0,2,0,0,0,4,3,False,True,Buddy's
sasmuan delicacies,0,0,0,0,0,0,0,0,4,0,0,0,4,1,False,False,SASMUAN DELICACIES
zeqi,0,0,0,0,0,0,0,1,3,0,0,0,4,2,False,True,ZEQI
dr martens,0,1,0,0,0,0,0,1,2,0,0,0,4,3,False,True,DR. MARTENS
turks express,0,0,0,0,0,0,0,1,3,0,0,0,4,2,False,True,TURKS EXPRESS
dermcare luxe,0,1,0,0,0,0,0,2,1,0,0,0,4,3,False,True,DERMCARE LUXE
dotpad,0,0,0,0,0,0,0,0,1,0,3,0,4,2,False,True,Dotpad
shawarma hut,0,0,0,0,0,0,0,0,0,0,0,4,4,1,False,False,SHAWARMA HUT
pandayan,0,0,0,0,0,0,0,0,0,0,0,4,4,1,False,False,PANDAYAN
shawarma house,0,0,0,1,0,0,0,0,1,0,0,2,4,3,False,True,SHAWARMA HOUSE
jinjoo korean restaurant,0,0,0,0,0,0,0,0,4,0,0,0,4,1,False,False,JINJOO KOREAN RESTAURANT
ytelecom,0,1,0,0,1,0,0,0,2,0,0,0,4,3,False,True,YTELECOM
penshoppe box,0,0,0,0,0,0,0,0,0,0,0,4,4,1,False,False,PENSHOPPE BOX
bershka,0,2,0,0,0,0,0,0,2,0,0,0,4,2,False,True,BERSHKA
elov chinese drugstore,0,0,0,0,0,0,0,0,4,0,0,0,4,1,False,False,ELOV CHINESE DRUGSTORE
jims recipe,0,0,0,0,0,0,0,0,4,0,0,0,4,1,False,False,JIMS RECIPE
scrambowl,0,0,0,0,0,0,0,0,4,0,0,0,4,1,False,False,SCRAMBOWL
bon chon chicken,0,0,0,0,1,0,0,0,3,0,0,0,4,2,False,True,BON CHON CHICKEN
jabra,0,0,0,0,0,0,0,0,4,0,0,0,4,1,False,False,JABRA
jacks lemonade,0,3,0,0,0,0,0,1,0,0,0,0,4,2,False,True,JACK'S LEMONADE
michaela lifestyle,1,0,0,0,0,0,0,1,0,2,0,0,4,3,False,True,MICHAELA LIFESTYLE
michaela,0,1,0,0,0,0,0,0,3,0,0,0,4,2,False,True,MICHAELA
tylex,0,0,0,0,0,0,0,1,3,0,0,0,4,2,False,True,TYLEX
moms ube & triple chocolate champorado,0,0,0,0,0,0,0,1,3,0,0,0,4,2,False,True,MOM'S UBE & TRIPLE CHOCOLATE CHAMPORADO
sm cinema snackbar imax,0,0,0,0,0,0,0,0,4,0,0,0,4,1,False,False,SM CINEMA SNACKBAR IMAX
katsu sora,0,2,0,0,0,1,0,0,1,0,0,0,4,3,False,True,KATSU SORA
fabric warehouse,0,1,0,0,0,0,1,0,2,0,0,0,4,3,False,True,FABRIC WAREHOUSE
passionails,0,1,1,0,0,0,1,0,1,0,0,0,4,4,False,True,PASSIONAILS
extreme bingo,0,1,0,0,0,0,0,0,3,0,0,0,4,2,False,True,EXTREME BINGO
brow lounge eyebrow grooming & waxing,0,4,0,0,0,0,0,0,0,0,0,0,4,1,False,False,BROW LOUNGE EYEBROW GROOMING & WAXING
brow lounge,0,0,1,0,0,0,2,1,0,0,0,0,4,3,False,True,Brow Lounge
kathnails salon,0,0,0,0,0,0,0,0,4,0,0,0,4,1,False,False,KATHNAILS SALON
endure medical inc,0,0,0,0,0,0,0,0,4,0,0,0,4,1,False,False,ENDURE MEDICAL INC
smb travel tours,0,0,0,0,0,0,0,0,4,0,0,0,4,1,False,False,SMB TRAVEL TOURS
jjjg seafood grill station,0,0,0,0,0,0,0,0,4,0,0,0,4,1,False,False,JJJG SEAFOOD GRILL STATION
smart driving school,0,0,1,0,0,2,0,1,0,0,0,0,4,3,False,True,Smart Driving School
empire golf,0,0,0,0,0,0,0,0,4,0,0,0,4,1,False,False,EMPIRE GOLF
smart communications,0,4,0,0,0,0,0,0,0,0,0,0,4,1,False,False,SMART COMMUNICATIONS
device gateway,0,0,0,0,0,0,0,0,0,0,4,0,4,1,False,False,Device Gateway
accenthub,0,0,0,0,0,0,0,0,4,0,0,0,4,1,False,False,ACCENTHUB
elite,0,1,1,0,0,0,0,1,1,0,0,0,4,4,False,True,ELITE
sesou nature source,0,3,1,0,0,0,0,0,0,0,0,0,4,2,False,True,SESOU NATURE SOURCE
mlb,0,0,0,0,0,0,1,2,1,0,0,0,4,3,False,True,MLB
big apple express spa,0,1,0,0,0,1,0,1,1,0,0,0,4,4,False,True,BIG APPLE EXPRESS SPA
paradise dynasty,0,0,0,0,0,0,0,1,3,0,0,0,4,2,False,True,PARADISE DYNASTY
social security system,0,1,0,0,0,0,0,2,0,0,0,1,4,3,False,True,SOCIAL SECURITY SYSTEM
kims ramyun,0,1,0,1,0,0,0,1,1,0,0,0,4,4,False,True,KIM'S RAMYUN
sole academy,0,1,0,0,0,0,0,3,0,0,0,0,4,2,False,True,SOLE ACADEMY
10 yen king,0,0,0,0,0,1,0,2,1,0,0,0,4,3,False,True,10 YEN KING
blind massage,0,1,0,0,0,0,0,3,0,0,0,0,4,2,False,True,BLIND MASSAGE
metro dental,0,2,0,0,0,1,0,0,1,0,0,0,4,3,False,True,METRO DENTAL
kanzen sushi roll house,0,2,0,0,0,0,0,0,2,0,0,0,4,2,False,True,KANZEN SUSHI ROLL HOUSE
beard papa,0,1,0,0,0,0,1,1,1,0,0,0,4,4,False,True,Beard Papa
bigbys cafe and restaurant,0,4,0,0,0,0,0,0,0,0,0,0,4,1,False,False,BIGBY'S CAFE AND RESTAURANT
dulcinea,0,2,0,0,0,0,0,1,1,0,0,0,4,3,False,True,DULCINEA
sichu malatang,0,0,0,0,0,3,0,0,1,0,0,0,4,2,False,True,Sichu Malatang
samsung mobile,0,0,0,0,3,0,0,0,1,0,0,0,4,2,False,True,Samsung Mobile
persian avenue,0,2,0,0,0,0,0,0,2,0,0,0,4,2,False,True,PERSIAN AVENUE
jb sports,0,0,0,0,0,0,0,0,4,0,0,0,4,1,False,False,JB SPORTS
pet blvd grooming and shopping centre,0,0,0,0,0,0,0,0,4,0,0,0,4,1,False,False,PET BLVD. GROOMING AND SHOPPING CENTRE
maxs,0,0,1,0,0,0,2,1,0,0,0,0,4,3,False,True,Max's
pizza pedricos,0,0,0,0,0,0,0,1,3,0,0,0,4,2,False,True,PIZZA PEDRICOS
a 1 driving school,0,4,0,0,0,0,0,0,0,0,0,0,4,1,False,False,A-1 DRIVING SCHOOL
advanced dentistry by dr james,0,0,1,0,0,0,0,0,3,0,0,0,4,2,False,True,ADVANCED DENTISTRY BY DR JAMES
kangkong king,0,0,0,0,0,0,0,2,2,0,0,0,4,2,False,True,KANGKONG KING
kimono ken,0,0,0,0,0,0,0,0,4,0,0,0,4,1,False,False,KIMONO KEN
siena mobile,0,0,0,0,0,0,0,0,2,1,0,1,4,3,False,True,SIENA MOBILE
eataewon,0,0,1,0,0,0,0,1,2,0,0,0,4,3,False,True,EATAEWON
sec helmet,0,0,0,0,0,0,0,0,4,0,0,0,4,1,False,False,SEC HELMET
adobo connection,0,0,0,0,3,0,0,1,0,0,0,0,4,2,False,True,Adobo Connection
edelyns homemade nuts,0,0,0,0,0,0,0,1,3,0,0,0,4,2,False,True,EDELYN'S HOMEMADE NUTS
sole destinations travel and tours,0,0,0,0,0,0,0,0,4,0,0,0,4,1,False,False,SOLE DESTINATIONS TRAVEL AND TOURS
e es takuyaki,0,0,0,0,0,0,0,0,4,0,0,0,4,1,False,False,E ES TAKUYAKI
slicktight,0,0,0,0,0,0,0,0,4,0,0,0,4,1,False,False,SLICKTIGHT
toni pons,0,0,0,0,0,0,1,1,2,0,0,0,4,3,False,True,TONI PONS
merrymart grocery,1,3,0,0,0,0,0,0,0,0,0,0,4,2,False,True,MERRYMART GROCERY
overdoughs,0,0,0,0,0,0,0,1,3,0,0,0,4,2,False,True,OVERDOUGHS
pc chain superstore,0,0,1,0,0,0,0,0,3,0,0,0,4,2,False,True,PC CHAIN SUPERSTORE
pines multi telecom,0,0,0,0,0,0,0,0,3,0,1,0,4,2,False,True,PINES MULTI TELECOM
sanrys money changer,0,3,0,0,0,0,0,1,0,0,0,0,4,2,False,True,SANRY'S MONEY CHANGER
mobile blitz,0,0,0,0,0,0,0,1,3,0,0,0,4,2,False,True,MOBILE BLITZ
kaiser medical center inc,0,0,0,0,0,0,0,0,4,0,0,0,4,1,False,False,KAISER MEDICAL CENTER INC
timeline,0,0,0,0,0,0,0,0,4,0,0,0,4,1,False,False,TIMELINE
pink parlour,0,0,0,0,0,1,0,1,2,0,0,0,4,3,False,True,Pink Parlour
buko express pies and sweets,0,0,0,0,0,0,0,0,3,0,1,0,4,2,False,True,BUKO EXPRESS PIES AND SWEETS
silver rising,2,0,0,0,0,0,0,2,0,0,0,0,4,2,False,True,SILVER RISING
euronet atm,0,0,0,0,0,4,0,0,0,0,0,0,4,1,False,False,Euronet ATM
e,0,0,0,0,4,0,0,0,0,0,0,0,4,1,False,False,E
escalator,0,0,0,0,0,0,4,0,0,0,0,0,4,1,False,False,Escalator
sebago,1,1,1,0,0,0,0,0,1,0,0,0,4,4,False,True,Sebago
mobile extras technologies,0,0,0,0,0,0,0,0,3,0,0,0,3,1,False,False,MOBILE EXTRAS TECHNOLOGIES
eurobel rugs carpets,0,0,0,0,0,0,0,0,3,0,0,0,3,1,False,False,EUROBEL RUGS CARPETS
empire east,0,0,0,0,0,0,0,0,3,0,0,0,3,1,False,False,EMPIRE EAST
gizmo hub,0,0,0,0,0,0,0,3,0,0,0,0,3,1,False,False,Gizmo Hub
coffee brewtherhood,0,0,0,0,0,0,0,1,2,0,0,0,3,2,False,True,COFFEE BREWTHERHOOD
mich & myl nails,0,0,0,0,0,1,1,1,0,0,0,0,3,3,False,True,Mich & Myl Nails
zga,0,0,0,0,0,0,0,0,3,0,0,0,3,1,False,False,ZGA
mobile fit,0,0,0,0,0,0,0,0,3,0,0,0,3,1,False,False,MOBILE FIT
etap,0,0,0,0,0,3,0,0,0,0,0,0,3,1,False,False,eTap
sues cake gallery,0,0,0,0,0,1,0,1,1,0,0,0,3,3,False,True,Sue's Cake Gallery
eurostep,0,0,0,0,0,0,0,3,0,0,0,0,3,1,False,False,Eurostep
diy shop,1,0,0,0,0,0,0,0,0,0,0,2,3,2,False,True,DIY SHOP
zhen bao hotpot,0,3,0,0,0,0,0,0,0,0,0,0,3,1,False,False,ZHEN BAO HOTPOT
luk yuen,0,1,0,0,0,0,1,0,1,0,0,0,3,3,False,True,LUK YUEN
longines,0,0,0,0,0,1,1,0,1,0,0,0,3,3,False,True,Longines
go mango,0,0,0,0,0,0,0,0,3,0,0,0,3,1,False,False,GO MANGO
gold blvd,0,0,0,0,0,0,0,0,3,0,0,0,3,1,False,False,GOLD BLVD
clipdata computer center,0,0,0,0,0,0,0,2,1,0,0,0,3,2,False,True,CLIPDATA COMPUTER CENTER
glow up beauty lounge,0,0,0,0,0,0,0,1,2,0,0,0,3,2,False,True,GLOW UP BEAUTY LOUNGE
7luxe,1,0,0,0,0,1,0,0,1,0,0,0,3,3,False,True,7LUXE
metro supermarket,0,3,0,0,0,0,0,0,0,0,0,0,3,1,False,False,METRO SUPERMARKET
glosslab,0,0,0,0,0,0,0,0,3,0,0,0,3,1,False,False,GLOSSLAB
cmg,0,0,0,0,0,1,1,0,1,0,0,0,3,3,False,True,CMG
renegade folk,0,2,0,0,0,1,0,0,0,0,0,0,3,2,False,True,RENEGADE FOLK
ckk mobile,0,0,0,0,0,0,0,1,0,0,0,2,3,2,False,True,CKK MOBILE
mobile armory,0,0,0,0,0,0,0,0,3,0,0,0,3,1,False,False,MOBILE ARMORY
eo optical,0,0,1,0,0,0,0,2,0,0,0,0,3,2,False,True,EO OPTICAL
mn la,1,0,0,0,0,0,1,0,1,0,0,0,3,3,False,True,MN+LA
eng bee tin chinese deli,0,3,0,0,0,0,0,0,0,0,0,0,3,1,False,False,ENG BEE TIN CHINESE DELI
esgen dental,0,0,0,0,0,0,0,0,0,1,2,0,3,2,False,True,Esgen Dental
coco fresco,0,0,0,0,0,0,0,0,3,0,0,0,3,1,False,False,COCO FRESCO
reli tours,0,0,0,0,0,1,0,0,2,0,0,0,3,2,False,True,RELI TOURS
natureal juice,0,0,0,0,2,0,0,0,1,0,0,0,3,2,False,True,Natureal Juice
etam,0,2,0,0,0,0,0,0,1,0,0,0,3,2,False,True,ETAM
sep vergara fine jewelry,0,3,0,0,0,0,0,0,0,0,0,0,3,1,False,False,SEP VERGARA FINE JEWELRY
esprit,0,1,0,0,0,0,0,0,2,0,0,0,3,2,False,True,ESPRIT
seoul snow,0,0,1,0,0,0,0,2,0,0,0,0,3,2,False,True,Seoul Snow
lucky boba milk tea shop,0,3,0,0,0,0,0,0,0,0,0,0,3,1,False,False,LUCKY BOBA MILK TEA SHOP
seoul good,0,0,0,0,0,0,1,0,2,0,0,0,3,2,False,True,SEOUL GOOD
coconut republic,0,0,1,0,0,0,0,0,2,0,0,0,3,2,False,True,COCONUT REPUBLIC
louies buko,0,0,0,0,0,0,0,0,3,0,0,0,3,1,False,False,LOUIES BUKO
strokes,0,2,0,0,0,0,0,1,0,0,0,0,3,2,False,True,STROKES
renovar,0,1,0,0,0,1,0,0,1,0,0,0,3,3,False,True,RENOVAR
stride & stroke,0,3,0,0,0,0,0,0,0,0,0,0,3,1,False,False,STRIDE & STROKE
going straight,0,0,0,0,0,0,0,0,3,0,0,0,3,1,False,False,GOING STRAIGHT
mi yummy mango,0,0,0,0,0,0,0,1,2,0,0,0,3,2,False,True,MI YUMMY MANGO
messy bessy,0,1,0,0,0,0,0,2,0,0,0,0,3,2,False,True,MESSY BESSY
anne klein,0,2,0,0,0,0,0,1,0,0,0,0,3,2,False,True,ANNE KLEIN
stuffd,0,0,0,0,0,3,0,0,0,0,0,0,3,1,False,False,Stuff'd
dr brows,0,0,0,0,0,0,0,1,2,0,0,0,3,2,False,True,DR. BROWS
shanghai siomai,0,0,0,0,0,0,0,3,0,0,0,0,3,1,False,False,Shanghai Siomai
chingu buko,0,0,0,0,2,0,0,1,0,0,0,0,3,2,False,True,Chingu Buko
sibyullee flavors of seoul,0,3,0,0,0,0,0,0,0,0,0,0,3,1,False,False,SIBYULLEE FLAVORS OF SEOUL
siapno tada optical,0,0,0,0,0,0,0,1,2,0,0,0,3,2,False,True,SIAPNO-TADA OPTICAL
lfafa massage chairs,0,2,0,1,0,0,0,0,0,0,0,0,3,2,False,True,LFAFA MASSAGE CHAIRS
gulaman station,0,0,0,0,0,0,0,0,0,0,0,3,3,1,False,False,GULAMAN STATION
gui,0,1,0,0,1,0,0,0,1,0,0,0,3,3,False,True,GUI
du hsiao yueh,0,0,1,0,0,0,1,0,1,0,0,0,3,3,False,True,Du Hsiao Yueh
vmv hypoallergenics,0,1,0,0,0,0,1,0,1,0,0,0,3,3,False,True,VMV HYPOALLERGENICS
surplus,0,0,0,0,3,0,0,0,0,0,0,0,3,1,False,False,Surplus
dti,0,0,0,0,0,1,0,1,1,0,0,0,3,3,False,True,DTI
leylam deluxe,0,0,0,0,0,0,0,1,2,0,0,0,3,2,False,True,Leylam Deluxe
shukey key services trading,0,0,0,0,0,0,0,0,3,0,0,0,3,1,False,False,SHUKEY KEY SERVICES TRADING
liberty wings,0,0,0,0,0,0,0,1,2,0,0,0,3,2,False,True,LIBERTY WINGS
surge fitness,0,2,0,0,0,0,1,0,0,0,0,0,3,2,False,True,SURGE FITNESS
noon talk nail lounge,0,2,0,0,0,0,0,1,0,0,0,0,3,2,False,True,NOON TALK NAIL LOUNGE
life fitness,0,2,0,0,0,0,0,0,1,0,0,0,3,2,False,True,LIFE FITNESS
ds jewelry,0,0,0,0,0,0,0,0,3,0,0,0,3,1,False,False,DS JEWELRY
gsn wireless,0,0,0,0,0,0,0,0,3,0,0,0,3,1,False,False,GSN WIRELESS
1st colonial grill,0,1,0,0,0,0,0,0,2,0,0,0,3,2,False,True,1ST COLONIAL GRILL
hahn,0,0,0,0,0,0,0,0,3,0,0,0,3,1,False,False,HAHN
sushi unlimited,0,0,0,0,0,0,0,3,0,0,0,0,3,1,False,False,SUSHI UNLIMITED
vs lugaw king,0,0,0,0,0,0,0,0,3,0,0,0,3,1,False,False,VS LUGAW KING
hakata ton ichi,0,0,0,0,0,1,0,0,2,0,0,0,3,2,False,True,HAKATA TON-ICHI
quickzen cellphone accessories,0,0,0,0,0,0,0,0,3,0,0,0,3,1,False,False,QUICKZEN CELLPHONE ACCESSORIES
numi wellness,0,0,0,0,0,1,0,0,2,0,0,0,3,2,False,True,NUMI WELLNESS
atc massage chair,0,0,0,0,0,0,0,3,0,0,0,0,3,1,False,False,ATC Massage Chair
vise versa,0,0,0,0,0,0,0,3,0,0,0,0,3,1,False,False,Vise Versa
chichabog,0,0,0,0,0,0,0,0,3,0,0,0,3,1,False,False,CHICHABOG
hammerhead,0,0,0,0,0,0,0,2,1,0,0,0,3,2,False,True,Hammerhead
quix,0,0,0,0,0,0,0,0,3,0,0,0,3,1,False,False,QUIX
ministop,0,0,0,0,0,0,0,2,1,0,0,0,3,2,False,True,Ministop
158 designers blvd,0,0,0,0,0,3,0,0,0,0,0,0,3,1,False,False,158 Designers' Blvd.
r&b tea,0,0,1,0,0,0,0,0,2,0,0,0,3,2,False,True,R&B TEA
158 designers boulevard,0,3,0,0,0,0,0,0,0,0,0,0,3,1,False,False,158 DESIGNERS' BOULEVARD
sweet claire patisseries,0,0,0,0,0,0,0,0,3,0,0,0,3,1,False,False,SWEET CLAIRE PATISSERIES
dunkin donut,0,0,0,0,0,0,0,1,0,0,0,2,3,2,False,True,DUNKIN DONUT
leona,0,1,0,0,0,0,0,0,2,0,0,0,3,2,False,True,LEONA
novagen eye center,0,0,0,0,0,0,0,0,3,0,0,0,3,1,False,False,NOVAGEN EYE CENTER
suzuki,0,0,0,0,0,0,0,0,3,0,0,0,3,1,False,False,SUZUKI
suu balm,0,0,0,0,0,1,0,0,2,0,0,0,3,2,False,True,SUU BALM
r o x,0,3,0,0,0,0,0,0,0,0,0,0,3,1,False,False,R.O.X.
mitsubishi,0,0,0,0,0,0,0,2,1,0,0,0,3,2,False,True,MITSUBISHI
lifewell,0,0,0,0,0,0,0,0,3,0,0,0,3,1,False,False,LIFEWELL
ml kwarta padala,0,3,0,0,0,0,0,0,0,0,0,0,3,1,False,False,ML KWARTA PADALA
citrus alley,0,0,0,0,0,0,0,0,2,0,1,0,3,2,False,True,CITRUS ALLEY
nissan,0,0,0,0,0,0,0,0,3,0,0,0,3,1,False,False,NISSAN
nisce skin n face,0,0,0,0,0,0,0,0,3,0,0,0,3,1,False,False,NISCE SKIN N FACE
zion philippines,0,2,1,0,0,0,0,0,0,0,0,0,3,2,False,True,ZION PHILIPPINES
3 sisters green thumb,0,0,1,0,0,0,0,0,2,0,0,0,3,2,False,True,3 SISTERS GREEN THUMB
lulu money,0,2,0,0,0,0,0,1,0,0,0,0,3,2,False,True,LULU MONEY
electronics boutique,0,0,1,0,0,1,0,0,0,0,1,0,3,3,False,True,The Electronics Boutique
citizen,0,0,0,0,0,0,0,0,3,0,0,0,3,1,False,False,CITIZEN
grandas sweets and delicacies,0,0,0,0,0,0,0,0,3,0,0,0,3,1,False,False,GRANDAS SWEETS AND DELICACIES
sunglass hut,0,3,0,0,0,0,0,0,0,0,0,0,3,1,False,False,SUNGLASS HUT
cignal,0,0,0,0,1,0,0,2,0,0,0,0,3,2,False,True,Cignal
zion,0,0,0,0,0,0,0,2,1,0,0,0,3,2,False,True,ZION
elevator,0,0,0,0,0,0,3,0,0,0,0,0,3,1,False,False,Elevator
shawarma king,0,0,0,0,0,0,0,2,1,0,0,0,3,2,False,True,SHAWARMA KING
sunburst fried chicken,0,2,0,0,0,0,0,0,1,0,0,0,3,2,False,True,SUNBURST FRIED CHICKEN
lock & lock,0,2,0,0,0,1,0,0,0,0,0,0,3,2,False,True,LOCK & LOCK
watch metro,0,0,0,0,0,0,0,3,0,0,0,0,3,1,False,False,THE WATCH METRO
nexscents,0,0,0,0,0,0,0,0,3,0,0,0,3,1,False,False,NEXSCENTS
sumo niku,0,0,0,0,0,0,0,3,0,0,0,0,3,1,False,False,SUMO NIKU
el torogi,0,0,0,0,0,0,0,0,0,0,0,3,3,1,False,False,EL TOROGI
great smile dental center,0,0,0,0,0,0,0,0,3,0,0,0,3,1,False,False,GREAT SMILE DENTAL CENTER
showcase carpets,0,3,0,0,0,0,0,0,0,0,0,0,3,1,False,False,SHOWCASE CARPETS
lionesse,0,0,0,0,0,0,0,0,3,0,0,0,3,1,False,False,LIONESSE
2 hands,0,0,0,0,0,0,0,1,2,0,0,0,3,2,False,True,2 Hands
mitsubishi digital,0,0,0,0,3,0,0,0,0,0,0,0,3,1,False,False,Mitsubishi Digital
randys donuts,0,0,0,0,0,0,0,3,0,0,0,0,3,1,False,False,Randy's Donuts
limon citrus juicery,0,0,0,0,0,1,0,0,2,0,0,0,3,2,False,True,LIMON CITRUS JUICERY
editors market,0,0,0,0,0,2,0,1,0,0,0,0,3,2,False,True,The Editor's Market
waffle house,0,0,0,0,0,0,0,1,2,0,0,0,3,2,False,True,WAFFLE HOUSE
chooks to go,0,1,0,0,0,0,0,1,0,0,1,0,3,3,False,True,CHOOKS TO GO
eds electrocomputer data system,0,0,0,0,0,0,0,3,0,0,0,0,3,1,False,False,EDS Electrocomputer Data System
mitsubishi motors,0,0,0,0,0,0,0,0,3,0,0,0,3,1,False,False,MITSUBISHI MOTORS
sit & relax,0,0,0,0,0,0,0,0,3,0,0,0,3,1,False,False,SIT & RELAX
little farmers,0,0,0,0,0,0,0,0,3,0,0,0,3,1,False,False,LITTLE FARMERS
sisig sarap,0,1,0,0,0,0,0,2,0,0,0,0,3,2,False,True,SISIG SARAP
little manila,0,0,0,0,0,2,0,0,1,0,0,0,3,2,False,True,Little Manila
miutiso,0,2,1,0,0,0,0,0,0,0,0,0,3,2,False,True,MIUTISO
green fresh,0,0,0,0,0,0,0,3,0,0,0,0,3,1,False,False,Green Fresh
razons,0,0,1,1,0,0,0,1,0,0,0,0,3,3,False,True,Razons
sissys nail art and spa,0,0,0,0,0,0,0,0,3,0,0,0,3,1,False,False,SISSY'S NAIL ART AND SPA
green apple dental,0,2,0,0,0,1,0,0,0,0,0,0,3,2,False,True,GREEN APPLE DENTAL
sen lek thai noodle,0,0,0,0,0,0,0,0,3,0,0,0,3,1,False,False,SEN LEK THAI NOODLE
fitness first,0,0,0,0,0,0,0,2,1,0,0,0,3,2,False,True,FITNESS FIRST
gintell rest n go,0,0,0,0,0,0,0,0,3,0,0,0,3,1,False,False,GINTELL REST N GO
maple bear,0,0,1,0,0,2,0,0,0,0,0,0,3,2,False,True,Maple Bear
manila bankers life insurance corporation,0,0,0,0,0,0,0,0,3,0,0,0,3,1,False,False,MANILA BANKERS LIFE INSURANCE CORPORATION
mos burger,0,2,0,0,0,0,0,1,0,0,0,0,3,2,False,True,MOS BURGER
fat bunny club,0,0,0,0,0,0,0,0,3,0,0,0,3,1,False,False,THE FAT BUNNY CLUB
manila derm,0,3,0,0,0,0,0,0,0,0,0,0,3,1,False,False,MANILA DERM
fat seed cafe roastery,0,3,0,0,0,0,0,0,0,0,0,0,3,1,False,False,THE FAT SEED CAFE + ROASTERY
czarina foreign exchange,0,1,0,0,0,1,1,0,0,0,0,0,3,3,False,True,Czarina Foreign Exchange
santouka,0,0,0,0,0,0,1,0,2,0,0,0,3,2,False,True,SANTOUKA
snowplus,0,0,0,0,0,0,0,3,0,0,0,0,3,1,False,False,Snowplus
mrs waffle,0,0,0,0,0,1,0,2,0,0,0,0,3,2,False,True,Mrs. Waffle
d i y hardware,0,1,0,0,0,2,0,0,0,0,0,0,3,2,False,True,D.I.Y. Hardware
cybertab,0,0,0,0,0,0,0,0,3,0,0,0,3,1,False,False,CYBERTAB
mr zion,0,0,0,0,0,0,0,0,0,0,3,0,3,1,False,False,Mr. Zion
frame plus,0,1,0,0,0,0,0,0,2,0,0,0,3,2,False,True,FRAME PLUS
marcel philippe,0,0,0,0,0,0,0,0,3,0,0,0,3,1,False,False,MARCEL PHILIPPE
sans rival cakes & pastries,0,1,0,0,0,0,0,2,0,0,0,0,3,2,False,True,Sans Rival Cakes & Pastries
mr tentacles,0,0,1,0,0,0,0,0,2,0,0,0,3,2,False,True,MR TENTACLES
special ensaymada by panaderia antonio,0,0,0,0,0,0,0,0,3,0,0,0,3,1,False,False,SPECIAL ENSAYMADA BY PANADERIA ANTONIO
foss coffee,0,0,0,1,0,0,0,2,0,0,0,0,3,2,False,True,FOSS COFFEE
dental city,0,1,0,0,0,0,0,0,2,0,0,0,3,2,False,True,DENTAL CITY
spa wellness,0,0,0,0,0,0,1,1,1,0,0,0,3,3,False,True,The Spa Wellness
manila baker,0,0,0,0,0,0,2,1,0,0,0,0,3,2,False,True,The Manila Baker
muhlach bakery,0,0,0,0,0,0,0,1,2,0,0,0,3,2,False,True,MUHLACH BAKERY
daily by bos coffee,0,0,0,0,0,2,0,0,1,0,0,0,3,2,False,True,Daily by Bo's Coffee
wrangler,0,0,0,0,2,0,0,1,0,0,0,0,3,2,False,True,Wrangler
wouldulike specialty coffee,0,0,0,0,0,0,0,0,3,0,0,0,3,1,False,False,WOULDULIKE SPECIALTY COFFEE
mandarin chinese drug center,0,0,0,0,0,0,0,2,1,0,0,0,3,2,False,True,Mandarin Chinese Drug Center
your mobile,0,0,0,0,0,0,0,1,2,0,0,0,3,2,False,True,YOUR MOBILE
sportsology,0,3,0,0,0,0,0,0,0,0,0,0,3,1,False,False,SPORTSOLOGY
your daily bread,0,0,0,0,0,0,0,0,3,0,0,0,3,1,False,False,YOUR DAILY BREAD
mont albo massage hut,0,1,0,0,0,0,0,0,2,0,0,0,3,2,False,True,MONT ALBO MASSAGE HUT
curaprox,0,3,0,0,0,0,0,0,0,0,0,0,3,1,False,False,CURAPROX
smokin toppings,0,0,0,0,2,0,0,0,1,0,0,0,3,2,False,True,Smokin' Toppings
sports central outlet,0,0,0,0,0,0,0,0,3,0,0,0,3,1,False,False,SPORTS CENTRAL OUTLET
sports basic,0,0,0,0,0,0,0,3,0,0,0,0,3,1,False,False,Sports Basic
mangotangos,0,0,0,0,0,0,0,0,3,0,0,0,3,1,False,False,MANGOTANGOS
mango farm,0,0,0,0,0,0,0,0,3,0,0,0,3,1,False,False,THE MANGO FARM
deoglow skin innovations,0,0,0,0,0,0,0,0,3,0,0,0,3,1,False,False,DEOGLOW SKIN INNOVATIONS
deoglow,0,0,0,0,0,0,0,1,2,0,0,0,3,2,False,True,DEOGLOW
sports barber,0,2,0,0,0,0,0,1,0,0,0,0,3,2,False,True,SPORTS BARBER
mcdodo,0,0,0,0,0,0,0,0,3,0,0,0,3,1,False,False,MCDODO
royce,0,2,0,0,0,0,0,1,0,0,0,0,3,2,False,True,ROYCE
mango tree bistro,0,3,0,0,0,0,0,0,0,0,0,0,3,1,False,False,MANGO TREE BISTRO
freshup hand foot salon,0,0,0,0,0,0,0,0,3,0,0,0,3,1,False,False,FRESHUP HAND FOOT SALON
spinner ice cream,0,0,0,0,0,0,0,2,1,0,0,0,3,2,False,True,SPINNER ICE CREAM
soban k town grill,0,0,0,0,0,0,0,1,2,0,0,0,3,2,False,True,SOBAN K-TOWN GRILL
dental breath therapy clinic,0,0,0,0,0,0,0,1,2,0,0,0,3,2,False,True,DENTAL BREATH THERAPY CLINIC
spruce,0,0,0,0,0,0,0,3,0,0,0,0,3,1,False,False,Spruce
flexifone,0,0,0,0,0,0,0,0,0,0,3,0,3,1,False,False,Flexifone
mr macchiato,0,0,0,0,0,0,0,2,1,0,0,0,3,2,False,True,Mr. Macchiato
data blitz,0,0,1,0,0,0,1,1,0,0,0,0,3,3,False,True,Data Blitz
florsheim kids,0,0,0,0,0,0,0,0,3,0,0,0,3,1,False,False,FLORSHEIM KIDS
aetrex,0,1,0,0,0,1,0,0,1,0,0,0,3,3,False,True,AETREX
sams everything on stick,0,0,0,0,0,0,0,3,0,0,0,0,3,1,False,False,Sam's Everything On Stick
afficionado,0,0,0,0,0,0,0,2,0,1,0,0,3,2,False,True,AFFICIONADO
davao tuna grill,0,0,0,1,0,0,0,2,0,0,0,0,3,2,False,True,Davao Tuna Grill
fino,0,0,0,0,0,0,1,1,1,0,0,0,3,3,False,True,FINO
samanthas steam boat,0,0,0,0,0,0,0,1,2,0,0,0,3,2,False,True,SAMANTHAS STEAM BOAT
mr ginger healthy detox drinks,0,0,0,0,0,0,0,0,3,0,0,0,3,1,False,False,MR GINGER HEALTHY DETOX DRINKS
xtremely xpresso,0,0,0,0,0,0,0,0,3,0,0,0,3,1,False,False,XTREMELY XPRESSO
mathemagis singapore maths enrichment center,0,3,0,0,0,0,0,0,0,0,0,0,3,1,False,False,MATHEMAGIS SINGAPORE MATHS ENRICHMENT CENTER
de original jamaican pattie,0,0,0,0,0,3,0,0,0,0,0,0,3,1,False,False,De Original Jamaican Pattie
mary grace cafe,0,0,0,0,0,0,0,3,0,0,0,0,3,1,False,False,Mary Grace Cafe
yamaha,0,0,0,0,0,1,0,0,2,0,0,0,3,2,False,True,YAMAHA
motostyle,0,1,0,0,0,0,0,0,2,0,0,0,3,2,False,True,MOTOSTYLE
sole patrol,0,0,0,0,0,0,0,3,0,0,0,0,3,1,False,False,Sole Patrol
flawless,0,1,0,0,0,0,0,1,0,0,1,0,3,3,False,True,FLAWLESS
mr d i y,0,0,1,2,0,0,0,0,0,0,0,0,3,2,False,True,Mr. D.I.Y.
fix bench salon,0,0,1,0,0,0,1,0,1,0,0,0,3,3,False,True,Fix Bench Salon
maxi mango,0,0,0,0,1,0,0,1,1,0,0,0,3,3,False,True,Maxi Mango
daniel hechter,0,0,0,0,0,1,0,0,2,0,0,0,3,2,False,True,DANIEL HECHTER
yi fang,0,0,0,0,0,0,1,2,0,0,0,0,3,2,False,True,Yi Fang
s&r pizza,0,0,0,0,0,3,0,0,0,0,0,0,3,1,False,False,S&R Pizza
daily detox juices,0,0,0,0,0,0,0,0,3,0,0,0,3,1,False,False,DAILY DETOX JUICES
spa,0,3,0,0,0,0,0,0,0,0,0,0,3,1,False,False,THE SPA
adidas originals,0,1,0,0,0,1,0,0,1,0,0,0,3,3,False,True,ADIDAS ORIGINALS
fiery style southwestern flaming grill,0,2,0,0,0,0,0,0,1,0,0,0,3,2,False,True,FIERY STYLE SOUTHWESTERN FLAMING GRILL
adrianas,0,0,0,0,0,0,0,0,3,0,0,0,3,1,False,False,ADRIANAS
fiesta dabaw,0,0,0,0,2,0,0,0,1,0,0,0,3,2,False,True,Fiesta Dabaw
dairy blast,0,0,0,0,0,0,0,0,3,0,0,0,3,1,False,False,DAIRY BLAST
marina seafood,0,0,0,0,0,0,0,1,2,0,0,0,3,2,False,True,MARINA SEAFOOD
foot for the gods,0,0,0,0,0,0,0,0,3,0,0,0,3,1,False,False,FOOT FOR THE GODS
fonetwist,0,0,0,0,0,0,0,3,0,0,0,0,3,1,False,False,Fonetwist
fone edge,0,0,0,0,0,0,0,1,2,0,0,0,3,2,False,True,FONE EDGE
dencios kamayan,0,0,0,0,1,0,0,0,2,0,0,0,3,2,False,True,DENCIOS KAMAYAN
aivee clinic,0,1,0,0,0,1,0,0,1,0,0,0,3,3,False,True,THE AIVEE CLINIC
fiesta stamp,0,0,0,0,0,0,0,0,3,0,0,0,3,1,False,False,FIESTA STAMP
market bingo,0,0,0,0,0,0,0,0,3,0,0,0,3,1,False,False,MARKET BINGO
fonedress cellphone accessories shop,0,0,0,0,0,0,0,0,3,0,0,0,3,1,False,False,FONEDRESS CELLPHONE ACCESSORIES SHOP
fonebytes,0,0,0,0,0,0,0,2,0,0,1,0,3,2,False,True,Fonebytes
delonghi,1,2,0,0,0,0,0,0,0,0,0,0,3,2,False,True,DELONGHI
xtreme one stop shop appliances,0,0,0,0,0,0,0,2,1,0,0,0,3,2,False,True,XTREME ONE-STOP SHOP APPLIANCES
sofab,0,2,0,0,0,0,1,0,0,0,0,0,3,2,False,True,SOFAB!
me & u gift shop,0,0,0,0,0,0,0,0,3,0,0,0,3,1,False,False,ME & U GIFT SHOP
rox playgrnd,0,0,0,0,0,0,0,0,3,0,0,0,3,1,False,False,ROX PLAYGRND
evegate beauty salon,0,0,0,0,0,0,0,0,3,0,0,0,3,1,False,False,EVEGATE BEAUTY SALON
ristorante bigoli,0,0,0,0,0,0,0,0,3,0,0,0,3,1,False,False,RISTORANTE BIGOLI
nailsglow,0,0,0,0,0,0,0,0,3,0,0,0,3,1,False,False,NAILSGLOW
nails dot glow essence,0,0,0,0,0,0,0,0,3,0,0,0,3,1,False,False,NAILS DOT GLOW ESSENCE
mr anthony shoes bags repair,0,0,0,0,0,0,0,0,3,0,0,0,3,1,False,False,MR ANTHONY SHOES BAGS REPAIR
nailandia nail studio & body spa,0,3,0,0,0,0,0,0,0,0,0,0,3,1,False,False,NAILANDIA NAIL STUDIO & BODY SPA
concentrix,0,1,0,0,0,1,0,0,1,0,0,0,3,3,False,True,CONCENTRIX
nail it,0,0,1,2,0,0,0,0,0,0,0,0,3,2,False,True,Nail It
exit,0,0,0,0,0,0,3,0,0,0,0,0,3,1,False,False,Exit
generic pharmacy,0,0,0,0,1,0,0,1,0,0,0,1,3,3,False,True,The Generic Pharmacy
nail house,0,0,0,0,0,0,0,0,3,0,0,0,3,1,False,False,NAIL HOUSE
ritas ice custard happiness,0,0,0,0,0,0,0,0,3,0,0,0,3,1,False,False,RITAS ICE CUSTARD HAPPINESS
combotech,0,0,0,0,0,0,0,0,3,0,0,0,3,1,False,False,COMBOTECH
statech,0,2,0,0,0,0,0,0,1,0,0,0,3,2,False,True,STATECH
a1 driving,0,0,0,0,1,0,0,1,1,0,0,0,3,3,False,True,A1 Driving
seafood ribs warehouse restaurant,0,0,0,0,0,0,0,0,3,0,0,0,3,1,False,False,SEAFOOD RIBS WAREHOUSE RESTAURANT
abaca baking company,0,0,0,0,0,0,0,2,1,0,0,0,3,2,False,True,ABACA BAKING COMPANY
mabuhay chiropractic clinics,0,0,0,0,0,0,0,0,3,0,0,0,3,1,False,False,MABUHAY CHIROPRACTIC CLINICS
digitall worx graphics,0,0,0,0,0,0,0,0,3,0,0,0,3,1,False,False,DIGITALL WORX GRAPHICS
geek ph,0,0,0,0,0,0,1,0,2,0,0,0,3,2,False,True,GEEK PH
cookies by the bucket,0,0,0,0,0,1,0,2,0,0,0,0,3,2,False,True,Cookies by the Bucket
digital village,0,1,0,0,0,0,0,0,2,0,0,0,3,2,False,True,DIGITAL VILLAGE
executive facial care,0,0,0,0,0,0,0,2,0,0,1,0,3,2,False,True,The Executive Facial Care
mercury,0,0,0,0,0,0,0,0,0,0,0,3,3,1,False,False,MERCURY
gateway motors,0,0,0,0,0,0,0,0,3,0,0,0,3,1,False,False,GATEWAY MOTORS
riam stick and print works,0,0,0,0,0,0,0,0,3,0,0,0,3,1,False,False,RIAM STICK AND PRINT WORKS
skk mobile,0,0,0,0,2,0,0,0,0,0,0,1,3,2,False,True,SKK Mobile
seiko premium store,0,0,0,0,0,0,0,0,3,0,0,0,3,1,False,False,SEIKO PREMIUM STORE
mobile mob,0,0,0,0,0,0,0,0,3,0,0,0,3,1,False,False,MOBILE MOB
everlove,0,0,0,0,0,0,0,0,3,0,0,0,3,1,False,False,EVERLOVE
storage corner,0,0,0,0,1,0,0,0,2,0,0,0,3,2,False,True,STORAGE CORNER
cold stone creamery,0,0,1,0,0,1,0,1,0,0,0,0,3,3,False,True,Cold Stone Creamery
sky cable,0,0,0,0,3,0,0,0,0,0,0,0,3,1,False,False,Sky Cable
rgm i care cellphone repair and accessories,0,0,0,0,0,0,0,0,3,0,0,0,3,1,False,False,RGM I CARE CELLPHONE REPAIR AND ACCESSORIES
whey king,0,0,0,0,0,3,0,0,0,0,0,0,3,1,False,False,Whey King
gigahertz,0,0,1,0,0,0,1,1,0,0,0,0,3,3,False,True,Gigahertz
wiko,0,0,0,0,0,0,0,1,2,0,0,0,3,2,False,True,WIKO
sky ranch,0,0,0,0,0,0,0,0,3,0,0,0,3,1,False,False,SKY RANCH
giga,0,0,0,0,0,0,1,1,1,0,0,0,3,3,False,True,Giga
dino rides,0,0,0,0,0,0,0,3,0,0,0,0,3,1,False,False,Dino Rides
lutong ilocano,0,0,0,0,0,0,0,3,0,0,0,0,3,1,False,False,Lutong Ilocano
mobile pro,0,0,0,0,0,0,0,1,2,0,0,0,3,2,False,True,MOBILE PRO
sticks and strings,0,0,0,0,0,0,0,0,3,0,0,0,3,1,False,False,STICKS AND STRINGS
gibi shoes,0,0,0,0,1,1,0,0,0,0,0,1,3,3,False,True,Gibi Shoes
security bank atm,0,0,0,0,0,3,0,0,0,0,0,0,3,1,False,False,Security Bank ATM
luxe beauty and wellness,0,0,0,0,0,0,0,0,3,0,0,0,3,1,False,False,LUXE BEAUTY AND WELLNESS
coolectzone,0,0,0,0,0,0,0,0,3,0,0,0,3,1,False,False,COOLECTZONE
gashapon bandai,0,0,0,0,0,0,1,0,2,0,0,0,3,2,False,True,GASHAPON BANDAI
smeg,0,1,0,0,0,0,0,1,1,0,0,0,3,3,False,True,SMEG
mediskin,0,1,0,0,1,0,0,0,1,0,0,0,3,3,False,True,MEDISKIN
eye level,0,1,0,0,0,1,0,1,0,0,0,0,3,3,False,True,Eye Level
diagold jewelry store,0,3,0,0,0,0,0,0,0,0,0,0,3,1,False,False,DIAGOLD JEWELRY STORE
meet my feet,0,2,0,0,0,0,1,0,0,0,0,0,3,2,False,True,MEET MY FEET
majestic,0,0,0,0,0,0,0,0,3,0,0,0,3,1,False,False,MAJESTIC
my joy,0,2,0,0,0,0,0,0,1,0,0,0,3,2,False,True,MY JOY
dhl w express,0,0,0,0,0,0,0,1,2,0,0,0,3,2,False,True,DHL W EXPRESS
alpha steel,0,0,0,0,0,0,0,0,3,0,0,0,3,1,False,False,ALPHA STEEL
furniture source,0,1,1,0,0,0,0,0,1,0,0,0,3,3,False,True,FURNITURE SOURCE
ysl,0,0,0,0,0,1,0,2,0,0,0,0,3,2,False,True,YSL
croffle store,0,0,0,0,0,0,0,3,0,0,0,0,3,1,False,False,The Croffle Store
diamond palace,0,0,0,0,2,0,0,0,1,0,0,0,3,2,False,True,Diamond Palace
dexter time zone,0,0,0,0,0,0,0,0,3,0,0,0,3,1,False,False,DEXTER TIME ZONE
ysa skin care center,0,0,0,0,0,0,0,0,3,0,0,0,3,1,False,False,YSA SKIN CARE CENTER
scoop proj by paperdolls,0,0,0,0,0,0,0,0,3,0,0,0,3,1,False,False,SCOOP PROJ. BY PAPERDOLLS
eyestudio optical center,0,0,0,0,0,0,0,0,0,0,3,0,3,1,False,False,Eyestudio Optical Center
maming gala,0,0,0,1,0,0,0,1,1,0,0,0,3,3,False,True,MAMING GALA
scentsmith,0,3,0,0,0,0,0,0,0,0,0,0,3,1,False,False,SCENTSMITH
accsmart,0,0,0,0,0,0,0,0,3,0,0,0,3,1,False,False,ACCSMART
mamou,0,0,0,0,0,1,0,0,2,0,0,0,3,2,False,True,MAMOU
man barbers gentlemans shops,0,0,0,0,0,0,0,0,3,0,0,0,3,1,False,False,MAN BARBERS GENTLEMANS SHOPS
absidy,0,0,0,0,0,0,0,3,0,0,0,0,3,1,False,False,ABSIDY
sm skating,0,0,0,0,0,0,0,0,3,0,0,0,3,1,False,False,SM SKATING
digistamps,0,0,1,0,0,0,0,2,0,0,0,0,3,2,False,True,Digistamps
sm food hall,0,0,0,0,0,0,0,0,3,0,0,0,3,1,False,False,SM FOOD HALL
sea salt,0,0,0,0,0,0,0,2,1,0,0,0,3,2,False,True,SEA/SALT
macho mucho salon for men,0,0,0,0,0,0,0,0,3,0,0,0,3,1,False,False,MACHO MUCHO SALON FOR MEN
modern shang,0,0,0,0,0,0,1,0,2,0,0,0,3,2,False,True,MODERN SHANG
nacho king,0,0,0,0,0,0,0,0,3,0,0,0,3,1,False,False,NACHO KING
womens secret,0,3,0,0,0,0,0,0,0,0,0,0,3,1,False,False,WOMEN'S SECRET
ey telecom,0,0,0,0,0,0,0,0,0,0,0,3,3,1,False,False,EY TELECOM
myst,0,1,0,0,0,1,0,0,1,0,0,0,3,3,False,True,MYST
game one,0,0,0,0,0,0,1,0,2,0,0,0,3,2,False,True,Game One
magic fit,0,2,0,0,0,0,0,0,1,0,0,0,3,2,False,True,MAGIC FIT
robinsons homes,0,0,0,0,0,0,0,3,0,0,0,0,3,1,False,False,Robinsons Homes
gadget armor,0,0,0,0,0,0,0,0,3,0,0,0,3,1,False,False,GADGET ARMOR
mega one phones gadgets shop,0,0,0,0,0,0,0,0,3,0,0,0,3,1,False,False,MEGA ONE PHONES GADGETS SHOP
wonderpark,0,0,0,0,0,0,0,0,3,0,0,0,3,1,False,False,WONDERPARK
momo korean egg drop,0,0,0,0,0,0,0,0,3,0,0,0,3,1,False,False,MOMO KOREAN EGG DROP
rock n sole shoes and apparel,0,3,0,0,0,0,0,0,0,0,0,0,3,1,False,False,ROCK N' SOLE SHOES AND APPAREL
cqe,0,0,0,0,0,0,0,2,1,0,0,0,3,2,False,True,CQE
craft central,0,1,0,0,0,0,0,0,2,0,0,0,3,2,False,True,THE CRAFT CENTRAL
altitude,1,0,1,0,0,0,0,1,0,0,0,0,3,3,False,True,Altitude
gadget phone care,0,0,0,0,0,0,0,0,0,0,3,0,3,1,False,False,Gadget Phone Care
gadget master,0,0,0,0,0,0,0,0,2,0,1,0,3,2,False,True,GADGET MASTER
nailogy,0,0,0,0,0,0,0,2,1,0,0,0,3,2,False,True,NAILOGY
jos dental place,0,0,0,0,0,0,0,0,3,0,0,0,3,1,False,False,JOS DENTAL PLACE
panwiches,0,0,0,0,1,0,0,0,2,0,0,0,3,2,False,True,PANWICHES
ooma,0,2,0,0,0,0,0,0,1,0,0,0,3,2,False,True,OOMA
cartruck,0,0,0,0,0,0,0,2,1,0,0,0,3,2,False,True,CARTRUCK
hpt,0,0,0,0,3,0,0,0,0,0,0,0,3,1,False,False,HPT
hp world,0,0,0,0,0,0,1,1,1,0,0,0,3,3,False,True,HP WORLD
izell mobile phones and accessories shop,0,0,0,0,0,0,0,0,3,0,0,0,3,1,False,False,IZELL MOBILE PHONES AND ACCESSORIES SHOP
casa daza,0,0,1,0,0,1,0,1,0,0,0,0,3,3,False,True,Casa Daza
bens cookies,0,0,0,0,0,0,0,0,3,0,0,0,3,1,False,False,BEN'S COOKIES
bens halo halo,0,0,0,0,0,0,0,1,2,0,0,0,3,2,False,True,BENS HALO HALO
casa daza empanadas by chef sandy,0,0,0,0,0,0,0,0,3,0,0,0,3,1,False,False,CASA DAZA EMPANADAS BY CHEF SANDY
j co doughnuts & coffee,0,0,0,0,0,3,0,0,0,0,0,0,3,1,False,False,J.Co Doughnuts & Coffee
powerportal,0,0,0,0,0,0,0,0,3,0,0,0,3,1,False,False,POWERPORTAL
one zo tapioca,0,2,1,0,0,0,0,0,0,0,0,0,3,2,False,True,ONE ZO TAPIOCA
la churrera,0,0,1,0,0,0,0,0,2,0,0,0,3,2,False,True,LA CHURRERA
vanity box,0,1,0,0,0,0,0,0,2,0,0,0,3,2,False,True,VANITY BOX
house of obagi,0,2,0,0,0,0,0,1,0,0,0,0,3,2,False,True,HOUSE OF OBAGI
la elegancia,0,1,0,0,0,0,0,0,2,0,0,0,3,2,False,True,LA ELEGANCIA
philsys,0,0,1,0,0,0,0,2,0,0,0,0,3,2,False,True,Philsys (national Id)
philpost,0,0,0,0,0,1,0,1,0,1,0,0,3,3,False,True,Philpost
bettys native cake,0,0,0,0,0,0,0,0,3,0,0,0,3,1,False,False,BETTYS NATIVE CAKE
philippine explorer,0,0,1,0,0,0,0,2,0,0,0,0,3,2,False,True,PHILIPPINE EXPLORER
benefit,0,2,0,0,0,0,0,0,1,0,0,0,3,2,False,True,BENEFIT
kyu ramen express,0,0,0,0,0,0,0,0,3,0,0,0,3,1,False,False,KYU RAMEN EXPRESS
one vape,0,0,0,0,0,2,0,1,0,0,0,0,3,2,False,True,One Vape
bench skin expert,0,2,0,0,0,0,0,0,1,0,0,0,3,2,False,True,BENCH SKIN EXPERT
kuya j,0,0,0,0,0,0,0,3,0,0,0,0,3,1,False,False,Kuya J
balai pandesal,0,2,0,0,0,0,0,0,1,0,0,0,3,2,False,True,BALAI PANDESAL
hurley,0,0,0,0,0,0,0,0,3,0,0,0,3,1,False,False,HURLEY
telecom center,0,3,0,0,0,0,0,0,0,0,0,0,3,1,False,False,TELECOM CENTER
tekpone,0,0,0,0,1,0,0,0,2,0,0,0,3,2,False,True,TEKPONE
bench active,0,1,0,0,0,0,0,0,2,0,0,0,3,2,False,True,BENCH ACTIVE
bench fix,0,0,0,0,0,3,0,0,0,0,0,0,3,1,False,False,Bench Fix
kevlo skin clinic,0,0,0,0,0,0,0,0,3,0,0,0,3,1,False,False,KEVLO SKIN CLINIC
kevins toys library,0,0,0,0,0,0,0,0,3,0,0,0,3,1,False,False,KEVINS TOYS LIBRARY
piccadilly,0,1,0,0,0,0,1,0,1,0,0,0,3,3,False,True,PICCADILLY
brother international philippines,0,0,0,0,0,0,0,0,3,0,0,0,3,1,False,False,BROTHER INTERNATIONAL PHILIPPINES
power mac,0,0,1,0,0,0,0,2,0,0,0,0,3,2,False,True,Power Mac
v jewelry,0,0,1,0,0,2,0,0,0,0,0,0,3,2,False,True,V! Jewelry
bakers percent,0,0,0,0,0,0,0,1,0,0,0,2,3,2,False,True,BAKERS PERCENT
techwizard,0,0,0,0,0,0,0,0,3,0,0,0,3,1,False,False,TECHWIZARD
kyu kyu ramen,0,0,1,0,0,0,0,1,1,0,0,0,3,3,False,True,Kyu Kyu Ramen
itech,0,0,1,0,0,0,0,1,1,0,0,0,3,3,False,True,ITECH
itel,0,0,0,0,0,0,0,3,0,0,0,0,3,1,False,False,Itel
huawei service center,0,0,0,0,1,0,0,0,2,0,0,0,3,2,False,True,HUAWEI SERVICE CENTER
case logic,0,0,0,0,0,0,0,0,3,0,0,0,3,1,False,False,CASE LOGIC
philippine christian bookstore,0,0,0,0,0,0,0,1,2,0,0,0,3,2,False,True,PHILIPPINE CHRISTIAN BOOKSTORE
kg oriental bowl,0,0,0,0,0,0,0,0,3,0,0,0,3,1,False,False,KG ORIENTAL BOWL
prime steak house,0,1,0,0,0,0,0,2,0,0,0,0,3,2,False,True,PRIME STEAK HOUSE
cebuana lhullier,0,0,0,0,1,0,0,2,0,0,0,0,3,2,False,True,Cebuana Lhullier
vente,1,0,0,1,0,0,0,1,0,0,0,0,3,3,False,True,VENTE
landmark,0,3,0,0,0,0,0,0,0,0,0,0,3,1,False,False,LANDMARK
prince baker,0,0,0,0,0,1,0,1,1,0,0,0,3,3,False,True,PRINCE BAKER
celebrations party central,0,2,0,0,0,0,0,0,1,0,0,0,3,2,False,True,CELEBRATIONS PARTY CENTRAL
celine,0,1,1,0,1,0,0,0,0,0,0,0,3,3,False,True,CELINE
prizes prizes,0,0,0,0,0,0,0,0,3,0,0,0,3,1,False,False,PRIZES PRIZES
jd bakery cafe,0,0,0,0,0,1,0,1,1,0,0,0,3,3,False,True,JD Bakery Cafe
jd bakeshop,0,0,0,0,0,0,0,3,0,0,0,0,3,1,False,False,JD Bakeshop
hiro,0,0,0,0,0,0,0,2,1,0,0,0,3,2,False,True,HIRO
tap station,0,1,0,0,0,2,0,0,0,0,0,0,3,2,False,True,Tap Station
project dc,0,0,1,0,0,0,0,0,2,0,0,0,3,2,False,True,PROJECT DC
pet kingdom,1,0,0,0,0,2,0,0,0,0,0,0,3,2,False,True,Pet Kingdom
borough lasik center,0,0,0,0,0,1,0,0,2,0,0,0,3,2,False,True,BOROUGH LASIK CENTER
tony & jackey salon,0,2,0,0,0,0,1,0,0,0,0,0,3,2,False,True,TONY & JACKEY SALON
tannery manila,0,1,0,0,0,0,0,0,2,0,0,0,3,2,False,True,THE TANNERY MANILA
tsurumaru udon x tempura,0,0,0,0,0,0,0,1,2,0,0,0,3,2,False,True,TSURUMARU UDON X TEMPURA
paperworld,0,0,0,0,0,0,0,3,0,0,0,0,3,1,False,False,Paperworld
books for less,0,1,0,0,0,0,0,1,1,0,0,0,3,3,False,True,BOOKS FOR LESS
landers superstore,0,1,0,0,0,2,0,0,0,0,0,0,3,2,False,True,Landers Superstore
cebuana lhuillier pawnshop,0,3,0,0,0,0,0,0,0,0,0,0,3,1,False,False,CEBUANA LHUILLIER PAWNSHOP
japabites,0,0,1,0,0,0,0,1,1,0,0,0,3,3,False,True,JAPABITES
homecare express,0,0,0,0,0,0,0,0,3,0,0,0,3,1,False,False,HOMECARE EXPRESS
vault,0,1,0,0,0,0,0,0,2,0,0,0,3,2,False,True,THE VAULT
tech synergy,0,0,0,0,0,0,0,3,0,0,0,0,3,1,False,False,Tech Synergy
backjoy,0,0,0,0,0,0,0,1,2,0,0,0,3,2,False,True,BACKJOY
back alley barbershop,0,1,0,0,0,2,0,0,0,0,0,0,3,2,False,True,Back Alley Barbershop
japan home,0,0,0,2,0,0,0,1,0,0,0,0,3,2,False,True,Japan Home
omega,0,1,0,0,0,1,0,0,1,0,0,0,3,3,False,True,OMEGA
hot kitchen by fresh option,0,0,0,0,0,0,0,0,3,0,0,0,3,1,False,False,HOT KITCHEN BY FRESH OPTION
japan homes,0,0,0,0,0,0,0,2,0,0,0,1,3,2,False,True,Japan Homes
tech forward,0,0,0,0,0,0,0,0,3,0,0,0,3,1,False,False,TECH FORWARD
karada japanese body therapy,0,0,0,0,0,0,0,0,3,0,0,0,3,1,False,False,KARADA JAPANESE BODY THERAPY
premier drip,0,0,0,0,0,0,0,0,3,0,0,0,3,1,False,False,PREMIER DRIP
toms,0,0,0,0,0,0,0,0,3,0,0,0,3,1,False,False,TOMS
ollie & co,0,1,0,0,0,2,0,0,0,0,0,0,3,2,False,True,Ollie & Co.
pets on the racks,0,0,0,0,0,0,0,0,3,0,0,0,3,1,False,False,PETS ON THE RACKS
vendocorp,0,0,0,0,0,0,0,0,0,0,0,3,3,1,False,False,VENDOCORP
tuf,0,1,0,0,0,0,0,0,2,0,0,0,3,2,False,True,TUF
boulangerie22,0,1,0,0,0,1,0,0,1,0,0,0,3,3,False,True,BOULANGERIE22
hongkong roasting,0,0,0,0,0,0,0,0,3,0,0,0,3,1,False,False,HONGKONG ROASTING
big brands,0,0,0,0,0,0,0,3,0,0,0,0,3,1,False,False,Big Brands
oppo service center,0,1,1,0,0,0,0,0,1,0,0,0,3,3,False,True,OPPO SERVICE CENTER
tivoli money changer,0,3,0,0,0,0,0,0,0,0,0,0,3,1,False,False,TIVOLI MONEY CHANGER
tambunting,0,2,1,0,0,0,0,0,0,0,0,0,3,2,False,True,TAMBUNTING
king chef,0,1,0,0,0,1,0,0,1,0,0,0,3,3,False,True,KING CHEF
klinikwatch service center,0,0,0,0,0,0,0,0,3,0,0,0,3,1,False,False,KLINIKWATCH SERVICE CENTER
oryspa,0,0,0,0,0,0,0,0,3,0,0,0,3,1,False,False,ORYSPA
beanery gourmet coffee beans,0,0,0,0,0,0,0,0,3,0,0,0,3,1,False,False,THE BEANERY GOURMET COFFEE BEANS
ortiz skin forum,0,0,0,0,0,0,0,0,3,0,0,0,3,1,False,False,ORTIZ SKIN FORUM
pnb superteller,0,0,0,0,0,0,0,0,3,0,0,0,3,1,False,False,PNB SUPERTELLER
ikabud pagkaing pinoy,0,0,0,0,0,0,0,0,3,0,0,0,3,1,False,False,IKABUD PAGKAING PINOY
kind ventures wellness products,0,0,0,0,0,0,0,0,3,0,0,0,3,1,False,False,KIND VENTURES WELLNESS PRODUCTS
bum equipment,1,1,0,0,0,0,0,1,0,0,0,0,3,3,False,True,BUM EQUIPMENT
poea,0,0,0,0,0,0,0,2,1,0,0,0,3,2,False,True,POEA
cafe breton,0,2,0,0,0,0,0,1,0,0,0,0,3,2,False,True,CAFE BRETON
polish nail studio,0,2,0,0,0,1,0,0,0,0,0,0,3,2,False,True,POLISH NAIL STUDIO
innovatronix,0,1,0,0,0,0,0,2,0,0,0,0,3,2,False,True,INNOVATRONIX
inotech,0,0,0,0,0,0,0,2,1,0,0,0,3,2,False,True,INOTECH
idenico,0,0,0,0,0,0,0,0,3,0,0,0,3,1,False,False,IDENICO
kimpura,0,2,0,0,0,0,1,0,0,0,0,0,3,2,False,True,KIMPURA
insta360,0,0,1,0,0,0,0,0,2,0,0,0,3,2,False,True,INSTA360
cafe laguna,0,0,0,0,0,0,0,1,2,0,0,0,3,2,False,True,CAFE LAGUNA
kohi manju,0,0,0,0,0,0,0,2,1,0,0,0,3,2,False,True,KOHI MANJU
cafe perene,0,2,0,0,0,0,1,0,0,0,0,0,3,2,False,True,CAFE PERENE
kinetix lab,0,2,0,0,0,0,0,0,1,0,0,0,3,2,False,True,KINETIX LAB
plc watch repair service center,0,0,0,0,0,0,0,0,3,0,0,0,3,1,False,False,PLC WATCH REPAIR SERVICE CENTER
timeworks,0,0,0,0,0,0,0,0,3,0,0,0,3,1,False,False,TIMEWORKS
over mango,0,0,0,1,0,0,0,0,1,0,1,0,3,3,False,True,OVER MANGO
uniq,0,0,1,0,0,0,0,0,2,0,0,0,3,2,False,True,UNIQ
bb q chicken,0,0,0,0,0,0,0,3,0,0,0,0,3,1,False,False,BB.Q CHICKEN
butternut bakery,0,0,0,0,0,1,0,0,2,0,0,0,3,2,False,True,BUTTERNUT BAKERY
kiras box,0,2,0,0,0,0,0,1,0,0,0,0,3,2,False,True,KIRA'S BOX
infinity,0,0,0,0,0,0,0,1,2,0,0,0,3,2,False,True,INFINITY
unique vision center,0,0,0,0,0,0,0,0,3,0,0,0,3,1,False,False,UNIQUE VISION CENTER
bbk,0,0,0,0,0,1,0,0,0,0,2,0,3,2,False,True,BBK
inbox store,0,0,0,0,0,0,0,0,3,0,0,0,3,1,False,False,INBOX STORE
by g salon,0,0,0,0,0,0,0,0,3,0,0,0,3,1,False,False,BY G SALON
king sisig,0,0,0,0,0,0,0,1,1,1,0,0,3,3,False,True,KING SISIG
byd,1,0,0,0,0,0,0,2,0,0,0,0,3,2,False,True,BYD
impressions art gallery,0,0,0,0,0,0,0,0,3,0,0,0,3,1,False,False,IMPRESSIONS ART GALLERY
byrons backribs,0,0,0,0,0,0,0,2,1,0,0,0,3,2,False,True,Byron's Backribs
playbook store,0,1,0,0,0,0,1,1,0,0,0,0,3,3,False,True,THE PLAYBOOK STORE
burger beast,0,0,0,0,0,3,0,0,0,0,0,0,3,1,False,False,Burger Beast
unisilver jewelry,0,0,0,0,1,0,0,2,0,0,0,0,3,2,False,True,Unisilver Jewelry
playlab,0,0,0,0,0,0,0,3,0,0,0,0,3,1,False,False,Playlab
osim,0,1,0,0,0,0,1,0,1,0,0,0,3,3,False,True,OSIM
thule,0,0,0,0,0,0,0,0,3,0,0,0,3,1,False,False,THULE
buko twist,0,0,0,0,0,0,0,3,0,0,0,0,3,1,False,False,BUKO TWIST
unlimited laundry services,0,0,0,0,0,0,0,0,3,0,0,0,3,1,False,False,UNLIMITED LAUNDRY SERVICES
kuulaa,0,0,0,0,0,0,0,0,3,0,0,0,3,1,False,False,KUULAA
buffet 101,0,1,0,0,0,0,0,0,2,0,0,0,3,2,False,True,BUFFET 101
urbanessence beauty wellness spa,0,0,0,0,0,0,0,0,3,0,0,0,3,1,False,False,URBANESSENCE BEAUTY WELLNESS SPA
bees wax,0,0,0,0,0,0,0,0,3,0,0,0,3,1,False,False,BEES WAX
i lash extensions salon,0,1,0,0,1,0,0,1,0,0,0,0,3,3,False,True,I-LASH EXTENSIONS SALON
urbanista,0,0,0,0,0,0,0,0,3,0,0,0,3,1,False,False,URBANISTA
pacsports,0,2,0,0,0,0,1,0,0,0,0,0,3,2,False,True,PACSPORTS
buenas sausages & fries,0,2,0,0,0,0,0,1,0,0,0,0,3,2,False,True,BUENAS SAUSAGES & FRIES
kurimi milk tea bar,0,0,0,0,0,0,0,1,2,0,0,0,3,2,False,True,KURIMI MILK TEA BAR
tender bobs,0,0,0,0,0,0,0,0,3,0,0,0,3,1,False,False,TENDER BOB'S
kurimu,0,0,0,0,0,1,1,0,1,0,0,0,3,3,False,True,Kurimu
islands souvenirs,0,0,1,0,0,0,0,0,2,0,0,0,3,2,False,True,ISLANDS SOUVENIRS
i case,0,0,0,0,0,0,0,0,3,0,0,0,3,1,False,False,I-CASE
picole healthy ice pops,0,0,0,0,0,0,0,0,3,0,0,0,3,1,False,False,PICOLE HEALTHY ICE POPS
potato frydays,0,0,0,0,1,0,0,1,1,0,0,0,3,3,False,True,Potato Frydays
captain calamares,0,0,0,0,0,1,0,1,0,0,1,0,3,3,False,True,Captain Calamares
kusinang pinoy,0,0,0,0,0,0,0,1,2,0,0,0,3,2,False,True,KUSINANG PINOY
tempur,0,2,0,0,0,1,0,0,0,0,0,0,3,2,False,True,TEMPUR
belkin,0,0,0,0,0,0,0,0,3,0,0,0,3,1,False,False,BELKIN
udders ice cream,0,0,0,0,0,0,0,0,3,0,0,0,3,1,False,False,UDDERS ICE CREAM
potato loco,0,0,0,0,0,0,0,0,0,0,0,3,3,1,False,False,POTATO LOCO
potato corner xp,0,0,0,0,0,0,1,1,1,0,0,0,3,3,False,True,POTATO CORNER XP
candid coffee,0,0,0,0,0,0,0,2,1,0,0,0,3,2,False,True,CANDID COFFEE
invitation house,0,3,0,0,0,0,0,0,0,0,0,0,3,1,False,False,INVITATION HOUSE
urban concepts,0,0,1,0,0,0,0,0,2,0,0,0,3,2,False,True,URBAN CONCEPTS
ichoose,0,0,0,0,0,0,0,0,3,0,0,0,3,1,False,False,ICHOOSE
oro italia,0,2,0,0,0,0,0,1,0,0,0,0,3,2,False,True,ORO ITALIA
popeyes louisiana kitchen,0,3,0,0,0,0,0,0,0,0,0,0,3,1,False,False,POPEYES LOUISIANA KITCHEN
popique,0,0,0,0,0,0,0,3,0,0,0,0,3,1,False,False,Popique
bari uma,0,3,0,0,0,0,0,0,0,0,0,0,3,1,False,False,BARI UMA
barefruit guyabano,0,1,0,0,0,0,0,0,2,0,0,0,3,2,False,True,BAREFRUIT GUYABANO
porque,0,0,0,0,0,0,0,0,3,0,0,0,3,1,False,False,PORQUE
barefruit,0,0,0,0,3,0,0,0,0,0,0,0,3,1,False,False,Barefruit
port cafe,0,0,0,0,3,0,0,0,0,0,0,0,3,1,False,False,Port Café
pos digital,0,1,0,0,0,0,0,2,0,0,0,0,3,2,False,True,POS DIGITAL
buko ilonggo,0,0,0,0,0,0,0,3,0,0,0,0,3,1,False,False,Buko Ilonggo
kidsports,0,1,1,0,0,1,0,0,0,0,0,0,3,3,False,True,Kidsports
pink manila,0,2,0,0,0,0,1,0,0,0,0,0,3,2,False,True,PINK MANILA
barcino,0,2,0,0,0,1,0,0,0,0,0,0,3,2,False,True,BARCINO
i yogurt,0,0,0,0,0,0,0,0,3,0,0,0,3,1,False,False,I YOGURT
krispy krust empanada,0,0,0,0,0,0,0,0,3,0,0,0,3,1,False,False,KRISPY KRUST EMPANADA
camkids,0,0,0,0,0,0,0,1,2,0,0,0,3,2,False,True,CAMKIDS
urban athletics,0,1,0,0,0,0,0,0,2,0,0,0,3,2,False,True,URBAN ATHLETICS
posture perfect chiropractic,0,0,0,0,0,0,0,0,3,0,0,0,3,1,False,False,POSTURE PERFECT CHIROPRACTIC
protech,0,0,0,0,0,0,0,1,2,0,0,0,3,2,False,True,PROTECH
tiger manju,0,1,0,0,0,0,0,0,2,0,0,0,3,2,False,True,TIGER MANJU
hi precision diagnostics plus,0,0,1,0,0,0,0,0,2,0,0,0,3,2,False,True,HI-PRECISION DIAGNOSTICS PLUS
blackbeards seafood island,0,0,0,0,0,0,0,0,3,0,0,0,3,1,False,False,BLACKBEARD'S SEAFOOD ISLAND
latt liv,0,0,0,0,1,0,0,2,0,0,0,0,3,2,False,True,Latt Liv
bio research,0,0,1,0,0,0,0,0,2,0,0,0,3,2,False,True,Bio Research
topgel nail salon,0,0,0,0,0,0,0,0,3,0,0,0,3,1,False,False,TOPGEL NAIL SALON
verzion,0,0,0,0,0,0,0,0,3,0,0,0,3,1,False,False,VERZION
cellstuff accessories,0,0,0,0,0,0,0,0,3,0,0,0,3,1,False,False,CELLSTUFF ACCESSORIES
heavenly stitchin moment,0,0,0,1,0,0,0,0,2,0,0,0,3,2,False,True,HEAVENLY STITCHIN MOMENT
blooming cotton candy,0,0,0,0,0,0,0,0,3,0,0,0,3,1,False,False,BLOOMING COTTON CANDY
automatic center,0,3,0,0,0,0,0,0,0,0,0,0,3,1,False,False,AUTOMATIC CENTER
k egg,0,0,0,0,0,0,0,2,1,0,0,0,3,2,False,True,K Egg
tah mee drinking frozen yogurt,0,0,0,0,0,0,0,0,3,0,0,0,3,1,False,False,TAH-MEE DRINKING FROZEN YOGURT
blk lifestyle & fashion boutique,0,0,0,0,0,3,0,0,0,0,0,0,3,1,False,False,BLK Lifestyle & Fashion Boutique
chaboba,0,0,0,0,0,1,0,1,1,0,0,0,3,3,False,True,Chaboba
k line smile center,0,0,0,0,0,1,0,0,2,0,0,0,3,2,False,True,K LINE SMILE CENTER
lay bare plus,0,0,0,0,0,0,0,0,3,0,0,0,3,1,False,False,LAY BARE PLUS
penny pairs,0,0,0,0,0,2,0,0,1,0,0,0,3,2,False,True,Penny Pairs
healthwave,0,0,0,0,0,0,0,3,0,0,0,0,3,1,False,False,Healthwave
black scoop,0,0,0,1,0,0,1,0,0,0,1,0,3,3,False,True,Black Scoop
qnet mobile,0,0,0,0,0,0,0,0,2,0,1,0,3,2,False,True,QNET MOBILE
harlan holden,0,2,0,0,0,0,0,1,0,0,0,0,3,2,False,True,HARLAN+HOLDEN
patton,0,2,0,0,0,0,0,0,1,0,0,0,3,2,False,True,PATTON
audio refinery,0,3,0,0,0,0,0,0,0,0,0,0,3,1,False,False,AUDIO REFINERY
psbank,0,0,0,0,0,1,0,0,0,0,1,1,3,3,False,True,PSBank
takoyaki,0,0,1,0,0,0,0,1,0,0,0,1,3,3,False,True,Takoyaki
octagon mobile,0,0,0,0,0,0,0,0,3,0,0,0,3,1,False,False,OCTAGON MOBILE
lawson convenience store,0,3,0,0,0,0,0,0,0,0,0,0,3,1,False,False,LAWSON CONVENIENCE STORE
tori takoyaki,0,0,0,0,0,1,0,2,0,0,0,0,3,2,False,True,Tori Takoyaki
pepper lunch express plus,0,0,0,0,0,0,0,0,3,0,0,0,3,1,False,False,PEPPER LUNCH EXPRESS PLUS
hello plus gadgets,0,0,0,0,0,0,0,0,3,0,0,0,3,1,False,False,HELLO PLUS GADGETS
ocean city,0,0,0,0,0,0,0,2,1,0,0,0,3,2,False,True,Ocean City
q power station,0,0,0,0,0,0,0,0,3,0,0,0,3,1,False,False,Q POWER STATION
ayers lechon,0,1,0,0,0,1,0,0,1,0,0,0,3,3,False,True,AYER’S LECHON
pc worx,0,0,1,0,0,0,0,0,2,0,0,0,3,2,False,True,PC WORX
parmigiano,0,0,0,0,0,3,0,0,0,0,0,0,3,1,False,False,Parmigiano
bok korean fried chicken,0,0,0,0,0,2,0,0,1,0,0,0,3,2,False,True,BOK Korean Fried Chicken
helens jewelry,0,0,0,1,2,0,0,0,0,0,0,0,3,2,False,True,Helen's Jewelry
chef connies patisserie,0,0,0,0,0,0,0,0,3,0,0,0,3,1,False,False,CHEF CONNIES PATISSERIE
johnny air cargo,0,0,0,0,0,0,0,1,2,0,0,0,3,2,False,True,JOHNNY AIR CARGO
tako tako queen,0,0,0,0,0,0,0,2,1,0,0,0,3,2,False,True,TAKO TAKO QUEEN
takoya kiks,0,2,0,0,0,0,0,1,0,0,0,0,3,2,False,True,TAKOYA-KIKS
via mare,0,0,0,0,0,0,2,1,0,0,0,0,3,2,False,True,Via Mare
lavelier,0,1,0,0,0,1,0,0,1,0,0,0,3,3,False,True,LAVELIER
octagon computer superstore,1,0,0,0,1,0,0,1,0,0,0,0,3,3,False,True,Octagon Computer Superstore
perez optical,0,1,0,0,0,0,0,2,0,0,0,0,3,2,False,True,Perez Optical
oh my chicken,0,0,0,0,0,2,0,1,0,0,0,0,3,2,False,True,Oh My Chicken
jr mx,0,0,0,0,0,0,0,0,3,0,0,0,3,1,False,False,JR MX
tag heuer,0,2,0,0,0,0,0,0,1,0,0,0,3,2,False,True,TAG HEUER
victoria mondiale,0,2,0,0,0,0,0,0,1,0,0,0,3,2,False,True,VICTORIA MONDIALE
toothfairy dr palacio alleyne dental,0,0,0,0,0,0,0,0,3,0,0,0,3,1,False,False,TOOTHFAIRY DR PALACIO - ALLEYNE DENTAL
hezekiah r&n fashion,0,0,0,0,0,0,0,3,0,0,0,0,3,1,False,False,HEZEKIAH R&N FASHION
lego certified store,0,3,0,0,0,0,0,0,0,0,0,0,3,1,False,False,LEGO CERTIFIED STORE
pc ak ses uh rees,1,0,0,0,0,0,0,0,2,0,0,0,3,2,False,True,PC AK-SES-UH-REES
kabigtings halo halo,0,0,0,0,0,0,0,2,1,0,0,0,3,2,False,True,Kabigting's Halo-Halo
jeruels,0,0,0,0,0,0,0,2,1,0,0,0,3,2,False,True,Jeruels
peri peri charcoal chicken & sauce bar,0,0,1,0,0,0,0,2,0,0,0,0,3,2,False,True,PERI-PERI CHARCOAL CHICKEN & SAUCE BAR
ojo signature kids,0,0,0,0,0,0,0,0,3,0,0,0,3,1,False,False,OJO SIGNATURE KIDS
tablet city,0,0,0,0,0,0,0,0,3,0,0,0,3,1,False,False,TABLET CITY
jng gadget repair,0,0,0,0,0,0,0,0,3,0,0,0,3,1,False,False,JNG GADGET REPAIR
perfect teeth dental center,0,0,0,0,0,0,0,0,3,0,0,0,3,1,False,False,PERFECT TEETH DENTAL CENTER
automobile association philippines aap,0,0,0,0,0,0,0,0,3,0,0,0,3,1,False,False,AUTOMOBILE ASSOCIATION PHILIPPINES AAP
biscocho haus,0,0,0,0,0,1,0,1,1,0,0,0,3,3,False,True,Biscocho Haus
jmy money changer,0,2,0,0,0,0,0,1,0,0,0,0,3,2,False,True,JMY MONEY CHANGER
hi precision diagnostics,0,2,0,1,0,0,0,0,0,0,0,0,3,2,False,True,HI-PRECISION DIAGNOSTICS
odysseus suarez wedding rings,0,3,0,0,0,0,0,0,0,0,0,0,3,1,False,False,ODYSSEUS SUAREZ WEDDING RINGS
touch and type electronics,0,0,0,0,0,0,0,0,3,0,0,0,3,1,False,False,TOUCH AND TYPE ELECTRONICS
travelscoot,0,0,0,0,0,0,0,0,3,0,0,0,3,1,False,False,TRAVELSCOOT
tala by kyla,1,0,0,0,0,0,0,0,2,0,0,0,3,2,False,True,TALA BY KYLA
lechon belly kitchen,0,0,0,0,0,0,0,0,3,0,0,0,3,1,False,False,LECHON BELLY KITCHEN
treasures by carla,0,1,0,0,0,0,0,1,1,0,0,0,3,3,False,True,TREASURES BY CARLA
pares retiro,0,0,0,1,0,0,0,0,2,0,0,0,3,2,False,True,PARES RETIRO
hey i am yogost,0,0,0,0,0,0,1,0,2,0,0,0,3,2,False,True,HEY I AM YOGOST
feelmore,0,0,0,0,0,0,0,0,1,0,0,1,2,2,False,True,FEELMORE
maybank,0,0,0,0,0,1,0,1,0,0,0,0,2,2,False,True,Maybank
kids hair salon,0,2,0,0,0,0,0,0,0,0,0,0,2,1,False,False,KIDS HAIR SALON
morning after,0,1,1,0,0,0,0,0,0,0,0,0,2,2,False,True,THE MORNING AFTER
sandisk,0,0,0,0,0,0,0,0,2,0,0,0,2,1,False,False,Sandisk
santa barbara polo & racquet club,2,0,0,0,0,0,0,0,0,0,0,0,2,1,False,False,Santa Barbara Polo & Racquet Club
mc master siomai hut,0,0,0,0,0,0,0,0,2,0,0,0,2,1,False,False,MC MASTER SIOMAI HUT
shoe hub,0,0,0,0,2,0,0,0,0,0,0,0,2,1,False,False,Shoe Hub
pearls and gems,0,0,0,0,0,0,0,2,0,0,0,0,2,1,False,False,PEARLS AND GEMS
edia,0,1,0,0,0,0,0,0,1,0,0,0,2,2,False,True,EDIA
jmj,0,0,0,0,0,0,0,2,0,0,0,0,2,1,False,False,JMJ
saturday dress,0,0,0,0,0,0,0,0,2,0,0,0,2,1,False,False,SATURDAY DRESS
sanbry,0,0,0,0,0,0,2,0,0,0,0,0,2,1,False,False,Sanbry
ipxpress,0,0,0,0,0,0,0,0,2,0,0,0,2,1,False,False,IPXPRESS
motech auto service center,0,2,0,0,0,0,0,0,0,0,0,0,2,1,False,False,MOTECH AUTO SERVICE CENTER
shoti squid balls,0,0,0,0,2,0,0,0,0,0,0,0,2,1,False,False,Shoti Squid Balls
oxy originals,0,0,0,0,0,0,2,0,0,0,0,0,2,1,False,False,Oxy Originals
fcj pizza,0,0,0,0,0,0,0,1,0,0,0,1,2,2,False,True,FCJ Pizza
pinkberry,0,0,0,0,0,0,1,0,1,0,0,0,2,2,False,True,Pinkberry
fhuxx mobile specialist,0,0,0,0,0,0,0,0,2,0,0,0,2,1,False,False,FHUXX MOBILE SPECIALIST
pad by padis point,0,0,0,0,0,0,0,0,2,0,0,0,2,1,False,False,THE PAD by PADIS POINT
js diamond,0,1,0,0,0,1,0,0,0,0,0,0,2,2,False,True,J’S DIAMOND
isabela vision,0,0,0,0,0,0,0,0,0,0,0,2,2,1,False,False,ISABELA VISION
kids depot,0,1,1,0,0,0,0,0,0,0,0,0,2,2,False,True,KIDS' DEPOT
issy,0,0,1,0,0,0,0,1,0,0,0,0,2,2,False,True,Issy
milko,0,0,0,0,0,0,0,0,2,0,0,0,2,1,False,False,MILKO
moromax money changer,0,0,0,0,0,0,0,2,0,0,0,0,2,1,False,False,Moromax Money Changer
shopitude,0,0,0,0,0,0,0,2,0,0,0,0,2,1,False,False,Shopitude (Temporarily Closed)
egg house,0,0,0,0,0,1,1,0,0,0,0,0,2,2,False,True,Egg House
sanyang,0,0,0,0,0,0,0,2,0,0,0,0,2,1,False,False,Sanyang
mipow,0,0,0,0,0,0,0,0,2,0,0,0,2,1,False,False,MIPOW
juan miro art gallery,0,0,0,0,0,0,0,0,2,0,0,0,2,1,False,False,JUAN MIRO ART GALLERY
pink honey,1,0,0,0,0,0,0,1,0,0,0,0,2,2,False,True,PINK HONEY
pcx,0,0,0,0,0,0,0,0,2,0,0,0,2,1,False,False,PCX
juans bistro,0,0,0,0,0,1,0,0,1,0,0,0,2,2,False,True,Juan's Bistro
paws around the town pet store,0,1,0,0,0,0,0,0,1,0,0,0,2,2,False,True,PAWS AROUND THE TOWN PET STORE
island souvenirs,0,1,0,0,0,0,0,1,0,0,0,0,2,2,False,True,ISLAND SOUVENIRS
island photo,0,1,0,0,0,1,0,0,0,0,0,0,2,2,False,True,ISLAND PHOTO
juego by badminton hub,0,0,0,0,0,0,0,0,2,0,0,0,2,1,False,False,JUEGO BY BADMINTON HUB
peak motors phils inc,0,0,0,0,0,0,0,0,2,0,0,0,2,1,False,False,PEAK MOTORS PHILS INC
mbt,0,1,1,0,0,0,0,0,0,0,0,0,2,2,False,True,MBT
fely js kitchen,0,2,0,0,0,0,0,0,0,0,0,0,2,1,False,False,FELY J’S KITCHEN
paul boulangerie patisserie salon de the restaurant,0,0,0,0,0,0,0,0,2,0,0,0,2,1,False,False,PAUL BOULANGERIE-PATISSERIE-SALON DE THE-RESTAURANT
fiery style,0,0,0,0,0,1,0,1,0,0,0,0,2,2,False,True,Fiery Style
patchi,0,1,0,0,0,0,0,1,0,0,0,0,2,2,False,True,PATCHI
peak sports,1,1,0,0,0,0,0,0,0,0,0,0,2,2,False,True,PEAK SPORTS
mayet dela rosa fine jewelry,0,0,0,0,0,0,0,2,0,0,0,0,2,1,False,False,Mayet Dela Rosa Fine Jewelry
eggstacy,0,0,0,0,0,0,0,2,0,0,0,0,2,1,False,False,EGGSTACY
pink parlour prestige,0,0,0,0,0,1,0,0,1,0,0,0,2,2,False,True,Pink Parlour Prestige
sarabia jewelry,0,0,0,0,0,0,0,1,1,0,0,0,2,2,False,True,Sarabia Jewelry
kidventure play center,0,0,0,0,0,0,0,0,2,0,0,0,2,1,False,False,KIDVENTURE PLAY CENTER
island tea company,0,0,0,0,0,0,0,1,1,0,0,0,2,2,False,True,Island Tea Company
pie express,0,0,1,0,0,0,0,0,1,0,0,0,2,2,False,True,Pie Express
pats putts,0,2,0,0,0,0,0,0,0,0,0,0,2,1,False,False,PAT'S PUTTS
kids box by kidzooona,0,0,0,0,0,0,0,2,0,0,0,0,2,1,False,False,KIDS BOX BY KIDZOOONA
pinoy siopao,0,0,0,0,0,0,0,1,1,0,0,0,2,2,False,True,Pinoy Siopao
jrs express,0,0,0,0,0,1,0,1,0,0,0,0,2,2,False,True,JRS Express
sales,0,0,0,0,0,0,0,0,2,0,0,0,2,1,False,False,SALES
flaming franks,0,1,0,0,0,0,0,1,0,0,0,0,2,2,False,True,FLAMING FRANKS
sallys kakanin,0,0,0,1,0,0,0,1,0,0,0,0,2,2,False,True,Sally's Kakanin
east west bank,0,0,0,0,2,0,0,0,0,0,0,0,2,1,False,False,East West Bank
masil,0,0,0,0,0,0,2,0,0,0,0,0,2,1,False,False,Masil
minimobile gadget accessories cellphone repair shop,0,0,0,0,0,0,0,0,2,0,0,0,2,1,False,False,MINIMOBILE GADGET ACCESSORIES CELLPHONE REPAIR SHOP
pc gadget technologies,0,0,0,0,0,0,0,0,2,0,0,0,2,1,False,False,PC GADGET TECHNOLOGIES
pc gate,0,0,0,0,2,0,0,0,0,0,0,0,2,1,False,False,PC Gate
king louis flowers,0,0,0,0,0,0,0,0,2,0,0,0,2,1,False,False,KING LOUIS FLOWERS
fix & free salon,0,0,2,0,0,0,0,0,0,0,0,0,2,1,False,False,Fix & Free Salon
fitness first platinum,0,1,0,0,0,0,0,1,0,0,0,0,2,2,False,True,FITNESS FIRST PLATINUM
king louis flower shop,0,2,0,0,0,0,0,0,0,0,0,0,2,1,False,False,KING LOUIS FLOWER SHOP
siklab,0,0,1,0,0,0,0,0,1,0,0,0,2,2,False,True,Siklab
mirangcurl,0,0,0,0,0,0,0,0,2,0,0,0,2,1,False,False,MIRANGCURL
eat pizza,0,0,0,0,0,0,0,0,2,0,0,0,2,1,False,False,EAT PIZZA
mq,0,0,0,0,0,0,0,0,2,0,0,0,2,1,False,False,MQ
masuki,0,0,0,0,0,1,0,0,1,0,0,0,2,2,False,True,Masuki
fit n style,0,0,0,0,0,0,0,2,0,0,0,0,2,1,False,False,FIT 'N STYLE
silver finds,0,1,0,0,0,0,0,1,0,0,0,0,2,2,False,True,SILVER FINDS
earl of sandwich,0,1,0,0,0,0,1,0,0,0,0,0,2,2,False,True,EARL OF SANDWICH
fit knead bakeshop,0,0,0,0,0,0,0,0,2,0,0,0,2,1,False,False,FIT KNEAD BAKESHOP
jonies chicken,0,0,0,0,0,0,0,0,2,0,0,0,2,1,False,False,JONIES CHICKEN
mars watch,0,0,0,0,0,0,0,0,0,0,2,0,2,1,False,False,Mars Watch
silver works,0,0,1,0,0,0,0,1,0,0,0,0,2,2,False,True,Silver Works
e phone,0,1,0,0,0,0,0,0,1,0,0,0,2,2,False,True,E-PHONE
mars watch service center,0,1,0,0,0,0,0,0,1,0,0,0,2,2,False,True,MARS WATCH SERVICE CENTER
e restore,0,0,0,0,0,0,1,0,1,0,0,0,2,2,False,True,E Restore
pc corner,0,0,0,0,0,0,0,0,2,0,0,0,2,1,False,False,PC CORNER
planette mobile,0,0,0,0,0,0,0,1,1,0,0,0,2,2,False,True,Planette Mobile
miranda optical,0,1,0,0,0,0,0,0,0,0,0,1,2,2,False,True,MIRANDA OPTICAL
e restore leather works,0,0,0,0,0,0,0,0,2,0,0,0,2,1,False,False,E RESTORE LEATHER WORKS
ministuff access,0,0,0,0,0,0,0,0,2,0,0,0,2,1,False,False,MINISTUFF ACCESS
mr fried rice,0,0,0,0,0,0,0,2,0,0,0,0,2,1,False,False,MR. FRIED RICE
our pet care services,0,0,0,0,0,0,0,0,2,0,0,0,2,1,False,False,OUR PET CARE SERVICES
mr franks,0,0,0,0,0,2,0,0,0,0,0,0,2,1,False,False,Mr. Frank's
our wellness,0,0,0,0,0,0,0,2,0,0,0,0,2,1,False,False,OUR WELLNESS
kings bakeshop,0,0,0,0,0,2,0,0,0,0,0,0,2,1,False,False,King's Bakeshop
salazar bakery,0,0,0,0,0,0,0,0,2,0,0,0,2,1,False,False,SALAZAR BAKERY
kingplus,0,0,0,0,0,0,0,0,2,0,0,0,2,1,False,False,KINGPLUS
ming fu asian cuisine,0,1,0,0,0,0,0,1,0,0,0,0,2,2,False,True,MING FU ASIAN CUISINE
pc madness,0,0,1,0,0,0,0,0,1,0,0,0,2,2,False,True,Pc Madness
kidzooona tiny,0,0,0,0,0,0,0,0,2,0,0,0,2,1,False,False,KIDZOOONA TINY
si gabrillo optical,0,0,0,0,0,0,0,2,0,0,0,0,2,1,False,False,Si-Gabrillo Optical
misuta gyoza,0,0,0,0,0,1,0,1,0,0,0,0,2,2,False,True,Misuta Gyoza
maxicare primary care clinic,0,0,0,0,0,0,0,2,0,0,0,0,2,1,False,False,MAXICARE PRIMARY CARE CLINIC
pios cotton candy,0,1,1,0,0,0,0,0,0,0,0,0,2,2,False,True,Pio’s Cotton Candy
jmc watch repair and key duplicate,0,0,0,0,0,0,0,0,2,0,0,0,2,1,False,False,JMC WATCH REPAIR AND KEY DUPLICATE
jojies painitan central,0,0,0,0,0,0,0,0,2,0,0,0,2,1,False,False,JOJIES PAINITAN CENTRAL
fika coffee and tea,0,0,0,0,0,0,0,0,2,0,0,0,2,1,False,False,FIKA COFFEE AND TEA
pc square,0,0,0,0,0,0,0,0,2,0,0,0,2,1,False,False,PC SQUARE
jrose fine jewelry,0,0,0,0,1,0,0,0,1,0,0,0,2,2,False,True,JRose Fine Jewelry
maxwax,0,0,0,0,0,0,0,1,1,0,0,0,2,2,False,True,MAXWAX
shrimp shack,0,0,0,0,0,0,0,1,1,0,0,0,2,2,False,True,The Shrimp Shack
intogadgets,0,1,0,0,0,0,0,1,0,0,0,0,2,2,False,True,INTOGADGETS
maxwax waxing & brow design studio,0,2,0,0,0,0,0,0,0,0,0,0,2,1,False,False,MAXWAX WAXING & BROW DESIGN STUDIO
johnson fitness and wellness,0,0,0,0,0,0,0,0,2,0,0,0,2,1,False,False,JOHNSON FITNESS AND WELLNESS
fiesta favorite souvenir,0,0,0,0,0,2,0,0,0,0,0,0,2,1,False,False,Fiesta Favorite Souvenir
kimochi aroma,0,1,0,0,0,1,0,0,0,0,0,0,2,2,False,True,KIMOCHI AROMA
oxvor cellular,0,0,1,0,0,0,0,0,0,1,0,0,2,2,False,True,Oxvor Cellular
pinoy pao,0,0,0,0,0,0,0,0,0,0,0,2,2,1,False,False,PINOY PAO
jr mx memoxpress,0,2,0,0,0,0,0,0,0,0,0,0,2,1,False,False,JR MX MEMOXPRESS
pizza planet,0,0,0,0,0,0,1,0,1,0,0,0,2,2,False,True,Pizza Planet
fisher supermarket,0,0,0,2,0,0,0,0,0,0,0,0,2,1,False,False,FISHER SUPERMARKET
filigrenasia,0,2,0,0,0,0,0,0,0,0,0,0,2,1,False,False,FILIGRENASIA
fisher fashion store,0,0,0,2,0,0,0,0,0,0,0,0,2,1,False,False,Fisher Fashion Store
pks mobile,0,0,0,0,0,0,0,2,0,0,0,0,2,1,False,False,PKS Mobile
fisher box office,0,0,0,2,0,0,0,0,0,0,0,0,2,1,False,False,FISHER BOX OFFICE
jolly island,0,0,2,0,0,0,0,0,0,0,0,0,2,1,False,False,Jolly Island
pizzulu,0,0,0,0,0,1,0,0,1,0,0,0,2,2,False,True,Pizzulu
fish & co,0,0,0,0,0,2,0,0,0,0,0,0,2,1,False,False,Fish & Co.
ebi10,0,0,0,0,0,0,2,0,0,0,0,0,2,1,False,False,EBI10
firefly,0,0,0,0,0,0,0,0,0,0,0,2,2,1,False,False,FIREFLY
inktech,0,0,0,0,2,0,0,0,0,0,0,0,2,1,False,False,Inktech
matimco wood lounge,0,0,0,0,0,0,0,0,2,0,0,0,2,1,False,False,MATIMCO WOOD LOUNGE
matrix,0,0,0,0,0,0,1,0,1,0,0,0,2,2,False,True,Matrix
samgyuniku,0,0,0,0,0,2,0,0,0,0,0,0,2,1,False,False,Samgyuniku
pc office solution,0,0,0,0,1,0,0,1,0,0,0,0,2,2,False,True,PC Office Solution
pc quickbuys,0,0,0,0,0,0,0,0,2,0,0,0,2,1,False,False,PC QUICKBUYS
finds finds,0,0,0,0,0,0,0,0,0,2,0,0,2,1,False,False,FINDS FINDS!
samgyup saab,0,0,0,0,0,0,0,2,0,0,0,0,2,1,False,False,SAMGYUP SAAB
mister labada,0,0,0,0,0,0,0,1,1,0,0,0,2,2,False,True,MISTER LABADA
ela wong gadgets shop,0,2,0,0,0,0,0,0,0,0,0,0,2,1,False,False,ELA WONG GADGETS SHOP
savemore supermarket,0,0,1,0,0,0,0,0,0,0,0,1,2,2,False,True,Savemore Supermarket
mooon cafe,0,0,0,0,0,0,0,1,1,0,0,0,2,2,False,True,MOOON CAFE
mobile tools,0,0,0,0,0,0,0,0,2,0,0,0,2,1,False,False,MOBILE TOOLS
phat pho,0,1,0,0,0,0,0,1,0,0,0,0,2,2,False,True,PHAT PHO
mens room,0,0,0,0,0,0,1,0,1,0,0,0,2,2,False,True,The Mens Room
expert gadget accessories,0,0,0,0,0,0,0,0,2,0,0,0,2,1,False,False,EXPERT GADGET ACCESSORIES
jay js inasal & restaurant,0,0,0,0,0,0,0,0,0,2,0,0,2,1,False,False,JAY-J'S INASAL & RESTAURANT
petshop ph,0,1,1,0,0,0,0,0,0,0,0,0,2,2,False,True,PETSHOP.PH
eo,0,0,0,0,0,0,0,2,0,0,0,0,2,1,False,False,EO
eo active eyewear,0,2,0,0,0,0,0,0,0,0,0,0,2,1,False,False,EO ACTIVE EYEWEAR
executive optical kids,0,0,0,0,0,2,0,0,0,0,0,0,2,1,False,False,Executive Optical Kids
meralco,0,2,0,0,0,0,0,0,0,0,0,0,2,1,False,False,MERALCO
scribe writing essentials,0,0,0,0,0,0,0,0,2,0,0,0,2,1,False,False,SCRIBE WRITING ESSENTIALS
mlhuillier,0,0,0,0,1,0,0,1,0,0,0,0,2,2,False,True,MLhuillier
kaon ta,0,0,0,0,0,0,0,2,0,0,0,0,2,1,False,False,Kaon Ta
mgs philippines,0,0,0,0,0,0,0,0,2,0,0,0,2,1,False,False,MGS PHILIPPINES
mobile suite,0,0,0,0,0,0,0,0,2,0,0,0,2,1,False,False,MOBILE SUITE
kanzen sushi roll,0,0,0,0,0,0,0,0,2,0,0,0,2,1,False,False,KANZEN SUSHI ROLL
sewing room & alterations specialist,0,2,0,0,0,0,0,0,0,0,0,0,2,1,False,False,THE SEWING ROOM & ALTERATIONS SPECIALIST
paper moon cafe,0,0,0,0,0,1,0,1,0,0,0,0,2,2,False,True,PAPER MOON CAFE
eo kids,0,0,0,0,0,0,0,2,0,0,0,0,2,1,False,False,EO Kids
express repair,0,0,0,0,0,0,0,0,2,0,0,0,2,1,False,False,EXPRESS REPAIR
jaslime,0,0,0,0,0,0,0,0,2,0,0,0,2,1,False,False,JASLIME
kape sur,0,0,0,0,0,1,0,0,1,0,0,0,2,2,False,True,Kape Sur
seafood pier,0,0,0,0,0,0,0,0,2,0,0,0,2,1,False,False,SEAFOOD PIER
katherines cafe,0,2,0,0,0,0,0,0,0,0,0,0,2,1,False,False,KATHERINE'S CAFE
paris miki,0,0,0,0,0,0,0,0,2,0,0,0,2,1,False,False,PARIS MIKI
philippine national bank,0,0,0,0,0,0,0,1,0,1,0,0,2,2,False,True,PHILIPPINE NATIONAL BANK
sea choice,0,0,0,0,0,0,0,2,0,0,0,0,2,1,False,False,Sea Choice
sakura,0,2,0,0,0,0,0,0,0,0,0,0,2,1,False,False,SAKURA
philippine airlines,0,0,0,0,1,0,0,0,1,0,0,0,2,2,False,True,Philippine Airlines
shake n slurp,0,0,0,0,0,0,0,1,1,0,0,0,2,2,False,True,SHAKE N' SLURP
memo xpress,0,0,0,0,0,0,0,2,0,0,0,0,2,1,False,False,Memo Xpress
seafood island,0,1,0,0,0,1,0,0,0,0,0,0,2,2,False,True,SEAFOOD ISLAND
k company,0,0,0,0,0,0,0,0,2,0,0,0,2,1,False,False,K COMPANY
enchante nail spa,0,0,0,0,0,0,0,0,2,0,0,0,2,1,False,False,ENCHANTE NAIL SPA
memoexpress,0,0,0,0,0,0,1,1,0,0,0,0,2,2,False,True,Memoexpress
paolitos,0,0,0,0,0,0,0,0,2,0,0,0,2,1,False,False,PAOLITOS
energea,0,0,0,0,0,0,0,0,2,0,0,0,2,1,False,False,ENERGEA
paris baguette,0,0,0,0,0,0,0,0,2,0,0,0,2,1,False,False,PARIS BAGUETTE
japan homes centre,0,0,0,0,0,0,0,2,0,0,0,0,2,1,False,False,Japan Homes Centre
mobisews,0,0,0,0,0,0,0,0,2,0,0,0,2,1,False,False,MOBISEWS
kandila essentials,0,0,0,0,0,0,0,1,1,0,0,0,2,2,False,True,Kandila Essentials
meridian,0,1,0,0,0,0,1,0,0,0,0,0,2,2,False,True,MERIDIAN
mm sweet fix,0,0,0,0,0,0,0,0,2,0,0,0,2,1,False,False,MM SWEET FIX
esencia day spa,0,1,0,0,0,1,0,0,0,0,0,0,2,2,False,True,ESENCIA DAY SPA
metro gaisano,0,0,0,0,0,2,0,0,0,0,0,0,2,1,False,False,Metro Gaisano
mobile care,0,0,1,0,0,0,0,1,0,0,0,0,2,2,False,True,Mobile Care
metro department store & supermarket,0,2,0,0,0,0,0,0,0,0,0,0,2,1,False,False,METRO DEPARTMENT STORE & SUPERMARKET
paperworks,0,1,0,0,0,0,0,0,1,0,0,0,2,2,False,True,PAPERWORKS
euro baker,0,0,0,0,2,0,0,0,0,0,0,0,2,1,False,False,Euro Baker
sentro 1771,0,1,0,0,0,0,1,0,0,0,0,0,2,2,False,True,SENTRO 1771
metro department store,0,2,0,0,0,0,0,0,0,0,0,0,2,1,False,False,METRO DEPARTMENT STORE
mobile craze,0,0,0,0,0,0,0,1,0,0,1,0,2,2,False,True,Mobile Craze
jelly g,0,2,0,0,0,0,0,0,0,0,0,0,2,1,False,False,JELLY G
kamicos,0,0,0,0,0,0,1,1,0,0,0,0,2,2,False,True,Kamicos
seohyun fashion jewelry,0,0,0,0,2,0,0,0,0,0,0,0,2,1,False,False,Seohyun Fashion Jewelry
kalidades house of flowers,0,0,0,0,0,0,0,0,2,0,0,0,2,1,False,False,KALIDADES HOUSE OF FLOWERS
seoul samgyupsal,0,0,0,0,0,0,0,0,2,0,0,0,2,1,False,False,SEOUL SAMGYUPSAL
papubbit,0,0,0,1,0,1,0,0,0,0,0,0,2,2,False,True,Papubbit
seoul yummy,0,0,0,0,0,0,0,1,1,0,0,0,2,2,False,True,Seoul Yummy
jems barber shop,0,0,0,0,0,0,0,2,0,0,0,0,2,1,False,False,Jem's Barber Shop (OPEN)
seoulskin premier aesthetics,0,0,0,0,0,0,0,0,2,0,0,0,2,1,False,False,SEOULSKIN PREMIER AESTHETICS
kamiseta skin clinic,0,2,0,0,0,0,0,0,0,0,0,0,2,1,False,False,KAMISETA SKIN CLINIC
sen ryo,0,0,0,0,0,0,1,0,1,0,0,0,2,2,False,True,sen-ryo
mobile monkey,0,0,0,0,0,1,0,1,0,0,0,0,2,2,False,True,Mobile Monkey
pergasso,0,0,0,0,0,0,0,0,2,0,0,0,2,1,False,False,PERGASSO
jbl acoustical space,0,0,0,0,0,0,0,0,2,0,0,0,2,1,False,False,JBL ACOUSTICAL SPACE
jbl dare to listen,0,0,0,0,0,0,0,0,2,0,0,0,2,1,False,False,JBL DARE TO LISTEN
segunda mana,0,2,0,0,0,0,0,0,0,0,0,0,2,1,False,False,SEGUNDA MANA
evernew,0,0,0,0,0,0,2,0,0,0,0,0,2,1,False,False,Evernew
mmec,0,0,0,0,0,0,0,0,2,0,0,0,2,1,False,False,MMEC
k pop optical,0,0,0,0,0,0,0,1,1,0,0,0,2,2,False,True,K-Pop Optical
jewel cafe,0,0,1,0,0,1,0,0,0,0,0,0,2,2,False,True,Jewel Cafe
jbl store,0,0,0,0,0,0,0,2,0,0,0,0,2,1,False,False,JBL STORE
metropolis watch service center,0,0,0,0,0,0,0,0,2,0,0,0,2,1,False,False,METROPOLIS WATCH SERVICE CENTER
everlast rings,0,0,0,0,0,0,0,0,2,0,0,0,2,1,False,False,EVERLAST RINGS
petal avenue,0,0,0,0,0,0,0,0,2,0,0,0,2,1,False,False,PETAL AVENUE
pet zoofari,0,1,0,0,0,0,0,0,1,0,0,0,2,2,False,True,PET ZOOFARI
pet safari,0,0,0,0,2,0,0,0,0,0,0,0,2,1,False,False,Pet Safari
jcs music,0,0,0,0,0,0,0,2,0,0,0,0,2,1,False,False,JCS Music
papermoon cafe,0,0,0,0,0,0,0,2,0,0,0,0,2,1,False,False,Papermoon Cafe
seiko showroom,0,0,0,0,0,0,0,0,2,0,0,0,2,1,False,False,SEIKO SHOWROOM
paraynos empanada,0,0,0,0,0,0,0,2,0,0,0,0,2,1,False,False,Parayno's Empanada
kathnails,0,1,0,0,0,0,0,1,0,0,0,0,2,2,False,True,KATHNAILS
megapixel,0,0,0,0,0,0,0,2,0,0,0,0,2,1,False,False,Megapixel
pastel baby,0,0,0,0,0,0,0,1,1,0,0,0,2,2,False,True,Pastel Baby
me fashion accessories,0,0,0,0,0,0,0,0,2,0,0,0,2,1,False,False,ME FASHION ACCESSORIES
fairyland,0,0,0,0,0,0,0,1,1,0,0,0,2,2,False,True,FAIRYLAND
monster burger,0,0,0,0,0,0,0,0,0,0,0,2,2,1,False,False,MONSTER BURGER
fairy floss,0,0,0,0,0,0,0,0,2,0,0,0,2,1,False,False,FAIRY FLOSS
faian gold,0,0,0,0,0,0,0,0,0,0,2,0,2,1,False,False,Faian Gold
istyle mobile accessories,0,0,0,0,0,0,0,0,2,0,0,0,2,1,False,False,ISTYLE MOBILE ACCESSORIES
jlindeberg,0,0,0,0,0,0,0,0,2,0,0,0,2,1,False,False,JLINDEBERG
keystamps,0,2,0,0,0,0,0,0,0,0,0,0,2,1,False,False,KEYSTAMPS
microgadgets service center,0,0,0,0,0,0,0,0,2,0,0,0,2,1,False,False,MICROGADGETS SERVICE CENTER
monga,0,0,0,0,0,0,0,0,2,0,0,0,2,1,False,False,MONGA
megacare medical services,0,0,0,0,0,0,0,0,2,0,0,0,2,1,False,False,MEGACARE MEDICAL SERVICES
medco dental,0,0,0,0,0,0,0,2,0,0,0,0,2,1,False,False,Medco Dental
itaewon,0,0,0,0,0,0,0,0,2,0,0,0,2,1,False,False,ITAEWON
microcell,0,0,0,0,2,0,0,0,0,0,0,0,2,1,False,False,Microcell
scenteur essentials,0,0,1,0,0,0,0,1,0,0,0,0,2,2,False,True,Scenteur Essentials
elephant grounds,0,1,0,0,0,0,0,0,1,0,0,0,2,2,False,True,ELEPHANT GROUNDS
elevatione,0,2,0,0,0,0,0,0,0,0,0,0,2,1,False,False,ELEVATIONE
medicard,0,0,1,0,0,1,0,0,0,0,0,0,2,2,False,True,Medicard
pasarabo delicacies,0,2,0,0,0,0,0,0,0,0,0,0,2,1,False,False,PASARABO DELICACIES
fam friends wellness spa,0,0,0,0,0,0,0,0,2,0,0,0,2,1,False,False,FAM FRIENDS WELLNESS SPA
shiahair salon,0,0,0,0,0,0,0,0,2,0,0,0,2,1,False,False,SHIAHAIR SALON
jems barber salon,0,0,0,0,0,0,0,2,0,0,0,0,2,1,False,False,Jem's Barber Salon
istudio plus,0,0,0,0,0,1,0,1,0,0,0,0,2,2,False,True,IStudio Plus
elars lechon,0,0,0,1,0,0,1,0,0,0,0,0,2,2,False,True,Elar's Lechon
moonleaf,0,0,0,0,1,0,0,0,1,0,0,0,2,2,False,True,Moonleaf
fantech,0,0,0,0,0,0,0,0,2,0,0,0,2,1,False,False,FANTECH
miguelitos,0,0,0,0,0,0,0,1,0,0,0,1,2,2,False,True,MIGUELITOS
save on surplus,0,1,1,0,0,0,0,0,0,0,0,0,2,2,False,True,SAVE ON SURPLUS
fantasy amuse,0,0,0,0,0,0,0,1,1,0,0,0,2,2,False,True,Fantasy Amuse
mookies oatmeal cookies,0,0,0,0,0,0,0,0,2,0,0,0,2,1,False,False,MOOKIES OATMEAL COOKIES
juicy juice,0,0,0,0,0,0,0,1,0,0,1,0,2,2,False,True,Juicy Juice
istudio,0,0,1,0,0,0,1,0,0,0,0,0,2,2,False,True,Istudio
passport foods,0,0,0,0,0,0,0,0,2,0,0,0,2,1,False,False,PASSPORT FOODS
khaleb shawarma,0,0,0,0,0,0,0,0,1,0,1,0,2,2,False,True,KHALEB SHAWARMA
shilvys delicacies,0,0,0,1,0,0,0,0,1,0,0,0,2,2,False,True,Shilvy's Delicacies
mdf massage chair,0,0,0,0,0,0,0,2,0,0,0,0,2,1,False,False,MDF MASSAGE CHAIR
electric studio,0,0,0,0,0,1,0,0,1,0,0,0,2,2,False,True,Electric Studio
monster mango,0,0,0,0,0,0,0,2,0,0,0,0,2,1,False,False,Monster Mango
shield pro,0,0,0,0,0,0,0,0,2,0,0,0,2,1,False,False,SHIELD PRO
pelican fresh farm produce,0,2,0,0,0,0,0,0,0,0,0,0,2,1,False,False,PELICAN FRESH FARM PRODUCE
f shang,0,0,0,0,0,0,0,0,2,0,0,0,2,1,False,False,F SHANG
penongs,0,0,0,0,2,0,0,0,0,0,0,0,2,1,False,False,Penongs
junrex,0,2,0,0,0,0,0,0,0,0,0,0,2,1,False,False,JUNREX
meet fresh,0,0,0,0,0,0,0,0,2,0,0,0,2,1,False,False,MEET FRESH
jin joo korean grill,0,1,0,0,0,1,0,0,0,0,0,0,2,2,False,True,JIN JOO KOREAN GRILL
kenji tei,0,2,0,0,0,0,0,0,0,0,0,0,2,1,False,False,KENJI TEI
panaderia agape,0,0,0,0,0,0,0,0,2,0,0,0,2,1,False,False,PANADERIA AGAPE
meetrovi,0,0,0,0,1,0,0,0,1,0,0,0,2,2,False,True,Meetrovi
share tea,0,0,0,0,0,1,0,0,1,0,0,0,2,2,False,True,Share Tea
just squeezed,0,0,0,0,0,1,0,0,1,0,0,0,2,2,False,True,Just Squeezed
j emmanuel pastries the house of pili,0,0,0,0,0,0,0,0,2,0,0,0,2,1,False,False,J EMMANUEL PASTRIES THE HOUSE OF PILI
panaderia de molo,0,0,0,0,0,1,0,0,1,0,0,0,2,2,False,True,Panaderia de Molo
j tech,0,2,0,0,0,0,0,0,0,0,0,0,2,1,False,False,J-TECH
phone center,0,0,1,0,0,0,0,1,0,0,0,0,2,2,False,True,Phone Center
phone care,0,0,0,0,0,0,0,0,0,0,2,0,2,1,False,False,Phone Care
peppermint,0,0,0,0,0,0,0,1,1,0,0,0,2,2,False,True,Peppermint
screen protexzone,0,0,0,0,0,0,0,0,2,0,0,0,2,1,False,False,SCREEN PROTEXZONE
pho hoa my thai,0,0,1,0,0,0,0,0,1,0,0,0,2,2,False,True,Pho Hoa / My Thai
pancit ng taga malabon,0,0,0,0,0,0,0,1,1,0,0,0,2,2,False,True,Pancit Ng Taga Malabon
panda shabu shabu,0,0,0,0,0,0,0,0,2,0,0,0,2,1,False,False,PANDA SHABU SHABU
jv shop n shop,0,1,0,0,0,0,0,0,1,0,0,0,2,2,False,True,JV SHOP N’ SHOP
palawan pawnshop,0,0,0,0,0,0,0,1,0,0,1,0,2,2,False,True,PALAWAN PAWNSHOP
j co donuts & coffee,0,0,0,0,0,0,0,2,0,0,0,0,2,1,False,False,J. CO DONUTS & COFFEE
monarc,0,0,0,0,0,0,0,0,2,0,0,0,2,1,False,False,MONARC
scouts honor,0,0,0,0,0,1,0,1,0,0,0,0,2,2,False,True,Scout's Honor
ezstep,0,0,0,0,0,0,0,0,2,0,0,0,2,1,False,False,EZSTEP
ezra,0,0,0,0,0,0,0,1,1,0,0,0,2,2,False,True,EZRA
ez shop,0,0,0,0,1,0,0,0,1,0,0,0,2,2,False,True,EZ SHOP
eyecrafts,0,0,0,0,0,1,0,1,0,0,0,0,2,2,False,True,Eyecrafts
elle de marrer,0,0,0,0,0,2,0,0,0,0,0,0,2,1,False,False,Elle de Marrer
mk kitchen equipment,0,0,0,0,0,0,0,1,1,0,0,0,2,2,False,True,MK KITCHEN EQUIPMENT
eye sports center by ideal vision center,0,0,0,0,0,0,0,0,2,0,0,0,2,1,False,False,EYE SPORTS CENTER BY IDEAL VISION CENTER
its a small world kids play center,0,0,0,0,0,0,0,0,2,0,0,0,2,1,False,False,ITS A SMALL WORLD KIDS PLAY CENTER
eye society,0,0,0,0,0,0,0,0,2,0,0,0,2,1,False,False,EYE SOCIETY
kettofage creation,0,0,0,0,0,0,0,0,2,0,0,0,2,1,False,False,KETTOFAGE CREATION
junrex cellphones,0,0,0,0,0,0,0,0,2,0,0,0,2,1,False,False,JUNREX CELLPHONES
party studio,0,0,0,0,0,1,1,0,0,0,0,0,2,2,False,True,Party Studio
iwatch,0,0,0,0,0,0,0,2,0,0,0,0,2,1,False,False,IWATCH
photoline pro,0,0,0,0,0,0,0,0,2,0,0,0,2,1,False,False,PHOTOLINE PRO
party in the city,0,0,0,0,0,0,1,1,0,0,0,0,2,2,False,True,Party In The City
michelles putong ube,0,0,1,0,0,0,0,1,0,0,0,0,2,2,False,True,Michelle’s Putong Ube
elyao frozen yogurt,0,0,0,0,0,0,0,0,2,0,0,0,2,1,False,False,ELYAO FROZEN YOGURT
hannah marielles bakes and cakes,0,0,0,0,0,0,0,0,2,0,0,0,2,1,False,False,HANNAH MARIELLES BAKES AND CAKES
manjaru outdoors,0,0,0,0,0,0,0,1,0,1,0,0,2,2,False,True,Manjaru Outdoors
florista flowers gifts,0,0,0,0,0,0,0,0,2,0,0,0,2,1,False,False,FLORISTA FLOWERS GIFTS
hfi davao tuna grill,0,0,0,0,0,0,0,0,2,0,0,0,2,1,False,False,HFI DAVAO TUNA GRILL
look at me,0,0,0,0,0,0,0,0,2,0,0,0,2,1,False,False,LOOK AT ME
golden press,0,0,0,0,0,0,0,0,2,0,0,0,2,1,False,False,GOLDEN PRESS
look boutique,0,1,0,0,0,0,0,1,0,0,0,0,2,2,False,True,THE LOOK BOUTIQUE
redds mango,0,0,0,0,0,0,0,2,0,0,0,0,2,1,False,False,REDD'S MANGO
golden glow traditional thai massage and,0,2,0,0,0,0,0,0,0,0,0,0,2,1,False,False,GOLDEN GLOW TRADITIONAL THAI MASSAGE AND
lorenzos way,0,2,0,0,0,0,0,0,0,0,0,0,2,1,False,False,LORENZO’S WAY
gold n diamond,0,0,0,0,0,0,0,1,1,0,0,0,2,2,False,True,Gold N Diamond
reforma studio,0,1,0,0,0,1,0,0,0,0,0,0,2,2,False,True,REFORMA STUDIO
gold creation jewelry center,0,0,0,0,0,0,0,0,2,0,0,0,2,1,False,False,GOLD CREATION JEWELRY CENTER
refresh,0,0,0,0,0,0,0,2,0,0,0,0,2,1,False,False,REFRESH
new bombay,0,1,0,0,0,0,0,1,0,0,0,0,2,2,False,True,NEW BOMBAY
lomi imua,0,0,0,0,0,2,0,0,0,0,0,0,2,1,False,False,Lomi Imua
go salads,0,0,0,0,0,2,0,0,0,0,0,0,2,1,False,False,Go Salads
nesh fashion,0,1,0,0,0,0,1,0,0,0,0,0,2,2,False,True,NESH FASHION
highland brew coffee,0,0,0,0,0,0,0,0,2,0,0,0,2,1,False,False,HIGHLAND BREW COFFEE
highlands coffee,0,0,0,0,0,1,0,1,0,0,0,0,2,2,False,True,Highlands Coffee
go lokal,0,0,1,0,0,0,0,1,0,0,0,0,2,2,False,True,Go Lokal
property pro,0,0,0,0,0,0,0,0,0,0,0,2,2,1,False,False,PROPERTY PRO
relaxia,0,0,0,0,0,0,0,0,2,0,0,0,2,1,False,False,RELAXIA
himay himay,0,0,0,0,0,0,0,0,1,0,1,0,2,2,False,True,HIMAY-HIMAY
hinam is,0,0,0,0,0,0,0,0,2,0,0,0,2,1,False,False,HINAM-IS
lovelink,0,0,0,0,0,1,0,1,0,0,0,0,2,2,False,True,LoveLink
pru life uk,0,0,0,0,0,2,0,0,0,0,0,0,2,1,False,False,Pru Life Uk
gongcha,0,0,0,0,0,0,0,1,1,0,0,0,2,2,False,True,GONGCHA
helping hands,0,0,0,0,0,0,0,0,2,0,0,0,2,1,False,False,THE HELPING HANDS
recipes,0,2,0,0,0,0,0,0,0,0,0,0,2,1,False,False,RECIPES
hemotek renal center,0,0,1,0,0,0,0,1,0,0,0,0,2,2,False,True,Hemotek Renal Center
lavie,0,0,0,0,0,0,0,0,2,0,0,0,2,1,False,False,LAVIE
nifty,0,0,0,0,0,0,0,0,2,0,0,0,2,1,False,False,NIFTY
loca coffee,0,0,0,0,0,0,0,1,1,0,0,0,2,2,False,True,Loca Coffee
oh so playhouse,0,0,0,0,0,0,0,0,2,0,0,0,2,1,False,False,OH SO PLAYHOUSE
ready set relax massage & spa,0,0,1,0,0,0,0,1,0,0,0,0,2,2,False,True,Ready-set-relax Massage & Spa
ohh la lash,0,2,0,0,0,0,0,0,0,0,0,0,2,1,False,False,OHH LA LASH
henrys professional,0,2,0,0,0,0,0,0,0,0,0,0,2,1,False,False,HENRY'S PROFESSIONAL
realme mobile phone & accessories,0,2,0,0,0,0,0,0,0,0,0,0,2,1,False,False,REALME MOBILE PHONE & ACCESSORIES
lola cafe,0,0,0,0,0,0,0,0,2,0,0,0,2,1,False,False,LOLA CAFE
oishi batchoi,0,0,0,0,0,0,0,1,1,0,0,0,2,2,False,True,Oishi Batchoi
lolo landos lechon,0,0,0,0,0,1,0,0,0,0,1,0,2,2,False,True,Lolo Lando's Lechon
psalm medical center,0,0,0,0,0,0,0,1,1,0,0,0,2,2,False,True,Psalm Medical Center
herrera brothers,0,0,0,0,0,0,0,0,2,0,0,0,2,1,False,False,HERRERA BROTHERS
red berry,0,0,0,0,0,0,0,2,0,0,0,0,2,1,False,False,Red Berry
psa,0,0,0,0,0,1,0,1,0,0,0,0,2,2,False,True,PSA
red bowl noodles bbq,0,0,0,0,0,0,0,0,2,0,0,0,2,1,False,False,RED BOWL NOODLES BBQ
gorilla auto detail car wash,0,2,0,0,0,0,0,0,0,0,0,0,2,1,False,False,GORILLA AUTO DETAIL CAR WASH
lasa filipino bbq roast by lola,0,0,0,0,0,0,0,0,2,0,0,0,2,1,False,False,LASA FILIPINO BBQ ROAST BY LOLA
hey fried rice,0,0,0,0,0,0,0,2,0,0,0,0,2,1,False,False,HEY FRIED RICE
red dot collective,0,0,0,0,0,0,0,2,0,0,0,0,2,1,False,False,RED DOT COLLECTIVE
hey gulu,0,0,0,0,0,0,0,0,2,0,0,0,2,1,False,False,HEY GULU
gnc,0,0,0,0,0,0,0,2,0,0,0,0,2,1,False,False,GNC
reloading station,0,0,0,0,0,0,0,2,0,0,0,0,2,1,False,False,Reloading Station
prologue,0,0,0,0,0,0,2,0,0,0,0,0,2,1,False,False,Prologue
narzo,0,0,0,0,0,0,0,1,1,0,0,0,2,2,False,True,NARZO
honey tang,0,0,0,0,0,1,0,0,1,0,0,0,2,2,False,True,"Honey, Tang"
giz hub,0,0,0,0,0,0,0,0,2,0,0,0,2,1,False,False,GIZ HUB
lancome,0,0,0,0,0,0,0,2,0,0,0,0,2,1,False,False,Lancome
giwa korean grill dine,0,0,0,0,0,0,0,0,2,0,0,0,2,1,False,False,GIWA KOREAN GRILL DINE
giordano ladies,0,0,0,0,0,1,0,0,1,0,0,0,2,2,False,True,Giordano Ladies
lan hot pot,0,1,0,0,0,1,0,0,0,0,0,0,2,2,False,True,LAN HOT POT
hongkong style noodles dimsum,0,0,0,0,0,0,0,0,2,0,0,0,2,1,False,False,HONGKONG STYLE NOODLES DIMSUM
nathaniels,0,0,0,0,0,0,0,0,2,0,0,0,2,1,False,False,NATHANIELS
gioielli,0,0,0,0,0,0,0,0,2,0,0,0,2,1,False,False,GIOIELLI
lamy,0,2,0,0,0,0,0,0,0,0,0,0,2,1,False,False,LAMY
gintell,0,0,0,0,0,0,0,1,1,0,0,0,2,2,False,True,GINTELL
lowcal,0,0,0,0,0,0,0,2,0,0,0,0,2,1,False,False,Lowcal
honor service center,0,0,0,0,0,0,0,1,1,0,0,0,2,2,False,True,Honor Service Center
nars,0,1,0,0,0,0,0,0,1,0,0,0,2,2,False,True,NARS
rg optical,0,0,0,0,0,0,0,1,1,0,0,0,2,2,False,True,RG Optical
hoo dermatology,0,2,0,0,0,0,0,0,0,0,0,0,2,1,False,False,HOO DERMATOLOGY
olympic village fitness,0,0,0,0,0,0,0,0,2,0,0,0,2,1,False,False,OLYMPIC VILLAGE FITNESS
naomi jewelry,0,0,0,0,0,0,0,0,2,0,0,0,2,1,False,False,NAOMI JEWELRY
horchata,0,0,0,0,0,0,1,0,1,0,0,0,2,2,False,True,Horchata
giligans island restaurant and bar,0,0,0,0,0,0,0,0,2,0,0,0,2,1,False,False,GILIGANS ISLAND RESTAURANT AND BAR
premium mobile,0,0,0,0,0,0,0,1,1,0,0,0,2,2,False,True,Premium Mobile (Temporarily Closed)
hoshino coffee,0,0,0,0,0,0,1,0,1,0,0,0,2,2,False,True,Hoshino Coffee
reviva luxury garment care,0,0,0,0,0,0,0,1,1,0,0,0,2,2,False,True,REVIVA LUXURY GARMENT CARE
honey lemon,0,0,1,0,0,0,0,1,0,0,0,0,2,2,False,True,Honey Lemon
pretzelmaker,0,0,1,0,0,0,0,0,1,0,0,0,2,2,False,True,Pretzelmaker
oldmoon photography studio,0,0,0,0,0,0,0,0,2,0,0,0,2,1,False,False,OLDMOON PHOTOGRAPHY STUDIO
remedy,0,1,0,0,0,1,0,0,0,0,0,0,2,2,False,True,REMEDY
lower left,1,0,0,0,0,0,0,0,1,0,0,0,2,2,False,True,LOWER LEFT
nba store,0,0,0,0,0,0,1,0,1,0,0,0,2,2,False,True,NBA Store
remillys yema cake,0,0,0,0,0,0,0,0,2,0,0,0,2,1,False,False,REMILLYS YEMA CAKE
nautica,0,0,0,0,0,0,0,2,0,0,0,0,2,1,False,False,Nautica
proguard,0,0,0,0,0,0,0,0,2,0,0,0,2,1,False,False,PROGUARD
okoy king,0,0,0,0,0,0,0,2,0,0,0,0,2,1,False,False,THE OKOY KING
professional skin care formula by dr alvin,0,0,0,0,0,0,0,0,2,0,0,0,2,1,False,False,PROFESSIONAL SKIN CARE FORMULA BY DR ALVIN
natys lechon,0,1,0,0,0,0,0,0,1,0,0,0,2,2,False,True,NATY'S LECHON
glorys ilocos empanada,0,0,0,0,0,0,0,0,2,0,0,0,2,1,False,False,GLORY'S ILOCOS EMPANADA
repair master gadget center,0,0,0,0,0,0,0,0,2,0,0,0,2,1,False,False,REPAIR MASTER GADGET CENTER
lapid dental center,0,1,0,0,0,0,0,1,0,0,0,0,2,2,False,True,THE LAPID DENTAL CENTER
gloria maris,0,0,0,0,0,1,1,0,0,0,0,0,2,2,False,True,Gloria Maris
hobbiestock,0,0,1,0,0,0,1,0,0,0,0,0,2,2,False,True,Hobbiestock
luciano optical,0,0,0,0,0,0,0,0,0,0,2,0,2,1,False,False,Luciano Optical
hobing korean dessert cafe,0,1,0,0,0,0,0,0,1,0,0,0,2,2,False,True,HOBING KOREAN DESSERT CAFE
lucky 8 bingo,0,0,0,0,2,0,0,0,0,0,0,0,2,1,False,False,Lucky 8 Bingo
prime silver,0,0,0,0,0,0,0,1,0,0,0,1,2,2,False,True,Prime Silver
glass pp cellphone accessories,0,0,0,0,0,0,0,0,2,0,0,0,2,1,False,False,GLASS PP CELLPHONE ACCESSORIES
lugaw ni bossing,0,0,0,0,1,0,0,1,0,0,0,0,2,2,False,True,Lugaw ni Bossing
retrosweets,0,2,0,0,0,0,0,0,0,0,0,0,2,1,False,False,RETROSWEETS
lavish lashes,0,0,0,0,0,0,0,1,1,0,0,0,2,2,False,True,Lavish Lashes
grande maison,0,0,0,0,0,0,0,0,2,0,0,0,2,1,False,False,GRANDE MAISON
indio filipino clothing,0,0,0,0,0,0,1,0,1,0,0,0,2,2,False,True,Indio Filipino Clothing
hayes,0,0,0,0,0,0,0,0,2,0,0,0,2,1,False,False,HAYES
havaianas by all flip flops,0,0,0,0,0,0,0,0,2,0,0,0,2,1,False,False,HAVAIANAS BY ALL FLIP FLOPS
havaianas pop up shop,0,0,0,0,0,0,0,0,2,0,0,0,2,1,False,False,HAVAIANAS POP-UP SHOP
havianas,0,0,1,0,0,0,0,1,0,0,0,0,2,2,False,True,Havianas
hai sha,0,0,0,2,0,0,0,0,0,0,0,0,2,1,False,False,Hai-sha
ocampos,1,1,0,0,0,0,0,0,0,0,0,0,2,2,False,True,OCAMPO'S
hafele,0,2,0,0,0,0,0,0,0,0,0,0,2,1,False,False,HAFELE
habagat,0,0,0,0,1,0,0,0,1,0,0,0,2,2,False,True,Habagat
q tickles nails lashes and waxing salon,0,0,0,0,0,0,0,0,2,0,0,0,2,1,False,False,Q TICKLES NAILS LASHES AND WAXING SALON
lfafa enterprise,0,0,0,1,0,0,0,1,0,0,0,0,2,2,False,True,LFAFA Enterprise
h2o life source,0,0,0,0,0,2,0,0,0,0,0,0,2,1,False,False,H2O Life Source
rafabels cafe and patisserie,0,0,0,0,0,0,0,0,2,0,0,0,2,1,False,False,RAFABELS CAFE AND PATISSERIE
left behind,0,2,0,0,0,0,0,0,0,0,0,0,2,1,False,False,LEFT BEHIND
hbc,0,0,0,0,2,0,0,0,0,0,0,0,2,1,False,False,HBC
north face,0,0,0,0,0,0,0,0,2,0,0,0,2,1,False,False,THE NORTH FACE
q prizezone,0,0,0,0,0,0,0,0,2,0,0,0,2,1,False,False,Q PRIZEZONE
headway vera salon,0,1,1,0,0,0,0,0,0,0,0,0,2,2,False,True,HEADWAY VERA SALON
league of gamers,0,0,0,0,0,0,0,0,2,0,0,0,2,1,False,False,LEAGUE OF GAMERS
health wave,0,0,0,0,0,0,0,2,0,0,0,0,2,1,False,False,Health Wave
le sucre lab,0,1,0,0,0,0,0,0,1,0,0,0,2,2,False,True,LE SUCRE LAB
nora hair salon,0,0,0,0,0,0,0,1,1,0,0,0,2,2,False,True,NORA HAIR SALON
noonsaram,0,0,0,0,2,0,0,0,0,0,0,0,2,1,False,False,Noonsaram
guanzon,0,0,0,0,0,0,0,2,0,0,0,0,2,1,False,False,Guanzon
oasis,0,0,0,0,0,0,0,0,2,0,0,0,2,1,False,False,OASIS
hashi pan asian restaurant,0,0,0,0,0,1,1,0,0,0,0,0,2,2,False,True,Hashi Pan-Asian Restaurant
nike rise,0,1,0,0,0,0,0,0,1,0,0,0,2,2,False,True,NIKE RISE
lenovo mobile,0,0,0,0,0,0,0,0,2,0,0,0,2,1,False,False,LENOVO MOBILE
nut water buko juice,0,0,0,0,0,0,0,0,2,0,0,0,2,1,False,False,NUT WATER BUKO JUICE
lemon grass,0,1,0,0,0,0,0,0,1,0,0,0,2,2,False,True,THE LEMON GRASS
hapchan,0,0,0,0,0,0,0,2,0,0,0,0,2,1,False,False,HAPCHAN
quicklean,0,0,0,0,0,2,0,0,0,0,0,0,2,1,False,False,Quicklean
happilee korean kitchen,0,0,0,0,0,0,1,0,1,0,0,0,2,2,False,True,Happilee Korean Kitchen
lemon feels,0,0,0,0,0,0,0,2,0,0,0,0,2,1,False,False,Lemon Feels
hanamaruken ramen,0,0,0,0,0,1,1,0,0,0,0,0,2,2,False,True,Hanamaruken Ramen
queens at bollywood,0,2,0,0,0,0,0,0,0,0,0,0,2,1,False,False,QUEENS AT BOLLYWOOD
queen mother salon,0,0,0,0,0,0,0,0,2,0,0,0,2,1,False,False,QUEEN MOTHER SALON
happy leaf milk tea place,0,0,0,0,0,0,0,0,2,0,0,0,2,1,False,False,HAPPY LEAF MILK TEA PLACE
lemon aid,0,0,0,0,0,0,0,0,2,0,0,0,2,1,False,False,LEMON AID
leonardos salon and barbers,0,0,0,0,0,0,0,0,2,0,0,0,2,1,False,False,LEONARDOS SALON AND BARBERS
r a f,0,0,0,0,0,0,0,2,0,0,0,0,2,1,False,False,R.A.F (INSIDE MAISONETTE)
quantum amusement corporation,0,0,0,0,0,0,0,0,0,2,0,0,2,1,False,False,QUANTUM AMUSEMENT CORPORATION
hairscape ph,0,1,0,0,0,0,0,1,0,0,0,0,2,2,False,True,HAIRSCAPE.PH
haircutters de legazpi city,0,0,0,0,0,0,0,0,2,0,0,0,2,1,False,False,HAIRCUTTERS DE LEGAZPI CITY
r florete jewelry,0,0,0,0,0,0,0,2,0,0,0,0,2,1,False,False,R. Florete Jewelry
lenscrafter shop,0,0,0,0,0,0,0,0,2,0,0,0,2,1,False,False,THE LENSCRAFTER SHOP
hair studio,0,0,0,0,2,0,0,0,0,0,0,0,2,1,False,False,Hair Studio
legazpi four seasons restaurant,0,0,0,0,0,0,0,0,2,0,0,0,2,1,False,False,LEGAZPI FOUR SEASONS RESTAURANT
hainanese delights,0,0,0,0,0,0,0,2,0,0,0,0,2,1,False,False,Hainanese Delights
hard rock cafe,0,1,0,0,0,0,0,0,1,0,0,0,2,2,False,True,HARD ROCK CAFE
ramen daisho,0,0,0,0,0,0,0,1,1,0,0,0,2,2,False,True,RAMEN DAISHO
ramen dojo,0,1,0,0,0,0,0,0,1,0,0,0,2,2,False,True,RAMEN DOJO
healthie fresh fruit shakes,0,0,0,0,0,0,0,0,2,0,0,0,2,1,False,False,HEALTHIE FRESH FRUIT SHAKES
pc central,0,0,0,0,0,0,0,0,2,0,0,0,2,1,False,False,PC CENTRAL
little farmers coffee,0,1,0,0,0,1,0,0,0,0,0,0,2,2,False,True,LITTLE FARMERS COFFEE
purple pad thai,0,0,0,0,0,0,0,0,2,0,0,0,2,1,False,False,PURPLE PAD THAI
green kitchen,0,0,0,0,0,0,0,0,1,0,1,0,2,2,False,True,GREEN KITCHEN
purple oven,0,1,0,0,0,1,0,0,0,0,0,0,2,2,False,True,PURPLE OVEN
purple haze designs,0,0,0,0,0,0,0,1,1,0,0,0,2,2,False,True,Purple Haze Designs
hearts and arrows,0,2,0,0,0,0,0,0,0,0,0,0,2,1,False,False,HEARTS AND ARROWS
niu,0,0,0,0,0,0,0,0,2,0,0,0,2,1,False,False,NIU
laycom cellphone and accessories shop,0,0,0,0,0,0,0,0,2,0,0,0,2,1,False,False,LAYCOM CELLPHONE AND ACCESSORIES SHOP
hearts and bells,0,0,0,0,0,1,0,1,0,0,0,0,2,2,False,True,Hearts and Bells
rbrs gadget center,0,0,0,0,0,0,0,0,2,0,0,0,2,1,False,False,RBRS GADGET CENTER
little ones dental clinic,0,0,0,0,0,0,0,0,2,0,0,0,2,1,False,False,LITTLE ONES DENTAL CLINIC
healthway,0,0,1,0,0,0,1,0,0,0,0,0,2,2,False,True,Healthway
puregold,0,1,0,0,0,0,0,0,0,1,0,0,2,2,False,True,PUREGOLD
live hub,0,0,0,0,0,0,0,0,2,0,0,0,2,1,False,False,LIVE HUB
rbx rice in a box,0,1,0,0,0,0,0,1,0,0,0,0,2,2,False,True,RBX RICE IN A BOX
rc perfume,0,0,1,0,0,0,0,0,1,0,0,0,2,2,False,True,Rc Perfume
living water,0,0,0,0,0,1,0,0,1,0,0,0,2,2,False,True,Living Water
nisce,0,0,0,0,0,0,0,2,0,0,0,0,2,1,False,False,NISCE
nineteen degrees,0,0,0,0,0,0,0,0,2,0,0,0,2,1,False,False,NINETEEN DEGREES
graphic gadgets,0,0,0,0,0,0,0,0,2,0,0,0,2,1,False,False,GRAPHIC GADGETS
rc perfume collection,0,0,0,0,0,0,0,0,2,0,0,0,2,1,False,False,RC PERFUME COLLECTION
puffys souffle pancake cafe,0,0,0,0,0,0,0,2,0,0,0,0,2,1,False,False,Puffy's Souffle Pancake Cafe
healthy thoughts,0,0,0,0,0,0,0,0,2,0,0,0,2,1,False,False,HEALTHY THOUGHTS
purple rice,0,0,0,0,0,1,0,0,1,0,0,0,2,2,False,True,Purple Rice
greenkreations,0,0,0,0,0,0,0,0,2,0,0,0,2,1,False,False,GREENKREATIONS
lito sy studio,0,0,0,0,1,0,0,0,1,0,0,0,2,2,False,True,Lito Sy Studio
le katsu mnl,0,1,0,0,0,0,0,1,0,0,0,0,2,2,False,True,LE KATSU MNL
noodle mix,0,1,0,0,0,0,0,1,0,0,0,0,2,2,False,True,NOODLE MIX
octoboy,0,1,0,0,0,0,0,0,0,0,0,1,2,2,False,True,OCTOBOY
ramen nagi tendon akimitsu,0,2,0,0,0,0,0,0,0,0,0,0,2,1,False,False,RAMEN NAGI / TENDON AKIMITSU
ramen sage,0,0,1,0,0,1,0,0,0,0,0,0,2,2,False,True,Ramen Sage
q cards,0,0,1,0,0,0,0,0,1,0,0,0,2,2,False,True,Q-cards
gringo,0,1,1,0,0,0,0,0,0,0,0,0,2,2,False,True,GRINGO
lilys shiatsu station,0,0,0,0,0,0,0,0,0,2,0,0,2,1,False,False,LILY'S SHIATSU STATION
ramen young wasabi,0,0,1,0,0,0,0,1,0,0,0,0,2,2,False,True,Ramen Young Wasabi
le katsu,0,0,0,0,0,0,0,2,0,0,0,0,2,1,False,False,Le Katsu
healthy human,0,0,0,0,0,0,0,0,2,0,0,0,2,1,False,False,HEALTHY HUMAN
healthy lemon est 2021 lemonade station,0,0,0,0,0,0,0,0,2,0,0,0,2,1,False,False,HEALTHY LEMON EST 2021 LEMONADE STATION
greenwich to go,0,0,0,0,0,0,0,0,0,0,0,2,2,1,False,False,GREENWICH TO GO
le gran tempus,0,0,0,0,0,0,0,0,2,0,0,0,2,1,False,False,LE GRAN TEMPUS
healthy shabu shabu,0,0,0,0,0,0,0,1,1,0,0,0,2,2,False,True,Healthy Shabu-Shabu
ling nam,0,0,0,0,0,1,1,0,0,0,0,0,2,2,False,True,Ling Nam
ling nam fried siopao,0,0,0,0,0,0,0,0,2,0,0,0,2,1,False,False,LING NAM FRIED SIOPAO
link plus,0,0,0,0,0,0,0,0,2,0,0,0,2,1,False,False,LINK PLUS
odysseus wedding rings,1,0,0,0,0,1,0,0,0,0,0,0,2,2,False,True,Odysseus Wedding Rings
lionesse beauty bar,0,0,1,0,0,0,0,1,0,0,0,0,2,2,False,True,Lionesse Beauty Bar
liquid flask,0,0,1,0,0,0,0,1,0,0,0,0,2,2,False,True,Liquid Flask
luminox,0,1,0,0,0,0,0,0,1,0,0,0,2,2,False,True,LUMINOX
nanbantei of tokyo,0,2,0,0,0,0,0,0,0,0,0,0,2,1,False,False,NANBANTEI OF TOKYO
hot star fried chicken,0,2,0,0,0,0,0,0,0,0,0,0,2,1,False,False,HOT STAR FRIED CHICKEN
iclick,0,0,0,0,0,0,0,0,2,0,0,0,2,1,False,False,ICLICK
royal time legacy,0,0,0,0,0,0,0,0,2,0,0,0,2,1,False,False,ROYAL TIME LEGACY
ice scramble ni momshie sarah,0,0,0,0,0,0,0,0,2,0,0,0,2,1,False,False,ICE SCRAMBLE NI MOMSHIE SARAH
original cake,0,0,0,0,0,0,0,0,1,1,0,0,2,2,False,True,ORIGINAL CAKE
frotea,0,0,0,0,0,0,0,1,1,0,0,0,2,2,False,True,FROTEA
kookee house,0,0,0,0,0,0,0,1,1,0,0,0,2,2,False,True,Kookee House
rrj and mr lee,0,0,0,0,0,0,0,0,0,0,0,2,2,1,False,False,RRJ AND MR. LEE
ichirorain cellphone shop,0,0,0,0,0,0,0,0,2,0,0,0,2,1,False,False,ICHIRORAIN CELLPHONE SHOP
freshaire salon,0,2,0,0,0,0,0,0,0,0,0,0,2,1,False,False,FRESHAIRE SALON
koibitos world of gelato,0,0,0,0,0,1,0,0,1,0,0,0,2,2,False,True,KOIBITOS WORLD OF GELATO
icings,0,0,0,0,0,0,1,1,0,0,0,0,2,2,False,True,Icings
mugna leather arts,0,0,0,0,0,0,0,0,2,0,0,0,2,1,False,False,MUGNA LEATHER ARTS
mango burst,0,0,0,0,0,0,0,0,2,0,0,0,2,1,False,False,MANGO BURST
fresh,0,0,0,0,0,0,0,2,0,0,0,0,2,1,False,False,FRESH
iconique,0,1,0,0,0,0,0,0,1,0,0,0,2,2,False,True,ICONIQUE
manila bankers life insurance,0,0,0,0,0,0,0,1,0,1,0,0,2,2,False,True,MANILA BANKERS LIFE INSURANCE
idd,0,0,0,0,0,0,0,0,2,0,0,0,2,1,False,False,IDD
pooch park,1,0,0,0,0,0,0,1,0,0,0,0,2,2,False,True,POOCH PARK
fred perry authentic,0,0,0,0,0,0,0,0,2,0,0,0,2,1,False,False,FRED PERRY AUTHENTIC
mso music academy,0,2,0,0,0,0,0,0,0,0,0,0,2,1,False,False,MSO MUSIC ACADEMY
kogi q,0,0,0,0,0,0,0,0,2,0,0,0,2,1,False,False,KOGI Q
hangout resto place,0,0,0,0,0,0,0,0,2,0,0,0,2,1,False,False,HANGOUT RESTO PLACE
orodiam jewellery,0,0,0,0,0,0,0,0,2,0,0,0,2,1,False,False,ORODIAM JEWELLERY
porky best,0,1,0,0,1,0,0,0,0,0,0,0,2,2,False,True,PORKY BEST
music jam,0,0,0,0,0,0,0,0,0,0,0,2,2,1,False,False,MUSIC JAM
hotdog on stick,0,0,0,0,2,0,0,0,0,0,0,0,2,1,False,False,Hotdog on Stick
fuji film digital imaging,0,0,0,0,0,0,0,0,2,0,0,0,2,1,False,False,FUJI FILM DIGITAL IMAGING
fundevmentals therapy center,0,0,0,0,0,1,0,0,1,0,0,0,2,2,False,True,Fundevmentals Therapy Center
mama empanada,0,0,0,0,0,0,0,2,0,0,0,0,2,1,False,False,MAMA EMPANADA
fun nation,0,0,0,0,0,0,0,1,0,0,1,0,2,2,False,True,Fun Nation
my dollar store,0,1,1,0,0,0,0,0,0,0,0,0,2,2,False,True,MY DOLLAR STORE
options,0,0,0,0,0,0,0,1,1,0,0,0,2,2,False,True,Options
potato corner plus & nacho bimby,0,0,0,0,0,0,0,0,2,0,0,0,2,1,False,False,POTATO CORNER PLUS & NACHO BIMBY
orange bucket,0,0,0,0,0,2,0,0,0,0,0,0,2,1,False,False,The Orange Bucket
man barbers,0,0,0,0,0,0,0,2,0,0,0,0,2,1,False,False,Man Barbers
fulcrum coffee,0,0,0,0,0,0,0,1,1,0,0,0,2,2,False,True,Fulcrum Coffee
fuji shin cellphone and accessories trading,0,0,0,0,0,0,0,0,2,0,0,0,2,1,False,False,FUJI-SHIN CELLPHONE AND ACCESSORIES TRADING
fudge rock,0,2,0,0,0,0,0,0,0,0,0,0,2,1,False,False,FUDGE ROCK
fruitas de original jamaican pattie shop,0,2,0,0,0,0,0,0,0,0,0,0,2,1,False,False,FRUITAS / DE ORIGINAL JAMAICAN PATTIE SHOP
frying chicken,0,1,0,0,0,0,0,0,0,0,1,0,2,2,False,True,FRYING CHICKEN
mandara spa,0,0,0,0,0,1,0,0,1,0,0,0,2,2,False,True,The Mandara Spa
origin gold jewelers,0,0,0,0,0,0,0,0,2,0,0,0,2,1,False,False,ORIGIN GOLD JEWELERS
must be moms,0,0,0,0,0,0,0,1,1,0,0,0,2,2,False,True,Must Be Moms
mandarin chinese drugstore,0,0,0,0,0,0,0,2,0,0,0,0,2,1,False,False,Mandarin Chinese Drugstore
positive living station,0,1,0,0,0,0,0,1,0,0,0,0,2,2,False,True,POSITIVE LIVING STATION
positive living,0,0,0,0,1,0,0,1,0,0,0,0,2,2,False,True,Positive Living
pos digital world,0,0,0,0,0,0,0,0,2,0,0,0,2,1,False,False,POS DIGITAL WORLD
musikwizard,0,0,0,0,0,0,0,0,2,0,0,0,2,1,False,False,MUSIKWIZARD
royal indian curry house,0,0,0,0,0,1,0,0,1,0,0,0,2,2,False,True,Royal Indian Curry House
orogem jewellers,0,1,0,0,0,0,1,0,0,0,0,0,2,2,False,True,OROGEM JEWELLERS
frankies,0,0,0,0,0,1,1,0,0,0,0,0,2,2,False,True,Frankie's
idim diy bakery,0,0,0,0,0,0,0,0,2,0,0,0,2,1,False,False,IDIM DIY BAKERY
otop philippines hub,0,2,0,0,0,0,0,0,0,0,0,0,2,1,False,False,OTOP PHILIPPINES HUB
marisons,0,0,0,0,0,0,0,1,1,0,0,0,2,2,False,True,Marison’s
maristella fine jewelry,0,0,0,0,0,0,2,0,0,0,0,0,2,1,False,False,Maristella Fine Jewelry
imono jewelry,0,2,0,0,0,0,0,0,0,0,0,0,2,1,False,False,IMONO JEWELRY
fonemyx marketing,0,1,0,0,0,0,0,0,1,0,0,0,2,2,False,True,FONEMYX MARKETING
imperium,0,0,0,0,0,0,0,0,2,0,0,0,2,1,False,False,IMPERIUM
sabater optical,0,0,0,0,0,0,0,2,0,0,0,0,2,1,False,False,Sabater Optical
fone style,0,0,0,2,0,0,0,0,0,0,0,0,2,1,False,False,FONE STYLE
fone fix technoshop,0,0,0,0,0,0,0,0,2,0,0,0,2,1,False,False,FONE FIX TECHNOSHOP
in 2 skating garments and accessories,0,0,0,0,0,0,0,0,2,0,0,0,2,1,False,False,IN 2 SKATING GARMENTS AND ACCESSORIES
fone edge plus,0,0,0,0,0,0,0,1,0,1,0,0,2,2,False,True,Fone Edge Plus
fon,0,0,0,0,0,0,0,2,0,0,0,0,2,1,False,False,Fon+
polk audio home theater & hifi,0,2,0,0,0,0,0,0,0,0,0,0,2,1,False,False,POLK AUDIO HOME THEATER & HIFI
in tune pro music center,0,0,0,0,0,0,0,0,2,0,0,0,2,1,False,False,IN-TUNE PRO MUSIC CENTER
folded & hung,0,2,0,0,0,0,0,0,0,0,0,0,2,1,False,False,FOLDED & HUNG
sachi,0,0,0,0,0,0,0,0,2,0,0,0,2,1,False,False,SACHI
focus eye clinic,0,0,0,0,0,0,0,0,0,0,2,0,2,1,False,False,Focus Eye Clinic
platinum karaoke,0,0,0,0,0,2,0,0,0,0,0,0,2,1,False,False,Platinum Karaoke
indio filipino,0,0,0,0,0,0,0,2,0,0,0,0,2,1,False,False,Indio Filipino
fluff & stuff,0,0,0,0,0,0,0,2,0,0,0,0,2,1,False,False,Fluff & Stuff
sairam playland,0,0,0,0,0,0,0,0,2,0,0,0,2,1,False,False,SAIRAM PLAYLAND
mr korea,0,2,0,0,0,0,0,0,0,0,0,0,2,1,False,False,MR. KOREA
florsheim shoe company,0,0,0,0,0,0,0,0,2,0,0,0,2,1,False,False,FLORSHEIM SHOE COMPANY
food club,0,1,1,0,0,0,0,0,0,0,0,0,2,2,False,True,THE FOOD CLUB
marina seafoods,0,1,0,0,0,0,0,1,0,0,0,0,2,2,False,True,MARINA SEAFOODS
playland,0,0,0,2,0,0,0,0,0,0,0,0,2,1,False,False,PLAYLAND (L1-L2)
plc watch repair services,0,2,0,0,0,0,0,0,0,0,0,0,2,1,False,False,PLC WATCH REPAIR SERVICES
rtop cellphone accessories,0,0,0,0,0,0,0,0,2,0,0,0,2,1,False,False,RTOP CELLPHONE ACCESSORIES
rudy project,0,0,0,0,0,1,0,0,1,0,0,0,2,2,False,True,Rudy Project
mr potato,0,0,0,0,0,0,0,1,1,0,0,0,2,2,False,True,Mr. Potato
knickerbocker refreshment stall,0,0,0,0,0,0,0,0,2,0,0,0,2,1,False,False,KNICKERBOCKER REFRESHMENT STALL
founders donuts,0,0,0,0,0,0,0,0,2,0,0,0,2,1,False,False,FOUNDERS DONUTS
runnr,0,2,0,0,0,0,0,0,0,0,0,0,2,1,False,False,RUNNR
ifx foreign exchange,0,0,0,0,0,0,0,0,0,0,2,0,2,1,False,False,IFX Foreign Exchange
iguanas sandals,0,0,0,0,0,0,0,1,0,0,0,1,2,2,False,True,Iguanas Sandals
fortune jewellers,0,0,0,0,0,0,0,2,0,0,0,0,2,1,False,False,Fortune Jewellers
fortress,0,1,0,0,0,0,1,0,0,0,0,0,2,2,False,True,FORTRESS
rustans department store,0,2,0,0,0,0,0,0,0,0,0,0,2,1,False,False,RUSTAN'S DEPARTMENT STORE
pngb,0,0,1,0,0,0,0,1,0,0,0,0,2,2,False,True,Pngb
marilou,0,0,0,0,0,0,1,0,1,0,0,0,2,2,False,True,Marilou
ortigas cinemas,0,0,0,0,0,0,2,0,0,0,0,0,2,1,False,False,Ortigas Cinemas
ortiz skin clinic,0,0,0,0,0,0,0,0,2,0,0,0,2,1,False,False,ORTIZ SKIN CLINIC
s gadgets,0,0,0,0,0,0,0,2,0,0,0,0,2,1,False,False,S GADGETS
ikshava fresh sugar,0,0,0,0,0,0,0,0,2,0,0,0,2,1,False,False,IKSHAVA FRESH SUGAR
il hwa,0,0,0,0,0,0,0,0,2,0,0,0,2,1,False,False,IL HWA
klgo mobile accessories,0,0,0,0,0,0,0,2,0,0,0,0,2,1,False,False,KLGO Mobile Accessories
il padrino coffee,0,1,0,0,0,0,0,0,1,0,0,0,2,2,False,True,IL PADRINO COFFEE
marilou jewellery,0,2,0,0,0,0,0,0,0,0,0,0,2,1,False,False,MARILOU JEWELLERY
my girl milktea & coffee,0,0,0,0,0,0,0,2,0,0,0,0,2,1,False,False,My Girl Milktea & Coffee
mall ocean train,0,0,0,0,0,0,0,2,0,0,0,0,2,1,False,False,MALL OCEAN TRAIN
potato fridays,0,0,0,0,0,0,0,2,0,0,0,0,2,1,False,False,POTATO FRIDAYS
gemline,0,0,0,0,0,0,0,0,2,0,0,0,2,1,False,False,GEMLINE
powerzone,0,0,0,0,0,0,0,0,2,0,0,0,2,1,False,False,POWERZONE
nail lounge,0,0,0,0,0,1,0,0,1,0,0,0,2,2,False,True,Nail Lounge
ongpin express,0,0,0,0,0,1,0,1,0,0,0,0,2,2,False,True,Ongpin Express
ritas,0,0,0,0,0,2,0,0,0,0,0,0,2,1,False,False,Rita's
gemuine gold,0,0,0,0,0,0,0,0,2,0,0,0,2,1,False,False,GEMUINE GOLD
l optique paris,0,0,0,0,0,0,0,0,2,0,0,0,2,1,False,False,L OPTIQUE PARIS
ono poke,0,0,0,0,0,0,1,1,0,0,0,0,2,2,False,True,ONO Poke
ritas italian ice,0,0,1,0,0,1,0,0,0,0,0,0,2,2,False,True,Rita’s Italian Ice
nail garden,0,0,0,0,0,0,0,1,1,0,0,0,2,2,False,True,NAIL GARDEN
gems and gold by heidi,0,0,0,0,0,0,0,0,2,0,0,0,2,1,False,False,GEMS AND GOLD BY HEIDI
rizal commercial banking corporation,0,2,0,0,0,0,0,0,0,0,0,0,2,1,False,False,RIZAL COMMERCIAL BANKING CORPORATION
machida shoten japanese ramen,0,0,0,0,0,0,0,0,2,0,0,0,2,1,False,False,MACHIDA SHOTEN JAPANESE RAMEN
nail cocktales hand and foot spa,0,1,0,0,0,0,0,1,0,0,0,0,2,2,False,True,NAIL COCKTALES HAND AND FOOT SPA
gelato filipino,0,0,0,0,0,0,0,0,2,0,0,0,2,1,False,False,GELATO FILIPINO
ooh la lash,0,0,0,0,0,0,0,1,1,0,0,0,2,2,False,True,OOH LA LASH
naga garden,0,0,0,0,0,0,0,1,1,0,0,0,2,2,False,True,Naga Garden
hpt com,0,0,0,0,2,0,0,0,0,0,0,0,2,1,False,False,HPT.Com
kyukyu ramen99,0,0,0,0,0,0,0,0,2,0,0,0,2,1,False,False,KYUKYU RAMEN99
gear up,0,2,0,0,0,0,0,0,0,0,0,0,2,1,False,False,GEAR UP
kyukyu ramen 99,0,0,0,0,0,0,0,2,0,0,0,0,2,1,False,False,KYUKYU RAMEN 99
rme salon,0,0,0,0,0,0,0,0,2,0,0,0,2,1,False,False,RME SALON
hublot,0,2,0,0,0,0,0,0,0,0,0,0,2,1,False,False,HUBLOT
m bakery,0,2,0,0,0,0,0,0,0,0,0,0,2,1,False,False,M BAKERY
geo time fusion,0,0,0,0,0,0,0,0,2,0,0,0,2,1,False,False,GEO TIME FUSION
lzm restaurant,0,2,0,0,0,0,0,0,0,0,0,0,2,1,False,False,LZM RESTAURANT
george,0,2,0,0,0,0,0,0,0,0,0,0,2,1,False,False,GEORGE
nami ph,0,0,0,0,0,0,0,0,2,0,0,0,2,1,False,False,NAMI PH
nami art gallery,0,0,0,0,0,0,1,0,1,0,0,0,2,2,False,True,Nami Art Gallery
hotpot session,0,0,0,0,0,0,1,1,0,0,0,0,2,2,False,True,HotPot Session
precious teeth dental care,0,0,0,0,0,0,0,0,2,0,0,0,2,1,False,False,PRECIOUS TEETH DENTAL CARE
one,0,0,0,0,0,0,0,0,2,0,0,0,2,1,False,False,ONE
luxallure aesthetic center,0,0,0,0,0,0,0,0,2,0,0,0,2,1,False,False,LUXALLURE AESTHETIC CENTER
nam rai spa,0,0,0,0,0,1,0,1,0,0,0,0,2,2,False,True,Nam Rai Spa
la lola churreria,0,0,0,0,0,0,0,2,0,0,0,0,2,1,False,False,La Lola Churreria
gerrys restaurant and bar,0,0,0,0,0,0,0,0,2,0,0,0,2,1,False,False,GERRYS RESTAURANT AND BAR
naked waxing salon,0,1,0,0,0,0,0,0,1,0,0,0,2,2,False,True,NAKED WAXING SALON
ricky reyes hair clinic,0,0,0,0,0,1,0,0,1,0,0,0,2,2,False,True,Ricky Reyes Hair Clinic
house of fruitas,0,0,1,0,0,0,0,0,1,0,0,0,2,2,False,True,House Of Fruitas
luxelle,0,1,0,0,0,0,0,0,1,0,0,0,2,2,False,True,LUXELLE
one world deli,0,0,0,0,0,1,0,0,1,0,0,0,2,2,False,True,One World Deli
luxury seats,0,0,0,0,0,0,0,2,0,0,0,0,2,1,False,False,Luxury Seats
geotime fusion,0,0,0,0,0,0,0,1,0,1,0,0,2,2,False,True,Geotime Fusion
one world medical wellness center,0,0,0,0,0,0,0,0,0,0,2,0,2,1,False,False,One World Medical Wellness Center
lydias lechon,0,0,0,0,0,0,0,0,2,0,0,0,2,1,False,False,LYDIAS LECHON
lyfe bowls,0,0,0,0,0,1,0,0,1,0,0,0,2,2,False,True,Lyfe Bowls
george and onnies,0,0,0,0,0,0,1,1,0,0,0,0,2,2,False,True,George and Onnie's
house of lemonade,0,0,0,0,0,0,0,1,1,0,0,0,2,2,False,True,HOUSE OF LEMONADE
machi machi,0,0,0,0,0,0,0,2,0,0,0,0,2,1,False,False,MACHI MACHI
roadhouse cafe,0,0,0,0,0,0,0,0,2,0,0,0,2,1,False,False,ROADHOUSE CAFE
ronnie joe,0,0,0,0,0,0,0,0,2,0,0,0,2,1,False,False,RONNIE JOE
mai wei fang,0,0,0,0,0,0,0,1,1,0,0,0,2,2,False,True,Mai Wei Fang
gadget shield,0,0,0,0,0,0,0,0,2,0,0,0,2,1,False,False,GADGET SHIELD
rockport,0,1,0,0,0,0,0,0,1,0,0,0,2,2,False,True,ROCKPORT
gadget plus,0,0,0,0,0,0,0,1,1,0,0,0,2,2,False,True,Gadget Plus
optic city,0,0,0,0,0,0,0,0,2,0,0,0,2,1,False,False,OPTIC CITY
gadget phonecare,0,0,0,0,0,0,0,0,1,0,1,0,2,2,False,True,GADGET PHONECARE
potato madness,0,0,0,0,1,0,0,0,0,0,0,1,2,2,False,True,Potato Madness
gadget multiverse,0,0,0,0,0,0,0,0,2,0,0,0,2,1,False,False,GADGET MULTIVERSE
kutie kuts kids salon,0,0,0,0,0,0,1,1,0,0,0,0,2,2,False,True,Kutie Kuts Kids Salon
mychoice ice cream,0,0,0,0,0,0,0,0,2,0,0,0,2,1,False,False,MYCHOICE ICE CREAM
rockstar,0,1,0,0,0,0,1,0,0,0,0,0,2,2,False,True,ROCKSTAR
kutie kuts,0,0,0,0,0,0,0,0,2,0,0,0,2,1,False,False,KUTIE KUTS
hubsite,0,0,0,0,0,0,0,2,0,0,0,0,2,1,False,False,Hubsite
mail plus,0,0,0,0,0,0,0,0,2,0,0,0,2,1,False,False,MAIL PLUS
rolex lucerne,0,2,0,0,0,0,0,0,0,0,0,0,2,1,False,False,ROLEX-LUCERNE
g&g,0,0,0,0,0,0,0,2,0,0,0,0,2,1,False,False,G&G
i bloom massage,0,0,0,0,0,0,0,2,0,0,0,0,2,1,False,False,I-Bloom Massage
my pro,0,0,0,0,0,0,0,0,2,0,0,0,2,1,False,False,MY PRO
g gadgets,0,0,0,0,0,0,0,0,2,0,0,0,2,1,False,False,G GADGETS
i center,0,0,0,0,0,0,0,0,2,0,0,0,2,1,False,False,I-CENTER
furry tails,0,0,0,0,0,0,0,0,2,0,0,0,2,1,False,False,FURRY TAILS
furniture republicsan yang home,0,0,0,0,0,0,0,0,2,0,0,0,2,1,False,False,FURNITURE REPUBLICSAN-YANG HOME
mala house,0,0,0,0,0,0,0,1,1,0,0,0,2,2,False,True,MALA HOUSE
gadget station,0,0,0,0,0,0,0,2,0,0,0,0,2,1,False,False,Gadget Station
rock island armory,0,0,1,0,1,0,0,0,0,0,0,0,2,2,False,True,Rock Island Armory
gadgetlab service center,0,0,0,0,0,0,0,0,2,0,0,0,2,1,False,False,GADGETLAB SERVICE CENTER
potdog yummy delights,0,0,0,0,0,0,0,2,0,0,0,0,2,1,False,False,Potdog Yummy Delights
hued salon,0,0,0,0,0,0,0,1,1,0,0,0,2,2,False,True,HUED SALON (NEW)
macho mucho,0,1,0,0,0,1,0,0,0,0,0,0,2,2,False,True,MACHO MUCHO
nabe japanese izakaya and hotpot,0,0,0,0,0,0,0,0,2,0,0,0,2,1,False,False,NABE JAPANESE IZAKAYA AND HOTPOT
mad about travel,0,0,0,0,0,1,1,0,0,0,0,0,2,2,False,True,Mad About Travel
open source,0,0,0,0,0,0,1,1,0,0,0,0,2,2,False,True,OPEN SOURCE
mad mango,0,0,0,0,0,0,0,0,1,1,0,0,2,2,False,True,MAD MANGO
mad marks,0,0,0,0,0,0,0,1,1,0,0,0,2,2,False,True,Mad Mark's
kwentong barbero,0,0,0,0,0,0,0,0,2,0,0,0,2,1,False,False,KWENTONG BARBERO
gameplace mobile,0,0,0,0,0,0,0,0,2,0,0,0,2,1,False,False,GAMEPLACE MOBILE
gameone tech store,0,2,0,0,0,0,0,0,0,0,0,0,2,1,False,False,GAMEONE TECH STORE
myung jang,0,0,0,0,0,0,0,0,2,0,0,0,2,1,False,False,MYUNG JANG
kwatogs,0,0,0,0,0,0,0,1,1,0,0,0,2,2,False,True,KWATOGS
myphone,0,0,0,0,0,0,0,0,0,0,0,2,2,1,False,False,MYPHONE
power corner,0,0,0,0,0,0,0,0,2,0,0,0,2,1,False,False,POWER CORNER
pound x flatterie,0,2,0,0,0,0,0,0,0,0,0,0,2,1,False,False,POUND X FLATTERIE
pound,0,1,0,0,0,0,0,1,0,0,0,0,2,2,False,True,POUND
oppa studio,0,0,0,0,0,0,0,1,1,0,0,0,2,2,False,True,OPPA STUDIO
galleon enterprises,0,0,0,0,0,0,0,2,0,0,0,0,2,1,False,False,Galleon Enterprises
galerie joaquin,0,0,0,0,0,0,0,1,1,0,0,0,2,2,False,True,GALERIE JOAQUIN
mags,0,0,0,0,0,0,0,2,0,0,0,0,2,1,False,False,MAGS
myhealth clinic,0,0,1,0,0,0,0,1,0,0,0,0,2,2,False,True,Myhealth Clinic
great image dear self,0,0,0,0,0,0,2,0,0,0,0,0,2,1,False,False,Great Image/Dear Self
mipanda,0,0,0,0,0,0,0,0,2,0,0,0,2,1,False,False,MIPANDA
buffalo wings n things,0,0,0,0,0,1,0,1,0,0,0,0,2,2,False,True,Buffalo Wings N' Things
daily detox,0,0,0,0,0,0,0,0,2,0,0,0,2,1,False,False,THE DAILY DETOX
spa signature,0,0,0,0,0,0,0,0,2,0,0,0,2,1,False,False,SPA SIGNATURE
amara shia jewelry,0,0,0,0,0,0,0,0,2,0,0,0,2,1,False,False,AMARA SHIA JEWELRY
amare la cucina,0,1,0,0,0,0,0,0,1,0,0,0,2,2,False,True,AMARE LA CUCINA
tech boy,0,0,0,0,0,0,0,0,2,0,0,0,2,1,False,False,TECH BOY
ccaf,0,0,0,0,0,0,0,0,0,0,2,0,2,1,False,False,CCAF
ultimate sandwich station,0,2,0,0,0,0,0,0,0,0,0,0,2,1,False,False,ULTIMATE SANDWICH STATION
ccaf gadget repair shop,0,0,0,0,0,0,0,0,2,0,0,0,2,1,False,False,CCAF GADGET REPAIR SHOP
amave,0,0,0,0,0,0,0,0,2,0,0,0,2,1,False,False,AMAVE
amazfit,0,0,0,0,0,0,0,0,2,0,0,0,2,1,False,False,AMAZFIT
wonder nails,0,0,0,0,0,0,0,0,2,0,0,0,2,1,False,False,WONDER NAILS
cd r king,0,0,0,0,0,0,0,0,0,0,0,2,2,1,False,False,CD-R KING
bee healthy lemon freshly squeezed juice,0,0,0,0,0,0,0,0,2,0,0,0,2,1,False,False,BEE HEALTHY LEMON FRESHLY SQUEEZED JUICE
bee choo origins,0,2,0,0,0,0,0,0,0,0,0,0,2,1,False,False,BEE CHOO ORIGINS
american bazaar,0,1,0,0,0,0,0,0,0,0,1,0,2,2,False,True,AMERICAN BAZAAR
bee choo origin wellness center,0,0,0,0,0,0,0,0,2,0,0,0,2,1,False,False,BEE CHOO ORIGIN WELLNESS CENTER
bee choo origin,0,0,0,0,0,1,0,1,0,0,0,0,2,2,False,True,Bee Choo Origin
american ribs and wings,0,0,0,0,0,0,0,0,2,0,0,0,2,1,False,False,AMERICAN RIBS AND WINGS
wk design,0,1,0,0,0,0,0,0,1,0,0,0,2,2,False,True,WK DESIGN
wiwu,0,0,0,0,0,0,0,0,2,0,0,0,2,1,False,False,WIWU
spa riviera,0,0,0,0,0,1,0,0,1,0,0,0,2,2,False,True,Spa Riviera
wonderland for kids,0,0,0,0,2,0,0,0,0,0,0,0,2,1,False,False,Wonderland for Kids
spex appeal,0,0,0,0,0,0,0,2,0,0,0,0,2,1,False,False,Spex Appeal
cassalleyah beauty products,0,0,0,0,2,0,0,0,0,0,0,0,2,1,False,False,Cassalleyah Beauty Products
technopop,0,0,0,0,1,1,0,0,0,0,0,0,2,2,False,True,Technopop
technomarine,0,1,0,0,0,0,0,0,1,0,0,0,2,2,False,True,TECHNOMARINE
souk london,0,0,0,0,2,0,0,0,0,0,0,0,2,1,False,False,Souk London
aloha ice cream shake,0,0,0,0,2,0,0,0,0,0,0,0,2,1,False,False,Aloha Ice Cream Shake
aloha palamig,0,0,0,0,2,0,0,0,0,0,0,0,2,1,False,False,Aloha Palamig
sunrays money exchange,0,1,0,0,0,0,0,1,0,0,0,0,2,2,False,True,SUNRAY'S MONEY EXCHANGE
u s polo assn,0,0,0,0,0,1,0,1,0,0,0,0,2,2,False,True,U.S. Polo Assn.
casa daza by chef sandy,0,2,0,0,0,0,0,0,0,0,0,0,2,1,False,False,CASA DAZA BY CHEF SANDY
casa daza empanada,0,1,0,0,0,0,0,1,0,0,0,0,2,2,False,True,CASA DAZA EMPANADA
danidoo,0,1,0,0,0,0,0,0,1,0,0,0,2,2,False,True,DANIDOO
bench fix lab,0,2,0,0,0,0,0,0,0,0,0,0,2,1,False,False,BENCH FIX LAB
techno planet,0,0,0,0,0,0,0,0,2,0,0,0,2,1,False,False,TECHNO PLANET
bench barbers,0,2,0,0,0,0,0,0,0,0,0,0,2,1,False,False,BENCH BARBERS
dalmore,0,0,0,0,0,2,0,0,0,0,0,0,2,1,False,False,The Dalmore
casa verde,0,1,0,0,0,0,0,0,1,0,0,0,2,2,False,True,CASA VERDE
workstation,0,2,0,0,0,0,0,0,0,0,0,0,2,1,False,False,WORKSTATION
southern sky travel and tours,0,0,0,0,0,0,0,1,1,0,0,0,2,2,False,True,Southern Sky Travel and Tours
alternative,0,0,0,0,0,0,0,2,0,0,0,0,2,1,False,False,The Alternative (OPEN)
techlife by realme,0,0,0,0,0,0,0,0,2,0,0,0,2,1,False,False,TECHLIFE BY REALME
beauty atelier,0,0,0,0,0,1,0,1,0,0,0,0,2,2,False,True,Beauty Atelier
beauty and butter,0,0,0,0,0,0,0,0,2,0,0,0,2,1,False,False,BEAUTY AND BUTTER
crescendo,0,0,0,0,0,0,0,0,2,0,0,0,2,1,False,False,CRESCENDO
wiijump trampoline park,0,0,1,0,0,1,0,0,0,0,0,0,2,2,False,True,Wiijump Trampoline Park
tapawan dental clinic,0,0,0,0,0,0,0,1,1,0,0,0,2,2,False,True,Tapawan Dental Clinic
unionbank atm,0,0,0,0,0,2,0,0,0,0,0,0,2,1,False,False,UnionBank ATM
crystal vu optical,0,0,0,0,0,0,0,0,0,0,2,0,2,1,False,False,Crystal Vu Optical
bbb car stickers,0,0,0,0,0,0,0,0,2,0,0,0,2,1,False,False,BBB CAR STICKERS
cell comport cellshop,0,0,0,0,0,0,0,0,2,0,0,0,2,1,False,False,CELL-COMPORT CELLSHOP
crustasia,0,0,0,0,0,2,0,0,0,0,0,0,2,1,False,False,Crustasia
tangfruits,0,0,0,0,0,1,1,0,0,0,0,0,2,2,False,True,TangFruits
crunch boneless fried chicken,0,0,0,0,0,0,0,0,2,0,0,0,2,1,False,False,THE CRUNCH BONELESS FRIED CHICKEN
white drip,0,0,0,0,0,0,0,0,2,0,0,0,2,1,False,False,THE WHITE DRIP
bay tal mal,0,0,0,0,0,0,0,1,1,0,0,0,2,2,False,True,BAY TAL MAL
crown park restaurant,0,0,0,0,0,0,0,1,1,0,0,0,2,2,False,True,Crown Park Restaurant
cell station,0,0,0,0,1,0,0,0,1,0,0,0,2,2,False,True,Cell Station
squeezy lemon,0,0,0,1,0,0,0,0,1,0,0,0,2,2,False,True,Squeezy Lemon
animal wellness,0,0,0,0,0,1,0,1,0,0,0,0,2,2,False,True,Animal Wellness
bathroom,0,0,0,0,0,0,2,0,0,0,0,0,2,1,False,False,Bathroom
cellcom,0,0,0,0,0,0,0,2,0,0,0,0,2,1,False,False,Cellcom
srixon,0,0,0,0,0,0,2,0,0,0,0,0,2,1,False,False,Srixon
cellcom world communications,0,0,0,0,0,0,0,0,2,0,0,0,2,1,False,False,CELLCOM WORLD COMMUNICATIONS
annie young,0,0,0,0,0,0,0,2,0,0,0,0,2,1,False,False,ANNIE YOUNG
bbq nation by the epicurious gastropub,0,0,0,0,0,0,0,0,2,0,0,0,2,1,False,False,BBQ NATION BY THE EPICURIOUS GASTROPUB
csl cut shave lounge,0,0,0,0,0,0,0,0,2,0,0,0,2,1,False,False,CSL CUT SHAVE LOUNGE
cebuana,0,0,0,0,0,0,1,1,0,0,0,0,2,2,False,True,Cebuana
ct zone,0,0,0,0,0,0,0,0,2,0,0,0,2,1,False,False,CT ZONE
cyma,0,0,0,0,0,1,0,1,0,0,0,0,2,2,False,True,Cyma
cebuana lhuiller,0,0,0,0,0,0,0,2,0,0,0,0,2,1,False,False,CEBUANA LHUILLER
cyberwidget,0,0,0,0,0,0,0,0,2,0,0,0,2,1,False,False,CYBERWIDGET
cybertech gaming,0,0,0,0,0,0,0,0,2,0,0,0,2,1,False,False,CYBERTECH GAMING
tastes from the greens,0,0,0,0,0,0,0,0,2,0,0,0,2,1,False,False,TASTES FROM THE GREENS
wingers unlimited,0,1,0,0,0,0,0,1,0,0,0,0,2,2,False,True,WINGERS UNLIMITED
cyber center,0,0,0,0,0,0,0,0,2,0,0,0,2,1,False,False,CYBER CENTER
taste of czaczacza cafe,0,0,0,0,0,0,0,0,2,0,0,0,2,1,False,False,THE TASTE OF CZACZACZA CAFE
cv cebu,0,0,0,0,0,0,0,0,2,0,0,0,2,1,False,False,CV CEBU
cutting edge,0,2,0,0,0,0,0,0,0,0,0,0,2,1,False,False,CUTTING EDGE
beanbag coffee,0,0,0,0,0,0,0,1,1,0,0,0,2,2,False,True,Beanbag Coffee
cuts for tots,0,0,0,0,0,2,0,0,0,0,0,0,2,1,False,False,Cuts For Tots
cut encarnacion,0,0,0,0,0,0,0,0,0,1,0,1,2,2,False,True,CUT ENCARNACION
sports warehouse,0,0,0,0,0,0,0,2,0,0,0,0,2,1,False,False,Sports Warehouse
sports zone,0,0,0,0,0,0,0,2,0,0,0,0,2,1,False,False,SPORTS ZONE
cupi,0,0,0,0,0,1,1,0,0,0,0,0,2,2,False,True,Cupi
wild flour,0,0,0,0,0,0,1,0,1,0,0,0,2,2,False,True,Wild Flour
cell act,0,0,0,0,0,0,0,0,2,0,0,0,2,1,False,False,CELL ACT
spud diner,0,0,0,0,0,0,0,0,2,0,0,0,2,1,False,False,THE SPUD DINER
allsports,0,0,0,0,0,0,0,0,0,2,0,0,2,1,False,False,ALLSPORTS
cartel,0,0,0,0,0,1,0,1,0,0,0,0,2,2,False,True,Cartel
twu,0,0,0,0,0,1,1,0,0,0,0,0,2,2,False,True,TWU (Things We Use)
thinkingtoolsmall,0,0,0,0,0,0,0,0,2,0,0,0,2,1,False,False,THINKINGTOOLSMALL
yakiniku like,0,0,0,0,0,0,0,0,2,0,0,0,2,1,False,False,YAKINIKU LIKE
snoq,0,0,0,0,0,0,0,0,2,0,0,0,2,1,False,False,SNOQ
true vision,0,2,0,0,0,0,0,0,0,0,0,0,2,1,False,False,TRUE VISION
yaki yaki sumo,0,0,1,0,0,0,0,0,1,0,0,0,2,2,False,True,Yaki Yaki Sumo
snowpy ice cream,0,0,0,0,1,0,0,1,0,0,0,0,2,2,False,True,Snowpy Ice Cream
dental lounge,0,0,0,0,0,0,0,0,2,0,0,0,2,1,False,False,THE DENTAL LOUNGE
aiko sushi,0,0,0,2,0,0,0,0,0,0,0,0,2,1,False,False,AIKO SUSHI
cafe janggeum,0,0,0,0,0,0,0,0,2,0,0,0,2,1,False,False,CAFE JANGGEUM
xtreme appliances,0,0,0,0,0,0,0,2,0,0,0,0,2,1,False,False,XTREME APPLIANCES
xtreme appliance,0,0,0,0,0,0,0,2,0,0,0,0,2,1,False,False,XTREME APPLIANCE
soban,0,2,0,0,0,0,0,0,0,0,0,0,2,1,False,False,SOBAN
tsokolateria,0,0,0,0,0,0,1,0,1,0,0,0,2,2,False,True,Tsokolateria
aj thai street food,0,0,1,0,0,0,0,1,0,0,0,0,2,2,False,True,Aj Thai Street Food
thaiwadee,0,0,0,0,0,0,0,1,1,0,0,0,2,2,False,True,THAIWADEE
biggs diner,0,1,0,0,0,0,0,1,0,0,0,0,2,2,False,True,BIGG'S DINER
denta care,0,0,0,0,0,2,0,0,0,0,0,0,2,1,False,False,Denta Care
thai bbq,0,0,0,0,0,0,2,0,0,0,0,0,2,1,False,False,Thai BBQ
bigbys restaurant,0,0,0,0,0,1,0,1,0,0,0,0,2,2,False,True,Bigby's Restaurant
cake miss,0,0,0,0,0,0,0,1,1,0,0,0,2,2,False,True,CAKE MISS
true religion,0,0,0,0,0,1,0,0,1,0,0,0,2,2,False,True,True Religion
sneakerlab,0,1,0,0,0,0,0,0,1,0,0,0,2,2,False,True,SNEAKERLAB
carry cellshop and accessories,0,0,0,0,0,0,0,0,0,0,2,0,2,1,False,False,Carry Cellshop And Accessories
dental world manila,0,0,0,0,0,0,0,0,2,0,0,0,2,1,False,False,DENTAL WORLD MANILA
aficionado perfume,0,0,0,0,0,0,0,0,0,2,0,0,2,1,False,False,AFICIONADO PERFUME
trollbeads,0,1,0,0,0,0,0,1,0,0,0,0,2,2,False,True,TROLLBEADS
thisplay inc,0,0,0,0,0,0,0,0,2,0,0,0,2,1,False,False,THISPLAY INC
smiles at 34th dental clinic,0,0,0,0,0,0,0,0,2,0,0,0,2,1,False,False,SMILES AT 34TH DENTAL CLINIC
deovir,0,0,0,0,0,0,0,0,2,0,0,0,2,1,False,False,DEOVIR
yards meters,0,0,0,0,0,0,0,0,2,0,0,0,2,1,False,False,YARDS METERS
yappari steak house,0,0,0,0,0,0,0,0,2,0,0,0,2,1,False,False,YAPPARI STEAK HOUSE
agara,0,0,0,0,0,0,0,2,0,0,0,0,2,1,False,False,AGARA
dentxp dental clinic,0,0,0,0,0,0,0,0,2,0,0,0,2,1,False,False,DENTXP DENTAL CLINIC
ca exhibit,0,0,0,0,0,0,0,0,0,0,0,2,2,1,False,False,CA EXHIBIT
bingo extravaganza,0,0,0,0,0,0,0,0,2,0,0,0,2,1,False,False,BINGO EXTRAVAGANZA
dentista nina juan,0,0,0,0,0,0,0,0,2,0,0,0,2,1,False,False,DENTISTA NINA JUAN
caerus specialty coffee bistro,0,0,0,0,0,0,0,0,2,0,0,0,2,1,False,False,CAERUS SPECIALTY COFFEE BISTRO
agsa medical service,0,0,0,0,0,0,0,1,1,0,0,0,2,2,False,True,AGSA MEDICAL SERVICE
aguahome,0,0,0,0,0,1,0,1,0,0,0,0,2,2,False,True,Aguahome
ahkie swirl,0,0,0,0,0,0,0,0,0,0,2,0,2,1,False,False,Ahkie Swirl
ahkie swirl station,0,0,0,0,0,0,0,0,2,0,0,0,2,1,False,False,AHKIE SWIRL STATION
sneaker kyler,0,0,0,0,0,1,0,0,1,0,0,0,2,2,False,True,Sneaker Kyler
bingo bayan,0,1,0,1,0,0,0,0,0,0,0,0,2,2,False,True,BINGO BAYAN
bigbucks money changer,0,0,0,0,0,0,0,0,0,0,2,0,2,1,False,False,Bigbucks Money Changer
tff,0,0,0,0,0,0,0,2,0,0,0,0,2,1,False,False,TFF
big shop,0,0,0,0,0,0,0,0,2,0,0,0,2,1,False,False,THE BIG SHOP
tex mex,0,0,0,0,0,0,0,0,2,0,0,0,2,1,False,False,TEX MEX
better barbers,0,0,0,0,0,0,0,0,2,0,0,0,2,1,False,False,BETTER BARBERS
teng roma,0,0,1,0,0,0,0,0,1,0,0,0,2,2,False,True,Teng Roma
de navelte,0,0,0,0,0,0,0,0,0,0,2,0,2,1,False,False,DE NAVELTE
candyup cotton candy,0,0,0,0,0,0,0,0,2,0,0,0,2,1,False,False,CANDYUP COTTON CANDY
best takoyaki,0,0,0,0,0,0,0,2,0,0,0,0,2,1,False,False,Best Takoyaki
aliya,0,0,0,0,2,0,0,0,0,0,0,0,2,1,False,False,Aliya
dd store,0,0,0,0,0,0,0,0,2,0,0,0,2,1,False,False,DD STORE
caps & things,1,0,0,0,0,0,0,1,0,0,0,0,2,2,False,True,CAPS & THINGS
caps things,0,0,0,0,0,0,0,0,2,0,0,0,2,1,False,False,CAPS THINGS
tempus,0,1,0,0,0,0,0,0,1,0,0,0,2,2,False,True,TEMPUS
all about you day spa,0,0,0,0,0,0,0,0,2,0,0,0,2,1,False,False,ALL ABOUT YOU DAY SPA
berovan,0,0,1,0,0,0,0,1,0,0,0,0,2,2,False,True,Berovan
wow mobile center,0,0,0,0,0,0,0,1,1,0,0,0,2,2,False,True,Wow Mobile Center
tela fabrica,0,0,0,0,0,0,0,0,2,0,0,0,2,1,False,False,TELA FABRICA
berntech,0,0,0,0,0,0,0,0,2,0,0,0,2,1,False,False,BERNTECH
alley,0,0,0,0,0,2,0,0,0,0,0,0,2,1,False,False,Alley
allhome,0,0,0,0,0,0,0,0,0,2,0,0,2,1,False,False,ALLHOME
twinline trading,0,0,0,0,0,0,0,0,2,0,0,0,2,1,False,False,TWINLINE TRADING
sophia jewellry,0,0,0,0,0,0,0,2,0,0,0,0,2,1,False,False,SOPHIA JEWELLRY
candy castle,0,0,0,0,0,0,0,2,0,0,0,0,2,1,False,False,Candy Castle
alert driving academy,0,0,0,0,0,0,0,1,1,0,0,0,2,2,False,True,ALERT DRIVING ACADEMY
x doria,0,0,0,0,0,0,0,0,2,0,0,0,2,1,False,False,X-DORIA
delco computer installation,0,0,0,0,0,0,0,0,0,0,2,0,2,1,False,False,Delco Computer Installation
teva,1,0,0,0,0,0,1,0,0,0,0,0,2,2,False,True,Teva
denimhub,0,0,0,0,0,0,0,2,0,0,0,0,2,1,False,False,DENIMHUB
society eight,0,0,0,0,0,0,0,2,0,0,0,0,2,1,False,False,Society Eight (Temporarily Closed)
california pizza kitchen,0,0,1,0,0,1,0,0,0,0,0,0,2,2,False,True,California Pizza Kitchen
delos reyes optical,0,1,0,0,0,0,0,0,1,0,0,0,2,2,False,True,DELOS REYES OPTICAL
tubo ko,0,0,0,0,0,0,0,0,2,0,0,0,2,1,False,False,TUBO KO
tudor,0,0,0,0,0,0,1,0,1,0,0,0,2,2,False,True,Tudor
tesda,0,0,0,0,0,0,0,2,0,0,0,0,2,1,False,False,TESDA
del mundo eye clinic,0,2,0,0,0,0,0,0,0,0,0,0,2,1,False,False,DEL MUNDO EYE CLINIC
soi,0,0,0,0,0,0,0,0,2,0,0,0,2,1,False,False,SOI
alba,0,0,0,0,0,0,2,0,0,0,0,0,2,1,False,False,ALBA
alberto g&g,0,1,0,0,0,0,0,1,0,0,0,0,2,2,False,True,ALBERTO / G&G
alberto shoes,0,0,0,0,0,0,0,2,0,0,0,0,2,1,False,False,Alberto Shoes
tung lok seafood,0,0,0,0,0,0,1,0,1,0,0,0,2,2,False,True,TUNG LOK SEAFOOD
decor,0,1,0,0,0,0,0,0,1,0,0,0,2,2,False,True,DECOR
teppanya bar resto,0,0,0,0,0,0,0,0,2,0,0,0,2,1,False,False,TEPPANYA BAR RESTO
dear self self portrait studio,0,0,0,0,0,0,0,0,2,0,0,0,2,1,False,False,DEAR SELF SELF PORTRAIT STUDIO
tenya,0,0,0,0,0,0,0,0,2,0,0,0,2,1,False,False,TENYA
bath origins,0,0,0,0,0,0,0,0,2,0,0,0,2,1,False,False,BATH ORIGINS
takoyummy,0,0,1,0,0,0,0,1,0,0,0,0,2,2,False,True,Takoyummy
bingo republic,0,0,0,0,0,0,0,2,0,0,0,0,2,1,False,False,Bingo Republic
chicken namnam,0,0,0,0,0,0,0,1,0,0,1,0,2,2,False,True,Chicken NamNam
coffee bean and tea leaf,0,0,1,0,0,0,0,1,0,0,0,0,2,2,False,True,Coffee Bean And Tea Leaf
vanity k,0,0,0,0,0,0,0,0,2,0,0,0,2,1,False,False,VANITY K
bag o shrimps,0,0,0,0,0,1,0,0,1,0,0,0,2,2,False,True,Bag O' Shrimps
strip & browhaus,0,2,0,0,0,0,0,0,0,0,0,0,2,1,False,False,STRIP & BROWHAUS
chiggys kessaku,0,0,0,0,2,0,0,0,0,0,0,0,2,1,False,False,Chiggy's Kessaku
asian derma,0,0,0,0,0,0,0,0,0,0,0,2,2,1,False,False,ASIAN DERMA
strip ministry of waxing,0,0,0,0,0,0,0,0,2,0,0,0,2,1,False,False,STRIP MINISTRY OF WAXING
asian eye institute,0,1,0,0,0,0,0,0,1,0,0,0,2,2,False,True,ASIAN EYE INSTITUTE
chimac chicken & beer,0,0,0,0,0,2,0,0,0,0,0,0,2,1,False,False,ChiMac Chicken & Beer
cocoichibanya,0,0,0,0,0,0,2,0,0,0,0,0,2,1,False,False,Cocoichibanya
vitos bbq,0,0,0,0,0,1,0,0,1,0,0,0,2,2,False,True,Vito's BBQ
asina mart,0,2,0,0,0,0,0,0,0,0,0,0,2,1,False,False,ASINA MART
studiomatic,0,0,0,0,0,2,0,0,0,0,0,0,2,1,False,False,Studiomatic
vitor tours and travel,0,0,0,0,0,0,0,0,2,0,0,0,2,1,False,False,VITOR TOURS AND TRAVEL
sushi box,0,0,0,0,0,0,0,0,1,0,1,0,2,2,False,True,THE SUSHI BOX
assi fresh,0,0,0,0,0,2,0,0,0,0,0,0,2,1,False,False,Assi Fresh
clydes breads & pastries,0,0,1,0,0,0,0,1,0,0,0,0,2,2,False,True,Clyde’s Breads & Pastries
stylash,0,0,0,1,0,0,0,1,0,0,0,0,2,2,False,True,Stylash
club synergy,0,0,0,0,0,0,0,0,2,0,0,0,2,1,False,False,CLUB SYNERGY
coffee buddy,0,0,0,0,0,0,0,2,0,0,0,0,2,1,False,False,COFFEE BUDDY
vanguard,0,0,0,0,0,0,0,0,2,0,0,0,2,1,False,False,VANGUARD
clinica manila,0,0,0,0,0,0,0,0,2,0,0,0,2,1,False,False,CLINICA MANILA
vpharma,0,0,0,0,0,0,0,1,1,0,0,0,2,2,False,True,VPHARMA
color bar,0,0,0,0,0,1,1,0,0,0,0,0,2,2,False,True,The Color Bar
bake my day,0,0,0,0,0,0,0,0,0,2,0,0,2,1,False,False,BAKE MY DAY
sweet n fancy,0,0,0,0,0,0,0,0,2,0,0,0,2,1,False,False,SWEET N' FANCY
coleman,0,0,0,0,0,0,0,1,1,0,0,0,2,2,False,True,Coleman
artisan emporium,0,0,0,0,0,0,1,0,1,0,0,0,2,2,False,True,Artisan Emporium
sweet kitchen house of desserts,0,0,0,0,0,0,0,0,2,0,0,0,2,1,False,False,SWEET KITCHEN HOUSE OF DESSERTS
stop n smile dental clinic,0,0,0,0,0,0,0,0,2,0,0,0,2,1,False,False,STOP N SMILE DENTAL CLINIC
chicago flame dog,0,0,0,0,0,1,0,1,0,0,0,0,2,2,False,True,Chicago Flame Dog
arya,0,0,0,0,0,0,1,1,0,0,0,0,2,2,False,True,Arya
w express,0,0,0,0,0,0,0,2,0,0,0,0,2,1,False,False,W Express
as lemonade station,0,0,0,0,0,0,0,1,1,0,0,0,2,2,False,True,AS LEMONADE STATION
chicha san chen,0,0,0,0,0,1,1,0,0,0,0,0,2,2,False,True,Chicha San Chen
ash letrato,0,0,0,0,0,0,0,2,0,0,0,0,2,1,False,False,Ash Letrato
coffee overdose,0,0,0,0,0,0,0,1,1,0,0,0,2,2,False,True,Coffee Overdose
coffee drop,0,0,0,0,0,1,0,1,0,0,0,0,2,2,False,True,Coffee Drop
chicken bacolod,0,2,0,0,0,0,0,0,0,0,0,0,2,1,False,False,CHICKEN BACOLOD
coffee dream plus,0,1,0,0,0,0,0,1,0,0,0,0,2,2,False,True,COFFEE DREAM PLUS
coffee corner,0,0,0,0,0,0,0,2,0,0,0,0,2,1,False,False,Coffee Corner
chicken charlie,0,0,0,0,2,0,0,0,0,0,0,0,2,1,False,False,Chicken Charlie
subscribers place,0,0,0,0,0,0,0,1,0,0,1,0,2,2,False,True,Subscriber's Place
vendo,0,0,0,1,1,0,0,0,0,0,0,0,2,2,False,True,VENDO
cellnote,0,2,0,0,0,0,0,0,0,0,0,0,2,1,False,False,CELLNOTE
b braun dialysis center,0,0,1,0,0,1,0,0,0,0,0,0,2,2,False,True,B.braun Dialysis Center
chongs siomai rice,0,1,0,0,0,0,0,0,1,0,0,0,2,2,False,True,CHONG’S SIOMAI RICE
autokicks ph,0,2,0,0,0,0,0,0,0,0,0,0,2,1,False,False,AUTOKICKS PH
citybites,0,0,0,0,0,0,0,0,2,0,0,0,2,1,False,False,CITYBITES
sumo takoyaki,0,0,0,0,0,0,0,0,2,0,0,0,2,1,False,False,SUMO TAKOYAKI
vervince,0,2,0,0,0,0,0,0,0,0,0,0,2,1,False,False,VERVINCE
automobile association of the philippines,0,2,0,0,0,0,0,0,0,0,0,0,2,1,False,False,AUTOMOBILE ASSOCIATION OF THE PHILIPPINES
chooks diner,0,0,0,0,0,1,0,1,0,0,0,0,2,2,False,True,Chooks Diner
sumosam,0,1,0,0,0,0,0,1,0,0,0,0,2,2,False,True,SUMOSAM
azb88 driving school,0,0,0,0,0,0,0,1,1,0,0,0,2,2,False,True,AZB88 Driving School
sun shop,0,0,0,1,0,0,0,0,0,0,0,1,2,2,False,True,The Sun Shop
citrus quenchers,0,0,0,0,0,0,0,1,1,0,0,0,2,2,False,True,Citrus Quenchers
via venetto,0,1,0,0,0,0,0,0,1,0,0,0,2,2,False,True,VIA VENETTO
victory church,0,0,0,0,0,0,2,0,0,0,0,0,2,1,False,False,Victory Church
sunspell,0,0,0,0,0,0,1,1,0,0,0,0,2,2,False,True,Sunspell
avon,1,0,0,0,0,0,0,1,0,0,0,0,2,2,False,True,AVON
sunnies cafe,0,1,0,0,0,0,0,0,1,0,0,0,2,2,False,True,SUNNIES CAFE
avo bravo,0,0,0,0,0,0,0,0,2,0,0,0,2,1,False,False,AVO BRAVO
sunnies studio,0,0,0,0,0,0,0,2,0,0,0,0,2,1,False,False,Sunnies Studio
chungchun rice corn dog,0,0,0,0,0,0,0,0,2,0,0,0,2,1,False,False,CHUNGCHUN RICE CORN DOG
sukiya,0,0,1,0,0,0,0,0,1,0,0,0,2,2,False,True,Sukiya
chocolates by nicole,0,0,0,0,0,0,0,0,2,0,0,0,2,1,False,False,CHOCOLATES BY NICOLE
suds laundry & dry cleaning services,0,2,0,0,0,0,0,0,0,0,0,0,2,1,False,False,SUDS LAUNDRY & DRY CLEANING SERVICES
ck underwear,0,1,0,0,0,0,0,0,1,0,0,0,2,2,False,True,CK UNDERWEAR
suellas the shoe laundry,0,0,0,0,0,0,0,0,2,0,0,0,2,1,False,False,SUELLAS THE SHOE LAUNDRY
cleanbean laundry and lounge,0,0,0,0,0,0,0,0,2,0,0,0,2,1,False,False,CLEANBEAN LAUNDRY AND LOUNGE
chinese beef noodles house,0,0,0,0,0,0,2,0,0,0,0,0,2,1,False,False,Chinese Beef Noodles House
clci cinemas,0,2,0,0,0,0,0,0,0,0,0,0,2,1,False,False,CLCI CINEMAS
vipro,0,0,0,0,0,0,0,0,2,0,0,0,2,1,False,False,VIPRO
sugarbee,0,1,0,0,0,0,0,0,1,0,0,0,2,2,False,True,SUGARBEE
venofye,0,0,0,0,0,0,0,0,2,0,0,0,2,1,False,False,VENOFYE
baan khun thai,0,0,0,0,0,1,0,0,1,0,0,0,2,2,False,True,Baan Khun Thai
chins,0,0,0,0,0,0,0,0,2,0,0,0,2,1,False,False,CHINS
chins express,0,0,0,1,0,0,0,0,1,0,0,0,2,2,False,True,CHIN'S EXPRESS
atoms philippines specialties,0,0,0,0,0,0,0,0,0,0,2,0,2,1,False,False,Atom's Philippines Specialties
augustus,0,0,0,0,0,0,0,2,0,0,0,0,2,1,False,False,Augustus
aula,0,0,0,0,0,0,0,0,2,0,0,0,2,1,False,False,AULA
supersam,0,0,0,0,0,1,1,0,0,0,0,0,2,2,False,True,Supersam
aurea pearls,0,1,0,0,0,0,1,0,0,0,0,0,2,2,False,True,AUREA PEARLS
chn cafe,0,0,0,0,0,0,0,0,2,0,0,0,2,1,False,False,CHN CAFÉ
chocful of nuts,0,0,0,0,0,0,1,1,0,0,0,0,2,2,False,True,Chocful Of Nuts
aurum,0,1,0,0,0,0,0,1,0,0,0,0,2,2,False,True,AURUM
superpark,0,0,0,0,0,2,0,0,0,0,0,0,2,1,False,False,SuperPark
bakebe,0,0,0,0,0,0,0,0,2,0,0,0,2,1,False,False,BAKEBE
baked puff ph,0,0,0,0,0,0,0,0,2,0,0,0,2,1,False,False,BAKED PUFF PH
colours digital foto,0,2,0,0,0,0,0,0,0,0,0,0,2,1,False,False,COLOURS DIGITAL FOTO
universal eyecheck,0,0,0,0,0,0,0,2,0,0,0,0,2,1,False,False,Universal Eyecheck
certified calm,0,1,0,0,0,0,0,0,1,0,0,0,2,2,False,True,CERTIFIED CALM
taho boy,0,1,0,0,0,0,0,1,0,0,0,0,2,2,False,True,TAHO BOY
anything creation,0,0,0,0,0,0,0,0,2,0,0,0,2,1,False,False,ANYTHING CREATION
wealthbank,0,1,0,0,0,1,0,0,0,0,0,0,2,2,False,True,WEALTHBANK
cotton on kids,0,1,0,0,0,0,0,1,0,0,0,0,2,2,False,True,COTTON ON KIDS
champas mexican grill and taqueria,0,0,0,0,0,0,0,0,2,0,0,0,2,1,False,False,CHAMPAS MEXICAN GRILL AND TAQUERIA
chantel collections,0,0,0,0,1,0,0,1,0,0,0,0,2,2,False,True,Chantel Collections
chapel,0,0,0,0,2,0,0,0,0,0,0,0,2,1,False,False,Chapel
chapes keto cakes,0,1,0,0,0,0,0,0,1,0,0,0,2,2,False,True,CHAPES KETO CAKES
cosmolash salon,0,0,0,0,0,0,0,0,2,0,0,0,2,1,False,False,COSMOLASH SALON
tactical specialist,0,1,0,0,0,0,0,1,0,0,0,0,2,2,False,True,TACTICAL SPECIALIST
chapters & pages,0,0,0,0,0,1,0,1,0,0,0,0,2,2,False,True,Chapters & Pages
chapters and pages,0,0,0,0,0,0,0,2,0,0,0,0,2,1,False,False,CHAPTERS AND PAGES
corrsys kitchen,0,0,0,0,0,0,0,0,2,0,0,0,2,1,False,False,CORRSYS KITCHEN
barcino wine resto bar,0,0,0,0,0,0,0,0,2,0,0,0,2,1,False,False,BARCINO WINE RESTO BAR
appe thai zing,0,0,0,0,0,0,0,0,2,0,0,0,2,1,False,False,APPE THAI-ZING
star frappe,0,0,0,0,0,0,0,1,0,0,0,1,2,2,False,True,Star Frappe
apple & eve,0,1,0,0,0,0,0,0,1,0,0,0,2,2,False,True,APPLE & EVE
t f f tarsier fried food,0,0,0,0,0,1,0,1,0,0,0,0,2,2,False,True,T.F.F Tarsier Fried Food
st jude optical clinic,0,1,0,0,0,0,0,1,0,0,0,0,2,2,False,True,ST. JUDE OPTICAL CLINIC
well point medical clinic and diagnostic center,0,0,0,0,0,0,0,0,2,0,0,0,2,1,False,False,WELL POINT MEDICAL CLINIC AND DIAGNOSTIC CENTER
art 68 coffee corner,0,0,0,0,0,0,0,0,2,0,0,0,2,1,False,False,ART 68 COFFEE CORNER
craft coffee revolution,0,0,0,0,0,0,0,0,2,0,0,0,2,1,False,False,CRAFT COFFEE REVOLUTION
batchoy king,0,0,0,0,2,0,0,0,0,0,0,0,2,1,False,False,Batchoy King
united coconut planters bank,0,1,0,0,0,0,0,0,1,0,0,0,2,2,False,True,UNITED COCONUT PLANTERS BANK
bata shoes,0,1,0,0,0,0,0,0,1,0,0,0,2,2,False,True,BATA SHOES
cellpod,0,1,0,0,0,0,0,0,1,0,0,0,2,2,False,True,CELLPOD
bata,0,0,1,0,0,0,0,0,1,0,0,0,2,2,False,True,BATA
takoyaki lab,0,0,0,0,0,0,0,2,0,0,0,0,2,1,False,False,TAKOYAKI LAB
takoyaki king,0,0,0,1,0,0,0,1,0,0,0,0,2,2,False,True,Takoyaki King
takoyaki empress,0,0,0,0,0,0,0,2,0,0,0,0,2,1,False,False,TAKOYAKI EMPRESS
cre8 salon premier,0,0,0,0,0,0,0,0,2,0,0,0,2,1,False,False,CRE8 SALON PREMIER
cre8 salon,0,1,0,0,0,0,0,1,0,0,0,0,2,2,False,True,CRE8 SALON
anta basketball,0,0,0,0,0,0,0,1,1,0,0,0,2,2,False,True,ANTA BASKETBALL
basil,0,1,0,0,0,0,0,0,1,0,0,0,2,2,False,True,BASIL
wellness plus,0,1,0,0,0,0,0,1,0,0,0,0,2,2,False,True,WELLNESS PLUS
crazy curry,0,0,0,0,0,0,0,1,1,0,0,0,2,2,False,True,CRAZY CURRY
baseus,0,0,0,0,0,0,0,0,2,0,0,0,2,1,False,False,BASEUS
basekamp,0,0,0,0,1,0,0,1,0,0,0,0,2,2,False,True,Basekamp
wellcare,0,0,0,0,0,0,0,0,0,0,2,0,2,1,False,False,Wellcare
crate barrel,0,0,0,0,0,0,0,0,2,0,0,0,2,1,False,False,CRATE BARREL
centrafone mobile corp,0,0,0,0,0,0,0,0,0,0,0,2,2,1,False,False,CENTRAFONE MOBILE CORP
star mobile,0,0,0,0,1,0,0,0,1,0,0,0,2,2,False,True,Star Mobile
aqua best,0,0,0,0,0,2,0,0,0,0,0,0,2,1,False,False,Aqua Best
urban gadgets,0,1,0,0,0,0,0,0,1,0,0,0,2,2,False,True,URBAN GADGETS
urban outfit,1,0,0,0,0,0,0,1,0,0,0,0,2,2,False,True,Urban Outfit
swisstech,0,0,0,0,0,0,0,2,0,0,0,0,2,1,False,False,Swisstech
concept computer,0,0,0,0,0,0,0,1,1,0,0,0,2,2,False,True,Concept Computer
steak station,0,0,0,1,0,1,0,0,0,0,0,0,2,2,False,True,STEAK STATION
ari beauty spa,0,0,0,0,0,0,0,0,2,0,0,0,2,1,False,False,ARI BEAUTY SPA
balayong bakery,0,0,0,0,0,0,0,1,1,0,0,0,2,2,False,True,Balayong Bakery
balay ilocos,0,0,0,0,0,0,0,0,2,0,0,0,2,1,False,False,BALAY ILOCOS
ari nails and spa,0,0,0,0,0,0,0,0,2,0,0,0,2,1,False,False,ARI NAILS AND SPA
compuware computer center,0,0,0,0,0,0,0,0,2,0,0,0,2,1,False,False,COMPUWARE COMPUTER CENTER
swiss gear,0,1,0,0,0,0,0,0,1,0,0,0,2,2,False,True,SWISS GEAR
uv care,0,0,0,0,0,0,0,1,1,0,0,0,2,2,False,True,UV Care
armani exchange,0,2,0,0,0,0,0,0,0,0,0,0,2,1,False,False,ARMANI EXCHANGE
commonwealth,0,1,0,0,0,0,0,0,1,0,0,0,2,2,False,True,COMMONWEALTH
common ground,0,2,0,0,0,0,0,0,0,0,0,0,2,1,False,False,COMMON GROUND
swirls,0,0,0,0,0,0,0,2,0,0,0,0,2,1,False,False,SWIRLS
stephens party depot,0,0,0,0,0,0,0,0,2,0,0,0,2,1,False,False,STEPHENS PARTY DEPOT
comic alley,0,0,0,0,1,0,0,0,1,0,0,0,2,2,False,True,Comic Alley
sweetisan,0,0,0,0,0,0,0,0,2,0,0,0,2,1,False,False,SWEETISAN
v,0,1,0,0,0,0,0,0,1,0,0,0,2,2,False,True,V!
sweetblooms,0,0,0,0,0,0,0,0,2,0,0,0,2,1,False,False,SWEETBLOOMS
switch,0,1,0,0,0,0,0,0,1,0,0,0,2,2,False,True,SWITCH
ussc service store,0,0,0,0,0,0,0,1,0,0,0,1,2,2,False,True,USSC SERVICE STORE
usams,0,0,0,0,0,0,0,1,1,0,0,0,2,2,False,True,USAMS
symmetry lab parfums,0,0,0,0,0,0,0,0,2,0,0,0,2,1,False,False,SYMMETRY LAB PARFUMS
urban outfits,0,1,0,0,0,0,0,1,0,0,0,0,2,2,False,True,URBAN OUTFITS
urban revivo,0,2,0,0,0,0,0,0,0,0,0,0,2,1,False,False,URBAN REVIVO
starbike,0,0,1,0,0,0,0,0,1,0,0,0,2,2,False,True,Starbike
coopers coffee haus,0,2,0,0,0,0,0,0,0,0,0,0,2,1,False,False,COOPER'S COFFEE HAUS
chef ala eh,0,0,0,0,0,0,0,1,1,0,0,0,2,2,False,True,Chef Ala Eh
urban roots,0,0,0,0,0,0,0,1,1,0,0,0,2,2,False,True,Urban Roots
aqua smartguard,0,0,0,0,0,0,0,0,2,0,0,0,2,1,False,False,AQUA SMARTGUARD
aquaflask kids,0,0,1,0,0,0,0,1,0,0,0,0,2,2,False,True,Aquaflask Kids
aquazorb,0,0,0,0,0,0,0,1,1,0,0,0,2,2,False,True,Aquazorb
cong caphe,0,0,0,0,0,1,0,1,0,0,0,0,2,2,False,True,Cong Caphe
wat pho thai massage,0,0,1,0,0,0,0,0,1,0,0,0,2,2,False,True,Wat Pho Thai Massage
starfrappe,0,0,0,0,1,0,0,1,0,0,0,0,2,2,False,True,Starfrappe
bambu,0,0,0,0,1,0,0,1,0,0,0,0,2,2,False,True,Bambu
contis bakeshop,0,0,0,1,0,0,0,1,0,0,0,0,2,2,False,True,Contis Bakeshop
consumer welfare desk,0,0,0,0,0,0,0,0,2,0,0,0,2,1,False,False,CONSUMER WELFARE DESK
aranaz,0,1,0,0,0,0,0,1,0,0,0,0,2,2,False,True,ARANAZ
washington,0,0,0,0,0,0,0,0,2,0,0,0,2,1,False,False,WASHINGTON
wash up laundry,0,0,0,0,0,0,0,2,0,0,0,0,2,1,False,False,Wash Up Laundry
smile designs,0,0,0,0,0,0,0,0,2,0,0,0,2,1,False,False,SMILE DESIGNS
alot barbero lokal,0,0,0,0,0,0,0,1,1,0,0,0,2,2,False,True,ALOT BARBERO LOKAL
sunny smiles station dental clinic,0,0,0,0,0,0,0,0,2,0,0,0,2,1,False,False,SUNNY SMILES STATION DENTAL CLINIC
skyzone,0,0,0,0,0,0,0,0,2,0,0,0,2,1,False,False,SKYZONE
dimensione,0,1,0,0,0,0,0,0,1,0,0,0,2,2,False,True,DIMENSIONE
2358 store,0,0,0,0,2,0,0,0,0,0,0,0,2,1,False,False,The 2358 Store
acqua suisse,0,0,0,0,2,0,0,0,0,0,0,0,2,1,False,False,Acqua Suisse
toll house,0,0,0,0,0,0,0,0,2,0,0,0,2,1,False,False,TOLL HOUSE
blu nektar,0,0,0,0,0,0,0,0,2,0,0,0,2,1,False,False,BLU NEKTAR
slimmers world,0,1,1,0,0,0,0,0,0,0,0,0,2,2,False,True,SLIMMERS WORLD
time avenue,0,0,0,0,0,0,0,1,1,0,0,0,2,2,False,True,Time Avenue
sledgers,0,1,0,0,0,0,0,0,1,0,0,0,2,2,False,True,SLEDGERS
zouyo cellphone accessories,0,0,0,0,0,0,0,0,2,0,0,0,2,1,False,False,ZOUYO CELLPHONE ACCESSORIES
dimsum frito,0,0,0,0,0,0,0,0,2,0,0,0,2,1,False,False,DIMSUM FRITO
bom gosto,0,0,0,0,0,1,0,0,1,0,0,0,2,2,False,True,Bom Gosto!
toyota,0,0,0,0,0,0,0,0,2,0,0,0,2,1,False,False,TOYOTA
brique,0,1,0,0,0,0,0,1,0,0,0,0,2,2,False,True,BRIQUE
abenson appliance,0,0,0,0,1,0,0,0,0,0,1,0,2,2,False,True,Abenson Appliance
bon appetea,0,0,0,0,1,0,0,0,1,0,0,0,2,2,False,True,Bon Appetea
bon banhmi,0,0,0,0,0,0,0,0,2,0,0,0,2,1,False,False,BON BANHMI
burger factory,0,0,0,0,0,0,0,0,0,0,0,2,2,1,False,False,BURGER FACTORY
yummy dumplings,0,0,0,0,0,0,0,0,2,0,0,0,2,1,False,False,YUMMY DUMPLINGS
time central,0,0,0,0,2,0,0,0,0,0,0,0,2,1,False,False,Time Central
tori yamu japanese bbq,0,0,0,0,0,0,0,0,2,0,0,0,2,1,False,False,TORI YAMU JAPANESE BBQ
yugen,0,0,0,0,0,0,0,1,1,0,0,0,2,2,False,True,YUGEN (9773649805)
siomai lab,0,0,0,0,0,0,0,1,1,0,0,0,2,2,False,True,SIOMAI LAB
yoressa,0,1,1,0,0,0,0,0,0,0,0,0,2,2,False,True,YORESSA
dough&grocer,0,0,0,0,0,0,2,0,0,0,0,0,2,1,False,False,Dough&Grocer
buko island,0,0,0,0,0,0,0,2,0,0,0,0,2,1,False,False,Buko Island
digital tunnel,0,0,0,0,0,0,0,0,2,0,0,0,2,1,False,False,DIGITAL TUNNEL
bodytech,0,0,0,0,0,0,0,2,0,0,0,0,2,1,False,False,Bodytech
ties that travel,0,0,0,0,0,0,0,0,2,0,0,0,2,1,False,False,TIES THAT TRAVEL
zubuchon,0,0,0,0,0,0,0,0,2,0,0,0,2,1,False,False,ZUBUCHON
sm development corporation,0,0,0,0,0,0,0,0,2,0,0,0,2,1,False,False,SM DEVELOPMENT CORPORATION
dumpling king,0,0,0,0,0,0,0,0,0,0,0,2,2,1,False,False,DUMPLING KING
digi store,0,0,0,0,0,0,0,2,0,0,0,0,2,1,False,False,DIGI-STORE
bootcamp,0,2,0,0,0,0,0,0,0,0,0,0,2,1,False,False,BOOTCAMP
sm consumer welfare desk,0,0,0,0,0,0,0,0,2,0,0,0,2,1,False,False,SM CONSUMER WELFARE DESK
toryanos chicken haus,0,0,0,0,1,0,0,0,1,0,0,0,2,2,False,True,Toryanos Chicken Haus
boho dreams handcrafts,0,0,0,0,0,0,0,0,2,0,0,0,2,1,False,False,BOHO DREAMS HANDCRAFTS
dough creamery,0,0,0,0,0,0,1,0,1,0,0,0,2,2,False,True,Dough Creamery
skin manila,0,0,0,0,0,1,0,0,1,0,0,0,2,2,False,True,Skin Manila
traffic footwear,0,0,0,0,0,0,0,0,2,0,0,0,2,1,False,False,TRAFFIC FOOTWEAR
8 cuts burger blends,0,0,0,0,0,0,0,0,2,0,0,0,2,1,False,False,8 CUTS BURGER BLENDS
digilock,0,1,0,0,0,0,0,0,1,0,0,0,2,2,False,True,DIGILOCK
buko bar,0,0,0,0,0,0,0,0,1,0,1,0,2,2,False,True,BUKO BAR
tooth in style dental clinic,0,0,0,0,0,0,0,0,2,0,0,0,2,1,False,False,TOOTH IN STYLE DENTAL CLINIC
zen zone,0,0,0,0,2,0,0,0,0,0,0,0,2,1,False,False,Zen Zone
buko frio,0,0,0,0,0,0,0,1,1,0,0,0,2,2,False,True,BUKO FRIO (NEW)
yole,0,0,0,0,0,0,0,2,0,0,0,0,2,1,False,False,Yole
briquito silvanas,0,1,0,0,0,0,0,0,1,0,0,0,2,2,False,True,BRIQUITO SILVANAS
breakfast at antonios,0,0,0,0,0,0,0,2,0,0,0,0,2,1,False,False,BREAKFAST AT ANTONIO'S
time concept,0,0,0,0,0,0,0,1,0,0,0,1,2,2,False,True,Time Concept
travel pros,0,0,0,0,0,0,0,0,2,0,0,0,2,1,False,False,TRAVEL PROS
top trust,0,0,0,0,0,0,0,1,0,0,0,1,2,2,False,True,Top Trust
dito,0,0,0,0,0,0,0,2,0,0,0,0,2,1,False,False,DITO
toho restaurant,0,0,0,0,0,0,0,0,2,0,0,0,2,1,False,False,TOHO RESTAURANT
dj jewelry shop,0,0,0,0,0,0,0,2,0,0,0,0,2,1,False,False,DJ JEWELRY SHOP
skl touch,0,0,0,0,0,0,0,0,2,0,0,0,2,1,False,False,SKL TOUCH
dream land,0,0,0,0,0,0,0,1,1,0,0,0,2,2,False,True,DREAM LAND
360 barbers & beauty,0,0,0,1,0,0,0,1,0,0,0,0,2,2,False,True,360 BARBERS & BEAUTY
time zone,0,0,0,0,0,0,0,2,0,0,0,0,2,1,False,False,TIME ZONE
blissful bali spa and aesthetic center,0,0,0,0,0,0,0,0,2,0,0,0,2,1,False,False,BLISSFUL BALI SPA AND AESTHETIC CENTER
sit relax,0,0,0,0,0,0,0,0,2,0,0,0,2,1,False,False,SIT RELAX
bulgogi brothers,0,0,0,0,0,1,0,0,1,0,0,0,2,2,False,True,Bulgogi Brothers
zig,0,0,0,0,0,0,0,1,1,0,0,0,2,2,False,True,ZIG
dra des kids dental clinic,0,0,0,0,0,0,0,0,2,0,0,0,2,1,False,False,DRA DES KIDS DENTAL CLINIC
bongbongs,0,0,0,0,0,0,0,2,0,0,0,0,2,1,False,False,Bongbong's (TEMPORARILY CLOSED)
accessorium,0,0,0,0,0,0,0,0,2,0,0,0,2,1,False,False,ACCESSORIUM
bukoman refreshment zone,0,0,0,0,0,0,0,0,2,0,0,0,2,1,False,False,BUKOMAN REFRESHMENT ZONE
360 tea shop,0,0,0,0,2,0,0,0,0,0,0,0,2,1,False,False,360° Tea Shop
timecheck watch repair,0,0,0,0,0,0,0,2,0,0,0,0,2,1,False,False,Timecheck Watch Repair
zia salon premier,0,0,0,0,0,0,0,0,2,0,0,0,2,1,False,False,ZIA SALON PREMIER
diy hardware,0,1,0,1,0,0,0,0,0,0,0,0,2,2,False,True,DIY HARDWARE
blessings copy center bookbinding services,0,0,0,0,0,0,0,0,2,0,0,0,2,1,False,False,BLESSINGS COPY CENTER BOOKBINDING SERVICES
token fun station,0,0,0,0,0,0,0,0,2,0,0,0,2,1,False,False,TOKEN FUN STATION
ac travel tours,0,0,0,0,0,0,0,0,2,0,0,0,2,1,False,False,AC TRAVEL TOURS
bum,0,0,0,0,1,0,0,1,0,0,0,0,2,2,False,True,BUM
ding how,0,1,0,0,0,0,0,1,0,0,0,0,2,2,False,True,DING HOW
skinplicity,0,0,0,0,0,0,0,0,2,0,0,0,2,1,False,False,SKINPLICITY
zoe scoop ice cream,0,0,0,0,0,0,0,0,2,0,0,0,2,1,False,False,ZOE SCOOP ICE CREAM
black canyon coffee,0,2,0,0,0,0,0,0,0,0,0,0,2,1,False,False,BLACK CANYON COFFEE
dr j specs,0,0,1,0,0,1,0,0,0,0,0,0,2,2,False,True,Dr. J Specs
buko republic,0,0,0,0,0,0,0,1,1,0,0,0,2,2,False,True,Buko Republic
black crust pizza co,0,0,0,0,0,0,0,0,2,0,0,0,2,1,False,False,BLACK CRUST PIZZA CO
skinlandia,0,0,0,0,0,1,0,0,1,0,0,0,2,2,False,True,SKINLANDIA
buko rocks,0,0,0,0,0,0,0,2,0,0,0,0,2,1,False,False,Buko Rocks
529 polish nail studio,0,0,0,0,0,0,0,0,2,0,0,0,2,1,False,False,529 POLISH NAIL STUDIO
dino paradise,0,0,0,0,0,0,0,2,0,0,0,0,2,1,False,False,Dino Paradise
528 ilawod cafe,0,0,0,0,0,0,0,0,2,0,0,0,2,1,False,False,528 ILAWOD CAFE
bonita,0,1,0,0,0,0,1,0,0,0,0,0,2,2,False,True,BONITA
brickyard lils hobby center,0,2,0,0,0,0,0,0,0,0,0,0,2,1,False,False,THE BRICKYARD / LILS HOBBY CENTER
treats of l a,0,0,0,0,2,0,0,0,0,0,0,0,2,1,False,False,Treats of L.A.
dreamwave hotel,0,0,0,0,0,0,0,0,0,0,0,2,2,1,False,False,DREAMWAVE HOTEL
treat street cafe,0,2,0,0,0,0,0,0,0,0,0,0,2,1,False,False,TREAT STREET CAFE
dreamwave,0,0,0,0,0,0,0,0,0,0,0,2,2,1,False,False,DREAMWAVE
2go travel,0,0,0,0,0,0,0,1,0,1,0,0,2,2,False,True,2GO TRAVEL
time square,0,0,0,0,0,1,0,1,0,0,0,0,2,2,False,True,Time Square
5 11 tactical series,0,2,0,0,0,0,0,0,0,0,0,0,2,1,False,False,5.11 TACTICAL SERIES
buko zone,0,0,0,0,0,0,0,1,1,0,0,0,2,2,False,True,BUKO ZONE
disneyworld travel & tours,0,0,0,0,0,0,0,0,0,0,2,0,2,1,False,False,DISNEYWORLD TRAVEL & TOURS
1984 barbershop & laser studio,0,2,0,0,0,0,0,0,0,0,0,0,2,1,False,False,1984 BARBERSHOP & LASER STUDIO
7c silver,0,0,0,0,0,0,0,2,0,0,0,0,2,1,False,False,7C Silver
3f watch,0,0,0,0,0,0,0,2,0,0,0,0,2,1,False,False,3F Watch
aesthetiq wellness and spa,0,0,0,0,0,0,0,0,2,0,0,0,2,1,False,False,AESTHETIQ WELLNESS AND SPA
simply skin,0,0,1,0,0,0,0,0,1,0,0,0,2,2,False,True,Simply Skin
dons original spanish churros,0,0,0,1,0,0,0,1,0,0,0,0,2,2,False,True,Don's Original Spanish Churros
tipsy pig,0,0,0,0,0,1,1,0,0,0,0,0,2,2,False,True,Tipsy Pig
a&r beauty,0,0,0,0,0,1,0,0,1,0,0,0,2,2,False,True,A&R Beauty
bobs footwear,0,0,0,0,0,0,0,0,0,0,0,2,2,1,False,False,BOB'S FOOTWEAR
blushing beauty,0,1,0,0,0,0,0,0,1,0,0,0,2,2,False,True,BLUSHING BEAUTY
brothers burger,0,2,0,0,0,0,0,0,0,0,0,0,2,1,False,False,BROTHER'S BURGER
smart suite,0,0,0,0,0,0,0,0,2,0,0,0,2,1,False,False,SMART SUITE
skin center,0,0,0,0,0,0,0,0,2,0,0,0,2,1,False,False,THE SKIN CENTER
bos shoes bags repair shop,0,0,0,0,0,0,0,0,2,0,0,0,2,1,False,False,BOS SHOES BAGS REPAIR SHOP
adidas brand center,0,2,0,0,0,0,0,0,0,0,0,0,2,1,False,False,ADIDAS BRAND CENTER
dondon yamagata,0,0,0,0,0,0,0,0,2,0,0,0,2,1,False,False,DONDON YAMAGATA
adelings native delicacies,0,0,0,0,0,0,0,0,0,0,2,0,2,1,False,False,Adelings Native Delicacies
tomiko mobile,0,0,0,0,0,0,0,0,2,0,0,0,2,1,False,False,TOMIKO MOBILE
dong won garden,0,0,0,0,0,0,0,0,2,0,0,0,2,1,False,False,DONG WON GARDEN
bos bistro,0,0,1,0,0,0,0,1,0,0,0,0,2,2,False,True,Bo’s Bistro
tribu,0,0,0,1,0,0,0,0,0,0,0,1,2,2,False,True,Tribu
smdc showroom,0,0,0,0,0,0,0,0,2,0,0,0,2,1,False,False,SMDC SHOWROOM
ticket 1,0,0,0,0,0,0,0,2,0,0,0,0,2,1,False,False,Ticket 1
adventureland,0,0,0,0,0,0,0,0,2,0,0,0,2,1,False,False,ADVENTURELAND
skin by ledeecia,0,0,0,0,0,0,0,0,2,0,0,0,2,1,False,False,SKIN BY LEDEECIA
browhaus,0,2,0,0,0,0,0,0,0,0,0,0,2,1,False,False,BROWHAUS
don don tei,0,0,0,0,0,0,1,1,0,0,0,0,2,2,False,True,Don Don Tei
yeobo korean corndog,0,0,0,0,0,0,0,2,0,0,0,0,2,1,False,False,YEOBO KOREAN CORNDOG
tonkotsu kazan ramen,0,0,1,0,0,0,0,0,1,0,0,0,2,2,False,True,Tonkotsu Kazan Ramen
skin body face station,0,0,0,0,0,0,0,0,2,0,0,0,2,1,False,False,"SKIN, BODY FACE STATION"
titanium mobile,0,0,0,0,0,0,0,0,2,0,0,0,2,1,False,False,TITANIUM MOBILE
dermorepubliq,0,0,0,0,0,0,0,0,2,0,0,0,2,1,False,False,DERMOREPUBLIQ
bubi trampoline,0,0,0,0,0,0,0,0,0,0,0,2,2,1,False,False,BUBI TRAMPOLINE
touch of wellness,0,0,0,0,2,0,0,0,0,0,0,0,2,1,False,False,Touch of Wellness
towelite,0,0,0,0,0,0,0,0,2,0,0,0,2,1,False,False,TOWELITE
bymp3 electronic gadget express,0,0,0,0,0,0,0,0,2,0,0,0,2,1,False,False,BYMP3 ELECTRONIC GADGET EXPRESS
simply pretty,0,0,0,0,0,0,0,2,0,0,0,0,2,1,False,False,Simply Pretty
dos pueblos,0,0,0,0,0,0,0,1,1,0,0,0,2,2,False,True,Dos Pueblos
smashing lemons lam heung ling,0,0,0,0,0,0,0,0,2,0,0,0,2,1,False,False,SMASHING LEMONS LAM HEUNG LING
bistro ocean city,0,0,0,0,0,1,0,0,1,0,0,0,2,2,False,True,Bistro Ocean City
addas,0,0,0,0,0,0,0,0,1,0,1,0,2,2,False,True,ADDAS
bouldering hive,0,1,0,0,0,0,1,0,0,0,0,0,2,2,False,True,BOULDERING HIVE
e & e takuyaki,0,0,0,0,0,0,0,2,0,0,0,0,2,1,False,False,E & E TAKUYAKI
yococo,0,0,0,0,0,0,0,2,0,0,0,0,2,1,False,False,YOCOCO
bistro rosarios cake out counter,0,0,0,0,0,0,0,0,2,0,0,0,2,1,False,False,BISTRO ROSARIOS CAKE-OUT COUNTER
dollar store,0,0,0,0,0,0,1,1,0,0,0,0,2,2,False,True,Dollar Store
bioderma,0,0,0,0,0,0,0,0,2,0,0,0,2,1,False,False,BIODERMA
donna chang,0,0,1,0,0,1,0,0,0,0,0,0,2,2,False,True,Donna Chang
zullo coffee and loaf,0,0,0,0,0,0,0,0,2,0,0,0,2,1,False,False,ZULLO COFFEE AND LOAF
a b d g,0,0,0,0,0,2,0,0,0,0,0,0,2,1,False,False,A.B.D.G.+
buzzz cafe,0,0,0,0,0,0,0,1,1,0,0,0,2,2,False,True,The Buzzz Cafe
touch & type,0,0,0,0,0,0,0,1,0,0,0,1,2,2,False,True,Touch & Type
1 smile city dental center,0,1,1,0,0,0,0,0,0,0,0,0,2,2,False,True,1 SMILE CITY DENTAL CENTER
dungan by kamay kainan,0,0,0,0,0,0,0,0,2,0,0,0,2,1,False,False,DUNGAN BY KAMAY KAINAN
yoga,0,0,0,0,0,0,0,0,2,0,0,0,2,1,False,False,YOGA
tripologie,1,0,0,0,0,1,0,0,0,0,0,0,2,2,False,True,Tripologie
abaca baking,0,2,0,0,0,0,0,0,0,0,0,0,2,1,False,False,ABACA BAKING
toni & guy,0,0,0,0,0,1,0,0,1,0,0,0,2,2,False,True,Toni & Guy
simple ride,0,0,0,0,0,0,0,0,2,0,0,0,2,1,False,False,SIMPLE RIDE
bistro charlemagne,0,2,0,0,0,0,0,0,0,0,0,0,2,1,False,False,BISTRO CHARLEMAGNE
bossman by dapper club,0,2,0,0,0,0,0,0,0,0,0,0,2,1,False,False,BOSSMAN BY DAPPER CLUB
brood,0,0,0,0,0,0,0,1,1,0,0,0,2,2,False,True,BROOD
topnet enterprise,0,0,0,0,0,0,0,0,1,0,0,0,1,1,False,False,TOPNET ENTERPRISE
ooma sushi bar,0,0,0,0,0,1,0,0,0,0,0,0,1,1,False,False,Ooma Sushi Bar
oppo play telecom,0,0,0,0,0,0,0,1,0,0,0,0,1,1,False,False,Oppo/Play Telecom
unlimted laundry services,0,0,0,0,0,0,0,0,1,0,0,0,1,1,False,False,UNLIMTED LAUNDRY SERVICES
oro shawarma rice company,0,1,0,0,0,0,0,0,0,0,0,0,1,1,False,False,ORO SHAWARMA RICE COMPANY
uno departmetn store minigem exhibit 37,0,0,0,0,0,0,0,0,0,0,0,1,1,1,False,False,UNO DEPARTMETN STORE MINIGEM EXHIBIT # 37 (STAIRWAY 1)
oppo premium,0,0,0,0,1,0,0,0,0,0,0,0,1,1,False,False,Oppo Premium
pedro pen buko,0,0,0,0,1,0,0,0,0,0,0,0,1,1,False,False,Pedro Pen Buko
ormocnet,0,0,0,0,0,0,0,1,0,0,0,0,1,1,False,False,Ormocnet
oro china premier,0,0,0,0,0,0,0,0,1,0,0,0,1,1,False,False,ORO CHINA PREMIER
topokis,0,0,0,0,0,0,0,0,1,0,0,0,1,1,False,False,TOPOKIS
perene cakes and pastries,0,0,0,0,0,0,0,1,0,0,0,0,1,1,False,False,PERENE CAKES AND PASTRIES
orlina dental clinic,0,0,0,0,0,0,0,0,0,0,1,0,1,1,False,False,ORLINA DENTAL CLINIC
oppo safariphone,0,0,0,0,0,0,0,1,0,0,0,0,1,1,False,False,Oppo/Safariphone
v maison,0,0,1,0,0,0,0,0,0,0,0,0,1,1,False,False,V Maison
totongs delicacies,0,1,0,0,0,0,0,0,0,0,0,0,1,1,False,False,TOTONG’S DELICACIES
oppo 9367318614,0,0,0,0,0,0,0,1,0,0,0,0,1,1,False,False,OPPO 9367318614 (OPEN)
tophealth medical clinics part of keralty clinics,0,0,0,0,0,0,0,0,1,0,0,0,1,1,False,False,TOPHEALTH MEDICAL CLINICS PART OF KERALTY CLINICS
oro saudi gold,0,0,0,0,0,0,0,1,0,0,0,0,1,1,False,False,ORO SAUDI GOLD
unnie manju,0,0,0,0,0,0,0,1,0,0,0,0,1,1,False,False,UNNIE MANJU
ophthal mix optical service,0,0,0,0,0,0,0,0,1,0,0,0,1,1,False,False,OPHTHAL-MIX OPTICAL SERVICE
perfect scoop,0,0,0,0,0,0,0,0,1,0,0,0,1,1,False,False,THE PERFECT SCOOP
uzumaki,0,0,1,0,0,0,0,0,0,0,0,0,1,1,False,False,Uzumaki
opis ni juan,0,0,0,0,0,0,0,1,0,0,0,0,1,1,False,False,Opis ni Juan
uy dental clinic,0,0,0,0,0,0,0,0,1,0,0,0,1,1,False,False,UY DENTAL CLINIC
top ten nails,0,0,0,0,0,0,0,1,0,0,0,0,1,1,False,False,Top Ten Nails
oro italia jewelry shop,0,0,0,0,1,0,0,0,0,0,0,0,1,1,False,False,Oro Italia Jewelry Shop
perfect pixel,0,0,0,0,0,0,0,1,0,0,0,0,1,1,False,False,Perfect Pixel
uno department store,0,0,0,0,0,0,0,0,0,0,0,1,1,1,False,False,UNO DEPARTMENT STORE
oro gold,0,0,0,0,1,0,0,0,0,0,0,0,1,1,False,False,Oro Gold
oro shawarma,0,0,0,0,0,0,0,1,0,0,0,0,1,1,False,False,ORO SHAWARMA
v abarintos vision center,0,0,0,0,0,0,0,0,1,0,0,0,1,1,False,False,V ABARINTOS VISION CENTER
uno department store jesus is best siomai house,0,0,0,0,0,0,0,0,0,0,0,1,1,1,False,False,UNO DEPARTMENT STORE JESUS IS BEST SIOMAI HOUSE
open kitchen,0,0,0,0,0,1,0,0,0,0,0,0,1,1,False,False,Open Kitchen
perfect pint,0,0,0,0,0,0,1,0,0,0,0,0,1,1,False,False,Perfect Pint
uv express,0,0,0,0,0,0,0,0,0,0,0,1,1,1,False,False,UV EXPRESS
peculiar eyewear,0,0,0,0,0,0,0,0,1,0,0,0,1,1,False,False,PECULIAR EYEWEAR
opatra,0,0,0,0,0,1,0,0,0,0,0,0,1,1,False,False,Opatra
oppo kiosk,1,0,0,0,0,0,0,0,0,0,0,0,1,1,False,False,OPPO KIOSK
perfect image,0,0,0,0,0,0,0,1,0,0,0,0,1,1,False,False,Perfect Image
totu,0,0,0,0,0,0,0,0,1,0,0,0,1,1,False,False,TOTU
uno adventure & holidays,0,0,0,0,0,1,0,0,0,0,0,0,1,1,False,False,Uno  Adventure & Holidays
urban concept,0,0,0,0,0,0,0,1,0,0,0,0,1,1,False,False,Urban Concept
oris,1,0,0,0,0,0,0,0,0,0,0,0,1,1,False,False,Oris
tortosa organic farm,0,1,0,0,0,0,0,0,0,0,0,0,1,1,False,False,TORTOSA ORGANIC FARM
urban pawz,0,0,0,0,0,0,0,0,1,0,0,0,1,1,False,False,URBAN PAWZ
oraderm care clinic,0,0,0,0,0,1,0,0,0,0,0,0,1,1,False,False,Oraderm Care Clinic
penshoppe beauche,0,0,0,0,0,0,0,0,0,0,0,1,1,1,False,False,PENSHOPPE Beauche
uppercuts barbershop,0,0,0,0,0,0,0,0,1,0,0,0,1,1,False,False,UPPERCUTS BARBERSHOP
v spa,0,0,1,0,0,0,0,0,0,0,0,0,1,1,False,False,V Spa
opulence cafe,0,0,0,0,0,0,1,0,0,0,0,0,1,1,False,False,Opulence Cafe
urban seoul,0,0,0,0,0,1,0,0,0,0,0,0,1,1,False,False,Urban Seoul
pera mpc,0,0,0,0,0,0,0,1,0,0,0,0,1,1,False,False,Pera MPC
options studios,0,0,0,0,0,1,0,0,0,0,0,0,1,1,False,False,Options Studios
toshiba,0,0,0,0,1,0,0,0,0,0,0,0,1,1,False,False,Toshiba
options boutique,0,0,0,0,0,1,0,0,0,0,0,0,1,1,False,False,Options Boutique
toris buco corner,0,0,0,0,0,0,0,0,1,0,0,0,1,1,False,False,TORIS BUCO CORNER
penguin,0,0,0,0,0,0,0,1,0,0,0,0,1,1,False,False,Penguin
toto kaloys bibingka,0,0,0,0,0,0,0,1,0,0,0,0,1,1,False,False,Toto Kaloy's Bibingka
tory burch,0,1,0,0,0,0,0,0,0,0,0,0,1,1,False,False,TORY BURCH
original all american,0,0,0,0,0,0,0,1,0,0,0,0,1,1,False,False,Original All American
originails,0,1,0,0,0,0,0,0,0,0,0,0,1,1,False,False,ORIGINAILS
uptown cinemas,0,0,0,0,0,1,0,0,0,0,0,0,1,1,False,False,Uptown Cinemas
orange factorie,0,1,0,0,0,0,0,0,0,0,0,0,1,1,False,False,ORANGE FACTORIE
orange karenderia,0,0,0,0,0,0,0,0,1,0,0,0,1,1,False,False,ORANGE KARENDERIA
penongs barbecue seafoods and grill,0,0,0,0,0,0,0,0,1,0,0,0,1,1,False,False,PENONGS BARBECUE SEAFOODS AND GRILL
tosh,0,0,0,0,0,0,0,1,0,0,0,0,1,1,False,False,TOSH
penn & paengs kakanin,0,0,0,0,0,0,0,1,0,0,0,0,1,1,False,False,PENN & PAENG'S KAKANIN
uptown cinemas snackbar,0,0,0,0,0,1,0,0,0,0,0,0,1,1,False,False,Uptown Cinemas - Snackbar
orange tea,0,0,1,0,0,0,0,0,0,0,0,0,1,1,False,False,Orange Tea
orbisos buko shake and juice center,0,0,0,0,0,0,0,0,1,0,0,0,1,1,False,False,ORBISOS BUKO SHAKE AND JUICE CENTER
orbitz pearl shake mini gem exhibit 12,0,0,0,0,0,0,0,0,0,0,0,1,1,1,False,False,ORBITZ PEARL SHAKE MINI GEM EXHIBIT #12( FC created space # 9 )
orells banana thins,0,0,0,0,0,0,0,0,1,0,0,0,1,1,False,False,ORELLS BANANA THINS
organail organic nail lounge spa,0,0,0,0,0,0,0,0,1,0,0,0,1,1,False,False,ORGANAIL ORGANIC NAIL LOUNGE SPA
organiko beverage shop,0,0,0,0,0,0,0,0,1,0,0,0,1,1,False,False,ORGANIKO BEVERAGE SHOP
oriental treasures,0,1,0,0,0,0,0,0,0,0,0,0,1,1,False,False,ORIENTAL TREASURES
urban tech,0,0,0,0,0,0,0,1,0,0,0,0,1,1,False,False,Urban Tech
original bakery,0,0,0,0,0,0,0,0,1,0,0,0,1,1,False,False,ORIGINAL BAKERY
optimum skin,0,0,0,0,0,1,0,0,0,0,0,0,1,1,False,False,Optimum Skin
peoples palace,0,1,0,0,0,0,0,0,0,0,0,0,1,1,False,False,PEOPLE'S PALACE
uno departmetn store minigem exhibit 39,0,0,0,0,0,0,0,0,0,0,0,1,1,1,False,False,UNO DEPARTMETN STORE MINIGEM EXHIBIT #39
peppermint 9352438904,0,0,0,0,0,0,0,1,0,0,0,0,1,1,False,False,Peppermint 9352438904
utharo san,0,0,0,0,0,0,0,1,0,0,0,0,1,1,False,False,UTHARO SAN
topokkiman,0,0,0,0,0,0,0,0,1,0,0,0,1,1,False,False,TOPOKKIMAN
ussc western union before,0,0,0,0,0,0,0,1,0,0,0,0,1,1,False,False,USSC -Western Union Before
toppoki man,0,1,0,0,0,0,0,0,0,0,0,0,1,1,False,False,TOPPOKI MAN
uno dept store,0,0,0,0,0,0,0,0,0,0,0,1,1,1,False,False,Uno Dept. Store
ussc western union,0,0,0,0,1,0,0,0,0,0,0,0,1,1,False,False,USSC / Western Union
tops sizzling,0,0,0,0,0,0,0,0,1,0,0,0,1,1,False,False,TOPS SIZZLING
oriental art home,0,1,0,0,0,0,0,0,0,0,0,0,1,1,False,False,ORIENTAL ART HOME
optical house,0,0,0,0,0,0,0,1,0,0,0,0,1,1,False,False,Optical House
pepd pampanga,0,0,0,0,0,0,0,0,1,0,0,0,1,1,False,False,PEPD PAMPANGA
torimomo,0,0,0,0,0,0,0,1,0,0,0,0,1,1,False,False,Torimomo
us polo,0,0,0,0,1,0,0,0,0,0,0,0,1,1,False,False,US Polo
optical shop,0,0,0,0,0,0,0,0,1,0,0,0,1,1,False,False,THE OPTICAL SHOP
upcycle manila,0,0,0,0,0,0,1,0,0,0,0,0,1,1,False,False,Upcycle Manila
peoples champorado,0,0,0,0,0,0,0,1,0,0,0,0,1,1,False,False,People's Champorado
ursabia dance studio,0,1,0,0,0,0,0,0,0,0,0,0,1,1,False,False,URSABIA DANCE STUDIO
pentagon dental,0,0,0,0,0,0,0,1,0,0,0,0,1,1,False,False,Pentagon Dental
urod barber shop,0,0,0,0,0,0,0,1,0,0,0,0,1,1,False,False,UROD BARBER SHOP
opticians by george,0,1,0,0,0,0,0,0,0,0,0,0,1,1,False,False,THE OPTICIANS BY GEORGE
urbidontics,0,1,0,0,0,0,0,0,0,0,0,0,1,1,False,False,URBIDONTICS
penshoppe hexi health,0,0,0,0,0,0,0,0,0,0,0,1,1,1,False,False,PENSHOPPE HEXI HEALTH
uno factory outlet passage way,0,0,0,0,0,0,0,0,0,0,0,1,1,1,False,False,UNO FACTORY OUTLET PASSAGE WAY
optika vision,0,0,0,0,1,0,0,0,0,0,0,0,1,1,False,False,Optika Vision
peking garden,0,1,0,0,0,0,0,0,0,0,0,0,1,1,False,False,PEKING GARDEN
original biscocho haus kiosk,0,0,0,0,0,0,0,1,0,0,0,0,1,1,False,False,Original Biscocho Haus Kiosk
optimo global,0,0,1,0,0,0,0,0,0,0,0,0,1,1,False,False,Optimo Global
uno lifestyle cafe,0,0,0,0,0,0,0,0,1,0,0,0,1,1,False,False,UNO LIFESTYLE CAFÉ
totobits streat food stall,0,0,0,0,0,0,0,0,1,0,0,0,1,1,False,False,TOTOBITS STREAT FOOD STALL
pedro the grocer,0,0,0,0,0,1,0,0,0,0,0,0,1,1,False,False,Pedro the Grocer
perfectly polished,0,0,0,0,0,0,0,1,0,0,0,0,1,1,False,False,Perfectly Polished
v store,0,0,0,0,0,0,0,0,1,0,0,0,1,1,False,False,V STORE
persian palate,0,1,0,0,0,0,0,0,0,0,0,0,1,1,False,False,PERSIAN PALATE
verde by villarosa,0,0,0,0,0,0,0,0,1,0,0,0,1,1,False,False,VERDE BY VILLAROSA
verdiamonds,0,0,0,0,0,0,1,0,0,0,0,0,1,1,False,False,Verdiamonds
old town barbrrshop,0,0,0,0,0,0,0,1,0,0,0,0,1,1,False,False,Old Town Barbrrshop
pet alley lounge,0,1,0,0,0,0,0,0,0,0,0,0,1,1,False,False,PET ALLEY LOUNGE
toocki,0,0,0,0,0,0,0,0,1,0,0,0,1,1,False,False,TOOCKI
old town barber shop,0,1,0,0,0,0,0,0,0,0,0,0,1,1,False,False,OLD TOWN BARBER SHOP
old soul bar beans,0,0,0,0,0,0,0,0,1,0,0,0,1,1,False,False,OLD SOUL BAR BEANS
old navy,0,1,0,0,0,0,0,0,0,0,0,0,1,1,False,False,OLD NAVY
verite,0,1,0,0,0,0,0,0,0,0,0,0,1,1,False,False,VERITE
pet bowtique and salon,0,0,0,0,0,0,0,1,0,0,0,0,1,1,False,False,Pet Bowtique And Salon
old moon studio,0,0,0,0,0,0,0,0,1,0,0,0,1,1,False,False,OLD MOON STUDIO
old manila coffee shop,0,0,0,0,0,0,0,0,0,0,0,1,1,1,False,False,OLD MANILA COFFEE SHOP
old manila coffee house,0,0,0,0,0,0,0,1,0,0,0,0,1,1,False,False,Old Manila Coffee House
pet corner,0,0,0,0,0,0,0,0,1,0,0,0,1,1,False,False,PET CORNER
ola by siesta,0,0,0,0,0,1,0,0,0,0,0,0,1,1,False,False,OLA by Siesta
okto,0,0,0,0,0,0,0,0,1,0,0,0,1,1,False,False,OKTO
toob oh treats,0,0,0,0,0,0,0,1,0,0,0,0,1,1,False,False,TOOB OH TREATS
pet family,0,0,1,0,0,0,0,0,0,0,0,0,1,1,False,False,Pet Family
tony & jackey beauty salon,0,0,1,0,0,0,0,0,0,0,0,0,1,1,False,False,Tony & Jackey Beauty Salon
venoyfe,0,0,1,0,0,0,0,0,0,0,0,0,1,1,False,False,Venoyfe
oldtown white coffee,0,0,0,0,0,1,0,0,0,0,0,0,1,1,False,False,OldTown White Coffee
va bene pasta deli,0,1,0,0,0,0,0,0,0,0,0,0,1,1,False,False,VA BENE PASTA DELI
venice creation,0,1,0,0,0,0,0,0,0,0,0,0,1,1,False,False,VENICE CREATION
olympic village 8564 9746,0,0,0,0,0,0,0,1,0,0,0,0,1,1,False,False,Olympic Village 8564-9746
tooth fairies dental clinic 511 4518,0,0,0,0,0,0,0,1,0,0,0,0,1,1,False,False,Tooth Fairies Dental Clinic (032)511-4518
olympic outlet,0,0,0,0,0,0,0,1,0,0,0,0,1,1,False,False,Olympic Outlet
olvis visa services,0,1,0,0,0,0,0,0,0,0,0,0,1,1,False,False,OLVIS VISA SERVICES
ollie bowls,0,0,0,0,0,0,0,1,0,0,0,0,1,1,False,False,OLLIE BOWLS (0921 843 2125)
vendo corp,0,0,0,0,0,0,0,0,0,0,0,1,1,1,False,False,VENDO CORP
olivia,0,0,0,0,0,0,0,1,0,0,0,0,1,1,False,False,Olivia
vendo machine,0,0,0,0,1,0,0,0,0,0,0,0,1,1,False,False,Vendo Machine
perple yam,0,0,0,0,0,0,0,1,0,0,0,0,1,1,False,False,PERPLE YAM
tooth doctor,0,0,0,0,0,0,0,1,0,0,0,0,1,1,False,False,THE TOOTH DOCTOR
vengo,0,0,1,0,0,0,0,0,0,0,0,0,1,1,False,False,Vengo
tools trading,0,0,0,0,0,0,0,1,0,0,0,0,1,1,False,False,Tool's Trading
olive garden,0,0,0,0,0,0,0,0,1,0,0,0,1,1,False,False,OLIVE GARDEN
olive fashion collection,0,0,0,0,0,0,0,1,0,0,0,0,1,1,False,False,Olive Fashion Collection
tool box,0,0,0,0,0,0,0,1,0,0,0,0,1,1,False,False,Tool Box
venice cineplex,0,0,0,0,0,1,0,0,0,0,0,0,1,1,False,False,Venice Cineplex
olinor accessories ca exhibits,0,0,0,0,0,0,0,0,0,0,0,1,1,1,False,False,Olinor Accessories (2.24 SQM) CA EXHIBITS ( PROPERTY PRO )
olfaction,0,1,0,0,0,0,0,0,0,0,0,0,1,1,False,False,OLFACTION
venice cineplex snackbar,0,0,0,0,0,1,0,0,0,0,0,0,1,1,False,False,Venice Cineplex - Snackbar
pet lover centre,0,0,0,0,0,0,0,1,0,0,0,0,1,1,False,False,Pet Lover Centre
verity restaurant,0,0,0,0,0,0,0,0,1,0,0,0,1,1,False,False,VERITY RESTAURANT
okonomi takoyaki,0,0,0,0,0,0,0,1,0,0,0,0,1,1,False,False,OKONOMI TAKOYAKI
ok bob,0,0,0,0,0,0,0,0,1,0,0,0,1,1,False,False,"OK, BOB"
peter john arts,0,0,0,0,0,0,0,0,1,0,0,0,1,1,False,False,PETER JOHN ARTS
oh tanghulu,0,0,0,0,0,0,0,0,1,0,0,0,1,1,False,False,OH TANGHULU
vets in practice,0,0,0,0,0,1,0,0,0,0,0,0,1,1,False,False,Vets In Practice
vgc pet grooming,0,0,0,0,0,0,0,1,0,0,0,0,1,1,False,False,VGC Pet Grooming
petes place,0,0,0,0,0,0,0,0,1,0,0,0,1,1,False,False,Pete's Place
oh my goodies,0,0,0,1,0,0,0,0,0,0,0,0,1,1,False,False,Oh My Goodies!
viande,0,0,0,0,0,0,1,0,0,0,0,0,1,1,False,False,Viande
vibes masage ca exhibits,0,0,0,0,0,0,0,0,0,0,0,1,1,1,False,False,VIBES MASAGE CA EXHIBITS ( PROPERTY PRO )
vibes massage 0933 862 4925,0,0,0,0,0,0,0,1,0,0,0,0,1,1,False,False,VIBES MASSAGE 0933-862-4925 (NEW)
vibes massage edilberto san diego food cart,0,0,0,0,0,0,0,0,0,0,0,1,1,1,False,False,VIBES MASSAGE EDILBERTO SAN DIEGO FOOD CART
vicaria,0,0,0,0,0,0,1,0,0,0,0,0,1,1,False,False,Vicaria
oh holiday apothecary,0,0,0,0,0,0,0,0,1,0,0,0,1,1,False,False,OH HOLIDAY APOTHECARY
toni & sergio,0,0,0,0,0,1,0,0,0,0,0,0,1,1,False,False,Toni & Sergio
oh georg,0,1,0,0,0,0,0,0,0,0,0,0,1,1,False,False,OH GEORG!
victoria farms,0,1,0,0,0,0,0,0,0,0,0,0,1,1,False,False,VICTORIA FARMS
victoria semi permanent makeup & beauty spa,0,1,0,0,0,0,0,0,0,0,0,0,1,1,False,False,VICTORIA SEMI PERMANENT MAKEUP & BEAUTY SPA
oglimen dental clinic,0,0,0,0,0,0,0,0,0,0,1,0,1,1,False,False,Oglimen Dental Clinic
victorias secret,0,0,0,0,0,0,0,0,1,0,0,0,1,1,False,False,VICTORIAS SECRET
victorious event organizer,0,0,0,0,0,0,0,0,0,0,0,1,1,1,False,False,VICTORIOUS EVENT ORGANIZER
oh waffles & crepes,0,0,0,0,0,0,0,1,0,0,0,0,1,1,False,False,OH! WAFFLES & CREPES
vespa,0,0,0,0,0,0,0,0,1,0,0,0,1,1,False,False,VESPA
petco,0,0,0,0,0,0,0,0,1,0,0,0,1,1,False,False,PETCO
verve,0,0,0,0,0,0,0,0,1,0,0,0,1,1,False,False,VERVE
pet lovers center,0,1,0,0,0,0,0,0,0,0,0,0,1,1,False,False,PET LOVERS CENTER
tonton tei takoyaki,0,0,0,0,0,0,0,1,0,0,0,0,1,1,False,False,Tonton Tei Takoyaki
versaphone,0,0,0,0,0,0,0,1,0,0,0,0,1,1,False,False,Versaphone
versus barcade,0,0,0,0,0,1,0,0,0,0,0,0,1,1,False,False,Versus Barcade
vertext,0,0,0,0,0,0,0,1,0,0,0,0,1,1,False,False,Vertext
ojo signature & kids,0,0,1,0,0,0,0,0,0,0,0,0,1,1,False,False,Ojo Signature & Kids
vertext handyphones,0,0,0,0,0,0,0,0,1,0,0,0,1,1,False,False,VERTEXT HANDYPHONES
pet perks,0,0,0,0,0,0,0,0,1,0,0,0,1,1,False,False,PET PERKS
tonkatsu aoki,0,0,0,0,0,1,0,0,0,0,0,0,1,1,False,False,Tonkatsu Aoki
toni and guy,0,1,0,0,0,0,0,0,0,0,0,0,1,1,False,False,TONI AND GUY
oishi manju,0,0,0,0,1,0,0,0,0,0,0,0,1,1,False,False,Oishi Manju
pet spot supplies and grooming center,0,0,0,0,0,0,0,0,1,0,0,0,1,1,False,False,PET SPOT SUPPLIES AND GROOMING CENTER
oishi maki,0,0,0,0,0,0,0,0,0,0,1,0,1,1,False,False,Oishi Maki
pet zafari,0,0,0,0,1,0,0,0,0,0,0,0,1,1,False,False,Pet Zafari
toni guy,0,0,0,0,0,0,0,0,1,0,0,0,1,1,False,False,TONI GUY
very important pets,0,0,0,0,0,1,0,0,0,0,0,0,1,1,False,False,Very Important Pets
oil paint store,1,0,0,0,0,0,0,0,0,0,0,0,1,1,False,False,THE OIL PAINT STORE
ohtako takoyaki,0,0,1,0,0,0,0,0,0,0,0,0,1,1,False,False,Ohtako Takoyaki
velandres notary public 0918 3533511,0,0,0,0,0,0,0,1,0,0,0,0,1,1,False,False,VELANDRES NOTARY PUBLIC 0918-3533511
perpetual help community cooperative,0,0,0,0,0,0,0,1,0,0,0,0,1,1,False,False,PERPETUAL HELP COMMUNITY COOPERATIVE
olympic village outlet,0,0,0,0,0,0,0,1,0,0,0,0,1,1,False,False,Olympic Village Outlet
perfumista,0,0,1,0,0,0,0,0,0,0,0,0,1,1,False,False,Perfumista
vamos,0,0,0,0,0,1,0,0,0,0,0,0,1,1,False,False,VAMOS
oneone shop,1,0,0,0,0,0,0,0,0,0,0,0,1,1,False,False,ONEONE SHOP
oneone,1,0,0,0,0,0,0,0,0,0,0,0,1,1,False,False,ONEONE
top brands jag tribal lee us polo assn,0,0,0,0,0,0,0,0,1,0,0,0,1,1,False,False,TOP BRANDS JAG TRIBAL LEE US POLO ASSN
perfect zone cellphone and accessories 9564672085,0,0,0,0,0,0,0,1,0,0,0,0,1,1,False,False,PERFECT ZONE CELLPHONE AND ACCESSORIES 9564672085
orocher jewellery store,0,0,0,0,0,0,0,0,1,0,0,0,1,1,False,False,OROCHER JEWELLERY STORE
perfectly polished nail salon and spa,0,0,0,0,0,0,0,0,1,0,0,0,1,1,False,False,PERFECTLY POLISHED NAIL SALON AND SPA
oneills irish pub,0,0,0,0,0,1,0,0,0,0,0,0,1,1,False,False,O'Neill's Irish Pub
perftech,0,0,0,0,0,0,0,0,1,0,0,0,1,1,False,False,PERFTECH
one zo,0,0,0,0,0,0,1,0,0,0,0,0,1,1,False,False,One Zo
vanilla skin 8293 0914 09171799064 temporarily closed,0,0,0,0,0,0,0,1,0,0,0,0,1,1,False,False,Vanilla Skin 8293-0914 / 09171799064 TEMPORARILY CLOSED
vanilla softi,0,0,0,0,0,0,0,0,1,0,0,0,1,1,False,False,VANILLA SOFTI
vanity circle salon 8293 0914,0,0,0,0,0,0,0,1,0,0,0,0,1,1,False,False,Vanity Circle Salon 8293-0914 /
top brands,0,0,0,1,0,0,0,0,0,0,0,0,1,1,False,False,Top Brands
perfumery bar,0,0,0,1,0,0,0,0,0,0,0,0,1,1,False,False,The Perfumery Bar
vans outlet,0,0,0,0,0,0,0,1,0,0,0,0,1,1,False,False,VANS OUTLET
top & bottom,0,1,0,0,0,0,0,0,0,0,0,0,1,1,False,False,TOP & BOTTOM
one up,0,0,0,0,0,0,0,1,0,0,0,0,1,1,False,False,One Up (World Balance)
one stop food shop,0,1,0,0,0,0,0,0,0,0,0,0,1,1,False,False,ONE STOP FOOD SHOP
valsinni bridal salon,0,0,0,0,0,0,0,0,1,0,0,0,1,1,False,False,VALSINNI BRIDAL SALON
perfect smile dental clinic,0,0,0,0,0,0,0,1,0,0,0,0,1,1,False,False,Perfect Smile Dental Clinic
onezo tapioca,0,0,0,0,0,0,0,0,1,0,0,0,1,1,False,False,ONEZO TAPIOCA
valentino santos,0,0,0,0,0,0,0,0,0,0,0,1,1,1,False,False,VALENTINO SANTOS
ookit enterprises,0,0,0,0,0,0,0,0,1,0,0,0,1,1,False,False,OOKIT ENTERPRISES
vacations to go,0,0,0,0,0,0,0,1,0,0,0,0,1,1,False,False,Vacations To Go
perfect scoop 9956697833,0,0,0,0,0,0,0,1,0,0,0,0,1,1,False,False,The Perfect Scoop 9956697833
ooh cha,0,0,0,0,0,0,0,1,0,0,0,0,1,1,False,False,Ooh Cha
vaccination site,0,0,0,0,0,1,0,0,0,0,0,0,1,1,False,False,Vaccination Site
perfect shot,0,0,0,0,0,0,0,0,1,0,0,0,1,1,False,False,PERFECT SHOT
onoodles,0,0,0,0,0,0,0,0,0,0,0,1,1,1,False,False,O'Noodles
vacheron constantin,0,1,0,0,0,0,0,0,0,0,0,0,1,1,False,False,VACHERON CONSTANTIN
online travel express,0,0,0,0,0,0,0,1,0,0,0,0,1,1,False,False,ONLINE TRAVEL EXPRESS
top breed,0,1,0,0,0,0,0,0,0,0,0,0,1,1,False,False,TOP BREED
top nails,0,0,0,0,0,1,0,0,0,0,0,0,1,1,False,False,Top Nails
perfect sight eye center,0,0,0,0,0,0,0,0,1,0,0,0,1,1,False,False,PERFECT SIGHT EYE CENTER
valera dental center,0,0,0,0,0,0,0,0,1,0,0,0,1,1,False,False,VALERA DENTAL CENTER
top n dog,0,0,0,0,0,0,0,0,1,0,0,0,1,1,False,False,TOP N DOG
valledens,0,0,0,0,0,0,0,1,0,0,0,0,1,1,False,False,Valleden's
onisasa,0,0,0,0,0,1,0,0,0,0,0,0,1,1,False,False,Onisasa
perfect smile,0,0,0,0,0,0,0,0,1,0,0,0,1,1,False,False,PERFECT SMILE
valsinni 9174976004,0,0,0,0,0,0,0,1,0,0,0,0,1,1,False,False,Valsinni 9174976004
one pot shabu shabu restaurant,0,0,0,0,0,0,0,0,1,0,0,0,1,1,False,False,ONE POT SHABU-SHABU RESTAURANT
one network bank,0,0,0,0,1,0,0,0,0,0,0,0,1,1,False,False,One Network Bank (ATM)
omair cellphone accessories,0,0,0,0,0,0,0,0,0,0,0,1,1,1,False,False,OMAIR CELLPHONE ACCESSORIES
toothville,0,0,0,0,0,0,0,1,0,0,0,0,1,1,False,False,TOOTHVILLE
vavavoom,0,1,0,0,0,0,0,0,0,0,0,0,1,1,False,False,VAVAVOOM
omniverse museum,0,1,0,0,0,0,0,0,0,0,0,0,1,1,False,False,OMNIVERSE MUSEUM
vaxcen bakuna center,0,0,0,0,0,0,0,0,1,0,0,0,1,1,False,False,VAXCEN BAKUNA CENTER
perk up coffee,0,0,0,0,0,0,0,1,0,0,0,0,1,1,False,False,Perk Up Coffee
vcf,0,0,1,0,0,0,0,0,0,0,0,0,1,1,False,False,Vcf
omg oh my gifts shop,0,0,0,0,0,0,0,1,0,0,0,0,1,1,False,False,OMG! Oh My Gifts! Shop
vcf kids church,0,0,1,0,0,0,0,0,0,0,0,0,1,1,False,False,Vcf Kids Church
omg milk shake,0,0,1,0,0,0,0,0,0,0,0,0,1,1,False,False,Omg Milk Shake
omf literature 0925 722 9638,0,0,0,0,0,0,0,1,0,0,0,0,1,1,False,False,OMF LITERATURE 0925-722-9638
omf literature,0,0,0,0,0,0,0,1,0,0,0,0,1,1,False,False,OMF Literature
omf lit bookshop,0,0,0,0,0,0,0,0,1,0,0,0,1,1,False,False,OMF LIT BOOKSHOP
vclub vending machine,0,0,0,0,0,1,0,0,0,0,0,0,1,1,False,False,VClub Vending Machine
ombre salon,0,1,0,0,0,0,0,0,0,0,0,0,1,1,False,False,OMBRE SALON
ve eusebio skin center,0,0,0,0,0,0,0,0,1,0,0,0,1,1,False,False,VE EUSEBIO SKIN CENTER
omberry,0,0,0,0,0,0,0,1,0,0,0,0,1,1,False,False,Omberry
omayah,0,0,0,0,0,0,0,1,0,0,0,0,1,1,False,False,Omayah
omar umpar exhibit,0,0,0,0,0,0,0,0,0,0,0,1,1,1,False,False,OMAR UMPAR EXHIBIT
veger,0,0,0,0,0,0,0,0,1,0,0,0,1,1,False,False,VEGER
omar umpar,0,0,0,0,0,0,0,0,0,0,0,1,1,1,False,False,OMAR UMPAR
vault card shop,0,1,0,0,0,0,0,0,0,0,0,0,1,1,False,False,VAULT CARD SHOP
tooth saver avenue dental clinic co,0,0,0,0,0,0,0,1,0,0,0,0,1,1,False,False,Tooth Saver Avenue Dental Clinic Co.
omotenashi ramen restaurant,0,1,0,0,0,0,0,0,0,0,0,0,1,1,False,False,OMOTENASHI RAMEN RESTAURANT
toothfix,0,0,0,0,0,0,0,1,0,0,0,0,1,1,False,False,Toothfix
one life,0,0,0,0,0,0,1,0,0,0,0,0,1,1,False,False,One Life
one fine pictures,0,0,0,0,0,0,0,1,0,0,0,0,1,1,False,False,One Fine Pictures
vape depot philippines,0,0,0,0,0,0,0,1,0,0,0,0,1,1,False,False,VAPE DEPOT PHILIPPINES
one blue moo cafe,0,0,0,0,0,0,0,1,0,0,0,0,1,1,False,False,One Blue Moo Cafe
one audio acoustics,0,0,0,0,0,0,0,1,0,0,0,0,1,1,False,False,One Audio Acoustics
vape warehouse,0,0,0,0,0,1,0,0,0,0,0,0,1,1,False,False,Vape Warehouse
on the go shawarma & pies,0,0,0,0,0,0,0,1,0,0,0,0,1,1,False,False,ON THE GO SHAWARMA & PIES
on stage school for the arts,0,0,0,0,0,0,0,1,0,0,0,0,1,1,False,False,ON STAGE SCHOOL FOR THE ARTS
peri peri 8366 5928 09664010054,0,0,0,0,0,0,0,1,0,0,0,0,1,1,False,False,Peri Peri 8366-5928 / 09664010054
peri peri charcoal chiken & sauce bar,0,0,0,1,0,0,0,0,0,0,0,0,1,1,False,False,Peri-peri Charcoal Chiken & Sauce Bar
on stage,1,0,0,0,0,0,0,0,0,0,0,0,1,1,False,False,ON STAGE
on,0,0,0,0,0,0,0,0,1,0,0,0,1,1,False,False,ON
vapor station,0,1,0,0,0,0,0,0,0,0,0,0,1,1,False,False,VAPOR STATION
varacco,0,0,0,0,0,0,0,0,1,0,0,0,1,1,False,False,VARACCO
varda flame grill,0,0,0,0,0,0,0,0,0,1,0,0,1,1,False,False,VARDA FLAME GRILL
tooth welcare dental clinic,0,0,0,0,1,0,0,0,0,0,0,0,1,1,False,False,Tooth Welcare Dental Clinic
tooth welcare,0,0,0,0,1,0,0,0,0,0,0,0,1,1,False,False,Tooth Welcare
tooth spa dental clinic,0,0,0,0,0,0,0,1,0,0,0,0,1,1,False,False,Tooth Spa Dental Clinic
oro talia,0,0,0,0,0,0,0,1,0,0,0,0,1,1,False,False,Oro Talia
trish and trin,0,0,0,0,0,0,0,1,0,0,0,0,1,1,False,False,Trish and Trin
unlimited manila,0,0,0,0,0,0,0,1,0,0,0,0,1,1,False,False,UNLIMITED MANILA (9262228122)
twelve 28th cafe,0,0,0,0,0,0,1,0,0,0,0,0,1,1,False,False,The Twelve 28th Café
panerai,0,1,0,0,0,0,0,0,0,0,0,0,1,1,False,False,PANERAI
turks 995450011,0,0,0,0,0,0,0,1,0,0,0,0,1,1,False,False,TURKS 995450011
paws fins & tails,0,0,0,0,0,1,0,0,0,0,0,0,1,1,False,False,Paws Fins & Tails
pandayan temp stockroom,0,0,0,0,0,0,0,0,0,0,0,1,1,1,False,False,PANDAYAN TEMP. STOCKROOM
paws unlimited,0,0,0,0,0,0,1,0,0,0,0,0,1,1,False,False,Paws Unlimited
pandayan prescripto,0,0,0,0,0,0,0,0,0,0,0,1,1,1,False,False,Pandayan Prescripto
pawssentials pet store,0,0,0,0,0,0,0,0,1,0,0,0,1,1,False,False,PAWSSENTIALS PET STORE
turks sharwarma,0,0,0,0,0,0,0,1,0,0,0,0,1,1,False,False,TURKS SHARWARMA
tres filipino twist,0,0,0,0,0,0,0,1,0,0,0,0,1,1,False,False,TRES FILIPINO TWIST
turks shawarma 9328426548,0,0,0,0,0,0,0,1,0,0,0,0,1,1,False,False,Turks Shawarma 9328426548
turn on,0,0,0,0,0,0,0,1,0,0,0,0,1,1,False,False,Turn On
pandayan myphone,0,0,0,0,0,0,0,0,0,0,0,1,1,1,False,False,PANDAYAN MYPHONE
pandayan bookstore,0,0,0,0,0,0,0,0,0,0,0,1,1,1,False,False,PANDAYAN BOOKSTORE
tres,0,0,0,0,0,0,0,0,1,0,0,0,1,1,False,False,TRES
tutanes dental,0,0,0,0,0,0,0,1,0,0,0,0,1,1,False,False,Tutanes Dental
pandayan bookshop mr donut,0,0,0,0,0,0,0,0,0,0,0,1,1,1,False,False,PANDAYAN BOOKSHOP MR. DONUT
pandayan bookshop,0,0,0,0,0,0,0,0,0,0,0,1,1,1,False,False,PANDAYAN BOOKSHOP
pandayan book shop,0,0,0,1,0,0,0,0,0,0,0,0,1,1,False,False,PANDAYAN BOOK SHOP
tutti,0,0,0,0,0,0,0,0,1,0,0,0,1,1,False,False,TUTTI
turks 9175677006,0,0,0,0,0,0,0,1,0,0,0,0,1,1,False,False,TURKS 9175677006
panero,0,0,0,0,0,0,0,1,0,0,0,0,1,1,False,False,PANERO
treskuleros records trading,1,0,0,0,0,0,0,0,0,0,0,0,1,1,False,False,TRESKULEROS RECORDS TRADING
papatoks food hub,0,0,0,0,0,0,0,0,1,0,0,0,1,1,False,False,PAPATOK'S FOOD HUB
tuguegarao co events space,0,0,0,0,0,0,0,1,0,0,0,0,1,1,False,False,TUGUEGARAO CO-EVENTS SPACE
tresor rare,0,0,0,0,0,0,0,1,0,0,0,0,1,1,False,False,TRESOR RARE
tulip garden showroom,0,0,0,0,0,1,0,0,0,0,0,0,1,1,False,False,Tulip Garden Showroom
papelemento visual arts and scenography,0,0,0,0,0,0,0,0,1,0,0,0,1,1,False,False,PAPELEMENTO VISUAL ARTS AND SCENOGRAPHY
tulua cafe,0,0,0,0,0,0,0,0,1,0,0,0,1,1,False,False,TULUA CAFÉ
tuna by chonas,0,0,0,0,0,0,0,0,1,0,0,0,1,1,False,False,TUNA BY CHONAS
tuna express by holy halo,0,0,0,0,0,0,0,1,0,0,0,0,1,1,False,False,Tuna Express by Holy Halo
paul smith,0,1,0,0,0,0,0,0,0,0,0,0,1,1,False,False,PAUL SMITH
tuna republik,0,0,0,0,0,0,0,0,1,0,0,0,1,1,False,False,TUNA REPUBLIK
panulce,0,0,0,0,0,0,0,1,0,0,0,0,1,1,False,False,Panulce
papa kebs shawarma and kebab,0,0,0,0,0,0,0,0,1,0,0,0,1,1,False,False,PAPA KEBS SHAWARMA AND KEBAB
paotsin temporarily closed,0,0,0,0,0,0,0,1,0,0,0,0,1,1,False,False,PAOTSIN TEMPORARILY CLOSED
tunes corner,0,0,0,0,0,0,0,1,0,0,0,0,1,1,False,False,TUNE'S CORNER
pao tsin specialties,0,0,0,0,0,0,0,0,1,0,0,0,1,1,False,False,PAO TSIN SPECIALTIES
turkish grille plus,0,0,0,0,0,0,0,0,1,0,0,0,1,1,False,False,TURKISH GRILLE PLUS
paw station,0,0,0,0,0,1,0,0,0,0,0,0,1,1,False,False,The Paw Station
pawchester,0,0,0,0,0,0,1,0,0,0,0,0,1,1,False,False,Pawchester
turks 0966 178 6279,0,0,0,0,0,0,0,1,0,0,0,0,1,1,False,False,Turks 📲 0966-178-6279
tw steel,0,1,0,0,0,0,0,0,0,0,0,0,1,1,False,False,TW STEEL
panco cafe,0,0,0,0,0,0,0,0,1,0,0,0,1,1,False,False,PANCO CAFÉ
paper bunny,0,0,0,0,0,1,0,0,0,0,0,0,1,1,False,False,The Paper Bunny
twelve plus,0,0,0,0,0,0,0,1,0,0,0,0,1,1,False,False,TWELVE PLUS
palpitate ph,0,0,0,0,0,0,0,0,1,0,0,0,1,1,False,False,PALPITATE PH
palpitate coffee,0,0,0,0,0,0,0,1,0,0,0,0,1,1,False,False,PALPITATE COFFEE
payless shoe source,1,0,0,0,0,0,0,0,0,0,0,0,1,1,False,False,PAYLESS SHOE SOURCE
palawan swing,0,0,0,0,0,0,0,1,0,0,0,0,1,1,False,False,PALAWAN SWING
palawan pearls & souvenirs,0,0,0,0,0,0,0,1,0,0,0,0,1,1,False,False,PALAWAN PEARLS & SOUVENIRS
twins playhouse,0,0,0,0,0,0,0,1,0,0,0,0,1,1,False,False,Twin's Playhouse
palawan express pera padala,0,0,0,0,0,0,0,0,0,0,1,0,1,1,False,False,Palawan Express Pera Padala
twintext,0,0,0,0,0,0,0,1,0,0,0,0,1,1,False,False,Twintext
trend tech cctv trading,0,0,0,0,0,0,0,1,0,0,0,0,1,1,False,False,Trend Tech CCTV Trading
payless shoe store,0,0,0,0,0,0,0,1,0,0,0,0,1,1,False,False,Payless Shoe Store
tree shade spa,0,1,0,0,0,0,0,0,0,0,0,0,1,1,False,False,TREE SHADE SPA
palawan cart,0,1,0,0,0,0,0,0,0,0,0,0,1,1,False,False,PALAWAN CART
palawan cafe,0,0,0,0,0,0,0,1,0,0,0,0,1,1,False,False,Palawan Cafe
tyconnspa,0,0,0,0,0,0,0,1,0,0,0,0,1,1,False,False,Tyconnspa
u green,0,0,0,0,0,0,0,1,0,0,0,0,1,1,False,False,U-GREEN
pazios grill,0,0,0,0,1,0,0,0,0,0,0,0,1,1,False,False,Pazio's Grill
palamuti jewelry and accessories shop,0,0,0,0,0,0,0,1,0,0,0,0,1,1,False,False,PALAMUTI JEWELRY AND ACCESSORIES SHOP
palamig kombucha,0,0,0,0,0,0,0,0,1,0,0,0,1,1,False,False,PALAMIG KOMBUCHA
pazu,0,0,0,0,0,0,0,0,1,0,0,0,1,1,False,False,PAZU
twinkle wellness spa,0,0,0,0,0,0,0,1,0,0,0,0,1,1,False,False,TWINKLE WELLNESS SPA
pamana,0,0,0,0,0,0,1,0,0,0,0,0,1,1,False,False,Pamana
twinkle toes nail spa,0,0,0,0,0,0,0,1,0,0,0,0,1,1,False,False,TWINKLE TOES NAIL SPA
panaderia pantoja,0,1,0,0,0,0,0,0,0,0,0,0,1,1,False,False,PANADERIA PANTOJA
twelvebikes shop,0,0,1,0,0,0,0,0,0,0,0,0,1,1,False,False,Twelvebikes Shop
panapton open,0,0,0,0,0,0,0,1,0,0,0,0,1,1,False,False,PANAPTON OPEN
pananom co,0,0,0,0,0,0,0,0,1,0,0,0,1,1,False,False,PANANOM CO
twenty four bakeshop,0,0,0,0,0,0,1,0,0,0,0,0,1,1,False,False,Twenty Four Bakeshop
twin chocos,0,0,0,0,0,0,0,1,0,0,0,0,1,1,False,False,TWIN CHOCO'S
trendz salon junairah,0,0,0,0,0,0,0,0,0,0,0,1,1,1,False,False,TRENDZ SALON JUNAIRAH
panaderro bakery,0,0,0,0,0,0,0,0,1,0,0,0,1,1,False,False,PANADERRO BAKERY
panaderro,0,0,0,0,0,0,0,1,0,0,0,0,1,1,False,False,Panaderro
trendz,0,0,0,0,0,0,0,1,0,0,0,0,1,1,False,False,Trendz
pamela,0,0,0,0,0,0,1,0,0,0,0,0,1,1,False,False,Pamela
trendy merch novelty shop,0,0,0,0,0,0,0,0,1,0,0,0,1,1,False,False,TRENDY MERCH NOVELTY SHOP
twin dragon,0,0,1,0,0,0,0,0,0,0,0,0,1,1,False,False,Twin Dragon (beside Medicard)
pan de sal express,0,1,0,0,0,0,0,0,0,0,0,0,1,1,False,False,PAN DE SAL EXPRESS
twin pines,0,0,1,0,0,0,0,0,0,0,0,0,1,1,False,False,Twin Pines
twindragon,0,0,1,0,0,0,0,0,0,0,0,0,1,1,False,False,Twindragon (carousel)
pampered & polished wellness & spa,0,1,0,0,0,0,0,0,0,0,0,0,1,1,False,False,PAMPERED & POLISHED WELLNESS & SPA
pampanga regional cart,0,1,0,0,0,0,0,0,0,0,0,0,1,1,False,False,PAMPANGA REGIONAL CART
pampanga bingo,0,0,0,0,0,0,0,0,1,0,0,0,1,1,False,False,PAMPANGA BINGO
tri c jewelry,0,0,0,0,0,0,0,1,0,0,0,0,1,1,False,False,Tri-C Jewelry
paul,0,0,0,0,0,0,0,1,0,0,0,0,1,1,False,False,PAUL
palace,0,0,0,0,0,1,0,0,0,0,0,0,1,1,False,False,The Palace
tsboost beauty salon,0,0,0,0,0,0,0,1,0,0,0,0,1,1,False,False,TSBOOST BEAUTY SALON
tropix,0,0,0,0,0,0,0,0,0,0,0,1,1,1,False,False,TROPIX ( STORM SANDALS)
paris esse parfum,0,0,1,0,0,0,0,0,0,0,0,0,1,1,False,False,Paris Esse Parfum
paris crepes,0,0,0,0,0,0,0,0,1,0,0,0,1,1,False,False,PARIS CREPES
tru check medical and diagnostic center,0,0,0,0,0,0,0,1,0,0,0,0,1,1,False,False,TRU-Check Medical and Diagnostic Center
passionart gallery,0,0,0,0,0,0,0,0,1,0,0,0,1,1,False,False,PASSIONART GALLERY
true boss,0,0,0,0,0,0,0,0,1,0,0,0,1,1,False,False,TRUE BOSS
true lemon,0,0,0,0,0,1,0,0,0,0,0,0,1,1,False,False,True Lemon
passionnails,0,0,1,0,0,0,0,0,0,0,0,0,1,1,False,False,Passionnails
parilya,0,0,1,0,0,0,0,0,0,0,0,0,1,1,False,False,Parilya
triple b cellphone turks shawarma,0,0,0,0,0,0,0,0,0,0,0,1,1,1,False,False,TRIPLE B CELLPHONE TURKS SHAWARMA
triple b cellphone and accessories mitsubishi,0,0,0,0,0,0,0,0,0,0,0,1,1,1,False,False,TRIPLE B CELLPHONE AND ACCESSORIES MITSUBISHI
parfois 8373 7182,0,0,0,0,0,0,0,1,0,0,0,0,1,1,False,False,Parfois 8373-7182
pasta dolce amore temporarily closed,0,0,0,0,0,0,0,1,0,0,0,0,1,1,False,False,PASTA DOLCE AMORE TEMPORARILY CLOSED
trip hub travel services,0,0,0,0,0,0,0,0,1,0,0,0,1,1,False,False,TRIP HUB TRAVEL SERVICES
true north empanada,0,0,0,0,0,0,0,0,1,0,0,0,1,1,False,False,TRUE NORTH EMPANADA
pastil nation,0,0,0,0,0,1,0,0,0,0,0,0,1,1,False,False,Pastil Nation
tricels ensaymada,0,1,0,0,0,0,0,0,0,0,0,0,1,1,False,False,TRICEL'S ENSAYMADA
pares university,0,0,0,0,0,1,0,0,0,0,0,0,1,1,False,False,Pares University
pasto,0,0,0,0,0,1,0,0,0,0,0,0,1,1,False,False,Pasto
park avenue,0,0,0,0,0,0,1,0,0,0,0,0,1,1,False,False,Park Avenue
passionails nail salon and spa,0,1,0,0,0,0,0,0,0,0,0,0,1,1,False,False,PASSIONAILS NAIL SALON AND SPA
parking,0,0,0,0,0,0,1,0,0,0,0,0,1,1,False,False,Parking
partners in child,0,0,0,0,0,0,0,0,0,0,1,0,1,1,False,False,Partners in Child
party phone,0,0,0,0,1,0,0,0,0,0,0,0,1,1,False,False,Party Phone
triple seven gaming,0,0,0,0,1,0,0,0,0,0,0,0,1,1,False,False,Triple Seven Gaming
party house by michelle ballon shop,0,0,0,0,0,0,0,1,0,0,0,0,1,1,False,False,PARTY HOUSE BY MICHELLE BALLON SHOP
tronix imaging center 0997 220 8188,0,0,0,0,0,0,0,1,0,0,0,0,1,1,False,False,Tronix Imaging Center 0997-220-8188
pasalubong centrale,0,1,0,0,0,0,0,0,0,0,0,0,1,1,False,False,PASALUBONG CENTRALE
triple r gaming station,0,0,0,0,1,0,0,0,0,0,0,0,1,1,False,False,Triple R Gaming Station
tropical hut,0,0,0,0,0,0,1,0,0,0,0,0,1,1,False,False,Tropical Hut
pasarabo ilocandia 0907 141 1116,0,0,0,0,0,0,0,1,0,0,0,0,1,1,False,False,PASARABO ILOCANDIA 0907-141-1116
paseo art gallery,0,0,0,0,0,0,0,0,1,0,0,0,1,1,False,False,PASEO ART GALLERY
parklane,0,0,0,0,0,0,0,1,0,0,0,0,1,1,False,False,PARKLANE
pasig city hall annex 2,0,0,0,0,0,0,0,1,0,0,0,0,1,1,False,False,PASIG CITY HALL ANNEX 2
passenger seat,0,0,0,0,0,0,0,0,1,0,0,0,1,1,False,False,PASSENGER SEAT
passion & health lines,0,0,0,0,0,0,0,1,0,0,0,0,1,1,False,False,Passion & Health Lines
parties unlimited,0,0,0,0,0,0,0,0,1,0,0,0,1,1,False,False,PARTIES UNLIMITED
triple m,0,0,0,0,0,0,0,0,0,0,0,1,1,1,False,False,TRIPLE M
triple fajitas,0,0,0,0,0,0,0,1,0,0,0,0,1,1,False,False,Triple Fajitas
tropics salad delights,0,0,0,0,0,0,0,0,1,0,0,0,1,1,False,False,TROPICS SALAD DELIGHTS
parks bakery k mart,0,0,0,0,0,0,0,0,1,0,0,0,1,1,False,False,PARKS BAKERY K-MART
trust trade,0,0,0,0,0,0,0,1,0,0,0,0,1,1,False,False,TRUST TRADE
pares at tendon,0,0,0,0,0,0,0,0,1,0,0,0,1,1,False,False,PARES AT TENDON
tudor lucerne,0,1,0,0,0,0,0,0,0,0,0,0,1,1,False,False,TUDOR-LUCERNE
pares at sizzling,0,0,0,0,0,1,0,0,0,0,0,0,1,1,False,False,Pares at Sizzling
patek philippe,0,1,0,0,0,0,0,0,0,0,0,0,1,1,False,False,PATEK PHILIPPE
paps cyclezone,0,0,0,0,0,0,0,1,0,0,0,0,1,1,False,False,Paps Cyclezone
patricio dental plaza,0,0,0,0,0,0,0,0,1,0,0,0,1,1,False,False,THE PATRICIO DENTAL PLAZA
tsukemen,0,0,0,0,0,0,0,1,0,0,0,0,1,1,False,False,TSUKEMEN
patrick toy shop,0,0,0,0,0,0,1,0,0,0,0,0,1,1,False,False,Patrick Toy Shop
tsuru,0,1,0,0,0,0,0,0,0,0,0,0,1,1,False,False,TSURU
tteokis party needs,0,0,0,0,0,0,0,1,0,0,0,0,1,1,False,False,TTEOKI'S PARTY NEEDS
ttom travel services,0,0,0,0,0,0,0,1,0,0,0,0,1,1,False,False,TTOM TRAVEL SERVICES
ttom travel services 421 1640,0,0,0,0,0,0,0,1,0,0,0,0,1,1,False,False,TTOM TRAVEL SERVICES 421-1640
tuan tuan chinese brasserie,0,1,0,0,0,0,0,0,0,0,0,0,1,1,False,False,TUAN TUAN CHINESE BRASSERIE
papermoon,0,0,0,0,0,0,1,0,0,0,0,0,1,1,False,False,Papermoon
papermints,0,0,0,0,0,0,0,0,1,0,0,0,1,1,False,False,PAPERMINTS
paper world,0,0,0,0,0,0,0,1,0,0,0,0,1,1,False,False,Paper World
triangle,0,0,0,0,0,0,0,1,0,0,0,0,1,1,False,False,Triangle
patsada accessories,0,0,0,0,0,0,0,0,1,0,0,0,1,1,False,False,PATSADA ACCESSORIES
tubo cane juice,0,0,1,0,0,0,0,0,0,0,0,0,1,1,False,False,Tubo Cane Juice
tri c pawnshop,0,0,0,0,0,0,0,1,0,0,0,0,1,1,False,False,TRI-C PAWNSHOP
tubong banua jewelry services,0,0,0,0,0,0,0,0,0,0,1,0,1,1,False,False,Tubong Banua Jewelry Services
tuburan cafe,0,0,0,0,0,0,0,0,1,0,0,0,1,1,False,False,TUBURAN CAFE
tribal cuts,0,0,0,0,0,0,0,1,0,0,0,0,1,1,False,False,TRIBAL CUTS
papu panda captains cove,0,0,0,1,0,0,0,0,0,0,0,0,1,1,False,False,Papu Panda Captains Cove
par tee bloc,0,0,0,0,0,0,0,0,0,0,0,1,1,1,False,False,PAR-TEE BLOC
triboa bay living,0,0,0,0,0,0,0,0,1,0,0,0,1,1,False,False,TRIBOA BAY LIVING
tsim sha tsu,0,0,0,0,0,0,0,1,0,0,0,0,1,1,False,False,Tsim Sha Tsu
paref preschool rosefield south triangle,0,0,0,0,0,0,0,0,1,0,0,0,1,1,False,False,PAREF PRESCHOOL ROSEFIELD SOUTH TRIANGLE
tsim sha tsui dimsum & tea,0,1,0,0,0,0,0,0,0,0,0,0,1,1,False,False,TSIM SHA TSUI DIMSUM & TEA
pastry shop of bobs,0,0,0,0,0,0,0,1,0,0,0,0,1,1,False,False,The Pastry Shop Of Bob's
parasat hd,0,1,0,0,0,0,0,0,0,0,0,0,1,1,False,False,PARASAT HD
paras alterstation 0945 592 5424,0,0,0,0,0,0,0,1,0,0,0,0,1,1,False,False,PARAS ALTERSTATION 0945-592-5424 (NEW)
paras alteration,0,0,0,0,0,0,0,1,0,0,0,0,1,1,False,False,Paras Alteration
tsim sha tsui dimsum tea bar,0,0,0,0,0,0,0,0,1,0,0,0,1,1,False,False,TSIM SHA TSUI DIMSUM TEA BAR
paramus,0,1,0,0,0,0,0,0,0,0,0,0,1,1,False,False,PARAMUS
paradise air,0,0,0,0,0,0,0,0,1,0,0,0,1,1,False,False,PARADISE AIR
pasty shop of bobs,0,0,0,0,0,0,0,1,0,0,0,0,1,1,False,False,THE PASTY SHOP OF BOB'S
pat & cameo,0,0,0,0,0,0,1,0,0,0,0,0,1,1,False,False,Pat & Cameo
tsukada nojo,0,0,0,0,0,0,0,0,1,0,0,0,1,1,False,False,TSUKADA NOJO
paramount life and general insurance,0,0,0,0,0,0,0,0,1,0,0,0,1,1,False,False,PARAMOUNT LIFE AND GENERAL INSURANCE
paraiba 8425 677 09555695900,0,0,0,0,0,0,0,1,0,0,0,0,1,1,False,False,Paraiba 8425-677 / 09555695900
paragon,0,0,0,0,0,1,0,0,0,0,0,0,1,1,False,False,Paragon
tsuke men,0,0,0,0,0,0,0,0,1,0,0,0,1,1,False,False,TSUKE-MEN
paradise air freshener,0,0,0,0,0,0,0,0,1,0,0,0,1,1,False,False,PARADISE AIR FRESHENER
pazzion,0,1,0,0,0,0,0,0,0,0,0,0,1,1,False,False,PAZZION
u super service center,0,0,0,0,0,0,0,1,0,0,0,0,1,1,False,False,U SUPER SERVICE CENTER
universal storefront services corp,0,0,0,0,0,0,0,0,0,0,0,1,1,1,False,False,UNIVERSAL STOREFRONT SERVICES CORP.
otto,0,0,0,0,0,0,0,1,0,0,0,0,1,1,False,False,Otto
pcbs,0,0,0,0,0,0,0,1,0,0,0,0,1,1,False,False,PCBS
trail sign outdoor shop,0,0,0,0,0,0,0,0,1,0,0,0,1,1,False,False,TRAIL SIGN OUTDOOR SHOP
outback cafe,0,0,0,0,1,0,0,0,0,0,0,0,1,1,False,False,Outback Café
unimart,0,0,0,0,0,0,1,0,0,0,0,0,1,1,False,False,Unimart
unimart supermarket,0,0,0,0,0,0,1,0,0,0,0,0,1,1,False,False,Unimart Supermarket
uninice flower shop,0,0,1,0,0,0,0,0,0,0,0,0,1,1,False,False,Uninice Flower Shop
traffic,0,0,0,0,0,0,1,0,0,0,0,0,1,1,False,False,Traffic
pcso lotto outlet,0,0,0,0,0,0,0,1,0,0,0,0,1,1,False,False,PCSO LOTTO OUTLET
union bank,0,0,0,0,0,0,1,0,0,0,0,0,1,1,False,False,Union Bank
tracy elaine silver,0,0,0,0,0,0,0,0,0,0,1,0,1,1,False,False,TRACY ELAINE Silver
oui tacos,0,0,0,0,0,1,0,0,0,0,0,0,1,1,False,False,Oui Tacos
pcworx,0,1,0,0,0,0,0,0,0,0,0,0,1,1,False,False,PCWORX
toytown,0,1,0,0,0,0,0,0,0,0,0,0,1,1,False,False,TOYTOWN
toys r us toy box,0,0,0,0,0,0,0,1,0,0,0,0,1,1,False,False,TOYS R US TOY BOX
pcx mobile,0,0,0,0,0,0,0,0,1,0,0,0,1,1,False,False,PCX MOBILE
ouch tattoo & body piercing studio,0,0,0,0,0,0,0,1,0,0,0,0,1,1,False,False,OUCH! TATTOO & BODY PIERCING STUDIO
otto shoes mini gem exhibit,0,0,0,0,0,0,0,0,0,0,0,1,1,1,False,False,OTTO SHOES MINI GEM EXHIBIT (23)
pdf massage,0,0,0,0,0,0,0,1,0,0,0,0,1,1,False,False,PDF Massage
uniq dental clinic,0,0,0,0,0,0,0,1,0,0,0,0,1,1,False,False,UNIQ Dental Clinic
pc worx tempo satellite,0,0,1,0,0,0,0,0,0,0,0,0,1,1,False,False,Pc Worx Tempo Satellite
outdoors,0,0,0,0,1,0,0,0,0,0,0,0,1,1,False,False,Outdoors
uniking,0,0,0,0,0,0,0,0,1,0,0,0,1,1,False,False,UNIKING
uni barber shop spa and salon,0,0,0,0,0,0,0,0,1,0,0,0,1,1,False,False,UNI BARBER SHOP SPA AND SALON
uncle juans iskrambol,0,0,0,0,0,0,0,0,1,0,0,0,1,1,False,False,UNCLE JUANS ISKRAMBOL
trattoria altrove,0,0,0,0,0,0,0,0,1,0,0,0,1,1,False,False,TRATTORIA ALTROVE
overflow,0,0,0,0,0,0,0,1,0,0,0,0,1,1,False,False,Overflow
pc quickbuys computer sales and services,0,1,0,0,0,0,0,0,0,0,0,0,1,1,False,False,PC QUICKBUYS COMPUTER SALES AND SERVICES
transview,0,0,0,0,0,0,0,0,1,0,0,0,1,1,False,False,TRANSVIEW
uncle moes,0,0,0,0,0,1,0,0,0,0,0,0,1,1,False,False,Uncle Moe's
overbreak,0,0,0,0,0,1,0,0,0,0,0,0,1,1,False,False,Overbreak
uni barber,0,0,0,0,0,0,0,1,0,0,0,0,1,1,False,False,UNI BARBER
over again,1,0,0,0,0,0,0,0,0,0,0,0,1,1,False,False,OVER AGAIN
unigold jewelry,0,0,0,0,0,0,0,0,1,0,0,0,1,1,False,False,UNIGOLD JEWELRY
outlet,0,0,0,0,1,0,0,0,0,0,0,0,1,1,False,False,Outlet
uni silver,0,0,1,0,0,0,0,0,0,0,0,0,1,1,False,False,Uni Silver
uni silver time,0,0,1,0,0,0,0,0,0,0,0,0,1,1,False,False,Uni Silver Time
uniballsity,0,0,0,0,0,0,0,0,1,0,0,0,1,1,False,False,UNIBALLSITY
unica by unica hija,0,1,0,0,0,0,0,0,0,0,0,0,1,1,False,False,UNICA BY UNICA HIJA
uniclassy,0,0,0,0,0,0,0,1,0,0,0,0,1,1,False,False,Uniclassy
tranis resto bar,0,0,0,0,0,0,0,0,1,0,0,0,1,1,False,False,TRANIS RESTO BAR
trajet travel agency,0,0,0,0,0,0,0,1,0,0,0,0,1,1,False,False,TRAJET TRAVEL AGENCY
pdos travel express,0,1,0,0,0,0,0,0,0,0,0,0,1,1,False,False,PDOS TRAVEL EXPRESS
uniqlo 0355276359,0,0,0,0,0,0,0,1,0,0,0,0,1,1,False,False,UNIQLO '0355276359 (OPEN)
own days,0,0,0,0,0,0,0,1,0,0,0,0,1,1,False,False,Own Days
peak,0,0,0,0,0,0,0,1,0,0,0,0,1,1,False,False,Peak
united colors of benetton,0,0,0,0,0,0,0,0,1,0,0,0,1,1,False,False,UNITED COLORS OF BENETTON
pearl dianne,0,1,0,0,0,0,0,0,0,0,0,0,1,1,False,False,PEARL DIANNE
pearl farm,0,1,0,0,0,0,0,0,0,0,0,0,1,1,False,False,PEARL FARM
united global specialty center,0,0,0,0,0,0,0,1,0,0,0,0,1,1,False,False,UNITED GLOBAL SPECIALTY CENTER
pearl market,0,1,0,0,0,0,0,0,0,0,0,0,1,1,False,False,PEARL MARKET!
united nude,0,0,0,0,0,1,0,0,0,0,0,0,1,1,False,False,United Nude
united table tennis club,0,0,1,0,0,0,0,0,0,0,0,0,1,1,False,False,United Table Tennis Club
pearl shop & precious stone village,0,0,1,0,0,0,0,0,0,0,0,0,1,1,False,False,Pearl Shop & Precious Stone Village
pearls & gems,0,0,0,0,0,0,0,1,0,0,0,0,1,1,False,False,Pearls & Gems
touch of thai,0,0,0,0,0,0,0,1,0,0,0,0,1,1,False,False,TOUCH OF THAI
orthofix dental center,0,0,0,0,0,0,0,0,1,0,0,0,1,1,False,False,ORTHOFIX DENTAL CENTER
touch of art photo printing,0,0,0,0,0,0,0,0,1,0,0,0,1,1,False,False,TOUCH OF ART PHOTO PRINTING
orogem jewelry,0,0,0,0,0,0,0,0,1,0,0,0,1,1,False,False,OROGEM JEWELRY
universal eye check,0,0,0,0,0,0,0,1,0,0,0,0,1,1,False,False,Universal Eye Check
peastry shop,0,0,1,0,0,0,0,0,0,0,0,0,1,1,False,False,The Peastry Shop
universal eye check optical,0,0,0,0,0,0,0,1,0,0,0,0,1,1,False,False,Universal Eye Check Optical
peavey,1,0,0,0,0,0,0,0,0,0,0,0,1,1,False,False,PEAVEY
orodiam,0,0,1,0,0,0,0,0,0,0,0,0,1,1,False,False,Orodiam
universal store front service,0,0,0,0,0,0,0,0,0,0,1,0,1,1,False,False,Universal Store Front Service
pearl body touch facial center,0,0,0,0,0,0,0,1,0,0,0,0,1,1,False,False,PEARL BODY TOUCH FACIAL CENTER
os furniture furnishings by coast pacific,0,0,0,0,0,0,0,0,1,0,0,0,1,1,False,False,OS FURNITURE FURNISHINGS BY COAST PACIFIC
osaka takoyaki house,0,1,0,0,0,0,0,0,0,0,0,0,1,1,False,False,OSAKA TAKOYAKI HOUSE
ossu 8724 4591,0,0,0,0,0,0,0,1,0,0,0,0,1,1,False,False,OSSU 8724-4591
uniqlo coffee,0,1,0,0,0,0,0,0,0,0,0,0,1,1,False,False,UNIQLO COFFEE
unisilver 9171036849,0,0,0,0,0,0,0,1,0,0,0,0,1,1,False,False,Unisilver 9171036849 (OPEN)
otop ph hub butuan,0,0,0,0,0,0,0,0,1,0,0,0,1,1,False,False,OTOP PH HUB BUTUAN
toy town,0,0,1,0,0,0,0,0,0,0,0,0,1,1,False,False,Toy Town
toy nuts,0,0,0,0,0,0,1,0,0,0,0,0,1,1,False,False,Toy Nuts
oth tech,0,0,0,0,0,0,0,1,0,0,0,0,1,1,False,False,OTH Tech
peak physical theraphy & scoliosis center,0,0,0,0,0,1,0,0,0,0,0,0,1,1,False,False,PEAK Physical Theraphy & Scoliosis Center
ot dei clinic,0,0,0,0,0,0,0,1,0,0,0,0,1,1,False,False,OT DEI CLINIC
ossco,0,0,0,0,1,0,0,0,0,0,0,0,1,1,False,False,OSSCO
touch with faith,0,0,0,0,0,0,0,1,0,0,0,0,1,1,False,False,Touch with Faith
triumph 900526929,0,0,0,0,0,0,0,1,0,0,0,0,1,1,False,False,Triumph 900526929
ossam,0,0,0,0,0,1,0,0,0,0,0,0,1,1,False,False,OSSAM!
osmar led,0,0,1,0,0,0,0,0,0,0,0,0,1,1,False,False,Osmar Led
unit 605 coffee,0,0,0,0,0,0,0,0,1,0,0,0,1,1,False,False,UNIT 605 COFFEE
oshiekun bites,0,0,0,0,0,1,0,0,0,0,0,0,1,1,False,False,Oshiekun Bites
town orchids design & concepts,0,1,0,0,0,0,0,0,0,0,0,0,1,1,False,False,TOWN ORCHIDS DESIGN & CONCEPTS
towel republic,0,0,0,0,0,0,0,1,0,0,0,0,1,1,False,False,Towel Republic
tough unscratched,0,0,0,0,0,0,0,0,1,0,0,0,1,1,False,False,TOUGH UNSCRATCHED
uncle jovs restaurant torque,0,0,0,0,0,0,0,0,0,0,0,1,1,1,False,False,Uncle Jov's Restaurant TORQUE
travel club & delsey,0,0,0,0,0,1,0,0,0,0,0,0,1,1,False,False,The Travel Club & Delsey
treasure trove,0,0,0,0,0,0,0,0,0,0,0,1,1,1,False,False,TREASURE TROVE
pack your bags travel and tours,0,0,0,0,0,0,0,1,0,0,0,0,1,1,False,False,PACK YOUR BAGS TRAVEL AND TOURS
ucpb temporarily closed,0,0,0,0,0,0,0,1,0,0,0,0,1,1,False,False,UCPB (ATM) TEMPORARILY CLOSED
udc,0,0,0,0,0,0,0,0,1,0,0,0,1,1,False,False,UDC
travelgeeks co,0,0,0,0,0,0,0,0,1,0,0,0,1,1,False,False,TRAVELGEEKS CO
paengs midtown bowling and billiards,0,0,0,0,0,0,0,1,0,0,0,0,1,1,False,False,PAENG'S MIDTOWN BOWLING AND BILLIARDS
paengs freedom bowl,0,0,0,0,0,0,0,1,0,0,0,0,1,1,False,False,Paeng's Freedom Bowl
paengs eastwood bowling and billiards,0,0,0,0,0,0,0,1,0,0,0,0,1,1,False,False,PAENG'S EASTWOOD BOWLING AND BILLIARDS
pc depot,0,0,0,0,0,0,0,0,1,0,0,0,1,1,False,False,PC DEPOT
paengs,0,0,1,0,0,0,0,0,0,0,0,0,1,1,False,False,Paeng’s
pc dynamic,0,0,0,0,0,0,0,0,1,0,0,0,1,1,False,False,PC DYNAMIC
padrinos way,0,1,0,0,0,0,0,0,0,0,0,0,1,1,False,False,PADRINO’S WAY
ugbo,0,0,0,0,0,1,0,0,0,0,0,0,1,1,False,False,Ugbo
ugreen philippines,0,0,0,0,0,0,0,1,0,0,0,0,1,1,False,False,UGreen Philippines
ukiyo beauty bar,0,0,0,0,0,0,0,0,1,0,0,0,1,1,False,False,UKIYO BEAUTY BAR
travelesque tours,0,0,0,0,0,0,0,0,1,0,0,0,1,1,False,False,TRAVELESQUE TOURS
pacundos,0,0,0,0,0,0,0,0,1,0,0,0,1,1,False,False,PACUNDOS
paculba flower shop,0,0,0,0,0,0,0,1,0,0,0,0,1,1,False,False,PACULBA FLOWER SHOP
ultima salon,0,0,0,0,0,0,1,0,0,0,0,0,1,1,False,False,Ultima Salon
pacsafe urbanize,0,0,0,0,0,0,0,1,0,0,0,0,1,1,False,False,Pacsafe/Urbanize
travelease,0,0,0,0,0,0,0,0,1,0,0,0,1,1,False,False,TRAVELEASE
ucpb,0,0,0,0,0,1,0,0,0,0,0,0,1,1,False,False,UCPB
ucc park cafe,0,0,0,0,0,0,0,1,0,0,0,0,1,1,False,False,UCC Park Cafe
pag ibig satellite,0,0,0,0,0,0,0,0,0,0,0,1,1,1,False,False,PAG-IBIG SATELLITE
ubra,0,0,0,0,0,0,0,0,1,0,0,0,1,1,False,False,UBRA
pc broker,0,0,0,0,0,0,0,0,1,0,0,0,1,1,False,False,PC BROKER
pal by john gold,0,0,0,0,1,0,0,0,0,0,0,0,1,1,False,False,PAL by: John Gold
u watch,0,0,0,0,0,0,0,0,1,0,0,0,1,1,False,False,U-WATCH
pal,0,0,0,0,0,0,0,0,1,0,0,0,1,1,False,False,PAL
pc cartel,0,0,0,0,0,0,0,0,1,0,0,0,1,1,False,False,PC CARTEL
pajo optical,0,0,0,0,0,0,0,1,0,0,0,0,1,1,False,False,Pajo Optical
pain rehab care,0,0,0,0,0,0,0,0,1,0,0,0,1,1,False,False,PAIN REHAB CARE
paiks coffee and bakery,0,0,0,0,0,0,0,1,0,0,0,0,1,1,False,False,PAIK'S COFFEE AND BAKERY
paglaum,0,0,0,0,0,0,0,0,1,0,0,0,1,1,False,False,PAGLAUM
travelista tours and services,0,0,0,0,0,0,0,0,1,0,0,0,1,1,False,False,TRAVELISTA TOURS AND SERVICES
pagkaing pinoy,0,1,0,0,0,0,0,0,0,0,0,0,1,1,False,False,PAGKAING PINOY
treasure box,0,0,0,0,0,0,0,0,1,0,0,0,1,1,False,False,TREASURE BOX
traxx 1 ca exhibits,0,0,0,0,0,0,0,0,0,0,0,1,1,1,False,False,Traxx 1 ( 6.40 SQM) CA EXHIBITS ( PROPERTY PRO )
ucc cafe,0,0,1,0,0,0,0,0,0,0,0,0,1,1,False,False,Ucc Cafe
ucc cafe terrace,0,0,0,0,0,1,0,0,0,0,0,0,1,1,False,False,UCC Cafe Terrace
pagibig fund,0,0,0,0,0,0,0,1,0,0,0,0,1,1,False,False,PAGIBIG FUND
pag ibig satellite branch office,0,0,0,0,0,0,0,1,0,0,0,0,1,1,False,False,PAG-IBIG Satellite Branch Office
ucc mentore,0,0,0,0,0,0,0,0,1,0,0,0,1,1,False,False,UCC MENTORE
pc gadgets mobile hub,0,0,0,0,0,0,0,0,1,0,0,0,1,1,False,False,PC GADGETS MOBILE HUB
pack your bags,0,0,0,0,0,0,0,1,0,0,0,0,1,1,False,False,Pack Your Bags
uncle johns0998 846 6030,0,0,0,0,0,0,0,1,0,0,0,0,1,1,False,False,UNCLE JOHN'S0998-846-6030
pc gilmore,0,0,0,1,0,0,0,0,0,0,0,0,1,1,False,False,PC Gilmore
una casita,0,0,0,0,0,1,0,0,0,0,0,0,1,1,False,False,Una Casita
una konsulta riversides one stop health shop,0,0,0,0,0,0,0,0,1,0,0,0,1,1,False,False,UNA KONSULTA RIVERSIDES ONE-STOP HEALTH SHOP
travel scoot,0,0,0,0,0,0,1,0,0,0,0,0,1,1,False,False,Travel Scoot
unang panahon,0,0,0,0,0,0,0,0,1,0,0,0,1,1,False,False,UNANG PANAHON
unarosa,0,0,0,0,0,0,1,0,0,0,0,0,1,1,False,False,Unarosa
oxord computer solutions & repair center,0,0,0,0,0,0,0,1,0,0,0,0,1,1,False,False,Oxord - Computer Solutions & Repair Center
oxims,0,0,0,0,0,0,0,0,1,0,0,0,1,1,False,False,OXIM'S
travel port travel and tours,0,1,0,0,0,0,0,0,0,0,0,0,1,1,False,False,TRAVEL PORT TRAVEL AND TOURS
unbox,0,0,0,0,0,0,1,0,0,0,0,0,1,1,False,False,Unbox
pc micro,0,0,0,0,0,0,0,0,1,0,0,0,1,1,False,False,PC MICRO
oxford scents,1,0,0,0,0,0,0,0,0,0,0,0,1,1,False,False,OXFORD SCENTS
owwa,0,0,0,0,0,0,0,0,1,0,0,0,1,1,False,False,OWWA
uncle bobs,0,0,0,0,0,1,0,0,0,0,0,0,1,1,False,False,Uncle Bob's
travel lounge,0,0,0,0,0,0,0,1,0,0,0,0,1,1,False,False,TRAVEL LOUNGE
uncle brew,0,0,0,0,0,0,0,0,1,0,0,0,1,1,False,False,UNCLE BREW
uncle fish balls,0,0,0,0,0,1,0,0,0,0,0,0,1,1,False,False,Uncle Fish Balls
uncle johns 0998 846 6053,0,0,0,0,0,0,0,1,0,0,0,0,1,1,False,False,Uncle John's 0998-846-6053
pc ondemand,0,0,0,0,0,0,0,0,1,0,0,0,1,1,False,False,PC ONDEMAND
pc quarters,0,0,0,0,0,0,0,0,1,0,0,0,1,1,False,False,PC QUARTERS
umidigi,0,0,0,0,0,0,0,0,1,0,0,0,1,1,False,False,UMIDIGI
umi sushi,0,0,0,0,0,0,0,0,1,0,0,0,1,1,False,False,UMI SUSHI
umi matsu,0,0,0,0,0,0,0,0,1,0,0,0,1,1,False,False,UMI MATSU
p5 idrive driving school,0,0,0,0,0,0,0,1,0,0,0,0,1,1,False,False,P5 iDrive Driving School
pacific money exchange,0,0,0,0,0,0,0,1,0,0,0,0,1,1,False,False,Pacific Money Exchange
pablings barbershop,0,0,0,0,0,1,0,0,0,0,0,0,1,1,False,False,Pablings Barbershop
pabder uomo,0,1,0,0,0,0,0,0,0,0,0,0,1,1,False,False,PABDER UOMO
pc hub,0,0,0,0,0,0,0,0,1,0,0,0,1,1,False,False,PC HUB
pc inspire enterprise,0,0,0,0,0,0,0,0,0,0,0,1,1,1,False,False,PC INSPIRE ENTERPRISE
p99 store,0,0,0,0,1,0,0,0,0,0,0,0,1,1,False,False,P99 Store
ultra lagree,0,0,0,0,0,0,1,0,0,0,0,0,1,1,False,False,Ultra Lagree
pc live,0,0,0,0,0,0,0,0,1,0,0,0,1,1,False,False,PC LIVE
p4 mobile updates,0,0,0,0,0,0,0,0,0,0,0,1,1,1,False,False,P4 MOBILE UPDATES
travel time,0,0,1,0,0,0,0,0,0,0,0,0,1,1,False,False,Travel Time
p&a,0,0,0,0,0,0,0,1,0,0,0,0,1,1,False,False,P&A
uma uma,0,0,0,0,0,0,0,0,1,0,0,0,1,1,False,False,UMA UMA
p e watch repair center,0,0,0,0,0,0,0,0,1,0,0,0,1,1,False,False,P E WATCH REPAIR CENTER
p and d cellphone and accessories,0,1,0,0,0,0,0,0,0,0,0,0,1,1,False,False,P AND D CELLPHONE AND ACCESSORIES
umami,0,0,0,0,0,0,0,1,0,0,0,0,1,1,False,False,UMAMI
p and d,0,0,0,0,1,0,0,0,0,0,0,0,1,1,False,False,P and D
umeya,0,0,0,0,0,0,0,0,1,0,0,0,1,1,False,False,UMEYA
p,0,0,0,0,1,0,0,0,0,0,0,0,1,1,False,False,P
peak sport,0,0,1,0,0,0,0,0,0,0,0,0,1,1,False,False,Peak Sport
vivaia,0,0,1,0,0,0,0,0,0,0,0,0,1,1,False,False,Vivaia
victorious one,0,0,0,0,0,0,0,0,0,0,0,1,1,1,False,False,VICTORIOUS ONE
yao money changer,0,0,0,0,0,0,0,1,0,0,0,0,1,1,False,False,Yao Money Changer
yakun kaya toast,0,1,0,0,0,0,0,0,0,0,0,0,1,1,False,False,YAKUN KAYA TOAST
yakutako,0,0,0,0,0,0,0,1,0,0,0,0,1,1,False,False,YAKUTAKO
yalo,0,0,0,0,0,0,1,0,0,0,0,0,1,1,False,False,Yalo
yam cosmetics,0,0,0,0,0,0,0,1,0,0,0,0,1,1,False,False,YAM COSMETICS
mr fluffy,0,0,0,0,0,0,0,1,0,0,0,0,1,1,False,False,Mr.fluffy
mr dynamic,0,0,0,0,0,0,1,0,0,0,0,0,1,1,False,False,Mr Dynamic
mr doods laundry hub,0,0,0,0,0,0,0,0,1,0,0,0,1,1,False,False,MR DOODS LAUNDRY HUB
yamang bukid 9478041524,0,0,0,0,0,0,0,1,0,0,0,0,1,1,False,False,Yamang Bukid 9478041524
mr diecast & collectibles,0,0,0,0,0,0,0,1,0,0,0,0,1,1,False,False,Mr. Diecast & Collectibles
yankee candle,0,0,0,0,0,0,0,0,1,0,0,0,1,1,False,False,YANKEE CANDLE
mr d cellphone store,0,0,0,0,0,0,0,1,0,0,0,0,1,1,False,False,Mr. D. Cellphone Store
mr cutter,0,0,0,0,0,0,0,1,0,0,0,0,1,1,False,False,Mr Cutter
mr green,0,0,0,0,0,0,0,0,1,0,0,0,1,1,False,False,MR GREEN
mr creamy station,0,0,0,0,0,0,0,1,0,0,0,0,1,1,False,False,Mr. Creamy Station (Temporarily Closed)
mr coco,0,0,0,0,0,0,0,0,1,0,0,0,1,1,False,False,MR COCO
mr clive shoe repair shop,0,0,0,0,0,0,0,1,0,0,0,0,1,1,False,False,MR. CLIVE SHOE REPAIR SHOP
mr bingsu,0,0,0,0,0,0,0,0,1,0,0,0,1,1,False,False,MR BINGSU
yardstick,0,0,0,0,0,0,0,1,0,0,0,0,1,1,False,False,YARDSTICK
mps telcom,0,0,0,0,0,0,0,1,0,0,0,0,1,1,False,False,MPS Telcom
movieworld,0,0,0,0,0,0,0,1,0,0,0,0,1,1,False,False,MOVIEWORLD
move it powered rental scooter,0,0,0,0,0,0,0,0,1,0,0,0,1,1,False,False,MOVE IT POWERED RENTAL SCOOTER
move dance studio,0,0,0,0,0,0,0,0,1,0,0,0,1,1,False,False,MOVE DANCE STUDIO
mountain express,0,0,0,0,0,0,0,1,0,0,0,0,1,1,False,False,MOUNTAIN EXPRESS
mountain blend,0,0,0,0,0,0,0,0,1,0,0,0,1,1,False,False,MOUNTAIN BLEND
yaku restaurant,0,0,0,0,0,0,0,0,1,0,0,0,1,1,False,False,YAKU RESTAURANT
mr helmet,0,0,0,0,0,0,0,1,0,0,0,0,1,1,False,False,MR. HELMET
yardstick coffee,0,0,0,0,0,0,0,0,1,0,0,0,1,1,False,False,YARDSTICK COFFEE
mr noodle,0,0,0,0,0,0,0,0,1,0,0,0,1,1,False,False,MR NOODLE
xo 46 heritage bistro,0,0,0,0,0,0,0,0,1,0,0,0,1,1,False,False,XO 46 HERITAGE BISTRO
xo46 heritage bistro,0,0,0,0,0,0,1,0,0,0,0,0,1,1,False,False,XO46 Heritage Bistro
mr pluffy the cotton candy company,0,0,0,0,0,0,0,0,1,0,0,0,1,1,False,False,MR PLUFFY THE COTTON CANDY COMPANY
xpert key duplication,0,0,0,0,0,0,0,0,1,0,0,0,1,1,False,False,XPERT KEY DUPLICATION
xpresso to go,0,0,1,0,0,0,0,0,0,0,0,0,1,1,False,False,Xpresso To Go
xt pro computer,0,0,0,0,0,0,1,0,0,0,0,0,1,1,False,False,Xt Pro Computer
mr pluffy 9688979455,0,0,0,0,0,0,0,1,0,0,0,0,1,1,False,False,Mr. Pluffy 9688979455
xtreme,0,0,0,0,0,0,0,1,0,0,0,0,1,1,False,False,XTREME
xtreme 9954989429,0,0,0,0,0,0,0,1,0,0,0,0,1,1,False,False,XTREME 9954989429
mr patatas,0,0,0,0,0,0,0,1,0,0,0,0,1,1,False,False,Mr. Patatas
mr parks bread cake,0,0,0,0,0,0,0,0,1,0,0,0,1,1,False,False,MR PARKS BREAD CAKE
xtreme mobile,0,1,0,0,0,0,0,0,0,0,0,0,1,1,False,False,XTREME MOBILE
mr hongs unlimited samgyeopsal,0,0,0,0,0,0,0,0,0,1,0,0,1,1,False,False,MR. HONG'S UNLIMITED SAMGYEOPSAL
mr ninja,0,1,0,0,0,0,0,0,0,0,0,0,1,1,False,False,MR. NINJA
y e s,0,0,0,0,1,0,0,0,0,0,0,0,1,1,False,False,Y.E.S.
mr mala hotpot,0,0,0,0,0,0,0,0,1,0,0,0,1,1,False,False,MR. MALA HOTPOT
mr lee rrj,0,0,0,0,0,0,0,0,0,1,0,0,1,1,False,False,MR. LEE/RRJ
mr lee,0,0,0,0,0,0,0,0,0,0,1,0,1,1,False,False,Mr. Lee
yabu house of katsu,0,0,0,0,0,0,0,1,0,0,0,0,1,1,False,False,YABU: HOUSE OF KATSU
mr kokio food cart,0,0,0,0,0,0,0,0,1,0,0,0,1,1,False,False,MR KOKIO FOOD CART
yaels bibingka,0,0,0,0,0,0,0,0,0,0,1,0,1,1,False,False,Yael's Bibingka
yaki yaki,0,0,0,0,0,1,0,0,0,0,0,0,1,1,False,False,Yaki Yaki
mr key fix jewelrich,0,0,0,0,0,0,0,0,0,0,0,1,1,1,False,False,MR. KEY FIX JEWELRICH
mr key fix beauche,0,0,0,0,0,0,0,0,0,0,0,1,1,1,False,False,MR. KEY FIX (EXTENSION) BEAUCHE
motto,0,0,0,0,0,0,0,1,0,0,0,0,1,1,False,False,Motto
yassies collection,0,0,0,0,1,0,0,0,0,0,0,0,1,1,False,False,Yassies Collection
mr quickie plus,0,0,0,0,0,0,0,1,0,0,0,0,1,1,False,False,MR. QUICKIE PLUS
morning after antro,0,0,0,0,0,0,1,0,0,0,0,0,1,1,False,False,The Morning After/Antro
yi technology,0,0,0,0,0,0,0,0,1,0,0,0,1,1,False,False,YI TECHNOLOGY
mossimo satellite selling,0,0,0,0,0,0,0,1,0,0,0,0,1,1,False,False,MOSSIMO SATELLITE SELLING
ymca canteen,0,0,1,0,0,0,0,0,0,0,0,0,1,1,False,False,Ymca Canteen
yo mobile,0,0,0,0,1,0,0,0,0,0,0,0,1,1,False,False,Yo! Mobile
moshi koshi,0,1,0,0,0,0,0,0,0,0,0,0,1,1,False,False,MOSHI KOSHI
moshi gran cafe,0,1,0,0,0,0,0,0,0,0,0,0,1,1,False,False,MOSHI GRAN CAFE
mos simo,0,0,0,0,0,0,0,1,0,0,0,0,1,1,False,False,MOS SIMO
yogi hotdog,0,0,0,0,0,0,0,0,1,0,0,0,1,1,False,False,YOGI HOTDOG
yogii yogurt and ice cream 9535260843,0,0,0,0,0,0,0,1,0,0,0,0,1,1,False,False,YOGII YOGURT AND ICE CREAM 9535260843
mortons the steakhouse,0,0,0,0,0,1,0,0,0,0,0,0,1,1,False,False,Morton's The Steakhouse
yoh froz,0,0,0,0,0,0,0,0,1,0,0,0,1,1,False,False,YOH FROZ
yohans apparel,0,0,0,0,0,0,0,1,0,0,0,0,1,1,False,False,YOHANS APPAREL
yeubo,0,0,0,0,0,0,0,1,0,0,0,0,1,1,False,False,YEUBO
morihs hair & beauty salon,0,0,0,0,0,0,0,1,0,0,0,0,1,1,False,False,MORIH'S HAIR & BEAUTY SALON
moressi,0,0,0,0,0,0,0,0,1,0,0,0,1,1,False,False,MORESSI
yoi yoi tei,0,0,0,0,0,0,0,0,1,0,0,0,1,1,False,False,YOI YOI TEI
morellis gelato caffe,0,0,0,0,0,0,1,0,0,0,0,0,1,1,False,False,Morelli's Gelato Caffe
more hair center,0,0,0,0,0,0,1,0,0,0,0,0,1,1,False,False,MoRe Hair Center
moostea cafe,0,0,0,0,0,0,0,0,0,1,0,0,1,1,False,False,MOOSTEA CAFE
yong studio,0,0,0,0,0,0,0,0,1,0,0,0,1,1,False,False,YONG STUDIO
yoobao,0,0,0,0,0,0,0,0,1,0,0,0,1,1,False,False,YOOBAO
moonsky sunny,0,0,0,0,0,0,0,0,1,0,0,0,1,1,False,False,MOONSKY SUNNY
moonleaf tea,0,0,0,0,0,0,0,1,0,0,0,0,1,1,False,False,MOONLEAF TEA
yoshi meat su,0,0,0,0,0,0,1,0,0,0,0,0,1,1,False,False,Yoshi Meat-su
yhazer fudokato,0,0,0,0,0,0,0,1,0,0,0,0,1,1,False,False,YHAZER FUDOKATO
yes please,0,0,0,0,0,1,0,0,0,0,0,0,1,1,False,False,Yes Please
yassys kitchen,0,0,0,0,0,0,0,0,0,1,0,0,1,1,False,False,YASSY'S KITCHEN
moti,0,0,0,0,0,0,0,1,0,0,0,0,1,1,False,False,Moti (NEW)
motosport,0,0,0,0,0,0,0,1,0,0,0,0,1,1,False,False,Motosport
motorola,0,0,0,0,1,0,0,0,0,0,0,0,1,1,False,False,Motorola
yasuo,0,0,0,0,0,0,0,1,0,0,0,0,1,1,False,False,Yasuo
motorino,0,0,0,0,0,0,0,0,1,0,0,0,1,1,False,False,MOTORINO
yatai spa,0,0,0,0,0,1,0,0,0,0,0,0,1,1,False,False,Yatai Spa
yedang,0,0,0,0,0,0,1,0,0,0,0,0,1,1,False,False,Yedang
motor pro,0,0,0,0,0,0,0,0,0,0,1,0,1,1,False,False,Motor Pro
motomarket,0,0,0,0,0,1,0,0,0,0,0,0,1,1,False,False,Motomarket
moto aqua flask,0,0,0,0,0,0,0,1,0,0,0,0,1,1,False,False,Moto/ Aqua Flask
yellie & co,0,0,0,0,0,0,0,0,1,0,0,0,1,1,False,False,YELLIE & CO
yellow sweets cafe,0,0,0,0,0,0,0,0,1,0,0,0,1,1,False,False,YELLOW SWEETS CAFE
mothers touch hilot massage,0,0,0,0,0,0,0,0,1,0,0,0,1,1,False,False,MOTHER'S TOUCH HILOT + MASSAGE
yes land realty 0917 133 6146,0,0,0,0,0,0,0,1,0,0,0,0,1,1,False,False,Yes Land Realty 0917 133 6146
mothers touch 9178676877,0,0,0,0,0,0,0,1,0,0,0,0,1,1,False,False,Mother's Touch 9178676877
yellowcab,0,0,0,0,0,0,0,1,0,0,0,0,1,1,False,False,Yellowcab
mothers fried chicken,0,1,0,0,0,0,0,0,0,0,0,0,1,1,False,False,MOTHER'S FRIED CHICKEN
yeobo corndog,0,0,0,0,0,0,0,1,0,0,0,0,1,1,False,False,YEOBO CORNDOG
mothers cake house,0,0,0,0,0,0,0,0,1,0,0,0,1,1,False,False,MOTHERS CAKE HOUSE
mothercare 8682 3163,0,0,0,0,0,0,0,1,0,0,0,0,1,1,False,False,Mothercare 8682-3163
yeobo korean style corndog,0,0,0,0,0,0,0,1,0,0,0,0,1,1,False,False,YEOBO KOREAN STYLE CORNDOG
mother hen,0,0,0,0,0,1,0,0,0,0,0,0,1,1,False,False,Mother Hen
yeobos korean style corndog,0,0,0,0,0,0,0,0,1,0,0,0,1,1,False,False,YEOBOS KOREAN STYLE CORNDOG
mother base,0,0,0,0,0,0,1,0,0,0,0,0,1,1,False,False,Mother Base
yes gulu,0,0,0,0,0,0,0,0,1,0,0,0,1,1,False,False,YES GULU
mr quickie 9686914110,0,0,0,0,0,0,0,1,0,0,0,0,1,1,False,False,Mr. Quickie 9686914110
mr renes quick shoes and bags repair shop,0,0,0,0,0,0,0,0,1,0,0,0,1,1,False,False,MR RENES QUICK SHOES AND BAGS REPAIR SHOP
ogetsu hime,0,0,0,0,0,0,0,0,1,0,0,0,1,1,False,False,OGETSU HIME
musar music,0,0,0,0,0,0,0,0,1,0,0,0,1,1,False,False,MUSAR MUSIC
music school of ryan cayabyab,0,0,0,0,0,0,0,1,0,0,0,0,1,1,False,False,THE MUSIC SCHOOL OF RYAN CAYABYAB
wow panda malatang,0,0,0,0,0,1,0,0,0,0,0,0,1,1,False,False,Wow Panda Malatang
music museum,0,0,0,0,0,0,1,0,0,0,0,0,1,1,False,False,Music Museum
music mayhem,0,0,0,0,0,0,0,1,0,0,0,0,1,1,False,False,MUSIC MAYHEM
music jam el bonitos,0,0,0,0,0,0,0,0,0,0,0,1,1,1,False,False,MUSIC JAM EL BONITOS
wow travel,0,0,0,0,0,0,0,1,0,0,0,0,1,1,False,False,WOW Travel
music house,0,0,0,0,0,0,1,0,0,0,0,0,1,1,False,False,The Music House
wow travel more,0,0,0,0,0,0,0,0,1,0,0,0,1,1,False,False,WOW TRAVEL MORE
museum of emotions,0,1,0,0,0,0,0,0,0,0,0,0,1,1,False,False,MUSEUM OF EMOTIONS
museo barbershop nail gallery spa,0,0,0,0,0,0,0,0,1,0,0,0,1,1,False,False,MUSEO BARBERSHOP NAIL GALLERY SPA
musashi maru,0,1,0,0,0,0,0,0,0,0,0,0,1,1,False,False,MUSASHI MARU
munies,0,0,0,0,0,0,0,1,0,0,0,0,1,1,False,False,Munies
musik wizzard,0,0,0,0,0,0,0,1,0,0,0,0,1,1,False,False,Musik Wizzard
mundae soft serve ice cream,0,0,0,0,0,0,0,0,1,0,0,0,1,1,False,False,MUNDAE SOFT SERVE ICE CREAM
mundae,0,0,0,0,0,0,1,0,0,0,0,0,1,1,False,False,Mundae
wrap it,0,1,0,0,0,0,0,0,0,0,0,0,1,1,False,False,WRAP IT!
mumin innovations,0,0,0,0,0,0,0,1,0,0,0,0,1,1,False,False,MUMIN INNOVATIONS
wrap shop,0,0,0,0,0,0,0,0,1,0,0,0,1,1,False,False,WRAP SHOP
mumbaki,0,0,0,0,0,0,0,1,0,0,0,0,1,1,False,False,Mumbaki
multisport hub,0,1,0,0,0,0,0,0,0,0,0,0,1,1,False,False,MULTISPORT HUB
wrapnatics,0,0,0,0,0,0,0,1,0,0,0,0,1,1,False,False,WRAPNATICS
multi time emporium,0,0,0,0,0,0,0,0,1,0,0,0,1,1,False,False,MULTI-TIME EMPORIUM
wrc toys,0,0,0,0,0,0,1,0,0,0,0,0,1,1,False,False,WRC Toys
muju,0,0,0,0,0,0,0,1,0,0,0,0,1,1,False,False,Muju
wow lechon,0,0,0,0,1,0,0,0,0,0,0,0,1,1,False,False,Wow Lechon
wow cow hot pot,0,0,0,0,0,0,0,0,1,0,0,0,1,1,False,False,WOW COW HOT POT
wristpod philip stein,0,1,0,0,0,0,0,0,0,0,0,0,1,1,False,False,WRISTPOD/PHILIP STEIN
world of fun huawei,0,0,0,0,0,0,0,0,0,0,0,1,1,1,False,False,World of Fun HUAWEI
my dollar store plus,1,0,0,0,0,0,0,0,0,0,0,0,1,1,False,False,MY DOLLAR STORE PLUS
world master international travel,0,0,0,0,0,0,0,1,0,0,0,0,1,1,False,False,WORLD MASTER INTERNATIONAL TRAVEL
my diamond technomarine,0,0,0,0,0,0,0,1,0,0,0,0,1,1,False,False,MY DIAMOND / TECHNOMARINE
my destination tours and travel,0,0,0,0,0,0,0,0,1,0,0,0,1,1,False,False,MY DESTINATION TOURS AND TRAVEL
world of fun 9058818079,0,0,0,0,0,0,0,1,0,0,0,0,1,1,False,False,WORLD OF FUN 9058818079
my box,0,0,0,0,1,0,0,0,0,0,0,0,1,1,False,False,My Box
my angels two fashion,0,0,0,0,0,0,0,0,0,0,0,1,1,1,False,False,MY ANGELS TWO FASHION
world of fun 9063309735,0,0,0,0,0,0,0,1,0,0,0,0,1,1,False,False,World of Fun 9063309735
my angels enterprise,0,1,0,0,0,0,0,0,0,0,0,0,1,1,False,False,MY ANGELS ENTERPRISE
mxt restaurant,0,0,0,0,0,0,0,0,1,0,0,0,1,1,False,False,MXT RESTAURANT
world of fun house of takoyaki,0,0,0,0,0,0,0,0,0,0,0,1,1,1,False,False,WORLD OF FUN House of Takoyaki
world of fun satellite,0,0,0,0,0,0,0,0,0,0,0,1,1,1,False,False,WORLD OF FUN SATELLITE
wow chow,0,1,0,0,0,0,0,0,0,0,0,0,1,1,False,False,WOW CHOW
mwell primary care,0,0,1,0,0,0,0,0,0,0,0,0,1,1,False,False,Mwell Primary Care
mvt mobile,0,0,0,0,0,1,0,0,0,0,0,0,1,1,False,False,MVT Mobile
world of fun satellite redbucks coffee shop,0,0,0,0,0,0,0,0,0,0,0,1,1,1,False,False,WORLD OF FUN Satellite REDBUCKS COFFEE SHOP
mvp taekwando,0,0,0,0,0,1,0,0,0,0,0,0,1,1,False,False,MVP Taekwando
mutt chery,0,0,0,0,0,0,0,0,1,0,0,0,1,1,False,False,MUTT CHERY
world watch gallery,0,0,0,0,0,0,0,1,0,0,0,0,1,1,False,False,World Watch Gallery
worlds finest liquor,0,0,0,0,0,1,0,0,0,0,0,0,1,1,False,False,The World's Finest Liquor
would u like,0,0,0,1,0,0,0,0,0,0,0,0,1,1,False,False,Would U Like
wow and fye,0,0,0,0,0,0,0,0,0,0,0,1,1,1,False,False,WOW AND FYE
wow and fye cellphone and accessories,0,0,0,0,0,0,0,0,0,0,0,1,1,1,False,False,WOW AND FYE CELLPHONE AND ACCESSORIES
wow cellphone,0,0,0,0,0,0,0,0,0,0,0,1,1,1,False,False,WOW CELLPHONE
wristpod,0,0,0,0,0,0,0,1,0,0,0,0,1,1,False,False,Wristpod
muji pop up store,1,0,0,0,0,0,0,0,0,0,0,0,1,1,False,False,MUJI Pop-Up Store
mr shaw,0,0,0,0,0,1,0,0,0,0,0,0,1,1,False,False,Mr. Shaw
mr wippy,0,0,0,0,0,0,0,1,0,0,0,0,1,1,False,False,MR. WIPPY
ms cellphone accessories,0,0,0,0,0,0,0,1,0,0,0,0,1,1,False,False,MS CELLPHONE ACCESSORIES
ms by marjories,0,0,0,0,0,0,0,0,1,0,0,0,1,1,False,False,MS BY MARJORIES
mrz mobile repair zone,0,0,0,0,0,0,0,0,1,0,0,0,1,1,False,False,MRZ MOBILE REPAIR ZONE
xentromed,0,0,0,0,0,0,0,0,0,0,0,1,1,1,False,False,XENTROMED
xhanders kambingan handyman exhibit thematic,0,0,0,0,0,0,0,0,0,0,0,1,1,1,False,False,Xhanders Kambingan HANDYMAN EXHIBIT THEMATIC
mrs goodies,0,0,0,0,0,0,0,0,1,0,0,0,1,1,False,False,MRS GOODIES
xiao jiu noodle house,0,0,0,0,0,0,0,0,1,0,0,0,1,1,False,False,XIAO JIU NOODLE HOUSE
mrs affogato,0,0,0,0,0,1,0,0,0,0,0,0,1,1,False,False,Mrs. Affogato
mrl empanada factory,0,0,0,0,1,0,0,0,0,0,0,0,1,1,False,False,MRL Empanada Factory
mrg law office,0,0,0,0,0,0,0,1,0,0,0,0,1,1,False,False,MRG Law Office
xiaomi 0999 167 2888,0,0,0,0,0,0,0,1,0,0,0,0,1,1,False,False,XIAOMI 0999-167-2888
mr unlocker,0,1,0,0,0,0,0,0,0,0,0,0,1,1,False,False,MR. UNLOCKER
xchange zamin foreign exchange,0,0,0,0,0,0,0,1,0,0,0,0,1,1,False,False,Xchange/Zamin Foreign Exchange
mr ube,0,1,0,0,0,0,0,0,0,0,0,0,1,1,False,False,MR. UBE
xiaomi 8802 1532 09669776715,0,0,0,0,0,0,0,1,0,0,0,0,1,1,False,False,XIAOMI 8802-1532 / 09669776715
xin chao vietnamese restaurant,0,0,0,0,0,0,0,0,1,0,0,0,1,1,False,False,XIN CHAO VIETNAMESE RESTAURANT
mr toppings 9190869698,0,0,0,0,0,0,0,1,0,0,0,0,1,1,False,False,MR. TOPPINGS 9190869698
xinyi chicken,0,0,0,0,0,0,0,0,1,0,0,0,1,1,False,False,XINYI CHICKEN
mr teapsy,0,0,0,0,1,0,0,0,0,0,0,0,1,1,False,False,Mr. Teapsy
mr taho,0,0,0,0,0,0,0,0,1,0,0,0,1,1,False,False,MR TAHO
mr taco,0,0,0,0,0,0,0,0,1,0,0,0,1,1,False,False,MR TACO
xinyx design consultancy and services inc,0,0,0,0,0,0,0,0,1,0,0,0,1,1,False,False,XINYX DESIGN CONSULTANCY AND SERVICES INC
xitrix,0,0,0,0,0,0,0,0,1,0,0,0,1,1,False,False,XITRIX
mr sizzlers,0,0,0,0,0,0,0,0,1,0,0,0,1,1,False,False,MR SIZZLERS
ms cellphone accessories 9488740401,0,0,0,0,0,0,0,1,0,0,0,0,1,1,False,False,MS CELLPHONE ACCESSORIES 9488740401
msa academic advancement institute,0,1,0,0,0,0,0,0,0,0,0,0,1,1,False,False,MSA ACADEMIC ADVANCEMENT INSTITUTE
wrld bbq,0,0,0,0,0,0,1,0,0,0,0,0,1,1,False,False,WRLD BBQ
x8r scooter rental,0,0,1,0,0,0,0,0,0,0,0,0,1,1,False,False,X8r Scooter Rental
muhlachs ensaymada,0,0,0,0,0,0,0,1,0,0,0,0,1,1,False,False,Muhlach’s Ensaymada
wus kitchen,0,0,0,0,0,0,1,0,0,0,0,0,1,1,False,False,Wu's Kitchen
wxwise,0,0,0,0,0,0,0,1,0,0,0,0,1,1,False,False,WXWISE
x play,0,0,0,0,0,0,0,1,0,0,0,0,1,1,False,False,X Play
x print,0,1,0,0,0,0,0,0,0,0,0,0,1,1,False,False,X-PRINT
x sight,0,0,0,0,0,0,0,1,0,0,0,0,1,1,False,False,X-Sight
x site,0,0,1,0,0,0,0,0,0,0,0,0,1,1,False,False,X-site
mugna,0,0,0,0,0,0,0,1,0,0,0,0,1,1,False,False,MUGNA
muelvans,0,0,0,0,1,0,0,0,0,0,0,0,1,1,False,False,Muelvans
x11,0,0,0,0,0,0,0,1,0,0,0,0,1,1,False,False,X11
muebles italiano,0,0,0,0,0,0,0,0,1,0,0,0,1,1,False,False,MUEBLES ITALIANO
xamxen helmet depository,0,0,0,0,0,0,0,0,1,0,0,0,1,1,False,False,XAMXEN HELMET DEPOSITORY
msc detour car care center,0,1,0,0,0,0,0,0,0,0,0,0,1,1,False,False,MSC DETOUR CAR CARE CENTER
xander pawnshop rcbc,0,0,0,0,0,0,0,0,0,0,0,1,1,1,False,False,XANDER PAWNSHOP (GOLDEN VISION) RCBC
mu lan general merchandise,0,0,0,0,0,0,0,1,0,0,0,0,1,1,False,False,MU LAN GENERAL MERCHANDISE
xander tutorial school,0,0,0,0,0,0,0,0,0,0,0,1,1,1,False,False,XANDER TUTORIAL SCHOOL
mtmb,0,0,0,0,0,0,0,0,0,1,0,0,1,1,False,False,MTMB
mtcs money changer,0,0,0,0,0,0,0,0,0,0,0,1,1,1,False,False,MTC'S MONEY CHANGER
xandra photoshop ksa magic soap,0,0,0,0,0,0,0,0,0,0,0,1,1,1,False,False,XANDRA PHOTOSHOP (KODAK) KSA MAGIC SOAP
xavier roast master,0,0,0,0,0,0,0,1,0,0,0,0,1,1,False,False,Xavier Roast Master
mt stomach,0,0,0,0,0,1,0,0,0,0,0,0,1,1,False,False,MT Stomach
msr pro,0,0,0,0,0,0,0,0,1,0,0,0,1,1,False,False,MSR PRO
xaviers home of dialysis center,0,0,1,0,0,0,0,0,0,0,0,0,1,1,False,False,Xavier’s Home Of Dialysis Center
xcel driving school,0,0,0,1,0,0,0,0,0,0,0,0,1,1,False,False,Xcel Driving School
mood brows and lashes,0,0,0,0,0,0,0,0,1,0,0,0,1,1,False,False,MOOD BROWS AND LASHES
monza barcade concept,0,0,0,0,0,1,0,0,0,0,0,0,1,1,False,False,Monza / Barcade Concept
yoshimeatsu,0,0,0,0,0,1,0,0,0,0,0,0,1,1,False,False,Yoshimeatsu
zhenti massage,0,0,0,0,0,0,0,0,1,0,0,0,1,1,False,False,ZHENTI MASSAGE
mljl trading gadgetz atbp,0,0,0,0,0,0,0,1,0,0,0,0,1,1,False,False,MLJL Trading (Satellite) - Gadgetz atbp.
mlhuillier jewelry,0,0,0,0,1,0,0,0,0,0,0,0,1,1,False,False,MLhuillier Jewelry
mlhuillier jewellers,0,0,0,0,0,0,0,1,0,0,0,0,1,1,False,False,MLHUILLIER JEWELLERS
mlg travel & tours,0,0,0,0,0,0,0,1,0,0,0,0,1,1,False,False,MLG Travel & Tours
mlb korea,0,0,0,0,0,1,0,0,0,0,0,0,1,1,False,False,MLB Korea
zero degree,0,0,0,0,0,0,0,0,1,0,0,0,1,1,False,False,ZERO DEGREE
zero one story salon,0,0,0,0,0,1,0,0,0,0,0,0,1,1,False,False,Zero One Story Salon
mlb beauty and wellness hub,0,0,0,0,0,0,0,1,0,0,0,0,1,1,False,False,MLB Beauty and Wellness Hub
zero plus,0,0,0,0,0,0,0,0,0,0,0,1,1,1,False,False,ZERO PLUS (OPPO)
zero plus vivo,0,0,0,0,0,0,0,0,0,0,0,1,1,1,False,False,ZERO PLUS VIVO
zete house of beauty cloud phone,0,0,0,0,0,0,0,0,0,0,0,1,1,1,False,False,ZETE HOUSE OF BEAUTY (AVON) CLOUD PHONE
zhenzhu massage,0,0,0,0,0,0,0,1,0,0,0,0,1,1,False,False,Zhenzhu Massage
zenzest,0,0,0,0,0,0,0,1,0,0,0,0,1,1,False,False,Zenzest
zhulin restaurant,0,0,0,0,0,0,0,1,0,0,0,0,1,1,False,False,ZHULIN RESTAURANT
mkc vintage shop,0,1,0,0,0,0,0,0,0,0,0,0,1,1,False,False,MKC VINTAGE SHOP
zids sticker shop,0,0,0,0,0,0,0,0,1,0,0,0,1,1,False,False,ZIDS STICKER SHOP
mk fried noodles,0,0,1,0,0,0,0,0,0,0,0,0,1,1,False,False,Mk Fried Noodles
zion 1,0,0,0,0,0,1,0,0,0,0,0,0,1,1,False,False,Zion-1
zip & bottons,0,0,0,0,0,0,0,1,0,0,0,0,1,1,False,False,ZIP & Bottons
mjks food corner,0,0,0,0,0,0,0,1,0,0,0,0,1,1,False,False,MJK's Food Corner
zippo,0,0,0,0,0,0,0,0,1,0,0,0,1,1,False,False,ZIPPO
mjc accessories,0,0,0,0,0,0,0,0,0,0,0,1,1,1,False,False,MJC ACCESSORIES
zma mobile center,0,0,0,0,1,0,0,0,0,0,0,0,1,1,False,False,ZMA Mobile Center
mj gold & silver,0,0,0,0,0,0,0,1,0,0,0,0,1,1,False,False,MJ Gold & Silver
mljv dental works,0,0,0,0,0,0,0,0,0,0,0,1,1,1,False,False,MLJV DENTAL WORKS
zenway health and beauty shop,0,0,0,0,0,0,0,0,1,0,0,0,1,1,False,False,ZENWAY HEALTH AND BEAUTY SHOP
mizusawa milktea and coffee,0,0,0,0,0,0,0,0,1,0,0,0,1,1,False,False,MIZUSAWA MILKTEA AND COFFEE
zen zone massage chairs,0,1,0,0,0,0,0,0,0,0,0,0,1,1,False,False,ZEN-ZONE MASSAGE CHAIRS
zedrick,0,0,0,0,0,0,0,1,0,0,0,0,1,1,False,False,Zedrick
zedrick cellshop and laptop accessories,0,0,0,0,0,0,0,1,0,0,0,0,1,1,False,False,Zedrick Cellshop and Laptop Accessories
zeiss vision center,0,0,0,0,0,0,1,0,0,0,0,0,1,1,False,False,Zeiss Vision Center
zele wellness center,0,0,0,0,0,0,0,0,1,0,0,0,1,1,False,False,ZELE WELLNESS CENTER
zelphone,0,0,0,0,1,0,0,0,0,0,0,0,1,1,False,False,Zelphone
zen cell,0,0,1,0,0,0,0,0,0,0,0,0,1,1,False,False,Zen Cell
zen mobility,0,0,0,0,1,0,0,0,0,0,0,0,1,1,False,False,Zen Mobility
zen sushi,0,0,0,0,0,0,0,0,1,0,0,0,1,1,False,False,ZEN SUSHI
zen zest y valera,0,0,0,0,0,0,0,0,0,0,0,1,1,1,False,False,ZEN ZEST/Y.VALERA
mobile accessories,0,0,0,0,1,0,0,0,0,0,0,0,1,1,False,False,Mobile Accessories
mobicity,0,0,0,0,0,0,0,1,0,0,0,0,1,1,False,False,MOBICITY
mobi express,0,0,0,0,0,0,0,1,0,0,0,0,1,1,False,False,Mobi Express
mls,0,0,0,0,0,0,0,0,0,1,0,0,1,1,False,False,MLS
mobell copy center,0,0,0,0,0,0,0,1,0,0,0,0,1,1,False,False,Mobell Copy Center
zencell telecom,0,0,0,0,0,0,0,0,1,0,0,0,1,1,False,False,ZENCELL TELECOM
mnm de masaje massage chair services,0,0,0,0,0,0,0,1,0,0,0,0,1,1,False,False,MNM DE MASAJE MASSAGE CHAIR SERVICES (NEW)
mnm de masaje,0,0,0,0,0,0,0,1,0,0,0,0,1,1,False,False,MNM de Masaje
mnla,0,0,0,0,0,0,0,0,1,0,0,0,1,1,False,False,MNLA
mncc cellphones and accessories store,0,0,0,0,0,0,0,1,0,0,0,0,1,1,False,False,MNCC CELLPHONES AND ACCESSORIES STORE
zenit,0,0,0,0,1,0,0,0,0,0,0,0,1,1,False,False,Zenit
mml essentials,0,0,0,0,0,1,0,0,0,0,0,0,1,1,False,False,MML - Essentials
zensuals beauty & nail lounge,0,0,0,0,0,1,0,0,0,0,0,0,1,1,False,False,Zensuals Beauty & Nail Lounge
mmda satellite office,0,0,0,0,0,0,0,1,0,0,0,0,1,1,False,False,MMDA Satellite Office
zentea,0,0,0,0,0,0,0,1,0,0,0,0,1,1,False,False,Zentea
mj gadget,0,0,0,0,0,0,1,0,0,0,0,0,1,1,False,False,Mj Gadget
mizuno,0,1,0,0,0,0,0,0,0,0,0,0,1,1,False,False,MIZUNO
montesa medical group aesthetic center,0,1,0,0,0,0,0,0,0,0,0,0,1,1,False,False,MONTESA MEDICAL GROUP AESTHETIC CENTER
miruu,0,0,0,0,0,0,0,1,0,0,0,0,1,1,False,False,MIRUU
mist & co,0,0,0,0,0,0,0,1,0,0,0,0,1,1,False,False,MIST & CO
zumanity videoke live,0,0,0,0,0,0,0,0,0,0,0,1,1,1,False,False,ZUMANITY VIDEOKE LIVE
missy bon bon,0,0,0,0,0,0,0,1,0,0,0,0,1,1,False,False,Missy Bon Bon
missing link,0,0,0,0,0,1,0,0,0,0,0,0,1,1,False,False,Missing Link
miss tea cafe,0,0,0,0,0,0,0,1,0,0,0,0,1,1,False,False,MISS TEA CAFE
miss olives ice cream,0,0,0,0,0,0,0,1,0,0,0,0,1,1,False,False,MISS OLIVE'S ICE CREAM
miss esthe,0,0,0,0,0,1,0,0,0,0,0,0,1,1,False,False,Miss Esthe
misreen pet food & accessories,0,0,0,0,0,0,1,0,0,0,0,0,1,1,False,False,Misreen Pet Food & Accessories
mismukuno,0,1,0,0,0,0,0,0,0,0,0,0,1,1,False,False,MISMUKUNO
misen homewares,0,0,0,1,0,0,0,0,0,0,0,0,1,1,False,False,Misen Homewares
misaki,0,0,1,0,0,0,0,0,0,0,0,0,1,1,False,False,Misaki
mirrors salon & spa,0,0,0,0,0,0,0,1,0,0,0,0,1,1,False,False,MIRRORS SALON & SPA
mister donut kiosk,0,0,0,0,0,0,0,1,0,0,0,0,1,1,False,False,MISTER DONUT KIOSK
mirrored his & hers studio,0,0,0,0,0,0,0,0,1,0,0,0,1,1,False,False,MIRRORED HIS & HERS STUDIO
miratap,0,0,0,0,0,0,1,0,0,0,0,0,1,1,False,False,Miratap
mirangcurl korea salon,0,1,0,0,0,0,0,0,0,0,0,0,1,1,False,False,MIRANGCURL KOREA SALON
zuriels gadget & accessories shop,0,0,0,0,0,0,0,1,0,0,0,0,1,1,False,False,Zuriel's Gadget & Accessories Shop
zya & knox home furniture,0,1,0,0,0,0,0,0,0,0,0,0,1,1,False,False,ZYA & KNOX HOME FURNITURE
zyberauto,0,0,0,0,0,0,0,1,0,0,0,0,1,1,False,False,ZYBERAUTO
zyberone service center,0,0,0,0,0,0,0,0,1,0,0,0,1,1,False,False,ZYBERONE SERVICE CENTER
zydnieland ferielle,0,0,0,0,0,0,0,0,1,0,0,0,1,1,False,False,ZYDNIELAND FERIELLE
mira stationers,0,0,0,0,0,0,0,1,0,0,0,0,1,1,False,False,MIRA STATIONERS
miquits therapeutic blind massage,0,0,0,0,0,0,0,0,1,0,0,0,1,1,False,False,MIQUITS THERAPEUTIC BLIND MASSAGE
miquesi salon,0,0,0,0,0,1,0,0,0,0,0,0,1,1,False,False,Miquesi Salon
mister donut cafe,0,0,0,0,0,0,0,0,1,0,0,0,1,1,False,False,MISTER DONUT CAFE
mister donut zagu,0,0,0,0,0,0,0,0,0,0,0,1,1,1,False,False,MISTER DONUT / ZAGU
mizuki,0,0,0,0,0,1,0,0,0,0,0,0,1,1,False,False,Mizuki
mix eat,0,0,0,0,0,0,0,1,0,0,0,0,1,1,False,False,Mix Eat
zn pearl shake,0,0,0,0,0,0,0,1,0,0,0,0,1,1,False,False,ZN Pearl Shake
mixx,0,0,0,0,0,0,0,1,0,0,0,0,1,1,False,False,MIXX
mixue ice cream & tea,0,0,0,0,0,0,0,1,0,0,0,0,1,1,False,False,MIXUE ICE CREAM & TEA
mixue ice cream,0,1,0,0,0,0,0,0,0,0,0,0,1,1,False,False,MIXUE ICE CREAM
mixte,0,0,0,0,0,0,1,0,0,0,0,0,1,1,False,False,Mixté
zojirushi,0,1,0,0,0,0,0,0,0,0,0,0,1,1,False,False,ZOJIRUSHI
zoofari,0,0,0,0,0,0,0,0,1,0,0,0,1,1,False,False,ZOOFARI
zoomoov,0,0,0,0,0,1,0,0,0,0,0,0,1,1,False,False,Zoomoov
mix n magic,0,0,0,0,1,0,0,0,0,0,0,0,1,1,False,False,Mix n Magic
mix in style,0,0,0,0,0,0,0,1,0,0,0,0,1,1,False,False,Mix In Style
mix gems,0,0,0,0,0,0,1,0,0,0,0,0,1,1,False,False,Mix Gems
zorro boomz petshop,0,0,0,0,0,0,1,0,0,0,0,0,1,1,False,False,Zorro Boomz Petshop
mister frosty,0,0,0,0,0,0,0,0,1,0,0,0,1,1,False,False,MISTER FROSTY
mitubl,0,0,0,0,0,0,0,0,1,0,0,0,1,1,False,False,MITUBL
mitsuhana,0,0,0,0,0,0,0,1,0,0,0,0,1,1,False,False,MITSUHANA
mitsubishi motors fast autoworld,0,0,0,0,0,0,0,0,1,0,0,0,1,1,False,False,MITSUBISHI MOTORS - FAST AUTOWORLD
mitsubishi motors cebu lifestlye center,0,0,0,0,0,0,0,0,1,0,0,0,1,1,False,False,MITSUBISHI MOTORS CEBU LIFESTLYE CENTER
zozo frozen yogurt,0,0,0,0,0,0,0,0,1,0,0,0,1,1,False,False,ZOZO FROZEN YOGURT
zte mobile,0,0,0,0,0,0,0,0,1,0,0,0,1,1,False,False,ZTE MOBILE
ztwo,0,0,0,0,0,0,0,1,0,0,0,0,1,1,False,False,Ztwo
zu,0,0,0,0,0,0,1,0,0,0,0,0,1,1,False,False,Zu
mita,0,0,0,0,0,0,0,1,0,0,0,0,1,1,False,False,Mita
zu boh ti,0,0,0,0,0,0,0,1,0,0,0,0,1,1,False,False,ZU BOH TI
mister siomai atbp,0,0,0,0,0,0,0,0,1,0,0,0,1,1,False,False,MISTER SIOMAI ATBP
zeb fashion boutique 9685856392,0,0,0,0,0,0,0,1,0,0,0,0,1,1,False,False,ZEB FASHION BOUTIQUE 9685856392
mobile care solutions,0,0,0,0,0,0,1,0,0,0,0,0,1,1,False,False,Mobile Care Solutions
mobile circuit,0,0,1,0,0,0,0,0,0,0,0,0,1,1,False,False,Mobile Circuit
ystilo,0,0,0,0,0,0,1,0,0,0,0,0,1,1,False,False,Ystilo
ysa skin & body experts,0,0,0,0,0,0,0,1,0,0,0,0,1,1,False,False,Ysa Skin & Body Experts
ysa skin and body experts,0,0,1,0,0,0,0,0,0,0,0,0,1,1,False,False,Ysa Skin And Body Experts
ysa skin care,0,0,0,0,0,0,0,1,0,0,0,0,1,1,False,False,Ysa Skin Care
moms ube choco champorado,0,0,0,0,0,0,0,1,0,0,0,0,1,1,False,False,MOMS UBE-CHOCO CHAMPORADO
ysa skin care center dermatology dentistry,0,0,0,0,0,1,0,0,0,0,0,0,1,1,False,False,Ysa Skin Care Center Dermatology - Dentistry
moms ube and triple chocolate champorado,0,0,0,0,0,0,0,1,0,0,0,0,1,1,False,False,MOM'S UBE AND TRIPLE CHOCOLATE CHAMPORADO
ysabela drink corner,0,0,0,0,0,0,0,0,0,0,0,1,1,1,False,False,YSABELA DRINK CORNER
ysl fragrance,0,0,0,0,0,1,0,0,0,0,0,0,1,1,False,False,YSL Fragrance
momoyo ice cream & iced coffee,0,0,0,0,0,0,0,1,0,0,0,0,1,1,False,False,Momoyo Ice Cream & Iced Coffee
ysobel art gallery,0,1,0,0,0,0,0,0,0,0,0,0,1,1,False,False,YSOBEL ART GALLERY
yssabelle aesthetics and wellness,0,1,0,0,0,0,0,0,0,0,0,0,1,1,False,False,YSSABELLE AESTHETICS AND WELLNESS
ytelcom,0,0,0,0,1,0,0,0,0,0,0,0,1,1,False,False,Ytelcom
yrys,0,0,0,0,0,0,0,0,1,0,0,0,1,1,False,False,YRYS
momo cart,0,0,0,0,0,0,0,1,0,0,0,0,1,1,False,False,Momo Cart
mommas fresh lumpia,0,0,0,0,0,0,0,0,1,0,0,0,1,1,False,False,MOMMAS FRESH LUMPIA
mom ube choco champorado,0,0,0,0,0,0,0,1,0,0,0,0,1,1,False,False,MOM' UBE CHOCO CHAMPORADO
yucca wellness spa,0,0,0,0,0,0,0,0,1,0,0,0,1,1,False,False,YUCCA WELLNESS SPA
mom czes pares mami house,0,0,0,0,0,0,0,1,0,0,0,0,1,1,False,False,Mom Cze's Pares Mami House
yummy,0,0,0,0,1,0,0,0,0,0,0,0,1,1,False,False,Yummy
yummy niku,0,0,0,0,0,0,0,0,1,0,0,0,1,1,False,False,YUMMY NIKU
molino grill,0,0,0,0,0,0,0,1,0,0,0,0,1,1,False,False,Molino Grill
mois empanada,0,0,0,0,1,0,0,0,0,0,0,0,1,1,False,False,Moi's Empanada
moderna,0,0,0,0,0,1,0,0,0,0,0,0,1,1,False,False,Moderna
modern smiles,0,0,0,0,0,0,0,0,1,0,0,0,1,1,False,False,MODERN SMILES
ysa dermatology & dentistry,0,0,0,0,0,0,0,1,0,0,0,0,1,1,False,False,Ysa Dermatology & Dentistry
monarch montage skin science and medical aesthetics,0,0,1,0,0,0,0,0,0,0,0,0,1,1,False,False,Monarch Montage Skin Science And Medical Aesthetics
mobile core,0,0,0,0,0,0,0,0,1,0,0,0,1,1,False,False,MOBILE CORE
yoyi,0,0,0,0,0,0,0,0,1,0,0,0,1,1,False,False,YOYI
monters siomai,0,0,0,0,0,0,0,1,0,0,0,0,1,1,False,False,MONTERS SIOMAI
monteal money changer,0,0,0,0,0,1,0,0,0,0,0,0,1,1,False,False,Monteal Money Changer
montblanc,0,1,0,0,0,0,0,0,0,0,0,0,1,1,False,False,MONTBLANC
mont blanc,0,0,0,0,0,0,0,1,0,0,0,0,1,1,False,False,Mont-Blanc
young artist studio,0,0,0,0,0,0,1,0,0,0,0,0,1,1,False,False,Young Artist Studio
younglim,0,0,0,0,0,0,0,0,1,0,0,0,1,1,False,False,YOUNGLIM
monster radio,0,0,0,0,1,0,0,0,0,0,0,0,1,1,False,False,Monster Radio
your dental place,0,0,0,0,0,1,0,0,0,0,0,0,1,1,False,False,Your Dental Place
your eyewear specialist,0,0,0,1,0,0,0,0,0,0,0,0,1,1,False,False,Your Eyewear Specialist
yowell all you can,0,0,0,0,0,0,0,0,1,0,0,0,1,1,False,False,YOWELL ALL YOU CAN
mons takuyaki japanese food cart,0,0,0,0,0,0,0,0,1,0,0,0,1,1,False,False,MONS TAKUYAKI JAPANESE FOOD CART
yoyis cakes & pastries,0,0,0,0,0,0,0,1,0,0,0,0,1,1,False,False,Yoyi's Cakes & Pastries
mondae,0,0,0,0,0,0,0,0,1,0,0,0,1,1,False,False,MONDAE
mono mansion,0,0,0,0,0,0,0,0,1,0,0,0,1,1,False,False,MONO MANSION
mono echelon,0,0,0,0,1,0,0,0,0,0,0,0,1,1,False,False,Mono / Echelon
monki,0,0,0,0,0,0,0,0,1,0,0,0,1,1,False,False,MONKI
monkey grounds coffee,0,0,0,0,0,1,0,0,0,0,0,0,1,1,False,False,Monkey Grounds Coffee
monicas handicrafts,0,0,0,0,0,0,0,0,1,0,0,0,1,1,False,False,MONICAS HANDICRAFTS
monicas apartment laundry room,0,0,0,0,0,1,0,0,0,0,0,0,1,1,False,False,Monica's Apartment Laundry Room
mongolian stir fried noodles,0,0,0,0,0,0,0,1,0,0,0,0,1,1,False,False,MONGOLIAN STIR FRIED NOODLES
yoyis pastries and desserts,0,0,0,0,0,0,0,1,0,0,0,0,1,1,False,False,Yoyi's Pastries and Desserts
yoyong palima photography,0,0,0,0,1,0,0,0,0,0,0,0,1,1,False,False,Yoyong Palima Photography
money xpress,0,0,0,0,0,1,0,0,0,0,0,0,1,1,False,False,Money Xpress
money changer,0,0,0,0,0,0,0,1,0,0,0,0,1,1,False,False,Money Changer
modern shang and fish & co,0,0,0,0,0,0,0,1,0,0,0,0,1,1,False,False,Modern Shang and Fish & Co
yummy panghimagas,0,0,0,0,0,0,0,0,1,0,0,0,1,1,False,False,YUMMY PANGHIMAGAS
modern pet,0,0,0,0,0,1,0,0,0,0,0,0,1,1,False,False,Modern Pet
mobile networks,0,0,0,0,1,0,0,0,0,0,0,0,1,1,False,False,Mobile Networks
mobile tech ave,0,0,0,0,0,0,0,0,1,0,0,0,1,1,False,False,MOBILE TECH AVE
zaki potato fries avenue,0,0,0,0,0,0,0,0,1,0,0,0,1,1,False,False,ZAKI POTATO FRIES AVENUE
zakka,0,0,1,0,0,0,0,0,0,0,0,0,1,1,False,False,Zakka
zamin,0,0,0,0,0,0,0,1,0,0,0,0,1,1,False,False,Zamin
zamin exchange,0,0,0,0,0,0,0,1,0,0,0,0,1,1,False,False,Zamin Exchange
mobile shop,0,1,0,0,0,0,0,0,0,0,0,0,1,1,False,False,MOBILE SHOP
mobile shield,0,0,0,0,0,0,0,0,1,0,0,0,1,1,False,False,MOBILE SHIELD
zandys goodies 9685728514,0,0,0,0,0,0,0,1,0,0,0,0,1,1,False,False,ZANDY'S GOODIES 9685728514
zao,0,0,0,0,0,0,1,0,0,0,0,0,1,1,False,False,ZAO
mobile place,0,0,0,0,0,0,0,0,1,0,0,0,1,1,False,False,MOBILE PLACE
mobile outfitters,0,0,0,0,0,1,0,0,0,0,0,0,1,1,False,False,Mobile Outfitters
zar clothing collection,0,0,0,0,0,0,0,0,0,0,0,1,1,1,False,False,ZAR CLOTHING COLLECTION
modern optics and eye center,0,0,0,0,0,0,0,0,1,0,0,0,1,1,False,False,MODERN OPTICS AND EYE CENTER
zarah fashion boutique argentee,0,0,0,0,0,0,0,0,0,0,0,1,1,1,False,False,ZARAH FASHION BOUTIQUE ARGENTEE
zarah juan,0,1,0,0,0,0,0,0,0,0,0,0,1,1,False,False,ZARAH JUAN
zaras travel,0,0,0,0,1,0,0,0,0,0,0,0,1,1,False,False,Zara's Travel
zaras travel & tour cebu pacific,0,0,0,0,0,0,0,1,0,0,0,0,1,1,False,False,Zara's Travel & Tour - Cebu pacific
mobile g mik,0,0,0,0,0,0,0,0,1,0,0,0,1,1,False,False,MOBILE G-MIK
zarks,0,0,0,0,0,1,0,0,0,0,0,0,1,1,False,False,Zark's
zatazza cafe,0,0,0,0,0,0,0,1,0,0,0,0,1,1,False,False,Zatazza Cafe
mobile extras,0,0,0,0,0,0,0,1,0,0,0,0,1,1,False,False,Mobile Extras
zaxy,0,0,0,0,0,0,0,0,1,0,0,0,1,1,False,False,ZAXY
zayre medical supplies,0,0,0,0,0,0,0,1,0,0,0,0,1,1,False,False,Zayre Medical Supplies
zcc mobile,0,0,0,0,1,0,0,0,0,0,0,0,1,1,False,False,ZCC Mobile
zaine cosmetics,0,0,0,0,0,0,0,0,0,1,0,0,1,1,False,False,ZAINE COSMETICS
mobile to go,0,0,0,0,0,0,1,0,0,0,0,0,1,1,False,False,Mobile To Go
zaigold,0,0,0,0,0,0,1,0,0,0,0,0,1,1,False,False,Zaigold
mobile works,0,0,0,0,0,0,0,0,1,0,0,0,1,1,False,False,MOBILE WORKS
modern optics,0,0,0,0,0,0,0,0,1,0,0,0,1,1,False,False,MODERN OPTICS
modern gadgets,0,0,1,0,0,0,0,0,0,0,0,0,1,1,False,False,Modern Gadgets
yummy treats,0,0,0,0,0,0,0,1,0,0,0,0,1,1,False,False,YUMMY TREATS
modern dental studio,0,0,0,0,0,1,0,0,0,0,0,0,1,1,False,False,Modern Dental Studio
yuvolt,0,0,0,0,0,0,0,0,1,0,0,0,1,1,False,False,YUVOLT
modern bamboo,0,0,0,0,0,0,0,0,1,0,0,0,1,1,False,False,MODERN BAMBOO
modbed,0,0,0,0,0,0,1,0,0,0,0,0,1,1,False,False,modbed
mod audio ph,0,0,0,0,0,0,0,0,1,0,0,0,1,1,False,False,MOD AUDIO PH
mochi mama,0,0,0,0,0,0,0,0,1,0,0,0,1,1,False,False,MOCHI MAMA
yvan,0,0,0,0,0,0,0,1,0,0,0,0,1,1,False,False,YVAN
yves rocher france,0,0,1,0,0,0,0,0,0,0,0,0,1,1,False,False,Yves Rocher France
mobteq,0,0,0,0,0,0,0,0,1,0,0,0,1,1,False,False,MOBTEQ
z and z print labs,0,0,0,0,0,0,0,0,1,0,0,0,1,1,False,False,Z AND Z PRINT LABS
za wrap food express,0,0,0,0,0,0,0,0,1,0,0,0,1,1,False,False,ZA-WRAP FOOD EXPRESS
zabroso pizza & pasta,0,0,0,0,0,0,0,0,1,0,0,0,1,1,False,False,ZABROSO PIZZA & PASTA
zachasia,0,0,1,0,0,0,0,0,0,0,0,0,1,1,False,False,Zachasia
mobistar cellphone and accessories,0,0,0,0,0,0,0,1,0,0,0,0,1,1,False,False,MOBISTAR CELLPHONE AND ACCESSORIES
zachys sweetreats pastillas collection,0,0,0,0,0,0,0,0,1,0,0,0,1,1,False,False,ZACHYS SWEETREATS PASTILLAS COLLECTION
zagu exterior,0,0,0,0,0,0,0,0,0,1,0,0,1,1,False,False,ZAGU EXTERIOR
mobility scooter kiosk,0,0,0,0,0,0,0,1,0,0,0,0,1,1,False,False,MOBILITY SCOOTER KIOSK
mobilinks,0,0,0,0,0,0,0,1,0,0,0,0,1,1,False,False,MOBILINKS
zagu foods gf,0,0,0,0,0,0,0,0,0,1,0,0,1,1,False,False,ZAGU FOODS GF
zagu potato corner,0,0,0,0,0,0,0,0,0,0,0,1,1,1,False,False,ZAGU POTATO CORNER
world harvest church,0,1,0,0,0,0,0,0,0,0,0,0,1,1,False,False,WORLD HARVEST CHURCH
world coffee,0,0,1,0,0,0,0,0,0,0,0,0,1,1,False,False,World Coffee
my falafel,0,0,0,0,0,1,0,0,0,0,0,0,1,1,False,False,My Falafel
noahs petsmart,0,1,0,0,0,0,0,0,0,0,0,0,1,1,False,False,NOAH'S PETSMART
noodle house exhibit,0,0,0,0,0,0,0,0,1,0,0,0,1,1,False,False,NOODLE HOUSE EXHIBIT
vuddy vuddy,0,0,0,0,0,0,0,0,1,0,0,0,1,1,False,False,VUDDY VUDDY
noodle house 0917 862 4055,0,0,0,0,0,0,0,1,0,0,0,0,1,1,False,False,NOODLE HOUSE 0917 862 4055
vvt,0,0,0,0,0,0,0,1,0,0,0,0,1,1,False,False,VVT
vxi global holdings,0,0,0,0,0,0,0,1,0,0,0,0,1,1,False,False,VXI GLOBAL HOLDINGS
nonnas pasta & pizzeria,0,1,0,0,0,0,0,0,0,0,0,0,1,1,False,False,NONNA'S PASTA & PIZZERIA
nonki japanese restaurant,0,0,0,0,0,0,0,0,1,0,0,0,1,1,False,False,NONKI JAPANESE RESTAURANT
noms,0,0,0,0,0,0,0,0,1,0,0,0,1,1,False,False,NOMS
waffle 101,0,0,0,0,0,0,0,0,1,0,0,0,1,1,False,False,WAFFLE 101
nomikashi,0,0,0,0,0,0,0,0,1,0,0,0,1,1,False,False,NOMIKASHI
nomikai gastropub,0,0,0,0,0,0,0,1,0,0,0,0,1,1,False,False,Nomikai Gastropub
waffle fun,0,0,0,0,0,0,0,0,0,0,0,1,1,1,False,False,WAFFLE FUN
vryrus gsm ent,0,0,0,0,0,0,0,1,0,0,0,0,1,1,False,False,Vryrus GSM Ent.
waffle mate,0,0,0,0,0,0,0,0,1,0,0,0,1,1,False,False,WAFFLE MATE
waffle time 9954641325,0,0,0,0,0,0,0,1,0,0,0,0,1,1,False,False,Waffle Time 9954641325
no strips salon 0907 509 7345,0,0,0,0,0,0,0,1,0,0,0,0,1,1,False,False,NO STRIPS SALON 0907-509-7345
wafflehaus,0,0,0,0,0,0,0,1,0,0,0,0,1,1,False,False,Wafflehaus
wagas crafts,0,1,0,0,0,0,0,0,0,0,0,0,1,1,False,False,WAGAS CRAFTS
wagyu,0,0,0,0,0,1,0,0,0,0,0,0,1,1,False,False,Wagyu
wai ying dimsum,0,0,0,0,0,1,0,0,0,0,0,0,1,1,False,False,Wai Ying Dimsum
no problem stk,0,0,0,0,0,0,0,0,1,0,0,0,1,1,False,False,NO PROBLEM STK
wakuland exhibit,0,0,0,0,0,0,0,0,0,0,0,1,1,1,False,False,WAKULAND EXHIBIT
no problem lets go bingo,0,0,0,0,0,0,0,1,0,0,0,0,1,1,False,False,No Problem Lets Go Bingo
no curfew,0,0,0,0,0,0,0,0,1,0,0,0,1,1,False,False,NO CURFEW
vsing philippines,0,0,0,0,0,1,0,0,0,0,0,0,1,1,False,False,VSing Philippines
vq smart,0,0,0,0,0,0,0,0,1,0,0,0,1,1,False,False,VQ - SMART
no bad days coffee,0,0,0,0,0,1,0,0,0,0,0,0,1,1,False,False,No Bad Days Coffee
nors footwear,0,0,0,0,0,0,0,1,0,0,0,0,1,1,False,False,NORS FOOTWEAR
not just silver,0,0,0,0,0,0,0,1,0,0,0,0,1,1,False,False,Not Just Silver
not for lease,0,0,0,0,0,0,0,0,0,0,0,1,1,1,False,False,NOT FOR LEASE
nostalgia kings silver,0,0,0,0,0,0,0,0,0,0,0,1,1,1,False,False,NOSTALGIA KINGS SILVER
nose boop,0,0,0,0,0,1,0,0,0,0,0,0,1,1,False,False,Nose Boop
vivre medical group,0,0,0,0,0,0,0,0,1,0,0,0,1,1,False,False,THE VIVRE MEDICAL GROUP
north tech,0,0,0,0,0,0,0,0,1,0,0,0,1,1,False,False,NORTH TECH
vloved,0,0,0,0,0,0,0,1,0,0,0,0,1,1,False,False,VLOVED
vmaxx cellphone & accessories shop,0,0,0,0,0,0,0,0,0,0,1,0,1,1,False,False,VMAXX Cellphone & Accessories Shop
north dental clinic,0,0,0,0,0,0,0,0,1,0,0,0,1,1,False,False,NORTH DENTAL CLINIC
north brew,0,0,0,0,0,0,0,0,1,0,0,0,1,1,False,False,NORTH BREW
norsaimah,0,0,0,0,0,0,0,1,0,0,0,0,1,1,False,False,Norsaimah
nori san,0,0,0,0,0,0,0,0,1,0,0,0,1,1,False,False,NORI-SAN
noodles everyday,0,0,0,0,0,1,0,0,0,0,0,0,1,1,False,False,Noodles Everyday
voice,0,0,0,0,0,0,0,1,0,0,0,0,1,1,False,False,Voice
nords bread hub,0,0,0,0,0,0,0,0,1,0,0,0,1,1,False,False,NORDS BREAD HUB
noralyns beauty product,0,0,0,0,0,0,0,0,0,0,0,1,1,1,False,False,NORALYN'S BEAUTY PRODUCT
voice solutions,0,0,0,0,0,0,0,0,0,1,0,0,1,1,False,False,VOICE SOLUTIONS
nora salon,0,0,0,0,0,0,0,1,0,0,0,0,1,1,False,False,Nora Salon
vonel salon and spa,0,1,0,0,0,0,0,0,0,0,0,0,1,1,False,False,VONEL SALON AND SPA
noontalk nail lounge,0,0,0,0,0,0,0,1,0,0,0,0,1,1,False,False,NOONTALK NAIL LOUNGE
noonsaram korean cafe,0,0,0,0,0,0,0,0,1,0,0,0,1,1,False,False,NOONSARAM KOREAN CAFE
vpharma 9493526427,0,0,0,0,0,0,0,1,0,0,0,0,1,1,False,False,VPHARMA 9493526427
noon talk,0,0,0,0,0,0,0,0,1,0,0,0,1,1,False,False,NOON TALK
vpower accessories,0,0,0,0,1,0,0,0,0,0,0,0,1,1,False,False,Vpower Accessories
no brand,0,1,0,0,0,0,0,0,0,0,0,0,1,1,False,False,NO BRAND
no 1 malatang,0,0,0,0,0,0,1,0,0,0,0,0,1,1,False,False,No.1 Malatang
new your fries and dip,0,0,0,0,0,0,0,1,0,0,0,0,1,1,False,False,New Your Fries and Dip
watch empire,0,0,0,0,0,0,1,0,0,0,0,0,1,1,False,False,Watch Empire
nikkei,0,0,0,0,0,0,0,0,1,0,0,0,1,1,False,False,NIKKEI
wat pho,0,0,0,0,0,0,0,1,0,0,0,0,1,1,False,False,WAT PHO
nike zone,0,0,0,0,0,0,0,1,0,0,0,0,1,1,False,False,Nike Zone
nike sports center,0,1,0,0,0,0,0,0,0,0,0,0,1,1,False,False,NIKE SPORTS CENTER
nike outlet,0,0,0,0,0,0,1,0,0,0,0,0,1,1,False,False,Nike Outlet
nihonkai tsukiji,0,0,0,0,0,1,0,0,0,0,0,0,1,1,False,False,Nihonkai Tsukiji
watami grill sushi bar,0,0,0,0,0,0,0,0,1,0,0,0,1,1,False,False,WATAMI GRILL SUSHI BAR
nightshade cocktails & spirits,0,0,0,0,0,1,0,0,0,0,0,0,1,1,False,False,Nightshade Cocktails & Spirits
watami japanese restaurant,0,0,0,0,0,0,0,0,1,0,0,0,1,1,False,False,WATAMI JAPANESE RESTAURANT
watch ceantral,0,0,0,0,0,0,0,1,0,0,0,0,1,1,False,False,WATCH CEANTRAL
nids binalot,0,0,0,0,0,0,0,1,0,0,0,0,1,1,False,False,Nid's Binalot
nicoletti home,0,0,0,0,0,1,0,0,0,0,0,0,1,1,False,False,Nicoletti Home
nikola moto,0,0,0,0,0,0,0,0,1,0,0,0,1,1,False,False,NIKOLA MOTO
nicolette bakery cafe,0,0,0,0,0,0,0,0,1,0,0,0,1,1,False,False,NICOLETTE BAKERY CAFE
nicole gadgets,0,0,0,0,0,0,1,0,0,0,0,0,1,1,False,False,Nicole Gadgets
nicks,0,0,0,0,0,0,0,0,1,0,0,0,1,1,False,False,NICKS
nichomart,0,0,0,0,0,0,0,1,0,0,0,0,1,1,False,False,Nichomart
nice day carwash,0,0,0,0,0,0,0,0,0,1,0,0,1,1,False,False,NICE DAY CARWASH
ngohiong express,0,1,0,0,0,0,0,0,0,0,0,0,1,1,False,False,NGOHIONG EXPRESS
ngitiann dental clinic,0,0,0,0,0,0,0,0,0,0,0,1,1,1,False,False,Ngitiann Dental Clinic
ngenius it hub,0,0,0,0,0,0,0,0,1,0,0,0,1,1,False,False,NGENIUS IT HUB
watch station,0,0,0,0,1,0,0,0,0,0,0,0,1,1,False,False,Watch Station
newtopia,0,0,0,0,0,0,0,1,0,0,0,0,1,1,False,False,Newtopia
newport cinemas,0,0,0,0,0,1,0,0,0,0,0,0,1,1,False,False,Newport Cinemas
washore laundry shop,0,0,0,0,0,0,0,0,1,0,0,0,1,1,False,False,WASHORE LAUNDRY SHOP
washin where,0,0,0,0,0,0,0,0,1,0,0,0,1,1,False,False,WASHIN WHERE
nn photo kodak,0,0,0,0,0,0,0,0,0,0,0,1,1,1,False,False,NN PHOTO/KODAK
nitro 7 coffee 9395400418,0,0,0,0,0,0,0,1,0,0,0,0,1,1,False,False,Nitro 7 Coffee 9395400418
waling flowers,0,1,0,0,0,0,0,0,0,0,0,0,1,1,False,False,WALING FLOWERS
walker,1,0,0,0,0,0,0,0,0,0,0,0,1,1,False,False,WALKER
nmb kiosk,0,0,0,0,0,0,0,0,0,0,0,1,1,1,False,False,NMB KIOSK
walkstar shop rtr,0,0,0,0,0,0,0,1,0,0,0,0,1,1,False,False,Walkstar Shop RTR (Res-Toe-Run)
njb printing & souvenir shop,0,0,0,0,0,0,0,0,0,0,1,0,1,1,False,False,NJB PRINTING & SOUVENIR SHOP
nj fashion,0,0,0,0,1,0,0,0,0,0,0,0,1,1,False,False,NJ Fashion
niya claw machine,0,0,0,0,0,0,0,1,0,0,0,0,1,1,False,False,NIYA CLAW MACHINE
wally magic,0,0,0,0,1,0,0,0,0,0,0,0,1,1,False,False,Wally Magic
waltermart cinema,0,0,0,0,0,0,0,0,0,0,1,0,1,1,False,False,WalterMart Cinema
wam skin clinic and medical spa,0,0,1,0,0,0,0,0,0,0,0,0,1,1,False,False,Wam Skin Clinic And Medical Spa
nitro 7 coffee tea bar,0,0,0,0,0,0,0,0,1,0,0,0,1,1,False,False,NITRO 7 COFFEE TEA BAR
nitro 7 coffee,0,0,0,0,0,0,1,0,0,0,0,0,1,1,False,False,Nitro 7 Coffee
wash up,0,1,0,0,0,0,0,0,0,0,0,0,1,1,False,False,WASH UP
nitro 7,0,0,0,0,0,0,0,0,1,0,0,0,1,1,False,False,NITRO 7
nitori,0,0,1,0,0,0,0,0,0,0,0,0,1,1,False,False,Nitori
nissan showroom,0,0,0,0,0,0,0,1,0,0,0,0,1,1,False,False,NISSAN SHOWROOM
nissan car display,0,0,0,0,0,0,0,1,0,0,0,0,1,1,False,False,Nissan Car Display
wasei care,0,0,0,0,0,0,0,1,0,0,0,0,1,1,False,False,Wasei Care
niseko coffee,0,0,0,0,0,0,1,0,0,0,0,0,1,1,False,False,Niseko Coffee
wash & wear,0,0,0,0,0,0,0,1,0,0,0,0,1,1,False,False,WASH & WEAR
nisce skin medispa,0,0,0,0,0,0,0,0,1,0,0,0,1,1,False,False,NISCE SKIN MEDISPA
nisce skin clinic,0,0,0,0,0,0,0,1,0,0,0,0,1,1,False,False,NISCE SKIN CLINIC (0930-648-9600)
wash n wear 9669776715,0,0,0,0,0,0,0,1,0,0,0,0,1,1,False,False,Wash N' Wear 9669776715
ninetygo,0,0,0,0,0,0,0,0,1,0,0,0,1,1,False,False,NINETYGO
notary public,0,0,0,0,0,0,0,1,0,0,0,0,1,1,False,False,Notary Public
nothing but laundry,0,0,0,0,0,1,0,0,0,0,0,0,1,1,False,False,Nothing But Laundry
viviers blooms,0,0,0,0,0,0,0,0,1,0,0,0,1,1,False,False,VIVIERS BLOOMS
occupational safety and health center,0,1,0,0,0,0,0,0,0,0,0,0,1,1,False,False,OCCUPATIONAL SAFETY AND HEALTH CENTER
vilcrafty handicraft,1,0,0,0,0,0,0,0,0,0,0,0,1,1,False,False,VILCRAFTY HANDICRAFT
village art gallery,0,1,0,0,0,0,0,0,0,0,0,0,1,1,False,False,VILLAGE ART GALLERY
octagon computer shop,0,0,0,0,0,0,0,1,0,0,0,0,1,1,False,False,OCTAGON COMPUTER SHOP
octagon al obied,0,0,0,0,0,0,0,0,0,0,0,1,1,1,False,False,Octagon AL - OBIED
villalon padron dental clinic and dental laboratory,0,0,0,0,0,0,0,0,1,0,0,0,1,1,False,False,VILLALON-PADRON DENTAL CLINIC AND DENTAL LABORATORY
ochie,0,0,0,0,0,0,1,0,0,0,0,0,1,1,False,False,Ochie
ochado,0,0,1,0,0,0,0,0,0,0,0,0,1,1,False,False,Ochado
villarica,0,0,0,0,0,0,1,0,0,0,0,0,1,1,False,False,Villarica
oceannail nail and lashes salon,0,1,0,0,0,0,0,0,0,0,0,0,1,1,False,False,OCEANNAIL NAIL AND LASHES SALON
ocean seafood restaurant,0,0,0,0,0,0,0,0,1,0,0,0,1,1,False,False,OCEAN SEAFOOD RESTAURANT
villarosa creations,0,0,0,0,0,0,0,0,1,0,0,0,1,1,False,False,VILLAROSA CREATIONS
occassions,0,1,0,0,0,0,0,0,0,0,0,0,1,1,False,False,OCCASSIONS
octo takoyaki,0,0,0,0,0,0,0,1,0,0,0,0,1,1,False,False,OCTO TAKOYAKI
occassion gift shop,1,0,0,0,0,0,0,0,0,0,0,0,1,1,False,False,OCCASSION GIFT SHOP
vincent hobby shop,0,0,1,0,0,0,0,0,0,0,0,0,1,1,False,False,Vincent Hobby Shop
ocampos fine jewellery,0,0,0,0,0,0,0,1,0,0,0,0,1,1,False,False,Ocampo's Fine Jewellery
vincents hobby shop,1,0,0,0,0,0,0,0,0,0,0,0,1,1,False,False,VINCENT'S HOBBY SHOP
obrang pilipino,0,0,0,0,0,0,0,0,1,0,0,0,1,1,False,False,OBRANG PILIPINO
vinci medical aesthetics,0,0,1,0,0,0,0,0,0,0,0,0,1,1,False,False,Vinci Medical Aesthetics
vinfast,0,0,0,0,0,0,0,1,0,0,0,0,1,1,False,False,VINFAST
vintage photo booth,0,0,0,0,0,0,0,1,0,0,0,0,1,1,False,False,Vintage Photo Booth
o2 wellness k beauty,0,0,0,0,0,1,0,0,0,0,0,0,1,1,False,False,O2 Wellness K-Beauty
vintage restore,0,0,0,0,0,0,0,0,1,0,0,0,1,1,False,False,VINTAGE RESTORE
vintage vision,0,0,0,0,0,0,0,1,0,0,0,0,1,1,False,False,Vintage Vision
octavians rtw surplus mega cellular network inc,0,0,0,0,0,0,0,0,0,0,0,1,1,1,False,False,"OCTAVIAN'S RTW SURPLUS MEGA CELLULAR NETWORK, INC"
viktor jeans,0,1,0,0,0,0,0,0,0,0,0,0,1,1,False,False,VIKTOR JEANS
vivi,0,0,0,0,1,0,0,0,0,0,0,0,1,1,False,False,Vivi
off price el torogi,0,0,0,0,0,0,0,0,0,0,0,1,1,1,False,False,"OFF PRICE, EL TOROGI"
ogawa japanese restaurant,0,0,0,0,0,1,0,0,0,0,0,0,1,1,False,False,Ogawa Japanese Restaurant
ogawa 8571 0812,0,0,0,0,0,0,0,1,0,0,0,0,1,1,False,False,OGAWA 8571-0812
victory,0,0,0,0,0,0,0,1,0,0,0,0,1,1,False,False,VICTORY
ofixph,0,0,0,0,0,0,0,0,1,0,0,0,1,1,False,False,OFIXPH
officine universelle buly,0,1,0,0,0,0,0,0,0,0,0,0,1,1,False,False,OFFICINE UNIVERSELLE BULY
victory christian fellowship 0977 806 6323,0,0,0,0,0,0,0,1,0,0,0,0,1,1,False,False,Victory Christian Fellowship 0977-806-6323
officepartners 360 inc,0,0,0,0,0,0,0,0,1,0,0,0,1,1,False,False,OFFICEPARTNERS 360 INC
victory churches of asia,0,0,0,0,0,0,0,0,0,1,0,0,1,1,False,False,VICTORY CHURCHES OF ASIA
office of the city prosecutor,0,0,1,0,0,0,0,0,0,0,0,0,1,1,False,False,Office Of The City Prosecutor
office ergonomics,0,0,1,0,0,0,0,0,0,0,0,0,1,1,False,False,Office Ergonomics
office,0,0,0,0,0,0,1,0,0,0,0,0,1,1,False,False,The Office
odz whitening beauty products,0,0,0,0,0,0,0,1,0,0,0,0,1,1,False,False,ODZ Whitening Beauty Products
octoboy unli wagyu and seafood grill,0,0,0,0,0,0,0,0,1,0,0,0,1,1,False,False,OCTOBOY UNLI WAGYU AND SEAFOOD GRILL
odyssey driving school,0,0,0,0,0,0,0,0,1,0,0,0,1,1,False,False,ODYSSEY DRIVING SCHOOL
victory of althea travels & tours,0,0,0,0,0,0,0,1,0,0,0,0,1,1,False,False,VICTORY OF ALTHEA TRAVELS & TOURS
odysseus suarez wedding rings 9451382492,0,0,0,0,0,0,0,1,0,0,0,0,1,1,False,False,ODYSSEUS SUAREZ WEDDING RINGS 9451382492
videotel 1,0,0,0,0,1,0,0,0,0,0,0,0,1,1,False,False,Videotel 1
viennes treasure fine jewelry,0,0,0,0,0,0,0,0,1,0,0,0,1,1,False,False,VIENNES TREASURE FINE JEWELRY
oden house of pearl,0,0,0,0,0,0,0,1,0,0,0,0,1,1,False,False,ODEN HOUSE OF PEARL
oddballs,0,0,1,0,0,0,0,0,0,0,0,0,1,1,False,False,Oddballs
od cafe express,0,0,0,0,0,0,0,1,0,0,0,0,1,1,False,False,OD CAFE EXPRESS
viewers telecom,0,0,0,0,0,0,0,0,1,0,0,0,1,1,False,False,VIEWERS TELECOM
vikings luxury buffet 8845 4647,0,0,0,0,0,0,0,1,0,0,0,0,1,1,False,False,VIKINGS LUXURY BUFFET (02) 8845-4647
vikings venue,0,0,0,0,0,0,0,0,1,0,0,0,1,1,False,False,VIKINGS VENUE
vintage vision international,0,0,0,0,0,0,0,1,0,0,0,0,1,1,False,False,Vintage Vision International
o noodle,0,0,0,0,0,0,0,1,0,0,0,0,1,1,False,False,O' Noodle
o d c dental clinic co,0,1,0,0,0,0,0,0,0,0,0,0,1,1,False,False,O.D.C DENTAL CLINIC CO.
nu fairview inc,0,0,0,0,0,0,0,0,1,0,0,0,1,1,False,False,NU FAIRVIEW INC
nullspace,0,0,0,0,0,1,0,0,0,0,0,0,1,1,False,False,Nullspace
nuggets foreign exchange services,0,0,0,0,0,0,0,1,0,0,0,0,1,1,False,False,NUGGETS FOREIGN EXCHANGE SERVICES
nude floor dance studio,0,1,0,0,0,0,0,0,0,0,0,0,1,1,False,False,NUDE FLOOR DANCE STUDIO
vision express counter,0,0,1,0,0,0,0,0,0,0,0,0,1,1,False,False,Vision Express Counter
nuat thai premier,0,0,0,0,0,0,0,0,1,0,0,0,1,1,False,False,NUAT THAI PREMIER
vision hub,0,0,0,0,0,0,0,0,0,0,0,1,1,1,False,False,Vision Hub
vision link optical,0,0,0,0,0,0,0,0,0,0,0,1,1,1,False,False,VISION LINK OPTICAL
vision saver,0,0,0,0,0,0,0,0,0,0,0,1,1,1,False,False,VISION SAVER
vision worx,0,0,0,0,0,0,0,0,1,0,0,0,1,1,False,False,VISION WORX
visionpro clinic,0,0,0,0,0,1,0,0,0,0,0,0,1,1,False,False,VisionPro Clinic
visual sense,0,0,0,0,1,0,0,0,0,0,0,0,1,1,False,False,Visual Sense
nu bulacan inc,0,0,0,0,0,0,0,0,1,0,0,0,1,1,False,False,NU BULACAN INC
o banh mi,0,0,0,0,0,0,0,1,0,0,0,0,1,1,False,False,O BANH MI
ntoys,0,0,0,0,0,0,1,0,0,0,0,0,1,1,False,False,Ntoys
vita bella bubble tea & coffee,0,0,0,0,0,0,0,1,0,0,0,0,1,1,False,False,VITA BELLA BUBBLE TEA & COFFEE
nstyle nail beauty lounge,0,0,0,0,0,0,0,0,1,0,0,0,1,1,False,False,NSTYLE NAIL BEAUTY LOUNGE
nsn dentalworks,0,0,0,0,0,0,0,0,1,0,0,0,1,1,False,False,NSN DENTALWORKS
nrl petgrooming pet shop,0,0,0,0,0,0,0,1,0,0,0,0,1,1,False,False,NRL PETGROOMING PET SHOP
vital skin hub,0,0,0,0,0,0,0,0,1,0,0,0,1,1,False,False,THE VITAL SKIN HUB
npower accessories,0,0,0,0,1,0,0,0,0,0,0,0,1,1,False,False,Npower Accessories
viva massage center,0,0,0,0,0,0,0,0,1,0,0,0,1,1,False,False,VIVA MASSAGE CENTER
nova skin,0,0,0,0,0,0,1,0,0,0,0,0,1,1,False,False,Nova Skin
tongara ramen,0,0,0,0,0,0,1,0,0,0,0,0,1,1,False,False,Tongara Ramen
nouveau skin clinic,0,1,0,0,0,0,0,0,0,0,0,0,1,1,False,False,NOUVEAU SKIN CLINIC
viseversa,0,1,0,0,0,0,0,0,0,0,0,0,1,1,False,False,VISEVERSA
number 1 barbeque,0,0,0,0,0,0,0,0,1,0,0,0,1,1,False,False,NUMBER 1 BARBEQUE
visa center towards a brighter future,0,0,0,0,0,0,0,0,1,0,0,0,1,1,False,False,THE VISA CENTER TOWARDS A BRIGHTER FUTURE
virtuous cafe,0,0,0,0,0,0,0,0,1,0,0,0,1,1,False,False,VIRTUOUS CAFE
nyfd premiere,0,1,0,0,0,0,0,0,0,0,0,0,1,1,False,False,NYFD PREMIERE
vintage vision optical,0,0,0,0,0,0,0,1,0,0,0,0,1,1,False,False,Vintage Vision Optical
vip cinema,0,0,0,1,0,0,0,0,0,0,0,0,1,1,False,False,VIP Cinema
vip optical ca exhibits,0,0,0,0,0,0,0,0,0,0,0,1,1,1,False,False,VIP OPTICAL CA EXHIBITS ( PROPERTY PRO )
nyc studio salon,0,0,0,0,0,0,0,0,1,0,0,0,1,1,False,False,NYC STUDIO SALON
ny buffalo brads hot wings,0,1,0,0,0,0,0,0,0,0,0,0,1,1,False,False,NY BUFFALO BRADS HOT WINGS
ny bagel by kates,0,1,0,0,0,0,0,0,0,0,0,0,1,1,False,False,NY BAGEL BY KATE'S
viphone,0,1,0,0,0,0,0,0,0,0,0,0,1,1,False,False,VIPHONE
nuvera aesthetic,0,0,0,0,0,1,0,0,0,0,0,0,1,1,False,False,Nuvera Aesthetic
nutwater buko juice,0,0,0,0,1,0,0,0,0,0,0,0,1,1,False,False,Nutwater Buko Juice
nuts and bits,0,0,0,0,0,0,0,0,0,0,1,0,1,1,False,False,Nuts And Bits
virgies homemade food products,0,1,0,0,0,0,0,0,0,0,0,0,1,1,False,False,VIRGIE'S HOMEMADE FOOD PRODUCTS
viro casa,0,1,0,0,0,0,0,0,0,0,0,0,1,1,False,False,VIRO CASA
virtu salon,0,0,0,0,0,0,0,1,0,0,0,0,1,1,False,False,Virtu Salon
nutriel,0,0,0,0,0,0,0,1,0,0,0,0,1,1,False,False,Nutriel
virtual station,0,0,0,0,0,0,1,0,0,0,0,0,1,1,False,False,Virtual Station
nutri health and beauty products trading,1,0,0,0,0,0,0,0,0,0,0,0,1,1,False,False,NUTRI HEALTH AND BEAUTY PRODUCTS TRADING
nutech solutions,0,0,0,0,0,0,0,0,1,0,0,0,1,1,False,False,NUTECH SOLUTIONS
nutech,0,1,0,0,0,0,0,0,0,0,0,0,1,1,False,False,NUTECH
nutcracker,0,0,0,0,0,0,0,0,1,0,0,0,1,1,False,False,THE NUTCRACKER
virtual world,0,0,0,0,0,0,0,0,1,0,0,0,1,1,False,False,VIRTUAL WORLD
nut water,0,0,0,0,1,0,0,0,0,0,0,0,1,1,False,False,Nut Water
nurlikas pearl shoppe,0,1,0,0,0,0,0,0,0,0,0,0,1,1,False,False,NURLIKA'S PEARL SHOPPE
newlife cellphone and accessories,0,0,0,0,0,0,0,0,1,0,0,0,1,1,False,False,NEWLIFE CELLPHONE AND ACCESSORIES
new york supreme,0,0,0,0,0,0,0,0,1,0,0,0,1,1,False,False,NEW YORK SUPREME
world chicken house,0,0,0,0,0,0,0,0,1,0,0,0,1,1,False,False,WORLD CHICKEN HOUSE
wm gadget hub,0,0,0,0,0,0,0,0,1,0,0,0,1,1,False,False,WM GADGET HUB
wipe out carwash,0,0,0,0,0,0,0,1,0,0,0,0,1,1,False,False,WIPE OUT CARWASH
wiredbox,0,0,0,0,0,0,1,0,0,0,0,0,1,1,False,False,Wiredbox
wireless,0,0,0,0,0,0,1,0,0,0,0,0,1,1,False,False,Wireless
wireless avenue,0,0,0,0,0,0,0,0,1,0,0,0,1,1,False,False,WIRELESS AVENUE
nail corner spa,0,0,0,0,0,0,0,0,1,0,0,0,1,1,False,False,NAIL CORNER SPA
witelcom,0,0,0,0,0,0,0,1,0,0,0,0,1,1,False,False,WITELCOM
wjf enterprise,0,0,1,0,0,0,0,0,0,0,0,0,1,1,False,False,Wjf Enterprise
wlp lucky charms,0,0,1,0,0,0,0,0,0,0,0,0,1,1,False,False,Wlp Lucky Charms
nai cha,0,0,0,0,0,0,0,0,1,0,0,0,1,1,False,False,NAI CHA
nagomi zakura,0,0,0,0,0,0,0,0,1,0,0,0,1,1,False,False,NAGOMI ZAKURA
naga optical,0,0,0,0,0,0,0,0,1,0,0,0,1,1,False,False,NAGA OPTICAL
woffys fun express,0,0,0,0,0,0,0,1,0,0,0,0,1,1,False,False,Woffy's Fun Express
wingyard,0,0,0,0,0,0,0,0,1,0,0,0,1,1,False,False,WINGYARD
naduma,0,0,0,0,0,0,0,0,1,0,0,0,1,1,False,False,NADUMA
wok alley,0,0,0,0,0,0,0,0,1,0,0,0,1,1,False,False,WOK ALLEY
nadomi maki food house,0,0,0,0,0,0,0,0,1,0,0,0,1,1,False,False,NADOMI MAKI FOOD HOUSE
nadines medical clinic,0,0,0,0,0,0,0,1,0,0,0,0,1,1,False,False,Nadine's Medical Clinic
wok it food and beverage house,0,0,0,0,0,0,0,0,1,0,0,0,1,1,False,False,WOK IT FOOD AND BEVERAGE HOUSE
nadines a z driving academy,0,0,0,0,0,0,0,1,0,0,0,0,1,1,False,False,Nadine's A-Z Driving Academy
nadela dental clinic,0,0,0,0,0,0,0,0,1,0,0,0,1,1,False,False,NADELA DENTAL CLINIC
nadai fujisoba,0,0,0,0,0,0,0,0,1,0,0,0,1,1,False,False,NADAI FUJISOBA
naclemons,0,0,0,0,0,0,0,1,0,0,0,0,1,1,False,False,Naclemons
wok man,0,0,0,0,1,0,0,0,0,0,0,0,1,1,False,False,Wok Man
wokman siomai,0,0,0,0,1,0,0,0,0,0,0,0,1,1,False,False,Wokman Siomai
wink,0,0,0,0,0,1,0,0,0,0,0,0,1,1,False,False,Wink
wings wraps by aviesha,0,0,0,0,0,0,0,0,1,0,0,0,1,1,False,False,WINGS WRAPS BY AVIESHA
wolflink wood smoked sausage and meats,0,1,0,0,0,0,0,0,0,0,0,0,1,1,False,False,WOLFLINK WOOD SMOKED SAUSAGE AND MEATS
win88win,0,0,0,0,0,0,0,0,1,0,0,0,1,1,False,False,WIN88WIN
wilda manalo,0,0,0,0,0,0,0,0,0,0,0,1,1,1,False,False,WILDA MANALO
nails toes spa,0,0,0,0,0,0,0,0,1,0,0,0,1,1,False,False,NAILS TOES SPA
nails solutions,0,0,0,0,0,0,0,1,0,0,0,0,1,1,False,False,Nails Solutions
wildflour,0,0,0,0,0,0,0,1,0,0,0,0,1,1,False,False,WILDFLOUR
wildflour cafe,0,0,0,0,0,1,0,0,0,0,0,0,1,1,False,False,Wildflour Cafe
wilson,0,0,1,0,0,0,0,0,0,0,0,0,1,1,False,False,Wilson
wiltelcom prestige,0,0,0,0,0,0,0,0,1,0,0,0,1,1,False,False,WILTELCOM PRESTIGE
wimpys,0,1,0,0,0,0,0,0,0,0,0,0,1,1,False,False,WIMPY’S
nails dot glow,0,0,0,0,0,1,0,0,0,0,0,0,1,1,False,False,Nails Dot Glow
nails and hair salon,0,0,0,0,1,0,0,0,0,0,0,0,1,1,False,False,Nail's and Hair Salon
win makati church,0,1,0,0,0,0,0,0,0,0,0,0,1,1,False,False,WIN MAKATI CHURCH
nailcrush,0,0,0,0,0,0,0,0,0,0,1,0,1,1,False,False,NailCrush
nail spa lounge by ellabell,0,0,0,0,0,0,0,1,0,0,0,0,1,1,False,False,NAIL SPA LOUNGE BY ELLABELL
windmills,0,0,0,0,1,0,0,0,0,0,0,0,1,1,False,False,Windmills
wine story,0,0,0,0,0,1,0,0,0,0,0,0,1,1,False,False,Wine Story
wing 2x korean chicken,0,0,0,0,0,0,0,0,1,0,0,0,1,1,False,False,WING 2X KOREAN CHICKEN
wing it,0,1,0,0,0,0,0,0,0,0,0,0,1,1,False,False,WING IT
winged potato,0,0,0,0,0,0,0,0,1,0,0,0,1,1,False,False,WINGED POTATO
wingers unlimited flavored wings,0,0,0,0,0,0,0,0,1,0,0,0,1,1,False,False,WINGERS UNLIMITED FLAVORED WINGS
wings and wraps,0,0,0,0,0,0,0,1,0,0,0,0,1,1,False,False,WINGS AND WRAPS
nail vitale,0,0,0,0,0,0,0,1,0,0,0,0,1,1,False,False,NAIL VITALE
nail tropics body shop,0,0,0,0,0,0,0,0,1,0,0,0,1,1,False,False,NAIL TROPICS BODY SHOP
wings gate travel & tours,0,0,0,0,0,1,0,0,0,0,0,0,1,1,False,False,Wings Gate Travel & Tours
nail story,0,0,0,0,0,0,0,0,1,0,0,0,1,1,False,False,NAIL STORY
wolflink,0,0,0,0,0,0,0,0,1,0,0,0,1,1,False,False,WOLFLINK
nacho shack,0,0,0,0,0,0,0,0,1,0,0,0,1,1,False,False,NACHO SHACK
watchline,0,0,0,0,0,0,0,1,0,0,0,0,1,1,False,False,Watchline
my jewelry box,0,0,0,0,0,0,1,0,0,0,0,0,1,1,False,False,My Jewelry Box
woodnymph korean restaurant,0,0,0,0,0,0,0,0,1,0,0,0,1,1,False,False,WOODNYMPH KOREAN RESTAURANT
workplace cafe,0,1,0,0,0,0,0,0,0,0,0,0,1,1,False,False,WORKPLACE CAFE
my phone toyota,0,0,0,0,0,0,0,0,0,0,0,1,1,1,False,False,My Phone TOYOTA
workstation appliances,0,1,0,0,0,0,0,0,0,0,0,0,1,1,False,False,WORKSTATION APPLIANCES
my nail society,0,0,0,0,0,0,0,0,1,0,0,0,1,1,False,False,MY NAIL SOCIETY
my metroloading station,0,0,0,0,0,0,0,1,0,0,0,0,1,1,False,False,My Metroloading Station
my lavandera ka mini gem exhibit,0,0,0,0,0,0,0,0,0,0,0,1,1,1,False,False,MY LAVANDERA KA MINI GEM EXHIBIT (8)
workstation home,0,1,0,0,0,0,0,0,0,0,0,0,1,1,False,False,WORKSTATION HOME
my lash salon,0,1,0,0,0,0,0,0,0,0,0,0,1,1,False,False,MY LASH SALON
my laksa,0,0,0,0,0,0,0,0,1,0,0,0,1,1,False,False,MY LAKSA
world balance & easy soft,0,1,0,0,0,0,0,0,0,0,0,0,1,1,False,False,WORLD BALANCE & EASY SOFT
my jewellery box,0,0,0,0,0,0,1,0,0,0,0,0,1,1,False,False,My Jewellery Box
my skin clinic,0,0,1,0,0,0,0,0,0,0,0,0,1,1,False,False,My Skin Clinic
my j & s,0,0,0,0,0,0,0,1,0,0,0,0,1,1,False,False,MY J & S
my health clinic quezon city,0,0,0,0,0,0,0,0,1,0,0,0,1,1,False,False,MY HEALTH CLINIC - QUEZON CITY
world balance arzel,0,0,0,0,0,0,0,0,0,0,0,1,1,1,False,False,WORLD BALANCE ARZEL
my health clinic 238 8802 268 8502,0,0,0,0,0,0,0,1,0,0,0,0,1,1,False,False,MY HEALTH CLINIC (032)238-8802/(032)268-8502
my health clinic,0,0,1,0,0,0,0,0,0,0,0,0,1,1,False,False,My Health Clinic
my health,0,0,0,0,0,1,0,0,0,0,0,0,1,1,False,False,My Health
world balance satellite,0,0,0,0,0,0,0,1,0,0,0,0,1,1,False,False,WORLD BALANCE SATELLITE
world balance sr,0,0,0,0,1,0,0,0,0,0,0,0,1,1,False,False,World Balance SR
my happy home,0,0,0,0,0,0,1,0,0,0,0,0,1,1,False,False,My Happy Home
my greek taverna,0,0,0,0,0,0,0,0,1,0,0,0,1,1,False,False,MY GREEK TAVERNA
my gems,0,0,0,0,0,0,1,0,0,0,0,0,1,1,False,False,My Gems
wonton,0,0,0,0,0,0,1,0,0,0,0,0,1,1,False,False,Wonton
my smile,0,0,0,0,0,0,0,1,0,0,0,0,1,1,False,False,My Smile
womb world of my baby,0,0,0,0,0,0,0,0,1,0,0,0,1,1,False,False,WOMB WORLD OF MY BABY
myrtelle fonebytes,0,0,0,0,0,0,0,1,0,0,0,0,1,1,False,False,Myrtelle Fonebytes
nabe unlimited japanese hotpot,0,0,0,0,0,0,0,0,1,0,0,0,1,1,False,False,NABE UNLIMITED JAPANESE HOTPOT
wonder city,0,0,0,0,0,0,0,1,0,0,0,0,1,1,False,False,WONDER CITY
n1 coffee,0,0,0,0,0,0,0,1,0,0,0,0,1,1,False,False,N1 COFFEE
wonder rides,0,0,0,0,0,0,0,0,0,0,1,0,1,1,False,False,WONDER RIDES
wonder tubo,0,0,0,0,0,0,0,1,0,0,0,0,1,1,False,False,Wonder Tubo
mywatch,1,0,0,0,0,0,0,0,0,0,0,0,1,1,False,False,myWatch
myungrang hotdog,0,1,0,0,0,0,0,0,0,0,0,0,1,1,False,False,MYUNGRANG HOTDOG
wonder wharf dino rides,0,0,0,0,0,0,0,1,0,0,0,0,1,1,False,False,WONDER WHARF DINO RIDES
mythai,0,0,0,0,0,0,1,0,0,0,0,0,1,1,False,False,Mythai
mystery manila,0,0,0,0,0,1,0,0,0,0,0,0,1,1,False,False,Mystery Manila
mystery case,0,0,0,0,0,0,0,0,1,0,0,0,1,1,False,False,MYSTERY CASE
myrtelle fone bytes trading,0,0,0,0,0,0,0,0,1,0,0,0,1,1,False,False,MYRTELLE FONE BYTES TRADING
my south hall,0,0,0,0,0,0,0,0,1,0,0,0,1,1,False,False,MY SOUTH HALL
wonder wharf train,0,0,0,0,0,0,0,1,0,0,0,0,1,1,False,False,WONDER WHARF TRAIN
mylo speech therapy center,0,0,0,0,0,0,1,0,0,0,0,0,1,1,False,False,Mylo Speech Therapy Center
mylenes ensaymada & banana cake,0,1,0,0,0,0,0,0,0,0,0,0,1,1,False,False,MYLENE'S ENSAYMADA & BANANA CAKE
wondercity,0,0,0,0,0,0,0,1,0,0,0,0,1,1,False,False,WONDERCITY
wonderhome naturals,0,0,0,0,0,0,0,1,0,0,0,0,1,1,False,False,WONDERHOME NATURALS
wonderland for kids playground,0,0,0,0,1,0,0,0,0,0,0,0,1,1,False,False,Wonderland for Kids Playground
mygold,0,1,0,0,0,0,0,0,0,0,0,0,1,1,False,False,MYGOLD
wondershake,0,0,0,0,0,0,0,1,0,0,0,0,1,1,False,False,Wondershake
mychow,0,0,0,0,0,0,0,1,0,0,0,0,1,1,False,False,MYCHOW
wong place,0,0,0,0,0,0,1,0,0,0,0,0,1,1,False,False,Wong Place
my thai,0,0,0,0,0,1,0,0,0,0,0,0,1,1,False,False,My Thai
wild wings unlimited wings rice and fries kyte,0,0,0,0,0,0,0,0,1,0,0,0,1,1,False,False,"WILD WINGS UNLIMITED WINGS, RICE AND FRIES KYTE"
nailtensity,0,0,0,0,0,0,0,1,0,0,0,0,1,1,False,False,Nailtensity
wild west roadhouse grill,0,1,0,0,0,0,0,0,0,0,0,0,1,1,False,False,WILD WEST ROADHOUSE GRILL
weaves & bows,0,0,0,0,0,0,0,1,0,0,0,0,1,1,False,False,Weaves & Bows
ness press carwash,0,0,0,0,0,0,0,1,0,0,0,0,1,1,False,False,Ness Press Carwash
wealth tea,0,0,0,0,0,0,0,0,1,0,0,0,1,1,False,False,WEALTH TEA
nephromed asia dialysis center,0,0,0,0,0,0,0,0,1,0,0,0,1,1,False,False,NEPHROMED ASIA DIALYSIS CENTER
wearmilkshake,0,0,0,0,0,0,0,0,1,0,0,0,1,1,False,False,WEARMILKSHAKE
nephroasia dialysis center 0945 133 3131,0,0,0,0,0,0,0,1,0,0,0,0,1,1,False,False,Nephroasia Dialysis Center 0945 133 3131
nephroasia clinic,0,0,0,0,0,0,0,1,0,0,0,0,1,1,False,False,Nephroasia Clinic
neola nails & spa,0,0,0,0,0,0,1,0,0,0,0,0,1,1,False,False,Neola Nails & Spa
nenita farms,0,1,0,0,0,0,0,0,0,0,0,0,1,1,False,False,NENITA FARMS
needles & threads,0,1,0,0,0,0,0,0,0,0,0,0,1,1,False,False,NEEDLES & THREADS
need coffee,0,0,0,0,0,0,0,1,0,0,0,0,1,1,False,False,Need Coffee
neeco1,0,0,0,0,0,0,0,0,0,0,1,0,1,1,False,False,Neeco1
wedding library,0,0,0,0,0,0,0,0,1,0,0,0,1,1,False,False,THE WEDDING LIBRARY
netopia internet cafe,0,0,0,0,1,0,0,0,0,0,0,0,1,1,False,False,Netopia Internet Cafe
near dental clinic,0,0,0,0,0,0,0,0,1,0,0,0,1,1,False,False,NEAR DENTAL CLINIC
ne bakeshop,0,0,0,0,0,0,0,1,0,0,0,0,1,1,False,False,NE BAKESHOP
nce computer center burger factory,0,0,0,0,0,0,0,0,0,0,0,1,1,1,False,False,NCE Computer Center Burger Factory
weeze,0,0,0,0,0,0,0,0,1,0,0,0,1,1,False,False,WEEZE
wego giftshop,0,0,0,0,0,0,0,0,1,0,0,0,1,1,False,False,WEGO GIFTSHOP
wei renal care,0,0,0,0,0,0,0,1,0,0,0,0,1,1,False,False,Wei Renal Care
nbs mezzanine,0,0,0,0,1,0,0,0,0,0,0,0,1,1,False,False,NBS Mezzanine
wei wei cold store,0,1,0,0,0,0,0,0,0,0,0,0,1,1,False,False,WEI WEI COLD STORE
well gadget cellphone and accessories,0,0,0,0,1,0,0,0,0,0,0,0,1,1,False,False,Well-Gadget Cellphone and Accessories
nazrea pearls,0,1,0,0,0,0,0,0,0,0,0,0,1,1,False,False,NAZREA PEARLS
naytess lutong bahay,0,1,0,0,0,0,0,0,0,0,0,0,1,1,False,False,NAYTESS LUTONG BAHAY
we the people coffee,0,0,0,0,0,0,0,1,0,0,0,0,1,1,False,False,WE THE PEOPLE COFFEE
we smile dental imaging,0,0,0,0,0,0,0,1,0,0,0,0,1,1,False,False,We Smile Dental Imaging
nakedskyn beauty hub,0,0,0,0,1,0,0,0,0,0,0,0,1,1,False,False,Nakedskyn Beauty Hub
new generation dental premier,0,0,0,0,0,0,0,1,0,0,0,0,1,1,False,False,NEW GENERATION DENTAL PREMIER
new york cubao,0,0,0,0,0,0,0,1,0,0,0,0,1,1,False,False,"New York, Cubao"
new york buffalo brads hot wings,0,0,0,0,0,0,0,0,1,0,0,0,1,1,False,False,NEW YORK BUFFALO BRADS HOT WINGS
new york bagels,0,0,0,0,0,0,0,1,0,0,0,0,1,1,False,False,New York Bagels
new sunbeam,0,0,0,0,0,0,1,0,0,0,0,0,1,1,False,False,New Sunbeam
new nemar,0,0,0,0,0,0,0,0,1,0,0,0,1,1,False,False,NEW NEMAR
new life christian center,0,1,0,0,0,0,0,0,0,0,0,0,1,1,False,False,NEW LIFE CHRISTIAN CENTER
watchlink,0,0,0,0,0,0,0,0,1,0,0,0,1,1,False,False,WATCHLINK
watchman mossin olama cp,0,0,0,0,0,0,0,0,0,0,0,1,1,1,False,False,WATCHMAN MOSSIN OLAMA CP
watson red diamond,0,0,0,0,0,0,0,0,0,0,0,1,1,1,False,False,WATSON RED DIAMOND
new life,0,0,0,0,0,1,0,0,0,0,0,0,1,1,False,False,New Life
new innovation cellphone and accessories,0,0,0,0,0,0,0,0,1,0,0,0,1,1,False,False,NEW INNOVATION CELLPHONE AND ACCESSORIES
watsons 0923 744 0690,0,0,0,0,0,0,0,1,0,0,0,0,1,1,False,False,Watsons 0923-744-0690
wb courtside,1,0,0,0,0,0,0,0,0,0,0,0,1,1,False,False,WB Courtside
watsons 0995 011 1269,0,0,0,0,0,0,0,1,0,0,0,0,1,1,False,False,WATSONS 0995-011-1269
watsons beauty,0,0,0,0,0,0,0,0,1,0,0,0,1,1,False,False,WATSONS BEAUTY
watsons ca exhibit network,0,0,0,0,0,0,0,0,0,0,0,1,1,1,False,False,WATSONS (L1-101 & L1-102) CA EXHIBIT NETWORK
watsons drug,0,0,0,0,0,0,0,0,1,0,0,0,1,1,False,False,WATSONS DRUG
new bombay restaurant,0,0,0,0,0,0,0,0,1,0,0,0,1,1,False,False,NEW BOMBAY RESTAURANT
watsons master siomai,0,0,0,0,0,0,0,0,0,0,0,1,1,1,False,False,WATSONS Master Siomai
watsons walvis exhibit,0,0,0,0,0,0,0,0,0,0,0,1,1,1,False,False,WATSONS Walvis Exhibit
waxcovado,0,0,0,0,0,0,0,0,1,0,0,0,1,1,False,False,WAXCOVADO
waxcovado salon & spa,0,1,0,0,0,0,0,0,0,0,0,0,1,1,False,False,WAXCOVADO SALON & SPA
new age pc solutions 0917 893 6614,0,0,0,0,0,0,0,1,0,0,0,0,1,1,False,False,NEW AGE PC SOLUTIONS 0917-893-6614
neutral grounds spiel,0,0,0,0,0,0,0,0,1,0,0,0,1,1,False,False,NEUTRAL GROUNDS SPIEL
nay linas homemade pies,0,0,0,0,0,0,0,0,1,0,0,0,1,1,False,False,NAY LINAS HOMEMADE PIES
naughty nachos,0,0,0,0,0,1,0,0,0,0,0,0,1,1,False,False,Naughty Nachos
wellness and soft nail salon,0,0,0,0,0,0,0,0,1,0,0,0,1,1,False,False,WELLNESS AND SOFT NAIL SALON
nanay juliets eatery,0,1,0,0,0,0,0,0,0,0,0,0,1,1,False,False,NANAY JULIET'S EATERY
western union kiosk,0,0,0,0,0,0,0,0,0,0,0,1,1,1,False,False,WESTERN UNION KIOSK
nashe,0,0,0,0,1,0,0,0,0,0,0,0,1,1,False,False,Nashe
western union minigem exhibit,0,0,0,0,0,0,0,0,0,0,0,1,1,1,False,False,WESTERN UNION MINIGEM EXHIBIT(14)
nara thai cuisine,0,0,0,0,0,0,0,0,1,0,0,0,1,1,False,False,NARA THAI CUISINE
western union norania cellphone 1,0,0,0,0,0,0,0,0,0,0,0,1,1,1,False,False,WESTERN UNION (USSC) NORANIA CELLPHONE 1
western union olayns,0,0,0,0,0,0,0,0,0,0,0,1,1,1,False,False,WESTERN UNION Olayns
wet market,0,0,0,0,0,0,0,0,0,0,0,1,1,1,False,False,WET MARKET
wet park,0,0,0,0,0,1,0,0,0,0,0,0,1,1,False,False,Wet Park
whimsical wonderland,0,0,0,0,0,1,0,0,0,0,0,0,1,1,False,False,Whimsical Wonderland
nanay ses pasalubong,0,0,0,0,0,0,0,1,0,0,0,0,1,1,False,False,NANAY SE'S PASALUBONG
nanay julings batangas cuisine,0,0,0,0,0,0,0,0,1,0,0,0,1,1,False,False,NANAY JULINGS BATANGAS CUISINE
whiten gluta lounge,0,0,0,0,0,0,0,0,1,0,0,0,1,1,False,False,WHITEN GLUTA LOUNGE
wellness concepts,0,1,0,0,0,0,0,0,0,0,0,0,1,1,False,False,WELLNESS CONCEPTS
nanas frozen delights,0,0,0,0,0,0,0,0,0,0,0,1,1,1,False,False,NANA’S FROZEN DELIGHTS
nanam iloco,0,0,0,0,0,0,0,0,1,0,0,0,1,1,False,False,NANAM ILOCO
whiten premiere,0,0,0,0,0,0,1,0,0,0,0,0,1,1,False,False,WhiteN Premiere
whitestone animal clinic,0,0,0,0,0,1,0,0,0,0,0,0,1,1,False,False,Whitestone Animal Clinic
wholesome table,0,1,0,0,0,0,0,0,0,0,0,0,1,1,False,False,THE WHOLESOME TABLE
namaste skin care spa massage,0,0,0,0,0,0,0,0,1,0,0,0,1,1,False,False,NAMASTE SKIN CARE SPA MASSAGE
namaste,0,0,0,0,0,0,0,1,0,0,0,0,1,1,False,False,Namaste
whse1 marketing,0,1,0,0,0,0,0,0,0,0,0,0,1,1,False,False,WHSE1 MARKETING
widex,0,0,0,0,0,0,1,0,0,0,0,0,1,1,False,False,Widex
nakpil eye clinic and vision therapy center,0,0,1,0,0,0,0,0,0,0,0,0,1,1,False,False,Nakpil Eye Clinic And Vision Therapy Center
naki pica pica corner,0,0,0,0,0,0,0,0,1,0,0,0,1,1,False,False,NAKI PICA PICA CORNER
nasreyah cellphones & accessories,0,0,0,0,0,0,0,1,0,0,0,0,1,1,False,False,NASREYAH CELLPHONES & ACCESSORIES
western union el bonitos,0,0,0,0,0,0,0,0,0,0,0,1,1,1,False,False,WESTERN UNION ( USSC) EL BONITOS
western union aficionado,0,0,0,0,0,0,0,0,0,0,0,1,1,1,False,False,WESTERN UNION Aficionado
nathaniels bakeshop,0,1,0,0,0,0,0,0,0,0,0,0,1,1,False,False,NATHANIEL'S BAKESHOP
wellness sanctuary,0,0,0,0,0,1,0,0,0,0,0,0,1,1,False,False,Wellness Sanctuary
natures way aromatherapy,0,0,0,0,0,0,0,0,1,0,0,0,1,1,False,False,THE NATURES WAY AROMATHERAPY
wellnessfix,0,0,0,0,0,0,0,0,1,0,0,0,1,1,False,False,WELLNESSFIX
nature republic n cat,0,1,0,0,0,0,0,0,0,0,0,0,1,1,False,False,NATURE REPUBLIC / N.CAT
wellohas,0,0,0,0,0,0,0,0,1,0,0,0,1,1,False,False,WELLOHAS
wells,0,1,0,0,0,0,0,0,0,0,0,0,1,1,False,False,WELLS
wemart convenience store and cafe,0,0,0,0,0,1,0,0,0,0,0,0,1,1,False,False,Wemart Convenience Store and Cafe
natividad,0,0,0,0,0,0,0,0,1,0,0,0,1,1,False,False,NATIVIDAD
native kopi & co,0,0,0,0,0,0,0,0,1,0,0,0,1,1,False,False,NATIVE KOPI & CO
wenourish,0,0,0,0,0,0,0,0,1,0,0,0,1,1,False,False,WENOURISH
national university inc,0,0,0,0,0,0,0,0,1,0,0,0,1,1,False,False,NATIONAL UNIVERSITY INC
national police clearance,0,0,0,0,0,0,0,1,0,0,0,0,1,1,False,False,National Police Clearance
national labor relations commission,0,0,1,0,0,0,0,0,0,0,0,0,1,1,False,False,National Labor Relations Commission (nlrc)
national home mortgage 0920 911 6299,0,0,0,0,0,0,0,1,0,0,0,0,1,1,False,False,National Home Mortgage 0920-911-6299
national geographic,0,0,0,0,0,0,0,0,1,0,0,0,1,1,False,False,NATIONAL GEOGRAPHIC
national everyday,0,0,0,0,0,1,0,0,0,0,0,0,1,1,False,False,National Everyday
west elm,0,0,0,0,0,0,1,0,0,0,0,0,1,1,False,False,West Elm
national bureau of investigation,0,0,1,0,0,0,0,0,0,0,0,0,1,1,False,False,National Bureau Of Investigation (nbi)
west print,0,0,0,0,0,0,0,1,0,0,0,0,1,1,False,False,WEST PRINT
national book store inc fegis footwear,0,0,0,0,0,0,0,0,0,0,0,1,1,1,False,False,"NATIONAL BOOK STORE, INC. FEGIS FOOTWEAR"
west smile dental,0,0,0,0,0,1,0,0,0,0,0,0,1,1,False,False,West Smile Dental
nathans famous,0,0,0,0,0,0,0,0,1,0,0,0,1,1,False,False,NATHANS FAMOUS
western,0,0,0,0,0,0,0,0,1,0,0,0,1,1,False,False,WESTERN
petite graine preschool,0,0,0,0,0,1,0,0,0,0,0,0,1,1,False,False,Petite Graine Preschool
silvertec,0,0,0,0,0,0,0,0,1,0,0,0,1,1,False,False,SILVERTEC
tong yang shabu shabu express,0,0,0,0,0,0,0,0,1,0,0,0,1,1,False,False,TONG YANG SHABU SHABU EXPRESS
spenders trading & cellphone repair services,0,0,0,0,0,0,0,1,0,0,0,0,1,1,False,False,Spenders Trading & Cellphone Repair Services
rulls cellphones accessories,0,0,0,0,0,0,0,0,1,0,0,0,1,1,False,False,RULLS CELLPHONES ACCESSORIES
special toy center,0,0,1,0,0,0,0,0,0,0,0,0,1,1,False,False,Special Toy Center
specialized,0,0,0,0,0,0,0,0,1,0,0,0,1,1,False,False,SPECIALIZED
ruella merchandise,0,0,0,0,1,0,0,0,0,0,0,0,1,1,False,False,Ruella Merchandise
specialty cakes by hearts bells,0,0,0,0,0,0,0,0,1,0,0,0,1,1,False,False,SPECIALTY CAKES BY HEARTS BELLS
spectacles by sarabia,0,1,0,0,0,0,0,0,0,0,0,0,1,1,False,False,SPECTACLES BY SARABIA
rue bourbon,0,0,0,0,0,1,0,0,0,0,0,0,1,1,False,False,Rue Bourbon
rudys master key duplicating shop,0,0,0,0,0,0,0,0,1,0,0,0,1,1,False,False,RUDY'S MASTER KEY DUPLICATING SHOP
rudys goto minigem,0,0,0,0,0,0,0,0,0,0,0,1,1,1,False,False,RUDY'S GOTO MINIGEM (#46)
spectrum,0,0,0,0,0,0,0,0,1,0,0,0,1,1,False,False,SPECTRUM
speed circuit,0,0,0,0,0,0,0,1,0,0,0,0,1,1,False,False,Speed Circuit
sperry keds,0,1,0,0,0,0,0,0,0,0,0,0,1,1,False,False,SPERRY / KEDS
rulls social technomatic,0,0,0,0,1,0,0,0,0,0,0,0,1,1,False,False,Rulls / Social Technomatic
rta castanas,0,0,0,0,0,0,0,1,0,0,0,0,1,1,False,False,RTA CASTANAS
rsy spa,0,0,0,0,0,0,0,0,0,0,0,1,1,1,False,False,RSY SPA
rsr jewelry & repair shop,0,0,0,0,0,0,1,0,0,0,0,0,1,1,False,False,RSR Jewelry & Repair Shop
rsm watch repair,0,0,0,0,0,0,0,0,0,0,1,0,1,1,False,False,RSM Watch Repair
rsm watch,0,0,0,0,0,0,0,1,0,0,0,0,1,1,False,False,RSM Watch
rsh 1 rosalina cellphone,0,0,0,0,0,0,0,0,0,0,0,1,1,1,False,False,RSH-1 / ROSALINA CELLPHONE
spex appeal repair services,0,0,0,0,0,0,0,0,1,0,0,0,1,1,False,False,SPEX APPEAL REPAIR SERVICES
spice fusion,0,1,0,0,0,0,0,0,0,0,0,0,1,1,False,False,SPICE FUSION
rsb takoyaki 0975 2059170,0,0,0,0,0,0,0,1,0,0,0,0,1,1,False,False,RSB TAKOYAKI 0975-2059170
spicy kitchen,0,0,0,0,1,0,0,0,0,0,0,0,1,1,False,False,Spicy Kitchen
rsa music center,1,0,0,0,0,0,0,0,0,0,0,0,1,1,False,False,RSA MUSIC CENTER
rulls satellite,0,0,1,0,0,0,0,0,0,0,0,0,1,1,False,False,Rulls Satellite
spatio,0,0,0,0,0,0,0,1,0,0,0,0,1,1,False,False,SPATIO
spigen ph,0,0,0,0,0,0,0,1,0,0,0,0,1,1,False,False,Spigen Ph
rusty lopez ca exhibits,0,0,0,0,0,0,0,0,0,0,0,1,1,1,False,False,RUSTY LOPEZ CA EXHIBITS ( PROPERTY PRO )
rygatel,0,0,0,0,1,0,0,0,0,0,0,0,1,1,False,False,Rygatel (Former Ryantel)
space and style furnishing and interiors,0,0,0,0,0,0,0,0,1,0,0,0,1,1,False,False,SPACE AND STYLE FURNISHING AND INTERIORS
rydax,0,1,0,0,0,0,0,0,0,0,0,0,1,1,False,False,RYDAX
ryans infinity hub,0,0,0,0,0,0,0,1,0,0,0,0,1,1,False,False,Ryan's Infinity Hub
space arcade,0,0,0,0,0,0,0,0,1,0,0,0,1,1,False,False,SPACE ARCADE
rwonderland,0,0,0,0,0,0,0,1,0,0,0,0,1,1,False,False,RWONDERLAND
ruth leyes boutique collin ink shop,0,0,0,0,0,0,0,0,0,0,0,1,1,1,False,False,RUTH LEYES BOUTIQUE COLLIN INK SHOP
ruth fashion accessories minigem,0,0,0,0,0,0,0,0,0,0,0,1,1,1,False,False,RUTH FASHION ACCESSORIES MINIGEM (#47)
rusty lopez rajine seafoods square,0,0,0,0,0,0,0,0,0,0,0,1,1,1,False,False,Rusty Lopez Rajine Seafoods Square
rusty lopez manjaru,0,0,0,0,0,0,0,0,0,0,0,1,1,1,False,False,RUSTY LOPEZ MANJARU
rusty lopez cherry mobile,0,0,0,0,0,0,0,0,0,0,0,1,1,1,False,False,RUSTY LOPEZ CHERRY MOBILE
space burger,0,0,0,0,1,0,0,0,0,0,0,0,1,1,False,False,Space Burger
spart wellness center,0,0,0,0,1,0,0,0,0,0,0,0,1,1,False,False,Spart Wellness Center
rustic seafood,0,0,0,0,0,0,1,0,0,0,0,0,1,1,False,False,Rustic Seafood
rustic box steakhouse,0,0,0,0,0,0,0,0,1,0,0,0,1,1,False,False,RUSTIC BOX STEAKHOUSE
space time cube,0,0,0,0,0,0,0,0,1,0,0,0,1,1,False,False,SPACE TIME CUBE
rustans,1,0,0,0,0,0,0,0,0,0,0,0,1,1,False,False,Rustan's
russ marketing,0,0,0,0,0,0,0,0,0,0,0,1,1,1,False,False,RUSS MARKETING
space touch,0,0,0,0,0,1,0,0,0,0,0,0,1,1,False,False,Space Touch
ruro martin pet accessories and supplies corp,0,0,0,0,0,0,0,1,0,0,0,0,1,1,False,False,Ruro Martin Pet Accessories and Supplies Corp.
space x time cube,0,0,0,0,0,0,0,0,1,0,0,0,1,1,False,False,SPACE X TIME CUBE
ruro martin pet accessories & supplies,0,0,0,0,0,0,0,1,0,0,0,0,1,1,False,False,RURO MARTIN PET ACCESSORIES & SUPPLIES
spark tech mobile,0,0,0,0,0,0,0,0,1,0,0,0,1,1,False,False,SPARK TECH MOBILE
sparkk,0,0,0,0,0,0,0,0,1,0,0,0,1,1,False,False,SPARKK
rs tech,0,0,0,0,0,0,1,0,0,0,0,0,1,1,False,False,Rs Tech
rs jewels,0,0,0,0,0,0,0,1,0,0,0,0,1,1,False,False,RS JEWELS
rookie,0,0,0,0,0,0,0,1,0,0,0,0,1,1,False,False,ROOKIE
squad skates roller rink,0,0,0,0,0,0,0,0,1,0,0,0,1,1,False,False,SQUAD SKATES ROLLER RINK
rover system,0,0,0,0,0,0,1,0,0,0,0,0,1,1,False,False,Rover System
route 80,0,0,0,0,0,0,0,1,0,0,0,0,1,1,False,False,ROUTE 80
round the clock cafe and bakery,0,0,0,0,0,0,0,0,1,0,0,0,1,1,False,False,ROUND-THE-CLOCK CAFE AND BAKERY
round circle,0,0,1,0,0,0,0,0,0,0,0,0,1,1,False,False,Round Circle
sqeeze n twist,0,0,0,0,0,0,0,1,0,0,0,0,1,1,False,False,Sqeeze N Twist
rotech,0,0,0,0,0,0,0,0,1,0,0,0,1,1,False,False,ROTECH
rotation inc,0,0,0,1,0,0,0,0,0,0,0,0,1,1,False,False,Rotation Inc.
sqj pasalubong,0,1,0,0,0,0,0,0,0,0,0,0,1,1,False,False,SQJ PASALUBONG
rossopomodoro,0,0,0,0,0,0,0,0,1,0,0,0,1,1,False,False,ROSSOPOMODORO
squad skates,0,0,0,0,0,0,0,0,1,0,0,0,1,1,False,False,SQUAD SKATES
rossini ristorante italiano,0,0,0,0,0,0,0,0,1,0,0,0,1,1,False,False,ROSSINI RISTORANTE ITALIANO
square meal,0,0,0,0,0,0,0,1,0,0,0,0,1,1,False,False,Square Meal
roy and popoys batchoy food house,0,0,0,0,0,0,0,0,1,0,0,0,1,1,False,False,ROY AND POPOYS BATCHOY FOOD HOUSE
rosemed supplies,0,0,1,0,0,0,0,0,0,0,0,0,1,1,False,False,Rosemed Supplies
rosemed medical supplies,0,0,0,0,0,0,0,0,1,0,0,0,1,1,False,False,ROSEMED MEDICAL SUPPLIES
square meal food services,0,0,0,0,0,0,0,1,0,0,0,0,1,1,False,False,Square Meal Food Services
roselyns canteen daforts sisig on the spot,0,0,0,0,0,0,0,0,0,0,0,1,1,1,False,False,Roselyn's Canteen Daforts Sisig on the Spot
squeeze it,0,0,0,0,0,0,0,0,1,0,0,0,1,1,False,False,SQUEEZE IT
squeeze it lemon,0,0,0,0,0,0,0,1,0,0,0,0,1,1,False,False,SQUEEZE IT LEMON
rorys billiard,0,0,0,0,0,1,0,0,0,0,0,0,1,1,False,False,Rory's Billiard
squeeze me,0,0,0,0,0,0,0,1,0,0,0,0,1,1,False,False,SQUEEZE ME
roots collective,0,0,0,0,0,1,0,0,0,0,0,0,1,1,False,False,Roots Collective
squeeze n twist 9953335509,0,0,0,0,0,0,0,1,0,0,0,0,1,1,False,False,Squeeze N Twist 9953335509
squiggy food shop,0,0,0,0,0,0,0,0,1,0,0,0,1,1,False,False,SQUIGGY FOOD SHOP
spyder adventure,0,0,0,0,1,0,0,0,0,0,0,0,1,1,False,False,Spyder Adventure
roy queen,0,0,0,0,1,0,0,0,0,0,0,0,1,1,False,False,Roy Queen
spikes and frozen treats,0,0,0,0,1,0,0,0,0,0,0,0,1,1,False,False,Spikes And Frozen Treats
rpm dental health care plus,0,0,0,0,0,0,0,0,1,0,0,0,1,1,False,False,RPM DENTAL HEALTH CARE PLUS
rrj greatfit,0,0,0,0,0,0,0,0,0,0,0,1,1,1,False,False,RRJ/GREATFIT
rrj cai cellphone & accessories,0,0,0,0,0,0,0,0,0,0,0,1,1,1,False,False,RRJ CAI CELLPHONE & ACCESSORIES
spinkie,0,0,0,0,0,0,0,0,1,0,0,0,1,1,False,False,SPINKIE
rrj blues brothers inc,0,0,0,0,0,0,0,0,0,0,0,1,1,1,False,False,"RRJ/ BLUES BROTHERS, INC."
rrj and mr lee exhibit,0,0,0,0,0,0,0,0,0,0,0,1,1,1,False,False,RRJ AND MR. LEE EXHIBIT
splash,0,0,0,0,0,0,1,0,0,0,0,0,1,1,False,False,Splash
rrj and mr lee d candy station,0,0,0,0,0,0,0,0,0,0,0,1,1,1,False,False,RRJ and Mr. Lee D' CANDY STATION
sploop,0,0,0,0,0,0,0,1,0,0,0,0,1,1,False,False,SPLOOP
spoofs,0,1,0,0,0,0,0,0,0,0,0,0,1,1,False,False,SPOOFS
rrj & mr lee melvino,0,0,0,0,0,0,0,0,0,0,0,1,1,1,False,False,RRJ & MR. LEE MELVINO
rpm pilinut candies,0,0,0,0,0,0,0,0,1,0,0,0,1,1,False,False,RPM PILINUT CANDIES
sport b,0,0,0,0,0,1,0,0,0,0,0,0,1,1,False,False,Sport B
spud boy,0,0,0,0,0,0,0,1,0,0,0,0,1,1,False,False,Spud Boy
royce chocolate,0,0,0,0,0,0,0,0,1,0,0,0,1,1,False,False,ROYCE CHOCOLATE
sport shop ph,0,0,0,0,0,1,0,0,0,0,0,0,1,1,False,False,Sport Shop Ph
royaltea,0,0,0,0,0,0,0,0,1,0,0,0,1,1,False,False,ROYALTEA
royale,0,0,0,0,0,0,0,1,0,0,0,0,1,1,False,False,Royale
sports basics,0,0,0,0,0,0,0,1,0,0,0,0,1,1,False,False,Sports Basics
sports direct,0,0,1,0,0,0,0,0,0,0,0,0,1,1,False,False,Sports Direct
royal panda,0,1,0,0,0,0,0,0,0,0,0,0,1,1,False,False,ROYAL PANDA
sports shop ph,0,0,0,0,0,0,0,0,1,0,0,0,1,1,False,False,SPORTS SHOP PH
royal oasis,0,0,0,0,0,0,0,0,0,0,0,1,1,1,False,False,ROYAL OASIS
spring rolls,0,0,0,0,0,0,0,1,0,0,0,0,1,1,False,False,SPRING ROLLS
sprinto 9654826767,0,0,0,0,0,0,0,1,0,0,0,0,1,1,False,False,Sprinto 9654826767
ryllies kimchi sushi express,0,0,0,0,0,0,0,0,1,0,0,0,1,1,False,False,RYLLIES KIMCHI SUSHI EXPRESS
ryu ramen and curry,0,0,0,0,0,0,0,0,1,0,0,0,1,1,False,False,RYU RAMEN AND CURRY
rzkh pet supplies & grooming,0,0,0,0,0,0,0,0,0,0,1,0,1,1,False,False,RZKH Pet Supplies & Grooming
salads and wraps by healthy kitchen,0,0,0,0,0,0,0,0,1,0,0,0,1,1,False,False,SALADS AND WRAPS BY HEALTHY KITCHEN
sales rain bpo,0,0,0,0,0,0,0,1,0,0,0,0,1,1,False,False,SALES RAIN BPO
solon flower shop,0,0,0,0,0,0,0,1,0,0,0,0,1,1,False,False,SOLON FLOWER SHOP
some thai,0,0,0,0,0,0,0,1,0,0,0,0,1,1,False,False,SOME THAI
sonakshi,0,0,0,0,0,0,0,1,0,0,0,0,1,1,False,False,SONAKSHI
salem,0,0,0,0,0,0,0,0,1,0,0,0,1,1,False,False,SALEM
sonic gameworkx,0,0,0,0,1,0,0,0,0,0,0,0,1,1,False,False,Sonic Gameworkx
salaryman,0,0,0,0,0,1,0,0,0,0,0,0,1,1,False,False,Salaryman
salamangka,0,0,0,0,0,1,0,0,0,0,0,0,1,1,False,False,Salamangka
salah cellphone & accessories,0,0,0,0,0,0,0,1,0,0,0,0,1,1,False,False,SALAH CELLPHONE & ACCESSORIES
sony centre by avid,1,0,0,0,0,0,0,0,0,0,0,0,1,1,False,False,Sony Centre by Avid
sony square,0,0,0,0,1,0,0,0,0,0,0,0,1,1,False,False,Sony Square
sonyda inchiban,0,0,0,0,0,0,0,1,0,0,0,0,1,1,False,False,SONYDA INCHIBAN
saliha,0,0,0,0,0,0,0,1,0,0,0,0,1,1,False,False,Saliha
salad station,0,0,0,0,0,0,0,0,0,0,0,1,1,1,False,False,SALAD STATION
sala thai kitchen,0,0,0,0,0,0,1,0,0,0,0,0,1,1,False,False,Sala Thai Kitchen
sala bistro,0,1,0,0,0,0,0,0,0,0,0,0,1,1,False,False,SALA BISTRO
sakura restaurant,0,0,0,0,0,0,0,0,1,0,0,0,1,1,False,False,SAKURA RESTAURANT
sophia jewellery,0,0,0,0,0,0,0,0,1,0,0,0,1,1,False,False,SOPHIA JEWELLERY
sajang chicken,0,0,0,0,0,1,0,0,0,0,0,0,1,1,False,False,Sajang Chicken
saizen,0,1,0,0,0,0,0,0,0,0,0,0,1,1,False,False,SAIZEN
sairus cellphone & accessories,0,0,0,0,0,0,0,0,0,0,0,1,1,1,False,False,SAIRUS CELLPHONE & ACCESSORIES ( ASLIAH NOOR )
sophia jewelry,0,0,0,0,1,0,0,0,0,0,0,0,1,1,False,False,Sophia Jewelry
sophias cellphone accessories store,0,0,0,0,0,0,0,1,0,0,0,0,1,1,False,False,SOPHIA’S CELLPHONE ACCESSORIES STORE
sophias hair and nail salon,0,0,0,0,0,0,0,0,1,0,0,0,1,1,False,False,SOPHIA'S HAIR AND NAIL SALON
salih cosmetics shop,0,0,0,0,0,0,0,1,0,0,0,0,1,1,False,False,SALIH COSMETICS SHOP
sallys footwear security bank corporation,0,0,0,0,0,0,0,0,0,0,0,1,1,1,False,False,SALLYS FOOTWEAR SECURITY BANK CORPORATION
s & j cellphone and accessories,0,0,0,0,0,0,0,1,0,0,0,0,1,1,False,False,S & J CELLPHONE AND ACCESSORIES
sole surgeon,0,0,0,0,0,0,0,1,0,0,0,0,1,1,False,False,SOLE SURGEON
salonfix studio juhaira caps & sunglasses,0,0,0,0,0,0,0,0,0,0,0,1,1,1,False,False,SALONFIX STUDIO JUHAIRA CAPS & SUNGLASSES
salon360,0,0,0,0,0,0,0,1,0,0,0,0,1,1,False,False,SALON360
sole destination travel services inc,0,0,0,0,0,0,0,1,0,0,0,0,1,1,False,False,Sole Destination Travel Services Inc
salon tokoya,0,0,0,0,0,0,0,1,0,0,0,0,1,1,False,False,Salon Tokoya
salon de rose 0920 910 2476,0,0,0,0,0,0,0,1,0,0,0,0,1,1,False,False,SALON DE ROSE 0920-910-2476
sole game,0,0,1,0,0,0,0,0,0,0,0,0,1,1,False,False,Sole Game
sole game by the barbery,0,0,0,0,0,0,0,0,1,0,0,0,1,1,False,False,SOLE GAME BY THE BARBERY
salon de poseur,0,0,0,0,0,0,0,0,1,0,0,0,1,1,False,False,SALON DE POSEUR
sole mate,0,0,1,0,0,0,0,0,0,0,0,0,1,1,False,False,Sole Mate
salon de konad,0,0,0,0,0,0,0,0,0,0,1,0,1,1,False,False,SALON DE KONAD
salon de elegancia,0,0,0,0,0,0,0,1,0,0,0,0,1,1,False,False,Salon De Elegancia
solemn vows,0,1,0,0,0,0,0,0,0,0,0,0,1,1,False,False,SOLEMN VOWS
solohod,0,0,0,0,0,0,0,0,1,0,0,0,1,1,False,False,SOLOHOD
salon de berns,0,1,0,0,0,0,0,0,0,0,0,0,1,1,False,False,SALON DE BERNS
salon de belleza,0,0,0,0,0,1,0,0,0,0,0,0,1,1,False,False,Salon De Belleza
solid motors,0,0,0,0,0,0,0,0,1,0,0,0,1,1,False,False,SOLID MOTORS
solidarity sticker,0,0,1,0,0,0,0,0,0,0,0,0,1,1,False,False,Solidarity Sticker
salon 360 and cafe international,0,0,0,0,0,0,0,0,0,0,0,1,1,1,False,False,SALON 360 AND CAFÉ INTERNATIONAL
salon 360,0,0,0,0,0,0,0,1,0,0,0,0,1,1,False,False,Salon 360
soliman paroli eye care,0,0,0,0,0,0,0,0,1,0,0,0,1,1,False,False,SOLIMAN PAROLI EYE CARE
solinea showroom,0,1,0,0,0,0,0,0,0,0,0,0,1,1,False,False,SOLINEA SHOWROOM
salma tago,0,0,0,0,0,0,1,0,0,0,0,0,1,1,False,False,Salma Tago
solitas bakehouse,0,0,0,0,0,1,0,0,0,0,0,0,1,1,False,False,Solita's Bakehouse
sallys homemade kakanin,0,0,0,0,0,0,0,0,1,0,0,0,1,1,False,False,SALLYS HOMEMADE KAKANIN
sophistikated 9657396745,0,0,0,0,0,0,0,1,0,0,0,0,1,1,False,False,SOPHISTIKATED 9657396745
saint jude optical clinic,0,0,0,0,0,0,0,0,1,0,0,0,1,1,False,False,SAINT JUDE OPTICAL CLINIC
saint jo flowers,0,1,0,0,0,0,0,0,0,0,0,0,1,1,False,False,SAINT JO FLOWERS
southwoods cinemas,0,0,0,0,0,1,0,0,0,0,0,0,1,1,False,False,Southwoods Cinemas
sabella,0,0,0,0,0,0,0,0,1,0,0,0,1,1,False,False,SABELLA
sabater paredes optical,1,0,0,0,0,0,0,0,0,0,0,0,1,1,False,False,SABATER-PAREDES OPTICAL
southbank cafe lounge,0,0,0,0,0,0,1,0,0,0,0,0,1,1,False,False,Southbank Café Lounge
southbound manjaru,0,0,0,0,0,0,0,0,0,0,0,1,1,1,False,False,SOUTHBOUND MANJARU
southeast dermatology,0,0,0,0,0,1,0,0,0,0,0,0,1,1,False,False,Southeast Dermatology
saad gems,0,0,0,0,0,0,1,0,0,0,0,0,1,1,False,False,Saad Gems
sa poste cafe,0,0,0,0,0,1,0,0,0,0,0,0,1,1,False,False,Sa Poste Cafe
southern arms corp,0,0,0,0,1,0,0,0,0,0,0,0,1,1,False,False,Southern Arms Corp.
southern grind bistro,0,0,0,0,0,0,0,1,0,0,0,0,1,1,False,False,Southern Grind Bistro
s8 concept district,0,1,0,0,0,0,0,0,0,0,0,0,1,1,False,False,S8 CONCEPT DISTRICT
southstar drugstore,0,0,0,0,0,0,0,1,0,0,0,0,1,1,False,False,SOUTHSTAR DRUGSTORE
southwoods cinemas snackbar,0,0,0,0,0,1,0,0,0,0,0,0,1,1,False,False,Southwoods Cinemas - Snackbar
saint camillus premium healthcare inc,0,0,0,0,0,0,0,1,0,0,0,0,1,1,False,False,"SAINT CAMILLUS PREMIUM HEALTHCARE, INC"
s&s cellphone accessories,0,0,0,0,0,0,0,1,0,0,0,0,1,1,False,False,S&S Cellphone Accessories
southwoods mall,0,0,0,0,0,1,0,0,0,0,0,0,1,1,False,False,Southwoods Mall
souv by cyma,0,0,0,0,0,0,0,0,1,0,0,0,1,1,False,False,SOUV By Cyma
s&r new york style pizza 9688958586 9175417483,0,0,0,0,0,0,0,1,0,0,0,0,1,1,False,False,S&R New York Style Pizza 9688958586/9175417483
souvenir shop,0,0,0,0,1,0,0,0,0,0,0,0,1,1,False,False,Souvenir Shop
sowing life,0,0,0,0,0,0,0,0,1,0,0,0,1,1,False,False,SOWING LIFE
soy bean,0,0,0,0,0,0,0,0,1,0,0,0,1,1,False,False,SOY BEAN
soy bueno,0,0,0,0,0,0,1,0,0,0,0,0,1,1,False,False,Soy Bueno
s&r,0,0,0,0,0,0,0,1,0,0,0,0,1,1,False,False,S&R
s toy c,0,0,1,0,0,0,0,0,0,0,0,0,1,1,False,False,S-toy C
s b a shoes shop,0,0,0,0,0,0,0,1,0,0,0,0,1,1,False,False,S B A SHOES SHOP
sabels kambingan,0,0,0,0,1,0,0,0,0,0,0,0,1,1,False,False,Sabel's Kambingan
sabie bakes,0,0,0,0,0,0,0,0,1,0,0,0,1,1,False,False,SABIE BAKES
south star drugs,0,0,0,0,0,0,0,1,0,0,0,0,1,1,False,False,SOUTH STAR DRUGS
south salon,0,1,0,0,0,0,0,0,0,0,0,0,1,1,False,False,SOUTH SALON
saigosan,0,0,0,0,0,1,0,0,0,0,0,0,1,1,False,False,Saigosan
saibachi,0,0,1,0,0,0,0,0,0,0,0,0,1,1,False,False,Saibachi
sahroden cellphone shop & acc,0,0,0,0,0,0,0,0,0,0,0,1,1,1,False,False,SAHRODEN CELLPHONE SHOP & ACC.
sophistikated aesthetics and beauty loungee,0,0,0,0,0,0,0,1,0,0,0,0,1,1,False,False,SophistiKated Aesthetics and Beauty Loungee
sagye,0,0,0,0,0,0,0,0,1,0,0,0,1,1,False,False,SAGYE
sage garden,0,0,1,0,0,0,0,0,0,0,0,0,1,1,False,False,The Sage Garden
sophistique spa,0,0,0,0,0,0,0,1,0,0,0,0,1,1,False,False,SOPHISTIQUE SPA
sorelle skin care and spa,0,0,0,0,0,0,0,0,1,0,0,0,1,1,False,False,SORELLE SKIN CARE AND SPA
sagat crust,0,0,0,0,0,0,0,1,0,0,0,0,1,1,False,False,Sagat Crust
saffron sips,0,0,0,0,0,0,0,1,0,0,0,0,1,1,False,False,SAFFRON SIPS
safa fashion accessories,0,0,0,0,0,0,0,1,0,0,0,0,1,1,False,False,SAFA FASHION ACCESSORIES
saetta mae cellshop,0,0,0,0,0,0,0,0,0,0,0,1,1,1,False,False,SAETTA MAE CELLSHOP
saem 9761213972,0,0,0,0,0,0,0,1,0,0,0,0,1,1,False,False,The Saem 9761213972
soul potato,0,0,0,0,0,0,0,1,0,0,0,0,1,1,False,False,Soul Potato
saem,0,0,0,0,0,0,0,1,0,0,0,0,1,1,False,False,THE SAEM
sachi ramen,0,1,0,0,0,0,0,0,0,0,0,0,1,1,False,False,SACHI RAMEN
soundroom,0,0,0,0,0,0,0,0,1,0,0,0,1,1,False,False,SOUNDROOM
souper hot,0,0,0,0,0,0,0,0,1,0,0,0,1,1,False,False,SOUPER HOT
sac people,0,0,0,0,0,0,0,0,1,0,0,0,1,1,False,False,SAC PEOPLE
south bay dental,0,0,1,0,0,0,0,0,0,0,0,0,1,1,False,False,South Bay Dental
saboten,0,1,0,0,0,0,0,0,0,0,0,0,1,1,False,False,SABOTEN
sabinas cravings,0,0,0,0,0,0,0,1,0,0,0,0,1,1,False,False,SABINA'S CRAVING'S
south com,0,0,0,0,1,0,0,0,0,0,0,0,1,1,False,False,South Com
rookie kids,0,0,0,0,0,0,1,0,0,0,0,0,1,1,False,False,Rookie Kids
squires bingham international,0,0,0,0,0,0,0,1,0,0,0,0,1,1,False,False,SQUIRES BINGHAM INTERNATIONAL
reshienel,0,0,0,0,0,0,0,1,0,0,0,0,1,1,False,False,Reshienel
stephen o bullo 0919 228 1010,0,0,0,0,0,0,0,1,0,0,0,0,1,1,False,False,Stephen O. Bullo 0919-228-1010
steamworks,0,0,0,0,0,0,0,1,0,0,0,0,1,1,False,False,STEAMWORKS
steelcad,0,0,0,0,0,0,0,1,0,0,0,0,1,1,False,False,STEELCAD
riff center,0,0,0,0,0,0,0,1,0,0,0,0,1,1,False,False,RIFF CENTER
stellamari spa,0,0,0,0,0,0,0,1,0,0,0,0,1,1,False,False,STELLAMARI SPA
stemz healthcare philippines private inc,0,0,0,0,0,0,0,0,1,0,0,0,1,1,False,False,STEMZ HEALTHCARE PHILIPPINES PRIVATE INC
ride revolution,0,1,0,0,0,0,0,0,0,0,0,0,1,1,False,False,RIDE REVOLUTION
step by step,0,0,0,0,0,0,1,0,0,0,0,0,1,1,False,False,Step by Step
step up,0,0,0,0,0,0,0,0,0,0,0,1,1,1,False,False,STEP UP
ricsjen beauty & wellness shop,0,0,0,0,0,0,0,1,0,0,0,0,1,1,False,False,Ricsjen Beauty & Wellness Shop
step up boutique,0,1,0,0,0,0,0,0,0,0,0,0,1,1,False,False,STEP-UP BOUTIQUE
step up globe,0,0,0,0,0,0,0,0,0,0,0,1,1,1,False,False,STEP UP / GLOBE
steveston pizza,0,0,0,0,0,0,0,0,1,0,0,0,1,1,False,False,STEVESTON PIZZA
rimowa,0,1,0,0,0,0,0,0,0,0,0,0,1,1,False,False,RIMOWA
richyu fashion,0,0,0,0,0,0,0,1,0,0,0,0,1,1,False,False,Richyu Fashion
richtech minigem,0,0,0,0,0,0,0,0,0,0,0,1,1,1,False,False,Richtech MINIGEM (12)
richtech 2 ca exhibits,0,0,0,0,0,0,0,0,0,0,0,1,1,1,False,False,Richtech 2 ( 3.11 SQM) CA EXHIBITS ( PROPERTY PRO )
richtech 1 ca exhibits,0,0,0,0,0,0,0,0,0,0,0,1,1,1,False,False,Richtech 1( 5.04 SQM) CA EXHIBITS ( PROPERTY PRO )
richmond medical,0,0,0,0,0,1,0,0,0,0,0,0,1,1,False,False,Richmond Medical
richielda cabucos lao 238 1567 0925 706 8455,0,0,0,0,0,0,0,1,0,0,0,0,1,1,False,False,Richielda Cabucos - Lao (032)238-1567/0925-706-8455
richchad coffee shop,0,0,0,0,0,0,0,1,0,0,0,0,1,1,False,False,Richchad Coffee Shop
rich and shine fashion accessories and store,0,0,0,0,0,0,0,0,0,0,0,1,1,1,False,False,RICH AND SHINE FASHION ACCESSORIES AND STORE
rich and shine fashion accessories,0,0,0,0,0,0,0,0,0,0,0,1,1,1,False,False,RICH AND SHINE FASHION ACCESSORIES
stick on me,0,0,0,0,0,0,0,0,1,0,0,0,1,1,False,False,STICK ON ME
rice toppings and lemon express,0,0,0,0,1,0,0,0,0,0,0,0,1,1,False,False,Rice Toppings and Lemon Express
right dress fashion goldilocks,0,0,0,0,0,0,0,0,0,0,0,1,1,1,False,False,Right Dress Fashion Goldilocks
ringke,0,0,0,0,0,0,0,1,0,0,0,0,1,1,False,False,Ringke
rice in box,0,0,0,0,0,0,0,0,0,0,0,1,1,1,False,False,RICE IN BOX
starkey locksmith & watch repair,0,1,0,0,0,0,0,0,0,0,0,0,1,1,False,False,STARKEY LOCKSMITH & WATCH REPAIR
rm cellshop,0,0,0,0,0,0,0,1,0,0,0,0,1,1,False,False,RM CELLSHOP
starbucks reserve 8280 0726,0,0,0,0,0,0,0,1,0,0,0,0,1,1,False,False,Starbucks Reserve 8280-0726
starcon fitness gym,0,0,0,0,0,1,0,0,0,0,0,0,1,1,False,False,Starcon Fitness Gym
rk telecom,0,0,0,0,0,0,0,1,0,0,0,0,1,1,False,False,RK Telecom
rk tel cellphone accessories,0,0,0,0,1,0,0,0,0,0,0,0,1,1,False,False,RK-Tel Cellphone Accessories
rjs barbershop,0,0,0,0,0,0,0,0,1,0,0,0,1,1,False,False,RJS BARBERSHOP
stardust fine jewelry,0,0,0,0,0,0,1,0,0,0,0,0,1,1,False,False,Stardust Fine Jewelry
rjl medical clinic,0,0,0,0,1,0,0,0,0,0,0,0,1,1,False,False,RJL / Medical Clinic
rj reloading,0,0,0,0,0,0,0,0,0,0,0,1,1,1,False,False,RJ RELOADING (VIRTECK)
rj agency visa consultancy,0,0,0,0,0,0,0,1,0,0,0,0,1,1,False,False,RJ Agency Visa Consultancy
rizal dairy farms,0,1,0,0,0,0,0,0,0,0,0,0,1,1,False,False,RIZAL DAIRY FARMS
rizal commercial banking corp,0,0,0,0,0,0,0,0,0,1,0,0,1,1,False,False,RIZAL COMMERCIAL BANKING CORP. (RCBC)
steak & sushi,0,1,0,0,0,0,0,0,0,0,0,0,1,1,False,False,STEAK & SUSHI
starmall cinemas,0,0,0,0,0,0,0,0,0,1,0,0,1,1,False,False,STARMALL CINEMAS
starphone,0,0,0,0,0,0,0,0,1,0,0,0,1,1,False,False,STARPHONE
rivians special ice cream,0,0,0,0,0,0,0,1,0,0,0,0,1,1,False,False,RIVIAN'S SPECIAL ICE CREAM
starrbites,0,0,0,0,0,0,0,1,0,0,0,0,1,1,False,False,STARRBITES
statement theory,0,0,0,0,0,0,0,0,1,0,0,0,1,1,False,False,STATEMENT THEORY
statesman barbershop,0,0,0,0,0,0,0,1,0,0,0,0,1,1,False,False,Statesman Barbershop
rita optical,0,1,0,0,0,0,0,0,0,0,0,0,1,1,False,False,RITA OPTICAL
status hair salon,0,0,0,0,0,0,0,1,0,0,0,0,1,1,False,False,Status Hair Salon
steak & gravy,0,0,0,0,0,0,0,0,1,0,0,0,1,1,False,False,STEAK & GRAVY
rink star,0,0,0,0,0,0,0,0,1,0,0,0,1,1,False,False,RINK STAR
ringside,0,0,0,0,0,0,0,1,0,0,0,0,1,1,False,False,Ringside
sticks & strings,0,0,0,0,0,0,0,1,0,0,0,0,1,1,False,False,Sticks & Strings
rice in a box staffhouse superb shanghai siomai,0,0,0,0,0,0,0,0,0,0,0,1,1,1,False,False,RICE IN A BOX STAFFHOUSE SUPERB SHANGHAI SIOMAI
rons flower garden,0,0,0,0,0,0,0,1,0,0,0,0,1,1,False,False,Ron's Flower Garden
reva footwear,0,0,0,0,0,0,0,1,0,0,0,0,1,1,False,False,Reva Footwear
reyes hair cutter,0,0,0,0,0,0,0,0,0,0,0,1,1,1,False,False,REYES HAIR CUTTER
reyes barbeque,0,0,0,0,0,0,0,1,0,0,0,0,1,1,False,False,REYES BARBEQUE
strap shop delscollection,1,0,0,0,0,0,0,0,0,0,0,0,1,1,False,False,STRAP SHOP / DELSCOLLECTION
reycon watch repair center,0,0,0,0,0,0,0,0,0,0,1,0,1,1,False,False,REYCON WATCH REPAIR CENTER
rey silver station & watch repair center zsj dimsum hauz,0,0,0,0,0,0,0,0,0,0,0,1,1,1,False,False,REY SILVER STATION & WATCH REPAIR CENTER ZSJ DIMSUM HAUZ ( SIOMAI KING )
rexcue fone,0,1,0,0,0,0,0,0,0,0,0,0,1,1,False,False,REXCUE FONE
revlon mini gem exhibit 13,0,0,0,0,0,0,0,0,0,0,0,1,1,1,False,False,REVLON MINI GEM EXHIBIT ( FC DATING VIDEOKE) #13
revlon,0,0,0,0,0,0,0,0,0,0,0,1,1,1,False,False,REVLON
streat balls,0,0,0,0,0,0,0,1,0,0,0,0,1,1,False,False,STREAT BALLS
street pro,0,0,0,0,0,0,0,1,0,0,0,0,1,1,False,False,STREET PRO
streetyard,0,0,0,0,0,0,0,0,1,0,0,0,1,1,False,False,STREETYARD
stretch center salon,0,0,0,0,0,0,0,0,1,0,0,0,1,1,False,False,STRETCH CENTER SALON
strands salon,0,0,0,0,0,1,0,0,0,0,0,0,1,1,False,False,Strands Salon
rev,0,0,0,0,0,0,0,0,1,0,0,0,1,1,False,False,REV
strip,0,1,0,0,0,0,0,0,0,0,0,0,1,1,False,False,STRIP
retro,0,0,0,0,0,0,0,1,0,0,0,0,1,1,False,False,RETRO
retokelly salon & spa,0,0,0,0,0,0,0,1,0,0,0,0,1,1,False,False,RETOKELLY SALON & SPA
retokelly group of salon,0,0,0,0,0,0,0,0,1,0,0,0,1,1,False,False,RETOKELLY GROUP OF SALON
retailogy,0,0,0,0,0,0,0,1,0,0,0,0,1,1,False,False,RETAILOGY
retail lab,0,0,0,0,0,0,1,0,0,0,0,0,1,1,False,False,Retail Lab
restwell massage,0,0,0,0,1,0,0,0,0,0,0,0,1,1,False,False,Restwell Massage
restoerun,0,0,0,0,0,0,1,0,0,0,0,0,1,1,False,False,Restoerun
stroop & zo,0,0,0,0,0,0,0,1,0,0,0,0,1,1,False,False,Stroop & Zo
rest and go,0,0,0,0,0,0,0,1,0,0,0,0,1,1,False,False,Rest and Go
reyes haircutters,0,0,0,0,0,0,0,0,0,0,1,0,1,1,False,False,Reyes Haircutters
straightfroward,0,0,0,0,0,0,0,1,0,0,0,0,1,1,False,False,Straightfroward
stitch and sole,0,0,0,0,0,1,0,0,0,0,0,0,1,1,False,False,Stitch and Sole
rhearen musical instrument avon ca exhibits,0,0,0,0,0,0,0,0,0,0,0,1,1,1,False,False,RHEAREN MUSICAL INSTRUMENT / AVON CA EXHIBITS ( PROPERTY PRO )
stitches and charm,0,0,0,0,0,0,0,0,0,0,0,1,1,1,False,False,STITCHES AND CHARM
rice at your doorstep,0,0,0,0,0,1,0,0,0,0,0,0,1,1,False,False,Rice at Your Doorstep
rice & rolls,0,0,0,0,0,1,0,0,0,0,0,0,1,1,False,False,Rice & Rolls
stitches and charm boutique cocais food stall,0,0,0,0,0,0,0,0,0,0,0,1,1,1,False,False,STITCHES AND CHARM BOUTIQUE COCAI’S FOOD STALL
stockroom,0,1,0,0,0,0,0,0,0,0,0,0,1,1,False,False,THE STOCKROOM
ribs n bibs restaurant,0,1,0,0,0,0,0,0,0,0,0,0,1,1,False,False,RIBS N BIBS RESTAURANT
stockwell cafe lounge,0,0,0,0,0,0,0,0,1,0,0,0,1,1,False,False,STOCKWELL CAFE LOUNGE
ribs bibs,0,0,0,0,0,0,0,0,1,0,0,0,1,1,False,False,RIBS BIBS
riannetel,0,0,0,0,1,0,0,0,0,0,0,0,1,1,False,False,Riannetel
rianne,0,0,0,0,0,0,0,1,0,0,0,0,1,1,False,False,Rianne
stop & shack house minigem exhibit,0,0,0,0,0,0,0,0,0,0,0,1,1,1,False,False,STOP & SHACK HOUSE MINIGEM EXHIBIT (28)
rgz beauty and wellness products shop,0,0,0,0,0,0,0,1,0,0,0,0,1,1,False,False,RGZ Beauty and Wellness Products Shop
reylyn tech minigem,0,0,0,0,0,0,0,0,0,0,0,1,1,1,False,False,Reylyn Tech MINIGEM (12)
stop and style,0,0,0,0,0,0,0,1,0,0,0,0,1,1,False,False,Stop and Style
store 2823,0,0,0,0,0,0,0,0,1,0,0,0,1,1,False,False,STORE 2823
stormtech 9752669286,0,0,0,0,0,0,0,1,0,0,0,0,1,1,False,False,Stormtech 9752669286
rgm i care,0,0,0,0,0,0,0,0,0,0,1,0,1,1,False,False,RGM I-CARE
rgentee,0,0,0,0,0,0,0,1,0,0,0,0,1,1,False,False,Rgentee
rgbtoyzone,0,0,0,0,0,0,1,0,0,0,0,0,1,1,False,False,RGBToyzone
straight forward,0,0,0,0,0,0,0,1,0,0,0,0,1,1,False,False,STRAIGHT FORWARD
rfone solutions gadgets & repair shop,0,1,0,0,0,0,0,0,0,0,0,0,1,1,False,False,RFONE SOLUTIONS GADGETS & REPAIR SHOP
rfg watch service center,0,0,0,0,0,0,0,0,1,0,0,0,1,1,False,False,RFG WATCH SERVICE CENTER
straight naturelle,0,0,0,0,0,0,0,0,1,0,0,0,1,1,False,False,STRAIGHT NATURELLE
reymel canteen,0,1,0,0,0,0,0,0,0,0,0,0,1,1,False,False,REYMEL CANTEEN
rm phone accessories,0,0,0,0,1,0,0,0,0,0,0,0,1,1,False,False,RM Phone Accessories
rmc technics cellphone repair and accessories,0,0,0,0,0,0,0,0,0,0,0,1,1,1,False,False,RMC TECHNICS CELLPHONE REPAIR AND ACCESSORIES
starbucks 032 8896 2755,0,0,0,0,0,0,0,1,0,0,0,0,1,1,False,False,STARBUCKS 032.8896.2755
rock n sole,0,0,0,0,0,0,1,0,0,0,0,0,1,1,False,False,Rock n Sole
sst laptop & pc shop,0,0,1,0,0,0,0,0,0,0,0,0,1,1,False,False,Sst Laptop & Pc Shop
st ali,0,0,0,0,0,0,0,1,0,0,0,0,1,1,False,False,ST. ALI
st ali coffee,0,0,0,0,0,0,0,1,0,0,0,0,1,1,False,False,ST. ALI COFFEE
st clare of asissi,0,0,0,0,0,0,0,1,0,0,0,0,1,1,False,False,ST. CLARE OF ASISSI
st john,0,0,1,0,0,0,0,0,0,0,0,0,1,1,False,False,St. John
st joseph,0,0,0,0,0,0,0,1,0,0,0,0,1,1,False,False,St. Joseph
st joseph drug,0,0,0,0,0,0,0,0,0,0,0,1,1,1,False,False,ST JOSEPH DRUG
rockbords phones and gadgets,0,0,0,0,1,0,0,0,0,0,0,0,1,1,False,False,Rockbords Phones and Gadgets
st joseph religious items shop,0,0,0,0,0,0,0,1,0,0,0,0,1,1,False,False,St. Joseph Religious items Shop
st joseph religious items shop 9915586481,0,0,0,0,0,0,0,1,0,0,0,0,1,1,False,False,St. Joseph Religious items Shop 9915586481
rock on boulder gym,0,1,0,0,0,0,0,0,0,0,0,0,1,1,False,False,ROCK ON BOULDER GYM
st louis house of fine ice cream & desserts,0,1,0,0,0,0,0,0,0,0,0,0,1,1,False,False,ST. LOUIS HOUSE OF FINE ICE CREAM & DESSERTS
rocky mountain chocolate factory,0,0,0,0,0,0,0,0,1,0,0,0,1,1,False,False,ROCKY MOUNTAIN CHOCOLATE FACTORY
st marc cafe,0,0,0,0,0,0,0,0,1,0,0,0,1,1,False,False,ST MARC CAFE
robys sports,0,0,0,0,0,0,0,1,0,0,0,0,1,1,False,False,ROBY'S SPORTS
robs,0,0,0,0,0,1,0,0,0,0,0,0,1,1,False,False,Rob's
robots & dolls salon,0,0,0,0,0,1,0,0,0,0,0,0,1,1,False,False,Robots & Dolls Salon
robots & dolls,0,0,0,0,0,1,0,0,0,0,0,0,1,1,False,False,Robots & Dolls
sta barbara,0,0,0,0,0,0,0,1,0,0,0,0,1,1,False,False,Sta. Barbara
robisnons deparment store,0,0,0,0,0,0,0,1,0,0,0,0,1,1,False,False,ROBISNONS DEPARMENT STORE
robinsons supermarket hot ticket fashion shop,0,0,0,0,0,0,0,0,0,0,0,1,1,1,False,False,ROBINSONS SUPERMARKET HOT TICKET FASHION SHOP
robinsons supermarket corp daud macapa ar,0,0,0,0,0,0,0,0,0,0,0,1,1,1,False,False,Robinsons Supermarket Corp. DAUD MACAPA-AR
robinsons supermarket bainor repair services 1,0,0,0,0,0,0,0,0,0,0,0,1,1,1,False,False,ROBINSONS SUPERMARKET BAINOR REPAIR SERVICES 1
robinsons supermarket 8961 6029,0,0,0,0,0,0,0,1,0,0,0,0,1,1,False,False,Robinsons Supermarket 8961-6029
rockstar by centerstage,0,0,0,0,0,0,0,0,1,0,0,0,1,1,False,False,ROCKSTAR BY CENTERSTAGE
sst laptop & gadget repair shop 9438205423,0,0,0,0,0,0,0,1,0,0,0,0,1,1,False,False,SST LAPTOP & GADGET REPAIR SHOP 9438205423
rmg gadget shops,0,0,1,0,0,0,0,0,0,0,0,0,1,1,False,False,Rmg Gadget Shops
romeos spice & steaks,0,0,0,0,0,0,0,1,0,0,0,0,1,1,False,False,Romeo’s Spice & Steaks
sr new york style pizza,0,0,0,0,0,0,0,0,1,0,0,0,1,1,False,False,SR NEW YORK STYLE PIZZA
sr watch repair shop,0,0,0,0,0,0,0,1,0,0,0,0,1,1,False,False,SR Watch Repair Shop
srl panoceph dental diagnostic clinic 0917 8557566,0,0,0,0,0,0,0,1,0,0,0,0,1,1,False,False,Srl Panoceph Dental Diagnostic Clinic 0917-8557566
srt merchandising,0,0,0,0,0,0,0,1,0,0,0,0,1,1,False,False,SRT Merchandising
roninsons supermarket,0,0,0,0,0,0,0,1,0,0,0,0,1,1,False,False,RONINSONS SUPERMARKET
ron salon,0,0,0,0,0,0,0,0,1,0,0,0,1,1,False,False,RON SALON
ron mar handicraft,0,0,0,0,0,0,0,0,1,0,0,0,1,1,False,False,RON MAR HANDICRAFT
romulo cafe,0,1,0,0,0,0,0,0,0,0,0,0,1,1,False,False,ROMULO CAFE
ssamjang express,0,0,0,0,0,0,0,0,1,0,0,0,1,1,False,False,SSAMJANG EXPRESS
romeos steak & spice,0,0,0,0,0,0,0,1,0,0,0,0,1,1,False,False,Romeo's Steak & Spice
ssamjang korean restaurant,0,0,0,0,0,0,0,0,1,0,0,0,1,1,False,False,SSAMJANG KOREAN RESTAURANT
ssr household,0,0,0,0,0,0,0,1,0,0,0,0,1,1,False,False,SSR Household
rodness pasalubong,0,0,0,0,0,0,0,1,0,0,0,0,1,1,False,False,Rodness Pasalubong
sss additional area,0,0,0,0,0,0,0,0,0,0,0,1,1,1,False,False,SSS ADDITIONAL AREA
romeos,0,0,0,0,0,0,1,0,0,0,0,0,1,1,False,False,Romeo's
sss bluepoint com,0,0,0,0,0,0,0,0,0,0,0,1,1,1,False,False,SSS BLUEPOINT.COM
sss satellite,0,0,0,0,0,0,0,0,0,0,0,1,1,1,False,False,SSS SATELLITE
sss ystilo,0,0,0,0,0,0,0,0,0,0,0,1,1,1,False,False,"SSS, YSTILO"
roma wellness beauty centre,0,0,0,0,0,0,0,0,1,0,0,0,1,1,False,False,ROMA WELLNESS BEAUTY CENTRE
roller fever,0,0,1,0,0,0,0,0,0,0,0,0,1,1,False,False,Roller Fever
rolex washington watch group,0,1,0,0,0,0,0,0,0,0,0,0,1,1,False,False,ROLEX - WASHINGTON WATCH GROUP
sst gadgets repair,0,0,0,0,0,0,0,1,0,0,0,0,1,1,False,False,SST GADGETS REPAIR
rogue gaming,0,0,0,0,0,0,0,0,1,0,0,0,1,1,False,False,ROGUE GAMING
roger vivier,0,1,0,0,0,0,0,0,0,0,0,0,1,1,False,False,ROGER VIVIER
sta lucia holdings,0,0,0,0,0,0,0,1,0,0,0,0,1,1,False,False,STA. LUCIA HOLDINGS
sta lucia land inc,0,0,0,0,0,0,0,1,0,0,0,0,1,1,False,False,Sta. Lucia Land Inc.
robinsons supermaket,0,0,0,0,0,0,0,1,0,0,0,0,1,1,False,False,ROBINSONS SUPERMAKET
roberts accessories khalid saud,0,0,0,0,0,0,0,0,0,0,0,1,1,1,False,False,Roberts Accessories (LIN MIN XU ) (4.44 SQM) KHALID SAUD
star finder optical,0,0,0,0,0,0,0,0,1,0,0,0,1,1,False,False,STAR-FINDER OPTICAL
star finder optical shop 0949 430 5969,0,0,0,0,0,0,0,1,0,0,0,0,1,1,False,False,Star Finder Optical Shop 0949-430-5969
robinsons appliances oppo mobile,0,0,0,0,0,0,0,0,0,0,0,1,1,1,False,False,Robinsons Appliances OPPO MOBILE
robinsons appliances arzel,0,0,0,0,0,0,0,0,0,0,0,1,1,1,False,False,ROBINSONS APPLIANCES ARZEL
robinsons appliances 9988466445,0,0,0,0,0,0,0,1,0,0,0,0,1,1,False,False,Robinsons Appliances 9988466445
star frappe green bowl,0,0,0,0,0,0,0,0,0,0,0,1,1,1,False,False,"STAR FRAPPE , GREEN BOWL"
robinsons appliance store bainor repair services ii,0,0,0,0,0,0,0,0,0,0,0,1,1,1,False,False,ROBINSONS APPLIANCE STORE BAINOR REPAIR SERVICES II
robinsons appliance center,0,0,0,0,0,0,0,1,0,0,0,0,1,1,False,False,Robinsons Appliance Center
robinson handyman exhibit,0,0,0,0,0,0,0,0,0,0,0,1,1,1,False,False,ROBINSON HANDYMAN EXHIBIT
star jury toys ca exhibits,0,0,0,0,0,0,0,0,0,0,0,1,1,1,False,False,STAR JURY TOYS CA EXHIBITS ( PROPERTY PRO )
roberts toys,0,0,0,0,0,0,1,0,0,0,0,0,1,1,False,False,Roberts Toys
robert series,0,0,0,0,1,0,0,0,0,0,0,0,1,1,False,False,Robert Series
robinsons super market,0,0,0,0,0,0,0,1,0,0,0,0,1,1,False,False,ROBINSONS SUPER MARKET
robert chicken,0,0,0,0,0,0,0,1,0,0,0,0,1,1,False,False,ROBERT CHICKEN
robelo watch repair,0,0,0,0,0,0,0,0,0,0,1,0,1,1,False,False,ROBELO WATCH REPAIR
robata by chef alexander sebastian,0,0,0,0,0,0,0,0,1,0,0,0,1,1,False,False,ROBATA BY CHEF ALEXANDER SEBASTIAN
roasted duck express,0,0,0,0,0,0,1,0,0,0,0,0,1,1,False,False,Roasted Duck Express
star sports,0,0,1,0,0,0,0,0,0,0,0,0,1,1,False,False,Star Sports
star telecom,0,0,0,0,0,0,0,0,0,0,0,1,1,1,False,False,STAR TELECOM
roasted beans & coffee shop,0,0,0,0,0,0,0,1,0,0,0,0,1,1,False,False,ROASTED BEANS & COFFEE SHOP
roasted & grilled,0,0,0,0,0,0,0,1,0,0,0,0,1,1,False,False,Roasted & Grilled
road house manila,0,0,0,0,0,0,0,0,1,0,0,0,1,1,False,False,ROAD HOUSE MANILA
rms fashion gallery,0,0,0,0,0,0,0,0,0,0,0,1,1,1,False,False,RMS FASHION GALLERY
rmj flowers,0,0,0,0,0,0,0,1,0,0,0,0,1,1,False,False,RMJ Flowers
stampede,1,0,0,0,0,0,0,0,0,0,0,0,1,1,False,False,STAMPEDE
robinsons bank 0917 321 0930,0,0,0,0,0,0,0,1,0,0,0,0,1,1,False,False,ROBINSONS BANK 0917-321-0930
robinsons bank 8702 9500 local 499,0,0,0,0,0,0,0,1,0,0,0,0,1,1,False,False,Robinsons Bank 8702-9500 local 499
robinsons bank jewelrich,0,0,0,0,0,0,0,0,0,0,0,1,1,1,False,False,ROBINSONS BANK Jewelrich
robinsons residences,0,0,0,0,0,0,0,1,0,0,0,0,1,1,False,False,Robinsons Residences
robinsons movieworld 881 2545,0,0,0,0,0,0,0,1,0,0,0,0,1,1,False,False,ROBINSONS MOVIEWORLD (054) 881-2545
robinsons movieworld 8397 1888 loc 36029,0,0,0,0,0,0,0,1,0,0,0,0,1,1,False,False,ROBINSONS MOVIEWORLD ( 8397-1888 loc.36029
robinsons movieworld 815 7771,0,0,0,0,0,0,0,1,0,0,0,0,1,1,False,False,ROBINSONS MOVIEWORLD (085) 815-7771
robinsons movieworld 224 2822,0,0,0,0,0,0,0,1,0,0,0,0,1,1,False,False,ROBINSONS MOVIEWORLD ( 063 ) 224-2822
robinsons movieworld 0998 840 3587,0,0,0,0,0,0,0,1,0,0,0,0,1,1,False,False,ROBINSONS MOVIEWORLD (OPEN) 0998-840-3587
robinsons movieworld 0997 508 5366,0,0,0,0,0,0,0,1,0,0,0,0,1,1,False,False,ROBINSONS MOVIEWORLD (OPEN) 0997-508-5366
robinsons movieworld 0945 852 5486,0,0,0,0,0,0,0,1,0,0,0,0,1,1,False,False,ROBINSONS MOVIEWORLD 0945-852-5486 (OPEN)
sta teresa resto,0,0,0,0,0,0,0,1,0,0,0,0,1,1,False,False,Sta. Teresa Resto
robinsons movie world 8887 0726,0,0,0,0,0,0,0,1,0,0,0,0,1,1,False,False,ROBINSONS MOVIE WORLD (OPEN) (02) 8887-0726
robinsons homes inc,0,0,0,0,0,0,0,1,0,0,0,0,1,1,False,False,Robinsons Homes Inc.
sta teresa resto 9177931584,0,0,0,0,0,0,0,1,0,0,0,0,1,1,False,False,STA. TERESA RESTO 9177931584
robinsons handyman stockroom firefly,0,0,0,0,0,0,0,0,0,0,0,1,1,1,False,False,Robinsons Handyman Stockroom FIREFLY
stacks,0,0,0,0,0,0,0,0,1,0,0,0,1,1,False,False,STACKS
robinsons handyman,0,0,0,0,0,0,0,0,0,0,0,1,1,1,False,False,ROBINSON'S HANDYMAN
stallion fashion house,0,0,0,0,0,0,0,1,0,0,0,0,1,1,False,False,Stallion Fashion House
stallion fashion house 0929 318 6731,0,0,0,0,0,0,0,1,0,0,0,0,1,1,False,False,Stallion Fashion House 0929-318-6731
robinsons department store jaju playhouse,0,0,0,0,0,0,0,0,0,0,0,1,1,1,False,False,Robinsons Department Store JAJU PLAYHOUSE
robinsons department store home outlet n & l cellphone and accessories,0,0,0,0,0,0,0,0,0,0,0,1,1,1,False,False,Robinsons Department Store Home Outlet ( Exhibit) N & L CELLPHONE AND ACCESSORIES
stamp attack,0,0,0,0,0,0,0,0,1,0,0,0,1,1,False,False,STAMP ATTACK
robinsons department store home outlet h and m cp ii,0,0,0,0,0,0,0,0,0,0,0,1,1,1,False,False,Robinsons Department Store Home Outlet ( Exhibit) H AND M CP II
stamp shop fashion boutique,0,1,0,0,0,0,0,0,0,0,0,0,1,1,False,False,STAMP SHOP FASHION BOUTIQUE
stamp studio,0,0,0,0,0,0,0,0,1,0,0,0,1,1,False,False,STAMP STUDIO
sole depot,0,1,0,0,0,0,0,0,0,0,0,0,1,1,False,False,SOLE DEPOT
salonga music,1,0,0,0,0,0,0,0,0,0,0,0,1,1,False,False,SALONGA MUSIC
sole avenue,0,1,0,0,0,0,0,0,0,0,0,0,1,1,False,False,SOLE AVENUE
sgt sisig,0,0,0,0,0,0,0,0,0,0,0,1,1,1,False,False,SGT. SISIG
shakeys pizza,0,0,0,0,0,0,0,1,0,0,0,0,1,1,False,False,Shakey's Pizza
shakeys korn,0,0,0,0,0,0,0,0,0,0,0,1,1,1,False,False,SHAKEYS KORN
shakeys 9278110353,0,0,0,0,0,0,0,1,0,0,0,0,1,1,False,False,SHAKEY'S 9278110353 (OPEN)
shakeys 505 5860,0,0,0,0,0,0,0,1,0,0,0,0,1,1,False,False,SHAKEY'S (032)505-5860
skin 911 facial and slimming centre,0,1,0,0,0,0,0,0,0,0,0,0,1,1,False,False,SKIN 911 FACIAL AND SLIMMING CENTRE
skin adept,0,0,0,0,0,0,1,0,0,0,0,0,1,1,False,False,Skin Adept
shaka cafes,0,0,0,0,0,0,0,0,1,0,0,0,1,1,False,False,SHAKA CAFES
shaka cafe,0,0,0,0,0,1,0,0,0,0,0,0,1,1,False,False,Shaka Cafe
shadows & patterns,0,0,0,0,0,0,1,0,0,0,0,0,1,1,False,False,Shadows & Patterns
shaburi kintan,0,1,0,0,0,0,0,0,0,0,0,0,1,1,False,False,SHABURI KINTAN
sha xian snack,0,0,0,0,0,1,0,0,0,0,0,0,1,1,False,False,Sha-Xian Snack
skin bar,0,0,0,0,0,0,1,0,0,0,0,0,1,1,False,False,Skin Bar
shams,0,0,0,0,0,0,0,1,0,0,0,0,1,1,False,False,Shams
sgroppino italia coffee shop,0,0,0,0,0,0,0,0,1,0,0,0,1,1,False,False,SGROPPINO ITALIA COFFEE SHOP
skin breathe,1,0,0,0,0,0,0,0,0,0,0,0,1,1,False,False,SKIN BREATHE
skin care solutions,0,0,0,0,0,0,0,0,1,0,0,0,1,1,False,False,SKIN CARE SOLUTIONS
sg urban empanada,0,0,0,0,0,0,0,1,0,0,0,0,1,1,False,False,SG Urban Empanada
sg dermatology and surgical aesthetic clinic,0,0,1,0,0,0,0,0,0,0,0,0,1,1,False,False,Sg Dermatology And Surgical Aesthetic Clinic
sg clinic,0,0,0,0,0,0,0,1,0,0,0,0,1,1,False,False,SG Clinic
sfx porcelain trading,1,0,0,0,0,0,0,0,0,0,0,0,1,1,False,False,SFX PORCELAIN TRADING
sfdc ngipin station,0,0,1,0,0,0,0,0,0,0,0,0,1,1,False,False,Sfdc Ngipin Station
seyah collection,0,0,0,0,0,0,0,0,0,0,0,1,1,1,False,False,SEYAH COLLECTION
sexy on jeans philippine savings bank,0,0,0,0,0,0,0,0,0,0,0,1,1,1,False,False,SEXY ON JEANS PHILIPPINE SAVINGS BANK
skin cell,0,0,0,0,0,1,0,0,0,0,0,0,1,1,False,False,Skin Cell
shama 0946 604 7577,0,0,0,0,0,0,0,1,0,0,0,0,1,1,False,False,SHAMA 0946-604-7577 (NEW)
shandie,0,0,0,0,0,0,0,1,0,0,0,0,1,1,False,False,Shandie
sewing room and alterations specialist,0,0,0,0,0,1,0,0,0,0,0,0,1,1,False,False,The Sewing Room And Alterations Specialist
sjm watch services,0,0,0,0,0,0,0,0,1,0,0,0,1,1,False,False,SJM WATCH SERVICES
sheeha money changer,0,0,0,0,0,1,0,0,0,0,0,0,1,1,False,False,Sheeha Money Changer
shee bakes,0,0,0,0,0,0,0,1,0,0,0,0,1,1,False,False,SHEE BAKES
shearmahz,0,0,0,0,0,0,0,0,1,0,0,0,1,1,False,False,SHEARMAHZ
shaxia snack house,0,0,0,0,0,1,0,0,0,0,0,0,1,1,False,False,Shaxia Snack House
shawie nails spa,0,1,0,0,0,0,0,0,0,0,0,0,1,1,False,False,SHAWIE NAILS SPA
shawarma shack 9298246713,0,0,0,0,0,0,0,1,0,0,0,0,1,1,False,False,Shawarma Shack 9298246713
sizzling seafoods,0,0,0,0,0,0,0,1,0,0,0,0,1,1,False,False,Sizzling Seafoods
shawarma shack 0917 573 2556,0,0,0,0,0,0,0,1,0,0,0,0,1,1,False,False,SHAWARMA SHACK 0917-573-2556 (NEW)
shawarma lover,0,0,0,0,0,0,0,1,0,0,0,0,1,1,False,False,Shawarma Lover
sizzling smoque,0,0,0,0,0,0,0,0,1,0,0,0,1,1,False,False,SIZZLING SMOQUE
sj lifestyle,0,0,1,0,0,0,0,0,0,0,0,0,1,1,False,False,Sj Lifestyle
sk pierceson,0,0,0,0,0,0,0,1,0,0,0,0,1,1,False,False,SK. PIERCESON
shanghai express,0,0,0,0,0,1,0,0,0,0,0,0,1,1,False,False,Shanghai Express
shawarma craze,0,0,0,0,0,0,0,1,0,0,0,0,1,1,False,False,SHAWARMA CRAZE
shawarma,0,1,0,0,0,0,0,0,0,0,0,0,1,1,False,False,SHAWARMA
sharmainescakes and patries,0,0,0,0,0,0,0,1,0,0,0,0,1,1,False,False,Sharmaines'Cakes and Patries
shark ninja,0,0,1,0,0,0,0,0,0,0,0,0,1,1,False,False,Shark Ninja
sharetea,0,0,0,0,0,0,0,1,0,0,0,0,1,1,False,False,Sharetea
skewd,0,0,0,0,0,0,0,1,0,0,0,0,1,1,False,False,SKEW'D
shapes and sizes,0,1,0,0,0,0,0,0,0,0,0,0,1,1,False,False,SHAPES AND SIZES
shanylle p h,0,0,0,0,0,0,1,0,0,0,0,0,1,1,False,False,Shanylle P.h
skin,0,1,0,0,0,0,0,0,0,0,0,0,1,1,False,False,SKIN +
skin & body,0,0,1,0,0,0,0,0,0,0,0,0,1,1,False,False,Skin & Body
shanghai saloon,0,0,0,0,0,0,0,0,1,0,0,0,1,1,False,False,SHANGHAI SALOON
skin centraal dermatology clinic,0,1,0,0,0,0,0,0,0,0,0,0,1,1,False,False,SKIN CENTRAAL DERMATOLOGY CLINIC
skin doctors,0,0,0,0,1,0,0,0,0,0,0,0,1,1,False,False,Skin Doctors
salt & ice,0,0,0,0,0,1,0,0,0,0,0,0,1,1,False,False,Salt & Ice
sentro cafe,0,0,0,0,0,0,0,0,1,0,0,0,1,1,False,False,SENTRO CAFE
seoulgyupsal open,0,0,0,0,0,0,0,1,0,0,0,0,1,1,False,False,Seoulgyupsal OPEN
skin u love,0,0,0,0,0,0,0,0,1,0,0,0,1,1,False,False,SKIN U LOVE
seoul station,0,0,0,0,0,1,0,0,0,0,0,0,1,1,False,False,Seoul Station
skincare rx,0,0,0,0,0,0,1,0,0,0,0,0,1,1,False,False,Skincare Rx
skincell advanced aesthetic clinics,0,1,0,0,0,0,0,0,0,0,0,0,1,1,False,False,SKINCELL ADVANCED AESTHETIC CLINICS
seoul mate home kitchen,0,0,0,0,0,1,0,0,0,0,0,0,1,1,False,False,Seoul Mate Home Kitchen
seoul korean grill cuisine,0,1,0,0,0,0,0,0,0,0,0,0,1,1,False,False,SEOUL KOREAN GRILL + CUISINE
skines,0,0,0,1,0,0,0,0,0,0,0,0,1,1,False,False,Skines
seoul food house,0,0,0,0,0,0,0,1,0,0,0,0,1,1,False,False,Seoul Food House
skinmode tattoo,0,0,0,0,1,0,0,0,0,0,0,0,1,1,False,False,Skinmode Tattoo
skinology spa wellness center,0,0,0,0,0,0,0,0,1,0,0,0,1,1,False,False,SKINOLOGY SPA WELLNESS CENTER
skinrev aesthetic clinic,0,0,0,0,0,0,0,0,1,0,0,0,1,1,False,False,SKINREV AESTHETIC CLINIC
skin touch,0,0,1,0,0,0,0,0,0,0,0,0,1,1,False,False,Skin Touch
senses,0,0,0,0,0,0,0,1,0,0,0,0,1,1,False,False,SENSES
sensei exhibit,0,0,0,0,0,0,0,1,0,0,0,0,1,1,False,False,SENSEI EXHIBIT
sensei,0,0,1,0,0,0,0,0,0,0,0,0,1,1,False,False,Sensei
skintech,0,1,0,0,0,0,0,0,0,0,0,0,1,1,False,False,SKINTECH
senorita de bacolod,0,0,0,0,0,0,0,0,1,0,0,0,1,1,False,False,SEÑORITA DE BACOLOD
skintech face & beauty center,0,0,1,0,0,0,0,0,0,0,0,0,1,1,False,False,Skintech Face & Beauty Center
senor sabores tacos nachos wings,0,0,0,0,0,0,0,0,1,0,0,0,1,1,False,False,SEÑOR SABORES TACOS NACHOS WINGS
senor pollo,0,0,0,0,0,0,1,0,0,0,0,0,1,1,False,False,Senor Pollo
senor barbershop,0,0,0,0,0,1,0,0,0,0,0,0,1,1,False,False,Señor Barbershop
skinthetics,0,0,0,0,0,0,0,1,0,0,0,0,1,1,False,False,SKINTHETICS
sendem,0,1,0,0,0,0,0,0,0,0,0,0,1,1,False,False,SENDEM
skin trends,0,0,0,0,0,1,0,0,0,0,0,0,1,1,False,False,Skin Trends
skin studio,0,0,0,0,0,0,0,1,0,0,0,0,1,1,False,False,Skin Studio
skin doctors beauty and wellness,0,0,0,0,1,0,0,0,0,0,0,0,1,1,False,False,Skin Doctors Beauty and Wellness
sesou,0,0,0,0,0,0,0,0,1,0,0,0,1,1,False,False,SESOU
sewing bar,0,1,0,0,0,0,0,0,0,0,0,0,1,1,False,False,SEWING BAR
skin files beauty lounge,0,0,0,0,0,0,0,0,1,0,0,0,1,1,False,False,SKIN FILES BEAUTY LOUNGE
skin hub aesthetic laser center,0,0,0,0,0,0,0,0,1,0,0,0,1,1,False,False,SKIN HUB AESTHETIC LASER CENTER
skin magical,0,0,0,0,0,0,0,1,0,0,0,0,1,1,False,False,Skin Magical
sew terrific,0,0,0,0,0,0,1,0,0,0,0,0,1,1,False,False,Sew Terrific
sew it right,0,0,0,0,0,0,0,0,0,0,1,0,1,1,False,False,Sew It Right
sew fit upcycling alterations,0,0,0,0,0,0,0,0,1,0,0,0,1,1,False,False,SEW FIT UPCYCLING ALTERATIONS
sew and fit alterations,0,0,0,0,0,1,0,0,0,0,0,0,1,1,False,False,Sew and Fit Alterations
seventh j,0,0,0,0,0,0,1,0,0,0,0,0,1,1,False,False,Seventh J
seven seven,0,0,0,0,0,0,0,1,0,0,0,0,1,1,False,False,Seven Seven
seven gems jewelry,0,0,0,0,0,0,0,0,1,0,0,0,1,1,False,False,SEVEN GEMS JEWELRY
servicio,0,0,0,0,0,0,0,0,1,0,0,0,1,1,False,False,SERVICIO
serafina,0,0,0,0,0,0,0,0,1,0,0,0,1,1,False,False,SERAFINA
serta,0,1,0,0,0,0,0,0,0,0,0,0,1,1,False,False,SERTA
skin nurse,0,0,0,0,0,0,0,1,0,0,0,0,1,1,False,False,SKIN NURSE
serious player only,0,0,0,0,0,0,1,0,0,0,0,0,1,1,False,False,Serious Player Only
skin perfect temporarily closed,0,0,0,0,0,0,0,1,0,0,0,0,1,1,False,False,Skin Perfect TEMPORARILY CLOSED
serinas fashion jewelry,0,0,0,0,0,0,0,1,0,0,0,0,1,1,False,False,SERINA'S FASHION JEWELRY
skin plus,0,0,0,0,0,0,0,0,1,0,0,0,1,1,False,False,SKIN PLUS
skin rejuve,0,0,0,0,0,0,0,0,1,0,0,0,1,1,False,False,SKIN REJUVE
skin republic,0,0,0,0,0,1,0,0,0,0,0,0,1,1,False,False,Skin Republic
serinas,0,0,0,0,0,0,0,1,0,0,0,0,1,1,False,False,SERINA'S
skin story beauty lounge,0,0,0,0,0,0,0,0,1,0,0,0,1,1,False,False,SKIN STORY BEAUTY LOUNGE
serenes hair extension and spa,0,0,0,0,0,0,0,0,1,0,0,0,1,1,False,False,SERENES HAIR EXTENSION AND SPA
sheenas sleek,1,0,0,0,0,0,0,0,0,0,0,0,1,1,False,False,SHEENA'S SLEEK
shell ev charging station,0,0,0,0,0,0,0,1,0,0,0,0,1,1,False,False,Shell EV Charging Station
sizzling race,0,0,0,0,0,0,0,1,0,0,0,0,1,1,False,False,Sizzling Race
siomai house empanada espesyal,0,0,0,0,0,0,0,0,0,0,0,1,1,1,False,False,SIOMAI HOUSE/EMPANADA ESPESYAL
sio cha,0,0,0,0,0,1,0,0,0,0,0,0,1,1,False,False,Sio-Cha
sio republic,0,0,0,0,0,0,0,0,1,0,0,0,1,1,False,False,SIO REPUBLIC
sidechick,0,0,0,0,0,0,0,0,1,0,0,0,1,1,False,False,SIDECHICK
side quest,0,0,0,0,0,0,1,0,0,0,0,0,1,1,False,False,Side Quest
sicilian roast,0,0,0,0,0,0,0,0,1,0,0,0,1,1,False,False,SICILIAN ROAST
sio yummy,0,1,0,0,0,0,0,0,0,0,0,0,1,1,False,False,SIO-YUMMY
siomai district,0,0,0,0,0,0,0,0,1,0,0,0,1,1,False,False,SIOMAI DISTRICT
sibyullee,0,0,0,0,0,0,1,0,0,0,0,0,1,1,False,False,Sibyullee
siargao de palmas,0,0,0,0,0,0,0,0,1,0,0,0,1,1,False,False,SIARGAO DE PALMAS
siomai express,0,0,0,0,0,0,0,1,0,0,0,0,1,1,False,False,Siomai Express
siam thai,0,0,0,0,0,0,1,0,0,0,0,0,1,1,False,False,Siam Thai
shylaer sizzling steak,0,0,0,0,0,0,0,0,1,0,0,0,1,1,False,False,SHYLAER SIZZLING STEAK
sier,0,0,0,0,0,0,0,1,0,0,0,0,1,1,False,False,SIER
shuyi grass jelly,0,0,0,0,0,1,0,0,0,0,0,0,1,1,False,False,Shuyi Grass Jelly
shuyi,0,0,0,0,0,1,0,0,0,0,0,0,1,1,False,False,Shuyi
shuomai,0,0,0,0,0,0,0,1,0,0,0,0,1,1,False,False,SHUOMAI
siomai house exterior,0,0,0,0,0,0,0,0,0,1,0,0,1,1,False,False,SIOMAI HOUSE EXTERIOR
siomai house minigem,0,0,0,0,0,0,0,0,0,0,0,1,1,1,False,False,SIOMAI HOUSE Minigem (#43)
siomai house unlimited,0,0,1,0,0,0,0,0,0,0,0,0,1,1,False,False,Siomai House Unlimited
shukey key duplicator,0,0,0,0,0,0,0,1,0,0,0,0,1,1,False,False,Shukey Key Duplicator
shui head spa,0,0,0,0,0,0,0,0,1,0,0,0,1,1,False,False,SHUI HEAD SPA
siomai king 0908 783 0318,0,0,0,0,0,0,0,1,0,0,0,0,1,1,False,False,SIOMAI KING 0908 783 0318
siomai king 9954641325,0,0,0,0,0,0,0,1,0,0,0,0,1,1,False,False,Siomai King 9954641325
siomai sa tisa,0,0,0,0,0,0,0,1,0,0,0,0,1,1,False,False,SIOMAI SA TISA
siennalos,0,0,0,0,0,0,0,0,1,0,0,0,1,1,False,False,SIENNALOS
siete estrellas inc,0,0,0,0,0,0,0,0,0,0,0,1,1,1,False,False,"SIETE ESTRELLAS, INC."
sizzling cuisine,0,0,0,0,0,0,0,1,0,0,0,0,1,1,False,False,Sizzling Cuisine
simply fashion boutique asgar store,0,0,0,0,0,0,0,0,0,0,0,1,1,1,False,False,SIMPLY FASHION BOUTIQUE ASGAR STORE
silverworks satellite,0,0,1,0,0,0,0,0,0,0,0,0,1,1,False,False,Silverworks Satellite
silverholic,0,0,0,0,0,0,0,0,1,0,0,0,1,1,False,False,SILVERHOLIC
simon designs,0,0,0,0,0,0,0,0,1,0,0,0,1,1,False,False,SIMON DESIGNS
simple & whole,0,0,0,0,0,0,0,0,1,0,0,0,1,1,False,False,SIMPLE & WHOLE
simple jump,0,0,0,0,0,0,0,0,1,0,0,0,1,1,False,False,SIMPLE JUMP
simplicitea place,0,0,0,0,0,0,0,0,1,0,0,0,1,1,False,False,SIMPLICITEA PLACE
silver gems,0,0,0,0,0,0,0,1,0,0,0,0,1,1,False,False,SILVER GEMS
silver gadgets tech and services,0,0,0,0,0,0,0,1,0,0,0,0,1,1,False,False,SILVER GADGETS TECH AND SERVICES
silver gadget tech and services,0,0,0,0,0,0,0,0,1,0,0,0,1,1,False,False,SILVER GADGET TECH AND SERVICES
simplicity crafts frames county,0,0,0,0,0,0,0,0,1,0,0,0,1,1,False,False,SIMPLICITY CRAFTS FRAMES COUNTY
silver gadget tech & services,0,0,0,0,0,0,0,1,0,0,0,0,1,1,False,False,Silver Gadget Tech & Services
silver collections,0,0,0,0,0,0,0,1,0,0,0,0,1,1,False,False,Silver Collections
sifra,0,1,0,0,0,0,0,0,0,0,0,0,1,1,False,False,SIFRA
silver best,1,0,0,0,0,0,0,0,0,0,0,0,1,1,False,False,SILVER BEST
silog express,0,0,1,0,0,0,0,0,0,0,0,0,1,1,False,False,Silog Express
silkygirl,0,0,0,0,0,0,0,0,0,0,0,1,1,1,False,False,SILKYGIRL
silicon valley kimencier,0,0,0,0,0,0,0,0,0,0,0,1,1,1,False,False,SILICON VALLEY KIMENCIER
simula ph,0,1,0,0,0,0,0,0,0,0,0,0,1,1,False,False,SIMULA PH
silantro fil mex cantina,0,1,0,0,0,0,0,0,0,0,0,0,1,1,False,False,SILANTRO FIL-MEX CANTINA
silantro,0,0,0,0,0,1,0,0,0,0,0,0,1,1,False,False,Silantro
sikwate house,0,0,0,0,0,0,0,1,0,0,0,0,1,1,False,False,SIKWATE HOUSE
sincerity,0,0,0,0,0,1,0,0,0,0,0,0,1,1,False,False,Sincerity
signet,0,0,0,0,0,0,0,1,0,0,0,0,1,1,False,False,SIGNET
sift laureana,0,0,0,0,0,1,0,0,0,0,0,0,1,1,False,False,Sift Laureana
shou la mien hand pulled noodles,0,1,0,0,0,0,0,0,0,0,0,0,1,1,False,False,SHOU LA MIEN HAND-PULLED NOODLES
sip and gogh,0,0,0,0,0,1,0,0,0,0,0,0,1,1,False,False,Sip And Gogh
sip n stack,0,0,1,0,0,0,0,0,0,0,0,0,1,1,False,False,Sip N Stack
six doors buffet,0,0,0,0,0,1,0,0,0,0,0,0,1,1,False,False,Six Doors Buffet
shipshape,0,0,0,0,0,1,0,0,0,0,0,0,1,1,False,False,Shipshape
sit rest massage station,0,0,0,0,0,0,0,0,1,0,0,0,1,1,False,False,SIT REST MASSAGE STATION
site for eyes optical clinic,0,0,0,0,0,0,0,0,1,0,0,0,1,1,False,False,SITE FOR EYES OPTICAL CLINIC
shiotis,0,0,0,0,0,0,1,0,0,0,0,0,1,1,False,False,Shiotis
shinju massage clinic,0,0,0,0,0,0,0,0,1,0,0,0,1,1,False,False,SHINJU MASSAGE CLINIC
sitsirya,0,0,0,0,0,0,1,0,0,0,0,0,1,1,False,False,Sitsirya
shing fang,0,0,0,0,0,0,0,0,1,0,0,0,1,1,False,False,SHING FANG
shine salon,0,0,0,0,0,0,0,1,0,0,0,0,1,1,False,False,Shine Salon
sitting massage clinic,0,0,0,0,0,0,0,1,0,0,0,0,1,1,False,False,Sitting Massage Clinic
shine korean salon,0,0,0,0,0,1,0,0,0,0,0,0,1,1,False,False,Shine Korean Salon
shimmian,0,0,0,0,0,0,0,0,1,0,0,0,1,1,False,False,SHIMMIAN
sizzle corner,0,0,0,0,0,0,0,1,0,0,0,0,1,1,False,False,SIZZLE CORNER
sir george salon,0,0,0,0,0,1,0,0,0,0,0,0,1,1,False,False,Sir George Salon
sizzle mania,0,0,0,0,0,0,0,1,0,0,0,0,1,1,False,False,SIZZLE MANIA
shielas fashion,0,0,0,0,0,0,0,1,0,0,0,0,1,1,False,False,SHIELA'S FASHION
sizzlers steak & chops,0,0,0,0,0,1,0,0,0,0,0,0,1,1,False,False,Sizzlers Steak & Chops
shi takoyaki,0,0,0,0,0,0,0,0,1,0,0,0,1,1,False,False,SHI' TAKOYAKI
sizzlers steak and chops,0,0,0,0,0,0,0,1,0,0,0,0,1,1,False,False,Sizzlers Steak and Chops
sizzlers steaks and chops 0928 559 0043,0,0,0,0,0,0,0,1,0,0,0,0,1,1,False,False,SIZZLERS STEAKS AND CHOPS 0928-559-0043
shi shi noodle house,0,0,0,0,0,0,0,0,1,0,0,0,1,1,False,False,SHI SHI NOODLE HOUSE
sizzlig,0,0,0,0,0,0,0,1,0,0,0,0,1,1,False,False,Sizzlig
sizzling city,0,0,0,0,0,0,0,0,1,0,0,0,1,1,False,False,SIZZLING CITY
shi ki sai,0,0,0,0,0,1,0,0,0,0,0,0,1,1,False,False,Shi Ki Sai
sherean fashion,0,0,0,0,0,0,0,1,0,0,0,0,1,1,False,False,Sherean Fashion
shirley jewelry,0,0,0,0,1,0,0,0,0,0,0,0,1,1,False,False,Shirley Jewelry
shiro,0,0,0,0,1,0,0,0,0,0,0,0,1,1,False,False,Shiro
shirt circuit,0,1,0,0,0,0,0,0,0,0,0,0,1,1,False,False,SHIRT CIRCUIT
shirts & tee,0,0,0,0,0,0,0,1,0,0,0,0,1,1,False,False,Shirts & Tee
shopwise supermarket,0,0,1,0,0,0,0,0,0,0,0,0,1,1,False,False,Shopwise Supermarket
shopwise international grocery,1,0,0,0,0,0,0,0,0,0,0,0,1,1,False,False,Shopwise International Grocery
shopwise,0,1,0,0,0,0,0,0,0,0,0,0,1,1,False,False,SHOPWISE
sir george salon aurom,0,0,0,0,0,0,0,0,1,0,0,0,1,1,False,False,SIR GEORGE SALON AUROM
shopaholics galaxy burger,0,0,0,0,0,0,0,0,0,0,0,1,1,1,False,False,SHOPAHOLICS GALAXY BURGER
shomai heart,0,0,0,0,0,0,0,1,0,0,0,0,1,1,False,False,Shomai Heart
sir sisig,0,0,0,0,0,0,0,1,0,0,0,0,1,1,False,False,SIR SISIG
shokuji,0,0,0,0,0,0,1,0,0,0,0,0,1,1,False,False,Shokuji
shokudo,0,0,0,0,0,0,0,0,1,0,0,0,1,1,False,False,SHOKUDO
shoesalon,0,0,1,0,0,0,0,0,0,0,0,0,1,1,False,False,Shoesalon
shoefix master shoes and bags repair & key duplication,0,0,0,0,0,0,0,1,0,0,0,0,1,1,False,False,SHOEFIX MASTER SHOES AND BAGS REPAIR & KEY DUPLICATION
sir tseff,0,0,0,0,0,1,0,0,0,0,0,0,1,1,False,False,Sir Tseff'
shoebox,0,0,0,0,0,0,0,1,0,0,0,0,1,1,False,False,SHOEBOX
sisig express,0,0,1,0,0,0,0,0,0,0,0,0,1,1,False,False,Sisig Express
sisig express minigem,0,0,0,0,0,0,0,0,0,0,0,1,1,1,False,False,SISIG EXPRESS MINIGEM (#45)
sisig hooray gourmet express,0,0,0,0,0,0,0,0,1,0,0,0,1,1,False,False,SISIG HOORAY GOURMET EXPRESS
shoe game,0,0,0,0,0,0,0,0,1,0,0,0,1,1,False,False,SHOE GAME
shoe crew ph,0,0,0,0,0,0,0,0,1,0,0,0,1,1,False,False,SHOE CREW PH
sisig station,0,0,0,0,0,0,0,1,0,0,0,0,1,1,False,False,SISIG STATION
sit & rest massage station,0,0,0,0,0,0,0,1,0,0,0,0,1,1,False,False,SIT & REST MASSAGE STATION
shizuru,0,0,0,0,0,0,0,0,1,0,0,0,1,1,False,False,SHIZURU
shitako takoyaki and pita wrap express,0,1,0,0,0,0,0,0,0,0,0,0,1,1,False,False,SHITAKO TAKOYAKI AND PITA WRAP EXPRESS
sit and rest,0,0,0,0,1,0,0,0,0,0,0,0,1,1,False,False,Sit and Rest
skintrends,0,0,0,0,0,0,0,0,1,0,0,0,1,1,False,False,SKINTRENDS
skintrends the acne authority,0,0,0,0,0,0,0,0,0,0,1,0,1,1,False,False,SkinTrends The Acne Authority
skinwell aesthetic spa,0,0,0,0,0,0,0,0,0,0,0,1,1,1,False,False,SKINWELL AESTHETIC SPA
sangyupsal house 9121180732 09654654670,0,0,0,0,0,0,0,1,0,0,0,0,1,1,False,False,Sangyupsal House 9121180732/09654654670
sans rival cakes and pastries,0,0,0,0,0,0,0,1,0,0,0,0,1,1,False,False,Sans Rival Cakes and Pastries
so be near,0,0,0,0,0,0,0,1,0,0,0,0,1,1,False,False,So Be Near
sans rival cake and pastries,0,0,0,0,0,0,0,1,0,0,0,0,1,1,False,False,SANS RIVAL CAKE AND PASTRIES
sans rival bistro,0,0,1,0,0,0,0,0,0,0,0,0,1,1,False,False,Sans Rival Bistro
sans rival 9234200285,0,0,0,0,0,0,0,1,0,0,0,0,1,1,False,False,Sans Rival 9234200285
so fashionable,0,0,0,0,0,0,0,0,0,0,0,1,1,1,False,False,SO FASHIONABLE
so good gift shop,0,0,0,0,0,0,0,1,0,0,0,0,1,1,False,False,SO GOOD GIFT SHOP
so good gift shop 9356219291,0,0,0,0,0,0,0,1,0,0,0,0,1,1,False,False,So Good Gift Shop 9356219291
sano frozen yogurt,0,0,0,0,0,0,0,1,0,0,0,0,1,1,False,False,SANO FROZEN YOGURT
sankyodai sushi bar,0,1,0,0,0,0,0,0,0,0,0,0,1,1,False,False,SANKYODAI SUSHI BAR
sanitize us,0,0,1,0,0,0,0,0,0,0,0,0,1,1,False,False,Sanitize Us
sandztel mobile,0,0,0,0,0,0,0,0,1,0,0,0,1,1,False,False,SANDZTEL MOBILE
santa barbara polo & raquet 9632236124,0,0,0,0,0,0,0,1,0,0,0,0,1,1,False,False,SANTA BARBARA POLO & RAQUET 9632236124
sobra cafe,0,0,0,0,0,0,0,1,0,0,0,0,1,1,False,False,SOBRA CAFE
sandugo storage room yash gadgets,0,0,0,0,0,0,0,0,0,0,0,1,1,1,False,False,SANDUGO STORAGE ROOM YASH GADGETS
sandugo stockroom,0,0,0,0,0,0,0,0,0,0,0,1,1,1,False,False,SANDUGO STOCKROOM
sandugo sandals,0,1,0,0,0,0,0,0,0,0,0,0,1,1,False,False,SANDUGO SANDALS
social,0,1,0,0,0,0,0,0,0,0,0,0,1,1,False,False,THE SOCIAL
sandok ni teng,0,0,1,0,0,0,0,0,0,0,0,0,1,1,False,False,Sandok Ni Teng
sandok,0,0,0,0,1,0,0,0,0,0,0,0,1,1,False,False,Sandok
sandobox,0,0,0,0,0,0,0,1,0,0,0,0,1,1,False,False,SANDOBOX
social donuts,0,0,0,0,0,0,0,1,0,0,0,0,1,1,False,False,The Social Donuts
sandbox clinic,0,0,0,0,0,0,0,1,0,0,0,0,1,1,False,False,SANDBOX CLINIC (0917-118-9289)
sanbry mens grooming house,0,0,0,0,0,1,0,0,0,0,0,0,1,1,False,False,Sanbry Men's Grooming House
santa barbara,0,0,0,0,0,1,0,0,0,0,0,0,1,1,False,False,Santa Barbara
snowpy ice cream mini gem exhibit,0,0,0,0,0,0,0,0,0,0,0,1,1,1,False,False,SNOWPY ICE CREAM MINI GEM EXHIBIT
sassa,0,0,1,0,0,0,0,0,0,0,0,0,1,1,False,False,Sassa
snakyard 9190893201,0,0,0,0,0,0,0,1,0,0,0,0,1,1,False,False,SNAKYARD 9190893201
sasa cafe,0,0,0,0,0,0,0,1,0,0,0,0,1,1,False,False,SASA CAFE
sariwon,0,1,0,0,0,0,0,0,0,0,0,0,1,1,False,False,SARIWON
sarahs bakeshop,0,0,0,0,0,0,0,0,1,0,0,0,1,1,False,False,SARAH'S BAKESHOP
snacks,0,0,0,0,0,0,0,0,1,0,0,0,1,1,False,False,SNACKS
sarah lea travel and tours,0,0,0,0,0,0,0,1,0,0,0,0,1,1,False,False,SARAH LEA TRAVEL AND TOURS
sarah fashion,0,0,0,0,0,0,0,1,0,0,0,0,1,1,False,False,SARAH FASHION
sarah & sophie trading,0,1,0,0,0,0,0,0,0,0,0,0,1,1,False,False,SARAH & SOPHIE TRADING
sarabia optical world,0,1,0,0,0,0,0,0,0,0,0,0,1,1,False,False,SARABIA OPTICAL WORLD
snacktime dc,0,0,0,0,0,0,0,0,1,0,0,0,1,1,False,False,SNACKTIME - DC
snacktime imax,0,0,0,0,0,0,0,0,1,0,0,0,1,1,False,False,SNACKTIME - IMAX
sarabia optical 9062676755,0,0,0,0,0,0,0,1,0,0,0,0,1,1,False,False,Sarabia Optical 9062676755
sneaker box,0,0,0,0,0,0,1,0,0,0,0,0,1,1,False,False,Sneaker Box
santibanez flower shop,0,1,0,0,0,0,0,0,0,0,0,0,1,1,False,False,SANTIBAÑEZ FLOWER SHOP
sapatero plus,0,1,0,0,0,0,0,0,0,0,0,0,1,1,False,False,SAPATERO PLUS
sanyang furniture,0,0,0,0,0,0,0,1,0,0,0,0,1,1,False,False,Sanyang Furniture
sneakerbox manila,0,0,0,0,0,1,0,0,0,0,0,0,1,1,False,False,SneakerBox Manila
santos land,0,0,0,0,1,0,0,0,0,0,0,0,1,1,False,False,Santos Land
santorini dental digital express,0,0,0,0,0,0,0,0,1,0,0,0,1,1,False,False,SANTORINI DENTAL DIGITAL EXPRESS
snooze,1,0,0,0,0,0,0,0,0,0,0,0,1,1,False,False,SNOOZE
santis deli,0,1,0,0,0,0,0,0,0,0,0,0,1,1,False,False,SANTI'S DELI
santinos supreme slice,0,0,0,0,0,0,0,0,0,1,0,0,1,1,False,False,SANTINO'S SUPREME SLICE
santinos supreme italian pizza,0,1,0,0,0,0,0,0,0,0,0,0,1,1,False,False,SANTINO'S SUPREME ITALIAN PIZZA
snow clean laundry service,0,0,0,0,0,1,0,0,0,0,0,0,1,1,False,False,Snow Clean Laundry Service
snow plus,0,0,0,0,0,0,0,1,0,0,0,0,1,1,False,False,Snow Plus
sana lamig,0,0,1,0,0,0,0,0,0,0,0,0,1,1,False,False,Sana Lamig
san yang home,0,0,1,0,0,0,0,0,0,0,0,0,1,1,False,False,San-yang Home
social housing finance corp,0,0,1,0,0,0,0,0,0,0,0,0,1,1,False,False,Social Housing Finance Corp
sogo home & office furniture,0,1,0,0,0,0,0,0,0,0,0,0,1,1,False,False,SOGO HOME & OFFICE FURNITURE
sams,0,0,0,0,0,0,0,1,0,0,0,0,1,1,False,False,Sam's
sogeum by soban,0,0,0,0,0,0,0,1,0,0,0,0,1,1,False,False,SOGEUM BY SOBAN
samnice weeding treats of la,0,0,0,0,0,0,0,0,0,0,0,1,1,1,False,False,SAMNICE WEEDING TREATS OF LA
sogo home,1,0,0,0,0,0,0,0,0,0,0,0,1,1,False,False,SOGO HOME
samgyupsal,0,0,0,0,0,0,0,1,0,0,0,0,1,1,False,False,THE SAMGYUPSAL
samgyupsaab korean bbq 0985 532 2098,0,0,0,0,0,0,0,1,0,0,0,0,1,1,False,False,Samgyupsaab Korean BBQ 0985 532 2098
samgyupsaab korean bbq,0,0,0,0,0,0,0,0,1,0,0,0,1,1,False,False,SAMGYUPSAAB KOREAN BBQ
samgyupchill,0,0,0,0,0,0,0,1,0,0,0,0,1,1,False,False,SAMGYUPCHILL
sogo home & office centre,0,0,0,0,0,0,0,1,0,0,0,0,1,1,False,False,Sogo Home & Office Centre
samgyup rice bowl,0,0,0,0,0,0,0,1,0,0,0,0,1,1,False,False,Samgyup Rice Bowl
samgyup korean restaurant,0,0,0,0,0,0,0,0,1,0,0,0,1,1,False,False,SAMGYUP KOREAN RESTAURANT
samgyuniku unlimited japanese korean bbq,0,0,1,0,0,0,0,0,0,0,0,0,1,1,False,False,Samgyuniku Unlimited Japanese Korean Bbq
san salvador dental clinic,0,0,0,1,0,0,0,0,0,0,0,0,1,1,False,False,San Salvador Dental Clinic
samgyniku,0,0,0,0,0,0,0,1,0,0,0,0,1,1,False,False,SAMGYNIKU
sogo home and office center,0,0,0,0,0,0,0,1,0,0,0,0,1,1,False,False,Sogo Home and Office Center
samgyeop masarap,0,0,0,0,0,0,1,0,0,0,0,0,1,1,False,False,Samgyeop Masarap
sameer,0,0,0,0,0,0,0,1,0,0,0,0,1,1,False,False,SAMEER
sambokojin,0,0,0,0,0,0,0,0,1,0,0,0,1,1,False,False,SAMBOKOJIN
samathas steamboat,0,0,0,0,0,0,0,1,0,0,0,0,1,1,False,False,Samatha's Steamboat
sogo office & home furniture,0,0,0,0,0,0,0,1,0,0,0,0,1,1,False,False,Sogo Office & Home Furniture
sam stew,0,1,0,0,0,0,0,0,0,0,0,0,1,1,False,False,SAM STEW
salvatore cuomo cafe,0,0,0,0,0,0,0,0,1,0,0,0,1,1,False,False,SALVATORE CUOMO CAFE
salt & stone wellness spa,0,0,0,0,0,0,0,0,1,0,0,0,1,1,False,False,SALT & STONE WELLNESS SPA
salt & stone,0,0,0,0,0,0,0,1,0,0,0,0,1,1,False,False,SALT & STONE
sams everthing on sticks,0,0,0,0,0,0,0,1,0,0,0,0,1,1,False,False,SAM'S EVERTHING ON STICKS
sogamiga,0,0,1,0,0,0,0,0,0,0,0,0,1,1,False,False,Sogamiga
softy ice cream,0,0,0,0,0,0,0,0,0,0,0,1,1,1,False,False,SOFTY ICE CREAM
softwash laundromat,0,0,0,0,0,0,0,0,1,0,0,0,1,1,False,False,SOFTWASH LAUNDROMAT
social technomatic save n earn,0,0,0,0,0,0,0,1,0,0,0,0,1,1,False,False,SOCIAL TECHNOMATIC / SAVE N' EARN
san roque retrouvaille center,0,0,0,0,0,0,0,0,1,0,0,0,1,1,False,False,SAN ROQUE RETROUVAILLE CENTER
san guo la mien,0,0,0,0,0,1,0,0,0,0,0,0,1,1,False,False,San Guo La Mien
san diegos fab,0,1,0,0,0,0,0,0,0,0,0,0,1,1,False,False,SAN DIEGO'S FAB
san augusto driving school,0,0,0,0,0,0,0,0,1,0,0,0,1,1,False,False,SAN AUGUSTO DRIVING SCHOOL
samyan thai street food,0,0,0,0,0,0,0,1,0,0,0,0,1,1,False,False,SAMYAN THAI STREET FOOD
social technomatic save n earn 9481175744,0,0,0,0,0,0,0,1,0,0,0,0,1,1,False,False,Social Technomatic/Save N' Earn 9481175744
samui,0,0,0,0,0,0,0,0,1,0,0,0,1,1,False,False,SAMUI
samsung suzuki,0,0,0,0,0,0,0,0,0,0,0,1,1,1,False,False,Samsung SUZUKI
samsung service center,0,0,0,0,1,0,0,0,0,0,0,0,1,1,False,False,Samsung Service Center
socialite collecitons,0,0,0,0,0,1,0,0,0,0,0,0,1,1,False,False,Socialite Collecitons
socialites driving school,0,1,0,0,0,0,0,0,0,0,0,0,1,1,False,False,SOCIALITES DRIVING SCHOOL
samsung optical,1,0,0,0,0,0,0,0,0,0,0,0,1,1,False,False,SAMSUNG OPTICAL
samsung mobile captains burger,0,0,0,0,0,0,0,0,0,0,0,1,1,1,False,False,SAMSUNG MOBILE CAPTAINS BURGER
sodam,0,0,0,0,0,0,0,1,0,0,0,0,1,1,False,False,SODAM
soen broadway picture city cinnun tronix evans,0,0,0,0,0,0,0,0,0,0,0,1,1,1,False,False,"SOEN, BROADWAY, PICTURE CITY, CINNUN, TRONIX, EVANS"
samsung experience store,0,0,0,0,0,0,0,1,0,0,0,0,1,1,False,False,Samsung Experience Store
soen jwin cellphone loading and computer accessories,0,0,0,0,0,0,0,0,0,0,0,1,1,1,False,False,"SOEN JWIN CELLPHONE, LOADING AND COMPUTER ACCESSORIES"
softawalk,0,0,0,0,0,0,0,1,0,0,0,0,1,1,False,False,Softawalk
samsung concept store,0,0,0,0,0,0,0,1,0,0,0,0,1,1,False,False,Samsung Concept Store
samsung appliance,0,0,0,0,1,0,0,0,0,0,0,0,1,1,False,False,Samsung Appliance
samsung 8961 3056,0,0,0,0,0,0,0,1,0,0,0,0,1,1,False,False,Samsung 8961-3056
samsung 5320034,0,0,0,0,0,0,0,1,0,0,0,0,1,1,False,False,Samsung 5320034
snackbar,0,0,0,0,0,0,0,0,1,0,0,0,1,1,False,False,SNACKBAR
satchmisatchmi cafe,0,0,0,0,0,0,0,0,1,0,0,0,1,1,False,False,SATCHMISATCHMI CAFE
selera sets,0,0,0,0,0,0,0,0,1,0,0,0,1,1,False,False,SELERA SETS
scs,0,1,0,0,0,0,0,0,0,0,0,0,1,1,False,False,SCS
sealy,0,1,0,0,0,0,0,0,0,0,0,0,1,1,False,False,SEALY
seahorse houseboats & yachts,0,0,0,0,0,1,0,0,0,0,0,0,1,1,False,False,Seahorse Houseboats & Yachts
slimmers world elite,0,0,0,0,0,0,0,0,1,0,0,0,1,1,False,False,SLIMMERS WORLD ELITE
sloppy lemonade,0,0,0,0,0,0,0,1,0,0,0,0,1,1,False,False,Sloppy Lemonade
sm business service center,0,0,0,0,0,0,0,0,1,0,0,0,1,1,False,False,SM BUSINESS SERVICE CENTER
seafood fiesta,0,0,0,0,0,0,0,1,0,0,0,0,1,1,False,False,Seafood Fiesta (OPEN)
seafood and steaks,0,0,0,0,0,0,0,1,0,0,0,0,1,1,False,False,Seafood and Steaks
sea shack,0,0,0,0,0,0,0,0,1,0,0,0,1,1,False,False,SEA SHACK
sm by the bay,0,0,0,0,0,0,0,0,1,0,0,0,1,1,False,False,SM BY THE BAY
sea of spa,0,0,0,0,0,0,0,0,1,0,0,0,1,1,False,False,SEA OF SPA
sm cinema regular cinema 1 4,0,0,0,0,0,0,0,0,1,0,0,0,1,1,False,False,SM CINEMA Regular Cinema 1-4
scribe,0,0,0,0,0,1,0,0,0,0,0,0,1,1,False,False,Scribe
slap stack burger,0,0,0,0,0,0,1,0,0,0,0,0,1,1,False,False,Slap Stack Burger
sm department store,0,0,0,0,0,0,1,0,0,0,0,0,1,1,False,False,SM Department Store
sm game park,0,0,0,0,0,0,0,0,1,0,0,0,1,1,False,False,SM GAME PARK
sm hypermarket carts,0,0,0,0,0,0,0,0,1,0,0,0,1,1,False,False,SM HYPERMARKET CARTS
sm malls online fulfillment center,0,0,0,0,0,0,0,0,1,0,0,0,1,1,False,False,SM MALLS ONLINE FULFILLMENT CENTER
scratch smashburgers,0,0,0,0,0,1,0,0,0,0,0,0,1,1,False,False,Scratch Smashburgers
sm parking,0,0,0,0,0,0,0,0,0,0,0,1,1,1,False,False,SM PARKING
sma world of gems,0,0,0,0,0,0,0,1,0,0,0,0,1,1,False,False,SMA World of Gems (TEMPORARILY CLOSED)
smallville montessori,0,0,0,0,0,0,1,0,0,0,0,0,1,1,False,False,Smallville Montessori
smart business center,0,0,0,0,0,0,0,1,0,0,0,0,1,1,False,False,Smart - Business Center
scoops frozen yogurt,0,0,0,0,0,0,0,1,0,0,0,0,1,1,False,False,Scoops Frozen Yogurt
smart driving corporation,0,0,0,0,0,0,0,0,0,1,0,0,1,1,False,False,SMART DRIVING CORPORATION
seashack,0,0,0,0,0,0,0,1,0,0,0,0,1,1,False,False,Seashack
sebamed,0,0,0,0,0,0,0,0,1,0,0,0,1,1,False,False,Sebamed
snack bar,0,0,0,0,0,0,0,0,0,0,0,1,1,1,False,False,SNACK BAR
segnatempo,0,0,0,0,0,1,0,0,0,0,0,0,1,1,False,False,Segnatempo
selah dental clinic,0,0,0,0,0,1,0,0,0,0,0,0,1,1,False,False,Selah Dental Clinic
skk,0,0,0,0,0,0,0,0,0,0,0,1,1,1,False,False,SKK
skoop,0,0,0,0,0,0,1,0,0,0,0,0,1,1,False,False,Skoop
skoops ice ceam,0,0,0,0,0,0,0,1,0,0,0,0,1,1,False,False,SKOOPS ICE CEAM
skoops ice cream,0,0,0,0,0,0,0,1,0,0,0,0,1,1,False,False,SKOOPS ICE CREAM
segunda mana outlet store,1,0,0,0,0,0,0,0,0,0,0,0,1,1,False,False,SEGUNDA MANA OUTLET STORE
sks massage,0,0,0,0,0,0,0,0,1,0,0,0,1,1,False,False,SKS MASSAGE
sky hall,0,0,0,0,0,0,0,0,1,0,0,0,1,1,False,False,SKY HALL
segovias cakes and recipes,0,0,0,0,0,0,0,0,1,0,0,0,1,1,False,False,SEGOVIAS CAKES AND RECIPES
segovia strength,0,1,0,0,0,0,0,0,0,0,0,0,1,1,False,False,SEGOVIA STRENGTH
segoi yugo japanese fusion teppan sushi bar,0,0,0,0,0,0,0,0,1,0,0,0,1,1,False,False,SEGOI YUGO JAPANESE FUSION TEPPAN SUSHI BAR
sky lounge travel and tours,0,1,0,0,0,0,0,0,0,0,0,0,1,1,False,False,THE SKY LOUNGE TRAVEL AND TOURS
sebastians ice cream station,0,0,0,0,0,0,0,0,1,0,0,0,1,1,False,False,SEBASTIANS ICE CREAM STATION
seekshine,0,0,1,0,0,0,0,0,0,0,0,0,1,1,False,False,Seekshine
skycom,0,0,0,0,1,0,0,0,0,0,0,0,1,1,False,False,Skycom
skyland,0,0,0,0,0,0,0,1,0,0,0,0,1,1,False,False,Skyland
skylight cellphone accessories,0,0,0,0,0,0,0,1,0,0,0,0,1,1,False,False,SKYLIGHT CELLPHONE ACCESSORIES
secret recipe,0,0,0,0,0,0,0,0,1,0,0,0,1,1,False,False,SECRET RECIPE
secosana,0,1,0,0,0,0,0,0,0,0,0,0,1,1,False,False,SECOSANA
skymall,0,0,0,0,0,0,0,1,0,0,0,0,1,1,False,False,Skymall
secondo,0,1,0,0,0,0,0,0,0,0,0,0,1,1,False,False,SECONDO
second corner clothing store,0,1,0,0,0,0,0,0,0,0,0,0,1,1,False,False,SECOND CORNER CLOTHING STORE
skymc travel and tours,0,0,0,0,0,0,0,1,0,0,0,0,1,1,False,False,SKYMC TRAVEL AND TOURS
skytower dental clinic,0,0,0,0,0,0,0,0,1,0,0,0,1,1,False,False,SKYTOWER DENTAL CLINIC
scooping bar,0,0,0,0,0,0,0,0,1,0,0,0,1,1,False,False,THE SCOOPING BAR
smart driving school hello kitty,0,0,0,0,0,0,0,0,0,0,0,1,1,1,False,False,SMART DRIVING SCHOOL HELLO KITTY
smart fishtel,0,0,0,1,0,0,0,0,0,0,0,0,1,1,False,False,SMART FISHTEL
savemore supermarket lawrence cp 2,0,0,0,0,0,0,0,0,0,0,0,1,1,1,False,False,SAVEMORE SUPERMARKET LAWRENCE CP 2
smile channel dental clinic,0,1,0,0,0,0,0,0,0,0,0,0,1,1,False,False,SMILE CHANNEL DENTAL CLINIC
sbarro 9452702356,0,0,0,0,0,0,0,1,0,0,0,0,1,1,False,False,Sbarro 9452702356
smile city,0,0,0,0,0,0,0,1,0,0,0,0,1,1,False,False,SMILE CITY
sawada ichigo cafe,0,0,0,0,0,0,0,1,0,0,0,0,1,1,False,False,SAWADA ICHIGO CAFE
smile city dental essentials,0,0,0,0,0,0,0,0,1,0,0,0,1,1,False,False,SMILE CITY DENTAL ESSENTIALS
savoura,0,0,0,0,0,0,0,1,0,0,0,0,1,1,False,False,Savoura
savouge aesthetic and wellness center,0,0,0,0,0,0,0,0,1,0,0,0,1,1,False,False,SAVOUGE AESTHETIC AND WELLNESS CENTER
smile dental hub,0,1,0,0,0,0,0,0,0,0,0,0,1,1,False,False,SMILE DENTAL HUB
savory,0,0,0,0,0,0,0,1,0,0,0,0,1,1,False,False,Savory
savers appliance depot,0,0,0,0,0,0,0,0,0,0,0,1,1,1,False,False,SAVERS APPLIANCE DEPOT
savemore warehouse,0,0,0,0,0,0,0,0,0,0,0,1,1,1,False,False,SAVEMORE WAREHOUSE
smile in style dental clinic,0,0,0,0,0,0,0,0,1,0,0,0,1,1,False,False,SMILE IN STYLE DENTAL CLINIC
scoop pilates studio,0,0,0,0,0,0,0,1,0,0,0,0,1,1,False,False,SCOOP PILATES STUDIO
savemore storage room,0,0,0,0,0,0,0,0,0,0,0,1,1,1,False,False,SAVEMORE STORAGE ROOM
smile lounge,0,0,0,0,0,0,0,1,0,0,0,0,1,1,False,False,Smile Lounge
smile on dental clinic,0,0,0,0,0,0,1,0,0,0,0,0,1,1,False,False,Smile On Dental Clinic
savemore display,0,0,0,0,0,0,0,0,0,0,0,1,1,1,False,False,SAVEMORE DISPLAY
smj gold,0,0,1,0,0,0,0,0,0,0,0,0,1,1,False,False,Smj Gold
smooth secrets waxing salon,0,1,0,0,0,0,0,0,0,0,0,0,1,1,False,False,SMOOTH SECRETS WAXING SALON
sms technology,0,0,0,0,0,0,0,1,0,0,0,0,1,1,False,False,SMS Technology
smx convention center bacolod,0,0,0,0,0,0,0,0,1,0,0,0,1,1,False,False,SMX CONVENTION CENTER BACOLOD
snack attack,0,0,0,0,0,0,0,0,0,0,0,1,1,1,False,False,SNACK ATTACK
saudi gold 18k,0,0,0,0,0,0,0,1,0,0,0,0,1,1,False,False,SAUDI GOLD 18K
saucony,0,1,0,0,0,0,0,0,0,0,0,0,1,1,False,False,SAUCONY
smile bar,0,1,0,0,0,0,0,0,0,0,0,0,1,1,False,False,THE SMILE BAR
sbarro earl of sandwich,0,1,0,0,0,0,0,0,0,0,0,0,1,1,False,False,SBARRO / EARL OF SANDWICH
sbarro satellite,0,0,1,0,0,0,0,0,0,0,0,0,1,1,False,False,Sbarro Satellite
smile and beyond,0,0,0,0,0,0,0,1,0,0,0,0,1,1,False,False,SMILE AND BEYOND
scoobys 422 2761,0,0,0,0,0,0,0,1,0,0,0,0,1,1,False,False,SCOOBY'S 422-2761
scoobys,0,0,0,0,0,0,0,1,0,0,0,0,1,1,False,False,SCOOBY'S
scissors palace sandugo,0,0,0,0,0,0,0,0,0,0,0,1,1,1,False,False,Scissors Palace SANDUGO
school bus internet,0,0,0,0,0,0,0,1,0,0,0,0,1,1,False,False,School Bus Internet
scholl,0,0,0,0,0,0,1,0,0,0,0,0,1,1,False,False,Scholl
schola de vita progressive school,0,0,0,0,0,0,0,1,0,0,0,0,1,1,False,False,SCHOLA DE VITA PROGRESSIVE SCHOOL
smart telecommunications,0,0,0,0,1,0,0,0,0,0,0,0,1,1,False,False,Smart Telecommunications
scfv internet services,0,0,1,0,0,0,0,0,0,0,0,0,1,1,False,False,Scfv Internet Services
smart wheel,0,0,0,0,0,0,0,0,1,0,0,0,1,1,False,False,SMART WHEEL
scentswatch,0,0,1,0,0,0,0,0,0,0,0,0,1,1,False,False,Scentswatch
smart wireless,0,0,0,0,1,0,0,0,0,0,0,0,1,1,False,False,Smart Wireless
smart wireless center,0,0,0,0,0,0,0,1,0,0,0,0,1,1,False,False,SMART WIRELESS CENTER
smartflight,0,1,0,0,0,0,0,0,0,0,0,0,1,1,False,False,SMARTFLIGHT
smdc,0,0,0,0,0,0,0,0,1,0,0,0,1,1,False,False,SMDC
scents co 9973679659,0,0,0,0,0,0,0,1,0,0,0,0,1,1,False,False,THE SCENTS CO. 9973679659
smdc field residences,0,0,0,0,0,0,0,0,1,0,0,0,1,1,False,False,SMDC FIELD RESIDENCES
scents and sensibilities,0,0,0,0,0,0,0,0,1,0,0,0,1,1,False,False,SCENTS AND SENSIBILITIES
scents and blends,0,0,1,0,0,0,0,0,0,0,0,0,1,1,False,False,Scents And Blends
smdc green 2 residences,0,0,0,0,0,0,0,0,1,0,0,0,1,1,False,False,SMDC GREEN 2 RESIDENCES
scentaur essentials,0,0,0,0,0,0,0,1,0,0,0,0,1,1,False,False,SCENTAUR ESSENTIALS
scent studio by bc fragrance,0,0,0,0,0,0,0,0,1,0,0,0,1,1,False,False,SCENT STUDIO BY BC FRAGRANCE
smell chic,0,0,0,0,0,0,0,0,1,0,0,0,1,1,False,False,SMELL CHIC
smell me,0,0,0,0,0,0,0,1,0,0,0,0,1,1,False,False,Smell Me
rest & go,0,0,0,0,0,0,0,1,0,0,0,0,1,1,False,False,Rest & Go (OPEN)
reshape,0,1,0,0,0,0,0,0,0,0,0,0,1,1,False,False,RESHAPE
tong yang grill shabu shabu,0,0,0,0,0,0,0,0,1,0,0,0,1,1,False,False,TONG YANG GRILL SHABU-SHABU
thai bbq original restaurant,0,1,0,0,0,0,0,0,0,0,0,0,1,1,False,False,THAI BBQ ORIGINAL RESTAURANT
tessera,0,0,0,0,0,0,0,1,0,0,0,0,1,1,False,False,TESSERA
test kitchen,0,1,0,0,0,0,0,0,0,0,0,0,1,1,False,False,TEST KITCHEN
poplife,0,0,0,0,0,0,0,1,0,0,0,0,1,1,False,False,POPLIFE
popique beauty,0,0,0,0,0,1,0,0,0,0,0,0,1,1,False,False,Popique Beauty
tetsu teppan yaki,0,0,0,0,0,0,0,0,1,0,0,0,1,1,False,False,TETSU TEPPAN-YAKI
teviant,0,0,0,0,0,0,0,1,0,0,0,0,1,1,False,False,TEVIANT
text terminal,0,0,0,0,0,0,0,0,1,0,0,0,1,1,False,False,TEXT TERMINAL
popeyes 8371 1436,0,0,0,0,0,0,0,1,0,0,0,0,1,1,False,False,POPEYES (02) 8371-1436
popcycle at elektrik avenue,0,0,0,0,0,0,1,0,0,0,0,0,1,1,False,False,Popcycle at Elektrik Avenue
pop up kidzoona,0,0,0,0,0,0,0,1,0,0,0,0,1,1,False,False,Pop Up! Kidzoona
tff tarsier fried food,0,0,0,0,0,0,0,0,1,0,0,0,1,1,False,False,TFF TARSIER FRIED FOOD
pop socket,0,0,0,0,0,0,0,1,0,0,0,0,1,1,False,False,POP SOCKET
pops all filipino buffet,0,0,0,0,0,0,0,0,1,0,0,0,1,1,False,False,POPS ALL FILIPINO BUFFET
pop junk love go lokal,0,1,0,0,0,0,0,0,0,0,0,0,1,1,False,False,POP JUNK LOVE GO LOKAL
thai boran phils inc,0,1,0,0,0,0,0,0,0,0,0,0,1,1,False,False,THAI BORAN PHILS. INC.
thai guy,0,0,0,0,0,0,0,0,1,0,0,0,1,1,False,False,THE THAI GUY
pop enthusiast,0,0,0,0,0,0,1,0,0,0,0,0,1,1,False,False,Pop Enthusiast
pop culture,0,0,0,0,0,1,0,0,0,0,0,0,1,1,False,False,Pop Culture
poopers pop,0,0,0,0,0,0,0,1,0,0,0,0,1,1,False,False,POOPER'S POP
tharts yema cake,0,0,0,0,0,0,0,0,1,0,0,0,1,1,False,False,THARTS YEMA CAKE
thates gadget emporium,0,0,0,0,0,0,0,1,0,0,0,0,1,1,False,False,Thate's Gadget Emporium
thats d pointe,0,0,0,1,0,0,0,0,0,0,0,0,1,1,False,False,That's D Pointe
pong pongs pasalubong store,0,0,0,0,0,0,0,1,0,0,0,0,1,1,False,False,PONG PONG'S PASALUBONG STORE
thcil blind massage,0,0,0,0,0,0,0,1,0,0,0,0,1,1,False,False,THCIL Blind Massage
poppers pop temporarily closed,0,0,0,0,0,0,0,1,0,0,0,0,1,1,False,False,Popper's Pop TEMPORARILY CLOSED
popshop,0,0,0,0,0,0,0,1,0,0,0,0,1,1,False,False,POPSHOP
pomelo,0,0,0,0,0,0,0,1,0,0,0,0,1,1,False,False,POMELO
teresita razons halo halo and palabok,0,0,0,0,0,0,0,0,1,0,0,0,1,1,False,False,TERESITA RAZONS HALO HALO AND PALABOK
teofy palamig,0,0,0,0,0,0,0,0,0,0,0,1,1,1,False,False,TEOFY PALAMIG
teofys,0,0,0,0,0,0,0,1,0,0,0,0,1,1,False,False,Teofy's
teofys palamig,0,0,0,0,0,0,0,1,0,0,0,0,1,1,False,False,Teofy's Palamig
teofys special palamig,0,0,0,0,0,0,0,0,1,0,0,0,1,1,False,False,TEOFYS SPECIAL PALAMIG
teppan teppan,0,0,1,0,0,0,0,0,0,0,0,0,1,1,False,False,Teppan Teppan
teppen,0,0,0,0,0,1,0,0,0,0,0,0,1,1,False,False,Teppen
terannova,0,0,0,0,0,0,0,1,0,0,0,0,1,1,False,False,Terannova
teresita r razons,0,0,0,0,0,0,0,1,0,0,0,0,1,1,False,False,TERESITA R. RAZON'S
post shop,0,0,0,0,0,0,0,0,1,0,0,0,1,1,False,False,POST SHOP
teresita razon,0,0,0,1,0,0,0,0,0,0,0,0,1,1,False,False,Teresita Razon
positive living saij skin care essential,0,0,0,0,0,0,0,0,0,0,0,1,1,1,False,False,Positive Living SAIJ SKIN CARE ESSENTIAL
positive living massage chair temporarily closed,0,0,0,0,0,0,0,1,0,0,0,0,1,1,False,False,POSITIVE LIVING MASSAGE CHAIR TEMPORARILY CLOSED
popshop 0917 825 9440,0,0,0,0,0,0,0,1,0,0,0,0,1,1,False,False,POPSHOP (OPEN) 0917-825-9440
terracotta berde plant and garden supplies,0,0,0,0,0,1,0,0,0,0,0,0,1,1,False,False,Terracotta Berde Plant and Garden Supplies
posh nails hand and foot spa,0,0,0,0,0,0,0,0,1,0,0,0,1,1,False,False,POSH NAILS HAND AND FOOT SPA
terrafit,0,0,0,0,0,0,0,1,0,0,0,0,1,1,False,False,Terrafit
terrie botique,0,0,0,0,0,0,1,0,0,0,0,0,1,1,False,False,Terrie Botique
pos digital 5320034,0,0,0,0,0,0,0,1,0,0,0,0,1,1,False,False,PO'S DIGITAL 5320034
terry selection,0,0,0,0,0,0,0,0,1,0,0,0,1,1,False,False,TERRY SELECTION
port mango,0,0,0,0,0,0,0,1,0,0,0,0,1,1,False,False,PORT MANGO
porsche design,0,0,0,0,0,1,0,0,0,0,0,0,1,1,False,False,Porsche Design
tesla,0,0,0,0,0,1,0,0,0,0,0,0,1,1,False,False,Tesla
tesla supercharger,0,0,0,0,0,0,0,1,0,0,0,0,1,1,False,False,TESLA SUPERCHARGER
tesoros,0,1,0,0,0,0,0,0,0,0,0,0,1,1,False,False,TESORO'S
theo & miguel,0,0,0,0,0,0,0,1,0,0,0,0,1,1,False,False,THEO & MIGUEL
polyglot international academy,0,0,0,0,0,1,0,0,0,0,0,0,1,1,False,False,Polyglot International Academy
playground samuelitos,0,0,0,0,0,0,0,0,0,0,0,1,1,1,False,False,PLAYGROUND SAMUELITOS
three dots,0,0,0,0,0,0,1,0,0,0,0,0,1,1,False,False,Three Dots
pmz melon station,0,0,0,0,0,0,0,0,1,0,0,0,1,1,False,False,PMZ MELON STATION
pmc watchstore,0,0,0,0,0,0,0,1,0,0,0,0,1,1,False,False,PMC Watchstore
pluto photo,0,0,1,0,0,0,0,0,0,0,0,0,1,1,False,False,Pluto Photo
plusmakeover,0,0,0,0,0,0,1,0,0,0,0,0,1,1,False,False,Plusmakeover
plum roast,0,0,0,0,0,0,0,1,0,0,0,0,1,1,False,False,Plum Roast
ploom,0,0,0,0,0,0,0,1,0,0,0,0,1,1,False,False,Ploom
pley tito,0,0,0,0,0,0,0,0,1,0,0,0,1,1,False,False,PLEY-TITO
pldt smart 1888 532 0018,0,0,0,0,0,0,0,1,0,0,0,0,1,1,False,False,PLDT-SMART *1888 532 0018
thomson road kitchen,0,0,0,0,0,0,0,1,0,0,0,0,1,1,False,False,THOMSON ROAD KITCHEN
pldt exhibit,0,0,0,0,0,0,0,0,0,0,0,1,1,1,False,False,PLDT EXHIBIT
pldt 9684513213,0,0,0,0,0,0,0,1,0,0,0,0,1,1,False,False,PLDT 9684513213
three hearts jewelry shoppe,0,0,0,0,0,0,0,0,1,0,0,0,1,1,False,False,THREE HEARTS JEWELRY SHOPPE
thirsty juices and shakes,0,0,0,0,0,0,0,1,0,0,0,0,1,1,False,False,THIRSTY JUICES AND SHAKES
threema,0,0,0,0,0,0,1,0,0,0,0,0,1,1,False,False,Threema
plaza fair department store,0,0,0,0,0,0,0,0,0,0,0,1,1,1,False,False,PLAZA FAIR DEPARTMENT STORE
plaza fair,0,0,0,0,0,0,0,0,0,0,0,1,1,1,False,False,PLAZA FAIR
playville,0,0,0,0,1,0,0,0,0,0,0,0,1,1,False,False,Playville
playstation,0,0,0,0,0,0,0,0,1,0,0,0,1,1,False,False,PLAYSTATION
playnation,0,1,0,0,0,0,0,0,0,0,0,0,1,1,False,False,PLAYNATION
thrillist grill & restaurant,0,0,0,0,0,0,0,1,0,0,0,0,1,1,False,False,THRILLIST GRILL & RESTAURANT
tia titas restaurant,0,0,0,0,0,0,0,1,0,0,0,0,1,1,False,False,Tia Tita's Restaurant
tian mansion hotpot,0,0,0,0,0,0,0,0,1,0,0,0,1,1,False,False,TIAN MANSION HOTPOT
playhouse mutiple intelligence and turtorial center sanz cellphone,0,0,0,0,0,0,0,0,0,0,0,1,1,1,False,False,Playhouse Mutiple Intelligence and Turtorial Center SANZ CELLPHONE
tianlala,0,0,0,0,0,0,0,0,1,0,0,0,1,1,False,False,TIANLALA
thisplay,0,0,0,0,0,0,0,0,1,0,0,0,1,1,False,False,THISPLAY
pnb allianz,0,0,0,0,0,0,0,1,0,0,0,0,1,1,False,False,PNB ALLIANZ
polyeast,0,0,0,1,0,0,0,0,0,0,0,0,1,1,False,False,Polyeast
poco deli,0,0,0,0,0,0,1,0,0,0,0,0,1,1,False,False,Poco Deli
polo ralph lauren,0,1,0,0,0,0,0,0,0,0,0,0,1,1,False,False,POLO RALPH LAUREN
theos flower shop,0,0,0,0,0,0,0,0,1,0,0,0,1,1,False,False,THEOS FLOWER SHOP
theranaturals,0,1,0,0,0,0,0,0,0,0,0,0,1,1,False,False,THERANATURALS
polland,0,0,0,0,0,0,1,0,0,0,0,0,1,1,False,False,Polland
polk home theater hifi,0,0,0,0,0,0,0,0,1,0,0,0,1,1,False,False,POLK HOME THEATER HIFI
therapeutic masseur blind massage,0,0,0,0,0,0,0,1,0,0,0,0,1,1,False,False,THERAPEUTIC MASSEUR BLIND MASSAGE
therapy time,0,0,0,0,0,1,0,0,0,0,0,0,1,1,False,False,Therapy Time
think pink salon,0,1,0,0,0,0,0,0,0,0,0,0,1,1,False,False,THINK PINK SALON
point and dots,0,0,0,0,0,0,0,0,1,0,0,0,1,1,False,False,POINT AND DOTS
thinking out love flower shop,0,0,0,0,0,0,0,0,1,0,0,0,1,1,False,False,THINKING OUT LOVE FLOWER SHOP
pocofino,0,0,0,0,0,0,1,0,0,0,0,0,1,1,False,False,Pocofino
thinkpad,0,0,0,0,0,0,0,0,1,0,0,0,1,1,False,False,THINKPAD
thirsty fresh juices,0,0,0,0,1,0,0,0,0,0,0,0,1,1,False,False,Thirsty Fresh Juices
thinne almedas home collezione,0,0,0,0,0,0,0,0,1,0,0,0,1,1,False,False,THINNE ALMEDAS HOME COLLEZIONE
pockets waffles cream,0,0,0,0,0,0,0,0,1,0,0,0,1,1,False,False,POCKETS WAFFLES CREAM
pocket gears,0,0,0,0,0,0,0,0,1,0,0,0,1,1,False,False,POCKET GEARS
thirdys boutique,0,1,0,0,0,0,0,0,0,0,0,0,1,1,False,False,THIRDY'S BOUTIQUE
pobros house of chicken n waffles,0,0,0,0,0,0,0,0,1,0,0,0,1,1,False,False,POBROS HOUSE OF CHICKEN N WAFFLES
pngb jewelries,0,0,0,0,1,0,0,0,0,0,0,0,1,1,False,False,PNGB Jewelries
pngb gold buyer,0,0,0,0,0,0,0,1,0,0,0,0,1,1,False,False,PNGB Gold Buyer
thirsty 0906 546 4903,0,0,0,0,0,0,0,1,0,0,0,0,1,1,False,False,THIRSTY 0906-546-4903
pnb eastwest,0,0,0,0,0,0,0,0,0,0,0,1,1,1,False,False,"PNB, EASTWEST"
pnb atm 9685728514,0,0,0,0,0,0,0,1,0,0,0,0,1,1,False,False,PNB ATM 9685728514
thirsty fresh fruit juices,0,0,0,0,1,0,0,0,0,0,0,0,1,1,False,False,Thirsty Fresh Fruit Juices
potato corner 0932 876 1142,0,0,0,0,0,0,0,1,0,0,0,0,1,1,False,False,POTATO CORNER 0932-876-1142
potato corner 9923186737,0,0,0,0,0,0,0,1,0,0,0,0,1,1,False,False,Potato Corner 9923186737
potato corner hyundai,0,0,0,0,0,0,0,0,0,0,0,1,1,1,False,False,POTATO CORNER HYUNDAI
precious and nick asher scrap gold buyer 0943 1356561,0,0,0,0,0,0,0,1,0,0,0,0,1,1,False,False,Precious and Nick Asher Scrap Gold Buyer 0943-1356561
predire,0,0,0,0,0,0,0,1,0,0,0,0,1,1,False,False,Predire
tech mobile,0,0,0,0,0,0,0,1,0,0,0,0,1,1,False,False,Tech Mobile
tech republic,0,0,0,0,0,0,0,0,1,0,0,0,1,1,False,False,TECH REPUBLIC
tech stnergy,0,0,0,0,0,0,0,1,0,0,0,0,1,1,False,False,TECH STNERGY
precision driving school,0,0,0,0,0,0,0,1,0,0,0,0,1,1,False,False,PRECISION DRIVING SCHOOL
tech21,0,0,0,0,0,0,0,0,1,0,0,0,1,1,False,False,TECH21
techie mobile zone,0,0,0,0,0,0,0,1,0,0,0,0,1,1,False,False,Techie Mobile Zone
precious teeth,0,0,0,0,0,0,0,1,0,0,0,0,1,1,False,False,PRECIOUS TEETH
precious journey,0,0,0,0,0,0,0,0,0,0,0,1,1,1,False,False,PRECIOUS JOURNEY
precious asher trading corp,0,0,0,0,0,0,0,1,0,0,0,0,1,1,False,False,Precious Asher Trading Corp
techmate,0,0,0,0,0,0,1,0,0,0,0,0,1,1,False,False,Techmate
precious and nick asher scrap gold buyer,0,1,0,0,0,0,0,0,0,0,0,0,1,1,False,False,PRECIOUS AND NICK ASHER SCRAP GOLD BUYER
prego jeans,0,1,0,0,0,0,0,0,0,0,0,0,1,1,False,False,PREGO JEANS
techmobile,0,0,0,0,0,0,0,1,0,0,0,0,1,1,False,False,Techmobile
prawn house seafood restaurant,0,0,0,0,0,0,0,1,0,0,0,0,1,1,False,False,Prawn House Seafood Restaurant
techno 9178069360,0,0,0,0,0,0,0,1,0,0,0,0,1,1,False,False,Techno 9178069360
prada,0,1,0,0,0,0,0,0,0,0,0,0,1,1,False,False,PRADA
techno geek,0,0,0,0,0,0,0,0,1,0,0,0,1,1,False,False,TECHNO GEEK
techno moto,0,0,0,0,0,0,0,1,0,0,0,0,1,1,False,False,Techno Moto
powerstation,0,0,0,0,0,0,0,0,1,0,0,0,1,1,False,False,POWERSTATION
powermac center,0,0,0,0,0,0,0,1,0,0,0,0,1,1,False,False,Powermac Center
powermac,0,0,0,0,0,0,0,1,0,0,0,0,1,1,False,False,POWERMAC
powerhouse tools,0,0,0,0,0,0,0,0,1,0,0,0,1,1,False,False,POWERHOUSE TOOLS
powerhouse pilates,0,1,0,0,0,0,0,0,0,0,0,0,1,1,False,False,POWERHOUSE PILATES
predire wellness,0,0,0,0,0,1,0,0,0,0,0,0,1,1,False,False,Predire Wellness
tech maven,0,0,0,0,0,0,0,0,1,0,0,0,1,1,False,False,TECH MAVEN
tenshie repair specialist ca exhibits,0,0,0,0,0,0,0,0,0,0,0,1,1,1,False,False,Tenshie Repair Specialist (8.79 SQM) CA EXHIBITS ( PROPERTY PRO )
tealicious,0,0,0,0,1,0,0,0,0,0,0,0,1,1,False,False,Tealicious
prestea,0,0,0,0,0,0,0,1,0,0,0,0,1,1,False,False,Prestea
pressnet,0,0,0,0,0,0,0,0,0,0,1,0,1,1,False,False,Pressnet
press play pictures phils inc,0,0,0,0,0,0,0,0,1,0,0,0,1,1,False,False,PRESS PLAY PICTURES PHILS INC
tc travel and tours,0,0,0,0,0,1,0,0,0,0,0,0,1,1,False,False,TC Travel and Tours
tca digital square,0,0,0,0,0,0,0,0,1,0,0,0,1,1,False,False,TCA DIGITAL SQUARE
te quiero davao,0,0,0,0,0,0,0,0,1,0,0,0,1,1,False,False,TE QUIERO DAVAO
press citycycle,0,0,0,0,0,0,0,0,1,0,0,0,1,1,False,False,PRESS CITYCYCLE
tea 101,0,0,0,0,0,0,0,0,1,0,0,0,1,1,False,False,TEA 101
presnet master siomai,0,0,0,0,0,0,0,0,0,0,0,1,1,1,False,False,PRESNET MASTER SIOMAI
tea house kitchen by chona,0,0,0,0,0,0,0,0,1,0,0,0,1,1,False,False,TEA HOUSE KITCHEN BY CHONA
tea republic,0,0,0,0,1,0,0,0,0,0,0,0,1,1,False,False,Tea Republic
team barista cafe,0,0,0,0,0,0,0,0,1,0,0,0,1,1,False,False,TEAM BARISTA CAFÉ
tech know,0,0,0,0,0,0,0,1,0,0,0,0,1,1,False,False,TECH KNOW
prep center,0,0,0,0,0,0,1,0,0,0,0,0,1,1,False,False,PREP Center
teas and toast,0,0,0,0,0,1,0,0,0,0,0,0,1,1,False,False,Teas and Toast
premiumbikes,0,0,0,0,0,0,0,1,0,0,0,0,1,1,False,False,PREMIUMBIKES
premium technology,0,0,0,0,0,0,0,0,1,0,0,0,1,1,False,False,PREMIUM TECHNOLOGY
tease blow hair and face beauty lounge,0,0,0,0,0,0,0,0,1,0,0,0,1,1,False,False,TEASE BLOW HAIR AND FACE BEAUTY LOUNGE
tebanz batchoy and tapsilogan,0,0,0,0,0,1,0,0,0,0,0,0,1,1,False,False,Tebanz Batchoy And Tapsilogan
premier samgyupsal,0,0,0,0,0,1,0,0,0,0,0,0,1,1,False,False,Premier Samgyupsal
premier hair and nails salon,0,0,0,0,0,1,0,0,0,0,0,0,1,1,False,False,Premier Hair and Nails Salon
tech hub,0,0,1,0,0,0,0,0,0,0,0,0,1,1,False,False,Tech Hub
prego trattoria,0,0,0,0,0,0,0,0,1,0,0,0,1,1,False,False,PREGO TRATTORIA
prego outlet,0,0,0,0,0,0,0,0,0,1,0,0,1,1,False,False,PREGO OUTLET
technocare accessories,0,0,0,0,0,0,0,0,1,0,0,0,1,1,False,False,TECHNOCARE ACCESSORIES
powerclick,0,0,0,0,0,0,0,0,1,0,0,0,1,1,False,False,POWERCLICK
technocell planet mobile,0,0,0,0,1,0,0,0,0,0,0,0,1,1,False,False,Technocell Planet Mobile
temple garden spa,0,0,0,0,0,0,0,0,1,0,0,0,1,1,False,False,TEMPLE GARDEN SPA
telco hub,0,1,0,0,0,0,0,0,0,0,0,0,1,1,False,False,TELCO HUB
pottery barn,0,0,0,0,0,0,1,0,0,0,0,0,1,1,False,False,Pottery Barn
poto poto,0,0,0,0,0,1,0,0,0,0,0,0,1,1,False,False,Poto Poto
telecom world,0,0,0,0,0,0,0,1,0,0,0,0,1,1,False,False,Telecom World
telego,0,0,0,0,0,0,0,0,1,0,0,0,1,1,False,False,TELEGO
telego mobile,0,0,0,0,1,0,0,0,0,0,0,0,1,1,False,False,Telego Mobile
telesin,0,0,0,0,0,0,0,0,1,0,0,0,1,1,False,False,TELESIN
teletek point,0,0,0,0,0,0,0,0,1,0,0,0,1,1,False,False,TELETEK POINT
telus,0,0,0,0,0,1,0,0,0,0,0,0,1,1,False,False,Telus
potato monster,0,0,0,0,1,0,0,0,0,0,0,0,1,1,False,False,Potato Monster
telus international philippines,0,1,0,0,0,0,0,0,0,0,0,0,1,1,False,False,TELUS INTERNATIONAL PHILIPPINES
templora dermatologica,0,0,0,1,0,0,0,0,0,0,0,0,1,1,False,False,TEMPLORA DERMATOLOGICA
technocure computer center city tech,0,0,0,0,0,0,0,0,0,0,0,1,1,1,False,False,Technocure Computer Center ( INTER PC ) City Tech
potato humps,0,0,0,0,1,0,0,0,0,0,0,0,1,1,False,False,Potato Humps
potato hub,0,0,0,0,0,0,0,1,0,0,0,0,1,1,False,False,Potato Hub
tempura go,0,0,0,0,0,0,0,0,1,0,0,0,1,1,False,False,TEMPURA GO
potato giant 9635551532,0,0,0,0,0,0,0,1,0,0,0,0,1,1,False,False,POTATO GIANT 9635551532
tempura spot,0,0,0,0,0,0,0,1,0,0,0,0,1,1,False,False,TEMPURA SPOT
ten yen king,0,0,0,0,0,1,0,0,0,0,0,0,1,1,False,False,Ten Yen King
tenant,0,0,0,0,0,0,0,0,0,0,0,1,1,1,False,False,TENANT
tender beef shop,0,0,0,0,0,0,0,1,0,0,0,0,1,1,False,False,TENDER BEEF SHOP
potato fries station,0,0,0,0,0,0,0,1,0,0,0,0,1,1,False,False,POTATO FRIES STATION
tender juicy frozen delights,0,0,0,0,0,0,0,0,0,0,0,1,1,1,False,False,TENDER JUICY / FROZEN DELIGHTS
tensheng,0,0,0,0,1,0,0,0,0,0,0,0,1,1,False,False,Tensheng
pound for pound fitness,0,0,0,0,0,0,0,1,0,0,0,0,1,1,False,False,POUND FOR POUND FITNESS
teito fries,0,0,0,0,0,0,0,1,0,0,0,0,1,1,False,False,Teito Fries
teeth clinic,0,0,0,0,0,0,0,0,1,0,0,0,1,1,False,False,TEETH CLINIC
power gadgets,0,0,0,0,0,0,0,0,1,0,0,0,1,1,False,False,POWER GADGETS
powerbooks noteworthy,0,0,0,0,0,0,0,0,1,0,0,0,1,1,False,False,POWERBOOKS NOTEWORTHY
technofinds,0,0,0,0,0,0,1,0,0,0,0,0,1,1,False,False,Technofinds
power up,0,0,1,0,0,0,0,0,0,0,0,0,1,1,False,False,Power Up
power touch wellness massage,0,0,0,1,0,0,0,0,0,0,0,0,1,1,False,False,Power Touch Wellness Massage
power switch,0,0,1,0,0,0,0,0,0,0,0,0,1,1,False,False,Power Switch
power smile dental clinic,0,0,0,0,0,0,0,0,1,0,0,0,1,1,False,False,POWER SMILE DENTAL CLINIC
technosuit,0,0,0,0,0,0,0,1,0,0,0,0,1,1,False,False,TECHNOSUIT
power play,0,1,0,0,0,0,0,0,0,0,0,0,1,1,False,False,POWER PLAY
techplus service center,0,0,0,0,0,0,0,0,1,0,0,0,1,1,False,False,TECHPLUS SERVICE CENTER
power mack & f accessories,0,0,0,0,0,0,0,1,0,0,0,0,1,1,False,False,Power MacK & F ACCESSORIES
techpro unlimited,0,1,0,0,0,0,0,0,0,0,0,0,1,1,False,False,TECHPRO UNLIMITED
power mac service center,0,1,0,0,0,0,0,0,0,0,0,0,1,1,False,False,POWER MAC SERVICE CENTER
power mac center spotlight,0,1,0,0,0,0,0,0,0,0,0,0,1,1,False,False,POWER MAC CENTER SPOTLIGHT
power mac center & mobile care,0,0,1,0,0,0,0,0,0,0,0,0,1,1,False,False,Power Mac Center & Mobile Care
techrui,0,0,0,0,0,0,0,0,1,0,0,0,1,1,False,False,TECHRUI
techtronix,0,0,0,0,0,0,0,1,0,0,0,0,1,1,False,False,Techtronix
techwarez computer center,0,0,0,0,0,0,0,0,1,0,0,0,1,1,False,False,TECHWAREZ COMPUTER CENTER
teds oldtimer la paz batchoy,0,1,0,0,0,0,0,0,0,0,0,0,1,1,False,False,TED'S OLDTIMER LA PAZ BATCHOY
power lite phone shop,0,0,0,0,1,0,0,0,0,0,0,0,1,1,False,False,Power Lite Phone Shop
tee zone boutique autosonix,0,0,0,0,0,0,0,0,0,0,0,1,1,1,False,False,TEE ZONE BOUTIQUE AUTOSONIX
power house,0,0,0,0,0,1,0,0,0,0,0,0,1,1,False,False,Power House
teeth avenue,0,1,0,0,0,0,0,0,0,0,0,0,1,1,False,False,TEETH AVENUE
teeth avenue by cailles dental clinic,0,0,0,0,0,0,0,0,1,0,0,0,1,1,False,False,TEETH AVENUE by CAILLES DENTAL CLINIC
tiara,0,0,0,0,0,0,0,1,0,0,0,0,1,1,False,False,Tiara
playground 9232881783,0,0,0,0,0,0,0,1,0,0,0,0,1,1,False,False,Playground 9232881783
stud & sassy,0,0,0,0,0,1,0,0,0,0,0,0,1,1,False,False,Stud & Sassy
phonemax,1,0,0,0,0,0,0,0,0,0,0,0,1,1,False,False,PHONEMAX
photo image,0,0,0,0,0,0,0,1,0,0,0,0,1,1,False,False,PHOTO IMAGE
phonix kiosk,1,0,0,0,0,0,0,0,0,0,0,0,1,1,False,False,PHONIX KIOSK
tobys sport,0,0,0,0,0,0,0,1,0,0,0,0,1,1,False,False,Toby's Sport
tobys sport friends fries,0,0,0,0,0,0,0,0,0,0,0,1,1,1,False,False,Toby's Sport FRIENDS FRIES
toco berry,0,0,0,0,0,0,1,0,0,0,0,0,1,1,False,False,Toco Berry
todays photographic studio,0,0,0,0,0,0,0,1,0,0,0,0,1,1,False,False,TODAY'S PHOTOGRAPHIC STUDIO
todays photoph,0,0,0,0,0,1,0,0,0,0,0,0,1,1,False,False,Today's Photoph
phonix,0,0,0,0,0,0,0,1,0,0,0,0,1,1,False,False,Phonix
tods,0,1,0,0,0,0,0,0,0,0,0,0,1,1,False,False,TOD'S
phoneville mobile,0,0,0,0,0,0,0,0,1,0,0,0,1,1,False,False,PHONEVILLE MOBILE
phonetwist lj house of beauty,0,0,0,0,0,0,0,0,0,0,0,1,1,1,False,False,"PHONETWIST, LJ HOUSE OF BEAUTY"
phonebay,0,0,0,0,0,0,0,0,1,0,0,0,1,1,False,False,PHONEBAY
photo trend,0,0,1,0,0,0,0,0,0,0,0,0,1,1,False,False,Photo Trend
toho antigua,0,0,1,0,0,0,0,0,0,0,0,0,1,1,False,False,Toho Antigua
phone shop,0,1,0,0,0,0,0,0,0,0,0,0,1,1,False,False,THE PHONE SHOP
phone partz,0,0,0,0,0,0,0,0,1,0,0,0,1,1,False,False,PHONE PARTZ
phone max,0,0,0,0,0,0,0,0,1,0,0,0,1,1,False,False,PHONE MAX
phone gallery,0,0,0,0,0,0,0,0,0,0,1,0,1,1,False,False,The Phone Gallery
phone care cellphone accessories,0,0,0,0,0,0,0,0,1,0,0,0,1,1,False,False,PHONE CARE CELLPHONE ACCESSORIES
phone avenue,0,0,0,0,0,0,1,0,0,0,0,0,1,1,False,False,Phone Avenue
phoenix dragon,0,0,0,0,0,1,0,0,0,0,0,0,1,1,False,False,Phoenix Dragon
phoenix bazaar,0,0,0,0,0,0,0,1,0,0,0,0,1,1,False,False,Phoenix Bazaar
tokki tokki,0,0,0,0,0,1,0,0,0,0,0,0,1,1,False,False,Tokki Tokki
phoenix,0,0,0,0,0,0,0,1,0,0,0,0,1,1,False,False,Phoenix
photo tech,0,0,1,0,0,0,0,0,0,0,0,0,1,1,False,False,Photo Tech
tobys estate coffee roaster,0,1,0,0,0,0,0,0,0,0,0,0,1,1,False,False,TOBY'S ESTATE COFFEE ROASTER
tokutokuya,0,0,0,0,1,0,0,0,0,0,0,0,1,1,False,False,Tokutokuya
tnd bazaar,0,0,0,0,0,1,0,0,0,0,0,0,1,1,False,False,TND Bazaar
tlm yema buko pie,0,0,0,0,0,0,0,0,1,0,0,0,1,1,False,False,TLM YEMA BUKO PIE
pick up stix,0,0,0,0,0,0,0,0,1,0,0,0,1,1,False,False,PICK-UP-STIX
tm lewin,0,0,0,0,0,0,0,1,0,0,0,0,1,1,False,False,TM Lewin
pick up at sm supermalls,0,0,0,0,0,0,0,0,1,0,0,0,1,1,False,False,PICK UP AT SM SUPERMALLS
tmj print avenue,0,0,0,0,0,0,0,0,1,0,0,0,1,1,False,False,TMJ PRINT AVENUE
pick mix,0,0,0,0,0,0,0,0,1,0,0,0,1,1,False,False,PICK MIX
tnalak home,0,1,0,0,0,0,0,0,0,0,0,0,1,1,False,False,T'NALAK HOME
pick a trip travel and tours,0,0,0,0,0,0,0,0,1,0,0,0,1,1,False,False,PICK A TRIP TRAVEL AND TOURS
pick & save,0,0,0,0,0,0,0,1,0,0,0,0,1,1,False,False,PICK & SAVE
picanti,0,1,0,0,0,0,0,0,0,0,0,0,1,1,False,False,PICANTI
picabean,0,1,0,0,0,0,0,0,0,0,0,0,1,1,False,False,PICABEAN
pica pica by slers,0,0,0,0,0,0,0,0,1,0,0,0,1,1,False,False,PICA PICA BY SLERS
tobys estate,0,0,0,0,0,0,0,0,1,0,0,0,1,1,False,False,TOBY'S ESTATE
to kho ngan,0,0,0,0,0,0,0,1,0,0,0,0,1,1,False,False,TO-KHO-NGAN
pic n print,0,0,0,0,0,0,1,0,0,0,0,0,1,1,False,False,Pic N Print
pibu aesthetics,0,1,0,0,0,0,0,0,0,0,0,0,1,1,False,False,PIBU AESTHETICS
pias gadget store,0,0,0,0,0,0,0,1,0,0,0,0,1,1,False,False,PIA'S GADGET STORE
to kho ngan 9395573510,0,0,0,0,0,0,0,1,0,0,0,0,1,1,False,False,To-Kho-Ngan 9395573510
tobys 9776592253,0,0,0,0,0,0,0,1,0,0,0,0,1,1,False,False,Toby's 9776592253
physiare,0,0,1,0,0,0,0,0,0,0,0,0,1,1,False,False,Physiare
photovoltaic,0,0,0,0,0,0,0,1,0,0,0,0,1,1,False,False,Photovoltaic
tobys arena,0,1,0,0,0,0,0,0,0,0,0,0,1,1,False,False,TOBY'S ARENA
photoline digital,0,0,0,0,0,0,0,1,0,0,0,0,1,1,False,False,Photoline Digital
photoline 0917 541 5156,0,0,0,0,0,0,0,1,0,0,0,0,1,1,False,False,PHOTOLINE 0917-541-5156
phobac vietnamese specialties,0,0,0,0,0,1,0,0,0,0,0,0,1,1,False,False,Phobac Vietnamese Specialties
phobac vietnamese specialist,0,1,0,0,0,0,0,0,0,0,0,0,1,1,False,False,PHOBAC VIETNAMESE SPECIALIST
playcafe,0,0,0,0,0,1,0,0,0,0,0,0,1,1,False,False,Playcafe
toms playground,0,0,0,0,0,0,0,1,0,0,0,0,1,1,False,False,TOM'S PLAYGROUND
philip steinl time studio,0,0,0,0,0,0,0,0,1,0,0,0,1,1,False,False,PHILIP STEINL TIME STUDIO
tomato time,0,0,0,1,0,0,0,0,0,0,0,0,1,1,False,False,Tomato Time
philip stein tw steel wenger luminox,0,0,0,0,0,0,0,0,1,0,0,0,1,1,False,False,PHILIP STEIN TW STEEL WENGER LUMINOX
tommy hilfiger by the watch store,0,0,0,0,0,0,0,0,1,0,0,0,1,1,False,False,TOMMY HILFIGER BY THE WATCH STORE
tommy jeans,0,0,0,0,0,0,0,1,0,0,0,0,1,1,False,False,Tommy Jeans
tomoro coffee,0,0,0,0,0,0,0,0,1,0,0,0,1,1,False,False,TOMORO COFFEE
philgin travel and tours,0,0,0,0,0,0,0,0,0,1,0,0,1,1,False,False,PHILGIN TRAVEL AND TOURS (2GO)
philcopy,0,0,0,0,0,0,0,0,1,0,0,0,1,1,False,False,PHILCOPY
phil post,0,0,0,0,1,0,0,0,0,0,0,0,1,1,False,False,Phil Post
phiil health,0,0,0,0,0,0,0,1,0,0,0,0,1,1,False,False,PHIIL HEALTH
phia footwear,0,0,0,0,0,0,0,1,0,0,0,0,1,1,False,False,PHIA FOOTWEAR
toms world 0999 983 8319,0,0,0,0,0,0,0,1,0,0,0,0,1,1,False,False,TOMS WORLD 0999 983 8319
philippe charriol,0,0,0,0,0,0,0,0,1,0,0,0,1,1,False,False,PHILIPPE CHARRIOL
phat pho 0942 539 6399,0,0,0,0,0,0,0,1,0,0,0,0,1,1,False,False,PHAT PHO 0942-539-6399
toms world 8961 6210,0,0,0,0,0,0,0,1,0,0,0,0,1,1,False,False,Tom's World 8961 6210 (OPEN)
phad thai,0,0,0,0,0,0,0,1,0,0,0,0,1,1,False,False,Phad Thai
toms world mall train,0,0,0,0,0,0,0,1,0,0,0,0,1,1,False,False,TOM'S WORLD MALL TRAIN
pgp ticketing office outlet,0,0,0,0,0,0,0,0,1,0,0,0,1,1,False,False,PGP TICKETING OFFICE OUTLET
toms world satelite,0,0,0,0,0,0,0,1,0,0,0,0,1,1,False,False,TOM'S WORLD SATELITE
ton ton thai massage,0,0,0,0,0,0,0,0,1,0,0,0,1,1,False,False,TON TON THAI MASSAGE
petropolis animal clinic,0,1,0,0,0,0,0,0,0,0,0,0,1,1,False,False,PETROPOLIS ANIMAL CLINIC
petron car care center,0,0,0,0,0,0,0,0,1,0,0,0,1,1,False,False,PETRON CAR CARE CENTER
tong se,0,0,0,0,0,0,0,1,0,0,0,0,1,1,False,False,Tong Se
petron,0,0,0,0,0,0,0,0,0,1,0,0,1,1,False,False,PETRON
tom sawyers old fashioned krispy chicken,0,0,0,0,0,0,0,0,1,0,0,0,1,1,False,False,TOM SAWYER'S OLD FASHIONED KRISPY CHICKEN
tom sawyers,0,0,0,0,0,0,1,0,0,0,0,0,1,1,False,False,Tom Sawyer's
pho hoa my thai jacks loft,0,0,1,0,0,0,0,0,0,0,0,0,1,1,False,False,Pho Hoa / My Thai / Jack’s Loft
philips easy key,0,1,0,0,0,0,0,0,0,0,0,0,1,1,False,False,PHILIPS EASY KEY
tokyo bubble tea,0,1,0,0,0,0,0,0,0,0,0,0,1,1,False,False,TOKYO BUBBLE TEA
tokyo g shock,0,0,0,0,0,0,0,1,0,0,0,0,1,1,False,False,@ TOKYO / G-SHOCK
pho co,0,0,0,0,0,0,0,0,1,0,0,0,1,1,False,False,PHO.CO
tokyo glam eyelash & nail salon,0,1,0,0,0,0,0,0,0,0,0,0,1,1,False,False,TOKYO GLAM EYELASH & NAIL SALON
tokyo joe japanese fastfood,0,0,0,0,0,0,0,0,1,0,0,0,1,1,False,False,TOKYO JOE JAPANESE FASTFOOD
tokyo milk cheese cafe,0,1,0,0,0,0,0,0,0,0,0,0,1,1,False,False,TOKYO MILK CHEESE CAFE
phlippine national bank,0,0,1,0,0,0,0,0,0,0,0,0,1,1,False,False,Phlippine National Bank (pnb)
philux,0,0,0,0,0,0,0,0,1,0,0,0,1,1,False,False,PHILUX
philsys step 2 registration,0,0,0,0,0,0,0,1,0,0,0,0,1,1,False,False,PHILSYS STEP 2 REGISTRATION
tokyo milk cheese factory & cow cow ice,0,1,0,0,0,0,0,0,0,0,0,0,1,1,False,False,TOKYO MILK CHEESE FACTORY & COW COW ICE
tokyo milkcheese factory,0,0,0,0,0,0,1,0,0,0,0,0,1,1,False,False,Tokyo Milkcheese Factory
tokyo store,0,0,0,0,0,0,0,1,0,0,0,0,1,1,False,False,@TOKYO STORE
tom n toms coffee,0,0,0,0,0,1,0,0,0,0,0,0,1,1,False,False,Tom N Toms Coffee
toledo medical clinic,0,0,0,0,0,1,0,0,0,0,0,0,1,1,False,False,Toledo Medical Clinic
tolentino law office,0,0,0,0,0,1,0,0,0,0,0,0,1,1,False,False,Tolentino Law Office
philippine savings bank atm,0,0,0,0,0,0,0,0,0,0,1,0,1,1,False,False,Philippine Savings Bank ATM
philippine racing club inc,0,1,0,0,0,0,0,0,0,0,0,0,1,1,False,False,PHILIPPINE RACING CLUB INC.
philippine pizza inc,0,0,0,0,0,0,0,0,0,0,0,1,1,1,False,False,"PHILIPPINE PIZZA, INC."
philippine national police,0,0,1,0,0,0,0,0,0,0,0,0,1,1,False,False,Philippine National Police (pnp)
tollhouse,0,1,0,0,0,0,0,0,0,0,0,0,1,1,False,False,TOLLHOUSE
tom n toms,0,0,0,0,0,0,0,1,0,0,0,0,1,1,False,False,TOM N' TOMS
philippine business savings bank,0,0,0,0,0,1,0,0,0,0,0,0,1,1,False,False,Philippine Business Savings Bank
philippine airlines pal john gold,0,0,0,0,1,0,0,0,0,0,0,0,1,1,False,False,Philippine Airlines / PAL / John Gold
philippine airlines golden jc holiday travel,0,0,0,0,0,0,0,0,1,0,0,0,1,1,False,False,PHILIPPINE AIRLINES GOLDEN JC HOLIDAY TRAVEL
pickleball court,0,0,1,0,0,0,0,0,0,0,0,0,1,1,False,False,Pickleball Court
tlida,0,0,0,0,0,0,0,0,1,0,0,0,1,1,False,False,TLIDA
tittos bbq,0,0,0,0,0,0,1,0,0,0,0,0,1,1,False,False,Tittos BBQ
pj lhuillier inc,0,0,0,0,0,0,0,0,0,1,0,0,1,1,False,False,PJ LHUILLIER INC. (CEBUANA)
plains & prints 9199149527,0,0,0,0,0,0,0,1,0,0,0,0,1,1,False,False,Plains & Prints 9199149527(OPEN)
time check watch service,0,0,0,0,0,0,0,1,0,0,0,0,1,1,False,False,Time Check Watch Service
plains,0,0,0,0,1,0,0,0,0,0,0,0,1,1,False,False,Plains
plain & prints,0,0,0,0,0,0,0,1,0,0,0,0,1,1,False,False,PLAIN & PRINTS
time concept emporium,0,0,0,0,0,0,0,0,0,0,0,1,1,1,False,False,TIME CONCEPT EMPORIUM
pktt mobile center,0,0,0,0,1,0,0,0,0,0,0,0,1,1,False,False,PKTT Mobile Center
pks phones,0,0,0,0,0,0,0,1,0,0,0,0,1,1,False,False,PKS Phones
pks phone,0,0,0,0,0,0,0,1,0,0,0,0,1,1,False,False,PKS Phone
time express watch repair and key duplication services,0,0,0,0,0,1,0,0,0,0,0,0,1,1,False,False,Time Express Watch Repair and Key Duplication Services
pjs sleepwear 9237431998,0,0,0,0,0,0,0,1,0,0,0,0,1,1,False,False,PJs Sleepwear 9237431998
pj super siomai,0,0,0,0,1,0,0,0,0,0,0,0,1,1,False,False,PJ Super Siomai
time gallery,0,0,0,0,0,0,1,0,0,0,0,0,1,1,False,False,Time Gallery
planet sport,0,0,0,0,0,0,0,1,0,0,0,0,1,1,False,False,PLANET SPORT
time network,0,0,0,0,0,0,0,0,0,0,0,1,1,1,False,False,TIME NETWORK
pizzakaya,0,0,0,0,0,0,0,1,0,0,0,0,1,1,False,False,Pizzakaya
time trend center,0,0,0,0,0,0,0,0,1,0,0,0,1,1,False,False,TIME TREND CENTER
pizzahut,0,0,0,0,0,0,0,1,0,0,0,0,1,1,False,False,PIZZAHUT
pizza volante,0,0,0,0,0,0,0,0,1,0,0,0,1,1,False,False,PIZZA VOLANTE
pizza to go,0,0,0,0,0,0,0,0,1,0,0,0,1,1,False,False,PIZZA TO GO
pizza smile xbox,0,0,0,0,0,0,0,0,0,0,0,1,1,1,False,False,PIZZA SMILE XBOX
timecheck,0,0,0,0,0,0,0,1,0,0,0,0,1,1,False,False,Timecheck
pizza hut kiosk,0,0,0,0,0,0,0,1,0,0,0,0,1,1,False,False,PIZZA HUT KIOSK
pizza hut food cart,0,0,0,0,0,0,0,1,0,0,0,0,1,1,False,False,Pizza Hut Food Cart
timeline watch repair 0922 889 0086,0,0,0,0,0,0,0,1,0,0,0,0,1,1,False,False,Timeline Watch Repair 0922-889-0086
plains and prints,0,0,0,0,1,0,0,0,0,0,0,0,1,1,False,False,Plains and Prints
time adventure,0,0,0,0,1,0,0,0,0,0,0,0,1,1,False,False,Time Adventure
titter tatter playhouse,0,0,0,0,0,0,0,1,0,0,0,0,1,1,False,False,TITTER TATTER PLAYHOUSE
tickettime travel & tours,0,0,0,0,0,0,0,1,0,0,0,0,1,1,False,False,Tickettime Travel & Tours
tic toc doc,0,0,0,0,0,0,0,0,1,0,0,0,1,1,False,False,TIC TOC DOC
play works,0,0,0,0,0,0,0,0,1,0,0,0,1,1,False,False,PLAY WORKS
ticket 1 9171094611,0,0,0,0,0,0,0,1,0,0,0,0,1,1,False,False,TICKET 1 9171094611
ticket express,0,0,0,0,1,0,0,0,0,0,0,0,1,1,False,False,Ticket Express
play studio,0,0,0,0,0,0,0,1,0,0,0,0,1,1,False,False,Play Studio
ticket royale,0,0,0,0,0,0,0,1,0,0,0,0,1,1,False,False,Ticket Royale
play n learn kids playroom childcare center,0,0,0,0,0,0,0,0,1,0,0,0,1,1,False,False,PLAY N LEARN KIDS PLAYROOM CHILDCARE CENTER
play giant,0,1,0,0,0,0,0,0,0,0,0,0,1,1,False,False,PLAY GIANT
play book store,0,1,0,0,0,0,0,0,0,0,0,0,1,1,False,False,THE PLAY BOOK STORE
ticketport travel and tours,0,0,0,0,0,0,0,0,1,0,0,0,1,1,False,False,TICKETPORT TRAVEL AND TOURS
play 2 learn,0,1,0,0,0,0,0,0,0,0,0,0,1,1,False,False,PLAY 2 LEARN
tidex carwash,0,0,0,0,0,0,0,1,0,0,0,0,1,1,False,False,TIDEX CARWASH
time & gems,0,0,0,0,0,0,1,0,0,0,0,0,1,1,False,False,Time & Gems
platinium karaoke,0,0,0,0,0,0,0,1,0,0,0,0,1,1,False,False,PLATINIUM KARAOKE
tienda street food,0,0,0,0,0,0,0,1,0,0,0,0,1,1,False,False,Tienda Street Food
tiger sugar 9772116188,0,0,0,0,0,0,0,1,0,0,0,0,1,1,False,False,TIGER SUGAR 9772116188
plantsnilloids,0,1,0,0,0,0,0,0,0,0,0,0,1,1,False,False,PLANTSNILLOIDS
tiktilaok 0997 746 7278,0,0,0,0,0,0,0,1,0,0,0,0,1,1,False,False,TIKTILAOK 0997-746-7278
tile express shop,0,0,0,0,0,0,0,0,1,0,0,0,1,1,False,False,TILE EXPRESS SHOP
plantmate plants shop,0,0,0,0,0,0,0,0,1,0,0,0,1,1,False,False,PLANTMATE PLANTS SHOP
tili dhali temporarily closed,0,0,0,0,0,0,0,1,0,0,0,0,1,1,False,False,TILI DHALI TEMPORARILY CLOSED
timber toys,1,0,0,0,0,0,0,0,0,0,0,0,1,1,False,False,TIMBER TOYS
timcheck watch repair,0,0,0,0,0,0,0,1,0,0,0,0,1,1,False,False,TIMCHECK WATCH REPAIR
planet sports asia,0,0,0,0,0,0,1,0,0,0,0,0,1,1,False,False,Planet Sports Asia
pizza haus,0,0,0,0,0,0,0,1,0,0,0,0,1,1,False,False,Pizza Haus
pizza boy 9778098547,0,0,0,0,0,0,0,1,0,0,0,0,1,1,False,False,Pizza boy 9778098547
pixie forest,0,0,1,0,0,0,0,0,0,0,0,0,1,1,False,False,Pixie Forest
tips n toes nail salon,0,0,0,0,0,0,0,0,1,0,0,0,1,1,False,False,TIPS N TOES NAIL SALON
tiny town,0,0,0,0,0,0,0,0,1,0,0,0,1,1,False,False,TINY TOWN
tiny twinkle,0,0,0,0,0,0,1,0,0,0,0,0,1,1,False,False,Tiny Twinkle
pina seoul,0,0,0,0,0,0,0,1,0,0,0,0,1,1,False,False,PINA SEOUL
pimp kicks,0,0,0,0,0,0,1,0,0,0,0,0,1,1,False,False,Pimp Kicks
pili ani,0,0,0,0,0,0,1,0,0,0,0,0,1,1,False,False,Pili Ani
pieza de mano art ang frames,0,0,0,0,0,0,0,1,0,0,0,0,1,1,False,False,PIEZA DE MANO ART ANG FRAMES
pieza de mano,0,0,0,0,0,0,0,1,0,0,0,0,1,1,False,False,Pieza De Mano
tipness gym,0,1,0,0,0,0,0,0,0,0,0,0,1,1,False,False,TIPNESS GYM
silverich,0,0,0,0,1,0,0,0,0,0,0,0,1,1,False,False,Silverich
pidoks,0,1,0,0,0,0,0,0,0,0,0,0,1,1,False,False,PIDOKS
tips n toes,0,1,0,0,0,0,0,0,0,0,0,0,1,1,False,False,TIPS 'N TOES
picture city mayandug cellphone accessories,0,0,0,0,0,0,0,0,0,0,0,1,1,1,False,False,PICTURE CITY Mayandug Cellphone Accessories
pixelport,0,0,0,0,0,0,0,0,1,0,0,0,1,1,False,False,PIXELPORT
tita beths pancit malabon haus,0,1,0,0,0,0,0,0,0,0,0,0,1,1,False,False,TITA BETH'S PANCIT MALABON HAUS
picture city green heart naturals enterprise,0,0,0,0,0,0,0,0,0,0,0,1,1,1,False,False,Picture City Green Heart Naturals Enterprise ( HUMAN NATURE )
tita paring,0,0,0,0,0,0,1,0,0,0,0,0,1,1,False,False,Tita Paring
tita paring 9178543267,0,0,0,0,0,0,0,1,0,0,0,0,1,1,False,False,Tita Paring (OPEN) 9178543267
picture books,0,0,0,0,0,0,0,0,1,0,0,0,1,1,False,False,PICTURE BOOKS
tita yummys burger,0,0,0,0,0,0,0,1,0,0,0,0,1,1,False,False,Tita Yummy's Burger
picole 0966 142 6389,0,0,0,0,0,0,0,1,0,0,0,0,1,1,False,False,Picole 0966 142 6389
picole,0,0,0,0,0,0,0,0,1,0,0,0,1,1,False,False,PICOLE
titan barbershop,0,0,0,0,0,0,0,0,1,0,0,0,1,1,False,False,TITAN BARBERSHOP
pickup coffee 0970 688 7973,0,0,0,0,0,0,0,1,0,0,0,0,1,1,False,False,PICKUP COFFEE 0970-688-7973
titas bags and accessories,1,0,0,0,0,0,0,0,0,0,0,0,1,1,False,False,Tita's Bags and Accessories
tiny teapot,0,0,0,0,0,0,0,1,0,0,0,0,1,1,False,False,Tiny Teapot
pines telecom,0,0,0,0,0,0,0,1,0,0,0,0,1,1,False,False,Pines Telecom
pings eatabols,0,1,0,0,0,0,0,0,0,0,0,0,1,1,False,False,PING’S EATABOLS
pink & brown boutique,0,0,0,0,0,0,0,1,0,0,0,0,1,1,False,False,Pink & Brown Boutique
pixel point by photoline,0,0,0,0,0,0,0,0,1,0,0,0,1,1,False,False,PIXEL POINT BY PHOTOLINE
pirazzo,0,0,0,0,0,0,0,1,0,0,0,0,1,1,False,False,PIRAZZO
pirates grill open,0,0,0,0,0,0,0,1,0,0,0,0,1,1,False,False,Pirate's Grill OPEN
timeshoppe,0,0,0,0,0,0,0,0,1,0,0,0,1,1,False,False,TIMESHOPPE
pinoy silugan,0,0,0,0,0,0,0,0,0,0,0,1,1,1,False,False,PINOY SILUGAN
pinoy pyesta,0,0,0,0,0,0,0,0,1,0,0,0,1,1,False,False,PINOY PYESTA
timezone 8364 2426,0,0,0,0,0,0,0,1,0,0,0,0,1,1,False,False,Timezone 8364 2426 (OPEN)
pinoy krispy sisig,0,0,0,0,0,0,0,1,0,0,0,0,1,1,False,False,Pinoy Krispy Sisig
timezone carousel,0,1,0,0,0,0,0,0,0,0,0,0,1,1,False,False,TIMEZONE CAROUSEL
pinkies box,0,0,0,0,0,0,0,1,0,0,0,0,1,1,False,False,PINKIES BOX
timhowan,0,0,0,0,0,0,1,0,0,0,0,0,1,1,False,False,TimHowan
pink2pink body & face skin,0,1,0,0,0,0,0,0,0,0,0,0,1,1,False,False,PINK2PINK BODY & FACE SKIN
tin accessories,0,0,0,0,1,0,0,0,0,0,0,0,1,1,False,False,Tin Accessories
pink pony tails,0,0,0,0,1,0,0,0,0,0,0,0,1,1,False,False,Pink Pony Tails
pink polish nail lounge,0,0,0,0,1,0,0,0,0,0,0,0,1,1,False,False,Pink Polish Nail Lounge
tina berin fresh flowers,0,1,0,0,0,0,0,0,0,0,0,0,1,1,False,False,TINA BERIN FRESH FLOWERS
pink polish,0,0,0,0,1,0,0,0,0,0,0,0,1,1,False,False,Pink Polish
tinker club,0,0,0,0,0,0,0,1,0,0,0,0,1,1,False,False,Tinker Club
tinkerville 9500207078,0,0,0,0,0,0,0,1,0,0,0,0,1,1,False,False,TINKERVILLE 9500207078
pink lemonade,0,0,0,0,0,0,0,1,0,0,0,0,1,1,False,False,Pink Lemonade
pink dough,0,0,0,0,0,1,0,0,0,0,0,0,1,1,False,False,Pink Dough
pink dot,0,1,0,0,0,0,0,0,0,0,0,0,1,1,False,False,PINK DOT
pink belles fashion,0,0,0,0,0,0,0,1,0,0,0,0,1,1,False,False,Pink Belle's Fashion
taylors play cafe,0,0,0,0,0,0,1,0,0,0,0,0,1,1,False,False,Taylor’s Play Café
prestige trading,0,0,0,0,0,0,0,0,1,0,0,0,1,1,False,False,PRESTIGE TRADING
pretea,0,0,0,0,0,0,0,1,0,0,0,0,1,1,False,False,PRETEA
raphas corner,0,0,0,0,0,0,0,0,1,0,0,0,1,1,False,False,RAPHAS CORNER
super pollo,0,0,0,0,0,0,0,0,1,0,0,0,1,1,False,False,SUPER POLLO
rasay meatshop,0,0,0,0,1,0,0,0,0,0,0,0,1,1,False,False,Rasay Meatshop
rari,0,0,0,0,0,0,0,0,1,0,0,0,1,1,False,False,RARI
rarepair,0,0,0,0,0,0,0,0,1,0,0,0,1,1,False,False,RAREPAIR
super uncle claypot,0,0,0,0,0,0,1,0,0,0,0,0,1,1,False,False,Super Uncle Claypot
rare collective,0,0,0,0,0,1,0,0,0,0,0,0,1,1,False,False,Rare Collective
super value inc,0,0,0,0,0,0,0,0,0,0,0,1,1,1,False,False,SUPER VALUE INC.
superb shanghai siomai,0,0,0,0,0,0,0,0,0,0,0,1,1,1,False,False,SUPERB SHANGHAI SIOMAI
raptor,0,0,1,0,0,0,0,0,0,0,0,0,1,1,False,False,Raptor
rapidfix,0,0,0,0,0,0,0,0,1,0,0,0,1,1,False,False,RAPIDFIX
rapide,0,0,0,0,0,1,0,0,0,0,0,0,1,1,False,False,Rapide
rangoon ruby,0,0,1,0,0,0,0,0,0,0,0,0,1,1,False,False,Rangoon Ruby
rave studio,0,1,0,0,0,0,0,0,0,0,0,0,1,1,False,False,RAVE STUDIO
superga 7720 9679,0,0,0,0,0,0,0,1,0,0,0,0,1,1,False,False,Superga 7720-9679
randys donut,0,1,0,0,0,0,0,0,0,0,0,0,1,1,False,False,RANDY’S DONUT
randy ortiz dental clinic,0,0,0,1,0,0,0,0,0,0,0,0,1,1,False,False,RANDY ORTIZ DENTAL CLINIC
rams balloons,0,0,0,0,1,0,0,0,0,0,0,0,1,1,False,False,Rams Balloons
ramous region,0,0,0,0,0,0,0,1,0,0,0,0,1,1,False,False,RAMOUS REGION
ramirez printing services,0,0,1,0,0,0,0,0,0,0,0,0,1,1,False,False,Ramirez Printing Services
ramenco,0,1,0,0,0,0,0,0,0,0,0,0,1,1,False,False,RAMENCO
ramen yushoken,0,0,0,0,0,0,1,0,0,0,0,0,1,1,False,False,Ramen Yushoken
ramen ton ichi express,0,0,0,0,0,0,0,1,0,0,0,0,1,1,False,False,Ramen Ton-Ichi Express
ramen tetora,0,0,0,0,0,0,0,1,0,0,0,0,1,1,False,False,RAMEN TETORA
superlicious bakeshop,0,0,0,0,0,0,0,0,1,0,0,0,1,1,False,False,SUPERLICIOUS BAKESHOP
super metro,0,0,1,0,0,0,0,0,0,0,0,0,1,1,False,False,Super Metro
super buko,0,0,0,0,0,0,0,1,0,0,0,0,1,1,False,False,Super Buko
ramen nagi to go,0,0,0,0,0,0,0,1,0,0,0,0,1,1,False,False,Ramen Nagi To-Go
sunnies specs sunnies studios,0,0,0,0,0,0,0,0,1,0,0,0,1,1,False,False,SUNNIES SPECS SUNNIES STUDIOS
rde eatery,0,0,0,0,0,0,0,1,0,0,0,0,1,1,False,False,RDE EATERY
rcg watch service,0,0,0,0,0,0,0,0,0,0,1,0,1,1,False,False,RCG Watch Service
rcd sticker,0,0,0,0,0,0,0,1,0,0,0,0,1,1,False,False,RCD Sticker
sunika manila,0,0,1,0,0,0,0,0,0,0,0,0,1,1,False,False,Sunika Manila
rcbc exhibit mini gem exhibit,0,0,0,0,0,0,0,0,0,0,0,1,1,1,False,False,RCBC/EXHIBIT MINI GEM Exhibit (#8)
suniway group of companies inc,0,0,0,0,0,0,0,0,1,0,0,0,1,1,False,False,SUNIWAY GROUP OF COMPANIES INC
sunkissed cafe,0,0,0,0,0,0,0,1,0,0,0,0,1,1,False,False,SUNKISSED CAFE
sunlab,0,0,0,0,1,0,0,0,0,0,0,0,1,1,False,False,Sunlab
sunnies,0,0,0,0,0,0,0,1,0,0,0,0,1,1,False,False,Sunnies
rc skin lite face body center,0,0,0,0,0,0,0,0,1,0,0,0,1,1,False,False,RC SKIN LITE FACE BODY CENTER
sunnies coffee,0,0,0,0,0,0,0,1,0,0,0,0,1,1,False,False,SUNNIES COFFEE (9178293590)
rc management and medical services,0,0,0,0,0,0,0,0,1,0,0,0,1,1,False,False,RC MANAGEMENT AND MEDICAL SERVICES
rayos dental,0,0,0,0,0,0,0,1,0,0,0,0,1,1,False,False,RAYOS DENTAL
rbx,0,0,0,0,0,0,0,1,0,0,0,0,1,1,False,False,RBX (Rice in a Box)
sunnies studios 9178293590,0,0,0,0,0,0,0,1,0,0,0,0,1,1,False,False,Sunnies Studios 9178293590
rbc cable,0,0,0,0,0,0,0,1,0,0,0,0,1,1,False,False,RBC CABLE
sunrise bloom plants & flowers,0,1,0,0,0,0,0,0,0,0,0,0,1,1,False,False,SUNRISE BLOOM PLANTS & FLOWERS
sunset dry goods,0,0,0,0,0,1,0,0,0,0,0,0,1,1,False,False,Sunset Dry Goods
razons halo halo & palabok,0,1,0,0,0,0,0,0,0,0,0,0,1,1,False,False,RAZON'S HALO HALO & PALABOK
razons halo halo,0,0,0,0,0,0,0,1,0,0,0,0,1,1,False,False,Razon's Halo Halo
sunshine accessories,0,0,0,0,1,0,0,0,0,0,0,0,1,1,False,False,Sunshine Accessories
razons buko rocks,0,0,0,0,0,0,0,0,0,0,0,1,1,1,False,False,RAZONS (L.L Lacap's Halo-Halo) BUKO ROCKS
sunstar jewelry,0,0,0,0,0,0,1,0,0,0,0,0,1,1,False,False,Sunstar Jewelry
super bagnet,0,0,0,0,1,0,0,0,0,0,0,0,1,1,False,False,Super Bagnet
ramen naijiro,0,0,0,0,0,0,0,1,0,0,0,0,1,1,False,False,RAMEN NAIJIRO
superwasher,0,0,0,0,0,0,0,0,1,0,0,0,1,1,False,False,SUPERWASHER
taylor living,0,0,0,0,0,0,0,1,0,0,0,0,1,1,False,False,TAYLOR LIVING
racquels bakeshop & catering services,0,0,0,0,0,0,0,1,0,0,0,0,1,1,False,False,Racquel's Bakeshop & Catering Services
rage racer,0,0,0,0,0,0,0,1,0,0,0,0,1,1,False,False,Rage Racer
raffy cellphone & accessories,0,0,0,0,0,1,0,0,0,0,0,0,1,1,False,False,Raffy Cellphone & Accessories
raffas treats on stix,0,0,0,0,0,0,0,1,0,0,0,0,1,1,False,False,Raffa's Treats on Stix
rafaels tapas bar & restaurant,0,0,0,0,0,1,0,0,0,0,0,0,1,1,False,False,Rafael's Tapas Bar & Restaurant
susan milan,0,1,0,0,0,0,0,0,0,0,0,0,1,1,False,False,SUSAN MILAN
rado frederique constant,0,0,0,0,0,0,0,0,1,0,0,0,1,1,False,False,RADO FREDERIQUE CONSTANT
rado atelier,0,1,0,0,0,0,0,0,0,0,0,0,1,1,False,False,THE RADO ATELIER
rado,0,1,0,0,0,0,0,0,0,0,0,0,1,1,False,False,RADO
radius telecom,0,1,0,0,0,0,0,0,0,0,0,0,1,1,False,False,RADIUS TELECOM
rad tattoo studio,0,0,0,0,0,0,0,0,1,0,0,0,1,1,False,False,RAD TATTOO STUDIO
susans canteen,0,0,0,0,0,0,0,0,0,0,0,1,1,1,False,False,SUSAN'S CANTEEN
racks restaurant,0,0,1,0,0,0,0,0,0,0,0,0,1,1,False,False,Racks Restaurant
susan canteen norhaimen telecom shop,0,0,0,0,0,0,0,0,0,0,0,1,1,1,False,False,SUSAN CANTEEN NORHAIMEN TELECOM SHOP
susans flower,0,0,0,0,0,0,0,0,0,0,0,1,1,1,False,False,SUSAN'S FLOWER
sushi bake,0,0,0,0,0,0,0,1,0,0,0,0,1,1,False,False,SUSHI BAKE
racing edge,0,0,0,0,1,0,0,0,0,0,0,0,1,1,False,False,Racing Edge
sushi bar by jiro,0,0,0,0,0,0,0,0,1,0,0,0,1,1,False,False,SUSHI BAR BY JIRO
rachelles alteration services,0,0,0,0,0,0,0,0,1,0,0,0,1,1,False,False,RACHELLES ALTERATION SERVICES
rachelle anns flower,0,1,0,0,0,0,0,0,0,0,0,0,1,1,False,False,RACHELLE ANN'S FLOWER
racell,0,0,0,0,0,0,0,0,1,0,0,0,1,1,False,False,RACELL
ra taho,0,0,0,0,0,0,0,0,1,0,0,0,1,1,False,False,RA TAHO
ra digital by robinsons appliances,0,0,0,0,0,0,0,1,0,0,0,0,1,1,False,False,RA DIGITAL BY ROBINSONS APPLIANCES
ra beauty touch facial spa center,0,0,0,0,0,0,0,0,1,0,0,0,1,1,False,False,RA BEAUTY TOUCH FACIAL SPA CENTER
r&n trading,0,0,0,0,0,0,0,1,0,0,0,0,1,1,False,False,R&N Trading
rage room and coffee,0,1,0,0,0,0,0,0,0,0,0,0,1,1,False,False,THE RAGE ROOM AND COFFEE
rainbow asia logistics services inc,0,0,0,0,0,0,1,0,0,0,0,0,1,1,False,False,Rainbow Asia Logistics Services Inc.
supreme hotdogs,0,0,0,0,0,0,0,0,1,0,0,0,1,1,False,False,SUPREME HOTDOGS
ralph sports,0,0,0,0,0,0,1,0,0,0,0,0,1,1,False,False,Ralph Sports
supreme tactical shop,0,0,0,0,0,0,0,0,1,0,0,0,1,1,False,False,SUPREME TACTICAL SHOP
sure vision,0,0,0,0,0,0,0,1,0,0,0,0,1,1,False,False,Sure Vision
ramen keisuke tori king,0,0,0,0,0,0,0,0,1,0,0,0,1,1,False,False,RAMEN KEISUKE TORI KING
ramen ibuki,0,0,0,0,0,1,0,0,0,0,0,0,1,1,False,False,Ramen Ibuki
sure vision optical,0,0,0,0,0,0,0,0,0,0,1,0,1,1,False,False,SURE VISION OPTICAL
surefix,0,0,0,0,0,0,0,1,0,0,0,0,1,1,False,False,Surefix
ramen bari uma jr,0,0,0,0,0,0,0,0,1,0,0,0,1,1,False,False,RAMEN BARI-UMA JR
ramen bari uma,0,0,0,0,0,0,0,0,1,0,0,0,1,1,False,False,RAMEN BARI-UMA
surefix gadget repair center,0,0,0,0,0,0,0,0,0,0,1,0,1,1,False,False,Surefix Gadget Repair Center
ramboys,0,0,0,0,0,0,0,0,1,0,0,0,1,1,False,False,RAMBOYS
ramar ticketing,0,0,0,0,0,0,0,1,0,0,0,0,1,1,False,False,RAMAR TICKETING
surge fitness gym,0,0,0,0,0,0,0,0,1,0,0,0,1,1,False,False,SURGE FITNESS GYM
rainbow project,0,0,0,0,1,0,0,0,0,0,0,0,1,1,False,False,The Rainbow Project
ral party time,0,0,0,0,1,0,0,0,0,0,0,0,1,1,False,False,Ral Party Time
surge fitness lifestyle,0,0,1,0,0,0,0,0,0,0,0,0,1,1,False,False,Surge Fitness + Lifestyle
rakuzen food house,0,0,0,0,0,0,0,1,0,0,0,0,1,1,False,False,RAKUZEN FOOD HOUSE
rakso air travel & tours,0,0,0,0,0,0,0,1,0,0,0,0,1,1,False,False,Rakso Air Travel & Tours
rakshionista,0,0,0,0,0,0,0,1,0,0,0,0,1,1,False,False,RAKSHIONISTA
raks power exhibit junaina slippers,0,0,0,0,0,0,0,0,0,0,0,1,1,1,False,False,RAK'S POWER EXHIBIT (MTC ABSORB TENANT) JUNAINA SLIPPERS
rakimah,0,0,0,0,0,0,1,0,0,0,0,0,1,1,False,False,Rakimah
raki yata ramen house,0,1,0,0,0,0,0,0,0,0,0,0,1,1,False,False,RAKI-YATA RAMEN HOUSE
surya intl trading corp,0,0,0,0,1,0,0,0,0,0,0,0,1,1,False,False,Surya Int'l Trading Corp.
raki yata ramen,0,0,0,0,0,0,0,0,1,0,0,0,1,1,False,False,RAKI-YATA RAMEN
rajah palabok plus,0,0,0,0,0,0,0,1,0,0,0,0,1,1,False,False,RAJAH PALABOK PLUS
rds business center,0,0,0,0,0,0,0,1,0,0,0,0,1,1,False,False,RDS Business Center
rds home outlet,0,0,0,0,0,0,0,1,0,0,0,0,1,1,False,False,RDS HOME OUTLET
rds trendy 2024,0,0,0,0,0,0,0,1,0,0,0,0,1,1,False,False,RDS TRENDY 2024
regenix aesthetic wellness centre,0,0,0,0,0,0,0,1,0,0,0,0,1,1,False,False,REGENIX AESTHETIC WELLNESS CENTRE
styles n smiles salon,0,0,0,0,0,0,0,1,0,0,0,0,1,1,False,False,Styles N Smiles Salon
suarez bros,0,0,0,0,0,0,0,0,1,0,0,0,1,1,False,False,SUAREZ BROS
relaxia massage center,0,0,0,0,0,0,0,1,0,0,0,0,1,1,False,False,RELAXIA MASSAGE CENTER
relaxia 9959233806,0,0,0,0,0,0,0,1,0,0,0,0,1,1,False,False,Relaxia 9959233806
suarez sons metal artsjewelry,0,0,0,0,0,0,0,0,1,0,0,0,1,1,False,False,SUAREZ SONS METAL ARTSJEWELRY
relaxant shades of blonde,0,0,0,0,0,0,0,0,1,0,0,0,1,1,False,False,RELAXANT SHADES OF BLONDE
relax haven,0,0,0,0,0,0,0,1,0,0,0,0,1,1,False,False,RELAX HAVEN
reinberry,0,0,0,0,0,0,0,0,1,0,0,0,1,1,False,False,REINBERRY
sucheri,0,0,0,0,0,0,1,0,0,0,0,0,1,1,False,False,Sucheri
rehabwise pain and mobility clinic,0,0,0,0,0,0,0,0,1,0,0,0,1,1,False,False,REHABWISE PAIN AND MOBILITY CLINIC
regus,0,0,0,0,0,0,0,0,1,0,0,0,1,1,False,False,REGUS
regenesis,0,0,1,0,0,0,0,0,0,0,0,0,1,1,False,False,Regenesis
reli tours & travel company,0,0,0,0,0,0,0,1,0,0,0,0,1,1,False,False,RELI TOURS & TRAVEL COMPANY
suds go hydro core water filling station,0,0,0,0,0,0,0,0,1,0,0,0,1,1,False,False,SUDS GO HYDRO CORE WATER FILLING STATION
regatta 7720 9629,0,0,0,0,0,0,0,1,0,0,0,0,1,1,False,False,Regatta 7720-9629 (TEMPORARILY CLOSED)
sugar daddy,0,0,0,0,0,0,0,0,1,0,0,0,1,1,False,False,SUGAR DADDY
reformer revolution,0,0,0,0,0,1,0,0,0,0,0,0,1,1,False,False,Reformer Revolution
sugar panda,0,0,0,0,1,0,0,0,0,0,0,0,1,1,False,False,Sugar Panda
sugar plum,0,0,0,0,1,0,0,0,0,0,0,0,1,1,False,False,Sugar Plum
redteck inc,0,0,0,0,0,0,0,1,0,0,0,0,1,1,False,False,Redteck Inc
redtech ronyels cellphone and accessories,0,0,0,0,0,0,0,0,0,0,0,1,1,1,False,False,REDTECH RONYEL'S CELLPHONE AND ACCESSORIES
redtech,0,0,0,0,0,0,0,0,1,0,0,0,1,1,False,False,REDTECH
redsas flower shop,0,1,0,0,0,0,0,0,0,0,0,0,1,1,False,False,REDSA'S FLOWER SHOP
redragon,0,0,0,0,0,0,0,0,1,0,0,0,1,1,False,False,REDRAGON
styles asia home,0,0,0,0,0,0,1,0,0,0,0,0,1,1,False,False,Styles Asia Home
religioso,0,1,0,0,0,0,0,0,0,0,0,0,1,1,False,False,RELIGIOSO
rds tru,0,0,0,0,0,0,0,1,0,0,0,0,1,1,False,False,RDS TRU
study enderun tutorial and language center,0,0,0,0,0,0,0,0,1,0,0,0,1,1,False,False,THE STUDY ENDERUN TUTORIAL AND LANGUAGE CENTER
reserve,0,0,0,0,0,1,0,0,0,0,0,0,1,1,False,False,Reserve
res toe run 8282 2220,0,0,0,0,0,0,0,1,0,0,0,0,1,1,False,False,Res Toe Run 8282-2220
res,0,0,0,1,0,0,0,0,0,0,0,0,1,1,False,False,Res|Toe|Run
studio 28,0,0,0,0,0,1,0,0,0,0,0,0,1,1,False,False,Studio 28
studio ceremonie,0,0,0,0,0,0,0,0,1,0,0,0,1,1,False,False,STUDIO CEREMONIE
repertory philippines,0,0,0,0,0,1,0,0,0,0,0,0,1,1,False,False,Repertory Philippines
repair me,0,0,0,0,0,0,0,1,0,0,0,0,1,1,False,False,Repair Me
studio fix,0,1,0,0,0,0,0,0,0,0,0,0,1,1,False,False,STUDIO FIX
studio m salon and spa,0,1,0,0,0,0,0,0,0,0,0,0,1,1,False,False,STUDIO M SALON AND SPA
study,0,0,0,0,0,1,0,0,0,0,0,0,1,1,False,False,The Study
repair advise,0,0,0,0,0,0,1,0,0,0,0,0,1,1,False,False,Repair Advise
renovar wellness,0,0,1,0,0,0,0,0,0,0,0,0,1,1,False,False,Renovar Wellness
style venue,0,0,0,0,1,0,0,0,0,0,0,0,1,1,False,False,Style Venue
study of enderun,0,0,0,0,0,0,1,0,0,0,0,0,1,1,False,False,Study of Enderun
study room,0,0,1,0,0,0,0,0,0,0,0,0,1,1,False,False,Study Room
renergy dermspa,0,1,0,0,0,0,0,0,0,0,0,0,1,1,False,False,RENERGY DERMSPA
stuff toys,0,0,0,0,0,0,0,0,0,0,0,1,1,1,False,False,STUFF TOYS
reneelen,0,0,0,0,0,0,1,0,0,0,0,0,1,1,False,False,Reneelen
rene mouris,0,0,0,0,0,0,0,0,1,0,0,0,1,1,False,False,RENE MOURIS
renaissance art gallery,0,0,0,0,0,0,0,0,1,0,0,0,1,1,False,False,RENAISSANCE ART GALLERY
remnants thrift shop,1,0,0,0,0,0,0,0,0,0,0,0,1,1,False,False,REMNANTS THRIFT SHOP
style hunter boutique,0,1,0,0,0,0,0,0,0,0,0,0,1,1,False,False,STYLE HUNTER BOUTIQUE
style n comfort,1,0,0,0,0,0,0,0,0,0,0,0,1,1,False,False,STYLE N' COMFORT
relojes mundo,0,1,0,0,0,0,0,0,0,0,0,0,1,1,False,False,RELOJES MUNDO
redline 3,0,0,0,0,0,0,0,0,0,0,0,1,1,1,False,False,REDLINE 3
redhee gentext telecom,0,0,0,0,0,0,0,0,1,0,0,0,1,1,False,False,REDHEE GENTEXT TELECOM
sugarcane beyond,0,0,0,0,0,0,0,0,1,0,0,0,1,1,False,False,SUGARCANE BEYOND
realme service center,0,0,0,0,0,0,0,0,1,0,0,0,1,1,False,False,REALME SERVICE CENTER
red corner,0,0,0,0,1,0,0,0,0,0,0,0,1,1,False,False,Red Corner
suki ya,0,1,0,0,0,0,0,0,0,0,0,0,1,1,False,False,SUKI-YA
red clay,0,0,0,0,0,0,0,0,1,0,0,0,1,1,False,False,RED CLAY
suman latik & native delicacies,0,1,0,0,0,0,0,0,0,0,0,0,1,1,False,False,SUMAN LATIK & NATIVE DELICACIES
summer house,0,0,0,0,0,1,0,0,0,0,0,0,1,1,False,False,Summer House
recoverylimjoe lemony juice station,0,0,0,0,0,0,0,0,1,0,0,0,1,1,False,False,RecoveryLIMJOE LEMONY JUICE STATION
reclaim health care administrative services corporation,0,0,0,0,0,0,0,0,1,0,0,0,1,1,False,False,RECLAIM HEALTH CARE ADMINISTRATIVE SERVICES CORPORATION
summit world,0,0,0,0,0,0,0,0,1,0,0,0,1,1,False,False,SUMMIT WORLD
sumo niku unlimited japanese barbecue,0,0,0,0,0,0,0,0,1,0,0,0,1,1,False,False,SUMO NIKU UNLIMITED JAPANESE BARBECUE
recess,0,0,0,0,0,0,0,1,0,0,0,0,1,1,False,False,RECESS (INSIDE MAISONETTE)
reame,0,0,0,0,0,0,0,1,0,0,0,0,1,1,False,False,REAME
sumo takuyaki,0,0,0,0,1,0,0,0,0,0,0,0,1,1,False,False,Sumo Takuyaki
redbucks coffee shake,0,0,0,0,0,0,0,0,0,0,0,1,1,1,False,False,REDBUCK'S COFFEE SHAKE
realme concept store,0,0,0,0,0,0,0,0,1,0,0,0,1,1,False,False,REALME CONCEPT STORE
realme 0917 123 4115,0,0,0,0,0,0,0,1,0,0,0,0,1,1,False,False,REALME 0917-123-4115
sun cellular the sun shop,0,0,0,0,1,0,0,0,0,0,0,0,1,1,False,False,Sun Cellular - The Sun Shop
real me service center,0,0,0,0,0,0,0,1,0,0,0,0,1,1,False,False,Real Me Service Center
sun life of canada,0,1,0,0,0,0,0,0,0,0,0,0,1,1,False,False,SUN LIFE OF CANADA
sun money changer,0,0,0,0,0,0,0,1,0,0,0,0,1,1,False,False,Sun Money Changer
sunburst,0,0,0,0,0,0,0,1,0,0,0,0,1,1,False,False,Sunburst
ready set relax,0,0,0,0,0,0,0,1,0,0,0,0,1,1,False,False,READY-SET-RELAX
sunglass haven 9177003700,0,0,0,0,0,0,0,1,0,0,0,0,1,1,False,False,Sunglass Haven 9177003700
re jewerly store,0,0,0,0,0,0,0,1,0,0,0,0,1,1,False,False,RE Jewerly STore
re find,0,0,1,0,0,0,0,0,0,0,0,0,1,1,False,False,Re-find
red corner burger cafe,0,0,0,0,0,0,0,0,1,0,0,0,1,1,False,False,RED CORNER BURGER CAFE
red crab,0,0,0,0,0,1,0,0,0,0,0,0,1,1,False,False,The Red Crab
red crab alimango house,0,0,0,0,0,1,0,0,0,0,0,0,1,1,False,False,The Red Crab Alimango House
red dot,0,0,0,0,0,0,0,1,0,0,0,0,1,1,False,False,RED DOT
sugarmunch,0,0,0,0,1,0,0,0,0,0,0,0,1,1,False,False,Sugarmunch
red trendy,0,0,0,0,0,0,0,1,0,0,0,0,1,1,False,False,Red Trendy
sugbahan,0,0,0,0,0,0,0,1,0,0,0,0,1,1,False,False,Sugbahan
red table,0,0,0,0,0,0,0,0,1,0,0,0,1,1,False,False,RED TABLE
red robin kitchen,0,0,0,0,0,1,0,0,0,0,0,0,1,1,False,False,Red Robin Kitchen
red ribbon foss coffee,0,0,0,0,0,0,0,0,0,0,0,1,1,1,False,False,Red Ribbon FOSS COFFEE
red ribbon bakeshop inc,0,0,0,0,0,0,0,0,0,1,0,0,1,1,False,False,"RED RIBBON BAKESHOP, INC"
red ribbon bakeshop,0,0,0,0,0,0,0,1,0,0,0,0,1,1,False,False,RED RIBBON BAKESHOP
sugbahan 0943 802 4476,0,0,0,0,0,0,0,1,0,0,0,0,1,1,False,False,SUGBAHAN 0943-802-4476
red ribbon 9688515256,0,0,0,0,0,0,0,1,0,0,0,0,1,1,False,False,Red Ribbon 9688515256
sugbahan food corner,0,1,0,0,0,0,0,0,0,0,0,0,1,1,False,False,SUGBAHAN FOOD CORNER
suhailas cellphone accessories,0,0,0,0,0,0,0,1,0,0,0,0,1,1,False,False,Suhaila's Cellphone Accessories
red monster shop,1,0,0,0,0,0,0,0,0,0,0,0,1,1,False,False,Red Monster Shop
red manila,0,0,0,0,0,1,0,0,0,0,0,0,1,1,False,False,Red Manila
suisse cakery,0,0,0,0,0,0,0,1,0,0,0,0,1,1,False,False,SUISSE CAKERY
suki,0,0,0,0,0,0,1,0,0,0,0,0,1,1,False,False,Suki
red lotus,0,0,0,0,0,0,0,1,0,0,0,0,1,1,False,False,RED LOTUS
red house taiwan shabu shabu,0,0,1,0,0,0,0,0,0,0,0,0,1,1,False,False,Red House Taiwan Shabu-shabu
red hen restaurant,0,0,0,0,0,0,0,1,0,0,0,0,1,1,False,False,Red Hen Restaurant
red hen,0,0,0,0,0,1,0,0,0,0,0,0,1,1,False,False,Red Hen
red hat donut,0,0,0,0,0,0,0,0,1,0,0,0,1,1,False,False,RED HAT DONUT
red green pepper mexican grill,0,0,0,0,0,0,0,0,1,0,0,0,1,1,False,False,RED GREEN PEPPER MEXICAN GRILL
suki gyouza,0,1,0,0,0,0,0,0,0,0,0,0,1,1,False,False,SUKI-GYOUZA
sushi sor,0,0,0,0,0,0,0,0,1,0,0,0,1,1,False,False,SUSHI SOR
r&j diamonds in style jewelry co,0,0,0,0,0,0,0,1,0,0,0,0,1,1,False,False,R&J Diamonds In Style Jewelry Co.
r&c motors,0,0,0,0,0,0,0,0,0,0,1,0,1,1,False,False,R&C MOTORS
psa philsys natl id registration,0,0,0,0,0,0,0,1,0,0,0,0,1,1,False,False,PSA PHILSYS NAT'L ID REGISTRATION
puff and plug vape shop,0,0,0,0,0,1,0,0,0,0,0,0,1,1,False,False,Puff and Plug Vape Shop
tako ramen,0,0,0,0,0,0,0,1,0,0,0,0,1,1,False,False,TAKO RAMEN
puerto electronico,0,0,0,0,0,0,0,0,1,0,0,0,1,1,False,False,PUERTO ELECTRONICO
pub express,0,0,0,0,0,0,0,0,1,0,0,0,1,1,False,False,PUB EXPRESS
psbank atm,0,0,0,0,0,1,0,0,0,0,0,0,1,1,False,False,PSBank ATM
takoyadon prime,0,0,0,0,0,0,0,0,1,0,0,0,1,1,False,False,TAKOYADON PRIME
takoyadon temporarily closed,0,0,0,0,0,0,0,1,0,0,0,0,1,1,False,False,TAKOYADON TEMPORARILY CLOSED
takoyaki ban chan,0,0,0,1,0,0,0,0,0,0,0,0,1,1,False,False,Takoyaki Ban Chan
psalm diagnostic center,0,0,0,0,0,0,0,1,0,0,0,0,1,1,False,False,Psalm Diagnostic Center
takoyaki lab 0931 979 8807,0,0,0,0,0,0,0,1,0,0,0,0,1,1,False,False,TAKOYAKI LAB 0931-979-8807
takoyaki sensei,0,0,0,0,0,0,0,1,0,0,0,0,1,1,False,False,Takoyaki Sensei ( TEMPORARILY CLOSED )
takoyaki taste,0,0,0,0,0,0,0,1,0,0,0,0,1,1,False,False,TAKOYAKI TASTE
tako depot,0,1,0,0,0,0,0,0,0,0,0,0,1,1,False,False,TAKO DEPOT
takoyakings,0,0,0,0,0,0,0,0,1,0,0,0,1,1,False,False,TAKOYAKINGS
prudential guarantee and assurance inc,0,0,0,0,0,0,0,0,1,0,0,0,1,1,False,False,PRUDENTIAL GUARANTEE AND ASSURANCE INC
takuyaki,0,0,0,0,0,0,0,1,0,0,0,0,1,1,False,False,TAKUYAKI
takuyaki go,0,0,0,0,0,0,0,1,0,0,0,0,1,1,False,False,TAKUYAKI GO
proxpert,0,0,0,0,0,0,0,0,1,0,0,0,1,1,False,False,PROXPERT
takuyaki japanese food,0,0,0,0,0,0,0,1,0,0,0,0,1,1,False,False,Takuyaki Japanese Food
talk a tees,0,0,0,0,1,0,0,0,0,0,0,0,1,1,False,False,Talk A Tees
tamago,0,0,0,0,0,1,0,0,0,0,0,0,1,1,False,False,Tamago
tambilawan kamayan restaurant,0,0,0,0,0,0,0,1,0,0,0,0,1,1,False,False,TAMBILAWAN KAMAYAN RESTAURANT
protect connect,0,0,0,0,0,0,0,0,1,0,0,0,1,1,False,False,PROTECT CONNECT
tambunting pawnshop,0,0,0,0,0,0,0,0,0,0,1,0,1,1,False,False,Tambunting Pawnshop
tako kaizen,0,0,0,0,0,0,0,1,0,0,0,0,1,1,False,False,TAKO KAIZEN
tako bros,0,0,0,0,0,0,0,0,0,0,1,0,1,1,False,False,Tako Bros
purplebox technologies inc,0,1,0,0,0,0,0,0,0,0,0,0,1,1,False,False,PURPLEBOX TECHNOLOGIES INC.
purefoods tj hotdogs,0,0,0,0,0,0,0,1,0,0,0,0,1,1,False,False,Purefoods TJ Hotdogs
tactics,0,0,0,0,0,0,0,1,0,0,0,0,1,1,False,False,Tactics
tactics bag,0,0,0,0,0,0,0,1,0,0,0,0,1,1,False,False,Tactics Bag
tactics water gear 9178887849,0,0,0,0,0,0,0,1,0,0,0,0,1,1,False,False,Tactics Water Gear 9178887849
tadakuma,0,0,0,0,0,0,0,0,1,0,0,0,1,1,False,False,TADAKUMA
tadzmaki sushi restaurant,0,0,0,0,0,0,0,0,1,0,0,0,1,1,False,False,TADZMAKI SUSHI RESTAURANT
purple groom petshop,0,0,0,0,0,0,1,0,0,0,0,0,1,1,False,False,The Purple Groom Petshop
tagoros abuhan,0,0,0,0,0,0,0,1,0,0,0,0,1,1,False,False,Tagoro's Abuhan
taguig crocheters,0,0,0,0,0,1,0,0,0,0,0,0,1,1,False,False,Taguig Crocheters
tah mee 0968 449 0361 temporarily closed,0,0,0,0,0,0,0,1,0,0,0,0,1,1,False,False,TAH MEE 0968 449 0361 TEMPORARILY CLOSED
purple groom pet salon,0,0,0,0,0,1,0,0,0,0,0,0,1,1,False,False,The Purple Groom Pet Salon
taho manila,0,0,0,0,0,0,0,0,1,0,0,0,1,1,False,False,TAHO MANILA
taho ni mang andres,0,0,0,0,0,0,0,0,1,0,0,0,1,1,False,False,TAHO NI MANG ANDRES
puffys hk egg waffle,0,0,0,0,0,0,0,0,1,0,0,0,1,1,False,False,PUFFYS HK EGG WAFFLE
taho soy avenue,0,0,0,0,0,0,0,0,1,0,0,0,1,1,False,False,TAHO SOY AVENUE
purefoods tender juicy,0,0,0,0,0,0,0,1,0,0,0,0,1,1,False,False,PUREFOODS TENDER JUICY
pure lemon,0,0,0,0,0,0,0,0,0,0,0,1,1,1,False,False,PURE LEMON
pupsi ultrasound & lab,0,1,0,0,0,0,0,0,0,0,0,0,1,1,False,False,PUPSI ULTRASOUND & LAB
punong bayan,0,0,0,0,0,0,0,1,0,0,0,0,1,1,False,False,Punong Bayan
punch out,0,0,0,0,0,0,1,0,0,0,0,0,1,1,False,False,Punch Out
tai koo hk roast,0,0,0,0,0,0,0,0,1,0,0,0,1,1,False,False,TAI KOO HK ROAST
taiyen,0,0,0,0,0,0,1,0,0,0,0,0,1,1,False,False,Taiyen
taj,0,0,0,0,0,0,0,0,1,0,0,0,1,1,False,False,TAJ
takeme coffee,0,0,0,0,0,0,0,0,1,0,0,0,1,1,False,False,TAKEME COFFEE
takkra,0,0,0,0,0,0,0,1,0,0,0,0,1,1,False,False,TAKKRA
protagonist cafe and cocktail lounge,0,0,0,0,0,1,0,0,0,0,0,0,1,1,False,False,Protagonist Cafe and Cocktail Lounge
tamoya udon,0,0,0,0,0,0,1,0,0,0,0,0,1,1,False,False,Tamoya Udon
proposed mang inasal,0,0,0,0,0,0,0,0,0,0,0,1,1,1,False,False,Proposed Mang Inasal
prime key,0,0,0,0,0,0,0,0,1,0,0,0,1,1,False,False,PRIME KEY
tartufo ristorante,0,1,0,0,0,0,0,0,0,0,0,0,1,1,False,False,TARTUFO RISTORANTE
primewell city,0,0,0,0,0,0,0,0,1,0,0,0,1,1,False,False,THE PRIMEWELL CITY
tasa barbershop,0,0,0,0,0,0,1,0,0,0,0,0,1,1,False,False,Tasa Barbershop
taste & tell,0,0,0,0,0,0,1,0,0,0,0,0,1,1,False,False,Taste & Tell
primetime,0,0,0,0,0,0,0,1,0,0,0,0,1,1,False,False,Primetime
primesteak house,0,0,0,0,0,0,0,1,0,0,0,0,1,1,False,False,PRIMESTEAK HOUSE
primeros sizzling steaks,0,0,0,0,0,0,0,0,1,0,0,0,1,1,False,False,PRIMEROS SIZZLING STEAKS
primera jewelry,0,1,0,0,0,0,0,0,0,0,0,0,1,1,False,False,PRIMERA JEWELRY
tasty habit,0,0,0,0,0,0,1,0,0,0,0,0,1,1,False,False,Tasty Habit
tasty treats,0,0,0,0,1,0,0,0,0,0,0,0,1,1,False,False,Tasty Treats
tata ones,0,0,0,0,1,0,0,0,0,0,0,0,1,1,False,False,Tata Ones
prime care,0,0,0,0,0,0,0,0,1,0,0,0,1,1,False,False,PRIME CARE
tan dermatology center for asia,0,0,0,0,0,0,0,0,1,0,0,0,1,1,False,False,TAN DERMATOLOGY CENTER FOR ASIA
tatays inato,0,0,0,0,0,0,0,1,0,0,0,0,1,1,False,False,Tatay's Inato
prima medica health clinic,0,0,0,0,0,0,0,0,1,0,0,0,1,1,False,False,PRIMA MEDICA HEALTH CLINIC
prima gold,0,0,0,0,0,0,0,1,0,0,0,0,1,1,False,False,PRIMA GOLD
taters kiosk,0,0,0,0,0,0,0,1,0,0,0,0,1,1,False,False,Tater's Kiosk
prettyvibe,0,0,0,0,0,0,0,1,0,0,0,0,1,1,False,False,PRETTYVIBE
prettylooks,0,0,0,0,0,1,0,0,0,0,0,0,1,1,False,False,Prettylooks
pretty woman house of fashion minigem,0,0,0,0,0,0,0,0,0,0,0,1,1,1,False,False,PRETTY WOMAN HOUSE OF FASHION MINIGEM (42)
pretty nest,0,0,0,0,0,0,0,1,0,0,0,0,1,1,False,False,Pretty Nest
pretty needs,0,0,0,0,0,0,0,0,0,0,0,1,1,1,False,False,PRETTY NEEDS
pretty little lashes & nail studio,0,0,0,0,0,0,0,0,0,1,0,0,1,1,False,False,PRETTY LITTLE LASHES & NAIL STUDIO
tavolata,0,1,0,0,0,0,0,0,0,0,0,0,1,1,False,False,TAVOLATA
tarsier fried food,0,0,0,0,0,0,1,0,0,0,0,0,1,1,False,False,Tarsier Fried Food
tarlac electric inc,0,0,0,0,0,0,0,0,1,0,0,0,1,1,False,False,TARLAC ELECTRIC INC
princegadgets marketing cellphone,1,0,0,0,0,0,0,0,0,0,0,0,1,1,False,False,Princegadgets Marketing Cellphone
princess diaries,0,0,0,0,1,0,0,0,0,0,0,0,1,1,False,False,Princess' Diaries
promate technologies,0,0,0,0,0,0,0,0,1,0,0,0,1,1,False,False,PROMATE TECHNOLOGIES
promate,0,0,0,0,0,0,0,1,0,0,0,0,1,1,False,False,PROMATE
tan yan shi fu,0,0,0,0,0,0,0,0,1,0,0,0,1,1,False,False,TAN YAN SHI FU
tandoor by rich,0,0,0,0,0,0,0,0,1,0,0,0,1,1,False,False,TANDOOR BY RICH
tanyas hopia,0,0,0,0,1,0,0,0,0,0,0,0,1,1,False,False,Tanyas Hopia
tao yuan,0,0,0,0,0,1,0,0,0,0,0,0,1,1,False,False,Tao Yuan
progressive orthodontics,0,0,0,0,0,0,0,0,1,0,0,0,1,1,False,False,PROGRESSIVE ORTHODONTICS
progear timepieces center,0,0,0,0,0,0,0,0,1,0,0,0,1,1,False,False,PROGEAR TIMEPIECES CENTER
tapang realty,0,0,0,0,0,0,0,1,0,0,0,0,1,1,False,False,Tapang Realty
profile dental,0,0,0,0,0,0,0,1,0,0,0,0,1,1,False,False,Profile Dental
professional regulation commission,0,0,0,0,0,0,0,1,0,0,0,0,1,1,False,False,PROFESSIONAL REGULATION COMMISSION (PRC)
procare cellphone accessories,0,0,0,0,0,0,0,0,1,0,0,0,1,1,False,False,PROCARE CELLPHONE ACCESSORIES
pro parking,0,0,0,0,0,0,0,1,0,0,0,0,1,1,False,False,Pro Parking
pro gear,0,0,0,0,0,0,0,0,0,0,1,0,1,1,False,False,Pro Gear
pro ech,0,0,0,0,0,0,0,0,1,0,0,0,1,1,False,False,PRO+ECH
privon patiserrie,0,0,0,0,0,0,0,0,1,0,0,0,1,1,False,False,PRIVON PATISERRIE
tappil flowers,0,0,0,0,0,0,0,0,1,0,0,0,1,1,False,False,TAPPIL FLOWERS
tapsihan,0,0,0,0,0,0,0,0,0,0,0,1,1,1,False,False,TAPSIHAN
printemps,0,0,0,0,0,0,0,0,1,0,0,0,1,1,False,False,PRINTEMPS
print layout,0,0,0,0,0,0,0,1,0,0,0,0,1,1,False,False,Print Layout
princess han playground grand entertainment and quality recreation,0,0,0,0,0,0,0,0,0,0,0,1,1,1,False,False,PRINCESS HAN (HADJA COLLEC.) PLAYGROUND /Grand Entertainment and Quality Recreation
tapsihan sa mtc avenue,0,0,0,0,0,0,0,0,0,0,0,1,1,1,False,False,TAPSIHAN SA MTC AVENUE
taqueria chupacabra,0,0,0,0,0,0,0,0,1,0,0,0,1,1,False,False,TAQUERIA CHUPACABRA
purple yam homemade cakes and pastries,0,0,0,0,0,0,0,0,1,0,0,0,1,1,False,False,PURPLE YAM HOMEMADE CAKES AND PASTRIES
tactical corner,1,0,0,0,0,0,0,0,0,0,0,0,1,1,False,False,TACTICAL CORNER
sushi station,0,0,0,0,0,0,0,0,1,0,0,0,1,1,False,False,SUSHI STATION
quickline micro,0,0,0,0,0,0,0,0,1,0,0,0,1,1,False,False,QUICKLINE MICRO
sweet ecstasy,0,0,0,0,0,0,0,0,1,0,0,0,1,1,False,False,SWEET ECSTASY
quikstop,0,0,0,0,0,0,0,1,0,0,0,0,1,1,False,False,Quikstop
sweet escakes,0,0,0,0,0,0,0,0,1,0,0,0,1,1,False,False,SWEET ESCAKES
sweet ideas,0,0,0,0,0,0,0,0,1,0,0,0,1,1,False,False,SWEET IDEAS
quickstop,0,0,0,0,0,0,0,1,0,0,0,0,1,1,False,False,Quickstop
quickpeek,0,0,0,0,0,0,0,1,0,0,0,0,1,1,False,False,QUICKPEEK
sweet leaf bubble tea cafe,0,0,0,0,1,0,0,0,0,0,0,0,1,1,False,False,Sweet Leaf Bubble Tea Café
sweet lemon,0,0,0,0,0,0,0,1,0,0,0,0,1,1,False,False,Sweet Lemon
quickly refreshment,0,0,0,0,0,0,0,1,0,0,0,0,1,1,False,False,Quickly Refreshment
quickly 0950 823 3174,0,0,0,0,0,0,0,1,0,0,0,0,1,1,False,False,QUICKLY 0950-823-3174
sweet scape salon spa aesthetic center,0,0,0,0,0,0,0,0,1,0,0,0,1,1,False,False,SWEET SCAPE SALON SPA AESTHETIC CENTER
sweet spot,0,0,0,0,0,0,0,1,0,0,0,0,1,1,False,False,THE SWEET SPOT
quinns cake,0,0,0,0,0,0,0,1,0,0,0,0,1,1,False,False,Quinn's Cake
sweet stems flowershop,0,0,0,0,0,0,0,0,1,0,0,0,1,1,False,False,SWEET STEMS FLOWERSHOP
quicklean laundry,0,0,0,0,0,0,0,0,1,0,0,0,1,1,False,False,QUICKLEAN LAUNDRY
sweet taste buds,0,0,0,0,0,0,0,1,0,0,0,0,1,1,False,False,SWEET TASTE BUDS
quick peek studio,0,0,0,0,0,0,0,1,0,0,0,0,1,1,False,False,QUICK PEEK STUDIO
sweet things,0,0,0,0,0,0,0,0,1,0,0,0,1,1,False,False,SWEET THINGS
quezon city government city treasurers office,0,0,0,0,0,0,0,0,1,0,0,0,1,1,False,False,QUEZON CITY GOVERNMENT CITY TREASURERS OFFICE
sweet things cakes and cups,0,1,0,0,0,0,0,0,0,0,0,0,1,1,False,False,SWEET THINGS CAKES AND CUPS
quezon city business centre,0,0,0,0,0,0,0,1,0,0,0,0,1,1,False,False,QUEZON CITY BUSINESS CENTRE (OPEN)
quezon city business center 9189430200,0,0,0,0,0,0,0,1,0,0,0,0,1,1,False,False,QUEZON CITY BUSINESS CENTER 9189430200
queens toys & candy store,0,0,0,0,0,0,0,1,0,0,0,0,1,1,False,False,QUEEN'S TOYS & CANDY STORE
queen sweets,0,0,0,1,0,0,0,0,0,0,0,0,1,1,False,False,Queen Sweets
quikstop 0923 903 0594,0,0,0,0,0,0,0,1,0,0,0,0,1,1,False,False,QUIKSTOP 0923-903-0594
sweet ecstacy,0,0,0,0,0,0,1,0,0,0,0,0,1,1,False,False,Sweet Ecstacy
tablet world,0,0,0,0,1,0,0,0,0,0,0,0,1,1,False,False,Tablet World
r e jewelry shop,0,0,0,0,0,0,0,1,0,0,0,0,1,1,False,False,R E JEWELRY SHOP (NEW)
r star white dental clinic,0,0,0,0,0,0,0,1,0,0,0,0,1,1,False,False,R Star White Dental Clinic
r sarabia optical,0,0,0,0,0,0,0,0,1,0,0,0,1,1,False,False,R SARABIA OPTICAL
susies cuisine,0,0,0,0,0,0,0,0,1,0,0,0,1,1,False,False,SUSIES CUISINE
r n r beauty products,0,0,0,0,0,0,0,1,0,0,0,0,1,1,False,False,R N R BEAUTY PRODUCTS
svy domingo,0,0,0,0,0,0,1,0,0,0,0,0,1,1,False,False,Svy Domingo
sweet aroma bakeshop,0,0,0,0,1,0,0,0,0,0,0,0,1,1,False,False,Sweet Aroma Bakeshop
r lapids,0,0,0,0,0,0,0,1,0,0,0,0,1,1,False,False,R. LAPIDS
r l ponti dental,0,0,0,0,0,0,0,0,1,0,0,0,1,1,False,False,R L PONTI DENTAL
sweet aroma bakeshoppe,0,0,0,0,1,0,0,0,0,0,0,0,1,1,False,False,Sweet Aroma Bakeshoppe
sweet blossoms,0,0,0,0,0,0,0,0,1,0,0,0,1,1,False,False,SWEET BLOSSOMS
r florete,0,0,0,0,0,0,0,0,1,0,0,0,1,1,False,False,R FLORETE
r cayabyab dc musical instruments trading,0,0,0,0,0,0,0,0,1,0,0,0,1,1,False,False,R CAYABYAB DC MUSICAL INSTRUMENTS TRADING
quinon ticketing services,0,0,0,0,0,0,0,1,0,0,0,0,1,1,False,False,Quiñon Ticketing Services
sweet buds,0,0,0,0,0,0,0,0,1,0,0,0,1,1,False,False,SWEET BUDS
r appliance s,0,0,0,0,0,0,0,1,0,0,0,0,1,1,False,False,R APPLIANCE S
r a taho,0,0,0,0,0,0,0,1,0,0,0,0,1,1,False,False,R.A TAHO
sweet cloth,0,0,0,0,0,0,0,0,1,0,0,0,1,1,False,False,THE SWEET CLOTH
r a d tattoo studio,0,0,0,0,0,0,0,0,1,0,0,0,1,1,False,False,R.A.D. TATTOO STUDIO
r,0,0,0,0,1,0,0,0,0,0,0,0,1,1,False,False,R
qv salon,0,0,0,0,0,0,0,1,0,0,0,0,1,1,False,False,QV Salon
sweet corner,0,0,0,0,0,0,0,0,1,0,0,0,1,1,False,False,SWEET CORNER
sweet dentist,0,0,0,0,0,0,0,1,0,0,0,0,1,1,False,False,THE SWEET DENTIST
quinque,0,0,0,0,0,0,0,0,1,0,0,0,1,1,False,False,QUINQUE
quinos cafe,0,0,0,0,0,0,0,0,1,0,0,0,1,1,False,False,QUINOS CAFE
swim,0,0,0,0,0,0,1,0,0,0,0,0,1,1,False,False,Swim
swirl studio yogurt your style,0,0,0,0,0,0,0,0,1,0,0,0,1,1,False,False,SWIRL STUDIO YOGURT YOUR STYLE
swirls jr,0,0,0,0,0,0,0,1,0,0,0,0,1,1,False,False,Swirls Jr.
t m lewin,0,1,0,0,0,0,0,0,0,0,0,0,1,1,False,False,T.M. LEWIN
sync,0,0,0,0,0,0,0,0,1,0,0,0,1,1,False,False,SYNC
q2,0,0,0,0,1,0,0,0,0,0,0,0,1,1,False,False,Q2
synchro 9650958478,0,0,0,0,0,0,0,1,0,0,0,0,1,1,False,False,Synchro 9650958478
q shop,0,0,0,0,1,0,0,0,0,0,0,0,1,1,False,False,Q-Shop
syncom,0,0,0,0,0,0,1,0,0,0,0,0,1,1,False,False,Syncom
syncrho,0,0,0,0,0,0,0,1,0,0,0,0,1,1,False,False,SYNCRHO
t & j prime salon,0,0,0,0,0,0,0,1,0,0,0,0,1,1,False,False,T & J Prime Salon
q net mobile,0,0,0,0,1,0,0,0,0,0,0,0,1,1,False,False,Q Net Mobile
q linx,0,0,0,0,0,0,0,0,1,0,0,0,1,1,False,False,Q-LINX
t bone king premium,0,0,0,0,0,1,0,0,0,0,0,0,1,1,False,False,T-Bone King Premium
q hub,0,0,0,0,0,0,0,1,0,0,0,0,1,1,False,False,Q-Hub
t mobile,0,0,0,0,1,0,0,0,0,0,0,0,1,1,False,False,T-Mobile
queen mother,0,0,0,1,0,0,0,0,0,0,0,0,1,1,False,False,QUEEN MOTHER
q dees philippines,0,0,0,0,0,1,0,0,0,0,0,0,1,1,False,False,Q-dees Philippines
ta ke ho me sushi stand,0,0,0,0,0,0,0,0,1,0,0,0,1,1,False,False,TA KE HO ME SUSHI STAND
q dees international preschool enrichment center,0,0,0,0,0,0,0,0,1,0,0,0,1,1,False,False,Q-DEES INTERNATIONAL PRESCHOOL ENRICHMENT CENTER
q cell shop,0,0,0,0,1,0,0,0,0,0,0,0,1,1,False,False,Q Cell Shop
tabas barbershop,0,0,0,0,0,0,1,0,0,0,0,0,1,1,False,False,Tabas Barbershop
tabas barbershop and haberdashery,0,0,0,0,0,0,0,0,1,0,0,0,1,1,False,False,TABAS BARBERSHOP AND HABERDASHERY
tabbs barbershop,0,0,1,0,0,0,0,0,0,0,0,0,1,1,False,False,Tabbs Barbershop
table tennis,0,0,0,0,0,0,0,1,0,0,0,0,1,1,False,False,Table Tennis
pyt,0,0,0,0,0,0,0,1,0,0,0,0,1,1,False,False,PYT
py,0,0,0,0,0,0,0,1,0,0,0,0,1,1,False,False,PY
putien,0,0,0,0,0,0,0,0,1,0,0,0,1,1,False,False,PUTIEN
qatar visa center qvc,0,0,0,0,0,0,0,0,1,0,0,0,1,1,False,False,QATAR VISA CENTER QVC
symphony by prestige,0,0,0,0,0,0,0,0,1,0,0,0,1,1,False,False,SYMPHONY BY PRESTIGE
symphony,0,0,0,0,0,0,0,0,1,0,0,0,1,1,False,False,SYMPHONY
symmetry lab,0,0,0,0,0,0,0,1,0,0,0,0,1,1,False,False,Symmetry Lab
qube,0,1,0,0,0,0,0,0,0,0,0,0,1,1,False,False,QUBE
quantum carousel 9178004531,0,0,0,0,0,0,0,1,0,0,0,0,1,1,False,False,Quantum Carousel 9178004531
swiss baker,0,0,0,0,0,0,0,0,1,0,0,0,1,1,False,False,SWISS BAKER
quantum amusement,0,0,0,0,0,0,0,1,0,0,0,0,1,1,False,False,QUANTUM AMUSEMENT
swiss gear philip stein,0,0,0,0,0,0,0,0,1,0,0,0,1,1,False,False,SWISS GEAR PHILIP STEIN
quan native delicacies,0,1,0,0,0,0,0,0,0,0,0,0,1,1,False,False,QUAN NATIVE DELICACIES
qualfon,0,0,0,0,0,0,0,1,0,0,0,0,1,1,False,False,Qualfon
quad b health services inc,0,0,0,0,0,0,0,0,1,0,0,0,1,1,False,False,QUAD B HEALTH SERVICES INC
qtickles,0,0,0,0,0,0,1,0,0,0,0,0,1,1,False,False,Qtickles
qsl,0,0,0,0,0,0,0,1,0,0,0,0,1,1,False,False,QSL
switchmode advertising centre,0,0,0,0,1,0,0,0,0,0,0,0,1,1,False,False,Switchmode Advertising Centre
qsi perfume station,0,0,0,0,0,0,0,1,0,0,0,0,1,1,False,False,QSI PERFUME STATION
qq star depot,0,0,0,0,0,0,0,0,0,0,0,1,1,1,False,False,QQ STAR DEPOT
qq home depot,0,0,0,0,0,0,0,0,0,0,0,1,1,1,False,False,QQ HOME DEPOT
qq depot mobile arena,0,0,0,0,0,0,0,0,0,0,0,1,1,1,False,False,QQ Depot MOBILE ARENA
swt ave,0,0,0,0,0,0,0,0,1,0,0,0,1,1,False,False,SWT AVE
qnet,0,0,0,0,1,0,0,0,0,0,0,0,1,1,False,False,Qnet
qmx money changing services,0,1,0,0,0,0,0,0,0,0,0,0,1,1,False,False,QMX MONEY CHANGING SERVICES
qmx money changer,0,0,0,0,0,0,0,1,0,0,0,0,1,1,False,False,QMX Money Changer
sylpauljoyce,1,0,0,0,0,0,0,0,0,0,0,0,1,1,False,False,SYLPAULJOYCE
qirin vape,0,0,0,0,0,0,0,1,0,0,0,0,1,1,False,False,QIRIN VAPE
qcd technology,0,0,0,0,0,0,0,1,0,0,0,0,1,1,False,False,QCD Technology
qavalo 0917 506 6867,0,0,0,0,0,0,0,1,0,0,0,0,1,1,False,False,QAVALO 0917-506-6867
sans rival,0,0,0,0,0,0,0,1,0,0,0,0,1,1,False,False,SANS RIVAL
0402 coffee,0,0,0,0,0,0,0,1,0,0,0,0,1,1,False,False,0402 Coffee
minute fried,0,0,0,0,0,0,0,1,0,0,0,0,1,1,False,False,Minute Fried
coffee bean and tea leaf 0966 547 0005,0,0,0,0,0,0,0,1,0,0,0,0,1,1,False,False,THE COFFEE BEAN AND TEA LEAF 0966-547-0005
coffee break premier,0,0,0,0,0,1,0,0,0,0,0,0,1,1,False,False,Coffee Break Premier
coffee but better,0,0,0,0,0,0,0,0,1,0,0,0,1,1,False,False,COFFEE BUT BETTER
coffee dream,0,0,0,0,0,0,0,0,1,0,0,0,1,1,False,False,COFFEE DREAM
coffee for peace,0,1,0,0,0,0,0,0,0,0,0,0,1,1,False,False,COFFEE FOR PEACE
coffee guys coffee shop,0,0,0,0,0,0,0,0,1,0,0,0,1,1,False,False,COFFEE GUYS COFFEE SHOP
coffee lounge,0,0,0,0,0,0,0,0,1,0,0,0,1,1,False,False,THE COFFEE LOUNGE
coffee shop,0,0,0,0,0,0,1,0,0,0,0,0,1,1,False,False,The Coffee Shop
coffee spot,0,0,0,0,0,0,0,1,0,0,0,0,1,1,False,False,Coffee Spot
coffeebreak nxt,0,0,0,0,0,0,0,1,0,0,0,0,1,1,False,False,Coffeebreak NXT
coi,0,0,0,0,0,0,0,1,0,0,0,0,1,1,False,False,COI
col financial philippines davao,0,0,0,0,0,0,0,1,0,0,0,0,1,1,False,False,Col Financial Philippines Davao
cold cups,0,0,0,0,0,0,0,1,0,0,0,0,1,1,False,False,Cold Cups
cold layers,0,0,0,1,0,0,0,0,0,0,0,0,1,1,False,False,Cold Layers
cold plate rolled ice cream,0,0,0,0,0,0,0,0,1,0,0,0,1,1,False,False,COLD PLATE ROLLED ICE CREAM
cold zone,0,0,0,0,0,0,0,0,1,0,0,0,1,1,False,False,COLD ZONE
coffee break elite,0,0,0,0,0,1,0,0,0,0,0,0,1,1,False,False,Coffee Break Elite
coffee bean & tea leaf 0917 848 2790,0,0,0,0,0,0,0,1,0,0,0,0,1,1,False,False,THE COFFEE BEAN & TEA LEAF 0917-848-2790
cmendoza food services,0,0,0,0,0,0,0,0,0,0,0,1,1,1,False,False,CMENDOZA FOOD SERVICES
coffee bean,0,0,0,0,1,0,0,0,0,0,0,0,1,1,False,False,Coffee Bean
cnyna house of fashion,0,0,0,0,1,0,0,0,0,0,0,0,1,1,False,False,Cnyna House of Fashion
co limited,0,0,0,0,0,0,0,0,1,0,0,0,1,1,False,False,CO LIMITED
coach,0,1,0,0,0,0,0,0,0,0,0,0,1,1,False,False,COACH
cobo tea beverages,0,0,0,0,0,0,0,0,1,0,0,0,1,1,False,False,COBO TEA BEVERAGES
cocktails md,0,0,1,0,0,0,0,0,0,0,0,0,1,1,False,False,Cocktails Md
coco circle,0,0,0,0,0,0,0,1,0,0,0,0,1,1,False,False,COCO CIRCLE
coco corner,0,0,0,0,0,0,0,0,1,0,0,0,1,1,False,False,COCO CORNER
coco life,0,0,0,0,0,0,0,1,0,0,0,0,1,1,False,False,COCO LIFE
cocolicious,0,0,0,0,0,0,0,1,0,0,0,0,1,1,False,False,COCOLICIOUS
coconut club and family & friends,0,1,0,0,0,0,0,0,0,0,0,0,1,1,False,False,COCONUT CLUB AND FAMILY & FRIENDS
coffee & pine,0,0,0,0,0,0,0,0,1,0,0,0,1,1,False,False,COFFEE & PINE
coffee academics 9209733716,0,0,0,0,0,0,0,1,0,0,0,0,1,1,False,False,THE COFFEE ACADEMICS 9209733716
coffee academics cafe,0,0,0,0,0,0,0,0,1,0,0,0,1,1,False,False,THE COFFEE ACADEMICS CAFE
coffee and you coffee house,0,0,0,0,0,0,0,0,1,0,0,0,1,1,False,False,COFFEE AND YOU COFFEE HOUSE
coffee bay,0,0,0,0,0,0,0,0,1,0,0,0,1,1,False,False,COFFEE BAY
coldee coffee,0,0,1,0,0,0,0,0,0,0,0,0,1,1,False,False,Coldee Coffee
cole haan grandshop,0,0,0,0,0,0,0,0,1,0,0,0,1,1,False,False,COLE HAAN GRANDSHOP
collage,0,1,0,0,0,0,0,0,0,0,0,0,1,1,False,False,COLLAGE
collective base,0,0,0,0,0,0,1,0,0,0,0,0,1,1,False,False,Collective Base
concentrix hub,0,0,0,0,0,0,0,1,0,0,0,0,1,1,False,False,CONCENTRIX HUB
concept gaming hub,0,0,0,0,0,0,0,0,1,0,0,0,1,1,False,False,CONCEPT GAMING HUB
concon,0,0,0,0,0,0,1,0,0,0,0,0,1,1,False,False,Concon
confetti glaze,0,0,0,0,0,0,0,0,0,0,0,1,1,1,False,False,Confetti Glaze
confluence health and wellness products,0,0,0,0,0,0,0,1,0,0,0,0,1,1,False,False,Confluence Health And Wellness Products
congo grille,0,0,0,0,0,0,0,0,1,0,0,0,1,1,False,False,CONGO GRILLE
connect pilates,0,0,0,0,0,0,1,0,0,0,0,0,1,1,False,False,Connect Pilates
conquer outdoor equipment,0,0,0,0,0,1,0,0,0,0,0,0,1,1,False,False,Conquer Outdoor Equipment
conquest tech,0,0,0,0,1,0,0,0,0,0,0,0,1,1,False,False,Conquest Tech.
consuelos,0,0,0,0,0,0,0,1,0,0,0,0,1,1,False,False,CONSUELO'S
continkuous,0,0,0,0,0,0,0,0,1,0,0,0,1,1,False,False,CONTINKUOUS
contis island kiosk,0,0,0,0,0,0,0,0,1,0,0,0,1,1,False,False,CONTI'S ISLAND KIOSK
contis takeout nook,0,0,0,0,0,0,0,1,0,0,0,0,1,1,False,False,Conti's Takeout Nook
cook & coffee,0,1,0,0,0,0,0,0,0,0,0,0,1,1,False,False,COOK & COFFEE
cook coffee,0,0,0,0,0,0,0,0,1,0,0,0,1,1,False,False,COOK COFFEE
comworld,0,0,0,0,1,0,0,0,0,0,0,0,1,1,False,False,Comworld
comworks multibrand,0,0,0,1,0,0,0,0,0,0,0,0,1,1,False,False,Comworks-Multibrand
comworks inc,0,0,0,0,0,0,0,0,0,0,1,0,1,1,False,False,Comworks Inc.
combo de luxe,0,0,0,0,0,0,0,1,0,0,0,0,1,1,False,False,COMBO DE LUXE
colonial creamery,0,0,0,0,0,0,0,0,1,0,0,0,1,1,False,False,COLONIAL CREAMERY
color me mine,0,0,0,0,0,1,0,0,0,0,0,0,1,1,False,False,Color Me Mine
color my hair,0,0,0,0,0,0,0,0,1,0,0,0,1,1,False,False,COLOR MY HAIR
colorado photo,0,0,0,0,0,0,0,0,1,0,0,0,1,1,False,False,COLORADO PHOTO
colourette,0,0,0,0,0,0,0,0,1,0,0,0,1,1,False,False,COLOURETTE
colours,0,0,0,0,1,0,0,0,0,0,0,0,1,1,False,False,Colours
comic oddysey,0,0,0,0,0,0,0,1,0,0,0,0,1,1,False,False,Comic Oddysey
computer kingdom,0,0,0,0,1,0,0,0,0,0,0,0,1,1,False,False,Computer Kingdom
commatics,0,0,1,0,0,0,0,0,0,0,0,0,1,1,False,False,Commatics
comme des garcons,0,1,0,0,0,0,0,0,0,0,0,0,1,1,False,False,COMME DES GARCONS
common room,0,1,0,0,0,0,0,0,0,0,0,0,1,1,False,False,COMMON ROOM
communicare therapy center,0,0,0,0,0,0,0,0,1,0,0,0,1,1,False,False,COMMUNICARE THERAPY CENTER
complex lifestyle,0,0,0,0,0,0,0,1,0,0,0,0,1,1,False,False,COMPLEX LIFESTYLE
comprehensive dermatology center,0,0,0,0,0,0,0,1,0,0,0,0,1,1,False,False,Comprehensive Dermatology Center
cna sjd beauty shop,0,0,0,0,0,0,0,0,0,1,0,0,1,1,False,False,CNA-SJD BEAUTY SHOP
cma cgm philippines inc,0,0,0,0,0,0,0,0,1,0,0,0,1,1,False,False,CMA CGM PHILIPPINES INC
cool charm boutique,0,0,0,0,0,0,0,0,0,0,0,1,1,1,False,False,COOL CHARM BOUTIQUE (FITZWELL FASHION)
citrus and shakes,0,0,0,0,0,0,0,1,0,0,0,0,1,1,False,False,CITRUS AND SHAKES
citrus pulp detox,0,0,0,0,0,0,0,0,1,0,0,0,1,1,False,False,CITRUS PULP DETOX
city best dental clinic,0,0,0,0,0,0,0,0,1,0,0,0,1,1,False,False,CITY BEST DENTAL CLINIC
city buffet,0,0,0,0,0,0,0,0,1,0,0,0,1,1,False,False,CITY BUFFET
city cycle,0,0,0,0,0,1,0,0,0,0,0,0,1,1,False,False,City Cycle
city government of bacoor regional trial court,0,0,1,0,0,0,0,0,0,0,0,0,1,1,False,False,"City Government Of Bacoor Regional Trial Court (branch 114, 115, 116, 117, 118 And 119)"
city government of taguig satellite office,0,0,0,0,0,0,0,0,1,0,0,0,1,1,False,False,CITY GOVERNMENT OF TAGUIG SATELLITE OFFICE
city light,0,0,0,1,0,0,0,0,0,0,0,0,1,1,False,False,City Light
city md,0,0,0,0,0,0,0,1,0,0,0,0,1,1,False,False,City MD
city smiles,0,0,0,0,0,0,0,1,0,0,0,0,1,1,False,False,City Smiles
city smiles dental services,0,0,0,0,0,0,0,1,0,0,0,0,1,1,False,False,City Smiles Dental Services
city time,0,0,0,0,0,0,0,0,1,0,0,0,1,1,False,False,CITY TIME
city treasurers office,0,0,0,1,0,0,0,0,0,0,0,0,1,1,False,False,CITY TREASURER'S OFFICE
citybites laundry,0,0,0,0,0,1,0,0,0,0,0,0,1,1,False,False,Citybites Laundry
citycomputer,0,0,0,0,0,0,0,1,0,0,0,0,1,1,False,False,CITYCOMPUTER
citydent dental specialty,0,0,0,0,0,0,0,0,1,0,0,0,1,1,False,False,CITYDENT DENTAL SPECIALTY
citrus blend,0,0,0,0,0,0,0,0,0,0,1,0,1,1,False,False,Citrus Blend
citrus & chips,0,0,0,0,0,0,0,1,0,0,0,0,1,1,False,False,Citrus & Chips
clydes breads,0,0,0,0,0,1,0,0,0,0,0,0,1,1,False,False,Clyde's Breads
citiwings unli diner,0,0,0,0,0,0,0,1,0,0,0,0,1,1,False,False,CITIWINGS UNLI DINER
chunky boss,0,0,0,0,0,0,0,0,1,0,0,0,1,1,False,False,CHUNKY BOSS
churrostar,0,0,0,0,0,0,0,0,1,0,0,0,1,1,False,False,CHURROSTAR
ciao mango,0,0,0,0,0,0,0,1,0,0,0,0,1,1,False,False,CIAO MANGO
cindys,0,0,0,0,0,0,0,1,0,0,0,0,1,1,False,False,Cindy's
cindys bakeshop,0,0,0,0,0,0,0,0,0,0,0,1,1,1,False,False,CINDY'S BAKESHOP
cinema lotto outlet,0,0,0,0,0,0,0,0,0,0,0,1,1,1,False,False,Cinema LOTTO OUTLET
cinema mc donalds dessert kiosk,0,0,0,0,0,0,0,0,0,0,0,1,1,1,False,False,CINEMA MC DONALDS DESSERT KIOSK
cinema snack bar,0,0,0,0,1,0,0,0,0,0,0,0,1,1,False,False,Cinema Snack Bar
cinnun apparel,0,0,0,0,0,0,0,0,0,0,0,1,1,1,False,False,CINNUN APPAREL
circus circus,0,0,0,0,0,0,0,0,0,0,0,1,1,1,False,False,CIRCUS CIRCUS
cisco systems management b v,0,0,0,0,0,0,0,0,1,0,0,0,1,1,False,False,CISCO SYSTEMS MANAGEMENT B V
citi bites pizza & pasta,0,0,0,0,0,0,0,1,0,0,0,0,1,1,False,False,Citi Bites Pizza & Pasta
citi express telecom,0,0,0,0,1,0,0,0,0,0,0,0,1,1,False,False,Citi Express Telecom
citidrug,0,0,0,0,0,0,0,0,0,0,0,1,1,1,False,False,CITIDRUG
citistores inc,0,0,0,0,0,0,0,0,0,0,0,1,1,1,False,False,"CITISTORES, INC."
civet coffee roasters,0,0,0,0,0,0,0,0,1,0,0,0,1,1,False,False,THE CIVET COFFEE ROASTERS
civina healthline,0,0,0,0,0,0,0,1,0,0,0,0,1,1,False,False,Civina Healthline
cj five,1,0,0,0,0,0,0,0,0,0,0,0,1,1,False,False,CJ FIVE
cj home,0,0,0,0,0,0,0,1,0,0,0,0,1,1,False,False,CJ Home
clicks n clocks,0,0,0,0,0,0,0,0,0,0,0,1,1,1,False,False,CLICKS N CLOCKS
clickstore,0,0,0,1,0,0,0,0,0,0,0,0,1,1,False,False,CLICKSTORE
clinic for dental concerns,0,0,0,0,0,0,0,1,0,0,0,0,1,1,False,False,Clinic For Dental Concerns
clinica comfy dental,0,1,0,0,0,0,0,0,0,0,0,0,1,1,False,False,CLINICA COMFY DENTAL
clinica esthetica 0917 8557566,0,0,0,0,0,0,0,1,0,0,0,0,1,1,False,False,Clinica Esthetica 0917-8557566
clipper,0,0,0,0,1,0,0,0,0,0,0,0,1,1,False,False,Clipper
cln 532 0010,0,0,0,0,0,0,0,1,0,0,0,0,1,1,False,False,CLN 532-0010
clothes by jah,0,1,0,0,0,0,0,0,0,0,0,0,1,1,False,False,CLOTHES BY JAH
clothes of joy,0,0,0,0,0,0,0,0,0,0,0,1,1,1,False,False,CLOTHES OF JOY
cloud eats,0,0,0,0,0,1,0,0,0,0,0,0,1,1,False,False,Cloud Eats
cloudfone,0,0,0,0,1,0,0,0,0,0,0,0,1,1,False,False,Cloudfone
cloudys chicken hub,0,0,0,0,0,0,0,0,1,0,0,0,1,1,False,False,CLOUDYS CHICKEN HUB
clt cafe,0,0,0,0,0,0,0,1,0,0,0,0,1,1,False,False,CLT CAFE
club lux,0,0,0,0,0,1,0,0,0,0,0,0,1,1,False,False,Club Lux
clydes bread and pastries,0,0,0,0,0,0,0,1,0,0,0,0,1,1,False,False,CLYDE'S BREAD AND PASTRIES
click & prints,0,0,0,0,0,0,0,1,0,0,0,0,1,1,False,False,Click & Prints
clearcom merchandising,0,0,0,0,0,0,0,0,1,0,0,0,1,1,False,False,CLEARCOM MERCHANDISING
clear view 3d ultrasound,0,0,0,0,0,0,0,1,0,0,0,0,1,1,False,False,Clear View 3D Ultrasound
clarisse,0,0,0,0,0,0,0,0,1,0,0,0,1,1,False,False,CLARISSE
cjj,1,0,0,0,0,0,0,0,0,0,0,0,1,1,False,False,CJJ
ck&gw storage room,0,0,0,0,0,0,0,0,0,0,0,1,1,1,False,False,CK&GW STORAGE ROOM
ckk kiosk,0,0,0,0,0,0,0,0,0,0,0,1,1,1,False,False,CKK KIOSK
cku digital supplies,0,0,0,0,0,0,0,1,0,0,0,0,1,1,False,False,CKU Digital Supplies
claire & carlos,0,0,0,0,0,0,1,0,0,0,0,0,1,1,False,False,Claire & Carlos
clara scents,0,0,0,0,0,0,0,0,1,0,0,0,1,1,False,False,CLARA SCENTS
clarkie,0,0,0,0,0,1,0,0,0,0,0,0,1,1,False,False,Clarkie
cleaning crew,0,0,0,0,0,1,0,0,0,0,0,0,1,1,False,False,Cleaning Crew
classic burger,0,0,0,0,0,0,0,0,0,0,0,1,1,1,False,False,CLASSIC BURGER
classic hifi,0,1,0,0,0,0,0,0,0,0,0,0,1,1,False,False,CLASSIC HIFI
classique home interior,0,0,1,0,0,0,0,0,0,0,0,0,1,1,False,False,Classique Home Interior
claw cafe,0,0,0,0,0,0,1,0,0,0,0,0,1,1,False,False,Claw Cafe
cle de peau beaute,0,1,0,0,0,0,0,0,0,0,0,0,1,1,False,False,CLE DE PEAU BEAUTE
clean & bright professional carwash,0,0,0,0,0,0,0,1,0,0,0,0,1,1,False,False,Clean & Bright Professional Carwash
cookpub,0,0,0,0,0,0,0,0,1,0,0,0,1,1,False,False,COOKPUB
cool vision,0,0,0,0,0,0,0,1,0,0,0,0,1,1,False,False,Cool Vision
chualong telecom sales & services,0,0,0,0,0,0,0,0,0,0,0,1,1,1,False,False,CHUALONG TELECOM SALES & SERVICES
cxf design center,0,0,0,0,0,0,1,0,0,0,0,0,1,1,False,False,CXF Design Center
cyber excalades,0,0,0,0,0,0,0,1,0,0,0,0,1,1,False,False,Cyber Excalades
cybertech multibrand,0,0,0,0,0,0,0,1,0,0,0,0,1,1,False,False,Cybertech Multibrand
cycle shack,0,0,0,0,0,0,0,1,0,0,0,0,1,1,False,False,Cycle Shack
cycles & cradles,0,0,0,0,0,1,0,0,0,0,0,0,1,1,False,False,Cycles & Cradles
cyma greek taverna,0,1,0,0,0,0,0,0,0,0,0,0,1,1,False,False,CYMA GREEK TAVERNA
cynthias house of fashion,0,0,0,0,0,0,0,0,0,0,0,1,1,1,False,False,CYNTHIA'S HOUSE OF FASHION
cyrille pasalubong,0,0,0,0,0,0,0,1,0,0,0,0,1,1,False,False,Cyrille Pasalubong
czarina exchange,0,0,0,0,0,0,0,1,0,0,0,0,1,1,False,False,Czarina Exchange
d amazing patricias pizza,0,0,0,0,0,0,0,1,0,0,0,0,1,1,False,False,D' AMAZING PATRICIA'S PIZZA
d cell city,0,0,0,0,0,0,0,1,0,0,0,0,1,1,False,False,D' Cell City
d changing style,0,0,0,0,0,0,0,0,0,0,1,0,1,1,False,False,D' Changing Style
d cream,0,0,0,0,0,0,0,0,1,0,0,0,1,1,False,False,D' CREAM
d froyo mart,0,0,0,0,0,1,0,0,0,0,0,0,1,1,False,False,D' Froyo Mart
d i y hardware & japan home centre,0,0,0,0,0,1,0,0,0,0,0,0,1,1,False,False,D.I.Y. Hardware & Japan Home Centre
d kapitan sisig,0,0,0,0,0,0,0,0,1,0,0,0,1,1,False,False,D KAPITAN SISIG
cy7 cellphone & accessories,0,0,0,0,0,0,0,1,0,0,0,0,1,1,False,False,CY7 Cellphone & Accessories
cvc repair,0,0,0,0,0,0,0,0,1,0,0,0,1,1,False,False,CVC REPAIR
cul de sac,0,0,0,0,0,0,0,0,1,0,0,0,1,1,False,False,CUL-DE-SAC
cvc casing,0,0,0,0,0,0,0,0,1,0,0,0,1,1,False,False,CVC CASING
cupcakes by sonja,0,0,0,0,0,0,0,0,1,0,0,0,1,1,False,False,CUPCAKES BY SONJA
cupotato,0,0,0,0,0,0,0,1,0,0,0,0,1,1,False,False,CUP'OTATO
cuppa,0,0,0,0,0,0,0,0,1,0,0,0,1,1,False,False,CUPPA
curried away,0,0,0,0,0,0,1,0,0,0,0,0,1,1,False,False,Curried Away
curry angel,0,0,0,0,0,0,0,1,0,0,0,0,1,1,False,False,CURRY ANGEL
curves beauty and wellness spa,0,0,0,0,0,0,0,0,1,0,0,0,1,1,False,False,CURVES BEAUTY AND WELLNESS SPA
custodio medical clinic,0,0,0,0,0,0,0,0,1,0,0,0,1,1,False,False,CUSTODIO MEDICAL CLINIC
custom mate,0,1,0,0,0,0,0,0,0,0,0,0,1,1,False,False,CUSTOM MATE
customistation,0,0,0,0,0,0,1,0,0,0,0,0,1,1,False,False,Customistation
cut 4 tots,0,0,1,0,0,0,0,0,0,0,0,0,1,1,False,False,Cut 4 Tots
cut encarnacion group of salon dayamona new,0,0,0,0,0,0,0,0,0,0,0,1,1,1,False,False,CUT ENCARNACION GROUP OF SALON DAYAMONA NEW
cut n polish,0,0,0,0,0,0,0,0,1,0,0,0,1,1,False,False,CUT N POLISH
cut salon,0,0,0,0,0,0,1,0,0,0,0,0,1,1,False,False,Cut Salon
cuts 4 tots,0,0,1,0,0,0,0,0,0,0,0,0,1,1,False,False,Cuts 4 Tots
cuttin loose,0,0,0,0,0,0,0,1,0,0,0,0,1,1,False,False,Cuttin' Loose
d nail haus,0,0,0,0,0,0,0,1,0,0,0,0,1,1,False,False,D' Nail Haus
d rebonding center,0,0,0,0,0,0,0,1,0,0,0,0,1,1,False,False,D' Rebonding Center
d soul express,0,0,0,0,0,0,0,1,0,0,0,0,1,1,False,False,D-Soul Express
d vendo,0,0,0,0,0,0,0,1,0,0,0,0,1,1,False,False,D' Vendo
dainty restaurant,0,0,0,0,0,0,0,0,1,0,0,0,1,1,False,False,DAINTY RESTAURANT
dainty tea house and cafe,0,0,0,0,0,0,0,0,1,0,0,0,1,1,False,False,DAINTY TEA HOUSE AND CAFE
dairy queen 0908 881 6694,0,0,0,0,0,0,0,1,0,0,0,0,1,1,False,False,DAIRY QUEEN 0908-881-6694
dairy queen 285884000,0,0,0,0,0,0,0,1,0,0,0,0,1,1,False,False,Dairy Queen 285884000
dairy queen cart,0,0,1,0,0,0,0,0,0,0,0,0,1,1,False,False,Dairy Queen Cart
daisees bakeshop,0,0,0,0,0,0,0,0,1,0,0,0,1,1,False,False,DAISEE'S BAKESHOP
daiso japan 0919 083 7370,0,0,0,0,0,0,0,1,0,0,0,0,1,1,False,False,Daiso Japan 0919-083-7370
daiso japan 0998 8478837,0,0,0,0,0,0,0,1,0,0,0,0,1,1,False,False,Daiso Japan 0998-8478837
daiso japan temporary space,0,0,0,0,0,0,0,1,0,0,0,0,1,1,False,False,DAISO JAPAN TEMPORARY SPACE
daiso saizen,0,0,0,0,0,0,0,1,0,0,0,0,1,1,False,False,Daiso/Saizen
daiso snowpy,0,0,0,0,0,0,0,0,0,0,0,1,1,1,False,False,DAISO Snowpy
dakasi & hot star,0,0,0,0,0,1,0,0,0,0,0,0,1,1,False,False,Dakasi & Hot Star
dakasi hot star,0,0,0,0,0,0,0,0,1,0,0,0,1,1,False,False,DAKASI HOT STAR
dal mobile closet accessories,0,0,0,0,1,0,0,0,0,0,0,0,1,1,False,False,Dal Mobile Closet Accessories
dallida korean mart,0,0,0,0,0,0,0,0,1,0,0,0,1,1,False,False,DALLIDA KOREAN MART
daily tech,0,0,0,0,0,0,0,0,0,0,1,0,1,1,False,False,DAILY TECH
daily joe coffee shop,0,0,0,0,0,0,0,0,1,0,0,0,1,1,False,False,DAILY JOE COFFEE SHOP
daily drive,0,0,0,0,0,1,0,0,0,0,0,0,1,1,False,False,The Daily Drive
d&j hair salon,0,0,0,0,0,0,1,0,0,0,0,0,1,1,False,False,D&J Hair Salon
d vj jewellers,0,0,0,0,0,0,0,1,0,0,0,0,1,1,False,False,D' VJ Jewellers
d westside,0,0,0,0,0,0,0,0,1,0,0,0,1,1,False,False,D WESTSIDE
d&d backyard hydrophonics farm,0,0,0,0,0,0,0,0,1,0,0,0,1,1,False,False,D&D BACKYARD HYDROPHONICS FARM
d&d backyard hydroponic farm,0,0,0,0,0,0,0,0,1,0,0,0,1,1,False,False,D&D BACKYARD HYDROPONIC FARM
d&d guitar,0,0,0,0,0,0,0,1,0,0,0,0,1,1,False,False,D&D GUITAR
d&j barber shop,0,0,0,0,0,0,1,0,0,0,0,0,1,1,False,False,D&J Barber Shop
daddys toasted siopao,0,0,0,0,0,0,0,0,1,0,0,0,1,1,False,False,DADDYS TOASTED SIOPAO
daily cut,0,0,0,0,0,0,0,0,1,0,0,0,1,1,False,False,THE DAILY CUT
dadskamayansaisaki,0,0,0,0,0,0,0,0,1,0,0,0,1,1,False,False,DADSKAMAYANSAISAKI
dae joa gem,0,0,0,0,0,0,0,0,1,0,0,0,1,1,False,False,DAE JOA GEM
dahon dine,0,0,0,0,1,0,0,0,0,0,0,0,1,1,False,False,Dahon Dine
daiesumi digital cafe,0,0,0,0,0,0,0,0,1,0,0,0,1,1,False,False,DAIESUMI DIGITAL CAFE
daily beer,0,0,0,0,0,1,0,0,0,0,0,0,1,1,False,False,Daily Beer
daily bread,0,0,0,0,0,0,0,0,1,0,0,0,1,1,False,False,DAILY BREAD
cupcake boss,0,0,0,0,1,0,0,0,0,0,0,0,1,1,False,False,Cupcake Boss
cuesina,0,0,0,0,0,0,0,0,1,0,0,0,1,1,False,False,CUESINA
coola,0,0,0,0,0,0,0,0,1,0,0,0,1,1,False,False,COOLA
cotton candy,0,0,1,0,0,0,0,0,0,0,0,0,1,1,False,False,Cotton Candy(timezone)
cotton kendi,0,0,0,0,0,0,0,0,1,0,0,0,1,1,False,False,COTTON KENDI
cougar,0,0,0,0,0,0,0,0,1,0,0,0,1,1,False,False,COUGAR
country basket pastries more,0,0,0,0,0,0,0,0,1,0,0,0,1,1,False,False,COUNTRY BASKET PASTRIES MORE
country phone,0,0,0,0,1,0,0,0,0,0,0,0,1,1,False,False,Country Phone
countryside steakhouse & cafe,0,0,0,0,0,0,0,1,0,0,0,0,1,1,False,False,Countryside Steakhouse & Cafe
cowrie grill,0,0,0,0,0,0,1,0,0,0,0,0,1,1,False,False,Cowrie Grill
cpm drug testing & medical center,0,0,0,0,0,0,0,1,0,0,0,0,1,1,False,False,CPM DRUG TESTING & MEDICAL CENTER
cppc fix,0,0,0,0,0,0,0,0,1,0,0,0,1,1,False,False,CPPC FIX
crackles,0,0,0,0,0,0,0,0,1,0,0,0,1,1,False,False,CRACKLES
craft central cafe,0,1,0,0,0,0,0,0,0,0,0,0,1,1,False,False,THE CRAFT CENTRAL CAFÉ
craft lounge,0,0,0,0,0,0,0,0,1,0,0,0,1,1,False,False,CRAFT LOUNGE
craft n prints,0,0,0,0,1,0,0,0,0,0,0,0,1,1,False,False,Craft n Prints
craft shop,0,0,0,0,1,0,0,0,0,0,0,0,1,1,False,False,Craft Shop
crave halal,0,0,0,0,0,0,0,1,0,0,0,0,1,1,False,False,CRAVE HALAL
crawling animals,0,0,0,0,0,0,0,1,0,0,0,0,1,1,False,False,Crawling Animals
cotton depot,0,0,1,0,0,0,0,0,0,0,0,0,1,1,False,False,Cotton Depot
costal & co,0,0,0,0,0,0,1,0,0,0,0,0,1,1,False,False,Costal & Co
cubyx collective,0,0,0,0,0,0,0,1,0,0,0,0,1,1,False,False,CUBYX Collective
cosmopolitan parlor manjaru,0,0,0,0,0,0,0,0,0,0,0,1,1,1,False,False,COSMOPOLITAN PARLOR MANJARU
coopertech,0,0,0,0,0,0,0,0,1,0,0,0,1,1,False,False,COOPERTECH
copytown,0,0,0,0,0,0,0,1,0,0,0,0,1,1,False,False,COPYTOWN
corals candy bar,0,0,0,0,0,0,0,0,1,0,0,0,1,1,False,False,CORALS CANDY BAR
coras food house,0,0,0,0,0,0,0,0,0,0,1,0,1,1,False,False,Cora's Food House
corc,0,0,0,0,0,0,1,0,0,0,0,0,1,1,False,False,CORC
cordon dragon management and development corp,0,1,0,0,0,0,0,0,0,0,0,0,1,1,False,False,CORDON DRAGON MANAGEMENT AND DEVELOPMENT CORP.
core pacific exchange,0,0,0,0,0,0,0,1,0,0,0,0,1,1,False,False,Core Pacific Exchange
core pacific money exchange 0917 312 7533,0,0,0,0,0,0,0,1,0,0,0,0,1,1,False,False,CORE PACIFIC MONEY EXCHANGE 0917-312-7533
coreen razons halo halo,0,0,0,0,0,0,0,0,1,0,0,0,1,1,False,False,COREEN RAZONS HALO-HALO
corn dog,0,0,0,0,0,0,0,1,0,0,0,0,1,1,False,False,CORN DOG
corndog28,0,0,0,0,0,1,0,0,0,0,0,0,1,1,False,False,Corndog28
corner market,0,0,0,0,0,0,0,0,1,0,0,0,1,1,False,False,CORNER MARKET
cornerstone animal clinic,0,0,0,0,0,0,1,0,0,0,0,0,1,1,False,False,Cornerstone Animal Clinic
cos,0,0,0,0,0,0,0,0,1,0,0,0,1,1,False,False,COS
cosmic kidz,0,0,0,0,0,0,0,0,1,0,0,0,1,1,False,False,COSMIC KIDZ
crawling dinosaurs,0,0,0,0,0,0,0,1,0,0,0,0,1,1,False,False,Crawling Dinosaurs
craze mango,0,0,0,0,0,0,0,0,1,0,0,0,1,1,False,False,CRAZE MANGO
crazy lemons,0,0,0,0,0,0,0,0,1,0,0,0,1,1,False,False,CRAZY LEMONS
crazy maki,0,0,1,0,0,0,0,0,0,0,0,0,1,1,False,False,Crazy Maki
crown dental,0,0,0,0,0,1,0,0,0,0,0,0,1,1,False,False,Crown Dental
crown royale,0,0,0,0,0,0,0,0,1,0,0,0,1,1,False,False,CROWN ROYALE
crucible,0,0,0,0,0,0,0,0,1,0,0,0,1,1,False,False,THE CRUCIBLE
crunch boneless chicken,0,0,0,0,0,1,0,0,0,0,0,0,1,1,False,False,The Crunch Boneless Chicken
crunchy corner,0,0,0,0,0,0,0,1,0,0,0,0,1,1,False,False,CRUNCHY CORNER
crushh landing korean dog,0,0,0,0,0,0,0,1,0,0,0,0,1,1,False,False,CRUSHH LANDING KOREAN DOG
crystal cdr world,0,0,0,0,0,0,1,0,0,0,0,0,1,1,False,False,Crystal Cdr World
crystalderm,0,0,0,0,0,0,0,0,1,0,0,0,1,1,False,False,CRYSTALDERM
cs by lfisher,0,0,0,0,0,0,0,0,1,0,0,0,1,1,False,False,CS BY LFISHER
csl cut & shave lounge,0,1,0,0,0,0,0,0,0,0,0,0,1,1,False,False,CSL CUT & SHAVE LOUNGE
ct mobile solution,0,0,0,0,0,0,0,0,1,0,0,0,1,1,False,False,CT MOBILE SOLUTION
ctines gadget shop 9616040564,0,0,0,0,0,0,0,1,0,0,0,0,1,1,False,False,CTINES GADGET SHOP 9616040564
cuadro specialists,0,1,0,0,0,0,0,0,0,0,0,0,1,1,False,False,CUADRO SPECIALISTS
cualoping securities corporation,0,1,0,0,0,0,0,0,0,0,0,0,1,1,False,False,CUALOPING SECURITIES CORPORATION
cube bazaar,0,1,0,0,0,0,0,0,0,0,0,0,1,1,False,False,THE CUBE BAZAAR
crosta,0,0,0,0,0,0,1,0,0,0,0,0,1,1,False,False,Crosta
crossway kidney care,0,0,0,0,0,1,0,0,0,0,0,0,1,1,False,False,Crossway Kidney Care
cropp,0,0,0,0,0,0,0,0,1,0,0,0,1,1,False,False,CROPP
crepe glazik,0,0,0,0,0,1,0,0,0,0,0,0,1,1,False,False,Crepe Glazik
cream n bake 0932 775 3987,0,0,0,0,0,0,0,1,0,0,0,0,1,1,False,False,CREAM N' BAKE 0932-775-3987
creamee d lite,0,0,0,0,0,0,0,1,0,0,0,0,1,1,False,False,CREAMEE D-LITE
creations lourd ramos salon,0,0,0,0,0,0,0,0,1,0,0,0,1,1,False,False,CREATIONS LOURD RAMOS SALON
creative play corner school,0,0,0,0,0,1,0,0,0,0,0,0,1,1,False,False,Creative Play Corner School
creativity lounge,0,1,0,0,0,0,0,0,0,0,0,0,1,1,False,False,CREATIVITY LOUNGE
crepe espresso and kuroda,0,0,0,0,0,1,0,0,0,0,0,0,1,1,False,False,"Crepe, Espresso and Kuroda"
crepelato,0,0,0,0,1,0,0,0,0,0,0,0,1,1,False,False,Crepelato
crispy popiah,0,0,0,0,0,0,0,0,1,0,0,0,1,1,False,False,CRISPY POPIAH
crimson souvenier,0,0,0,0,1,0,0,0,0,0,0,0,1,1,False,False,Crimson / Souvenier (DPS)
criscom telecom,0,0,0,0,0,0,0,0,0,0,1,0,1,1,False,False,Criscom Telecom
criseldas,0,0,0,0,0,0,0,1,0,0,0,0,1,1,False,False,Criseldas
crisfe milchar cellphone,0,0,0,0,1,0,0,0,0,0,0,0,1,1,False,False,Crisfe Milchar Cellphone
crismalee,0,0,0,0,0,0,0,1,0,0,0,0,1,1,False,False,Crismalee
crisostomo restaurant,0,0,0,0,0,0,0,1,0,0,0,0,1,1,False,False,Crisostomo Restaurant
chuas garden exdeal,0,0,0,0,1,0,0,0,0,0,0,0,1,1,False,False,Chua's Garden - Exdeal
chronomile watch store 9338260383,0,0,0,0,0,0,0,1,0,0,0,0,1,1,False,False,Chronomile Watch Store 9338260383
dalton jewelry,0,0,0,0,0,0,0,1,0,0,0,0,1,1,False,False,Dalton Jewelry
cdr king signature trading,0,0,0,0,0,0,0,0,0,0,0,1,1,1,False,False,CDR KING Signature Trading
cebu orthopaedic institute l4 0943 072 4856,0,0,0,0,0,0,0,1,0,0,0,0,1,1,False,False,Cebu Orthopaedic Institute L4 0943-072-4856
cebu pacific air,0,0,0,0,0,0,0,1,0,0,0,0,1,1,False,False,Cebu Pacific Air
cebu products,0,1,0,0,0,0,0,0,0,0,0,0,1,1,False,False,CEBU PRODUCTS
cebu smile studio 0908 254 2305,0,0,0,0,0,0,0,1,0,0,0,0,1,1,False,False,Cebu Smile Studio 0908-254-2305
cebu smiles dentistry co,0,0,0,0,0,0,0,0,1,0,0,0,1,1,False,False,CEBU SMILES DENTISTRY CO
cebu smiles doctors clinic 9173204651,0,0,0,0,0,0,0,1,0,0,0,0,1,1,False,False,Cebu Smiles Doctors Clinic 9173204651
cebu sweet candy store,0,0,0,0,0,0,0,0,1,0,0,0,1,1,False,False,CEBU SWEET CANDY STORE
cebuana lhuiller financial,0,0,0,0,0,0,0,1,0,0,0,0,1,1,False,False,Cebuana Lhuiller Financial
cebuana lhuillier financial,0,0,0,0,0,0,0,1,0,0,0,0,1,1,False,False,Cebuana Lhuillier Financial
cebuana lhuillier jewelry premium,0,0,0,0,0,0,0,0,1,0,0,0,1,1,False,False,CEBUANA LHUILLIER JEWELRY PREMIUM
cebuana lhuillier pawnshop bs mobile,0,0,0,0,0,0,0,0,0,0,0,1,1,1,False,False,CEBUANA LHUILLIER PAWNSHOP BS MOBILE
cebuana lhuillier pera padala,0,1,0,0,0,0,0,0,0,0,0,0,1,1,False,False,CEBUANA LHUILLIER PERA PADALA
cebus best ricos lechon,0,0,0,0,0,0,0,0,1,0,0,0,1,1,False,False,Cebu's Best Rico's Lechon
cebus tasty lechon,0,0,0,0,0,0,0,0,1,0,0,0,1,1,False,False,CEBUS TASTY LECHON
cecils,0,0,0,0,1,0,0,0,0,0,0,0,1,1,False,False,Cecil's
cebu fiesta island of the south restaurant,0,0,0,0,0,0,0,0,1,0,0,0,1,1,False,False,CEBU FIESTA ISLAND OF THE SOUTH RESTAURANT
cdr king h and m cp,0,0,0,0,0,0,0,0,0,0,0,1,1,1,False,False,CDR King H AND M CP
castel scrub,0,0,0,0,0,0,1,0,0,0,0,0,1,1,False,False,Castel Scrub
cdr king bs mobile,0,0,0,0,0,0,0,0,0,0,0,1,1,1,False,False,CDR KING BS MOBILE
casy,0,0,0,0,0,0,0,1,0,0,0,0,1,1,False,False,Casy
caterpillar room,0,0,0,0,0,1,0,0,0,0,0,0,1,1,False,False,The Caterpillar Room
catholic trade,1,0,0,0,0,0,0,0,0,0,0,0,1,1,False,False,CATHOLIC TRADE
cavitechon lechon house,0,0,0,0,0,0,0,0,1,0,0,0,1,1,False,False,CAVITECHON LECHON HOUSE
cayettas pasalubong,0,0,0,1,0,0,0,0,0,0,0,0,1,1,False,False,Cayetta's Pasalubong
cbc teller card,0,0,0,0,0,0,0,0,0,0,1,0,1,1,False,False,CBC Teller Card
cbc tellercard,0,0,0,0,0,0,0,0,1,0,0,0,1,1,False,False,CBC TELLERCARD
ccf,0,0,0,0,0,1,0,0,0,0,0,0,1,1,False,False,CCF
ccg philpan,1,0,0,0,0,0,0,0,0,0,0,0,1,1,False,False,CCG / PHILPAN
cd options,0,0,0,0,0,0,0,0,1,0,0,0,1,1,False,False,CD OPTIONS
cdm salon,0,0,0,0,1,0,0,0,0,0,0,0,1,1,False,False,CDM Salon
cdms hair gallery & spa,0,0,0,0,0,0,0,1,0,0,0,0,1,1,False,False,CDM'S HAIR GALLERY & SPA
cdo skin experts dermatology & laser clinic,0,1,0,0,0,0,0,0,0,0,0,0,1,1,False,False,THE CDO SKIN EXPERTS DERMATOLOGY & LASER CLINIC
cdo skin health experts dermatology laser clinic,0,0,0,0,0,0,0,0,1,0,0,0,1,1,False,False,CDO SKIN HEALTH EXPERTS DERMATOLOGY LASER CLINIC
cdr king,0,0,0,0,0,0,0,0,0,0,0,1,1,1,False,False,CDR KING
cecils snack inn,0,1,0,0,0,0,0,0,0,0,0,0,1,1,False,False,CECIL'S SNACK INN
cedric time enterprises,0,1,0,0,0,0,0,0,0,0,0,0,1,1,False,False,CEDRIC TIME ENTERPRISES
celebrations,0,0,1,0,0,0,0,0,0,0,0,0,1,1,False,False,Celebrations
celebrity jam cake and pastry shop,0,0,0,0,0,0,0,0,1,0,0,0,1,1,False,False,CELEBRITY JAM CAKE AND PASTRY SHOP
cellboy fix center,0,0,0,0,0,0,0,0,1,0,0,0,1,1,False,False,CELLBOY FIX CENTER
cellcomm,0,0,0,0,0,0,0,1,0,0,0,0,1,1,False,False,Cellcomm
celldome cellphone accessories,0,0,0,0,0,0,0,1,0,0,0,0,1,1,False,False,Celldome Cellphone Accessories
cellections,0,1,0,0,0,0,0,0,0,0,0,0,1,1,False,False,CELLECTIONS
cellfad mobile accessories,0,0,0,0,0,0,0,0,1,0,0,0,1,1,False,False,CELLFAD MOBILE ACCESSORIES
cellmates cellphone accessories,0,0,0,0,0,0,0,1,0,0,0,0,1,1,False,False,Cellmates Cellphone Accessories
cellmax,0,0,0,0,0,0,0,1,0,0,0,0,1,1,False,False,Cellmax
cellphone and accessories pretty angels,0,0,0,0,0,0,0,0,0,0,0,1,1,1,False,False,CELLPHONE and ACCESSORIES (SOEN) PRETTY ANGELS
cellphone plus,0,0,0,0,0,0,0,0,1,0,0,0,1,1,False,False,CELLPHONE PLUS
cellphone republic,0,0,0,0,0,0,1,0,0,0,0,0,1,1,False,False,Cellphone Republic
cellshoppe,0,0,0,0,0,0,0,0,1,0,0,0,1,1,False,False,CELLSHOPPE
cellsite mobile center,0,0,0,0,0,0,0,0,1,0,0,0,1,1,False,False,CELLSITE MOBILE CENTER
cellstreet,0,0,0,0,0,0,0,1,0,0,0,0,1,1,False,False,Cellstreet
celltech,0,0,0,0,0,0,0,1,0,0,0,0,1,1,False,False,Celltech
celltime co,0,0,0,0,0,0,0,0,1,0,0,0,1,1,False,False,CELLTIME CO
cellboy fix,0,0,0,0,0,0,0,0,1,0,0,0,1,1,False,False,CELLBOY FIX
cellbox,0,1,0,0,0,0,0,0,0,0,0,0,1,1,False,False,CELLBOX
cell teck cellphone accessories,0,0,0,0,0,0,0,1,0,0,0,0,1,1,False,False,Cell Teck Cellphone Accessories
cell connect,0,0,0,0,1,0,0,0,0,0,0,0,1,1,False,False,Cell Connect
celeste pinon,0,0,0,0,0,0,0,0,0,0,0,1,1,1,False,False,CELESTE PIÑON
celestial,0,0,0,0,0,0,0,1,0,0,0,0,1,1,False,False,Celestial
celines gems jewels,0,0,0,0,0,0,0,0,1,0,0,0,1,1,False,False,CELINES GEMS JEWELS
cell active,0,0,0,0,0,0,0,1,0,0,0,0,1,1,False,False,Cell Active
cell active cellphone repair,0,0,0,0,0,0,0,0,1,0,0,0,1,1,False,False,CELL ACTIVE CELLPHONE REPAIR
cell axis,0,1,0,0,0,0,0,0,0,0,0,0,1,1,False,False,CELL AXIS
cell corner,0,0,0,0,0,0,0,1,0,0,0,0,1,1,False,False,Cell Corner
cell sight,0,0,0,0,0,0,0,1,0,0,0,0,1,1,False,False,Cell Sight
cell decor,0,1,0,0,0,0,0,0,0,0,0,0,1,1,False,False,CELL DECOR
cell exchange,0,0,0,0,1,0,0,0,0,0,0,0,1,1,False,False,Cell Exchange
cell fit cellphone,0,0,0,0,1,0,0,0,0,0,0,0,1,1,False,False,Cell Fit Cellphone
cell interface,0,0,0,0,0,0,0,0,1,0,0,0,1,1,False,False,CELL INTERFACE
cell kid,0,0,0,0,0,0,0,0,1,0,0,0,1,1,False,False,CELL-KID
cell lab,0,0,0,0,1,0,0,0,0,0,0,0,1,1,False,False,Cell Lab
castle candy,0,0,0,0,0,0,0,1,0,0,0,0,1,1,False,False,CASTLE CANDY
cassalu,0,0,1,0,0,0,0,0,0,0,0,0,1,1,False,False,Cassalu
cellware telecom supplies trading,0,0,0,0,0,0,0,1,0,0,0,0,1,1,False,False,Cellware Telecom Supplies Trading
car fads,0,1,0,0,0,0,0,0,0,0,0,0,1,1,False,False,CAR FADS
cara mia cakes & gelato,0,0,0,0,0,0,0,0,1,0,0,0,1,1,False,False,CARA MIA CAKES & GELATO
caracole,0,0,0,0,0,0,1,0,0,0,0,0,1,1,False,False,Caracole
caramel cafe,0,0,0,0,0,0,0,0,1,0,0,0,1,1,False,False,CARAMEL CAFE
caramia cakes gelato,0,0,0,0,0,0,0,0,1,0,0,0,1,1,False,False,CARAMIA CAKES GELATO
caravel global travelware,0,0,0,0,0,0,1,0,0,0,0,0,1,1,False,False,Caravel Global Travelware
card stop,0,0,0,0,1,0,0,0,0,0,0,0,1,1,False,False,Card Stop
cardinal eyecare clinic,0,0,0,0,0,0,0,0,1,0,0,0,1,1,False,False,CARDINAL EYECARE CLINIC
cardinal santos kidney care center,0,0,0,0,0,0,0,0,1,0,0,0,1,1,False,False,CARDINAL SANTOS KIDNEY CARE CENTER
care and cure hub,0,1,0,0,0,0,0,0,0,0,0,0,1,1,False,False,CARE AND CURE HUB
care to bear skin and body clinic,0,1,0,0,0,0,0,0,0,0,0,0,1,1,False,False,CARE TO BEAR SKIN AND BODY CLINIC
carehealth,0,0,0,0,0,0,0,1,0,0,0,0,1,1,False,False,Carehealth
carehealth plus,0,0,0,0,0,0,0,0,0,1,0,0,1,1,False,False,CAREHEALTH PLUS
carel kanes cp,0,0,0,0,0,0,0,0,0,0,0,1,1,1,False,False,CAREL KANES CP
carelab,0,0,0,0,0,0,0,1,0,0,0,0,1,1,False,False,Carelab
carelon,0,0,0,0,0,0,0,1,0,0,0,0,1,1,False,False,Carelon
cara laser skin care,0,1,0,0,0,0,0,0,0,0,0,0,1,1,False,False,CARA LASER SKIN CARE
captains burger,0,0,0,0,0,0,0,0,0,0,0,1,1,1,False,False,CAPTAIN'S BURGER
cassaleyah beauty hub,0,0,0,0,0,0,0,1,0,0,0,0,1,1,False,False,Cassaleyah Beauty Hub
captain lemon,0,0,0,0,0,0,0,1,0,0,0,0,1,1,False,False,Captain Lemon
candava,0,0,0,0,0,0,0,1,0,0,0,0,1,1,False,False,Candava
candid,0,0,0,0,0,0,1,0,0,0,0,0,1,1,False,False,Candid
candy jar,0,0,0,0,0,0,0,1,0,0,0,0,1,1,False,False,CANDY JAR
candy land,0,0,0,0,0,0,0,1,0,0,0,0,1,1,False,False,CANDY LAND
candy mania,0,0,0,0,0,0,0,0,1,0,0,0,1,1,False,False,CANDY MANIA
candy stop rclm jewelries,0,0,0,0,0,0,0,0,0,0,0,1,1,1,False,False,CANDY STOP RCLM JEWELRIES
candy up,0,0,0,0,0,0,0,1,0,0,0,0,1,1,False,False,Candy Up
candys cafe & restaurant,0,1,0,0,0,0,0,0,0,0,0,0,1,1,False,False,CANDY'S CAFE & RESTAURANT
cangrejos locos,0,0,0,0,0,1,0,0,0,0,0,0,1,1,False,False,Cangrejos Locos
canvasse skin,0,0,0,0,0,0,1,0,0,0,0,0,1,1,False,False,Canvásse Skin
capellini ristorante,0,0,0,0,1,0,0,0,0,0,0,0,1,1,False,False,Capellini Ristorante
caprice,0,0,0,0,0,0,0,0,1,0,0,0,1,1,False,False,CAPRICE
capricho jewelry,0,0,0,1,0,0,0,0,0,0,0,0,1,1,False,False,CAPRICHO JEWELRY
captain barber,0,0,0,0,0,0,0,0,1,0,0,0,1,1,False,False,CAPTAIN BARBER
captain gadget,0,0,0,0,0,0,0,0,1,0,0,0,1,1,False,False,CAPTAIN GADGET
cargofish & burnt bamboo,0,0,0,0,0,1,0,0,0,0,0,0,1,1,False,False,CargoFish & Burnt Bamboo
carl care services,0,0,0,0,0,0,0,1,0,0,0,0,1,1,False,False,Carl Care Services
carlins flower shop,0,0,0,0,1,0,0,0,0,0,0,0,1,1,False,False,Carlin's Flower Shop
carlins flowershop,0,0,0,0,0,0,0,0,1,0,0,0,1,1,False,False,CARLINS FLOWERSHOP
casa euro,0,0,0,0,0,0,0,0,1,0,0,0,1,1,False,False,CASA EURO
casa medica,0,0,0,0,0,0,0,0,1,0,0,0,1,1,False,False,CASA MEDICA
casa norte,0,0,0,0,0,0,0,0,1,0,0,0,1,1,False,False,CASA NORTE
casa reyes,0,0,0,0,0,0,1,0,0,0,0,0,1,1,False,False,Casa Reyes
casa romantica,0,1,0,0,0,0,0,0,0,0,0,0,1,1,False,False,CASA ROMANTICA
casa sofrea,0,0,1,0,0,0,0,0,0,0,0,0,1,1,False,False,Casa Sofrea
casa velyn,0,0,0,0,0,0,0,0,1,0,0,0,1,1,False,False,CASA VELYN
casaje optical,0,0,0,0,0,0,1,0,0,0,0,0,1,1,False,False,Casaje Optical
case 4 u,0,0,0,0,0,0,0,1,0,0,0,0,1,1,False,False,CASE 4 U
case to case,0,0,0,1,0,0,0,0,0,0,0,0,1,1,False,False,Case to Case
caseology,0,0,0,0,0,0,0,0,1,0,0,0,1,1,False,False,CASEOLOGY
casio asprey,0,0,0,0,0,0,0,0,0,0,1,0,1,1,False,False,Casio/Asprey
casipit dental center,0,0,0,0,0,0,0,0,1,0,0,0,1,1,False,False,CASIPIT DENTAL CENTER
casipit dental group,0,0,0,0,0,0,0,1,0,0,0,0,1,1,False,False,Casipit Dental Group
cassa calle,0,0,0,0,0,0,0,0,0,0,1,0,1,1,False,False,Cassa Calle
casa elegante,0,0,0,0,0,0,0,1,0,0,0,0,1,1,False,False,Casa Elegante
casa derma,0,1,0,0,0,0,0,0,0,0,0,0,1,1,False,False,CASA DERMA
casa blanca,0,0,1,0,0,0,0,0,0,0,0,0,1,1,False,False,Casa Blanca
carolinas lace shoppe,0,1,0,0,0,0,0,0,0,0,0,0,1,1,False,False,CAROLINA'S LACE SHOPPE
carlitos bar and grill,0,0,0,0,0,0,0,0,0,0,0,1,1,1,False,False,CARLITO'S BAR AND GRILL
carlos bakeshop & cafe,0,0,0,0,0,0,0,1,0,0,0,0,1,1,False,False,Carlos Bakeshop & Cafe
carlos primo velayo,0,1,0,0,0,0,0,0,0,0,0,0,1,1,False,False,CARLOS PRIMO VELAYO
carmelas home favourite,0,0,0,0,0,0,0,1,0,0,0,0,1,1,False,False,CARMELAS HOME FAVOURITE
carmens best,0,0,0,0,0,0,0,1,0,0,0,0,1,1,False,False,Carmen's Best
carolina herrera,0,1,0,0,0,0,0,0,0,0,0,0,1,1,False,False,CAROLINA HERRERA
carrensline,0,0,0,0,0,0,1,0,0,0,0,0,1,1,False,False,Carrensline
carwash,0,0,0,0,0,0,0,0,0,0,0,1,1,1,False,False,CARWASH
carry thru cs 1,0,0,0,0,0,0,0,0,0,0,0,1,1,1,False,False,CARRY THRU CS-1
carry thru iguanas,0,0,0,0,0,0,0,0,0,0,0,1,1,1,False,False,CARRY THRU IGUANAS
carters,0,0,0,0,0,0,0,0,1,0,0,0,1,1,False,False,CARTERS
carters osh kosh b gosh,0,0,0,0,0,0,0,1,0,0,0,0,1,1,False,False,Carter's Osh Kosh B' Gosh
cartier,0,1,0,0,0,0,0,0,0,0,0,0,1,1,False,False,CARTIER
cartrick,0,0,0,0,0,0,0,1,0,0,0,0,1,1,False,False,Cartrick
cellulike cellphone,0,0,0,0,0,0,0,0,0,0,0,1,1,1,False,False,CELLULIKE CELLPHONE
cellworks digital,0,0,0,0,0,0,0,1,0,0,0,0,1,1,False,False,Cellworks Digital
chronomile watch store,0,0,0,0,0,0,0,1,0,0,0,0,1,1,False,False,CHRONOMILE WATCH STORE
chiggys kesaku,0,0,0,0,0,0,0,1,0,0,0,0,1,1,False,False,CHIGGY'S KESAKU
chika an,0,0,0,0,0,0,0,1,0,0,0,0,1,1,False,False,Chika-an
chikaan,0,1,0,0,0,0,0,0,0,0,0,0,1,1,False,False,CHIKAAN
chikaan 0917 163 6548,0,0,0,0,0,0,0,1,0,0,0,0,1,1,False,False,Chikaan 0917-163-6548
chikaan sa cebu,0,1,0,0,0,0,0,0,0,0,0,0,1,1,False,False,CHIKAAN SA CEBU
chikten wings,0,0,0,0,0,0,0,1,0,0,0,0,1,1,False,False,ChikTEN Wings
chill bar,0,0,0,0,0,0,0,0,0,1,0,0,1,1,False,False,CHILL BAR
chill cafe,0,0,0,0,0,0,0,1,0,0,0,0,1,1,False,False,Chill Cafe
chill hub,0,1,0,0,0,0,0,0,0,0,0,0,1,1,False,False,CHILL HUB
chill top,0,0,0,0,0,0,1,0,0,0,0,0,1,1,False,False,Chill Top
chimes,0,1,0,0,0,0,0,0,0,0,0,0,1,1,False,False,CHIMES
chimmy 0922 881 1961,0,0,0,0,0,0,0,1,0,0,0,0,1,1,False,False,CHIMMY 0922 881 1961
chin chins jewelry,0,0,0,0,0,0,0,1,0,0,0,0,1,1,False,False,CHIN CHINS JEWELRY
chin medical clinic,0,0,0,0,0,0,0,1,0,0,0,0,1,1,False,False,Chin Medical Clinic
chin medical clinic 0977 342 5489 0918 900 7522,0,0,0,0,0,0,0,1,0,0,0,0,1,1,False,False,Chin Medical Clinic 0977-342-5489/0918-900-7522
chin sticks 9154049029,0,0,0,0,0,0,0,1,0,0,0,0,1,1,False,False,CHIN STICKS 9154049029
chigue house of kimchi,0,1,0,0,0,0,0,0,0,0,0,0,1,1,False,False,CHIGUE HOUSE OF KIMCHI
chiekais collection,0,0,0,0,1,0,0,0,0,0,0,0,1,1,False,False,Chiekai's Collection
cherryfic finds,0,0,0,0,1,0,0,0,0,0,0,0,1,1,False,False,Cherryfic Finds
chido donuts,0,0,0,0,0,1,0,0,0,0,0,0,1,1,False,False,Chido Donuts
cherrys stitches,0,0,0,0,0,0,0,0,0,0,1,0,1,1,False,False,Cherrys Stitches
cherys jewelry,0,0,0,0,0,0,1,0,0,0,0,0,1,1,False,False,Chery's Jewelry
cheskaffe,0,0,0,0,0,0,0,0,1,0,0,0,1,1,False,False,CHESKAFFE
chester enterprises inc,0,0,0,0,0,0,0,0,1,0,0,0,1,1,False,False,CHESTER ENTERPRISES INC
chesterup gadget solution,0,0,0,0,0,0,0,0,1,0,0,0,1,1,False,False,CHESTERUP GADGET SOLUTION
chez rose,0,0,0,0,0,0,0,1,0,0,0,0,1,1,False,False,Chez Rose
chi cha san chen,0,0,0,0,0,0,0,1,0,0,0,0,1,1,False,False,Chi Cha San Chen
chi luxury,0,0,0,0,0,1,0,0,0,0,0,0,1,1,False,False,Chi Luxury
chias letchon house,0,0,0,0,0,0,0,1,0,0,0,0,1,1,False,False,CHIA'S LETCHON HOUSE
chibis fried chicken,0,0,0,0,0,0,0,0,0,0,1,0,1,1,False,False,CHIBIS FRIED CHICKEN
chicberry,0,0,0,0,0,0,0,1,0,0,0,0,1,1,False,False,Chicberry
chick net,0,0,1,0,0,0,0,0,0,0,0,0,1,1,False,False,Chick Net
chick wings,0,0,0,0,0,0,0,1,0,0,0,0,1,1,False,False,CHICK WINGS
chicken chingu,0,1,0,0,0,0,0,0,0,0,0,0,1,1,False,False,CHICKEN CHINGU
chickin,0,0,0,0,0,1,0,0,0,0,0,0,1,1,False,False,Chickin
chin sticks food corner,0,0,0,0,0,0,0,1,0,0,0,0,1,1,False,False,Chin Sticks Food Corner
china bank atm,0,0,0,0,1,0,0,0,0,0,0,0,1,1,False,False,China Bank ATM
china bank savings,0,0,0,0,0,0,0,0,1,0,0,0,1,1,False,False,CHINA BANK SAVINGS
china mommy,0,0,0,0,0,0,0,1,0,0,0,0,1,1,False,False,China Mommy
chocolate chamber,0,0,0,0,0,0,0,1,0,0,0,0,1,1,False,False,The Chocolate Chamber
choi garden,0,0,0,0,0,0,1,0,0,0,0,0,1,1,False,False,Choi Garden
choo choo train,0,0,0,0,0,0,0,1,0,0,0,0,1,1,False,False,THE CHOO CHOO TRAIN
chosen lane,0,0,0,0,0,0,0,0,0,0,0,1,1,1,False,False,CHOSEN LANE
chotto matcha,0,0,0,0,0,1,0,0,0,0,0,0,1,1,False,False,Chotto Matcha
chow dynasty,0,0,0,0,0,0,1,0,0,0,0,0,1,1,False,False,Chow Dynasty
chowking 0912 294 7886,0,0,0,0,0,0,0,1,0,0,0,0,1,1,False,False,CHOWKING 0912-294-7886 (NEW)
chowtime,0,0,0,0,0,0,0,0,0,0,1,0,1,1,False,False,CHOWTIME
chrishas kitchen,0,1,0,0,0,0,0,0,0,0,0,0,1,1,False,False,CHRISHA'S KITCHEN
christian dior,0,1,0,0,0,0,0,0,0,0,0,0,1,1,False,False,CHRISTIAN DIOR
christianna,0,1,0,0,0,0,0,0,0,0,0,0,1,1,False,False,CHRISTIANNA
christine lhuillere parfumerie,1,0,0,0,0,0,0,0,0,0,0,0,1,1,False,False,Christine Lhuillere Parfumerie
christine lhuillier perfumerie,0,0,0,0,0,0,0,1,0,0,0,0,1,1,False,False,CHRISTINE LHUILLIER PERFUMERIE
christine llhuilier,0,0,0,0,0,0,1,0,0,0,0,0,1,1,False,False,Christine Llhuilier
chroma men,0,0,0,0,0,0,0,1,0,0,0,0,1,1,False,False,CHROMA MEN
chocfull of nuts,0,0,0,0,0,0,0,1,0,0,0,0,1,1,False,False,Chocfull of Nuts
chlosam laundry services,0,0,0,0,0,0,0,0,1,0,0,0,1,1,False,False,CHLOSAM LAUNDRY SERVICES
chizmoza,0,0,0,0,0,0,1,0,0,0,0,0,1,1,False,False,Chizmoza
chingu buko house 9177725146,0,0,0,0,0,0,0,1,0,0,0,0,1,1,False,False,CHINGU BUKO HOUSE 9177725146
chinabank atm,0,0,0,0,0,1,0,0,0,0,0,0,1,1,False,False,Chinabank ATM
chinatown cafe,0,0,0,0,0,0,0,0,1,0,0,0,1,1,False,False,CHINATOWN CAFE
chinese mandarin,0,0,0,0,0,0,1,0,0,0,0,0,1,1,False,False,Chinese Mandarin
chingkeetea,0,1,0,0,0,0,0,0,0,0,0,0,1,1,False,False,CHINGKEETEA
chingu buko house 0925 735 0760,0,0,0,0,0,0,0,1,0,0,0,0,1,1,False,False,CHINGU BUKO HOUSE 0925-735-0760
chingu buko house 0950 877 1061,0,0,0,0,0,0,0,1,0,0,0,0,1,1,False,False,Chingu Buko House 📲 0950-877-1061
chino latino,0,0,0,0,0,0,0,1,0,0,0,0,1,1,False,False,CHINO LATINO (FOOD TRUCK) (NEW)
chiropractor inc,0,0,0,0,0,1,0,0,0,0,0,0,1,1,False,False,"The Chiropractor, Inc."
chinooks,0,0,0,0,0,0,0,1,0,0,0,0,1,1,False,False,CHINOOKS
chinooks roast and fried chicken,0,0,0,0,0,0,0,1,0,0,0,0,1,1,False,False,CHINOOKS ROAST AND FRIED CHICKEN
chinoys merienda express delight mitsubishi caravan,0,0,0,0,0,0,0,0,0,0,0,1,1,1,False,False,Chinoys Merienda Express Delight MITSUBISHI CARAVAN
chins express inihaw express,0,0,1,0,0,0,0,0,0,0,0,0,1,1,False,False,Chin’s Express / Inihaw Express
chippens,0,0,0,0,0,0,0,1,0,0,0,0,1,1,False,False,CHIPPENS
chirks n dips,0,0,0,0,0,0,0,1,0,0,0,0,1,1,False,False,Chirk's N' Dips
cherrys house of stitches n frames,0,0,0,0,0,0,0,0,0,0,1,0,1,1,False,False,Cherry's House of Stitches N' Frames
cherry turf,0,0,0,0,0,0,0,0,1,0,0,0,1,1,False,False,CHERRY TURF
cellxesorya,0,0,0,0,0,0,0,1,0,0,0,0,1,1,False,False,Cellxesorya
cg skin solutions,0,0,0,0,0,0,0,0,1,0,0,0,1,1,False,False,CG SKIN SOLUTIONS
chaa,0,0,0,0,0,0,0,1,0,0,0,0,1,1,False,False,Chaa
chai connection,0,0,0,0,0,0,0,0,1,0,0,0,1,1,False,False,CHAI CONNECTION
chaiwan milktea house,0,0,0,0,0,0,0,0,1,0,0,0,1,1,False,False,CHAIWAN MILKTEA HOUSE
champion sports park,0,0,1,0,0,0,0,0,0,0,0,0,1,1,False,False,Champion Sports Park
chang thai tea,0,0,0,0,0,0,0,1,0,0,0,0,1,1,False,False,CHANG THAI TEA
chansel pizza haus,0,0,0,0,0,0,0,0,1,0,0,0,1,1,False,False,CHANSEL PIZZA HAUS
chantel mobile,0,0,0,0,1,0,0,0,0,0,0,0,1,1,False,False,Chantel Mobile
chanti gem fine jewelry collection,0,1,0,0,0,0,0,0,0,0,0,0,1,1,False,False,CHANTI GEM FINE JEWELRY COLLECTION
chapel of our lady of perpetual hope,0,1,0,0,0,0,0,0,0,0,0,0,1,1,False,False,CHAPEL OF OUR LADY OF PERPETUAL HOPE
chapes delectables,0,0,0,0,0,0,0,0,1,0,0,0,1,1,False,False,CHAPES DELECTABLES
chapes keto cakes and donuts,0,0,0,0,0,0,0,0,1,0,0,0,1,1,False,False,CHAPES KETO CAKES AND DONUTS
chapes keto dream cakes,0,0,0,0,0,0,0,0,1,0,0,0,1,1,False,False,CHAPES KETO DREAM CAKES
chapos grill & sizzlers,0,0,0,0,0,0,0,1,0,0,0,0,1,1,False,False,Chapo's Grill & Sizzlers
chapos grill and sizzlers,0,0,0,0,0,0,0,0,1,0,0,0,1,1,False,False,CHAPOS GRILL AND SIZZLERS
charging station,0,0,0,1,0,0,0,0,0,0,0,0,1,1,False,False,Charging Station (3RD)
cha tuk chak thai cafe,0,0,0,0,0,0,0,0,1,0,0,0,1,1,False,False,CHA TUK CHAK THAI CAFE
cfront quesine,0,0,0,0,0,0,0,0,1,0,0,0,1,1,False,False,CFRONT QUESINE
cherry service center,0,0,0,0,1,0,0,0,0,0,0,0,1,1,False,False,Cherry Service Center
cfg,0,1,0,0,0,0,0,0,0,0,0,0,1,1,False,False,CFG
cena golden free fashion shop,0,1,0,0,0,0,0,0,0,0,0,0,1,1,False,False,CENA GOLDEN FREE FASHION SHOP
cencio,0,0,0,0,0,0,0,1,0,0,0,0,1,1,False,False,Cencio
cencom,1,0,0,0,0,0,0,0,0,0,0,0,1,1,False,False,CENCOM
center for advanced dentistry,0,0,0,0,0,0,1,0,0,0,0,0,1,1,False,False,Center for Advanced Dentistry (CAD)
center stage,0,0,0,0,0,0,0,0,1,0,0,0,1,1,False,False,CENTER STAGE
centrafone mobile inc,0,0,0,0,0,0,0,0,0,0,0,1,1,1,False,False,"CENTRAFONE MOBILE, INC."
central gallery,1,0,0,0,0,0,0,0,0,0,0,0,1,1,False,False,CENTRAL GALLERY
central jewelry,0,0,0,0,0,0,1,0,0,0,0,0,1,1,False,False,Central Jewelry
centro department store,0,0,0,0,0,0,0,0,0,0,0,1,1,1,False,False,CENTRO DEPARTMENT STORE
centro dept,0,0,0,0,0,0,0,0,0,0,0,1,1,1,False,False,CENTRO DEPT
centro dept store lotto,0,0,0,0,0,0,0,0,0,0,0,1,1,1,False,False,CENTRO DEPT. STORE LOTTO
ceo,0,0,0,0,0,0,0,1,0,0,0,0,1,1,False,False,CEO
cerveseria,0,0,0,0,0,1,0,0,0,0,0,0,1,1,False,False,Cerveseria
cess and gab cellphone and accessories store,0,0,0,0,0,0,0,1,0,0,0,0,1,1,False,False,Cess and Gab Cellphone and Accessories Store
ceylanka 0998 846 3813,0,0,0,0,0,0,0,1,0,0,0,0,1,1,False,False,CEYLANKA 0998-846-3813
charina sarte,0,1,0,0,0,0,0,0,0,0,0,0,1,1,False,False,CHARINA SARTE
charitos delights,0,0,0,0,0,0,0,1,0,0,0,0,1,1,False,False,Charito's Delights
charlene clothing,0,1,0,0,0,0,0,0,0,0,0,0,1,1,False,False,CHARLENE CLOTHING
charlene clothing co,0,0,0,0,0,0,0,1,0,0,0,0,1,1,False,False,Charlene Clothing Co.
chef sinauna,0,0,0,0,0,0,1,0,0,0,0,0,1,1,False,False,Chef Sinauna
chef tonys,0,0,0,0,0,0,0,1,0,0,0,0,1,1,False,False,Chef Tony's
chef vinz lugawan,0,0,0,0,1,0,0,0,0,0,0,0,1,1,False,False,Chef Vinz Lugawan
chef waffles & pastries,0,0,0,0,0,0,0,1,0,0,0,0,1,1,False,False,CHEF WAFFLES & PASTRIES
chefnaths cronuts,0,0,0,0,0,0,0,0,1,0,0,0,1,1,False,False,CHEFNATHS CRONUTS
chefs bowl & rice,0,0,0,0,0,0,0,1,0,0,0,0,1,1,False,False,Chef's Bowl & Rice
cheggs,0,0,0,0,0,0,0,1,0,0,0,0,1,1,False,False,Cheggs
chelsea,0,1,0,0,0,0,0,0,0,0,0,0,1,1,False,False,CHELSEA
chemworld,0,0,0,0,0,1,0,0,0,0,0,0,1,1,False,False,Chemworld
chemworld fragrance,0,0,1,0,0,0,0,0,0,0,0,0,1,1,False,False,Chemworld Fragrance
cher nail tropics salon & spa,0,0,1,0,0,0,0,0,0,0,0,0,1,1,False,False,Cher Nail Tropics Salon & Spa
cherish bakeshop,0,0,0,0,1,0,0,0,0,0,0,0,1,1,False,False,Cherish Bakeshop
cherry miranda optical clinic,0,0,0,0,0,0,0,0,0,0,1,0,1,1,False,False,Cherry Miranda Optical Clinic
cherry mobile miguelitos,0,0,0,0,0,0,0,0,0,0,0,1,1,1,False,False,Cherry Mobile MIGUELITOS
cherry mobile store,0,0,0,0,0,0,0,0,0,1,0,0,1,1,False,False,CHERRY MOBILE STORE
chef restys beef carving station,0,0,0,0,0,1,0,0,0,0,0,0,1,1,False,False,Chef Resty's Beef Carving Station
chef rahab,0,0,0,0,0,0,0,0,1,0,0,0,1,1,False,False,CHEF RAHAB
chef gerwins happy tummy binalot 0905 488 2537,0,0,0,0,0,0,0,1,0,0,0,0,1,1,False,False,CHEF GERWIN'S HAPPY TUMMY BINALOT 0905 488 2537
chaya,0,0,0,0,0,0,0,0,1,0,0,0,1,1,False,False,CHAYA
charm by dr j lopez md,0,0,0,0,0,0,1,0,0,0,0,0,1,1,False,False,Charm by Dr. J. Lopez MD
charms gift shop & accesories,0,0,0,0,0,0,0,1,0,0,0,0,1,1,False,False,CHARMS GIFT SHOP & ACCESORIES
charms sapin sapin,0,0,0,0,0,0,0,0,1,0,0,0,1,1,False,False,CHARMS SAPIN-SAPIN
chase,0,1,0,0,0,0,0,0,0,0,0,0,1,1,False,False,CHASE
chateau 1771,0,1,0,0,0,0,0,0,0,0,0,0,1,1,False,False,CHATEAU 1771
chatoyer,0,0,0,1,0,0,0,0,0,0,0,0,1,1,False,False,Chatoyer
chayi,0,0,0,0,0,1,0,0,0,0,0,0,1,1,False,False,ChaYi
chef corea,0,0,0,0,0,1,0,0,0,0,0,0,1,1,False,False,Chef Corea
chebi webbi,0,0,0,0,0,0,1,0,0,0,0,0,1,1,False,False,Chebi Webbi
chedengs snack bar,0,0,0,0,0,0,0,0,1,0,0,0,1,1,False,False,CHEDENGS SNACK BAR
cheechat clothing shop,0,1,0,0,0,0,0,0,0,0,0,0,1,1,False,False,CHEECHAT CLOTHING SHOP
cheese & stalk,0,0,0,0,0,0,0,0,1,0,0,0,1,1,False,False,CHEESE & STALK
cheese corn express,0,0,0,0,0,0,0,1,0,0,0,0,1,1,False,False,Cheese Corn Express
cheesu,0,0,0,0,0,0,0,0,1,0,0,0,1,1,False,False,CHEESU
dalmore cigar lounge,0,0,0,0,0,1,0,0,0,0,0,0,1,1,False,False,Dalmore Cigar Lounge
dalubhasa,0,0,0,0,0,0,1,0,0,0,0,0,1,1,False,False,Dalubhasa
mins korean grilling station,0,0,0,0,0,0,0,0,1,0,0,0,1,1,False,False,MIN'S KOREAN GRILLING STATION
elevate fitness studio,0,0,0,0,0,0,0,1,0,0,0,0,1,1,False,False,Elevate Fitness Studio
elita reyes canteen,0,0,0,0,1,0,0,0,0,0,0,0,1,1,False,False,Elita Reyes - Canteen
elite & aqua mineral,0,0,0,0,0,0,0,1,0,0,0,0,1,1,False,False,Elite & Aqua Mineral
elite cut salon,0,0,0,0,0,0,0,0,1,0,0,0,1,1,False,False,ELITE CUT SALON
elite fitness,0,0,0,0,0,1,0,0,0,0,0,0,1,1,False,False,Elite Fitness
elite mnl,0,0,1,0,0,0,0,0,0,0,0,0,1,1,False,False,Elite Mnl
elixer aesthec center,0,0,0,0,0,0,0,1,0,0,0,0,1,1,False,False,THE ELIXER AESTHEC CENTER
elixir aesthetic center,0,0,0,0,0,0,0,1,0,0,0,0,1,1,False,False,THE ELIXIR AESTHETIC CENTER
elle de marrer 639190954320,0,0,0,0,0,0,0,1,0,0,0,0,1,1,False,False,Elle De Marrer 639190954320
elles salad,0,0,0,0,0,0,0,1,0,0,0,0,1,1,False,False,Elle's Salad
elliot bar restaurant,0,0,0,0,0,0,0,0,1,0,0,0,1,1,False,False,ELLIOT BAR RESTAURANT
elmers massage,0,0,0,0,0,0,0,1,0,0,0,0,1,1,False,False,ELMER'S MASSAGE
elmo rose cellphone accessories,0,0,0,0,0,0,0,0,0,0,1,0,1,1,False,False,Elmo-Rose Cellphone Accessories
elov chinese drug store,0,0,0,0,0,0,0,0,0,0,1,0,1,1,False,False,Elov Chinese Drug Store
elros barber shop,0,0,0,0,0,0,0,0,1,0,0,0,1,1,False,False,ELRO'S BARBER SHOP
elverde food,0,0,0,0,0,0,1,0,0,0,0,0,1,1,False,False,Elverde Food
eliahbella aesthetics and skin clinic,0,0,0,0,0,0,0,0,1,0,0,0,1,1,False,False,ELIAHBELLA AESTHETICS AND SKIN CLINIC
elev8 fitness studio,0,0,0,0,0,0,0,0,1,0,0,0,1,1,False,False,ELEV8 FITNESS STUDIO
el chato mexican kitchen,0,0,0,0,0,0,0,0,1,0,0,0,1,1,False,False,EL CHATO MEXICAN KITCHEN
elenj general,0,0,0,0,0,0,0,0,0,0,0,1,1,1,False,False,ELENJ GENERAL (ESSENSA)
el ideal,0,1,0,0,0,0,0,0,0,0,0,0,1,1,False,False,EL IDEAL
el paso cafe,0,1,0,0,0,0,0,0,0,0,0,0,1,1,False,False,EL PASO CAFÉ
el torogi extension ufc telecom,0,0,0,0,0,0,0,0,0,0,0,1,1,1,False,False,EL TOROGI EXTENSION UFC TELECOM
el torogi mrc,0,0,0,0,0,0,0,0,0,0,0,1,1,1,False,False,EL TOROGI MRC
elait,0,0,0,0,0,0,0,0,1,0,0,0,1,1,False,False,ELAIT
elait overdoughs,0,0,0,0,0,1,0,0,0,0,0,0,1,1,False,False,Elait + Overdoughs
elarz lechon,0,0,0,0,0,0,0,1,0,0,0,0,1,1,False,False,Elarz Lechon
eldio elcias pasalubong center,0,0,0,0,0,1,0,0,0,0,0,0,1,1,False,False,Eldio Elcia's Pasalubong Center
electric cycle,0,0,0,0,0,0,1,0,0,0,0,0,1,1,False,False,Electric Cycle
electric massage chair,0,0,0,0,0,0,0,1,0,0,0,0,1,1,False,False,ELECTRIC MASSAGE CHAIR
electric studio rhythm boxing,0,0,0,0,0,0,0,0,1,0,0,0,1,1,False,False,ELECTRIC STUDIO RHYTHM BOXING
electrocomputer data system,0,0,0,0,0,0,0,0,1,0,0,0,1,1,False,False,ELECTROCOMPUTER DATA SYSTEM
electromechanical shop,0,0,0,0,0,0,0,0,0,0,0,1,1,1,False,False,ELECTROMECHANICAL SHOP
electronico,0,0,0,0,0,0,0,1,0,0,0,0,1,1,False,False,Electronico
elederm skin clinic,0,0,0,0,0,0,0,1,0,0,0,0,1,1,False,False,Elederm Skin Clinic
elygem cellphone accessories,0,0,0,0,0,0,0,0,0,0,0,1,1,1,False,False,ELYGEM CELLPHONE ACCESSORIES
elygem ii cellphone accessories 2,0,0,0,0,0,0,0,0,0,0,0,1,1,1,False,False,ELYGEM II CELLPHONE ACCESSORIES 2
emcor,0,0,0,0,0,0,0,1,0,0,0,0,1,1,False,False,Emcor
emerald star jewelry,0,0,0,0,0,0,0,1,0,0,0,0,1,1,False,False,Emerald Star Jewelry
emshar,0,0,0,0,0,0,0,1,0,0,0,0,1,1,False,False,Emshar
emsq fragrant,0,0,0,0,0,0,0,1,0,0,0,0,1,1,False,False,EMSQ Fragrant
encarnacion furnitures,0,0,0,0,0,0,0,1,0,0,0,0,1,1,False,False,Encarnacion Furnitures
endless treasures,0,0,0,0,0,0,0,0,1,0,0,0,1,1,False,False,ENDLESS TREASURES
engkanto brewery,0,0,0,0,0,1,0,0,0,0,0,0,1,1,False,False,Engkanto Brewery
enhance cosmetic surgery skin care center,0,0,0,0,0,0,0,0,1,0,0,0,1,1,False,False,ENHANCE COSMETIC SURGERY SKIN CARE CENTER
enovas modular cabinet trading,0,0,0,0,0,0,0,0,1,0,0,0,1,1,False,False,ENOVAS MODULAR CABINET TRADING
ensorcell beauty,0,0,0,0,0,0,1,0,0,0,0,0,1,1,False,False,Ensorcell Beauty
enter10,0,0,0,0,0,1,0,0,0,0,0,0,1,1,False,False,Enter10
envy me salon & spa,0,0,0,0,0,0,0,1,0,0,0,0,1,1,False,False,Envy Me Salon & Spa
envyblooms skincare clinic,0,0,0,0,0,0,0,0,1,0,0,0,1,1,False,False,ENVYBLOOMS SKINCARE CLINIC
eo executives optical,0,0,0,0,0,0,0,1,0,0,0,0,1,1,False,False,EO EXECUTIVES OPTICAL
eo for kids and up 0998 573 1087,0,0,0,0,0,0,0,1,0,0,0,0,1,1,False,False,EO FOR KIDS AND UP 0998-573-1087
eo kids and up,0,0,0,0,0,0,0,1,0,0,0,0,1,1,False,False,EO KIDS AND UP
eomma korean foody,0,0,1,0,0,0,0,0,0,0,0,0,1,1,False,False,Eomma Korean Foody
ems pasta and rolls,0,0,0,0,1,0,0,0,0,0,0,0,1,1,False,False,EMS Pasta and Rolls
empress dining palace,0,1,0,0,0,0,0,0,0,0,0,0,1,1,False,False,THE EMPRESS DINING PALACE
empress beauty skin care essentials,0,1,0,0,0,0,0,0,0,0,0,0,1,1,False,False,EMPRESS BEAUTY SKIN CARE ESSENTIALS
empanada bes,0,0,0,0,0,0,0,1,0,0,0,0,1,1,False,False,EMPANADA BES
emerson watch accessories shop,0,0,0,0,0,0,0,0,1,0,0,0,1,1,False,False,EMERSON WATCH ACCESSORIES SHOP
emilias jewelry,0,1,0,0,0,0,0,0,0,0,0,0,1,1,False,False,EMILIA'S JEWELRY
emj cellphone accesories,0,0,0,0,0,0,0,1,0,0,0,0,1,1,False,False,EMJ CELLPHONE ACCESORIES
emma canalog,0,0,0,0,0,0,1,0,0,0,0,0,1,1,False,False,Emma Canalog
emma lacsons delicacies,0,1,0,0,0,0,0,0,0,0,0,0,1,1,False,False,EMMA LACSON’S DELICACIES
emmans homemade foodeez,0,0,0,0,0,0,0,1,0,0,0,0,1,1,False,False,Emman's Homemade Foodeez
empanada de ilocos,0,0,0,0,0,0,0,1,0,0,0,0,1,1,False,False,EMPANADA DE ILOCOS
empire east showroom,0,0,0,0,0,1,0,0,0,0,0,0,1,1,False,False,Empire East Showroom
empanadabes snack bar,0,0,0,0,0,0,0,0,1,0,0,0,1,1,False,False,EMPANADABES SNACK BAR
emperador,0,0,0,0,0,1,0,0,0,0,0,0,1,1,False,False,Emperador
emperador brandy museum,0,0,0,0,0,1,0,0,0,0,0,0,1,1,False,False,Emperador Brandy Museum
emperor siomai,0,0,0,0,0,0,0,0,0,0,0,1,1,1,False,False,Emperor Siomai
emperors siomai,0,0,0,0,0,0,0,0,0,0,0,1,1,1,False,False,Emperors Siomai
emperors tea,0,0,0,0,0,0,0,1,0,0,0,0,1,1,False,False,Emperor's Tea
el corazon,0,0,0,0,0,1,0,0,0,0,0,0,1,1,False,False,El Corazon
el bonito pizza,0,0,0,0,0,0,0,1,0,0,0,0,1,1,False,False,El Bonito Pizza
er herbal store,0,0,0,0,0,0,0,1,0,0,0,0,1,1,False,False,ER Herbal Store
east city dental center,0,0,0,0,0,0,0,0,0,0,1,0,1,1,False,False,East City Dental Center
eastern terra,0,0,0,0,0,0,0,0,1,0,0,0,1,1,False,False,EASTERN TERRA
eastwing golf,0,0,0,0,0,0,1,0,0,0,0,0,1,1,False,False,Eastwing Golf
eastwood citywalk cinemas,0,0,0,0,0,1,0,0,0,0,0,0,1,1,False,False,Eastwood Citywalk Cinemas
eastwood citywalk cinemas snackbar,0,0,0,0,0,1,0,0,0,0,0,0,1,1,False,False,Eastwood Citywalk Cinemas - Snackbar
eastwood mall cinemas,0,0,0,0,0,1,0,0,0,0,0,0,1,1,False,False,Eastwood Mall Cinemas
eastwood mall cinemas snackbar,0,0,0,0,0,1,0,0,0,0,0,0,1,1,False,False,Eastwood Mall Cinemas - Snackbar
eastworld home,0,1,0,0,0,0,0,0,0,0,0,0,1,1,False,False,EASTWORLD HOME
easy soft,0,0,1,0,0,0,0,0,0,0,0,0,1,1,False,False,Easy Soft
easy tiger,0,0,0,0,0,0,0,0,1,0,0,0,1,1,False,False,"Easy ,Tiger"
easy trip digital station,0,0,0,0,0,0,0,1,0,0,0,0,1,1,False,False,EASY TRIP DIGITAL STATION
eat a pita,0,0,0,0,1,0,0,0,0,0,0,0,1,1,False,False,Eat-A-Pita
eatery happy days,0,0,0,0,0,1,0,0,0,0,0,0,1,1,False,False,Eatery Happy Days
eatfitly,0,0,0,0,0,0,0,0,1,0,0,0,1,1,False,False,EATFITLY
eau thermale av ne,0,0,0,0,0,0,0,0,1,0,0,0,1,1,False,False,EAU THERMALE AV?NE
eau thermale avene,0,0,0,0,0,0,0,0,1,0,0,0,1,1,False,False,EAU THERMALE AVENE
eastern pacific travel & tours mej fashion store,0,0,0,0,0,0,0,0,0,0,0,1,1,1,False,False,Eastern Pacific Travel & Tours MEJ FASHION STORE
ease off by modish,0,0,0,0,0,0,0,0,1,0,0,0,1,1,False,False,EASE OFF BY MODISH
ekart raceway,0,0,0,0,0,0,0,0,1,0,0,0,1,1,False,False,EKART RACEWAY
earthy kit,0,0,0,0,0,0,0,0,1,0,0,0,1,1,False,False,EARTHY KIT
e & es takuyaki,0,0,0,0,0,0,0,1,0,0,0,0,1,1,False,False,E & E's Takuyaki
e accessorize,0,0,0,0,1,0,0,0,0,0,0,0,1,1,False,False,E-Accessorize
e bingo boutique,0,1,0,0,0,0,0,0,0,0,0,0,1,1,False,False,E-BINGO BOUTIQUE
e cp & accessories,0,0,0,0,0,0,0,0,0,0,0,1,1,1,False,False,E CP & ACCESSORIES ( Techie Mania)
e era,0,0,0,0,0,0,0,0,1,0,0,0,1,1,False,False,E-ERA
e g g,0,0,0,0,0,0,0,1,0,0,0,0,1,1,False,False,E.G.G. (Exciting Gifts & Goodies)
e games,0,0,1,0,0,0,0,0,0,0,0,0,1,1,False,False,E-games
e s jamora eye care,0,0,0,0,1,0,0,0,0,0,0,0,1,1,False,False,E.S Jamora Eye Care
e&e takoyaki,0,0,0,0,0,0,0,1,0,0,0,0,1,1,False,False,E&E Takoyaki
e&e takuyaki 9177725146,0,0,0,0,0,0,0,1,0,0,0,0,1,1,False,False,E&E TAKUYAKI 9177725146
e&es takuyaki,0,0,0,0,0,0,0,1,0,0,0,0,1,1,False,False,E&E's Takuyaki
ear technologies,0,0,0,0,0,0,0,0,1,0,0,0,1,1,False,False,EAR TECHNOLOGIES
earls jewelry,0,0,0,0,0,0,0,1,0,0,0,0,1,1,False,False,EARL'S JEWELRY
earls jewelry & souvenirs,0,0,0,0,0,0,0,1,0,0,0,0,1,1,False,False,EARL'S JEWELRY & SOUVENIRS
earth beauty aesthetics,0,0,0,0,0,0,0,0,1,0,0,0,1,1,False,False,EARTH BEAUTY AESTHETICS
ebingo,0,0,0,0,0,0,0,1,0,0,0,0,1,1,False,False,EBINGO
ebiz western union,0,0,0,0,0,0,0,0,0,1,0,0,1,1,False,False,EBIZ WESTERN UNION
ec cafe,0,0,0,0,0,0,0,0,1,0,0,0,1,1,False,False,EC CAFE | RESTAURANT
ec hip hop mini gem exhibit,0,0,0,0,0,0,0,0,0,0,0,1,1,1,False,False,EC HIP HOP MINI GEM EXHIBIT (#9)
edifier,0,0,0,0,0,0,0,0,1,0,0,0,1,1,False,False,EDIFIER
edita aranez jewelry,1,0,0,0,0,0,0,0,0,0,0,0,1,1,False,False,EDITA ARANEZ JEWELRY
ednas pasalubong,0,0,0,0,0,0,0,1,0,0,0,0,1,1,False,False,Edna's Pasalubong
edoya,0,0,0,0,0,1,0,0,0,0,0,0,1,1,False,False,Edoya
eduardo hantic ong,0,0,0,0,0,0,0,0,0,0,0,1,1,1,False,False,EDUARDO HANTIC ONG
edwin lisa,0,0,0,0,0,1,0,0,0,0,0,0,1,1,False,False,Edwin Lisa
eesome,0,0,0,0,0,1,0,0,0,0,0,0,1,1,False,False,Eesome
efren watch repair,0,0,0,0,0,0,0,1,0,0,0,0,1,1,False,False,Efren Watch Repair
egg depot,0,0,0,0,0,0,0,0,1,0,0,0,1,1,False,False,EGG DEPOT
egg exciting gifts goodies,0,1,0,0,0,0,0,0,0,0,0,0,1,1,False,False,EGG [EXCITING GIFTS + GOODIES]
egg project,0,0,0,0,0,0,0,1,0,0,0,0,1,1,False,False,THE EGG PROJECT
egg tarts mnl,0,0,1,0,0,0,0,0,0,0,0,0,1,1,False,False,Egg Tarts Mnl
eggluck,0,0,0,0,0,0,0,1,0,0,0,0,1,1,False,False,EGGLUCK
eight gig,0,0,0,0,0,0,0,0,1,0,0,0,1,1,False,False,EIGHT GIG
eisor fashion collection,0,0,0,0,0,0,0,0,0,0,0,1,1,1,False,False,EISOR FASHION COLLECTION
edifer enterprises,0,0,0,0,0,0,0,1,0,0,0,0,1,1,False,False,EDIFER ENTERPRISES
edifer electronics,0,0,0,0,0,0,0,0,0,0,1,0,1,1,False,False,Edifer Electronics
edgecare plus,0,0,0,0,0,0,0,0,0,0,1,0,1,1,False,False,Edgecare Plus
ecpay,0,1,0,0,0,0,0,0,0,0,0,0,1,1,False,False,ECPAY
eca optical clinic world balance,0,0,0,0,0,0,0,0,0,0,0,1,1,1,False,False,ECA Optical Clinic WORLD BALANCE
ecco,0,0,0,0,0,0,0,0,1,0,0,0,1,1,False,False,ECCO
echague bakery,0,0,0,1,0,0,0,0,0,0,0,0,1,1,False,False,Echague Bakery
echolac,0,0,0,0,0,1,0,0,0,0,0,0,1,1,False,False,Echolac
echt appliance and trading,0,0,0,0,0,0,0,1,0,0,0,0,1,1,False,False,ECHT APPLIANCE AND TRADING
eco oil,0,0,0,0,0,0,0,1,0,0,0,0,1,1,False,False,ECO OIL
eddah,0,0,0,0,0,0,0,1,0,0,0,0,1,1,False,False,Eddah
edge care plus telecom,0,0,0,0,0,0,0,0,1,0,0,0,1,1,False,False,EDGE CARE PLUS TELECOM
eden hair & nail station,0,0,0,0,0,0,0,1,0,0,0,0,1,1,False,False,EDEN HAIR & NAIL STATION
edengs toy center,0,1,0,0,0,0,0,0,0,0,0,0,1,1,False,False,EDENG'S TOY CENTER
edens hair & nail salon,0,0,0,0,0,0,0,1,0,0,0,0,1,1,False,False,EDEN'S HAIR & NAIL SALON
edens lechon,0,0,0,0,1,0,0,0,0,0,0,0,1,1,False,False,Eden's Lechon
edge,0,0,0,0,1,0,0,0,0,0,0,0,1,1,False,False,Edge
edge care plus,0,0,0,0,0,0,0,0,1,0,0,0,1,1,False,False,EDGE CARE PLUS
er herbal,0,0,0,0,0,0,0,1,0,0,0,0,1,1,False,False,ER Herbal
ergo home,0,0,0,0,0,0,0,0,1,0,0,0,1,1,False,False,ERGO HOME
dynasty stir fry noodles & dimsum 93855416870,0,0,0,0,0,0,0,1,0,0,0,0,1,1,False,False,DYNASTY STIR FRY NOODLES & DIMSUM 93855416870
eyepod,0,0,0,0,0,0,0,0,1,0,0,0,1,1,False,False,THE EYEPOD
eyes at work,0,0,0,0,1,0,0,0,0,0,0,0,1,1,False,False,Eyes at Work
eyezone vision center,0,0,0,0,0,0,0,0,1,0,0,0,1,1,False,False,EYEZONE VISION CENTER
ez text,0,0,0,0,0,0,1,0,0,0,0,0,1,1,False,False,Ez Text
f,0,0,0,0,1,0,0,0,0,0,0,0,1,1,False,False,F
f&c jewelry,0,1,0,0,0,0,0,0,0,0,0,0,1,1,False,False,F&C JEWELRY
f&m niceday carwash,0,0,0,0,0,0,0,1,0,0,0,0,1,1,False,False,F&M Niceday Carwash
faathena gen merchandise,0,0,0,0,0,0,0,1,0,0,0,0,1,1,False,False,FAATHENA GEN. MERCHANDISE
fab you lush,0,0,0,0,0,0,0,1,0,0,0,0,1,1,False,False,FAB-YOU-LUSH
fabric life by larrys,0,0,0,0,0,0,0,0,1,0,0,0,1,1,False,False,FABRIC LIFE BY LARRYS
fabrics plus,0,0,0,0,0,0,0,0,1,0,0,0,1,1,False,False,FABRICS PLUS
fabularize smile,0,0,0,0,0,0,0,1,0,0,0,0,1,1,False,False,FABULARIZE SMILE
fabularized cafe,0,0,0,0,0,0,0,1,0,0,0,0,1,1,False,False,FABULARIZED CAFE
fabulous burger,0,0,0,0,1,0,0,0,0,0,0,0,1,1,False,False,Fabulous Burger
face,0,1,0,0,0,0,0,0,0,0,0,0,1,1,False,False,FACE
faceshop,0,0,0,0,0,0,0,1,0,0,0,0,1,1,False,False,THE FACESHOP
eyes & shades optical clinic,0,0,0,0,0,0,0,1,0,0,0,0,1,1,False,False,Eyes & Shades Optical Clinic
eyecrafter,0,1,0,0,0,0,0,0,0,0,0,0,1,1,False,False,EYECRAFTER
exquisite advance dental center,0,0,0,0,0,0,0,1,0,0,0,0,1,1,False,False,EXQUISITE ADVANCE DENTAL CENTER
eyecare deluxe optical clinic,0,1,0,0,0,0,0,0,0,0,0,0,1,1,False,False,EYECARE DELUXE OPTICAL CLINIC
extraordineri salon,0,1,0,0,0,0,0,0,0,0,0,0,1,1,False,False,EXTRAORDINERI SALON
extreme mobile,0,0,0,0,1,0,0,0,0,0,0,0,1,1,False,False,Extreme Mobile
extreme mobile cellphone accessories,0,0,0,0,1,0,0,0,0,0,0,0,1,1,False,False,Extreme-Mobile Cellphone Accessories
exzone repair shop,0,0,0,0,0,0,0,0,1,0,0,0,1,1,False,False,EXZONE REPAIR SHOP
eye & optics,0,0,0,0,0,0,0,1,0,0,0,0,1,1,False,False,Eye & Optics
eye city,0,0,0,0,0,1,0,0,0,0,0,0,1,1,False,False,The Eye City
eye design optical clinic,0,0,0,0,0,0,0,1,0,0,0,0,1,1,False,False,Eye Design Optical Clinic
eye lab,0,0,0,0,0,0,0,0,1,0,0,0,1,1,False,False,THE EYE LAB
eye optics,0,0,0,0,0,0,0,0,1,0,0,0,1,1,False,False,EYE OPTICS
eye q optical solution,1,0,0,0,0,0,0,0,0,0,0,0,1,1,False,False,EYE-Q OPTICAL SOLUTION
eye republic,0,1,0,0,0,0,0,0,0,0,0,0,1,1,False,False,EYE REPUBLIC
eye sports,0,1,0,0,0,0,0,0,0,0,0,0,1,1,False,False,EYE SPORTS
eye studio,0,0,0,0,0,0,0,1,0,0,0,0,1,1,False,False,Eye Studio
eye style vision ctr,0,0,0,0,1,0,0,0,0,0,0,0,1,1,False,False,Eye Style Vision CTR
eyebrowdery,0,0,0,0,0,0,0,0,1,0,0,0,1,1,False,False,THE EYEBROWDERY
facial plus,0,1,0,0,0,0,0,0,0,0,0,0,1,1,False,False,FACIAL PLUS
facial plus spa,0,0,0,0,0,0,0,0,1,0,0,0,1,1,False,False,FACIAL PLUS SPA
fairy land,0,0,0,0,0,0,0,1,0,0,0,0,1,1,False,False,Fairy land
fairy trail 9332662016,0,0,0,0,0,0,0,1,0,0,0,0,1,1,False,False,Fairy Trail 9332662016
fashion 21,0,0,0,0,0,0,0,1,0,0,0,0,1,1,False,False,FASHION 21
fashion face exhibit,0,0,0,0,0,0,0,0,0,0,0,1,1,1,False,False,FASHION FACE EXHIBIT
fashion mobile,0,0,0,0,0,0,0,0,1,0,0,0,1,1,False,False,FASHION MOBILE
fashion plate,0,0,0,0,0,0,0,0,0,0,0,1,1,1,False,False,FASHION PLATE
fashion plate rsc,0,0,0,0,0,0,0,0,0,0,0,1,1,1,False,False,THE FASHION PLATE/RSC
fashion square 9533153345,0,0,0,0,0,0,0,1,0,0,0,0,1,1,False,False,Fashion Square 9533153345
fashion tv,0,1,0,0,0,0,0,0,0,0,0,0,1,1,False,False,FASHION TV
fashion view btg,0,0,0,0,1,0,0,0,0,0,0,0,1,1,False,False,Fashion View BTG
fashionista mom beauty lounge,0,0,0,0,0,0,0,0,1,0,0,0,1,1,False,False,FASHIONISTA MOM BEAUTY LOUNGE
fashionistas dimsum republic,0,0,0,0,0,0,0,0,0,0,0,1,1,1,False,False,FASHIONISTA'S DIMSUM REPUBLIC
fast fix key duplication shoes and bags repair,0,0,0,0,0,0,0,0,1,0,0,0,1,1,False,False,FAST FIX KEY DUPLICATION SHOES AND BAGS REPAIR
fast play,0,0,0,0,0,0,0,1,0,0,0,0,1,1,False,False,FAST PLAY
fastplay,0,0,0,0,0,0,0,1,0,0,0,0,1,1,False,False,Fastplay
fat belly kitchen,0,0,0,0,0,0,0,1,0,0,0,0,1,1,False,False,FAT BELLY KITCHEN
fat chef restaurant,0,0,0,0,0,0,0,0,1,0,0,0,1,1,False,False,FAT CHEF RESTAURANT
fashion 101,0,0,0,0,0,0,1,0,0,0,0,0,1,1,False,False,Fashion 101
farronccino cafe,0,0,0,0,1,0,0,0,0,0,0,0,1,1,False,False,Farronccino Café
farron coffee,0,0,0,1,0,0,0,0,0,0,0,0,1,1,False,False,FARRON COFFEE
family fried chicken,0,0,0,0,0,0,0,1,0,0,0,0,1,1,False,False,FAMILY FRIED CHICKEN
fairy trail trackless electric train,0,0,0,0,0,0,0,1,0,0,0,0,1,1,False,False,FAIRY TRAIL TRACKLESS ELECTRIC TRAIN (OPEN)
fairyland specialty shop,0,0,0,0,0,0,0,1,0,0,0,0,1,1,False,False,Fairyland Specialty Shop
falcor marketing corporation,0,0,0,0,0,0,0,0,1,0,0,0,1,1,False,False,FALCOR MARKETING CORPORATION
fame in hollywood diner,0,0,0,0,1,0,0,0,0,0,0,0,1,1,False,False,Fame in Hollywood Diner
family appliance center,0,0,0,0,1,0,0,0,0,0,0,0,1,1,False,False,Family Appliance Center
family eye center,0,0,0,0,0,0,0,1,0,0,0,0,1,1,False,False,Family Eye Center
family health & beauty corp,0,0,0,0,0,0,0,0,0,0,0,1,1,1,False,False,FAMILY HEALTH & BEAUTY CORP.
farmery deli,0,0,0,0,0,0,1,0,0,0,0,0,1,1,False,False,Farmery Deli
famous belgain waffle,0,0,0,0,0,0,0,1,0,0,0,0,1,1,False,False,FAMOUS BELGAIN WAFFLE
famous belgian,0,0,0,0,0,0,0,1,0,0,0,0,1,1,False,False,FAMOUS BELGIAN
famous belgian waffle 0932 232 9222,0,0,0,0,0,0,0,1,0,0,0,0,1,1,False,False,FAMOUS BELGIAN WAFFLE 0932-232-9222
famous country waffles,0,0,0,0,0,0,0,1,0,0,0,0,1,1,False,False,FAMOUS COUNTRY WAFFLES
fantasyworld,0,0,0,0,0,0,0,0,1,0,0,0,1,1,False,False,FANTASYWORLD
farm stay,0,0,0,0,1,0,0,0,0,0,0,0,1,1,False,False,Farm Stay
exquisite advanced dental clinic,0,0,0,0,0,0,0,1,0,0,0,0,1,1,False,False,EXQUISITE ADVANCED DENTAL CLINIC
expressions stationery shop inc,0,0,0,0,0,0,0,0,0,1,0,0,1,1,False,False,"EXPRESSIONS STATIONERY SHOP, INC."
eric kayser,0,0,0,0,0,0,0,0,1,0,0,0,1,1,False,False,ERIC KAYSER
essence derm aesthetic,0,0,0,0,0,1,0,0,0,0,0,0,1,1,False,False,Essence Derm Aesthetic
essens,0,0,0,0,0,0,0,0,0,0,1,0,1,1,False,False,Essens
essensuals by toni guy,0,0,0,0,0,0,0,0,1,0,0,0,1,1,False,False,ESSENSUALS BY TONI GUY
essenza esthetica,0,0,0,0,0,0,0,0,1,0,0,0,1,1,False,False,ESSENZA ESTHETICA
est by grand castella,0,0,0,0,0,0,0,0,1,0,0,0,1,1,False,False,EST BY GRAND CASTELLA
estees toy house,0,0,0,0,0,0,0,1,0,0,0,0,1,1,False,False,Estee's Toy House
esthetique,0,0,0,0,0,0,0,0,1,0,0,0,1,1,False,False,ESTHETIQUE
ettas,0,0,0,0,0,0,0,0,1,0,0,0,1,1,False,False,ETTAS
etude casa musica,0,1,0,0,0,0,0,0,0,0,0,0,1,1,False,False,ETUDE CASA MUSICA
eu yan sang,0,0,0,0,0,0,0,1,0,0,0,0,1,1,False,False,Eu Yan Sang
euphony,0,0,0,0,0,0,0,1,0,0,0,0,1,1,False,False,Euphony
euro baker bakeshop,0,0,0,0,1,0,0,0,0,0,0,0,1,1,False,False,Euro Baker Bakeshop
euro oriental massage,0,0,0,0,0,0,0,0,1,0,0,0,1,1,False,False,EURO-ORIENTAL MASSAGE
eurobake,0,0,0,0,0,0,1,0,0,0,0,0,1,1,False,False,Eurobake
eurocave,0,1,0,0,0,0,0,0,0,0,0,0,1,1,False,False,EUROCAVE
euronet,0,1,0,0,0,0,0,0,0,0,0,0,1,1,False,False,EURONET
essencia skin care spa,0,0,0,0,0,0,0,0,1,0,0,0,1,1,False,False,ESSENCIA SKIN CARE SPA
esse parfum,0,0,0,0,0,0,0,0,1,0,0,0,1,1,False,False,ESSE PARFUM
expressions stationery shop,0,0,0,0,0,0,0,0,0,1,0,0,1,1,False,False,EXPRESSIONS STATIONERY SHOP
esse,0,0,0,0,0,0,0,1,0,0,0,0,1,1,False,False,ESSE
erickelle marie frances,0,0,0,0,0,0,0,1,0,0,0,0,1,1,False,False,Erickelle Marie Frances
ermenegildo zegna,0,1,0,0,0,0,0,0,0,0,0,0,1,1,False,False,ERMENEGILDO ZEGNA
ernies lemonade,0,0,0,0,0,0,0,0,0,0,0,1,1,1,False,False,ERNIE'S LEMONADE
eronic cp and accessories 2,0,0,0,0,0,0,0,0,0,0,0,1,1,1,False,False,ERONIC CP AND ACCESSORIES 2
ersao,0,0,0,0,0,0,0,0,1,0,0,0,1,1,False,False,ERSAO
erwin g hair salon,0,0,0,0,0,0,0,0,1,0,0,0,1,1,False,False,ERWIN G HAIR SALON
es elle aesthetic,0,0,0,0,0,1,0,0,0,0,0,0,1,1,False,False,Es Elle Aesthetic
es things specialty shop,0,0,0,0,0,0,0,0,1,0,0,0,1,1,False,False,ES THINGS SPECIALTY SHOP
escape cebu,0,0,0,0,0,0,0,1,0,0,0,0,1,1,False,False,ESCAPE Cebu
esotico,0,0,0,0,0,0,0,1,0,0,0,0,1,1,False,False,Esotico
esotico jewelry,0,0,0,0,0,0,0,0,1,0,0,0,1,1,False,False,ESOTICO JEWELRY
espacio manila artphile,0,0,1,0,0,0,0,0,0,0,0,0,1,1,False,False,Espacio Manila / Artphile
espieranza,1,0,0,0,0,0,0,0,0,0,0,0,1,1,False,False,ESPIERANZA
espressions mobile center,0,0,0,0,0,0,0,1,0,0,0,0,1,1,False,False,ESPRESSIONS MOBILE CENTER
esprit oshkosh,0,0,0,0,0,0,1,0,0,0,0,0,1,1,False,False,Esprit / Oshkosh
europak,0,0,1,0,0,0,0,0,0,0,0,0,1,1,False,False,Europak
eurostep footwear 9178887849,0,0,0,0,0,0,0,1,0,0,0,0,1,1,False,False,Eurostep Footwear 9178887849
ev dental,0,0,0,0,0,0,0,1,0,0,0,0,1,1,False,False,EV Dental
evans goto,0,0,0,0,0,0,0,1,0,0,0,0,1,1,False,False,EVAN'S GOTO
executive optical jrose fashion and beauty products,0,0,0,0,0,0,0,0,0,0,0,1,1,1,False,False,Executive Optical Jrose Fashion and Beauty Products ( ELBIE PINEDA )
executive optical mini gem exhibit,0,0,0,0,0,0,0,0,0,0,0,1,1,1,False,False,EXECUTIVE OPTICAL MINI GEM EXHIBIT (#3)
exhibit,0,0,0,0,0,0,0,0,0,0,0,1,1,1,False,False,EXHIBIT
exhibit depot,0,0,0,0,0,0,0,0,0,0,0,1,1,1,False,False,EXHIBIT DEPOT
exi health& beauty,0,0,0,0,0,0,0,0,0,0,0,1,1,1,False,False,Exi Health& Beauty
express cut,0,1,0,0,0,0,0,0,0,0,0,0,1,1,False,False,EXPRESS CUT
express relief,0,0,0,0,0,0,0,1,0,0,0,0,1,1,False,False,Express Relief
express sincerity,0,0,0,0,0,0,0,1,0,0,0,0,1,1,False,False,Express Sincerity
expresscut,0,0,0,0,0,0,0,0,1,0,0,0,1,1,False,False,EXPRESSCUT
expresse cafe,0,0,0,0,0,0,0,1,0,0,0,0,1,1,False,False,Expresse Cafe
expression,0,0,0,0,0,0,0,1,0,0,0,0,1,1,False,False,EXPRESSION
expressions exhibit,0,0,0,0,0,0,0,0,0,0,0,1,1,1,False,False,EXPRESSIONS EXHIBIT
expressions fabric square,0,1,0,0,0,0,0,0,0,0,0,0,1,1,False,False,EXPRESSIONS FABRIC SQUARE
expressions stationary,0,0,0,0,1,0,0,0,0,0,0,0,1,1,False,False,Expressions Stationary
expressions stationery inc,0,0,0,0,0,0,0,1,0,0,0,0,1,1,False,False,Expressions Stationery Inc.
executive optical aficionado,0,0,0,0,0,0,0,0,0,0,0,1,1,1,False,False,EXECUTIVE OPTICAL AFICIONADO
exclusively his,0,0,0,0,0,1,0,0,0,0,0,0,1,1,False,False,Exclusively His
exclusive computer,1,0,0,0,0,0,0,0,0,0,0,0,1,1,False,False,EXCLUSIVE COMPUTER
everyday laundry,0,0,0,0,0,0,0,0,1,0,0,0,1,1,False,False,EVERYDAY LAUNDRY
evegate tranquilo wellness massage,0,0,0,0,0,0,0,0,1,0,0,0,1,1,False,False,EVEGATE TRANQUILO WELLNESS MASSAGE
events photo booth bicol,0,0,0,0,0,0,0,1,0,0,0,0,1,1,False,False,Events Photo Booth Bicol
ever bilena,0,0,0,0,0,0,0,1,0,0,0,0,1,1,False,False,EVER BILENA
ever eyewear,0,0,0,0,0,0,0,0,0,0,0,1,1,1,False,False,EVER EYEWEAR
ever new melbourne,0,0,1,0,0,0,0,0,0,0,0,0,1,1,False,False,Ever New Melbourne
everyday coffee roasters,0,0,0,0,0,0,0,0,1,0,0,0,1,1,False,False,EVERYDAY COFFEE ROASTERS
everything nice cakeshop cafe,0,0,0,0,0,0,0,0,1,0,0,0,1,1,False,False,EVERYTHING NICE CAKESHOP CAFE
exchange,0,0,0,0,0,0,0,1,0,0,0,0,1,1,False,False,Exchange
everything yummy,0,0,0,0,0,0,0,0,1,0,0,0,1,1,False,False,EVERYTHING YUMMY
evita,0,0,0,0,0,0,0,1,0,0,0,0,1,1,False,False,Evita
evita peroni,0,1,0,0,0,0,0,0,0,0,0,0,1,1,False,False,EVITA PERONI
evo helmet,0,1,0,0,0,0,0,0,0,0,0,0,1,1,False,False,EVO HELMET
ew villa medica,0,0,0,0,0,1,0,0,0,0,0,0,1,1,False,False,EW Villa Medica
excell,0,0,0,0,0,0,0,0,1,0,0,0,1,1,False,False,EXCELL
e & e takoyaki,0,0,0,0,0,0,0,1,0,0,0,0,1,1,False,False,E & E TAKOYAKI
dynamic pc,0,0,0,0,0,0,1,0,0,0,0,0,1,1,False,False,Dynamic Pc
danbhels fitness gym,0,0,0,0,0,0,0,0,1,0,0,0,1,1,False,False,DANBHELS FITNESS GYM
dentista group,0,1,0,0,0,0,0,0,0,0,0,0,1,1,False,False,DENTISTA GROUP
dentista ko clinic,0,0,0,0,0,0,0,0,0,0,1,0,1,1,False,False,Dentista Ko Clinic
dentspec,0,0,0,0,0,0,0,0,1,0,0,0,1,1,False,False,DENTSPEC
deoglow skinnovation,0,0,0,0,0,1,0,0,0,0,0,0,1,1,False,False,Deoglow Skinnovation
deogold,0,0,0,0,0,0,0,1,0,0,0,0,1,1,False,False,DEOGOLD
deogold 0967 7754934,0,0,0,0,0,0,0,1,0,0,0,0,1,1,False,False,DEOGOLD 0967-7754934
deoluxe massage and body spa,0,0,0,0,0,0,0,0,1,0,0,0,1,1,False,False,DEOLUXE MASSAGE AND BODY SPA
department of labor and employment,0,0,1,0,0,0,0,0,0,0,0,0,1,1,False,False,Department Of Labor And Employment (dole)
department of migrant workers,0,0,0,0,0,0,0,1,0,0,0,0,1,1,False,False,DEPARTMENT OF MIGRANT WORKERS
department of social welfare and development,0,0,1,0,0,0,0,0,0,0,0,0,1,1,False,False,Department Of Social Welfare And Development (dswd)
derm station,0,0,0,0,0,0,0,0,1,0,0,0,1,1,False,False,DERM STATION
derma bloom skin clinic,0,0,0,0,0,0,0,1,0,0,0,0,1,1,False,False,Derma Bloom Skin Clinic
derma concepts,0,0,0,0,0,0,0,0,1,0,0,0,1,1,False,False,DERMA CONCEPTS
derma esthetica,0,0,0,0,0,0,1,0,0,0,0,0,1,1,False,False,Derma Esthetica
dermacare,0,0,0,0,0,1,0,0,0,0,0,0,1,1,False,False,Dermacare
dermacircles,0,0,0,0,0,0,0,0,1,0,0,0,1,1,False,False,DERMACIRCLES
dentista ko,0,0,0,0,0,0,0,1,0,0,0,0,1,1,False,False,Dentista Ko
dentista dabawenyo,0,0,0,0,1,0,0,0,0,0,0,0,1,1,False,False,Dentista Dabawenyo
dental district centre,0,0,0,0,0,0,0,0,1,0,0,0,1,1,False,False,DENTAL DISTRICT CENTRE
dentist touch,0,0,0,0,0,0,0,0,1,0,0,0,1,1,False,False,DENTIST TOUCH
dental hub,0,0,0,0,0,1,0,0,0,0,0,0,1,1,False,False,The Dental Hub
dental nook centre,0,0,0,0,0,0,0,1,0,0,0,0,1,1,False,False,Dental Nook Centre
dental partners,0,0,0,0,0,0,0,1,0,0,0,0,1,1,False,False,Dental Partners
dental place,0,0,0,0,0,0,0,1,0,0,0,0,1,1,False,False,DENTAL PLACE
dental prime,0,0,0,0,1,0,0,0,0,0,0,0,1,1,False,False,Dental Prime
dental solutions,0,0,0,0,1,0,0,0,0,0,0,0,1,1,False,False,Dental Solutions
dental spa,0,0,0,0,0,0,0,0,1,0,0,0,1,1,False,False,DENTAL SPA
dental specialty inc,0,1,0,0,0,0,0,0,0,0,0,0,1,1,False,False,DENTAL SPECIALTY INC.
dental suite,0,0,0,0,0,0,0,1,0,0,0,0,1,1,False,False,DENTAL SUITE
dental wellness,0,0,0,0,0,0,0,1,0,0,0,0,1,1,False,False,Dental Wellness
dental world,0,0,0,0,0,0,0,1,0,0,0,0,1,1,False,False,Dental World
dentaland,0,1,0,0,0,0,0,0,0,0,0,0,1,1,False,False,DENTALAND
dentallounge health hub,0,0,0,0,0,0,0,0,1,0,0,0,1,1,False,False,DENTALLOUNGE HEALTH HUB
dentcare and therabreath center,0,0,0,0,0,0,0,0,1,0,0,0,1,1,False,False,DENTCARE AND THERABREATH CENTER
dentcare plus,0,0,0,0,0,0,0,0,1,0,0,0,1,1,False,False,DENTCARE PLUS
dermastrasse,0,0,0,1,0,0,0,0,0,0,0,0,1,1,False,False,Dermastrasse
dermatology clinic,0,0,0,0,0,0,0,1,0,0,0,0,1,1,False,False,DERMATOLOGY CLINIC
dermatrium skin care,0,0,0,0,0,0,0,0,1,0,0,0,1,1,False,False,DERMATRIUM SKIN CARE
dermax,0,0,1,0,0,0,0,0,0,0,0,0,1,1,False,False,Dermax
deuces coffee,0,0,0,0,0,1,0,0,0,0,0,0,1,1,False,False,Deuces Coffee
dev hub center for intervention,0,0,0,0,0,0,0,0,1,0,0,0,1,1,False,False,DEV HUB CENTER FOR INTERVENTION
developed parking,0,0,0,0,0,0,0,0,0,0,0,1,1,1,False,False,Developed Parking
devia,0,0,0,0,0,0,0,0,1,0,0,0,1,1,False,False,DEVIA
dexter laundry,0,0,0,0,0,1,0,0,0,0,0,0,1,1,False,False,Dexter Laundry
df dacanay dental center,0,0,0,0,0,0,0,0,1,0,0,0,1,1,False,False,DF DACANAY DENTAL CENTER
dfa regional consular office,0,1,0,0,0,0,0,0,0,0,0,0,1,1,False,False,DFA REGIONAL CONSULAR OFFICE
dialog telecom,0,0,0,0,0,0,0,0,1,0,0,0,1,1,False,False,DIALOG TELECOM
diamond finery,0,1,0,0,0,0,0,0,0,0,0,0,1,1,False,False,THE DIAMOND FINERY
diamond life,0,0,0,0,0,0,0,1,0,0,0,0,1,1,False,False,DIAMOND LIFE
diamond rent a car,0,0,0,0,0,0,0,0,1,0,0,0,1,1,False,False,DIAMOND RENT-A-CAR
diamond star,0,0,0,0,0,0,0,1,0,0,0,0,1,1,False,False,Diamond Star
diamonds and lilies,0,0,0,0,0,0,0,0,1,0,0,0,1,1,False,False,DIAMONDS AND LILIES
diana binoya cahayag 0909 407 5343,0,0,0,0,0,0,0,1,0,0,0,0,1,1,False,False,Diana Binoya Cahayag 0909-407-5343
diana stadler,1,0,0,0,0,0,0,0,0,0,0,0,1,1,False,False,Diana Stadler
detailed x quisite,0,0,0,0,0,0,0,0,1,0,0,0,1,1,False,False,DETAILED X QUISITE
destiny church event area,0,0,0,0,1,0,0,0,0,0,0,0,1,1,False,False,Destiny Church Event Area
dessert zone,0,0,0,0,1,0,0,0,0,0,0,0,1,1,False,False,Dessert Zone
dermstrata premier,0,1,0,0,0,0,0,0,0,0,0,0,1,1,False,False,DERMSTRATA PREMIER
dermax laser center,0,1,0,0,0,0,0,0,0,0,0,0,1,1,False,False,DERMAX LASER CENTER
dermcare 9258558937,0,0,0,0,0,0,0,1,0,0,0,0,1,1,False,False,DermCare 9258558937
dermis luxury skin specialst and aesthetic center,0,0,0,0,0,0,0,0,1,0,0,0,1,1,False,False,DERMIS LUXURY SKIN SPECIALST AND AESTHETIC CENTER
dermo republiq,0,0,0,0,0,0,0,0,1,0,0,0,1,1,False,False,DERMO REPUBLIQ
dermphil skin clinic,0,1,0,0,0,0,0,0,0,0,0,0,1,1,False,False,DERMPHIL SKIN CLINIC
dermstrata atelier,0,0,0,0,0,0,0,1,0,0,0,0,1,1,False,False,DERMSTRATA ATELIER
dermtrends,0,0,0,0,0,0,0,0,1,0,0,0,1,1,False,False,DERMTRENDS
dessert museum,0,0,0,0,0,0,0,0,1,0,0,0,1,1,False,False,THE DESSERT MUSEUM
deserie,0,0,0,0,0,0,0,0,0,0,1,0,1,1,False,False,Deserie
design project digital embroidery services,0,0,0,0,0,0,0,1,0,0,0,0,1,1,False,False,Design Project Digital Embroidery Services
designer blooms,0,1,0,0,0,0,0,0,0,0,0,0,1,1,False,False,DESIGNER BLOOMS
deskanso cafe,0,0,0,0,0,0,0,1,0,0,0,0,1,1,False,False,Deskanso Cafe
dessert factory,0,1,0,0,0,0,0,0,0,0,0,0,1,1,False,False,THE DESSERT FACTORY
dessert factory restaurant and bakery,0,0,1,0,0,0,0,0,0,0,0,0,1,1,False,False,The Dessert Factory Restaurant And Bakery
dental fix,0,0,0,0,0,1,0,0,0,0,0,0,1,1,False,False,Dental Fix
dental design,0,0,0,0,0,0,0,1,0,0,0,0,1,1,False,False,Dental Design
dickies kiosk,0,0,0,0,1,0,0,0,0,0,0,0,1,1,False,False,Dickies Kiosk
davedent dental services,0,1,0,0,0,0,0,0,0,0,0,0,1,1,False,False,DAVEDENT DENTAL SERVICES
david & gian enterprises swift mighty meaty,0,0,0,0,0,0,0,0,0,0,0,1,1,1,False,False,DAVID & GIAN ENTERPRISES/ SWIFT MIGHTY MEATY
david dental,0,0,0,0,0,0,0,1,0,0,0,0,1,1,False,False,David Dental
davids salon & topten nails,0,0,0,0,0,0,0,1,0,0,0,0,1,1,False,False,DAVID'S SALON & TOPTEN NAILS
davids tea house express,0,0,0,0,0,0,0,0,1,0,0,0,1,1,False,False,DAVIDS TEA HOUSE EXPRESS
dawg snackhouse,0,0,0,0,0,0,0,1,0,0,0,0,1,1,False,False,Dawg Snackhouse
day one bar and restaurant,0,0,0,0,0,0,0,0,1,0,0,0,1,1,False,False,DAY.ONE BAR AND RESTAURANT
daykey donut,0,0,0,0,0,1,0,0,0,0,0,0,1,1,False,False,Daykey Donut
dazzling nails,0,0,0,0,0,0,0,1,0,0,0,0,1,1,False,False,Dazzling Nails
db express,0,0,0,0,0,0,0,0,1,0,0,0,1,1,False,False,DB EXPRESS
dbci gadgets,0,0,0,0,0,0,0,0,1,0,0,0,1,1,False,False,DBCI GADGETS
dbci gadgets accessories,0,0,0,0,0,0,0,1,0,0,0,0,1,1,False,False,DBCI GADGETS ACCESSORIES
dbtk,0,0,0,0,0,0,1,0,0,0,0,0,1,1,False,False,DBTK (Don’t Blame The Kids)
dc,0,1,0,0,0,0,0,0,0,0,0,0,1,1,False,False,DC
dc coffee lover,0,0,0,0,0,0,0,0,1,0,0,0,1,1,False,False,DC COFFEE LOVER
dc delights,0,0,0,0,0,0,0,0,1,0,0,0,1,1,False,False,DC DELIGHTS
daves funhouse,0,0,0,0,0,0,0,1,0,0,0,0,1,1,False,False,DAVE'S FUNHOUSE
dave & busters,0,0,0,0,0,0,0,1,0,0,0,0,1,1,False,False,DAVE & BUSTER'S
dental corner,0,0,0,0,0,0,0,1,0,0,0,0,1,1,False,False,Dental Corner
davao south prime,0,0,0,0,1,0,0,0,0,0,0,0,1,1,False,False,Davao South Prime
daneco,0,0,0,0,1,0,0,0,0,0,0,0,1,1,False,False,DANECO
daneco inc,0,0,0,0,0,0,0,1,0,0,0,0,1,1,False,False,DANECO INC.
dannahs decor,0,1,0,0,0,0,0,0,0,0,0,0,1,1,False,False,DANNAH'S DECOR
dannys delicacies,0,0,0,0,0,0,0,1,0,0,0,0,1,1,False,False,Danny's Delicacies
dans,0,0,0,0,0,0,0,0,1,0,0,0,1,1,False,False,DANS
dans bike shop,0,0,0,0,0,0,0,0,1,0,0,0,1,1,False,False,DAN'S BIKE SHOP
darios perfume,0,0,0,0,0,0,0,0,0,0,1,0,1,1,False,False,Dario's Perfume
darling foods,0,0,0,0,0,0,0,0,1,0,0,0,1,1,False,False,DARLING FOODS
das burgery,0,1,0,0,0,0,0,0,0,0,0,0,1,1,False,False,DAS BURGERY
dasmarinas satellite office,0,0,0,0,0,0,0,1,0,0,0,0,1,1,False,False,DASMARINAS SATELLITE OFFICE
dasureco,0,0,0,0,1,0,0,0,0,0,0,0,1,1,False,False,DASURECO
dataview,0,0,0,0,0,0,0,0,1,0,0,0,1,1,False,False,DATAVIEW
daud macapaar cellphones,0,0,0,0,0,0,0,0,0,0,0,1,1,1,False,False,DAUD MACAPAAR CELLPHONES
daud macapaar cp,0,0,0,0,0,0,0,0,0,0,0,1,1,1,False,False,DAUD MACAPAAR CP
davao doctors care center,0,0,0,0,0,0,0,0,1,0,0,0,1,1,False,False,DAVAO DOCTORS CARE CENTER
dc derm cosmetic,0,0,0,0,0,0,0,0,0,0,1,0,1,1,False,False,DC DERM Cosmetic
dc shop,0,0,1,0,0,0,0,0,0,0,0,0,1,1,False,False,Dc Shop
dd backyard hydroponic farm,0,0,0,0,0,0,0,0,1,0,0,0,1,1,False,False,DD BACKYARD HYDROPONIC FARM
ddoddo korean cuisine restaurant,0,0,0,0,0,0,0,0,1,0,0,0,1,1,False,False,DDODDO KOREAN CUISINE RESTAURANT
delin optical,0,0,0,0,0,0,0,1,0,0,0,0,1,1,False,False,Delin Optical
delsan office,0,1,0,0,0,0,0,0,0,0,0,0,1,1,False,False,DELSAN OFFICE
delsey juice,0,0,1,0,0,0,0,0,0,0,0,0,1,1,False,False,Delsey Juice
delsey juices,0,0,0,0,0,0,0,0,1,0,0,0,1,1,False,False,DELSEY JUICES
dempsey,0,0,0,0,0,0,0,1,0,0,0,0,1,1,False,False,DEMPSEY
denim brands depot,0,1,0,0,0,0,0,0,0,0,0,0,1,1,False,False,DENIM BRANDS DEPOT
dennis coffee express,0,0,0,0,0,0,0,0,1,0,0,0,1,1,False,False,DENNIS COFFEE EXPRESS
dennis vasquez,0,0,0,0,0,0,1,0,0,0,0,0,1,1,False,False,Dennis Vasquez
dent precisions,0,1,0,0,0,0,0,0,0,0,0,0,1,1,False,False,DENT PRECISIONS
dent xp,0,0,0,0,0,0,0,1,0,0,0,0,1,1,False,False,DENT.XP
dentaderm clinic,0,1,0,0,0,0,0,0,0,0,0,0,1,1,False,False,DENTADERM CLINIC
dentaholics,0,0,0,0,0,0,0,0,1,0,0,0,1,1,False,False,DENTAHOLICS
dental avenue,0,0,0,0,0,0,0,0,1,0,0,0,1,1,False,False,DENTAL AVENUE
dental center by dr kim fajardo,0,0,1,0,0,0,0,0,0,0,0,0,1,1,False,False,Dental Center By Dr. Kim Fajardo
dental center by dr kimberly ray fajardo dmd,0,1,0,0,0,0,0,0,0,0,0,0,1,1,False,False,DENTAL CENTER BY DR. KIMBERLY RAY FAJARDO DMD
delightful creation,0,0,0,0,0,0,0,0,0,0,1,0,1,1,False,False,Delightful Creation
deli by chele,0,0,0,0,0,0,0,1,0,0,0,0,1,1,False,False,Deli by Chele
defender,0,0,0,0,0,0,0,0,1,0,0,0,1,1,False,False,DEFENDER
dear manok,0,0,0,0,0,0,0,1,0,0,0,0,1,1,False,False,Dear Manok
de jesus eye center,0,0,0,0,0,0,0,1,0,0,0,0,1,1,False,False,De Jesus Eye Center
de le mere,0,0,0,0,0,0,0,1,0,0,0,0,1,1,False,False,De Le Mere
de levante perfume,0,0,0,0,0,0,0,1,0,0,0,0,1,1,False,False,DE LEVANTE PERFUME
de original jamaican pattie johnn lemon,0,1,0,0,0,0,0,0,0,0,0,0,1,1,False,False,DE ORIGINAL JAMAICAN PATTIE+JOHNN LEMON
dean and deluca,0,1,0,0,0,0,0,0,0,0,0,0,1,1,False,False,DEAN AND DELUCA
dear alice,0,0,0,0,0,1,0,0,0,0,0,0,1,1,False,False,Dear Alice
dear self,0,0,0,0,0,0,0,0,1,0,0,0,1,1,False,False,DEAR SELF
deecom express,0,0,0,0,0,0,0,0,1,0,0,0,1,1,False,False,DEECOM EXPRESS
decatorias,0,0,0,0,0,0,0,1,0,0,0,0,1,1,False,False,Decatorias
decor premier,0,0,0,0,0,0,0,0,1,0,0,0,1,1,False,False,DECOR PREMIER
decor riel,0,0,1,0,0,0,0,0,0,0,0,0,1,1,False,False,Decor Riel
decos la paz batchoy,0,0,0,0,0,0,0,1,0,0,0,0,1,1,False,False,Deco's La Paz Batchoy
decos original lapaz batchoy,0,0,0,0,0,0,0,1,0,0,0,0,1,1,False,False,Deco's Original Lapaz Batchoy
deeco,1,0,0,0,0,0,0,0,0,0,0,0,1,1,False,False,DEECO
diandra denise,0,0,0,0,0,0,0,1,0,0,0,0,1,1,False,False,Diandra Denise
difam,0,0,0,0,0,0,1,0,0,0,0,0,1,1,False,False,Difam
dyna quest,0,0,0,0,0,0,1,0,0,0,0,0,1,1,False,False,Dyna Quest
dps storage,0,0,0,0,1,0,0,0,0,0,0,0,1,1,False,False,DPS Storage
dr a g salazar dental orthodontic clinic,0,0,0,0,0,0,0,1,0,0,0,0,1,1,False,False,DR. A.G SALAZAR DENTAL ORTHODONTIC CLINIC
dr a repair center,0,0,0,0,0,0,1,0,0,0,0,0,1,1,False,False,Dr.a Repair Center
dr alvin,0,0,1,0,0,0,0,0,0,0,0,0,1,1,False,False,Dr. Alvin
dr crb aesthetic laser clinic,0,0,0,0,0,0,0,0,1,0,0,0,1,1,False,False,DR CRB AESTHETIC LASER CLINIC
dr esthe,0,0,1,0,0,0,0,0,0,0,0,0,1,1,False,False,Dr. Esthe
dr john sidney s ricamora,0,0,0,0,0,0,0,1,0,0,0,0,1,1,False,False,Dr. John Sidney S. Ricamora
dr leather,0,0,0,0,0,1,0,0,0,0,0,0,1,1,False,False,Dr. Leather
dr ouanos dental clinic,0,0,0,0,0,0,0,0,1,0,0,0,1,1,False,False,DR. OUANO’S DENTAL CLINIC
dr textus gadgets accessories store,0,0,0,0,0,0,0,0,1,0,0,0,1,1,False,False,DR TEXTUS GADGETS ACCESSORIES STORE
dr tooth dental smile clinic,0,0,0,0,0,0,0,1,0,0,0,0,1,1,False,False,Dr. Tooth Dental Smile Clinic
dr wine,0,0,0,0,0,1,0,0,0,0,0,0,1,1,False,False,Dr. Wine
draft coffee by lews,0,0,0,0,0,0,1,0,0,0,0,0,1,1,False,False,Draft Coffee by Lew’s
draft restaurant and brewery,0,0,0,0,0,1,0,0,0,0,0,0,1,1,False,False,Draft Restaurant and Brewery
draftsmans digital printing services,0,0,0,0,0,0,0,1,0,0,0,0,1,1,False,False,DRAFTSMAN'S DIGITAL PRINTING SERVICES
dragon dumpling,0,0,0,0,1,0,0,0,0,0,0,0,1,1,False,False,Dragon Dumpling
dps tempo store,0,0,0,0,1,0,0,0,0,0,0,0,1,1,False,False,DPS Tempo Store
doys homemade delicacies,0,0,0,0,0,0,0,0,1,0,0,0,1,1,False,False,DOY'S HOMEMADE DELICACIES
don henricos,0,0,0,0,0,0,0,0,1,0,0,0,1,1,False,False,DON HENRICOS
doughnut,0,1,0,0,0,0,0,0,0,0,0,0,1,1,False,False,DOUGHNUT
don juan boodle ihaw ihaw atbp,0,0,0,0,0,0,0,0,1,0,0,0,1,1,False,False,DON JUAN BOODLE IHAW-IHAW ATBP
don machiattos,0,0,0,0,0,0,0,1,0,0,0,0,1,1,False,False,Don Machiatto's
don ricardos chocolate shop,0,0,0,0,0,0,0,0,1,0,0,0,1,1,False,False,DON RICARDOS CHOCOLATE SHOP
donabelle bakeshop,0,0,0,0,1,0,0,0,0,0,0,0,1,1,False,False,Donabelle Bakeshop
doner durum,0,0,0,0,0,0,0,1,0,0,0,0,1,1,False,False,Doner Durum
doodskie,0,0,0,0,0,0,0,1,0,0,0,0,1,1,False,False,Doodskie
doogee,0,0,0,0,0,0,0,0,1,0,0,0,1,1,False,False,DOOGEE
doqaus,0,0,0,0,0,0,0,0,1,0,0,0,1,1,False,False,DOQAUS
doroci,0,0,0,0,0,0,0,0,1,0,0,0,1,1,False,False,DOROCI
dot zero hair studio,0,0,1,0,0,0,0,0,0,0,0,0,1,1,False,False,Dot Zero Hair Studio
dothy maos pizzahaus,0,0,0,0,0,0,0,0,1,0,0,0,1,1,False,False,DOTHY MAOS PIZZAHAUS
dotonbori ramen,0,1,0,0,0,0,0,0,0,0,0,0,1,1,False,False,DOTONBORI RAMEN
dotpad mobile phone,0,0,0,0,0,0,0,0,0,1,0,0,1,1,False,False,DOTPAD MOBILE PHONE
dough story,0,0,0,0,0,0,0,0,1,0,0,0,1,1,False,False,THE DOUGH STORY
doughmain,0,0,0,0,0,0,0,0,1,0,0,0,1,1,False,False,DOUGHMAIN
dragonforge,0,1,0,0,0,0,0,0,0,0,0,0,1,1,False,False,THE DRAGONFORGE
dragons gem health care,0,0,0,0,0,0,0,1,0,0,0,0,1,1,False,False,Dragon's Gem Health Care
drakes restaurant & bar,0,0,0,0,0,0,0,1,0,0,0,0,1,1,False,False,Drake's Restaurant & Bar
dream cream pastries,0,0,0,0,0,0,0,0,1,0,0,0,1,1,False,False,DREAM CREAM PASTRIES
ducks unlimited,0,0,0,0,0,0,1,0,0,0,0,0,1,1,False,False,Ducks Unlimited
dulceana boutique,0,0,0,0,0,0,0,1,0,0,0,0,1,1,False,False,Dulceana Boutique
dulces,0,0,0,0,0,0,0,0,1,0,0,0,1,1,False,False,DULCES
dumaguete blind massage,0,0,0,0,0,0,0,1,0,0,0,0,1,1,False,False,Dumaguete Blind Massage
dumpling king asgar store 2,0,0,0,0,0,0,0,0,0,0,0,1,1,1,False,False,DUMPLING KING ASGAR STORE 2
dunamis,0,0,0,0,0,0,0,1,0,0,0,0,1,1,False,False,Dunamis
dune london,1,0,0,0,0,0,0,0,0,0,0,0,1,1,False,False,Dune London
dunkin 9553308377,0,0,0,0,0,0,0,1,0,0,0,0,1,1,False,False,DUNKIN' 9553308377 (NEW)
dunkin donuts my wife noodle fry onoodles,0,0,0,0,0,0,0,0,0,0,0,1,1,1,False,False,DUNKIN DONUTS MY WIFE NOODLE FRY/ O'NOODLES
dunkin dunots,0,0,0,0,0,0,0,1,0,0,0,0,1,1,False,False,DUNKIN DUNOTS
duray veron optical,0,0,0,0,1,0,0,0,0,0,0,0,1,1,False,False,Duray-Veron Optical
dvendo gachapon,0,0,0,0,0,0,0,1,0,0,0,0,1,1,False,False,Dvendo Gachapon
dvf dairy farm,0,0,0,0,0,0,0,0,1,0,0,0,1,1,False,False,DVF DAIRY FARM
dvogue,0,0,0,0,0,0,0,1,0,0,0,0,1,1,False,False,D'VOGUE
dwn by script society,0,0,0,0,0,0,0,0,1,0,0,0,1,1,False,False,DWN BY SCRIPT SOCIETY
dti otop,0,0,0,0,0,0,0,1,0,0,0,0,1,1,False,False,DTI OToP
dtech,0,0,0,0,1,0,0,0,0,0,0,0,1,1,False,False,Dtech
dswd provincial extension office zambales services,0,0,0,0,0,0,0,0,1,0,0,0,1,1,False,False,DSWD PROVINCIAL EXTENSION OFFICE ZAMBALES SERVICES
dreiland ice cream,0,0,0,0,0,0,0,0,1,0,0,0,1,1,False,False,DREILAND ICE CREAM
dream world arcade,0,0,0,0,0,1,0,0,0,0,0,0,1,1,False,False,Dream World Arcade
dreame,0,0,0,0,0,0,0,0,1,0,0,0,1,1,False,False,DREAME
dreamlab,0,1,0,0,0,0,0,0,0,0,0,0,1,1,False,False,DREAMLAB
dreamland,0,0,0,0,0,0,1,0,0,0,0,0,1,1,False,False,Dreamland
dreamland massage chair 0969 392 1620,0,0,0,0,0,0,0,1,0,0,0,0,1,1,False,False,DREAMLAND MASSAGE CHAIR 0969 392 1620
dreamwave hotel papa roberts lechon,0,0,0,0,0,0,0,0,0,0,0,1,1,1,False,False,DREAMWAVE HOTEL PAPA ROBERT'S LECHON
dri,0,0,0,0,0,1,0,0,0,0,0,0,1,1,False,False,Dri+
ds windows,0,0,0,0,0,0,0,1,0,0,0,0,1,1,False,False,DS WINDOWS
drink o holic,0,0,0,0,1,0,0,0,0,0,0,0,1,1,False,False,Drink O Holic
drink sls,0,0,0,0,0,1,0,0,0,0,0,0,1,1,False,False,Drink SLS
drip room aesthetics,0,0,0,0,0,0,0,0,1,0,0,0,1,1,False,False,THE DRIP ROOM AESTHETICS
drive & jump,0,0,0,0,0,0,0,0,0,0,0,1,1,1,False,False,DRIVE & JUMP
drybrush gallery,0,0,0,0,0,0,0,0,1,0,0,0,1,1,False,False,DRYBRUSH GALLERY
ds interior,0,0,0,0,0,0,0,0,0,0,1,0,1,1,False,False,DS INTERIOR
don juan,0,0,0,0,0,0,1,0,0,0,0,0,1,1,False,False,Don Juan
don de dieu salon,0,0,0,0,0,0,0,1,0,0,0,0,1,1,False,False,Don De Dieu Salon
digi boss,0,0,0,0,0,0,0,0,1,0,0,0,1,1,False,False,DIGI BOSS
dimsum place,0,0,0,1,0,0,0,0,0,0,0,0,1,1,False,False,The Dimsum Place
dimsum republic hongkong style fried noodles,0,0,0,0,0,0,0,1,0,0,0,0,1,1,False,False,DIMSUM REPUBLIC HONGKONG STYLE FRIED NOODLES (NEW)
dingers,0,0,0,0,0,0,0,0,1,0,0,0,1,1,False,False,DINGERS
dinko bakery supplies,0,0,0,0,0,0,0,0,1,0,0,0,1,1,False,False,DINKO BAKERY SUPPLIES
dino adventure,0,0,1,0,0,0,0,0,0,0,0,0,1,1,False,False,Dino Adventure
dino dig,0,0,0,0,0,0,0,0,1,0,0,0,1,1,False,False,DINO DIG
dion & mary,1,0,0,0,0,0,0,0,0,0,0,0,1,1,False,False,DION & MARY
dipping dumpling,0,0,0,0,0,0,0,0,1,0,0,0,1,1,False,False,DIPPING DUMPLING
dishee,0,0,0,0,0,1,0,0,0,0,0,0,1,1,False,False,D’ISHEE
diskubre pet shop,0,0,0,0,0,0,0,0,1,0,0,0,1,1,False,False,DISKUBRE PET SHOP
disney kiddie salon,0,0,0,0,1,0,0,0,0,0,0,0,1,1,False,False,Disney Kiddie Salon
district 8,0,0,0,0,0,0,1,0,0,0,0,0,1,1,False,False,District 8
dito telcommunity,0,0,0,0,0,0,0,1,0,0,0,0,1,1,False,False,DITO TELCOMMUNITY
dito telecom,0,0,0,0,0,1,0,0,0,0,0,0,1,1,False,False,DITO Telecom
divas kaffe,0,0,0,0,0,0,0,0,1,0,0,0,1,1,False,False,DIVAS KAFFE
divine grace medical center,0,0,0,0,0,0,0,0,1,0,0,0,1,1,False,False,DIVINE GRACE MEDICAL CENTER
dimsum republic,0,0,0,1,0,0,0,0,0,0,0,0,1,1,False,False,Dimsum Republic
dimsum factory,0,0,0,0,1,0,0,0,0,0,0,0,1,1,False,False,Dimsum Factory
don churros,0,0,0,0,0,0,0,1,0,0,0,0,1,1,False,False,Don Churros
dimsum dimsum,0,0,0,0,0,0,0,0,0,0,1,0,1,1,False,False,DIMSUM DIMSUM
digi computer land pnb,0,0,0,0,0,0,0,0,0,0,0,1,1,1,False,False,Digi Computer Land PNB
digi tech,0,0,0,1,0,0,0,0,0,0,0,0,1,1,False,False,Digi Tech
digi techpoint,0,0,0,0,0,0,0,0,1,0,0,0,1,1,False,False,DIGI TECHPOINT
digibabe tech lifestyle,0,0,0,0,1,0,0,0,0,0,0,0,1,1,False,False,Digibabe Tech Lifestyle
digibyte internet cafe,0,0,0,0,0,0,0,0,1,0,0,0,1,1,False,False,DIGIBYTE INTERNET CAFE
digiplanet,0,0,0,0,0,0,1,0,0,0,0,0,1,1,False,False,Digiplanet
digistamp,0,0,0,0,0,0,0,1,0,0,0,0,1,1,False,False,Digistamp
digital depot,0,0,0,0,0,0,0,1,0,0,0,0,1,1,False,False,Digital Depot
digital premium,0,0,0,0,0,0,0,0,1,0,0,0,1,1,False,False,DIGITAL PREMIUM
digitron gadgets,0,0,0,0,1,0,0,0,0,0,0,0,1,1,False,False,Digitron Gadgets
digiworks 0955 756 1385,0,0,0,0,0,0,0,1,0,0,0,0,1,1,False,False,DIGIWORKS 0955-756-1385 (NEW)
digos apple products,0,0,0,0,0,0,0,1,0,0,0,0,1,1,False,False,DIGOS APPLE PRODUCTS
dillingers prohibition,0,1,0,0,0,0,0,0,0,0,0,0,1,1,False,False,DILLINGERS/PROHIBITION
dimsum break 0920 958 1548,0,0,0,0,0,0,0,1,0,0,0,0,1,1,False,False,DIMSUM BREAK 0920-958-1548
dimsum break 9622473065,0,0,0,0,0,0,0,1,0,0,0,0,1,1,False,False,DIMSUM BREAK 9622473065
divine indulgence,0,0,0,0,0,0,0,0,1,0,0,0,1,1,False,False,DIVINE INDULGENCE
divine sweets,0,0,0,0,0,0,0,1,0,0,0,0,1,1,False,False,Divine Sweets
divine sweets bakery and cafe,0,0,0,0,0,0,0,0,1,0,0,0,1,1,False,False,DIVINE SWEETS BAKERY AND CAFE
dix gadget repair shop,0,0,0,0,0,0,0,0,1,0,0,0,1,1,False,False,DIX GADGET REPAIR SHOP
dodolon world,0,0,0,0,0,0,0,1,0,0,0,0,1,1,False,False,Dodolon World
dog city,0,0,0,0,0,0,0,0,1,0,0,0,1,1,False,False,DOG CITY
dogaholics,0,0,0,0,0,0,1,0,0,0,0,0,1,1,False,False,Dogaholics
doggo,0,0,1,0,0,0,0,0,0,0,0,0,1,1,False,False,Doggo
doghauz hotdog toppings 9911845655,0,0,0,0,0,0,0,1,0,0,0,0,1,1,False,False,DOGHAUZ HOTDOG TOPPINGS 9911845655
dogs & the city,0,0,0,0,0,0,0,1,0,0,0,0,1,1,False,False,Dogs & The City
dogs and the city pet store,0,0,0,0,0,0,0,0,1,0,0,0,1,1,False,False,DOGS AND THE CITY PET STORE
dogs spa,0,0,0,1,0,0,0,0,0,0,0,0,1,1,False,False,The Dog's Spa
dojo,0,0,0,0,0,0,0,1,0,0,0,0,1,1,False,False,THE DOJO
doki doki takoyaki and sunakku food stop,0,0,0,0,0,0,0,0,1,0,0,0,1,1,False,False,DOKI-DOKI TAKOYAKI AND SUNAKKU FOOD STOP
doktor relos service center co,0,0,0,0,0,0,0,0,0,0,1,0,1,1,False,False,Doktor Relos Service Center Co.
dole,0,0,0,0,0,0,0,0,1,0,0,0,1,1,False,False,DOLE
dom lenes ilocos empanada,0,0,0,0,0,0,0,0,1,0,0,0,1,1,False,False,DOM LENES ILOCOS EMPANADA
domain internet cafe,0,1,0,0,0,0,0,0,0,0,0,0,1,1,False,False,DOMAIN INTERNET CAFE
domlenes empanada,0,0,0,0,0,0,0,1,0,0,0,0,1,1,False,False,DOMLENES EMPANADA
doctors alley,0,0,0,0,0,0,0,1,0,0,0,0,1,1,False,False,Doctor's Alley
doc onin dental services,0,0,0,0,0,0,0,0,1,0,0,0,1,1,False,False,DOC ONIN DENTAL SERVICES
doc ferds animal wellness center,0,1,0,0,0,0,0,0,0,0,0,0,1,1,False,False,DOC FERDS ANIMAL WELLNESS CENTER
dkny,0,1,0,0,0,0,0,0,0,0,0,0,1,1,False,False,DKNY
diy adessa,0,0,0,0,0,0,0,0,0,0,0,1,1,1,False,False,"DIY, ADESSA"
dizon farm,0,1,0,0,0,0,0,0,0,0,0,0,1,1,False,False,DIZON FARM
dizon furnitures,0,0,0,0,0,0,1,0,0,0,0,0,1,1,False,False,Dizon Furnitures
dizzle kitchen,0,0,1,0,0,0,0,0,0,0,0,0,1,1,False,False,Dizzle Kitchen
dj jewelry store,0,0,0,0,0,0,0,0,1,0,0,0,1,1,False,False,DJ JEWELRY STORE
dj kool loca,0,0,0,0,0,0,0,1,0,0,0,0,1,1,False,False,DJ Kool Loca
dlro lto san roque retrouvaille center,0,0,0,0,0,0,0,0,1,0,0,0,1,1,False,False,DLRO LTO SAN ROQUE RETROUVAILLE CENTER
dobbo,0,0,0,0,0,0,0,0,1,0,0,0,1,1,False,False,DOBBO
dm extreme cellphone accessories,0,0,0,0,0,0,0,0,0,0,0,1,1,1,False,False,DM EXTREME CELLPHONE ACCESSORIES
dna therapy,0,0,0,0,0,0,0,0,1,0,0,0,1,1,False,False,DNA THERAPY
do eat cotton candy,0,0,0,0,0,0,0,0,1,0,0,0,1,1,False,False,DO EAT COTTON CANDY
do it best vendocorp,0,0,0,0,0,0,0,0,0,0,0,1,1,1,False,False,DO IT BEST (HANDY MAN) VENDOCORP
do marketing 0945 8454967,0,0,0,0,0,0,0,1,0,0,0,0,1,1,False,False,DO MARKETING 0945-8454967
do thirsty,0,0,0,0,0,0,0,1,0,0,0,0,1,1,False,False,Do Thirsty
cancio,0,0,0,0,0,0,0,0,1,0,0,0,1,1,False,False,CANCIO
cancer and multispecialty center dr ellen gasendo 0932 494 3147,0,0,0,0,0,0,0,1,0,0,0,0,1,1,False,False,Cancer and Multispecialty Center Dr. Ellen Gasendo 0932-494-3147
cancer and multi specialty clinic,0,0,0,0,0,0,0,1,0,0,0,0,1,1,False,False,Cancer And Multi-Specialty Clinic
anta kids,0,0,0,0,0,1,0,0,0,0,0,0,1,1,False,False,Anta Kids
antepara,0,0,0,0,0,1,0,0,0,0,0,0,1,1,False,False,Antepara
antepara247,1,0,0,0,0,0,0,0,0,0,0,0,1,1,False,False,ANTEPARA247
anthem,0,0,0,0,0,0,0,1,0,0,0,0,1,1,False,False,ANTHEM
anthonys salon for men,0,0,0,0,0,0,0,0,1,0,0,0,1,1,False,False,ANTHONYS SALON FOR MEN
antihero,0,0,0,0,0,0,1,0,0,0,0,0,1,1,False,False,AntiHero
antillan living,0,1,0,0,0,0,0,0,0,0,0,0,1,1,False,False,ANTILLAN LIVING
antiques fair,0,0,1,0,0,0,0,0,0,0,0,0,1,1,False,False,Antiques Fair
antonas breads and pastries shop,0,0,0,0,0,0,0,0,1,0,0,0,1,1,False,False,ANTONAS BREADS AND PASTRIES SHOP
antonias fun and rides,0,0,0,0,0,0,0,1,0,0,0,0,1,1,False,False,Antonia's Fun and Rides
antonias fund and rides,0,0,0,0,0,0,0,1,0,0,0,0,1,1,False,False,Antonia's Fund and Rides
antro,0,1,0,0,0,0,0,0,0,0,0,0,1,1,False,False,ANTRO
anx kabayan pawnshop farron cafe,0,0,0,0,0,0,0,0,0,0,0,1,1,1,False,False,ANX KABAYAN PAWNSHOP FARRON CAFÉ
anyhow,0,0,0,0,0,0,0,1,0,0,0,0,1,1,False,False,AnyHow
aorus,0,0,0,0,0,0,0,0,1,0,0,0,1,1,False,False,AORUS
aozora japanese bistro,0,1,0,0,0,0,0,0,0,0,0,0,1,1,False,False,AOZORA JAPANESE BISTRO
anta superstore,0,0,0,0,0,0,0,1,0,0,0,0,1,1,False,False,ANTA Superstore
anshally,0,0,0,0,0,0,0,1,0,0,0,0,1,1,False,False,Anshally
animal distrik,0,0,0,0,0,0,0,1,0,0,0,0,1,1,False,False,ANIMAL DISTRIK
anothersole,0,0,0,0,0,0,1,0,0,0,0,0,1,1,False,False,Anothersole
anime landia,0,0,0,0,0,0,0,1,0,0,0,0,1,1,False,False,Anime Landia
anime lobby,0,0,0,0,0,0,0,0,1,0,0,0,1,1,False,False,ANIME LOBBY
anko,1,0,0,0,0,0,0,0,0,0,0,0,1,1,False,False,Anko
annabel lee cafe,0,0,0,0,0,0,1,0,0,0,0,0,1,1,False,False,Annabel Lee Café
annabelle,0,0,0,0,0,0,0,1,0,0,0,0,1,1,False,False,ANNABELLE
annas cellphone & accessories,0,0,0,0,0,0,0,1,0,0,0,0,1,1,False,False,Anna's Cellphone & Accessories
anne juleth,0,0,0,0,0,0,1,0,0,0,0,0,1,1,False,False,Anne Juleth
annes posh,0,0,0,0,0,0,0,1,0,0,0,0,1,1,False,False,Anne's Posh
annie brilliant jewelry,0,0,1,0,0,0,0,0,0,0,0,0,1,1,False,False,Annie Brilliant Jewelry
anniepie,0,0,0,0,0,0,0,1,0,0,0,0,1,1,False,False,Anniepie
annies,0,1,0,0,0,0,0,0,0,0,0,0,1,1,False,False,ANNIE'S
annindofu tokyo,0,0,0,0,0,1,0,0,0,0,0,0,1,1,False,False,Annindofu Tokyo
anns home,0,0,0,0,0,0,0,0,1,0,0,0,1,1,False,False,ANNS HOME
annyeong corn dog 9303454316,0,0,0,0,0,0,0,1,0,0,0,0,1,1,False,False,Annyeong Corn Dog 9303454316
annyeong samgyupsal,0,0,0,0,0,0,0,1,0,0,0,0,1,1,False,False,Annyeong Samgyupsal
aozora japanese restaurant,0,0,0,0,0,1,0,0,0,0,0,0,1,1,False,False,Aozora Japanese Restaurant
apartment 8 clothing,0,0,0,0,0,0,0,0,1,0,0,0,1,1,False,False,APARTMENT 8 CLOTHING
apd travel & tours,0,0,0,0,0,0,0,0,1,0,0,0,1,1,False,False,APD TRAVEL & TOURS
apd travel tours services,0,0,0,0,0,0,0,0,1,0,0,0,1,1,False,False,APD TRAVEL TOURS SERVICES
aqua flask kids,0,0,0,0,0,0,0,1,0,0,0,0,1,1,False,False,AQUA FLASK KIDS
aqua minerale,0,0,0,0,0,1,0,0,0,0,0,0,1,1,False,False,Aqua Minerale
aquabest laundrybest,0,0,0,0,0,0,0,0,1,0,0,0,1,1,False,False,AQUABEST - LAUNDRYBEST
aquaflask 9079115440,0,0,0,0,0,0,0,1,0,0,0,0,1,1,False,False,Aquaflask 9079115440
aquagem,0,0,0,0,0,0,0,1,0,0,0,0,1,1,False,False,Aquagem
aquakflash,0,0,0,0,0,0,0,1,0,0,0,0,1,1,False,False,AQUAKFLASH
aquila medical clinic,0,0,0,0,0,0,0,1,0,0,0,0,1,1,False,False,AQUILA MEDICAL CLINIC
ar beauty,0,0,0,0,0,0,0,0,1,0,0,0,1,1,False,False,AR BEAUTY
ar gadgets,0,0,0,0,0,0,1,0,0,0,0,0,1,1,False,False,AR Gadgets
ar jems jewelry shop,0,0,0,0,0,0,0,1,0,0,0,0,1,1,False,False,AR Jems Jewelry Shop
araya ramen and sushi bar,0,0,0,0,0,0,0,0,1,0,0,0,1,1,False,False,ARAYA RAMEN AND SUSHI BAR
arcade for fun,0,0,0,0,0,0,0,0,1,0,0,0,1,1,False,False,ARCADE FOR FUN
arcadia ph,0,0,0,0,0,1,0,0,0,0,0,0,1,1,False,False,Arcadia PH
arce haus,0,0,0,0,0,0,0,1,0,0,0,0,1,1,False,False,Arce Haus
arcenal portrait,0,0,0,0,1,0,0,0,0,0,0,0,1,1,False,False,Arcenal Portrait
aqua flask 0916 771 3740,0,0,0,0,0,0,0,1,0,0,0,0,1,1,False,False,AQUA FLASK 0916-771-3740
aqua beauty,0,0,0,0,1,0,0,0,0,0,0,0,1,1,False,False,Aqua Beauty
aqua,0,0,0,0,0,0,0,1,0,0,0,0,1,1,False,False,AQUA
apo ni lola durian delicacies,0,1,0,0,0,0,0,0,0,0,0,0,1,1,False,False,APO NI LOLA DURIAN DELICACIES
aperitif,0,0,1,0,0,0,0,0,0,0,0,0,1,1,False,False,Aperitif
aperitif cafe,0,0,0,0,0,1,0,0,0,0,0,0,1,1,False,False,Aperitif Cafe
apero,0,0,0,0,0,1,0,0,0,0,0,0,1,1,False,False,Apero
apex dental,0,0,0,0,0,0,0,1,0,0,0,0,1,1,False,False,APEX Dental
aphrodite naturals,0,0,0,0,0,0,0,1,0,0,0,0,1,1,False,False,APHRODITE NATURALS
apiados watch repair,0,0,0,0,0,0,0,0,1,0,0,0,1,1,False,False,APIADOS WATCH REPAIR
apollo barber lounge,0,0,0,0,0,1,0,0,0,0,0,0,1,1,False,False,Apollo Barber Lounge
apple skin solutions,0,0,0,0,0,0,0,0,1,0,0,0,1,1,False,False,APPLE SKIN SOLUTIONS
apolo accessories,0,0,0,0,1,0,0,0,0,0,0,0,1,1,False,False,Apolo Accessories
apostol skin med plus,0,0,0,0,0,0,0,0,1,0,0,0,1,1,False,False,APOSTOL SKIN MED PLUS
apostrophe,0,0,0,0,0,0,0,1,0,0,0,0,1,1,False,False,Apostrophe
apostrophe cafe,0,1,0,0,0,0,0,0,0,0,0,0,1,1,False,False,APOSTROPHE CAFE
app store,0,1,0,0,0,0,0,0,0,0,0,0,1,1,False,False,APP STORE
apple service center,0,0,0,0,0,0,0,0,1,0,0,0,1,1,False,False,APPLE SERVICE CENTER
animal house,0,1,0,0,0,0,0,0,0,0,0,0,1,1,False,False,ANIMAL HOUSE
animal care specialist company,0,0,0,0,0,0,1,0,0,0,0,0,1,1,False,False,Animal Care Specialist Company
areej,0,1,0,0,0,0,0,0,0,0,0,0,1,1,False,False,AREEJ
american premium outlet,0,1,0,0,0,0,0,0,0,0,0,0,1,1,False,False,AMERICAN PREMIUM OUTLET
american ribs & wings,0,0,0,0,0,0,0,1,0,0,0,0,1,1,False,False,AMERICAN RIBS & WINGS
american tourister open shop level 2 8536 7938 gcash,0,0,0,0,0,0,0,1,0,0,0,0,1,1,False,False,AMERICAN TOURISTER OPEN Shop Level 2 (Pedro Gil Wing) 8536-7938 GCash
ameu,0,0,0,0,0,0,0,0,0,0,0,1,1,1,False,False,AMEU
ameu cai cellphone & accessories ii,0,0,0,0,0,0,0,0,0,0,0,1,1,1,False,False,AMEU CAI CELLPHONE & ACCESSORIES II ( COLINA)
ami its itech,0,0,0,0,0,0,0,0,0,0,0,1,1,1,False,False,AMI/ ITS/ ITECH
ami jewels,0,0,0,0,0,0,1,0,0,0,0,0,1,1,False,False,Ami Jewels
amian coffee ph,0,0,0,0,0,0,0,0,1,0,0,0,1,1,False,False,AMIAN COFFEE PH
amigos onlayn printing,0,0,1,0,0,0,0,0,0,0,0,0,1,1,False,False,Amigo’s Onlayn Printing
amikar,0,0,0,0,0,0,0,1,0,0,0,0,1,1,False,False,Amikar
amk vision link optical tropix,0,0,0,0,0,0,0,0,0,0,0,1,1,1,False,False,AMK VISION LINK OPTICAL TROPIX
amkor travel and tours,0,0,0,0,0,0,0,1,0,0,0,0,1,1,False,False,Amkor Travel And Tours
ammarah cellphone and accessories shop,0,0,0,0,0,0,0,1,0,0,0,0,1,1,False,False,AMMARAH CELLPHONE AND ACCESSORIES SHOP
amor propio salon,0,0,0,0,0,0,0,1,0,0,0,0,1,1,False,False,Amor Propio Salon
amora bar & lounge,0,0,0,0,0,1,0,0,0,0,0,0,1,1,False,False,Amora Bar & Lounge
amoretto fine jewelry,0,0,0,0,0,1,0,0,0,0,0,0,1,1,False,False,Amoretto Fine Jewelry
american rib & wings,0,0,0,0,0,0,0,1,0,0,0,0,1,1,False,False,AMERICAN RIB & WINGS
american hearing center,0,0,0,0,0,0,0,0,1,0,0,0,1,1,False,False,AMERICAN HEARING CENTER
aniiq cellphone accessories,0,0,0,0,0,0,0,1,0,0,0,0,1,1,False,False,Aniiq Cellphone Accessories
american eye center,0,0,0,0,0,0,0,0,1,0,0,0,1,1,False,False,AMERICAN EYE CENTER
amara fleur,0,0,0,0,0,0,0,0,1,0,0,0,1,1,False,False,AMARA FLEUR
amari luxe,0,0,0,0,0,0,0,0,1,0,0,0,1,1,False,False,AMARI LUXE
amari luxe aesthetic and wellness clinic,0,0,0,0,0,0,0,1,0,0,0,0,1,1,False,False,AMARI LUXE AESTHETIC AND WELLNESS CLINIC
amarra,0,0,0,0,0,0,0,0,1,0,0,0,1,1,False,False,AMARRA
amars cellphone accessories shop,0,0,0,0,0,0,0,1,0,0,0,0,1,1,False,False,Amar's Cellphone Accessories Shop
amazing discoveries travel and tours,0,0,0,0,0,0,0,0,1,0,0,0,1,1,False,False,THE AMAZING DISCOVERIES TRAVEL AND TOURS
amazing hands with blind therapist,0,1,0,0,0,0,0,0,0,0,0,0,1,1,False,False,AMAZING HANDS WITH BLIND THERAPIST
amazing star,0,0,0,0,0,0,1,0,0,0,0,0,1,1,False,False,Amazing Star
amazing touch,0,1,0,0,0,0,0,0,0,0,0,0,1,1,False,False,AMAZING TOUCH
ambassador home & electronics centre,0,1,0,0,0,0,0,0,0,0,0,0,1,1,False,False,AMBASSADOR HOME & ELECTRONICS CENTRE
amber graceal dance studio,0,1,0,0,0,0,0,0,0,0,0,0,1,1,False,False,AMBER GRACEAL DANCE STUDIO
ambrosiya,0,0,0,0,0,0,0,1,0,0,0,0,1,1,False,False,AMBROSIYA
amelie jewelry studios,0,0,0,0,0,0,0,0,1,0,0,0,1,1,False,False,AMELIE JEWELRY STUDIOS
amelitos,0,0,0,0,0,0,0,1,0,0,0,0,1,1,False,False,AMELITO'S
amerah jewelry & pearls,1,0,0,0,0,0,0,0,0,0,0,0,1,1,False,False,Amerah Jewelry & Pearls
amps volts,0,0,0,0,0,0,0,0,1,0,0,0,1,1,False,False,AMPS VOLTS
amuma hair bar,0,0,0,0,0,0,0,0,1,0,0,0,1,1,False,False,AMUMA HAIR BAR
amy fruits galore,0,1,0,0,0,0,0,0,0,0,0,0,1,1,False,False,AMY FRUITS GALORE
ana maria bakeshop,0,0,0,0,0,0,0,1,0,0,0,0,1,1,False,False,ANA MARIA BAKESHOP
angel k kakanin & merienda,0,0,0,0,0,0,0,1,0,0,0,0,1,1,False,False,Angel-K Kakanin & Merienda
angel k kakanin atbp,0,0,0,0,0,0,0,1,0,0,0,0,1,1,False,False,Angel K Kakanin Atbp
angeles electric company,0,0,0,0,0,0,0,1,0,0,0,0,1,1,False,False,ANGELES ELECTRIC COMPANY
angelines general merchandise,0,0,0,0,0,0,0,0,0,0,0,1,1,1,False,False,ANGELINES GENERAL MERCHANDISE
angels feet,0,1,0,0,0,0,0,0,0,0,0,0,1,1,False,False,ANGEL'S FEET
angels skin care salon,0,0,0,0,0,1,0,0,0,0,0,0,1,1,False,False,Angels' Skin Care Salon
angies jewelry,0,0,0,0,0,0,0,1,0,0,0,0,1,1,False,False,Angie's Jewelry
angkan,0,0,0,0,0,0,0,0,1,0,0,0,1,1,False,False,ANGKAN
angkan coffee,0,0,0,0,0,0,1,0,0,0,0,0,1,1,False,False,Angkan Coffee
angkols pungko pungko,0,0,1,0,0,0,0,0,0,0,0,0,1,1,False,False,Angkols Pungko-pungko
anglo eye care,0,0,0,0,0,0,0,1,0,0,0,0,1,1,False,False,Anglo Eye Care
anglo eye care center,0,1,0,0,0,0,0,0,0,0,0,0,1,1,False,False,ANGLO EYE CARE CENTER
angus pares,0,0,0,0,0,0,0,0,1,0,0,0,1,1,False,False,ANGUS PARES
aniesthetix dental implantology center,0,0,0,0,0,0,0,0,1,0,0,0,1,1,False,False,ANIESTHETIX DENTAL IMPLANTOLOGY CENTER
aniiq,0,0,0,0,0,0,0,1,0,0,0,0,1,1,False,False,Aniiq
angel k kakanin,0,0,0,0,1,0,0,0,0,0,0,0,1,1,False,False,Angel K Kakanin
angel jasmine merchandise,0,0,0,0,0,0,0,0,0,0,0,1,1,1,False,False,ANGEL JASMINE MERCHANDISE
ang nanay,0,0,0,0,0,0,0,1,0,0,0,0,1,1,False,False,ANG NANAY
andreas health & beauty products,0,0,0,0,0,0,0,1,0,0,0,0,1,1,False,False,Andrea's Health & Beauty Products
analog,0,0,0,0,0,0,1,0,0,0,0,0,1,1,False,False,Analog
anastasia lee cakes,0,0,0,0,0,0,0,0,1,0,0,0,1,1,False,False,ANASTASIA LEE CAKES
ancels gadget & accessories shop,1,0,0,0,0,0,0,0,0,0,0,0,1,1,False,False,ANCEL'S GADGET & ACCESSORIES SHOP
andante,0,1,0,0,0,0,0,0,0,0,0,0,1,1,False,False,ANDANTE
andoks rice in a box,0,0,0,0,0,0,0,0,0,0,0,1,1,1,False,False,ANDOKS RICE IN A BOX
andre gemstone,0,0,0,0,0,0,0,1,0,0,0,0,1,1,False,False,Andre Gemstone
andrews woodcraft furniture,0,0,1,0,0,0,0,0,0,0,0,0,1,1,False,False,Andrews Woodcraft Furniture
ang karenderia sa cagayan,0,0,0,0,0,0,0,1,0,0,0,0,1,1,False,False,ANG KARENDERIA SA CAGAYAN
andriod zone,0,0,0,0,0,0,0,0,0,0,0,1,1,1,False,False,ANDRIOD ZONE
androgyne manila,0,1,0,0,0,0,0,0,0,0,0,0,1,1,False,False,ANDROGYNE MANILA
andys crunchicken,0,0,0,0,0,0,0,0,1,0,0,0,1,1,False,False,ANDYS CRUNCHICKEN
aneal nail spa & beauty lounge,0,0,0,0,0,0,0,1,0,0,0,0,1,1,False,False,Aneal Nail Spa & Beauty Lounge
aneco 9079115440,0,0,0,0,0,0,0,1,0,0,0,0,1,1,False,False,ANECO 9079115440
anew,0,0,0,0,0,0,1,0,0,0,0,0,1,1,False,False,Anew
architectural audio,0,1,0,0,0,0,0,0,0,0,0,0,1,1,False,False,ARCHITECTURAL AUDIO
arellano dental clinic,0,0,0,0,0,0,0,1,0,0,0,0,1,1,False,False,Arellano Dental Clinic
amaia steps two capitol central showroom,0,1,0,0,0,0,0,0,0,0,0,0,1,1,False,False,AMAIA STEPS TWO CAPITOL CENTRAL SHOWROOM
auto care carwash services,0,0,0,0,0,0,0,1,0,0,0,0,1,1,False,False,Auto-Care Carwash Services
autogu,0,0,0,0,0,0,0,0,1,0,0,0,1,1,False,False,AUTOGU
autolandia,0,0,0,0,0,0,0,1,0,0,0,0,1,1,False,False,Autolandia
automobile association of the philippines inc,0,0,0,0,0,0,0,1,0,0,0,0,1,1,False,False,"Automobile Association Of The Philippines, Inc."
automobile association philippines,0,0,0,0,0,0,0,1,0,0,0,0,1,1,False,False,AUTOMOBILE ASSOCIATION PHILIPPINES
autor and dela cruz dental clinic 9183806769,0,0,0,0,0,0,0,1,0,0,0,0,1,1,False,False,Autor and Dela Cruz Dental Clinic (former Carolyne Bucao) 9183806769
av stamping services,0,0,0,0,0,0,0,0,1,0,0,0,1,1,False,False,AV STAMPING SERVICES
avecom printing services,0,0,0,0,0,0,0,1,0,0,0,0,1,1,False,False,AVECOM PRINTING SERVICES
aveda,0,1,0,0,0,0,0,0,0,0,0,0,1,1,False,False,AVEDA
avene,0,1,0,0,0,0,0,0,0,0,0,0,1,1,False,False,AVENE
aveneto pasta and pizza,0,0,0,0,0,0,0,0,1,0,0,0,1,1,False,False,AVENETO PASTA AND PIZZA
aventus clinic,0,0,0,0,0,0,0,1,0,0,0,0,1,1,False,False,Aventus Clinic
aventus medical care inc,0,0,0,0,0,0,0,0,1,0,0,0,1,1,False,False,AVENTUS MEDICAL CARE INC
avia international club,0,0,0,0,0,1,0,0,0,0,0,0,1,1,False,False,Avia International Club
avimms,0,0,0,0,0,0,0,1,0,0,0,0,1,1,False,False,AVIMMS
avimms massage therapy & reflexology service,0,1,0,0,0,0,0,0,0,0,0,0,1,1,False,False,AVIMMS MASSAGE THERAPY & REFLEXOLOGY SERVICE
auto center,0,0,0,0,0,0,0,0,1,0,0,0,1,1,False,False,AUTO CENTER
authorized lotto agent,0,0,0,0,0,0,0,1,0,0,0,0,1,1,False,False,Authorized Lotto Agent
athletes foot,0,0,0,0,0,0,0,1,0,0,0,0,1,1,False,False,The Athlete's Foot
austin land,0,0,0,0,0,0,0,0,1,0,0,0,1,1,False,False,AUSTIN LAND
athletics hub,0,0,0,0,0,0,0,1,0,0,0,0,1,1,False,False,ATHLETICS HUB
atm bdo,0,0,0,0,0,0,0,1,0,0,0,0,1,1,False,False,ATM - BDO
atm bpi,0,0,0,0,0,0,0,1,0,0,0,0,1,1,False,False,ATM - BPI
atm pnb,0,0,0,0,0,0,0,1,0,0,0,0,1,1,False,False,ATM - PNB
atm psbank,0,0,0,0,0,0,0,1,0,0,0,0,1,1,False,False,ATM - PSBANK
ato gaido,0,0,0,0,0,1,0,0,0,0,0,0,1,1,False,False,Ato Gaido
au beau blanc,0,0,0,0,0,1,0,0,0,0,0,0,1,1,False,False,Au Beau Blanc
au beau blanc cleaners,0,0,0,0,0,0,0,0,1,0,0,0,1,1,False,False,AU BEAU BLANC CLEANERS
augen beauty lounge,0,0,0,0,0,0,0,0,1,0,0,0,1,1,False,False,AUGEN BEAUTY LOUNGE
aunt ludi bakeshoppe,0,0,0,0,0,0,0,0,1,0,0,0,1,1,False,False,AUNT LUDI BAKESHOPPE
aunt sallys laundry service,0,1,0,0,0,0,0,0,0,0,0,0,1,1,False,False,AUNT SALLY'S LAUNDRY SERVICE
aura salon,0,1,0,0,0,0,0,0,0,0,0,0,1,1,False,False,AURA SALON
aurelios empanada,0,0,0,0,0,0,0,1,0,0,0,0,1,1,False,False,AURELIO'S EMPANADA
aureva,0,0,0,0,0,1,0,0,0,0,0,0,1,1,False,False,Aureva
auro chocolate cafe,0,0,0,0,0,0,0,0,1,0,0,0,1,1,False,False,AURO CHOCOLATE CAFE
avocadaria,0,0,0,0,0,0,0,1,0,0,0,0,1,1,False,False,AVOCADARIA
avocado and mango delights,0,0,0,0,0,0,0,0,1,0,0,0,1,1,False,False,AVOCADO AND MANGO DELIGHTS
avocado slurp,0,0,0,0,0,0,0,1,0,0,0,0,1,1,False,False,AVOCADO SLURP
avocadoria ph 0942 522 3176,0,0,0,0,0,0,0,1,0,0,0,0,1,1,False,False,AVOCADORIA.PH 0942-522-3176
azhleya cellphone & accessories shop,0,0,0,0,0,0,0,1,0,0,0,0,1,1,False,False,AZHLEYA CELLPHONE & ACCESSORIES SHOP
azilep trading,0,0,0,0,0,0,0,1,0,0,0,0,1,1,False,False,Azilep Trading
aziza,0,0,0,0,0,1,0,0,0,0,0,0,1,1,False,False,Aziza
azons boneless lechon,0,0,0,0,0,0,0,1,0,0,0,0,1,1,False,False,Azon's Boneless Lechon
azucar,0,1,0,0,0,0,0,0,0,0,0,0,1,1,False,False,AZUCAR
b fashion & apparel,0,0,0,0,0,0,0,1,0,0,0,0,1,1,False,False,B FASHION & APPAREL
b1t1,0,0,0,0,0,0,0,1,0,0,0,0,1,1,False,False,B1T1
b7 amusement egames nm cellphone ii,0,0,0,0,0,0,0,0,0,0,0,1,1,1,False,False,B7 AMUSEMENT EGAMES NM Cellphone II
b7 amusement nm cellphone,0,0,0,0,0,0,0,0,0,0,0,1,1,1,False,False,B7 AMUSEMENT NM Cellphone
b7 bingo angels gadget,0,0,0,0,0,0,0,0,0,0,0,1,1,1,False,False,B7 BINGO ANGELS GADGET
baa baa thai milktea,0,0,0,0,0,1,0,0,0,0,0,0,1,1,False,False,Baa Baa Thai Milktea
baa baa thai tea 0922 739 4579,0,0,0,0,0,0,0,1,0,0,0,0,1,1,False,False,BAA BAA THAI TEA 0922-739-4579
baan kids spa,0,0,0,0,0,1,0,0,0,0,0,0,1,1,False,False,Baan Kids Spa
baan spa,0,0,0,0,0,1,0,0,0,0,0,0,1,1,False,False,Baan Spa
babes children world,0,0,0,0,0,0,1,0,0,0,0,0,1,1,False,False,Babes Children World
azela,0,0,0,0,0,0,0,1,0,0,0,0,1,1,False,False,AZELA
azcor,0,0,0,0,0,0,0,0,1,0,0,0,1,1,False,False,AZCOR
azabu,0,0,0,0,0,0,0,1,0,0,0,0,1,1,False,False,Azabu
ayaah mobile phones and accessories shop,0,0,0,0,0,0,0,1,0,0,0,0,1,1,False,False,AYAAH MOBILE PHONES AND ACCESSORIES SHOP
avocadorian,0,0,0,0,0,0,0,1,0,0,0,0,1,1,False,False,AVOCADORIAN
awesam smile dental clinic,0,0,0,0,0,1,0,0,0,0,0,0,1,1,False,False,Awesam Smile Dental Clinic
awra beauty and infusion spa,0,0,0,0,0,0,0,1,0,0,0,0,1,1,False,False,AWRA Beauty and Infusion Spa
axel laundry water,0,0,0,0,0,0,0,0,1,0,0,0,1,1,False,False,AXEL LAUNDRY WATER
axels rbm,0,0,0,0,0,0,0,1,0,0,0,0,1,1,False,False,AXELS RBM
axels rbm souvinier & gift shop,0,1,0,0,0,0,0,0,0,0,0,0,1,1,False,False,AXEL'S RBM SOUVINIER & GIFT SHOP
ayala land premier,0,1,0,0,0,0,0,0,0,0,0,0,1,1,False,False,AYALA LAND PREMIER
az powered,0,0,0,0,0,0,0,0,1,0,0,0,1,1,False,False,AZ POWERED
ayame japanese restaurant,0,0,1,0,0,0,0,0,0,0,0,0,1,1,False,False,Ayame Japanese Restaurant
ayans lugawan,0,1,0,0,0,0,0,0,0,0,0,0,1,1,False,False,AYAN'S LUGAWAN
ayas cellphone accessories store,0,0,0,0,0,0,0,0,1,0,0,0,1,1,False,False,AYAS CELLPHONE ACCESSORIES STORE
aysee,0,0,0,0,0,0,1,0,0,0,0,0,1,1,False,False,Aysee
ayumi elite,0,0,0,0,0,1,0,0,0,0,0,0,1,1,False,False,Ayumi Elite
ayz health and beauty,0,0,0,0,0,0,0,0,0,0,0,1,1,1,False,False,AYZ HEALTH AND BEAUTY
athletica gymnastics,0,0,0,0,0,0,1,0,0,0,0,0,1,1,False,False,Athletica Gymnastics
athena travel tours,0,0,0,0,0,0,0,1,0,0,0,0,1,1,False,False,Athena Travel Tours
ari beauty and spa,0,0,0,0,0,1,0,0,0,0,0,0,1,1,False,False,Ari Beauty and Spa
art point gallery,0,0,0,0,0,0,1,0,0,0,0,0,1,1,False,False,Art Point Gallery
artasia,0,0,0,0,0,0,0,0,1,0,0,0,1,1,False,False,ARTASIA
artboom,0,0,0,0,0,1,0,0,0,0,0,0,1,1,False,False,Artboom
artistitch,0,0,0,0,0,0,0,0,1,0,0,0,1,1,False,False,ARTISTITCH
arturos,0,0,0,0,0,0,0,0,1,0,0,0,1,1,False,False,ARTURO'S
arx,0,0,0,0,0,0,0,1,0,0,0,0,1,1,False,False,ARX
arya persian,0,0,0,0,0,0,0,1,0,0,0,0,1,1,False,False,Arya Persian
arya persian restaurant,0,0,0,0,0,0,0,1,0,0,0,0,1,1,False,False,ARYA PERSIAN RESTAURANT
aryas coffee and tea,0,0,0,0,0,0,0,0,1,0,0,0,1,1,False,False,ARYAS COFFEE AND TEA
aseptique,0,0,0,0,0,0,0,0,1,0,0,0,1,1,False,False,ASEPTIQUE
aserehe money changer,0,0,0,0,0,0,0,0,0,0,1,0,1,1,False,False,Aserehe Money Changer
ash letrato inc,0,0,0,0,0,0,0,1,0,0,0,0,1,1,False,False,"Ash Letrato, Inc."
asher jewels,0,0,0,0,0,0,0,0,1,0,0,0,1,1,False,False,ASHER JEWELS
ashiq zone gadget trading,0,0,0,0,0,0,0,1,0,0,0,0,1,1,False,False,Ashiq Zone Gadget Trading
ashley furniture,0,0,0,0,0,0,0,1,0,0,0,0,1,1,False,False,Ashley Furniture
ashley mixx,0,0,1,0,0,0,0,0,0,0,0,0,1,1,False,False,Ashley Mixx
art68 coffee corner,0,0,0,0,0,0,0,1,0,0,0,0,1,1,False,False,Art68 Coffee Corner
art of scent,0,0,0,0,0,1,0,0,0,0,0,0,1,1,False,False,Art of Scent
athalias cakes & pastries,0,0,0,0,0,0,0,1,0,0,0,0,1,1,False,False,Athalia's Cakes & Pastries
art of love tattoo,0,0,0,0,0,1,0,0,0,0,0,0,1,1,False,False,Art Of Love Tattoo
aries services 0916 730 3522,0,0,0,0,0,0,0,1,0,0,0,0,1,1,False,False,ARIES SERVICES 0916-730-3522
aristocrat,0,0,0,0,0,0,0,1,0,0,0,0,1,1,False,False,Aristocrat
armorica by breton,0,1,0,0,0,0,0,0,0,0,0,0,1,1,False,False,ARMORICA BY BRETON
armourtech phone accents,0,1,0,0,0,0,0,0,0,0,0,0,1,1,False,False,ARMOURTECH PHONE ACCENTS
aromacology sensi,0,0,0,0,0,0,0,0,1,0,0,0,1,1,False,False,AROMACOLOGY SENSI
arq living,0,0,0,0,0,0,0,1,0,0,0,0,1,1,False,False,ARQ Living
arraboo ph,0,0,0,0,0,0,0,0,1,0,0,0,1,1,False,False,ARRABOO PH
arrow fix,0,0,0,0,0,0,0,1,0,0,0,0,1,1,False,False,ARROW FIX
arrowland by gandiva archery,0,0,0,0,0,0,0,0,1,0,0,0,1,1,False,False,ARROWLAND BY GANDIVA ARCHERY
arroz caldo republic,0,0,0,0,0,0,0,1,0,0,0,0,1,1,False,False,Arroz Caldo Republic
art anton gallery,0,0,0,0,0,0,0,0,1,0,0,0,1,1,False,False,ART ANTON GALLERY
art circle,0,0,0,0,0,0,0,1,0,0,0,0,1,1,False,False,The Art Circle
art haven gallery,0,1,0,0,0,0,0,0,0,0,0,0,1,1,False,False,ART HAVEN GALLERY
art lounge,0,0,0,0,0,0,0,0,1,0,0,0,1,1,False,False,ART LOUNGE
art monster,0,0,0,0,0,0,0,0,1,0,0,0,1,1,False,False,ART MONSTER
ashley mixx bazaar,0,0,1,0,0,0,0,0,0,0,0,0,1,1,False,False,Ashley Mixx Bazaar
ashley nicolette,0,0,0,0,0,0,0,1,0,0,0,0,1,1,False,False,Ashley Nicolette
ashrey diagnostic center,0,0,0,0,0,1,0,0,0,0,0,0,1,1,False,False,Ashrey Diagnostic Center
ashtel phil,0,0,0,0,0,0,1,0,0,0,0,0,1,1,False,False,Ashtel Phil
astons specialities,0,0,0,0,0,0,0,0,1,0,0,0,1,1,False,False,ASTONS SPECIALITIES
astroballoons,0,0,0,0,0,0,0,0,1,0,0,0,1,1,False,False,ASTROBALLOONS
asu trading,0,0,0,0,0,0,0,1,0,0,0,0,1,1,False,False,ASU Trading
asuncion optical,0,1,0,0,0,0,0,0,0,0,0,0,1,1,False,False,ASUNCION OPTICAL
asures by carla,0,0,0,0,0,0,0,1,0,0,0,0,1,1,False,False,ASURES BY CARLA
asus experience zone,0,0,0,0,0,0,0,0,1,0,0,0,1,1,False,False,THE ASUS EXPERIENCE ZONE
asus zenfone,0,0,0,0,1,0,0,0,0,0,0,0,1,1,False,False,Asus Zenfone
asy and ysas party needs,0,1,0,0,0,0,0,0,0,0,0,0,1,1,False,False,ASY AND YSA'S PARTY NEEDS
asyard fashion house,0,0,0,0,1,0,0,0,0,0,0,0,1,1,False,False,Asyard Fashion House
ata martial arts studio,0,0,0,0,0,1,0,0,0,0,0,0,1,1,False,False,ATA Martial Arts Studio
atc massage,0,0,0,0,0,0,0,1,0,0,0,0,1,1,False,False,ATC MASSAGE
atc massage chair service,0,0,0,0,0,0,0,1,0,0,0,0,1,1,False,False,ATC MASSAGE CHAIR SERVICE (NEW)
ate by tatah,0,0,0,0,0,0,0,1,0,0,0,0,1,1,False,False,Ate By Tatah
ate nenes shakes,0,0,0,0,0,0,0,0,1,0,0,0,1,1,False,False,ATE NENE'S SHAKES
ate ricas bacsilog 0929 329 5776,0,0,0,0,0,0,0,1,0,0,0,0,1,1,False,False,ATE RICA'S BACSILOG 0929-329-5776
aspire health solutions,0,0,0,0,0,1,0,0,0,0,0,0,1,1,False,False,Aspire Health Solutions
aslania shoes corner,0,0,0,0,0,0,0,1,0,0,0,0,1,1,False,False,Aslania Shoes Corner
aslane cellphone & accessories 0950 864 1523,0,0,0,0,0,0,0,1,0,0,0,0,1,1,False,False,ASLANE CELLPHONE & ACCESSORIES 0950-864-1523
asian food house,0,0,0,0,0,1,0,0,0,0,0,0,1,1,False,False,Asian Food House
asia united bank,0,0,0,0,1,0,0,0,0,0,0,0,1,1,False,False,Asia United Bank
asiaco,0,0,0,0,0,0,0,1,0,0,0,0,1,1,False,False,Asiaco
asiamex,0,1,0,0,0,0,0,0,0,0,0,0,1,1,False,False,ASIAMEX
asian base dental group,0,0,0,0,0,0,0,1,0,0,0,0,1,1,False,False,Asian Base Dental Group
asian derma clinic,0,0,0,0,0,0,0,0,0,1,0,0,1,1,False,False,ASIAN DERMA CLINIC
asian derma clinic cherry mobile,0,0,0,0,0,0,0,0,0,0,0,1,1,1,False,False,ASIAN DERMA CLINIC CHERRY MOBILE
asian hawker,0,0,0,0,0,0,0,0,0,1,0,0,1,1,False,False,ASIAN HAWKER
asian spice,0,0,0,0,0,0,0,1,0,0,0,0,1,1,False,False,Asian Spice (Temporarily Closed)
asian institute of computer studies,0,0,0,0,0,0,0,0,0,0,0,1,1,1,False,False,ASIAN INSTITUTE OF COMPUTER STUDIES
asian institute of computer studies purple line,0,0,0,0,0,0,0,0,0,0,0,1,1,1,False,False,ASIAN INSTITUTE OF COMPUTER STUDIES PURPLE LINE
asian massage,0,0,0,0,0,0,0,0,1,0,0,0,1,1,False,False,ASIAN MASSAGE
asian noodle master,0,0,0,0,0,0,0,1,0,0,0,0,1,1,False,False,Asian Noodle Master
asian pieces arts & antiques shop,0,1,0,0,0,0,0,0,0,0,0,0,1,1,False,False,"ASIAN PIECES, ARTS & ANTIQUE'S SHOP"
asian skin clinic,0,0,0,0,0,1,0,0,0,0,0,0,1,1,False,False,Asian Skin Clinic
amang grill,0,0,0,0,0,0,0,0,0,0,1,0,1,1,False,False,Amang Grill
amah mee ya,0,0,0,0,0,1,0,0,0,0,0,0,1,1,False,False,Amah Mee Ya
canadian immigration consultancy,0,0,0,0,0,0,0,0,1,0,0,0,1,1,False,False,CANADIAN IMMIGRATION CONSULTANCY
abaton,0,0,0,0,0,0,1,0,0,0,0,0,1,1,False,False,Abaton
abbas orchard montessori,0,0,0,0,0,1,0,0,0,0,0,0,1,1,False,False,Abba's Orchard Montessori
abc decor centre,0,0,0,0,0,0,0,0,1,0,0,0,1,1,False,False,ABC DECOR CENTRE
abdg,0,0,0,0,0,0,0,0,1,0,0,0,1,1,False,False,ABDG
abdul azis cellphone and accessories store,0,0,0,0,0,0,0,1,0,0,0,0,1,1,False,False,ABDUL-AZIS CELLPHONE AND ACCESSORIES STORE
abee barbeque corner,0,1,0,0,0,0,0,0,0,0,0,0,1,1,False,False,ABEE BARBEQUE CORNER
abel iloko,0,1,0,0,0,0,0,0,0,0,0,0,1,1,False,False,ABEL ILOKO
abel ulaye jcm exhibit depot,0,0,0,0,0,0,0,0,0,0,0,1,1,1,False,False,ABEL ULAYE JCM Exhibit Depot
abenson appliances,0,0,0,0,0,0,0,0,0,0,0,1,1,1,False,False,ABENSON APPLIANCES
abenson genelyn cellphone and accessories,0,0,0,0,0,0,0,0,0,0,0,1,1,1,False,False,ABENSON Genelyn Cellphone and accessories
abenson victorious,0,0,0,0,0,0,0,0,0,0,0,1,1,1,False,False,"ABENSON, VICTORIOUS"
abesamis dental clinic,0,0,1,0,0,0,0,0,0,0,0,0,1,1,False,False,Abesamis Dental Clinic
abracadabra,0,0,0,0,0,0,1,0,0,0,0,0,1,1,False,False,Abracadabra
abraham cellshop,0,0,0,0,0,0,0,0,0,0,0,1,1,1,False,False,ABRAHAM CELLSHOP
abrey photocopy corp,0,0,0,0,0,0,0,0,0,0,0,1,1,1,False,False,ABREY PHOTOCOPY CORP.
abrillo furniture,0,0,0,0,0,0,0,0,1,0,0,0,1,1,False,False,ABRILLO FURNITURE
abbas orchard,0,0,0,0,0,0,1,0,0,0,0,0,1,1,False,False,The Abba's Orchard
abalone,0,0,0,0,0,0,0,0,1,0,0,0,1,1,False,False,ABALONE
a bernardo jewelry,0,0,0,0,0,0,1,0,0,0,0,0,1,1,False,False,A.bernardo Jewelry
abaga cellphone,0,0,0,0,0,0,0,0,0,0,0,1,1,1,False,False,ABAGA CELLPHONE
a l valencia dental clinic,0,0,0,0,0,0,0,0,1,0,0,0,1,1,False,False,A L VALENCIA DENTAL CLINIC
a la mode,0,0,0,0,0,0,0,0,1,0,0,0,1,1,False,False,A LA MODE
a moleta sign & crafts,0,0,0,0,0,0,0,1,0,0,0,0,1,1,False,False,A. MOLETA SIGN & CRAFTS
a new way to smile dental clinic,0,0,0,0,0,0,0,0,1,0,0,0,1,1,False,False,A NEW WAY TO SMILE DENTAL CLINIC
a remax,0,0,0,0,0,0,0,1,0,0,0,0,1,1,False,False,A-REMAX
a salonga music center school,0,0,0,0,0,0,0,0,1,0,0,0,1,1,False,False,A SALONGA MUSIC CENTER SCHOOL
a t m fruit corner,0,1,0,0,0,0,0,0,0,0,0,0,1,1,False,False,A.T.M. FRUIT CORNER
a touch of elegance,0,1,0,0,0,0,0,0,0,0,0,0,1,1,False,False,A TOUCH OF ELEGANCE
a z gadgets,0,0,0,0,0,0,0,1,0,0,0,0,1,1,False,False,A-Z GADGETS
a&g,0,0,0,0,0,0,0,1,0,0,0,0,1,1,False,False,A&G
a&ron massage chair,0,0,0,0,0,0,0,1,0,0,0,0,1,1,False,False,A&RON MASSAGE CHAIR
a2z driving school,0,0,0,0,0,0,0,1,0,0,0,0,1,1,False,False,A2Z Driving School
a5 collection,0,0,0,0,0,0,0,1,0,0,0,0,1,1,False,False,A5 Collection
a888 watch repair,0,0,0,0,0,0,0,1,0,0,0,0,1,1,False,False,A888 Watch Repair
aaquilahs jewelry,0,0,0,0,1,0,0,0,0,0,0,0,1,1,False,False,Aaquilah's Jewelry
abubot,0,0,0,0,0,0,0,0,1,0,0,0,1,1,False,False,ABUBOT
abuhan ni manang julie,0,0,0,0,1,0,0,0,0,0,0,0,1,1,False,False,Abuhan ni Manang Julie
ac 632,0,1,0,0,0,0,0,0,0,0,0,0,1,1,False,False,AC + 632
ac vision,0,0,0,0,1,0,0,0,0,0,0,0,1,1,False,False,AC Vision
acg medical clinic,0,0,0,0,0,0,0,1,0,0,0,0,1,1,False,False,ACG Medical Clinic
acms medical and diagnostic services,0,0,0,0,0,0,0,0,1,0,0,0,1,1,False,False,ACMS MEDICAL AND DIAGNOSTIC SERVICES
acom,0,0,0,0,0,0,0,0,0,1,0,0,1,1,False,False,ACOM
acom consumer finance,0,0,0,0,0,0,0,0,0,0,1,0,1,1,False,False,ACOM Consumer Finance
acom consumer finance corporation,0,0,0,0,0,0,0,0,0,0,1,0,1,1,False,False,ACOM Consumer Finance Corporation
acom consumer finance corporaton,0,0,0,0,0,0,0,0,0,1,0,0,1,1,False,False,ACOM CONSUMER FINANCE CORPORATON
acom consumer finance incorporated,0,0,0,0,0,0,0,0,0,0,1,0,1,1,False,False,ACOM Consumer Finance Incorporated
acquasuisse,0,0,0,0,0,0,0,1,0,0,0,0,1,1,False,False,Acquasuisse
acquasuisse perfume bar,0,1,0,0,0,0,0,0,0,0,0,0,1,1,False,False,ACQUASUISSE PERFUME BAR
across,0,0,0,0,0,0,0,0,1,0,0,0,1,1,False,False,ACROSS
activate sports center,0,0,0,0,0,0,0,0,1,0,0,0,1,1,False,False,ACTIVATE SPORTS CENTER
active eyewear,0,0,0,0,0,0,0,0,1,0,0,0,1,1,False,False,ACTIVE EYEWEAR
active fun,0,0,0,0,0,0,0,0,1,0,0,0,1,1,False,False,ACTIVE FUN
active hearing,0,0,0,0,0,0,0,1,0,0,0,0,1,1,False,False,Active Hearing
active vision,0,0,0,0,0,0,0,1,0,0,0,0,1,1,False,False,Active Vision
aceshield cellphone accessories,0,0,0,0,0,0,0,0,1,0,0,0,1,1,False,False,ACESHIELD CELLPHONE ACCESSORIES
acer 9213852093,0,0,0,0,0,0,0,1,0,0,0,0,1,1,False,False,Acer 9213852093
acefast,0,0,0,0,0,0,0,0,1,0,0,0,1,1,False,False,ACEFAST
acdc learning center,0,1,0,0,0,0,0,0,0,0,0,0,1,1,False,False,ACDC LEARNING CENTER
acami massage,0,0,0,0,0,0,1,0,0,0,0,0,1,1,False,False,Acami Massage
acami massage spa,0,0,0,0,0,0,0,0,1,0,0,0,1,1,False,False,ACAMI MASSAGE SPA
accent hub,0,0,1,0,0,0,0,0,0,0,0,0,1,1,False,False,Accent Hub
accenture,0,1,0,0,0,0,0,0,0,0,0,0,1,1,False,False,ACCENTURE
accessory geeks marketing,0,0,0,0,1,0,0,0,0,0,0,0,1,1,False,False,Accessory Geeks Marketing
accessory lane marketing,0,0,0,0,1,0,0,0,0,0,0,0,1,1,False,False,Accessory Lane Marketing
acdi multipurpose cooperative,0,0,0,0,0,0,0,1,0,0,0,0,1,1,False,False,ACDI Multipurpose Cooperative
acebedo panol optical,0,0,0,0,0,0,0,1,0,0,0,0,1,1,False,False,ACEBEDO PANOL OPTICAL
ace builders center,0,0,0,0,0,0,0,0,1,0,0,0,1,1,False,False,ACE BUILDERS CENTER
ace cream,0,0,1,0,0,0,0,0,0,0,0,0,1,1,False,False,Ace Cream
ace express,0,0,0,0,0,0,0,0,1,0,0,0,1,1,False,False,ACE EXPRESS
ace fashion 9209267708,0,0,0,0,0,0,0,1,0,0,0,0,1,1,False,False,ACE FASHION 9209267708
ace hardware warehouse,0,0,0,0,0,0,0,0,0,0,0,1,1,1,False,False,ACE HARDWARE WAREHOUSE
acebedo,0,0,0,0,0,0,0,1,0,0,0,0,1,1,False,False,Acebedo
a create,0,0,0,0,0,0,0,0,1,0,0,0,1,1,False,False,A-CREATE
a & s miscellaneous fabric center,0,1,0,0,0,0,0,0,0,0,0,0,1,1,False,False,A & S MISCELLANEOUS FABRIC CENTER
acts manila,0,0,0,0,0,1,0,0,0,0,0,0,1,1,False,False,Acts Manila
2823 cherry mobile,0,0,0,0,0,0,0,0,0,0,0,1,1,1,False,False,2823 CHERRY MOBILE
2go express,0,0,1,0,0,0,0,0,0,0,0,0,1,1,False,False,2go Express
2go express tara balls,0,0,0,0,0,0,0,0,0,0,0,1,1,1,False,False,2GO EXPRESS Tara Balls
2nd street oyster,0,0,0,0,0,0,0,0,1,0,0,0,1,1,False,False,2ND STREET OYSTER
2nd street oysters,0,0,0,0,0,1,0,0,0,0,0,0,1,1,False,False,2nd Street Oysters
2nd time around,0,0,0,0,0,0,0,0,1,0,0,0,1,1,False,False,2ND TIME AROUND
3 barkeeteers,0,0,0,0,0,0,1,0,0,0,0,0,1,1,False,False,3 Barkeeteers
31st streetbar and restaurant,0,0,0,0,0,0,0,1,0,0,0,0,1,1,False,False,31ST STREETBAR AND RESTAURANT
360 barbers & beauty salon,0,0,0,0,0,0,0,1,0,0,0,0,1,1,False,False,360 BARBERS & BEAUTY SALON
360 fitness,0,0,0,0,0,0,0,0,0,0,0,1,1,1,False,False,360 Fitness
360 pharmacy,0,0,1,0,0,0,0,0,0,0,0,0,1,1,False,False,360 Pharmacy
37 degrees coffee,0,0,0,0,0,0,0,1,0,0,0,0,1,1,False,False,37 Degrees Coffee
3d dental clinic,0,1,0,0,0,0,0,0,0,0,0,0,1,1,False,False,3D DENTAL CLINIC
3g planet,0,0,1,0,0,0,0,0,0,0,0,0,1,1,False,False,3g Planet
3geeks,0,0,0,0,0,0,1,0,0,0,0,0,1,1,False,False,3geeks
3m pizza,0,0,0,0,0,0,0,1,0,0,0,0,1,1,False,False,3M PIZZA
2d samgyup saranghae,0,0,0,0,0,1,0,0,0,0,0,0,1,1,False,False,2D Samgyup Saranghae
2823 cellphone & accessories jhenzan cellphone,0,0,0,0,0,0,0,0,0,0,0,1,1,1,False,False,2823 CELLPHONE & ACCESSORIES JHENZAN CELLPHONE (NORANIA 2)
a & ron massage chair,0,0,0,0,0,0,0,1,0,0,0,0,1,1,False,False,A & RON MASSAGE CHAIR
2823,0,0,0,0,0,0,0,0,0,0,0,1,1,1,False,False,2823
10 by tsukemen,0,0,0,0,0,0,0,1,0,0,0,0,1,1,False,False,10 by Tsukemen
102 izakaya,0,1,0,0,0,0,0,0,0,0,0,0,1,1,False,False,102 IZAKAYA
10yenking,0,0,0,0,0,0,0,1,0,0,0,0,1,1,False,False,10YenKing
12 monkeys music hall & pub,0,0,0,0,0,0,1,0,0,0,0,0,1,1,False,False,12 Monkeys Music Hall & Pub
121 grill and restaurant,0,0,0,0,0,1,0,0,0,0,0,0,1,1,False,False,121 Grill and Restaurant
1624 noodle bar,0,0,0,0,0,0,1,0,0,0,0,0,1,1,False,False,1624 Noodle Bar
18 days coffee,0,1,0,0,0,0,0,0,0,0,0,0,1,1,False,False,18 DAYS COFFEE
1870 cookie cartel,0,0,0,0,0,1,0,0,0,0,0,0,1,1,False,False,1870 Cookie Cartel
19th street coffee shop,0,1,0,0,0,0,0,0,0,0,0,0,1,1,False,False,19TH STREET COFFEE SHOP
1click internet shop,0,0,0,0,0,0,0,1,0,0,0,0,1,1,False,False,1CLICK INTERNET SHOP
2 els toy mart,0,0,0,0,0,1,0,0,0,0,0,0,1,1,False,False,2 El's Toy Mart
205,0,1,0,0,0,0,0,0,0,0,0,0,1,1,False,False,205
220 taps n tiles,0,0,0,0,0,0,0,0,1,0,0,0,1,1,False,False,220 TAPS N' TILES
2358 korean exquisite ca exhibit network,0,0,0,0,0,0,0,0,0,0,0,1,1,1,False,False,2358 KOREAN EXQUISITE CA EXHIBIT NETWORK
27c realty,0,0,0,0,0,0,0,1,0,0,0,0,1,1,False,False,27C REALTY
4 med enterprises ca exhibits,0,0,0,0,0,0,0,0,0,0,0,1,1,1,False,False,4 MED ENTERPRISES ( AFICIONADO) CA EXHIBITS ( PROPERTY PRO )
4d trailer,0,0,0,0,1,0,0,0,0,0,0,0,1,1,False,False,4D Trailer
4ns fone,0,0,0,0,0,0,0,0,0,0,0,1,1,1,False,False,4N'S FONE
4u mini cellshop,0,0,0,0,1,0,0,0,0,0,0,0,1,1,False,False,4U Mini Cellshop
80 degrees ktv,0,0,0,0,0,0,0,0,1,0,0,0,1,1,False,False,80 DEGREES KTV
808,0,0,0,0,0,0,0,0,1,0,0,0,1,1,False,False,THE 808
8a performance,1,0,0,0,0,0,0,0,0,0,0,0,1,1,False,False,8A PERFORMANCE
8cuts burger,0,0,0,0,0,0,1,0,0,0,0,0,1,1,False,False,8Cuts Burger
8th lane,0,1,0,0,0,0,0,0,0,0,0,0,1,1,False,False,8TH LANE
8th street spa,0,0,0,0,0,0,0,0,1,0,0,0,1,1,False,False,8TH STREET SPA
8th ways spa,0,0,0,0,0,1,0,0,0,0,0,0,1,1,False,False,8th Ways Spa
9 silog,0,0,0,0,0,0,0,0,1,0,0,0,1,1,False,False,9 SILOG
99 ranch,0,0,0,0,0,1,0,0,0,0,0,0,1,1,False,False,99 Ranch
99 ranch store,0,0,0,0,0,0,0,0,0,0,1,0,1,1,False,False,99 Ranch Store
99 store,0,0,0,0,1,0,0,0,0,0,0,0,1,1,False,False,99 Store (Reloc)
a,0,0,0,0,1,0,0,0,0,0,0,0,1,1,False,False,A
a & b textile,1,0,0,0,0,0,0,0,0,0,0,0,1,1,False,False,A & B TEXTILE
a & j cellphone accessories,0,0,0,0,0,0,0,1,0,0,0,0,1,1,False,False,A & J CELLPHONE ACCESSORIES
a & r beauty,0,0,0,0,0,0,0,1,0,0,0,0,1,1,False,False,A & R Beauty
8 zettabytes,0,0,0,0,0,0,1,0,0,0,0,0,1,1,False,False,8 Zettabytes
8 telcom,0,0,0,0,1,0,0,0,0,0,0,0,1,1,False,False,8 Telcom
8 seconds,0,0,0,0,0,0,0,1,0,0,0,0,1,1,False,False,8 SECONDS
7 eleven rasta,0,0,0,0,0,0,0,0,0,0,0,1,1,1,False,False,7 ELEVEN RASTA
50 50 burger steaks,0,0,0,0,0,0,0,1,0,0,0,0,1,1,False,False,50/50 BURGER STEAKS
50 second,0,0,0,0,0,0,0,1,0,0,0,0,1,1,False,False,50 SECOND
511 tactical series,0,0,0,0,0,0,0,0,1,0,0,0,1,1,False,False,511 TACTICAL SERIES
55c,0,0,0,0,1,0,0,0,0,0,0,0,1,1,False,False,55°C
5peaches inc,0,0,0,0,0,0,0,0,0,0,0,1,1,1,False,False,"5PEACHES, INC."
7 brothers cellphone gallery,0,0,0,0,0,0,0,1,0,0,0,0,1,1,False,False,7 BROTHERS CELLPHONE GALLERY
7 for all mankind,0,1,0,0,0,0,0,0,0,0,0,0,1,1,False,False,7 FOR ALL MANKIND
8 cuts burgers,0,1,0,0,0,0,0,0,0,0,0,0,1,1,False,False,8 CUTS BURGERS
7 luxe,0,0,1,0,0,0,0,0,0,0,0,0,1,1,False,False,7 Luxe
7 soles,0,0,0,0,0,0,0,1,0,0,0,0,1,1,False,False,7 Soles
70s kimchi,0,0,1,0,0,0,0,0,0,0,0,0,1,1,False,False,70’s Kimchi
712 insideout travel tours,0,0,0,0,0,0,0,0,1,0,0,0,1,1,False,False,712 INSIDEOUT TRAVEL TOURS
789 fresh mart,0,0,0,0,0,1,0,0,0,0,0,0,1,1,False,False,789 Fresh Mart
8 cuts burger,0,0,0,0,0,1,0,0,0,0,0,0,1,1,False,False,8 Cuts Burger
acts church,0,0,1,0,0,0,0,0,0,0,0,0,1,1,False,False,Acts Church
aczesoriz,0,0,0,0,0,0,0,1,0,0,0,0,1,1,False,False,Aczesoriz
am pm by alchemista,0,0,0,0,0,0,0,0,1,0,0,0,1,1,False,False,AM + PM BY ALCHEMISTA
alemar graphics ads,0,0,0,0,0,0,0,0,1,0,0,0,1,1,False,False,ALEMAR GRAPHICS ADS
alexander fragrance,0,1,0,0,0,0,0,0,0,0,0,0,1,1,False,False,ALEXANDER FRAGRANCE
alexis,0,0,0,0,0,0,0,1,0,0,0,0,1,1,False,False,Alexis
alfredo watch repair,0,0,0,0,0,0,0,1,0,0,0,0,1,1,False,False,Alfredo Watch Repair
alfredulla,0,0,0,0,0,0,0,0,1,0,0,0,1,1,False,False,ALFREDULLA
ali footwear,0,0,0,0,0,0,0,1,0,0,0,0,1,1,False,False,Ali Footwear
alice orig pancit malabon 9985474866,0,0,0,0,0,0,0,1,0,0,0,0,1,1,False,False,Alice Orig Pancit Malabon 9985474866
alistair,0,0,0,0,0,0,0,1,0,0,0,0,1,1,False,False,Alistair
aliya cellphone accessories,0,0,0,0,1,0,0,0,0,0,0,0,1,1,False,False,Aliya Cellphone Accessories
alizidney,0,0,0,0,0,0,0,1,0,0,0,0,1,1,False,False,ALIZIDNEY
alkimia by mumbakki,0,0,0,0,0,0,0,1,0,0,0,0,1,1,False,False,ALKIMIA BY MUMBAKKI (0946-138-4463)
all aboard xp by gaming library,0,0,0,0,0,1,0,0,0,0,0,0,1,1,False,False,All aBoard XP by Gaming Library
all about women ob gyne sub specialty clinic,0,0,0,0,0,0,0,0,1,0,0,0,1,1,False,False,ALL ABOUT WOMEN OB-GYNE SUB-SPECIALTY CLINIC
all bank,0,0,0,0,0,0,0,0,0,1,0,0,1,1,False,False,ALL BANK
all core pilates,0,0,0,0,0,0,0,0,1,0,0,0,1,1,False,False,ALL CORE PILATES
all day convenience store,0,0,0,0,0,0,0,0,0,1,0,0,1,1,False,False,ALL DAY CONVENIENCE STORE
alessi,0,1,0,0,0,0,0,0,0,0,0,0,1,1,False,False,ALESSI
alegria,0,1,0,0,0,0,0,0,0,0,0,0,1,1,False,False,ALEGRIA
al halal,0,0,1,0,0,0,0,0,0,0,0,0,1,1,False,False,Al Halal
aleah cellphone & accessories store,0,0,0,0,0,0,0,1,0,0,0,0,1,1,False,False,ALEAH CELLPHONE & ACCESSORIES STORE
alandoni cellphone accessories,0,0,0,0,0,0,0,0,0,0,0,1,1,1,False,False,ALANDONI CELLPHONE ACCESSORIES (ENSHES)
alas nail spa,0,0,0,0,0,1,0,0,0,0,0,0,1,1,False,False,Alas Nail Spa
albarando & laboga dental clinic 479 9319,0,0,0,0,0,0,0,1,0,0,0,0,1,1,False,False,Albarando & Laboga Dental Clinic (032)479-9319
alberto geox,0,0,0,0,0,0,0,1,0,0,0,0,1,1,False,False,Alberto/Geox
alberto officine,0,0,0,0,0,0,0,1,0,0,0,0,1,1,False,False,Alberto/Officine
alberto terra & agua,0,0,0,0,0,0,0,1,0,0,0,0,1,1,False,False,Alberto/Terra & Agua
alcantara and associates law office,0,0,0,0,0,0,0,0,1,0,0,0,1,1,False,False,ALCANTARA AND ASSOCIATES LAW OFFICE
alcaras,0,0,0,0,0,0,0,0,0,0,0,1,1,1,False,False,ALCARAS
alchemy,0,0,0,0,0,0,0,1,0,0,0,0,1,1,False,False,Alchemy
alchemy fiber,0,0,0,0,0,0,0,1,0,0,0,0,1,1,False,False,ALCHEMY FIBER
alcoan driving school,0,0,0,0,0,0,0,1,0,0,0,0,1,1,False,False,ALCOAN DRIVING SCHOOL
alcoves,0,1,0,0,0,0,0,0,0,0,0,0,1,1,False,False,THE ALCOVES
aldave dental implant and esthetic dentistry and medical,0,0,0,0,0,0,0,0,1,0,0,0,1,1,False,False,ALDAVE DENTAL IMPLANT AND ESTHETIC DENTISTRY AND MEDICAL
aldo accessories,0,0,0,0,0,0,0,1,0,0,0,0,1,1,False,False,Aldo Accessories
aldrew 88 footwear & gen merchandise mus ab ii cellphone & accessories,0,0,0,0,0,0,0,0,0,0,0,1,1,1,False,False,ALDREW 88 FOOTWEAR & GEN. MERCHANDISE MUS AB II CELLPHONE & ACCESSORIES
all day convenience store gfl,0,0,0,0,0,0,0,0,0,1,0,0,1,1,False,False,ALL DAY CONVENIENCE STORE GFL
all day convenience store ugf,0,0,0,0,0,0,0,0,0,1,0,0,1,1,False,False,ALL DAY CONVENIENCE STORE UGF
all day supermarket,0,0,0,0,0,0,0,0,0,1,0,0,1,1,False,False,ALL DAY SUPERMARKET
all flip flops pop up shop,0,0,0,0,0,0,0,0,1,0,0,0,1,1,False,False,ALL FLIP FLOPS POP-UP SHOP
alpas dental care center,0,0,0,0,0,0,0,0,1,0,0,0,1,1,False,False,ALPAS DENTAL CARE CENTER
alpha bazaar,0,0,0,0,0,0,0,1,0,0,0,0,1,1,False,False,Alpha Bazaar
alpha lifestyle,0,0,0,0,0,0,0,0,1,0,0,0,1,1,False,False,ALPHA LIFESTYLE
alpina lounge & wellness,0,0,0,0,0,1,0,0,0,0,0,0,1,1,False,False,Alpina Lounge & Wellness
alres,0,0,0,0,0,0,0,0,1,0,0,0,1,1,False,False,ALRES
alshaymah cellphone & accessories,0,0,0,0,0,0,0,1,0,0,0,0,1,1,False,False,ALSHAYMAH CELLPHONE & ACCESSORIES
alter and more,0,0,0,0,0,0,0,0,1,0,0,0,1,1,False,False,ALTER AND MORE
alter cesh,0,0,0,0,0,0,1,0,0,0,0,0,1,1,False,False,Alter Cesh
alteration plus,0,0,0,0,0,0,0,1,0,0,0,0,1,1,False,False,Alteration Plus
alteresi,0,1,0,0,0,0,0,0,0,0,0,0,1,1,False,False,ALTERESI
alternative 9561281277,0,0,0,0,0,0,0,1,0,0,0,0,1,1,False,False,THE ALTERNATIVE 9561281277
alterrific,0,0,0,0,0,0,0,1,0,0,0,0,1,1,False,False,Alterrific
althea footwear and general merchandise,0,0,0,0,0,0,0,0,0,0,0,1,1,1,False,False,ALTHEA FOOTWEAR AND GENERAL MERCHANDISE
alto peak chocolate,0,0,0,0,0,0,0,0,1,0,0,0,1,1,False,False,ALTO PEAK CHOCOLATE
alya pasta,0,0,0,0,0,0,0,1,0,0,0,0,1,1,False,False,Alya Pasta
aloha juice,0,0,0,0,1,0,0,0,0,0,0,0,1,1,False,False,Aloha Juice
aloha,0,0,0,0,1,0,0,0,0,0,0,0,1,1,False,False,Aloha
almeda optical,0,1,0,0,0,0,0,0,0,0,0,0,1,1,False,False,ALMEDA OPTICAL
allday supermarket,0,0,0,0,0,0,0,0,0,1,0,0,1,1,False,False,ALLDAY SUPERMARKET
all home,0,0,0,0,0,0,0,0,0,1,0,0,1,1,False,False,ALL HOME
all sports,0,0,0,0,0,0,0,0,0,1,0,0,1,1,False,False,ALL SPORTS
all you knead,0,0,0,0,0,0,0,0,1,0,0,0,1,1,False,False,ALL YOU KNEAD
all4u unlimited grill and shabu shabu,0,0,0,0,0,0,0,0,1,0,0,0,1,1,False,False,ALL4U UNLIMITED GRILL AND SHABU SHABU
allbank,0,0,0,0,0,0,0,0,0,1,0,0,1,1,False,False,ALLBANK
allday convenience store,0,0,0,0,0,0,0,0,0,1,0,0,1,1,False,False,ALLDAY CONVENIENCE STORE
allhome appliances,0,0,0,0,0,0,0,0,0,1,0,0,1,1,False,False,ALLHOME APPLIANCES
allyna footwear,0,0,0,0,0,0,0,1,0,0,0,0,1,1,False,False,ALLYNA FOOTWEAR
allianz pnb,0,0,0,0,0,0,0,0,1,0,0,0,1,1,False,False,ALLIANZ PNB
allianz pnb life,0,0,0,0,0,0,0,1,0,0,0,0,1,1,False,False,ALLIANZ PNB LIFE
allianz pnb satellite exhibit 2024,0,0,0,0,0,0,0,1,0,0,0,0,1,1,False,False,ALLIANZ PNB SATELLITE EXHIBIT 2024
allison jewelry,0,0,0,0,1,0,0,0,0,0,0,0,1,1,False,False,Allison Jewelry
allsectech manila inc,0,1,0,0,0,0,0,0,0,0,0,0,1,1,False,False,"ALLSECTECH MANILA, INC"
alltoys,0,0,0,0,0,0,0,0,0,1,0,0,1,1,False,False,ALLTOYS
al norain,0,0,0,0,0,0,0,1,0,0,0,0,1,1,False,False,Al-Norain
al hafiz,0,0,0,0,0,0,0,1,0,0,0,0,1,1,False,False,Al-Hafiz
ad lynx,0,0,0,0,0,0,0,0,1,0,0,0,1,1,False,False,AD LYNX
aer,0,0,0,0,0,0,0,1,0,0,0,0,1,1,False,False,AER
aesop,0,1,0,0,0,0,0,0,0,0,0,0,1,1,False,False,AESOP
aesthetica dental and implant dental cente 0906 412 99574,0,0,0,0,0,0,0,1,0,0,0,0,1,1,False,False,Aesthetica Dental and Implant Dental Cente 0906-412-99574
aesthetiq wellness & spa,0,0,0,0,0,0,0,1,0,0,0,0,1,1,False,False,Aesthetiq Wellness & Spa
afficionado germany,1,0,0,0,0,0,0,0,0,0,0,0,1,1,False,False,AFFICIONADO GERMANY
afficionado perfumes,0,0,0,0,0,0,0,1,0,0,0,0,1,1,False,False,Afficionado Perfumes
affinity dental,0,0,0,0,0,0,1,0,0,0,0,0,1,1,False,False,Affinity Dental
affinity dental clinic,0,1,0,0,0,0,0,0,0,0,0,0,1,1,False,False,AFFINITY DENTAL CLINIC
afg la casa empanadas,0,1,0,0,0,0,0,0,0,0,0,0,1,1,False,False,AFG LA CASA EMPANADAS
aficianado,0,0,0,0,0,0,0,1,0,0,0,0,1,1,False,False,AFICIANADO
aficionado open,0,0,0,0,0,0,0,1,0,0,0,0,1,1,False,False,Aficionado (OPEN
after market,0,0,0,0,0,0,1,0,0,0,0,0,1,1,False,False,After Market
after you,0,0,1,0,0,0,0,0,0,0,0,0,1,1,False,False,After You
afters,0,0,0,0,0,0,0,0,1,0,0,0,1,1,False,False,AFTERS
agave mexican cantina,0,0,0,0,0,1,0,0,0,0,0,0,1,1,False,False,Agave Mexican Cantina
agencia aira,0,0,0,0,1,0,0,0,0,0,0,0,1,1,False,False,Agencia Aira
aerostar,0,0,0,0,0,0,0,1,0,0,0,0,1,1,False,False,AEROSTAR
aelisse wellness spa,0,0,0,0,0,0,0,0,1,0,0,0,1,1,False,False,AELISSE WELLNESS SPA
al dente pasta & aperitivo bar,0,0,0,0,0,1,0,0,0,0,0,0,1,1,False,False,Al Dente Pasta & Aperitivo Bar
adventure,0,0,0,0,0,0,0,0,1,0,0,0,1,1,False,False,THE ADVENTURE
ada cellphone and accessories,0,0,0,0,0,0,0,1,0,0,0,0,1,1,False,False,ADA Cellphone and Accessories
adamas,0,0,0,0,0,0,1,0,0,0,0,0,1,1,False,False,Adamas
adams quest,0,0,0,0,0,0,0,0,1,0,0,0,1,1,False,False,ADAM'S QUEST
adc herrero general merchandise,1,0,0,0,0,0,0,0,0,0,0,0,1,1,False,False,ADC HERRERO GENERAL MERCHANDISE
addas confectionery,0,0,0,0,0,0,0,0,1,0,0,0,1,1,False,False,ADDAS CONFECTIONERY
addsome,0,0,0,0,0,0,1,0,0,0,0,0,1,1,False,False,Addsome
adidas 91907371013,0,0,0,0,0,0,0,1,0,0,0,0,1,1,False,False,ADIDAS 91907371013
adidas nbhd,0,1,0,0,0,0,0,0,0,0,0,0,1,1,False,False,ADIDAS NBHD
adidas temporarily closed,0,0,0,0,0,0,0,1,0,0,0,0,1,1,False,False,ADIDAS TEMPORARILY CLOSED
adionet,0,0,0,0,0,0,0,1,0,0,0,0,1,1,False,False,ADIONET
adora,0,1,0,0,0,0,0,0,0,0,0,0,1,1,False,False,ADORA
ads smoothies and pastries,0,0,0,0,0,0,0,1,0,0,0,0,1,1,False,False,ADS SMOOTHIES AND PASTRIES
ads watch and jewelry accessories,0,0,0,0,0,0,0,1,0,0,0,0,1,1,False,False,ADS Watch And Jewelry Accessories
advance bone,0,0,0,0,0,0,0,1,0,0,0,0,1,1,False,False,Advance Bone
advance chiropractic clinic,0,0,0,0,0,0,0,0,1,0,0,0,1,1,False,False,ADVANCE CHIROPRACTIC CLINIC
agencia de tarlac,0,0,0,0,0,0,0,0,0,0,0,1,1,1,False,False,AGENCIA DE TARLAC
agencia de tarlac pawnshop inc,0,0,0,0,0,0,0,0,0,0,0,1,1,1,False,False,"AGENCIA DE TARLAC PAWNSHOP, INC."
agies,0,0,0,0,0,0,1,0,0,0,0,0,1,1,False,False,Agies
ah fong asian cuisine,0,0,0,0,0,0,0,0,1,0,0,0,1,1,False,False,AH FONG ASIAN CUISINE
aivee cafe,0,1,0,0,0,0,0,0,0,0,0,0,1,1,False,False,AIVEE CAFÉ
aivee institute,0,0,0,0,0,1,0,0,0,0,0,0,1,1,False,False,Aivee Institute
aj cellshoppe,0,0,0,0,1,0,0,0,0,0,0,0,1,1,False,False,AJ Cellshoppe
aj tin,0,0,0,0,0,0,0,1,0,0,0,0,1,1,False,False,AJ-Tin
ajf boutique seagle telecom inc,0,0,0,0,0,0,0,0,0,0,0,1,1,1,False,False,AJF BOUTIQUE SEAGLE TELECOM INC. (GLOBE)
ajiichiban,0,0,0,0,0,0,1,0,0,0,0,0,1,1,False,False,Ajiichiban
ajs jewelry,0,0,0,0,1,0,0,0,0,0,0,0,1,1,False,False,AJ's Jewelry
ajt gadget manila,0,0,0,0,0,0,1,0,0,0,0,0,1,1,False,False,AJT / Gadget Manila
akaigawa,0,0,1,0,0,0,0,0,0,0,0,0,1,1,False,False,Akaigawa
akamon,0,0,0,0,0,0,0,0,1,0,0,0,1,1,False,False,AKAMON
akamon ramen bar,0,0,0,0,0,1,0,0,0,0,0,0,1,1,False,False,Akamon Ramen Bar
akashiyaki,0,0,0,0,0,0,0,0,1,0,0,0,1,1,False,False,AKASHIYAKI
akh antonios bar n grill,0,0,0,0,0,0,0,0,1,0,0,0,1,1,False,False,AKH ANTONIOS BAR N GRILL
akimitsu tendon,0,0,0,0,0,0,0,1,0,0,0,0,1,1,False,False,AKIMITSU TENDON
akita,0,1,0,0,0,0,0,0,0,0,0,0,1,1,False,False,AKITA
airwave,0,0,0,0,0,0,0,0,0,0,1,0,1,1,False,False,Airwave
airwalk outland,0,0,0,0,0,0,0,1,0,0,0,0,1,1,False,False,Airwalk Outland
air wheels,0,0,0,0,0,0,0,1,0,0,0,0,1,1,False,False,Air Wheels
aia,0,0,0,0,0,0,0,1,0,0,0,0,1,1,False,False,AIA
ah mah,0,0,0,0,0,0,0,1,0,0,0,0,1,1,False,False,Ah Mah
ahead,0,0,0,0,0,0,1,0,0,0,0,0,1,1,False,False,Ahead
ahrome cafe,0,0,0,0,0,1,0,0,0,0,0,0,1,1,False,False,Ahrome Cafe
ai helmet depot,0,0,0,0,0,0,0,1,0,0,0,0,1,1,False,False,AI Helmet Depot
ai nails & body talk,0,0,0,0,0,0,0,0,1,0,0,0,1,1,False,False,AI NAILS & BODY TALK
ai ren tang chinese drugstore,0,0,0,0,0,1,0,0,0,0,0,0,1,1,False,False,Ai Ren Tang Chinese Drugstore
aia philippines,0,0,0,0,0,0,0,1,0,0,0,0,1,1,False,False,AIA PHILIPPINES
air asia,0,0,1,0,0,0,0,0,0,0,0,0,1,1,False,False,Air Asia
aicing embellish,0,0,0,0,0,0,0,1,0,0,0,0,1,1,False,False,Aicing Embellish
aigoo,0,0,0,0,0,0,0,1,0,0,0,0,1,1,False,False,Aigoo (OPEN)
aiken explore travel and tours,0,0,0,0,0,0,0,1,0,0,0,0,1,1,False,False,AIKEN EXPLORE TRAVEL AND TOURS
aim dental avenue,0,0,0,0,0,0,0,1,0,0,0,0,1,1,False,False,AIM Dental Avenue
aimens,0,0,0,0,0,0,0,0,0,0,0,1,1,1,False,False,AIMEN'S
air 21,0,0,0,0,0,0,0,0,1,0,0,0,1,1,False,False,AIR 21
babes lechon,0,0,0,0,0,0,0,1,0,0,0,0,1,1,False,False,BABES LECHON
baboo toys 9770651477,0,0,0,0,0,0,0,1,0,0,0,0,1,1,False,False,BABOO TOYS 9770651477
babots fruitas farm,0,0,0,0,0,0,0,0,1,0,0,0,1,1,False,False,BABOTS FRUITAS FARM
bowling billiards,0,0,0,0,0,0,0,0,1,0,0,0,1,1,False,False,BOWLING BILLIARDS
boy kanin,0,0,0,0,0,0,0,0,0,0,0,1,1,1,False,False,BOY KANIN
boy meets grill,0,0,0,0,0,1,0,0,0,0,0,0,1,1,False,False,Boy Meets Grill
boy zugba temporarily closed,0,0,0,0,0,0,0,1,0,0,0,0,1,1,False,False,BOY ZUGBA TEMPORARILY CLOSED
boysen,0,0,0,0,0,0,0,0,1,0,0,0,1,1,False,False,BOYSEN
bpi atm center,0,0,0,0,0,1,0,0,0,0,0,0,1,1,False,False,BPI ATM Center
bpi express teller,0,0,0,0,0,0,0,0,1,0,0,0,1,1,False,False,BPI EXPRESS TELLER
bplo,0,0,0,0,0,0,0,0,0,1,0,0,1,1,False,False,BPLO
bradford,0,0,1,0,0,0,0,0,0,0,0,0,1,1,False,False,Bradford
brand avenue apparels,0,0,0,0,0,0,0,1,0,0,0,0,1,1,False,False,Brand Avenue Apparels
branded for less,0,0,0,0,0,0,0,1,0,0,0,0,1,1,False,False,Branded for Less
brandieshoppe,0,0,0,0,0,0,0,0,1,0,0,0,1,1,False,False,BRANDIESHOPPE
brandsmart,0,0,0,0,0,0,0,1,0,0,0,0,1,1,False,False,Brandsmart
brandzone,0,0,0,0,1,0,0,0,0,0,0,0,1,1,False,False,Brandzone
bratinhella,0,0,0,1,0,0,0,0,0,0,0,0,1,1,False,False,Bratinhella
bread basket,0,0,0,0,0,0,0,0,1,0,0,0,1,1,False,False,BREAD BASKET
box88 coffee house,0,0,0,0,0,0,0,1,0,0,0,0,1,1,False,False,Box88 Coffee House
bowl master,0,0,0,0,0,0,0,1,0,0,0,0,1,1,False,False,Bowl Master
boq,0,0,0,0,0,0,0,1,0,0,0,0,1,1,False,False,BOQ
bourbon street,0,0,0,0,0,1,0,0,0,0,0,0,1,1,False,False,Bourbon Street
bored and hungry,0,0,0,0,0,0,0,1,0,0,0,0,1,1,False,False,BORED AND HUNGRY (0916 631 6835)
borough medical care institute,0,0,0,0,0,0,0,0,1,0,0,0,1,1,False,False,BOROUGH MEDICAL CARE INSTITUTE
borough medical clinic,0,1,0,0,0,0,0,0,0,0,0,0,1,1,False,False,BOROUGH MEDICAL CLINIC
bos chow,0,0,0,0,0,0,0,0,1,0,0,0,1,1,False,False,BOS CHOW
bos daily,0,0,1,0,0,0,0,0,0,0,0,0,1,1,False,False,Bo’s Daily
bos shoes & bag repair shop,0,0,0,0,0,1,0,0,0,0,0,0,1,1,False,False,Bo's Shoes & Bag Repair Shop
boss,0,0,0,0,0,1,0,0,0,0,0,0,1,1,False,False,Boss
boss cat rocket cafe,0,0,0,0,0,1,0,0,0,0,0,0,1,1,False,False,Boss Cat Rocket Cafe
boss pets,0,0,1,0,0,0,0,0,0,0,0,0,1,1,False,False,Boss Pets
boszgadgets,0,0,0,0,0,0,0,0,1,0,0,0,1,1,False,False,BOSZGADGETS
botchoks rice meal,0,0,0,0,0,0,0,0,0,0,0,1,1,1,False,False,BOTCHOKS RICE MEAL
boteyju,0,0,0,0,0,0,0,1,0,0,0,0,1,1,False,False,BOTEYJU
bottega veneta,0,1,0,0,0,0,0,0,0,0,0,0,1,1,False,False,BOTTEGA VENETA
bottoms up,0,0,0,0,0,0,0,0,1,0,0,0,1,1,False,False,BOTTOMS UP
boulangerie 22,0,0,0,0,0,0,0,1,0,0,0,0,1,1,False,False,Boulangerie 22
bread funatics,0,0,0,0,0,0,0,0,1,0,0,0,1,1,False,False,BREAD FUNATICS
bread of life,0,1,0,0,0,0,0,0,0,0,0,0,1,1,False,False,BREAD OF LIFE
bread talk,0,0,0,0,0,0,0,1,0,0,0,0,1,1,False,False,BREAD TALK
breadboxed,0,0,0,0,0,0,0,1,0,0,0,0,1,1,False,False,BREADBOXED
brielles bread and pastry shop,0,0,0,0,0,0,0,0,1,0,0,0,1,1,False,False,BRIELLE'S BREAD AND PASTRY SHOP
bright side optical clinic,0,0,0,0,0,0,0,0,0,0,0,1,1,1,False,False,BRIGHT SIDE OPTICAL CLINIC
brightsmile dental clinic,0,0,0,0,0,0,0,1,0,0,0,0,1,1,False,False,BRIGHTSMILE DENTAL CLINIC
brilla,0,0,0,0,0,0,0,1,0,0,0,0,1,1,False,False,BRILLA
brilliant cebu english academy,0,0,0,0,0,0,0,1,0,0,0,0,1,1,False,False,Brilliant Cebu English Academy
brilliant cut jewelry shop,1,0,0,0,0,0,0,0,0,0,0,0,1,1,False,False,BRILLIANT CUT JEWELRY SHOP
brilliante jewelers,0,0,0,0,0,0,0,1,0,0,0,0,1,1,False,False,Brilliante Jewelers
brillo jewellers,0,0,0,0,0,0,1,0,0,0,0,0,1,1,False,False,Brillo Jewellers
brique modern kitchen,0,0,0,0,0,0,0,0,1,0,0,0,1,1,False,False,BRIQUE MODERN KITCHEN
bristol,0,1,0,0,0,0,0,0,0,0,0,0,1,1,False,False,BRISTOL
brix laptop repair service,0,1,0,0,0,0,0,0,0,0,0,0,1,1,False,False,BRIX LAPTOP REPAIR SERVICE
broadway gems squezzy lemon,0,0,0,0,0,0,0,0,0,0,0,1,1,1,False,False,BROADWAY GEMS Squezzy Lemon
brochiere computers,0,1,0,0,0,0,0,0,0,0,0,0,1,1,False,False,BROCHIERE COMPUTERS
broth n bowls,0,0,0,0,0,1,0,0,0,0,0,0,1,1,False,False,Broth N Bowls
brotzeit,0,0,0,0,0,1,0,0,0,0,0,0,1,1,False,False,Brotzeit
bridge,0,0,0,0,0,0,0,0,1,0,0,0,1,1,False,False,BRIDGE
brickyard,0,1,0,0,0,0,0,0,0,0,0,0,1,1,False,False,THE BRICKYARD
bricksland,0,0,0,0,0,0,0,1,0,0,0,0,1,1,False,False,BRICKSLAND
brew life,0,0,0,0,0,0,0,1,0,0,0,0,1,1,False,False,BREW LIFE
breadworth bakery cafe,0,0,1,0,0,0,0,0,0,0,0,0,1,1,False,False,Breadworth Bakery Cafe
breadworths bakery cafe,0,0,0,0,0,0,0,1,0,0,0,0,1,1,False,False,Breadworths Bakery Cafe
breahs crepes,0,0,0,0,0,0,0,1,0,0,0,0,1,1,False,False,Breah's Crepes
breakthrough,0,0,0,0,0,0,0,0,1,0,0,0,1,1,False,False,BREAKTHROUGH
brents wonder rides,0,0,0,0,0,0,0,1,0,0,0,0,1,1,False,False,BRENTS WONDER RIDES (TEMPORARY CLOSED)
brew break,0,0,0,0,0,0,0,0,1,0,0,0,1,1,False,False,BREW BREAK
brew x press,0,0,0,0,0,0,0,0,1,0,0,0,1,1,False,False,BREW X PRESS
brick wood ph,0,0,0,0,0,1,0,0,0,0,0,0,1,1,False,False,Brick Wood PH
brewbox,0,0,0,0,0,0,0,1,0,0,0,0,1,1,False,False,Brewbox
brewing genie,0,0,0,0,0,0,0,1,0,0,0,0,1,1,False,False,BREWING GENIE
brewing point neighborhood cafe,0,0,0,0,0,0,0,0,1,0,0,0,1,1,False,False,BREWING POINT NEIGHBORHOOD CAFE
bria homes inc,0,0,0,0,0,0,0,0,0,1,0,0,1,1,False,False,"BRIA HOMES, INC."
brick corner bar & bistro,0,0,0,0,0,1,0,0,0,0,0,0,1,1,False,False,Brick Corner Bar & Bistro
brick wall,0,0,0,0,0,1,0,0,0,0,0,0,1,1,False,False,Brick Wall
bored & hungry,0,0,0,0,0,0,0,1,0,0,0,0,1,1,False,False,BORED & HUNGRY
boozy,0,0,0,0,0,1,0,0,0,0,0,0,1,1,False,False,Boozy
brows,0,0,0,0,0,1,0,0,0,0,0,0,1,1,False,False,Brows
blueridge media entertainment,0,0,0,0,0,0,0,0,0,0,0,1,1,1,False,False,BLUERIDGE MEDIA ENTERTAINMENT
bluetech,0,0,0,0,0,0,0,0,0,0,1,0,1,1,False,False,Bluetech
blush spa,0,0,0,0,0,0,0,1,0,0,0,0,1,1,False,False,BLUSH SPA
blvck cafe,0,0,0,0,0,0,0,0,1,0,0,0,1,1,False,False,BLVCK CAFE
bmci diagnostic clinic,0,0,0,0,0,0,0,1,0,0,0,0,1,1,False,False,BMCI DIAGNOSTIC CLINIC
bn whitening shoppe,0,0,0,0,1,0,0,0,0,0,0,0,1,1,False,False,BN Whitening Shoppe
bnr mobile phone accessories,0,0,0,0,0,0,0,0,1,0,0,0,1,1,False,False,BNR MOBILE PHONE ACCESSORIES
bny hip shop,0,0,0,0,0,0,0,0,0,1,0,0,1,1,False,False,BNY HIP SHOP
board game madness,0,0,0,0,0,0,0,1,0,0,0,0,1,1,False,False,BOARD GAME MADNESS
bob cellphone and accessories shop,0,0,0,0,0,0,0,1,0,0,0,0,1,1,False,False,BOB CELLPHONE AND ACCESSORIES SHOP
bob marlin restaurant,0,0,0,0,0,0,0,1,0,0,0,0,1,1,False,False,Bob Marlin Restaurant
boba in a cup,0,0,0,0,0,0,0,1,0,0,0,0,1,1,False,False,BOBA IN A CUP
bobcor blind massage,0,0,0,0,0,0,0,0,0,0,1,0,1,1,False,False,Bobcor Blind Massage
bobs footwear dayamona,0,0,0,0,0,0,0,0,0,0,0,1,1,1,False,False,BOB'S FOOTWEAR (BIBO SHOES ) DAYAMONA
bobson,0,0,0,0,1,0,0,0,0,0,0,0,1,1,False,False,Bobson
boc,0,0,0,0,0,1,0,0,0,0,0,0,1,1,False,False,BOC
blueridge snack bar,0,0,0,0,0,0,0,0,0,0,0,1,1,1,False,False,BLUERIDGE SNACK BAR
blueprint express,0,0,0,0,0,0,0,1,0,0,0,0,1,1,False,False,Blueprint Express
booze and barbers,0,0,0,0,0,0,0,1,0,0,0,0,1,1,False,False,BOOZE AND BARBERS
bluejay coffee,0,0,0,0,0,0,0,0,1,0,0,0,1,1,False,False,BLUEJAY COFFEE
blk 5 caf,0,0,0,0,0,0,0,0,1,0,0,0,1,1,False,False,BLK 5 CAF…
blk boutique,0,0,0,0,0,0,0,1,0,0,0,0,1,1,False,False,BLK Boutique
bloc by junie sierra & co,0,1,0,0,0,0,0,0,0,0,0,0,1,1,False,False,THE BLOC BY JUNIE SIERRA & CO.
blooming days flowers & plants,0,1,0,0,0,0,0,0,0,0,0,0,1,1,False,False,BLOOMING DAYS FLOWERS & PLANTS
bloomingdales,0,0,0,0,0,0,0,0,1,0,0,0,1,1,False,False,BLOOMINGDALES
blooms and bears flowers and gift shop,0,0,0,0,0,0,0,0,1,0,0,0,1,1,False,False,BLOOMS AND BEARS FLOWERS AND GIFT SHOP
blu eye optical clinic,0,0,0,0,1,0,0,0,0,0,0,0,1,1,False,False,Blu Eye Optical Clinic
blue kitchen,0,0,0,0,0,0,0,1,0,0,0,0,1,1,False,False,BLUE KITCHEN
blue lagoon water station,0,0,0,0,0,0,0,0,1,0,0,0,1,1,False,False,BLUE LAGOON WATER STATION
blue lite,0,0,0,0,0,0,0,1,0,0,0,0,1,1,False,False,BLUE LITE
blue posts boiling crabs shrimps,0,0,0,0,0,0,0,0,1,0,0,0,1,1,False,False,BLUE POSTS BOILING CRABS SHRIMPS
blue seas seafood restaurant,0,0,0,0,0,0,0,1,0,0,0,0,1,1,False,False,BLUE SEAS SEAFOOD RESTAURANT
blue water day spa,0,0,0,0,0,0,1,0,0,0,0,0,1,1,False,False,Blue Water Day Spa
blue wonder coffee,0,0,0,0,0,0,1,0,0,0,0,0,1,1,False,False,Blue Wonder Coffee
bluebox,0,0,0,0,0,0,0,1,0,0,0,0,1,1,False,False,Bluebox
body basics,0,0,0,0,0,0,0,1,0,0,0,0,1,1,False,False,Body Basics
body mechanic,0,0,0,0,0,0,1,0,0,0,0,0,1,1,False,False,Body Mechanic
bodytech greenwich to go,0,0,0,0,0,0,0,0,0,0,0,1,1,1,False,False,BODYTECH GREENWICH TO GO
boho dreams,0,0,1,0,0,0,0,0,0,0,0,0,1,1,False,False,Boho Dreams
boni beauty,0,0,0,0,0,1,0,0,0,0,0,0,1,1,False,False,Boni Beauty
bono optical,0,0,0,0,1,0,0,0,0,0,0,0,1,1,False,False,Bono Optical
boo koh 0976 387 2786,0,0,0,0,0,0,0,1,0,0,0,0,1,1,False,False,Boo Koh 0976 387 2786
boodle express,0,0,1,0,0,0,0,0,0,0,0,0,1,1,False,False,Boodle Express
boodle fiesta,0,0,0,0,0,0,0,0,1,0,0,0,1,1,False,False,BOODLE FIESTA
boogies pet,0,0,0,0,0,0,0,0,0,0,1,0,1,1,False,False,Boogies Pet
boogies pet supplies,0,0,0,0,0,0,0,0,0,0,1,0,1,1,False,False,BOOGIES PET SUPPLIES
book king kings coffee & tea,0,0,0,0,0,0,0,1,0,0,0,0,1,1,False,False,Book King/King's Coffee & Tea
book king stationery,0,0,0,0,0,0,0,0,1,0,0,0,1,1,False,False,BOOK KING STATIONERY
book latte,0,0,0,0,0,1,0,0,0,0,0,0,1,1,False,False,Book Latte
book n save travel and tours,0,0,0,0,0,0,0,0,1,0,0,0,1,1,False,False,BOOK N SAVE TRAVEL AND TOURS
book one 0917 848 7285,0,0,0,0,0,0,0,1,0,0,0,0,1,1,False,False,Book One 0917-848-7285
boom sisig,0,0,0,0,0,0,0,1,0,0,0,0,1,1,False,False,Boom Sisig
booost,0,0,0,0,0,0,0,0,1,0,0,0,1,1,False,False,BOOOST
booster juice,0,0,0,0,0,0,0,1,0,0,0,0,1,1,False,False,Booster Juice
bongs pet shop station,0,0,0,0,0,0,1,0,0,0,0,0,1,1,False,False,Bong's Pet Shop Station
bongbongs pasalubong 421 1670,0,0,0,0,0,0,0,1,0,0,0,0,1,1,False,False,Bongbong's Pasalubong 421-1670
bongbongs pasalubong,0,0,0,0,0,0,0,1,0,0,0,0,1,1,False,False,Bongbong's Pasalubong
bon voyage international travel & tours inc,0,0,0,0,0,0,0,1,0,0,0,0,1,1,False,False,"Bon Voyage International Travel & Tours, Inc."
bohol bee farm 260 7304 0998 563 6149,0,0,0,0,0,0,0,1,0,0,0,0,1,1,False,False,BOHOL BEE FARM (032)260-7304/0998-563-6149
bok cellphone accessories shop,0,0,0,0,0,0,0,1,0,0,0,0,1,1,False,False,BOK CELLPHONE ACCESSORIES SHOP
bokki express,0,0,0,0,0,0,0,1,0,0,0,0,1,1,False,False,BOKKI EXPRESS
bon chon,0,0,0,0,0,0,1,0,0,0,0,0,1,1,False,False,Bon Chon
bon voyage,0,0,0,0,0,0,0,0,0,0,1,0,1,1,False,False,Bon Voyage
bon voyage international travel & tours,0,0,1,0,0,0,0,0,0,0,0,0,1,1,False,False,Bon Voyage International Travel & Tours
bonage skin care,0,0,0,0,0,0,0,1,0,0,0,0,1,1,False,False,Bonage Skin Care
bongbong delicacies,0,1,0,0,0,0,0,0,0,0,0,0,1,1,False,False,BONGBONG DELICACIES
bonbon dorayaki bites,0,0,0,0,0,0,0,0,0,0,1,0,1,1,False,False,Bonbon Dorayaki Bites
bondee tea house,0,0,0,0,0,0,0,0,1,0,0,0,1,1,False,False,BONDEE TEA HOUSE
bone and bowl,0,0,0,0,0,0,0,0,1,0,0,0,1,1,False,False,BONE AND BOWL
bong bongs,0,1,0,0,0,0,0,0,0,0,0,0,1,1,False,False,BONG BONGS
bong bongs open,0,0,0,0,0,0,0,1,0,0,0,0,1,1,False,False,Bong-Bongs OPEN
bong villanueva salon,0,0,0,0,0,0,0,1,0,0,0,0,1,1,False,False,Bong Villanueva Salon
browhaus strip,0,0,0,0,0,0,0,0,1,0,0,0,1,1,False,False,BROWHAUS / STRIP
brows optical,0,0,0,0,0,0,0,1,0,0,0,0,1,1,False,False,BROWS OPTICAL
baby charm 0917 530 3888,0,0,0,0,0,0,0,1,0,0,0,0,1,1,False,False,Baby Charm 0917-530-3888
cabalen plus,0,0,0,0,0,0,0,0,1,0,0,0,1,1,False,False,CABALEN PLUS
cable star,0,0,0,0,0,0,0,0,1,0,0,0,1,1,False,False,CABLE STAR
caeg dental clinic,0,0,0,0,0,0,0,0,0,0,1,0,1,1,False,False,Caeg Dental Clinic
cafe 17,0,0,0,0,0,1,0,0,0,0,0,0,1,1,False,False,Cafe 17
cafe adriaticoabe,0,0,0,0,0,0,0,0,1,0,0,0,1,1,False,False,CAFE ADRIATICOABE
cafe anita,0,0,0,0,0,0,0,1,0,0,0,0,1,1,False,False,Cafe Anita (Temporary Closed)
cafe aroma,0,0,0,0,0,1,0,0,0,0,0,0,1,1,False,False,Cafe Aroma
cafe bnb,0,0,1,0,0,0,0,0,0,0,0,0,1,1,False,False,Cafe Bnb
cafe bobs,0,1,0,0,0,0,0,0,0,0,0,0,1,1,False,False,CAFE BOB'S
cafe bombom,0,0,0,0,0,0,0,0,1,0,0,0,1,1,False,False,CAFÉ BOMBOM
cafe de acacia,0,0,0,0,0,0,0,1,0,0,0,0,1,1,False,False,Cafe de Acacia
cafe dulcinea,0,0,0,0,0,0,0,0,1,0,0,0,1,1,False,False,CAFÉ DULCINEA
cafe france,0,0,0,0,0,0,0,0,1,0,0,0,1,1,False,False,CAFE FRANCE
cafe hola,0,0,0,0,0,0,0,1,0,0,0,0,1,1,False,False,CAFE HOLA
cafe klara,0,0,0,0,0,0,0,0,1,0,0,0,1,1,False,False,CAFÉ KLARA
cafe kulture,0,0,0,0,0,0,1,0,0,0,0,0,1,1,False,False,Cafe Kulture
cabanal salarza optical,0,0,0,0,0,0,0,1,0,0,0,0,1,1,False,False,Cabañal-Salarza Optical
cabalen bingo,0,0,0,0,0,0,0,1,0,0,0,0,1,1,False,False,CABALEN BINGO
buzzz ice cream,0,0,0,0,0,0,0,1,0,0,0,0,1,1,False,False,The Buzzz Ice Cream
ca chinese restaurant,0,0,0,0,0,0,0,0,1,0,0,0,1,1,False,False,CA CHINESE RESTAURANT
bw bakeshop,0,0,0,0,0,0,0,0,0,0,1,0,1,1,False,False,BW Bakeshop
byrons backribs 0998 956 2008,0,0,0,0,0,0,0,1,0,0,0,0,1,1,False,False,BYRON'S BACKRIBS 0998-956-2008
byrons backribs grill house,0,1,0,0,0,0,0,0,0,0,0,0,1,1,False,False,BYRONS BACKRIBS GRILL HOUSE
byte matic,0,0,0,0,0,0,0,1,0,0,0,0,1,1,False,False,Byte Matic
bytematic,0,0,0,0,0,0,0,0,1,0,0,0,1,1,False,False,BYTEMATIC
c c mobile,0,0,0,0,1,0,0,0,0,0,0,0,1,1,False,False,C.C Mobile
c concepcion & orthodontic clinic,0,0,1,0,0,0,0,0,0,0,0,0,1,1,False,False,C. Concepcion & Orthodontic Clinic
c eats refreshments,0,0,0,0,0,0,0,1,0,0,0,0,1,1,False,False,C Eats Refreshments
c phones 2823 ec hip hop,0,0,0,0,0,0,0,0,0,0,0,1,1,1,False,False,C-PHONES 2823 EC HIP HOP
c salon,0,0,0,0,0,0,0,1,0,0,0,0,1,1,False,False,C-SALON
c sarabia optical,0,0,0,0,0,0,0,0,1,0,0,0,1,1,False,False,C SARABIA OPTICAL
c square telecom,0,0,0,0,0,0,1,0,0,0,0,0,1,1,False,False,C Square Telecom
c suites,0,0,0,0,0,1,0,0,0,0,0,0,1,1,False,False,C Suites
c&g consulting inc,0,0,0,0,0,0,0,1,0,0,0,0,1,1,False,False,C&G Consulting Inc.
c&m collection,0,0,0,0,0,0,0,1,0,0,0,0,1,1,False,False,C&M COLLECTION
cafe noelle,0,0,0,0,0,0,0,0,1,0,0,0,1,1,False,False,CAFE NOELLE
cafe nori,0,0,0,0,0,0,0,1,0,0,0,0,1,1,False,False,Cafe Nori
cafe vanleroe,0,0,0,0,0,0,0,0,0,0,1,0,1,1,False,False,CAFE VANLEROE
cafe vivian,0,0,0,0,0,0,0,0,1,0,0,0,1,1,False,False,CAFE VIVIAN
calle reyes,0,0,0,0,0,0,0,0,1,0,0,0,1,1,False,False,CALLE REYES
calmar land,0,0,0,0,0,0,0,0,1,0,0,0,1,1,False,False,CALMAR LAND
calvin klein by the watch store,0,0,0,0,0,0,0,0,1,0,0,0,1,1,False,False,CALVIN KLEIN BY THE WATCH STORE
calvin klein jeans & underwear,0,0,0,0,0,0,0,1,0,0,0,0,1,1,False,False,Calvin Klein Jeans & Underwear
calvin klein underwear,0,0,0,0,0,0,0,1,0,0,0,0,1,1,False,False,CALVIN KLEIN UNDERWEAR
cambridge child development centre,0,1,0,0,0,0,0,0,0,0,0,0,1,1,False,False,CAMBRIDGE CHILD DEVELOPMENT CENTRE
camella,0,0,0,0,0,0,0,0,0,1,0,0,1,1,False,False,CAMELLA
camella condo homes,0,0,0,0,0,0,0,0,0,1,0,0,1,1,False,False,CAMELLA CONDO HOMES
camella homes,0,0,0,0,1,0,0,0,0,0,0,0,1,1,False,False,Camella Homes
camella north border,0,0,0,0,0,0,0,0,0,0,0,1,1,1,False,False,CAMELLA NORTH BORDER
camella north office,0,0,0,0,0,0,0,0,0,1,0,0,1,1,False,False,CAMELLA NORTH OFFICE
camera haus,0,0,0,0,0,0,0,1,0,0,0,0,1,1,False,False,Camera Haus
camerahaus fujifilm,0,1,0,0,0,0,0,0,0,0,0,0,1,1,False,False,CAMERAHAUS / FUJIFILM
camp jump,0,0,0,0,0,0,0,0,1,0,0,0,1,1,False,False,CAMP JUMP
can diagnosis center,0,0,0,0,0,0,0,1,0,0,0,0,1,1,False,False,CAN DIAGNOSIS CENTER
calixto ponce demana,0,0,0,0,0,0,0,0,0,0,0,1,1,1,False,False,CALIXTO PONCE DEMANA
california nails & day spa,0,1,0,0,0,0,0,0,0,0,0,0,1,1,False,False,CALIFORNIA NAILS & DAY SPA
california nails,0,0,1,0,0,0,0,0,0,0,0,0,1,1,False,False,California Nails
cake co,0,0,0,0,0,0,0,1,0,0,0,0,1,1,False,False,CAKE CO
cafesiklista cafe,0,0,0,0,0,0,0,0,1,0,0,0,1,1,False,False,CAFESIKLISTA CAFÉ
caffe freddo,0,1,0,0,0,0,0,0,0,0,0,0,1,1,False,False,CAFFE FREDDO
caffe la tea,0,0,0,0,0,0,0,1,0,0,0,0,1,1,False,False,CAFFE LA TEA
caifu massage chair,0,0,0,0,0,0,0,1,0,0,0,0,1,1,False,False,Caifu Massage Chair
cake & cakes bakeshop,0,0,0,0,0,0,0,0,0,0,1,0,1,1,False,False,CAKE & CAKES BAKESHOP
cake and cakes,0,0,1,0,0,0,0,0,0,0,0,0,1,1,False,False,Cake And Cakes
cake frost,0,0,0,0,0,0,0,0,0,0,0,1,1,1,False,False,CAKE FROST
california nail spa,0,0,0,0,0,0,1,0,0,0,0,0,1,1,False,False,California Nail Spa
cake out cakeshop,0,1,0,0,0,0,0,0,0,0,0,0,1,1,False,False,CAKE-OUT CAKESHOP
cakeistry,0,1,0,0,0,0,0,0,0,0,0,0,1,1,False,False,CAKEISTRY
cakes by mark,0,0,0,0,0,0,0,0,1,0,0,0,1,1,False,False,CAKES BY MARK
cakes eatcetera,0,0,0,0,0,0,0,0,1,0,0,0,1,1,False,False,CAKES EATCETERA
calacsan mobile,0,0,0,0,0,0,0,0,0,0,0,1,1,1,False,False,CALACSAN MOBILE
caleon bakery,0,0,0,0,0,0,0,1,0,0,0,0,1,1,False,False,Caleon Bakery
bvlgari,0,1,0,0,0,0,0,0,0,0,0,0,1,1,False,False,BVLGARI
buzz superdrinks,0,0,0,0,0,1,0,0,0,0,0,0,1,1,False,False,Buzz Superdrinks
brunch bureau,0,0,0,0,0,0,0,0,1,0,0,0,1,1,False,False,BRUNCH BUREAU
buffalo wild wings,0,0,0,0,0,0,0,0,1,0,0,0,1,1,False,False,BUFFALO WILD WINGS
bugs bunny barber shop,0,0,0,0,0,0,0,0,0,0,0,1,1,1,False,False,BUGS BUNNY BARBER SHOP
bugsay seafood restaurant,0,0,0,0,0,0,0,0,1,0,0,0,1,1,False,False,BUGSAY SEAFOOD RESTAURANT
bugsys,0,0,0,0,0,1,0,0,0,0,0,0,1,1,False,False,Bugsy's
builtamart,0,0,0,0,0,0,0,0,1,0,0,0,1,1,False,False,BUILTAMART
buko bravo,0,0,0,0,0,0,0,1,0,0,0,0,1,1,False,False,Buko Bravo
buko express pies & sweets,0,0,0,0,0,0,0,1,0,0,0,0,1,1,False,False,BUKO EXPRESS PIES & SWEETS
buko juan & juan chow,0,0,0,0,0,0,0,1,0,0,0,0,1,1,False,False,BUKO JUAN & JUAN CHOW
buko king,0,0,0,0,0,0,0,0,1,0,0,0,1,1,False,False,BUKO KING
buko madness,0,0,0,0,0,0,0,0,0,0,0,1,1,1,False,False,BUKO MADNESS
buko maxx,0,0,0,0,0,0,0,0,0,0,0,1,1,1,False,False,BUKO MAXX
buko mo,0,0,0,0,0,0,0,1,0,0,0,0,1,1,False,False,BUKO MO!
buko ni juan,0,0,0,0,0,0,0,1,0,0,0,0,1,1,False,False,Buko Ni Juan
buko pilipino,0,0,0,0,0,0,0,1,0,0,0,0,1,1,False,False,Buko Pilipino
buko station,0,0,0,0,0,0,0,1,0,0,0,0,1,1,False,False,Buko Station
bukofrio,0,1,0,0,0,0,0,0,0,0,0,0,1,1,False,False,BUKOFRIO
buffet 101 0917 845 9989,0,0,0,0,0,0,0,1,0,0,0,0,1,1,False,False,Buffet 101 0917 845 9989 (OPEN)
buffalo avenue temporarily closed,0,0,0,0,0,0,0,1,0,0,0,0,1,1,False,False,BUFFALO AVENUE TEMPORARILY CLOSED
buzz & brew,0,0,0,0,0,1,0,0,0,0,0,0,1,1,False,False,Buzz & Brew
buffalo ave,0,0,0,0,0,0,0,1,0,0,0,0,1,1,False,False,BUFFALO AVE
bruno barbers,0,0,0,0,0,1,0,0,0,0,0,0,1,1,False,False,Bruno Barbers
brunos,0,0,0,0,0,0,0,0,1,0,0,0,1,1,False,False,BRUNO'S
brytchzone,0,0,0,0,0,0,0,1,0,0,0,0,1,1,False,False,Brytchzone
btla,0,0,0,0,0,1,0,0,0,0,0,0,1,1,False,False,BTLA
bubble optical clinic,0,0,0,0,0,0,0,1,0,0,0,0,1,1,False,False,Bubble Optical Clinic
bubble tea,0,0,0,0,0,0,0,0,1,0,0,0,1,1,False,False,BUBBLE TEA
bubble tea station 9770429865,0,0,0,0,0,0,0,1,0,0,0,0,1,1,False,False,BUBBLE TEA STATION 9770429865
bubblez,0,0,1,0,0,0,0,0,0,0,0,0,1,1,False,False,Bubblez
bubbly pops,0,0,0,0,0,0,0,0,1,0,0,0,1,1,False,False,BUBBLY POPS
buco loco,0,0,0,0,0,0,0,1,0,0,0,0,1,1,False,False,BUCO LOCO
buddys pancit,0,1,0,0,0,0,0,0,0,0,0,0,1,1,False,False,BUDDY'S PANCIT
budz cafe,0,0,0,0,0,0,0,0,1,0,0,0,1,1,False,False,BUDZ CAFÉ
buenas sausage and fries,0,0,0,0,0,0,0,1,0,0,0,0,1,1,False,False,BUENAS SAUSAGE AND FRIES
buenas sausages 0917 469 2766,0,0,0,0,0,0,0,1,0,0,0,0,1,1,False,False,Buenas Sausages 0917 469 2766
buff spa,0,0,0,0,0,0,0,0,1,0,0,0,1,1,False,False,BUFF SPA
bulacan lugaw kitchen,0,0,0,0,0,1,0,0,0,0,0,0,1,1,False,False,Bulacan Lugaw Kitchen
bulacan products,0,1,0,0,0,0,0,0,0,0,0,0,1,1,False,False,BULACAN PRODUCTS
bulacan sweets,0,0,0,0,0,0,0,0,1,0,0,0,1,1,False,False,BULACAN SWEETS
bulawan panaderya,0,0,0,0,0,0,0,0,1,0,0,0,1,1,False,False,BULAWAN PANADERYA
burgoo,0,0,0,0,0,0,0,0,1,0,0,0,1,1,False,False,BURGOO
burgoo american bar & restaurant,0,1,0,0,0,0,0,0,0,0,0,0,1,1,False,False,BURGOO AMERICAN BAR & RESTAURANT
burnt edges by shrimp bucket,0,0,0,0,0,1,0,0,0,0,0,0,1,1,False,False,Burnt Edges By Shrimp Bucket
burp co,0,0,0,0,0,0,0,0,1,0,0,0,1,1,False,False,THE BURP CO
burrow,0,0,0,0,0,0,0,0,1,0,0,0,1,1,False,False,BURROW
burrp tees,0,0,1,0,0,0,0,0,0,0,0,0,1,1,False,False,Burrp Tees
butcher boy,0,0,0,0,0,1,0,0,0,0,0,0,1,1,False,False,Butcher Boy
buting ting general merchandise,0,1,0,0,0,0,0,0,0,0,0,0,1,1,False,False,BUTING-TING GENERAL MERCHANDISE
butot balat,0,0,0,0,0,1,0,0,0,0,0,0,1,1,False,False,Buto't Balat
butter ensaymadas,0,0,0,0,0,0,0,0,1,0,0,0,1,1,False,False,BUTTER ENSAYMADAS
butter grill,0,0,0,0,0,0,0,0,1,0,0,0,1,1,False,False,BUTTER GRILL
butterboy,0,0,0,0,0,0,0,0,1,0,0,0,1,1,False,False,BUTTERBOY
buttery co,0,0,0,0,0,0,0,0,1,0,0,0,1,1,False,False,BUTTERY CO
butuan lechon and seafoods grill,0,0,0,0,0,0,0,0,1,0,0,0,1,1,False,False,BUTUAN LECHON AND SEAFOODS GRILL
buu buu frozen yogurt,0,0,0,0,0,0,0,1,0,0,0,0,1,1,False,False,BUU BUU FROZEN YOGURT
burgerbomb,0,0,0,0,0,0,0,0,0,0,1,0,1,1,False,False,Burgerbomb
burger queen,0,0,0,0,0,0,0,0,0,0,1,0,1,1,False,False,Burger Queen
burger nook,0,0,0,0,0,0,0,1,0,0,0,0,1,1,False,False,Burger Nook
bunsikjip,0,0,0,0,0,1,0,0,0,0,0,0,1,1,False,False,Bunsikjip
bully boy,0,0,0,0,0,0,1,0,0,0,0,0,1,1,False,False,Bully Boy
bum dept,0,0,0,0,1,0,0,0,0,0,0,0,1,1,False,False,Bum Dept.
bump all you can,0,0,0,0,0,0,0,1,0,0,0,0,1,1,False,False,BUMP ALL YOU CAN
bump n spin,0,0,0,0,0,0,0,1,0,0,0,0,1,1,False,False,BUMP N' SPIN
bunny banana temporarily closed,0,0,0,0,0,0,0,1,0,0,0,0,1,1,False,False,BUNNY BANANA TEMPORARILY CLOSED
buns burger bombs,0,0,0,0,0,0,0,1,0,0,0,0,1,1,False,False,Buns Burger Bombs
burberry,0,1,0,0,0,0,0,0,0,0,0,0,1,1,False,False,BURBERRY
burger machine,0,0,0,0,0,0,0,1,0,0,0,0,1,1,False,False,Burger Machine
burda,0,0,0,0,0,0,0,1,0,0,0,0,1,1,False,False,Burda
bureau of internal revenue,0,0,0,1,0,0,0,0,0,0,0,0,1,1,False,False,BUREAU OF INTERNAL REVENUE
bureau og immigration,0,0,0,0,0,0,0,1,0,0,0,0,1,1,False,False,BUREAU OG IMMIGRATION
burger assembly,0,0,0,0,0,0,0,0,1,0,0,0,1,1,False,False,BURGER ASSEMBLY
burger avenue mister donut,0,0,0,0,0,0,0,0,0,0,0,1,1,1,False,False,BURGER AVENUE MISTER DONUT
burger joint,0,1,0,0,0,0,0,0,0,0,0,0,1,1,False,False,THE BURGER JOINT
blk,0,0,0,0,0,0,0,1,0,0,0,0,1,1,False,False,BLK
blissful glam nail spa,0,1,0,0,0,0,0,0,0,0,0,0,1,1,False,False,BLISSFUL GLAM NAIL SPA
blink,0,0,0,0,0,0,0,0,1,0,0,0,1,1,False,False,BLINK
barkin blends,0,0,0,0,0,0,1,0,0,0,0,0,1,1,False,False,Barkin' Blends
barkyard pet salon 09707766167,0,0,0,0,0,0,0,1,0,0,0,0,1,1,False,False,BARKYARD PET SALON '09707766167 (NEW)
barn kitchen,0,0,0,0,0,0,1,0,0,0,0,0,1,1,False,False,The Barn Kitchen
baron,0,0,0,0,0,0,0,1,0,0,0,0,1,1,False,False,The Baron
baron barbershop,0,0,0,0,0,0,0,0,1,0,0,0,1,1,False,False,THE BARON BARBERSHOP
barphones,0,0,0,0,0,0,0,0,1,0,0,0,1,1,False,False,BARPHONES
basa books,0,1,0,0,0,0,0,0,0,0,0,0,1,1,False,False,BASA BOOKS
basics and organic,0,0,0,0,0,1,0,0,0,0,0,0,1,1,False,False,Basics And Organic
basics and organics,0,0,1,0,0,0,0,0,0,0,0,0,1,1,False,False,Basics And Organics
bassack yellow chicken food house,0,0,0,0,0,0,0,0,1,0,0,0,1,1,False,False,BASSACK YELLOW CHICKEN FOOD HOUSE
basteakoy fruit overload slushie,0,0,0,0,0,0,0,0,1,0,0,0,1,1,False,False,BASTEAKOY FRUIT OVERLOAD SLUSHIE
batar shoes trading,0,0,0,0,0,0,0,1,0,0,0,0,1,1,False,False,BATAR SHOES TRADING
baterya ph,0,0,1,0,0,0,0,0,0,0,0,0,1,1,False,False,Baterya Ph
bath & body works,0,0,0,0,0,0,0,0,1,0,0,0,1,1,False,False,BATH & BODY WORKS
batinga animal medical center,0,0,0,0,0,0,0,0,1,0,0,0,1,1,False,False,BATINGA ANIMAL MEDICAL CENTER
battery man,0,0,0,0,0,0,0,0,1,0,0,0,1,1,False,False,BATTERY MAN
barking fellas,0,0,0,0,0,0,0,0,1,0,0,0,1,1,False,False,BARKING FELLAS
barkhaus,0,0,0,0,0,1,0,0,0,0,0,0,1,1,False,False,Barkhaus
banila co,0,0,1,0,0,0,0,0,0,0,0,0,1,1,False,False,Banila Co
bark haus,0,0,0,0,0,0,1,0,0,0,0,0,1,1,False,False,Bark Haus
bap bowls,0,0,0,0,0,0,0,1,0,0,0,0,1,1,False,False,Bap Bowls
bar oku,0,0,0,0,0,0,0,1,0,0,0,0,1,1,False,False,BAR OKU
bar shu,0,0,0,0,0,0,0,1,0,0,0,0,1,1,False,False,BAR SHU
barber shop,0,0,0,0,0,0,0,1,0,0,0,0,1,1,False,False,THE BARBER SHOP (0991-252-9469)
barbero blues,0,0,0,0,0,0,0,0,1,0,0,0,1,1,False,False,BARBERO BLUES
barbie and jhen fashion diva minigem exhibit,0,0,0,0,0,0,0,0,0,0,0,1,1,1,False,False,BARBIE AND JHEN : FASHION DIVA MINIGEM EXHIBIT (21)
bare fitness,0,0,0,0,0,1,0,0,0,0,0,0,1,1,False,False,Bare Fitness
bare fruit,0,0,0,0,1,0,0,0,0,0,0,0,1,1,False,False,Bare Fruit
bare skin waxing studio,0,0,0,0,0,0,0,0,1,0,0,0,1,1,False,False,BARE SKIN WAXING STUDIO
barenaked sugaring salon,0,0,0,0,1,0,0,0,0,0,0,0,1,1,False,False,Barenaked Sugaring Salon
bargain exchange,0,0,0,0,0,0,0,1,0,0,0,0,1,1,False,False,Bargain Exchange
barikata ramen bar,0,0,0,0,0,0,0,0,1,0,0,0,1,1,False,False,BARIKATA RAMEN BAR
barista coffee beans,0,0,0,0,0,0,0,0,1,0,0,0,1,1,False,False,BARISTA COFFEE BEANS
baristart coffee,0,0,0,0,0,0,1,0,0,0,0,0,1,1,False,False,Baristart Coffee
bark & beyond,0,0,0,0,0,0,1,0,0,0,0,0,1,1,False,False,Bark & Beyond
bausa massage,0,0,0,0,0,0,0,1,0,0,0,0,1,1,False,False,Bausa Massage
bavin 9939838894,0,0,0,0,0,0,0,1,0,0,0,0,1,1,False,False,BAVIN 9939838894
bawais,0,0,0,0,0,0,1,0,0,0,0,0,1,1,False,False,Bawai's
bawais vietnamese kitchen,0,0,0,0,0,0,0,0,1,0,0,0,1,1,False,False,BAWAIS VIETNAMESE KITCHEN
be u simply fab,0,0,0,0,0,0,0,1,0,0,0,0,1,1,False,False,BE-U @Simply Fab
bead bugz,0,1,0,0,0,0,0,0,0,0,0,0,1,1,False,False,BEAD BUGZ
bead shop,0,1,0,0,0,0,0,0,0,0,0,0,1,1,False,False,THE BEAD SHOP
beajeanne pasalubong shoppe,0,0,0,0,0,0,0,0,0,0,1,0,1,1,False,False,Beajeanne Pasalubong Shoppe
bean ukid,0,0,0,0,0,0,0,1,0,0,0,0,1,1,False,False,Bean-Ukid
beanleaf coffee & tea,0,0,0,0,0,0,0,1,0,0,0,0,1,1,False,False,Beanleaf Coffee & Tea
beanleaf coffee tea,0,0,0,0,0,0,0,0,1,0,0,0,1,1,False,False,BEANLEAF COFFEE TEA
beany coffee,0,0,0,0,0,0,0,0,1,0,0,0,1,1,False,False,BEANY COFFEE
beard papas,0,0,0,0,0,0,0,1,0,0,0,0,1,1,False,False,BEARD PAPA'S
bearhuggs,0,0,0,0,0,0,0,0,1,0,0,0,1,1,False,False,BEARHUGGS
beas bibingka,0,0,0,0,0,0,0,0,1,0,0,0,1,1,False,False,BEA'S BIBINGKA
beatrix lotto outlet,0,0,0,0,0,0,0,1,0,0,0,0,1,1,False,False,BEATRIX LOTTO OUTLET
beats & ticks 0916 337 0969,0,0,0,0,0,0,0,1,0,0,0,0,1,1,False,False,BEATS & TICKS 0916-337-0969
beauche mini gem exhibit,0,0,0,0,0,0,0,0,0,0,0,1,1,1,False,False,BEAUCHE MINI GEM EXHIBIT ( NEAR UNO FACTORY )
beautify by beautederm,0,0,0,0,0,0,0,1,0,0,0,0,1,1,False,False,Beautify by Beautederm
be polished,0,0,0,1,0,0,0,0,0,0,0,0,1,1,False,False,BE POLISHED
bdo unibank inc,0,0,0,0,0,0,0,0,0,0,1,0,1,1,False,False,BDO Unibank Inc.
bdo one network,0,0,0,0,0,0,0,0,0,0,1,0,1,1,False,False,BDO One Network
bbrows & nails spa,0,0,1,0,0,0,0,0,0,0,0,0,1,1,False,False,B’brows & Nails Spa
bay6 salon,0,0,0,0,0,0,0,1,0,0,0,0,1,1,False,False,BAY6 SALON
bazaar del mundo,0,0,0,0,0,0,0,1,0,0,0,0,1,1,False,False,Bazaar Del Mundo
bazinga,0,0,0,0,0,0,0,1,0,0,0,0,1,1,False,False,BAZINGA
bbbe accessories,0,0,0,0,0,0,0,1,0,0,0,0,1,1,False,False,BBBE ACCESSORIES
bbk bibingka & coffee,0,0,0,0,0,0,0,0,1,0,0,0,1,1,False,False,BBK BIBINGKA & COFFEE
bbq king temporarily closed,0,0,0,0,0,0,0,1,0,0,0,0,1,1,False,False,BBQ KING TEMPORARILY CLOSED
bc26 kiosk,1,0,0,0,0,0,0,0,0,0,0,0,1,1,False,False,BC26 KIOSK
bdo network bank,0,0,0,0,0,0,0,1,0,0,0,0,1,1,False,False,BDO NETWORK BANK
bcg digital generation,0,0,0,0,0,0,0,0,1,0,0,0,1,1,False,False,BCG DIGITAL GENERATION
bcn by las flores,0,0,0,0,0,0,0,0,1,0,0,0,1,1,False,False,BCN BY LAS FLORES
bcs cellphone repair,0,0,0,0,1,0,0,0,0,0,0,0,1,1,False,False,BCS Cellphone Repair
bdo cash hub,0,0,0,0,0,0,0,0,0,0,1,0,1,1,False,False,BDO Cash Hub
bdo consumer lending,0,0,0,0,0,0,0,0,0,0,1,0,1,1,False,False,BDO Consumer Lending
bdo dunkin donut,0,0,0,0,0,0,0,0,0,0,0,1,1,1,False,False,BDO DUNKIN DONUT
bank of the philippines,0,0,0,0,0,0,0,1,0,0,0,0,1,1,False,False,Bank of the Philippines
banh pho,0,0,0,0,0,0,0,1,0,0,0,0,1,1,False,False,Banh Pho
blind therapeutic massage,0,0,0,0,1,0,0,0,0,0,0,0,1,1,False,False,Blind Therapeutic Massage
bag genie vintage & collectibles,0,1,0,0,0,0,0,0,0,0,0,0,1,1,False,False,THE BAG GENIE VINTAGE  & COLLECTIBLES
bag rx,0,0,0,0,0,0,0,1,0,0,0,0,1,1,False,False,Bag RX
bag tag,0,1,0,0,0,0,0,0,0,0,0,0,1,1,False,False,BAG TAG
bagful of glitter 0917 882 0906,0,0,0,0,0,0,0,1,0,0,0,0,1,1,False,False,Bagful of Glitter 0917 882 0906 (NEW)
bagnet and beyond,0,0,0,0,0,0,0,1,0,0,0,0,1,1,False,False,Bagnet and Beyond
bags to riches,0,1,0,0,0,0,0,0,0,0,0,0,1,1,False,False,BAGS TO RICHES
baguio,0,1,0,0,0,0,0,0,0,0,0,0,1,1,False,False,BAGUIO
baguio bingo,0,0,0,0,0,0,0,0,1,0,0,0,1,1,False,False,BAGUIO BINGO
baguio country club,0,0,0,0,0,0,0,0,1,0,0,0,1,1,False,False,BAGUIO COUNTRY CLUB
baguio pet habitat,0,0,0,0,0,0,0,0,1,0,0,0,1,1,False,False,BAGUIO PET HABITAT
bahay kubo sizzlers and resto bar,0,0,0,0,0,0,0,0,0,0,0,1,1,1,False,False,BAHAY KUBO SIZZLERS AND RESTO BAR
bahn mi kitchen 0917 550 0385,0,0,0,0,0,0,0,1,0,0,0,0,1,1,False,False,BAHN MI KITCHEN 0917-550-0385
bahnmi kitchen bmkn,0,0,0,0,0,0,1,0,0,0,0,0,1,1,False,False,Bahnmi Kitchen - Bmkn
bainor cp accessories ca exhibits,0,0,0,0,0,0,0,0,0,0,0,1,1,1,False,False,Bainor CP Accessories ( 7.60 SQM) CA EXHIBITS ( PROPERTY PRO )
bainor footwear ca exhibits,0,0,0,0,0,0,0,0,0,0,0,1,1,1,False,False,Bainor Footwear (8.12 SQM) CA EXHIBITS ( PROPERTY PRO )
baiprints hub graphics & advertising,0,0,0,0,0,0,0,1,0,0,0,0,1,1,False,False,Baiprints Hub Graphics & Advertising
bag of beans,0,0,0,0,0,0,0,1,0,0,0,0,1,1,False,False,Bag Of Beans
badu boutique,0,0,0,0,0,0,0,0,0,0,0,1,1,1,False,False,BADU BOUTIQUE
banh mi kitchen ca phe,0,0,0,0,0,0,0,0,1,0,0,0,1,1,False,False,BANH MI KITCHEN CA PHE
badu,0,0,0,0,0,0,0,0,0,0,0,1,1,1,False,False,BADU
baby mochie,0,0,0,0,0,0,0,1,0,0,0,0,1,1,False,False,Baby Mochie
baby play,0,0,0,0,0,0,0,0,1,0,0,0,1,1,False,False,BABY PLAY
baby ultrasound co,0,0,0,0,0,0,0,1,0,0,0,0,1,1,False,False,Baby Ultrasound Co.
babybond ultrasound,0,0,0,0,0,0,0,0,1,0,0,0,1,1,False,False,BABYBOND ULTRASOUND
babymama,0,0,0,0,0,1,0,0,0,0,0,0,1,1,False,False,Babymama
bacani,0,0,0,0,0,0,0,0,0,0,1,0,1,1,False,False,Bacani
backyard barbecue smoke and grill,0,0,0,0,0,0,0,0,1,0,0,0,1,1,False,False,BACKYARD BARBECUE SMOKE AND GRILL
bacolod chk n bbq house,0,0,0,0,0,0,0,0,1,0,0,0,1,1,False,False,BACOLOD CHK-N-BBQ HOUSE
bacoor city treasurers office,0,0,1,0,0,0,0,0,0,0,0,0,1,1,False,False,Bacoor City Treasurer’s Office
bacsilog,0,0,0,0,0,0,0,1,0,0,0,0,1,1,False,False,Bacsilog
baculi valconcha optical,0,0,0,0,0,0,0,0,0,1,0,0,1,1,False,False,BACULI-VALCONCHA OPTICAL
bad bird,0,0,0,0,0,0,0,0,1,0,0,0,1,1,False,False,BAD BIRD
bad bird & tsukemen ramen,0,0,0,0,0,1,0,0,0,0,0,0,1,1,False,False,Bad Bird & Tsukemen Ramen
bad bowl,0,0,0,0,0,0,0,1,0,0,0,0,1,1,False,False,Bad Bowl (TEMPORARILY CLOSED)
bad boys wingz,0,1,0,0,0,0,0,0,0,0,0,0,1,1,False,False,BAD BOYS WINGZ
baka express,0,0,0,0,0,0,0,1,0,0,0,0,1,1,False,False,BAKA EXPRESS
bake and churn,0,0,0,0,0,0,0,0,1,0,0,0,1,1,False,False,BAKE AND CHURN
bake n churn,0,0,0,0,0,0,0,0,0,0,1,0,1,1,False,False,Bake N' Churn
baked by baby,0,0,0,0,0,0,0,0,1,0,0,0,1,1,False,False,BAKED BY BABY
ballet center,0,1,0,0,0,0,0,0,0,0,0,0,1,1,False,False,BALLET CENTER
ballet manila,0,0,0,1,0,0,0,0,0,0,0,0,1,1,False,False,Ballet Manila
ballet philippines,0,0,0,0,0,0,0,0,1,0,0,0,1,1,False,False,BALLET PHILIPPINES
balloons n ribbons by honey b,0,0,0,0,1,0,0,0,0,0,0,0,1,1,False,False,Balloons n Ribbons by Honey B
balls more,0,0,0,0,0,0,0,0,1,0,0,0,1,1,False,False,BALLS MORE
bamboo bags,0,0,0,0,0,0,0,1,0,0,0,0,1,1,False,False,Bamboo Bags
bambu desserts drinks,0,0,0,0,0,0,0,0,1,0,0,0,1,1,False,False,BAMBU DESSERTS DRINKS
banana peel flip flops,0,0,0,0,0,0,0,1,0,0,0,0,1,1,False,False,Banana Peel Flip Flops
banco de oro mus ab cellphone,0,0,0,0,0,0,0,0,0,0,0,1,1,1,False,False,BANCO DE ORO MUS AB CELLPHONE
banco de oro uniword inc,0,0,0,0,0,0,0,0,0,0,0,1,1,1,False,False,"BANCO DE ORO UNIWORD, INC."
bangkok kitchen,0,0,0,0,0,0,0,0,1,0,0,0,1,1,False,False,BANGKOK KITCHEN
bangs prime salon and t&j salon professionals,0,1,0,0,0,0,0,0,0,0,0,0,1,1,False,False,BANG’S PRIME SALON AND T&J SALON PROFESSIONALS
bangus,0,0,0,0,0,0,1,0,0,0,0,0,1,1,False,False,Bangus
bangus restaurant,0,0,0,0,0,0,0,0,1,0,0,0,1,1,False,False,BANGUS RESTAURANT
banh hi kitchen,0,0,0,0,0,0,0,1,0,0,0,0,1,1,False,False,BANH HI KITCHEN
baliwag lechon,0,0,0,0,0,0,0,1,0,0,0,0,1,1,False,False,BALIWAG LECHON
baliwag,0,0,0,1,0,0,0,0,0,0,0,0,1,1,False,False,BALIWAG
balispaholics,0,0,0,0,0,0,0,1,0,0,0,0,1,1,False,False,Balispaholics
baking crew,0,0,0,0,0,1,0,0,0,0,0,0,1,1,False,False,The Baking Crew
baker bob,0,0,0,0,0,0,0,1,0,0,0,0,1,1,False,False,Baker Bob
baker j,0,0,1,0,0,0,0,0,0,0,0,0,1,1,False,False,Baker J
bakers champ,0,0,0,0,0,0,0,0,1,0,0,0,1,1,False,False,BAKERS CHAMP
bakers percent bakeshop,0,0,0,0,0,0,0,0,1,0,0,0,1,1,False,False,BAKERS PERCENT BAKESHOP
bakers ph,0,0,0,0,0,0,0,1,0,0,0,0,1,1,False,False,Bakers Ph
bakers plaza,0,0,0,0,0,0,0,1,0,0,0,0,1,1,False,False,Baker's Plaza
baks pc,1,0,0,0,0,0,0,0,0,0,0,0,1,1,False,False,BAKS PC
balikbayan handicrafts,0,1,0,0,0,0,0,0,0,0,0,0,1,1,False,False,BALIKBAYAN HANDICRAFTS
balai,0,0,0,0,0,0,0,0,1,0,0,0,1,1,False,False,BALAI
balai ilonggo,0,0,0,0,0,1,0,0,0,0,0,0,1,1,False,False,Balai Ilonggo
balenciaga,0,1,0,0,0,0,0,0,0,0,0,0,1,1,False,False,BALENCIAGA
bali cafe,0,0,0,0,1,0,0,0,0,0,0,0,1,1,False,False,Bali Café
bali thai massage & wellness spa,0,1,0,0,0,0,0,0,0,0,0,0,1,1,False,False,BALI-THAI MASSAGE & WELLNESS SPA
balikatan massage clinic,0,1,0,0,0,0,0,0,0,0,0,0,1,1,False,False,BALIKATAN MASSAGE CLINIC
beauty and wellness,0,0,0,0,0,0,0,1,0,0,0,0,1,1,False,False,Beauty and Wellness
beauty bar dashing diva,0,1,0,0,0,0,0,0,0,0,0,0,1,1,False,False,BEAUTY BAR / DASHING DIVA
beauty eves cosmetics,0,0,0,0,0,0,0,0,0,0,1,0,1,1,False,False,Beauty Eve's Cosmetics
binalot kerrimo,0,0,0,0,0,0,0,0,0,0,0,1,1,1,False,False,BINALOT KERRIMO
bing gift shop,0,0,0,0,0,0,0,0,0,0,0,1,1,1,False,False,BING GIFT SHOP
bingchun tea,0,0,0,0,0,0,0,1,0,0,0,0,1,1,False,False,BINGCHUN TEA
bingo,0,0,0,0,0,0,0,0,1,0,0,0,1,1,False,False,BINGO
bingo bee bingo bonanza,0,0,0,0,0,0,0,0,0,0,0,1,1,1,False,False,"BINGO BEE, BINGO BONANZA"
bingo boutique,0,0,0,0,0,1,0,0,0,0,0,0,1,1,False,False,Bingo Boutique
bingo city,0,0,0,0,0,0,0,0,1,0,0,0,1,1,False,False,BINGO CITY
bingo dinero,0,0,0,0,0,0,0,0,1,0,0,0,1,1,False,False,BINGO DINERO
bingo empress,0,0,0,0,0,0,0,0,1,0,0,0,1,1,False,False,BINGO EMPRESS
bingo extreme,0,0,0,0,0,1,0,0,0,0,0,0,1,1,False,False,Bingo Extreme
bingo gallery,0,0,0,0,0,0,0,0,1,0,0,0,1,1,False,False,BINGO GALLERY
bingo manila,0,0,0,0,0,0,0,0,0,1,0,0,1,1,False,False,BINGO MANILA
bingo palace,0,0,0,0,0,0,0,1,0,0,0,0,1,1,False,False,Bingo Palace
bingo plaza,0,0,0,0,0,0,0,0,1,0,0,0,1,1,False,False,BINGO PLAZA
bingo sa nova,0,0,0,0,0,0,0,0,1,0,0,0,1,1,False,False,BINGO SA NOVA
bingo xtreme,0,0,1,0,0,0,0,0,0,0,0,0,1,1,False,False,Bingo Xtreme
binan fast food,0,0,0,0,0,0,0,0,1,0,0,0,1,1,False,False,BIÑAN FAST FOOD
billyard sports bar,0,0,0,0,0,1,0,0,0,0,0,0,1,1,False,False,Billyard Sports Bar
beauty getaway,0,1,0,0,0,0,0,0,0,0,0,0,1,1,False,False,BEAUTY GETAWAY
billyard sports & music bar,0,0,0,0,0,1,0,0,0,0,0,0,1,1,False,False,Billyard Sports & Music Bar
big jewelry creation,0,0,0,0,0,0,0,0,1,0,0,0,1,1,False,False,BIG JEWELRY CREATION
big joy,0,0,1,0,0,0,0,0,0,0,0,0,1,1,False,False,Big Joy
big joy kids,0,1,0,0,0,0,0,0,0,0,0,0,1,1,False,False,BIG JOY KIDS
big mommas artisan pies co,0,0,0,0,0,0,0,0,1,0,0,0,1,1,False,False,BIG MOMMAS ARTISAN PIES CO
big mummys,0,0,0,0,0,0,0,1,0,0,0,0,1,1,False,False,Big Mummy's
big paws,0,0,0,0,0,0,1,0,0,0,0,0,1,1,False,False,Big Paws
big picture,0,0,0,0,0,0,0,0,0,0,1,0,1,1,False,False,The Big Picture
big r lessors,0,1,0,0,0,0,0,0,0,0,0,0,1,1,False,False,BIG R LESSORS
bigboys,0,0,0,0,0,0,1,0,0,0,0,0,1,1,False,False,Bigboys
bigoli,0,1,0,0,0,0,0,0,0,0,0,0,1,1,False,False,BIGOLI
bike my way,0,0,0,0,0,0,0,0,1,0,0,0,1,1,False,False,BIKE MY WAY
bikes & coffee manila,0,0,0,0,0,1,0,0,0,0,0,0,1,1,False,False,Bikes & Coffee Manila
bikoi bikes,0,0,0,0,0,0,0,0,1,0,0,0,1,1,False,False,BIKOI BIKES
billiards,0,0,0,0,0,0,0,0,0,0,0,1,1,1,False,False,BILLIARDS
bills lounge,0,0,0,0,0,1,0,0,0,0,0,0,1,1,False,False,Bill's Lounge
bingomania,0,0,0,0,0,0,0,0,0,1,0,0,1,1,False,False,BINGOMANIA
bings closet,0,0,0,0,1,0,0,0,0,0,0,0,1,1,False,False,Bings Closet
binuhat arts crafts,0,0,0,0,0,0,0,0,1,0,0,0,1,1,False,False,BINUHAT ARTS CRAFTS
biofresh,0,0,0,0,0,1,0,0,0,0,0,0,1,1,False,False,Biofresh
bj twin shawarma,0,0,0,0,0,0,0,1,0,0,0,0,1,1,False,False,BJ TWIN SHAWARMA
bl petshop,0,0,0,0,0,0,0,1,0,0,0,0,1,1,False,False,BL Petshop
bl petshop salon,0,0,0,0,0,0,0,0,1,0,0,0,1,1,False,False,BL PETSHOP SALON
black pearl 0910 271 5118,0,0,0,0,0,0,0,1,0,0,0,0,1,1,False,False,BLACK PEARL 0910-271-5118
black pearl by sea of spa,0,0,0,0,0,0,0,0,1,0,0,0,1,1,False,False,BLACK PEARL BY SEA OF SPA
black pearl cosmetics,0,1,0,0,0,0,0,0,0,0,0,0,1,1,False,False,BLACK PEARL COSMETICS
black pearl johnn lemon,0,1,0,0,0,0,0,0,0,0,0,0,1,1,False,False,BLACK PEARL/JOHNN LEMON
black view,0,0,0,0,1,0,0,0,0,0,0,0,1,1,False,False,Black View
blackbeards seafood island bikers cafe,0,0,0,0,0,0,0,0,1,0,0,0,1,1,False,False,BLACKBEARD'S SEAFOOD ISLAND BIKERS CAFE
blackbelle tattoo shop,0,0,0,0,0,0,0,1,0,0,0,0,1,1,False,False,BLACKBELLE TATTOO SHOP
blackscoop cafe,0,0,0,0,0,0,0,1,0,0,0,0,1,1,False,False,BLACKSCOOP CAFE
blackstem tea & coffee,0,0,0,0,0,1,0,0,0,0,0,0,1,1,False,False,BlackStem Tea & Coffee
blemish free,0,0,0,0,1,0,0,0,0,0,0,0,1,1,False,False,Blemish Free
blemish free natures skin care,0,0,0,0,0,0,0,0,1,0,0,0,1,1,False,False,BLEMISH FREE NATURES SKIN CARE
blended coffee tea frap,0,0,0,0,0,0,0,0,0,0,0,1,1,1,False,False,BLENDED COFFEE TEA FRAP
bj shawarma house,0,0,0,0,0,0,0,1,0,0,0,0,1,1,False,False,BJ SHAWARMA HOUSE
bizu,0,0,0,0,0,0,1,0,0,0,0,0,1,1,False,False,Bizu
bizaare hbc,0,0,0,0,0,0,0,0,0,0,0,1,1,1,False,False,BIZAARE HBC
biryani house restaurant,0,0,0,0,0,0,0,0,1,0,0,0,1,1,False,False,BIRYANI HOUSE RESTAURANT
biovitalis institute by centro holistico,0,0,0,0,0,0,0,0,1,0,0,0,1,1,False,False,BIOVITALIS INSTITUTE BY CENTRO HOLISTICO
bir,0,0,0,1,0,0,0,0,0,0,0,0,1,1,False,False,BIR
bir notarial & photocopying,0,0,0,1,0,0,0,0,0,0,0,0,1,1,False,False,BIR Notarial & Photocopying
bir rd038,0,0,0,1,0,0,0,0,0,0,0,0,1,1,False,False,BIR RD038
bird boss the new bird of the block,0,0,0,0,0,0,0,0,1,0,0,0,1,1,False,False,BIRD BOSS THE NEW BIRD OF THE BLOCK
biryani boys,0,0,0,0,0,0,0,0,1,0,0,0,1,1,False,False,BIRYANI BOYS
biryanist,0,0,0,0,0,1,0,0,0,0,0,0,1,1,False,False,Biryanist
bizaare exhibit zar clothing collection,0,0,0,0,0,0,0,0,0,0,0,1,1,1,False,False,BIZAARE EXHIBIT ZAR CLOTHING COLLECTION
bistro ravioli,0,0,0,0,0,0,0,0,1,0,0,0,1,1,False,False,BISTRO RAVIOLI
bistro remedios,0,0,0,0,0,0,0,0,1,0,0,0,1,1,False,False,BISTRO REMEDIOS
bite king snackbar,0,0,0,0,0,0,0,0,1,0,0,0,1,1,False,False,BITE KING SNACKBAR
biu,0,0,1,0,0,0,0,0,0,0,0,0,1,1,False,False,Biu!
biyahe juan,0,0,0,0,0,1,0,0,0,0,0,0,1,1,False,False,Biyahe Juan
biyaya kofi,0,0,0,0,0,0,1,0,0,0,0,0,1,1,False,False,Biyaya Kofi
big boys toyshoppe,0,0,0,1,0,0,0,0,0,0,0,0,1,1,False,False,Big Boy's Toyshoppe
big boys toy store,0,1,0,0,0,0,0,0,0,0,0,0,1,1,False,False,BIG BOYS TOY STORE
big boys,0,0,1,0,0,0,0,0,0,0,0,0,1,1,False,False,Big Boys
berches,0,0,0,0,0,0,1,0,0,0,0,0,1,1,False,False,Berches
bellezza skin care and spa,0,0,0,0,0,0,0,1,0,0,0,0,1,1,False,False,BELLEZZA SKIN CARE AND SPA
bellus international,0,0,0,0,0,0,1,0,0,0,0,0,1,1,False,False,Bellus International
belly bob,0,0,0,0,0,0,0,1,0,0,0,0,1,1,False,False,BELLY BOB
benanth,0,0,0,0,0,0,0,0,1,0,0,0,1,1,False,False,BENANTH
bench & bench body,0,0,0,0,0,1,0,0,0,0,0,0,1,1,False,False,Bench & Bench Body
bench beauty,0,0,0,0,0,0,0,0,1,0,0,0,1,1,False,False,BENCH BEAUTY
bench herbench,0,0,0,0,0,1,0,0,0,0,0,0,1,1,False,False,Bench + Herbench
bench uno siopao house,0,0,0,0,0,0,0,0,0,0,0,1,1,1,False,False,Bench Uno Siopao House
bench watchman,0,0,0,0,0,0,0,0,0,0,0,1,1,1,False,False,BENCH WATCHMAN
benibana beauty hub,0,0,0,0,0,1,0,0,0,0,0,0,1,1,False,False,Benibana Beauty Hub
benlife,0,0,0,0,0,0,0,0,1,0,0,0,1,1,False,False,BENLIFE
bens halo halo ice cream,0,0,1,0,0,0,0,0,0,0,0,0,1,1,False,False,Ben’s Halo-halo Ice Cream
bens kitchen,0,1,0,0,0,0,0,0,0,0,0,0,1,1,False,False,BEN'S KITCHEN
bens x meshiya,0,0,0,0,0,1,0,0,0,0,0,0,1,1,False,False,Ben's x Meshiya
bensons graphic arts,0,0,0,0,0,0,0,0,1,0,0,0,1,1,False,False,BENSONS GRAPHIC ARTS
bellemoire,0,0,1,0,0,0,0,0,0,0,0,0,1,1,False,False,Bellemoire
bellecrown salon,0,0,0,0,0,0,0,0,1,0,0,0,1,1,False,False,BELLECROWN SALON
belle ville pancake cafe,0,0,0,0,0,0,0,0,1,0,0,0,1,1,False,False,BELLE-VILLE PANCAKE CAFÉ
bee healthy,0,0,0,0,0,0,0,1,0,0,0,0,1,1,False,False,Bee Healthy
beauty getaway wellness spa,0,0,0,0,0,0,0,0,1,0,0,0,1,1,False,False,BEAUTY GETAWAY WELLNESS SPA
beauty goals,0,0,0,0,0,0,0,1,0,0,0,0,1,1,False,False,BEAUTY GOALS
beauty palace salon and nail spa,0,1,0,0,0,0,0,0,0,0,0,0,1,1,False,False,BEAUTY PALACE SALON AND NAIL SPA
beauwarts,0,0,0,0,0,0,1,0,0,0,0,0,1,1,False,False,Beauwarts
becs salon & spa,0,0,0,0,0,0,0,0,1,0,0,0,1,1,False,False,BEC'S SALON & SPA
bee & co,0,0,1,0,0,0,0,0,0,0,0,0,1,1,False,False,Bee & Co.
beef pares house,0,0,0,0,0,0,0,1,0,0,0,0,1,1,False,False,BEEF PARES HOUSE
bella mecanica salon,0,0,0,0,0,0,0,0,1,0,0,0,1,1,False,False,BELLA MECANICA SALON
beginnings the ring store,0,0,0,0,0,0,0,0,1,0,0,0,1,1,False,False,BEGINNINGS THE RING STORE
being juice,0,0,0,0,0,0,0,1,0,0,0,0,1,1,False,False,Being Juice
belaggio bingo,0,0,0,1,0,0,0,0,0,0,0,0,1,1,False,False,Belaggio Bingo
bella beta,0,0,0,0,0,0,0,0,0,0,0,1,1,1,False,False,BELLA BETA
bella blossom flower shop,0,0,0,0,0,0,0,0,1,0,0,0,1,1,False,False,BELLA-BLOSSOM FLOWER SHOP
bella glowing skin,0,0,0,0,0,0,0,1,0,0,0,0,1,1,False,False,Bella Glowing Skin
beppos barbershop,0,0,0,1,0,0,0,0,0,0,0,0,1,1,False,False,Beppo's Barbershop
berlein,0,0,0,0,0,0,0,0,1,0,0,0,1,1,False,False,BERLEIN
big boss barbers,0,0,0,0,0,1,0,0,0,0,0,0,1,1,False,False,Big Boss Barbers
bern oasis of halohalo,0,0,0,0,1,0,0,0,0,0,0,0,1,1,False,False,Bern Oasis of Halohalo
beyond polish,0,0,0,0,0,0,0,0,1,0,0,0,1,1,False,False,BEYOND POLISH
bf potato fries,0,0,0,0,0,0,0,0,0,0,0,1,1,1,False,False,BF POTATO FRIES
bhdc barrera hernandez dental diagnostics,0,0,0,0,0,0,0,0,1,0,0,0,1,1,False,False,BHDC BARRERA-HERNANDEZ DENTAL DIAGNOSTICS
bhf jewelry & cash loan,0,0,0,0,0,0,0,1,0,0,0,0,1,1,False,False,BHF Jewelry & Cash Loan
bianang delicacies,0,0,0,0,0,0,0,0,0,0,1,0,1,1,False,False,BIANANG DELICACIES
bibingka manila,0,0,0,0,0,0,0,0,1,0,0,0,1,1,False,False,BIBINGKA MANILA
bibingka mnl,0,0,0,0,0,0,0,1,0,0,0,0,1,1,False,False,Bibingka MNL
bibingkintan,0,0,0,0,0,0,0,1,0,0,0,0,1,1,False,False,Bibingkintan
bibingkyut,0,0,0,0,0,0,0,0,0,0,0,1,1,1,False,False,BIBINGKYUT
bibo shoes melvino,0,0,0,0,0,0,0,0,0,0,0,1,1,1,False,False,BIBO SHOES MELVINO
bibo shoes red diamond ii,0,0,0,0,0,0,0,0,0,0,0,1,1,1,False,False,BIBO SHOES RED DIAMOND II
bibo shoes sandugo,0,0,0,0,0,0,0,0,0,0,0,1,1,1,False,False,Bibo Shoes SANDUGO
big & small & chicco,0,0,0,0,0,1,0,0,0,0,0,0,1,1,False,False,Big & Small & Chicco
big bee,0,0,0,0,0,1,0,0,0,0,0,0,1,1,False,False,The Big Bee
big belly burgers,0,0,0,0,0,1,0,0,0,0,0,0,1,1,False,False,Big Belly Burgers
between days,0,0,0,0,0,0,0,1,0,0,0,0,1,1,False,False,BETWEEN DAYS
bettinas fashion boutique temporarily closed,0,0,0,0,0,0,0,1,0,0,0,0,1,1,False,False,BETTINAS FASHION BOUTIQUE TEMPORARILY CLOSED
bettinas fashion boutique,0,0,0,0,0,0,0,1,0,0,0,0,1,1,False,False,BETTINA'S FASHION BOUTIQUE (OPEN)
best cool bicycle,0,0,0,0,0,0,0,1,0,0,0,0,1,1,False,False,BEST COOL BICYCLE
bernabest siomai house,0,0,0,0,0,0,0,0,1,0,0,0,1,1,False,False,BERNABEST SIOMAI HOUSE
bernardos watch repair,0,0,0,0,0,0,0,1,0,0,0,0,1,1,False,False,Bernardo's Watch Repair
bernies barbers,0,0,0,0,1,0,0,0,0,0,0,0,1,1,False,False,Bernie's Barbers
berovan medical supplies,0,0,0,0,0,0,0,1,0,0,0,0,1,1,False,False,Berovan Medical Supplies
bertmarks,0,1,0,0,0,0,0,0,0,0,0,0,1,1,False,False,BERTMARKS
beso beso,0,0,0,0,0,0,0,1,0,0,0,0,1,1,False,False,Beso-Beso
best fried noodles temporarily closed,0,0,0,0,0,0,0,1,0,0,0,0,1,1,False,False,Best Fried Noodles TEMPORARILY CLOSED
better burger,0,0,0,0,0,0,0,0,1,0,0,0,1,1,False,False,BETTER BURGER
best lolama,0,0,0,0,0,0,0,1,0,0,0,0,1,1,False,False,Best Lolama
best nephro specialist corporation,0,0,0,0,0,0,0,1,0,0,0,0,1,1,False,False,Best Nephro Specialist Corporation
best print,0,0,0,1,0,0,0,0,0,0,0,0,1,1,False,False,Best Print
best toys,0,0,0,0,0,0,1,0,0,0,0,0,1,1,False,False,Best Toys
bestfriend pawever,0,0,0,0,0,0,0,1,0,0,0,0,1,1,False,False,Bestfriend Pawever
beth charms and accessories mini gem exhibit 12,0,0,0,0,0,0,0,0,0,0,0,1,1,1,False,False,BETH CHARMS AND ACCESSORIES MINI GEM EXHIBIT #12 ( FC created space # 10 )
fat monk,0,0,0,0,0,0,0,0,1,0,0,0,1,1,False,False,FAT MONK
fatboys pizza & pasta,0,0,0,0,0,0,0,0,0,0,1,0,1,1,False,False,Fatboys Pizza & Pasta
father & sons,0,0,0,0,0,0,0,1,0,0,0,0,1,1,False,False,FATHER & SONS
l sea dimsum and noodle house,0,0,0,0,0,0,0,0,1,0,0,0,1,1,False,False,L SEA DIMSUM AND NOODLE HOUSE
l1 104 01a 3 lemon express minigem exhibit,0,0,0,0,0,0,0,0,0,0,0,1,1,1,False,False,L1- 104 -01A -3 Lemon Express MINIGEM EXHIBIT (30)
l1 104 01a 4 master siomai minigem exhibit,0,0,0,0,0,0,0,0,0,0,0,1,1,1,False,False,L1- 104 - 01A -4 MASTER SIOMAI MINIGEM EXHIBIT (20)
la birria tacos & nachos,0,0,0,0,0,0,0,0,1,0,0,0,1,1,False,False,LA BIRRIA TACOS & NACHOS
la birria tacos nachos,0,0,0,0,0,0,0,0,1,0,0,0,1,1,False,False,LA BIRRIA TACOS NACHOS
la casa empanada,0,0,1,0,0,0,0,0,0,0,0,0,1,1,False,False,La Casa Empanada
la casa empanadas,0,0,0,0,0,0,0,0,1,0,0,0,1,1,False,False,LA CASA EMPANADAS
la casetta de britt restaurant,0,0,0,0,0,0,0,0,1,0,0,0,1,1,False,False,LA CASETTA DE BRITT RESTAURANT
la chambre de beaute beauty salon,0,0,0,0,0,0,0,1,0,0,0,0,1,1,False,False,LA CHAMBRE DE BEAUTE BEAUTY SALON
la chicks hot chicken,0,0,1,0,0,0,0,0,0,0,0,0,1,1,False,False,La Chicks Hot Chicken
la estetica,0,0,0,0,0,0,0,0,1,0,0,0,1,1,False,False,LA ESTETICA
la europa ceramica,0,0,0,0,0,0,0,0,1,0,0,0,1,1,False,False,LA EUROPA CERAMICA
la fiesta filipino cuisine,0,0,0,0,0,0,0,0,1,0,0,0,1,1,False,False,LA FIESTA FILIPINO CUISINE
la floreria,0,1,0,0,0,0,0,0,0,0,0,0,1,1,False,False,LA FLORERIA
la halo halo,0,0,0,0,0,0,0,1,0,0,0,0,1,1,False,False,LA HALO HALO
la hanan,0,0,0,0,0,0,0,0,1,0,0,0,1,1,False,False,LA HANAN
l1 104 01a 2 noodle house rose mary cellphone,0,0,0,0,0,0,0,0,0,0,0,1,1,1,False,False,L1- 104 -01A -2 Noodle House ROSE MARY CELLPHONE
l royale,0,0,0,0,0,0,0,1,0,0,0,0,1,1,False,False,L' Royale
kuya js restaurant,0,0,0,0,0,0,0,1,0,0,0,0,1,1,False,False,Kuya J's Restaurant
l o f t,0,0,0,0,0,0,0,1,0,0,0,0,1,1,False,False,L.O.F.T.
kuya korea,0,0,0,0,0,0,0,0,1,0,0,0,1,1,False,False,KUYA KOREA
kuysen,0,0,0,0,0,0,0,0,1,0,0,0,1,1,False,False,KUYSEN
kuzina guadalupe,0,0,0,0,0,0,0,0,1,0,0,0,1,1,False,False,KUZINA GUADALUPE
kvik,0,0,0,0,0,0,0,0,1,0,0,0,1,1,False,False,KVIK
kylas bistro,0,0,0,0,0,0,0,1,0,0,0,0,1,1,False,False,Kyla's Bistro
kylie cellphone and accessories shop,0,0,0,0,0,0,0,1,0,0,0,0,1,1,False,False,KYLIE CELLPHONE AND ACCESSORIES SHOP
kyocera mita,0,0,0,0,0,0,0,0,1,0,0,0,1,1,False,False,KYOCERA MITA
kyoda1,0,1,0,0,0,0,0,0,0,0,0,0,1,1,False,False,KYODA1
kyoken travel tours,0,0,0,0,0,0,0,0,1,0,0,0,1,1,False,False,KYOKEN TRAVEL TOURS
kyushu ramen,0,1,0,0,0,0,0,0,0,0,0,0,1,1,False,False,KYUSHU RAMEN
l & y mobile phone & computer accessories,0,0,0,0,0,0,0,1,0,0,0,0,1,1,False,False,L & Y Mobile Phone & Computer Accessories
l a eatery,0,0,0,0,0,0,0,1,0,0,0,0,1,1,False,False,L. A EATERY
l a music & sports center,0,0,0,0,0,0,0,0,1,0,0,0,1,1,False,False,L.A. MUSIC & SPORTS CENTER
l entrecote,0,0,0,0,0,1,0,0,0,0,0,0,1,1,False,False,L' Entrecote
l foods corporation,0,0,0,0,0,0,0,0,0,0,0,1,1,1,False,False,L FOODS CORPORATION
la kuseana,0,0,0,0,0,0,0,0,1,0,0,0,1,1,False,False,LA KUSEANA
la kusina,0,0,0,0,0,0,0,0,0,0,0,1,1,1,False,False,LA KUSINA
la lola,0,0,0,0,0,0,0,1,0,0,0,0,1,1,False,False,LA LOLA
la maison,0,0,0,0,0,0,1,0,0,0,0,0,1,1,False,False,La Maison
ladybelle nail and body spa,0,0,0,0,0,0,0,0,1,0,0,0,1,1,False,False,LADYBELLE NAIL AND BODY SPA
lagalag,0,0,0,0,0,0,0,0,1,0,0,0,1,1,False,False,LAGALAG
lago de dalahican,0,0,0,0,0,0,0,1,0,0,0,0,1,1,False,False,Lago De Dalahican
lagrima,0,0,0,0,0,1,0,0,0,0,0,0,1,1,False,False,Lagrima
lahlahlah,0,0,0,0,0,0,0,1,0,0,0,0,1,1,False,False,LAHLAHLAH
laizah beauty,0,0,0,0,0,0,0,1,0,0,0,0,1,1,False,False,LAIZAH BEAUTY
lala annies sizzling food house,0,0,0,0,0,0,0,1,0,0,0,0,1,1,False,False,Lala Annie's Sizzling Food House
lalaines fashion boutique,0,0,0,0,0,0,0,1,0,0,0,0,1,1,False,False,Lalaine's Fashion Boutique
lalaurs beauty products,0,0,0,0,0,0,0,1,0,0,0,0,1,1,False,False,Lalaurs Beauty Products
lam ay furniture,0,1,0,0,0,0,0,0,0,0,0,0,1,1,False,False,LAM-AY FURNITURE
lamier jewelry,0,0,0,0,0,0,1,0,0,0,0,0,1,1,False,False,Lamier Jewelry
lanas sweet delights,0,0,0,0,0,0,0,0,1,0,0,0,1,1,False,False,LANAS SWEET DELIGHTS
lanchi,0,0,0,0,0,0,0,1,0,0,0,0,1,1,False,False,Lanchi
land bank,0,0,0,0,0,0,0,1,0,0,0,0,1,1,False,False,Land Bank
land registration authority,0,0,0,0,0,0,0,0,1,0,0,0,1,1,False,False,LAND REGISTRATION AUTHORITY
lady grace,0,0,0,1,0,0,0,0,0,0,0,0,1,1,False,False,Lady Grace
lady carat,1,0,0,0,0,0,0,0,0,0,0,0,1,1,False,False,Lady Carat
lady annes tarts & pastries,0,0,0,0,0,0,0,0,1,0,0,0,1,1,False,False,LADY ANNE'S TARTS & PASTRIES
la treats,0,0,0,0,0,0,0,1,0,0,0,0,1,1,False,False,La Treats
la nilad coffee,0,0,0,0,0,0,0,0,1,0,0,0,1,1,False,False,LA NILAD COFFEE
la oriental wellness spa,0,0,0,0,0,0,0,0,1,0,0,0,1,1,False,False,LA ORIENTAL WELLNESS SPA
la perfecta,0,0,0,0,0,0,0,1,0,0,0,0,1,1,False,False,La Perfecta
la perfecta wellness spa,0,0,0,0,0,0,0,1,0,0,0,0,1,1,False,False,La Perfecta Wellness Spa
la provence,0,1,0,0,0,0,0,0,0,0,0,0,1,1,False,False,LA PROVENCE
la rizza clinica dentista,0,0,0,0,0,0,0,1,0,0,0,0,1,1,False,False,La Rizza Clinica Dentista
lab by the eyebrowdery,0,1,0,0,0,0,0,0,0,0,0,0,1,1,False,False,LAB BY THE EYEBROWDERY
lactation treats,0,0,0,0,0,0,0,0,1,0,0,0,1,1,False,False,LACTATION TREATS
lachis,0,0,0,0,0,0,0,0,1,0,0,0,1,1,False,False,LACHIS
lacoste 9173274638,0,0,0,0,0,0,0,1,0,0,0,0,1,1,False,False,Lacoste 9173274638
lacoste footwear,0,0,0,0,0,0,0,0,1,0,0,0,1,1,False,False,LACOSTE FOOTWEAR
lacoste live,0,1,0,0,0,0,0,0,0,0,0,0,1,1,False,False,LACOSTE LIVE
lacoste outlet,0,0,0,0,0,0,0,1,0,0,0,0,1,1,False,False,Lacoste Outlet
lacoste sports,0,1,0,0,0,0,0,0,0,0,0,0,1,1,False,False,LACOSTE SPORTS
kuya js restaurant iguanas,0,0,0,0,0,0,0,0,0,0,0,1,1,1,False,False,KUYA J's Restaurant IGUANAS
kuya j restaurant 0930 403 0259,0,0,0,0,0,0,0,1,0,0,0,0,1,1,False,False,Kuya J Restaurant 0930-403-0259
lander,0,0,0,0,0,0,1,0,0,0,0,0,1,1,False,False,Lander
kogi vegi,0,0,0,0,0,0,0,0,1,0,0,0,1,1,False,False,KOGI VEGI
komoro japanese dining,0,0,0,0,0,0,0,0,1,0,0,0,1,1,False,False,KOMORO JAPANESE DINING
komoro soba,0,0,0,0,0,0,0,0,1,0,0,0,1,1,False,False,KOMORO SOBA
konbini karaage,0,0,0,0,0,0,0,1,0,0,0,0,1,1,False,False,Konbini Karaage
konbini store,0,0,0,0,0,0,0,1,0,0,0,0,1,1,False,False,Konbini Store
kong vr,0,0,1,0,0,0,0,0,0,0,0,0,1,1,False,False,Kong Vr
konsis shawarma,0,0,0,0,0,0,0,0,0,0,0,1,1,1,False,False,KONSI'S SHAWARMA
konvy,0,0,0,0,0,0,0,1,0,0,0,0,1,1,False,False,KONVY
kooke house pop up store,0,0,0,0,0,0,0,1,0,0,0,0,1,1,False,False,KOOKE HOUSE POP UP STORE
koomi temporarily closed,0,0,0,0,0,0,0,1,0,0,0,0,1,1,False,False,Koomi TEMPORARILY CLOSED
kopi by jims recipe,0,0,0,0,0,0,1,0,0,0,0,0,1,1,False,False,Kopi by Jim's Recipe
koreana look,0,0,0,0,0,0,0,1,0,0,0,0,1,1,False,False,KOREANA LOOK
korn,0,0,0,0,0,0,0,1,0,0,0,0,1,1,False,False,KORN
korte,0,0,0,0,0,0,0,1,0,0,0,0,1,1,False,False,Korte
korte ni bella mechanica,0,0,0,0,0,0,0,1,0,0,0,0,1,1,False,False,KORTE NI BELLA MECHANICA
kosmetikos center,0,0,0,0,1,0,0,0,0,0,0,0,1,1,False,False,Kosmetikos Center
koi,0,0,0,0,0,1,0,0,0,0,0,0,1,1,False,False,Koi
kodak,0,0,0,0,1,0,0,0,0,0,0,0,1,1,False,False,Kodak
kuya berts pares house,0,0,0,0,0,0,0,1,0,0,0,0,1,1,False,False,KUYA BERT'S PARES HOUSE
kochi cafe,0,0,0,0,0,0,0,0,1,0,0,0,1,1,False,False,KOCHI CAFE
kitchenaid experience center,0,0,0,0,0,0,0,0,1,0,0,0,1,1,False,False,KITCHENAID EXPERIENCE CENTER
kitchentable by bng,0,0,0,0,0,0,0,0,1,0,0,0,1,1,False,False,KITCHENTABLE BY BnG
kitchn,0,0,0,0,0,0,0,0,1,0,0,0,1,1,False,False,THE KITCHN
kiwami,0,1,0,0,0,0,0,0,0,0,0,0,1,1,False,False,KIWAMI
kizuna,0,0,0,0,0,0,0,1,0,0,0,0,1,1,False,False,Kizuna
kizzashi loading,0,0,0,0,1,0,0,0,0,0,0,0,1,1,False,False,Kizzashi Loading
klad,1,0,0,0,0,0,0,0,0,0,0,0,1,1,False,False,Klad
kleen o matic,0,0,0,0,0,0,0,0,0,0,1,0,1,1,False,False,Kleen O Matic
klen laundromat,0,0,0,0,0,1,0,0,0,0,0,0,1,1,False,False,Klen Laundromat
klm advanced dental center,0,0,0,0,0,0,0,1,0,0,0,0,1,1,False,False,KLM Advanced Dental Center
klm dental,0,0,0,0,0,0,0,0,0,0,1,0,1,1,False,False,KLM Dental
knc printz,0,0,0,0,0,0,0,0,1,0,0,0,1,1,False,False,KNC PRINTZ
knd fonehaus,0,0,0,0,0,0,0,1,0,0,0,0,1,1,False,False,KND Fonehaus
knead brew bakery cafe,0,0,0,0,0,0,0,0,1,0,0,0,1,1,False,False,KNEAD BREW BAKERY CAFÉ
kobe clinic,0,0,1,0,0,0,0,0,0,0,0,0,1,1,False,False,Kobe Clinic
kowloon house jr,0,1,0,0,0,0,0,0,0,0,0,0,1,1,False,False,"KOWLOON HOUSE, JR."
kraken takoyaki,0,0,0,0,0,1,0,0,0,0,0,0,1,1,False,False,Kraken Takoyaki
krapow,0,0,0,0,0,0,0,0,1,0,0,0,1,1,False,False,KRAPOW
krazy mushroom,0,0,0,0,0,1,0,0,0,0,0,0,1,1,False,False,Krazy Mushroom
kuletz,0,0,0,0,0,0,0,1,0,0,0,0,1,1,False,False,Kuletz
kumon 0933 856 9315,0,0,0,0,0,0,0,1,0,0,0,0,1,1,False,False,KUMON 0933-856-9315
kumon robinsons otis center,0,0,0,0,0,0,0,1,0,0,0,0,1,1,False,False,KUMON ROBINSONS OTIS CENTER
kumpares,0,1,0,0,0,0,0,0,0,0,0,0,1,1,False,False,KUMPARES
kung fu master cooking,0,0,0,0,0,1,0,0,0,0,0,0,1,1,False,False,Kung Fu Master Cooking
kuppa coffee tea,0,0,0,0,0,0,0,0,1,0,0,0,1,1,False,False,KUPPA COFFEE TEA
kurbang lokal,0,0,0,0,0,1,0,0,0,0,0,0,1,1,False,False,Kurbang Lokal
kureji,0,0,0,0,0,0,0,0,1,0,0,0,1,1,False,False,KUREJI
kurimi,0,0,0,0,0,0,0,1,0,0,0,0,1,1,False,False,KURIMI
kusina manyaman,0,0,0,0,0,0,0,0,1,0,0,0,1,1,False,False,KUSINA MANYAMAN
kusina ni sendang,0,0,0,0,0,0,0,0,1,0,0,0,1,1,False,False,KUSINA NI SENDANG
kusina tsina,0,0,0,0,0,0,0,0,1,0,0,0,1,1,False,False,KUSINA TSINA
kusinang pinoy 0955 623 4688,0,0,0,0,0,0,0,1,0,0,0,0,1,1,False,False,KUSINANG PINOY 0955-623-4688
kuv derma clinic ca exhibits,0,0,0,0,0,0,0,0,0,0,0,1,1,1,False,False,KUV DERMA CLINIC CA EXHIBITS ( PROPERTY PRO )
kuv derma clinic expansion fegis ii,0,0,0,0,0,0,0,0,0,0,0,1,1,1,False,False,KUV DERMA CLINIC EXPANSION FEGI'S II
kukugalbi restaurant,0,0,0,0,0,0,0,0,1,0,0,0,1,1,False,False,KUKUGALBI RESTAURANT
kuka,0,0,0,0,0,0,0,0,1,0,0,0,1,1,False,False,KUKA
kublai khan,0,1,0,0,0,0,0,0,0,0,0,0,1,1,False,False,KUBLAI KHAN
krizie ice jelly,0,0,0,0,0,0,0,0,1,0,0,0,1,1,False,False,KRIZIE ICE JELLY
krispy ice cream,0,0,0,0,0,0,0,0,1,0,0,0,1,1,False,False,KRISPY ICE CREAM
krispy kreme 9190819300,0,0,0,0,0,0,0,1,0,0,0,0,1,1,False,False,Krispy Kreme 9190819300
kristenzz,0,0,0,0,0,0,0,1,0,0,0,0,1,1,False,False,Kristenzz
kristenzz open,0,0,0,0,0,0,0,1,0,0,0,0,1,1,False,False,Kristenzz OPEN
kristine,0,0,0,0,0,0,0,0,1,0,0,0,1,1,False,False,KRISTINE
kristine jewellery,0,0,0,0,0,1,0,0,0,0,0,0,1,1,False,False,Kristine Jewellery
kskin,0,0,0,0,0,0,1,0,0,0,0,0,1,1,False,False,Kskin
kuanzhai alley,0,0,0,0,0,0,0,0,0,0,1,0,1,1,False,False,KUANZHAI ALLEY
ksl beauty products,0,0,0,0,0,0,0,1,0,0,0,0,1,1,False,False,KSL BEAUTY PRODUCTS
ksyn fitness gym,0,0,0,0,0,1,0,0,0,0,0,0,1,1,False,False,KSYN Fitness Gym
kt drinks,0,0,0,0,0,0,0,1,0,0,0,0,1,1,False,False,KT Drinks
ktlystph clothings,0,0,0,0,0,0,1,0,0,0,0,0,1,1,False,False,Ktlystph Clothings
ktv playbox,0,0,0,1,0,0,0,0,0,0,0,0,1,1,False,False,KTV PLAYBOX
kuanzhai,0,0,0,0,0,0,0,0,0,0,1,0,1,1,False,False,KUANZHAI
landcell,0,0,0,0,0,0,1,0,0,0,0,0,1,1,False,False,Landcell
landers,0,0,0,0,0,1,0,0,0,0,0,0,1,1,False,False,Landers
kitchen table,0,0,0,0,0,0,1,0,0,0,0,0,1,1,False,False,Kitchen Table
lemon jess,0,0,0,0,0,0,0,0,1,0,0,0,1,1,False,False,LEMON JESS
lemon made,0,0,0,0,0,0,0,1,0,0,0,0,1,1,False,False,LEMON MADE
lemon pa more,0,0,0,0,0,0,0,1,0,0,0,0,1,1,False,False,Lemon Pa More
lemon station,0,0,0,0,0,0,0,1,0,0,0,0,1,1,False,False,Lemon Station
lemon twist,0,0,0,0,0,0,0,1,0,0,0,0,1,1,False,False,LEMON TWIST
lemon zone,0,0,0,0,0,0,0,1,0,0,0,0,1,1,False,False,Lemon Zone
lemonaze,0,0,0,0,0,0,0,0,1,0,0,0,1,1,False,False,LEMONAZE
lemoncha,0,0,0,0,0,1,0,0,0,0,0,0,1,1,False,False,Lemoncha
lemonjuju,0,0,0,0,0,0,0,1,0,0,0,0,1,1,False,False,Lemonjuju
lemonzest,0,0,0,0,0,0,0,0,1,0,0,0,1,1,False,False,LEMONZEST
lemonzilla,0,0,0,0,1,0,0,0,0,0,0,0,1,1,False,False,Lemonzilla
lemonzilla freshly squeezed lemonade,0,0,0,0,0,0,0,0,1,0,0,0,1,1,False,False,LEMONZILLA FRESHLY SQUEEZED LEMONADE
lenin computer systems inc,0,0,0,0,0,0,0,0,1,0,0,0,1,1,False,False,LENIN COMPUTER SYSTEMS INC
lens crafter shop,0,0,0,0,0,0,0,0,1,0,0,0,1,1,False,False,THE LENS CRAFTER SHOP
lenslab eyecare specialist,0,0,0,0,0,0,0,1,0,0,0,0,1,1,False,False,Lenslab EyeCare Specialist
leo dosirak,0,0,0,0,0,0,0,0,1,0,0,0,1,1,False,False,LEO DOSIRAK
lemon life,0,0,0,0,0,0,0,1,0,0,0,0,1,1,False,False,Lemon Life
lemon jar samgyeopsalemon,0,0,0,0,0,0,0,0,1,0,0,0,1,1,False,False,LEMON JAR SAMGYEOPSALEMON
ledesma audiological center,0,0,0,0,0,0,0,0,1,0,0,0,1,1,False,False,LEDESMA AUDIOLOGICAL CENTER
lemon hub sunsai,0,0,0,0,0,0,0,1,0,0,0,0,1,1,False,False,LEMON HUB SUNSAI
lee wrangler us polo,1,0,0,0,0,0,0,0,0,0,0,0,1,1,False,False,LEE / WRANGLER / US POLO
legrand,0,0,0,0,0,0,1,0,0,0,0,0,1,1,False,False,Legrand
leica,0,1,0,0,0,0,0,0,0,0,0,0,1,1,False,False,LEICA
leisure hopper,0,0,1,0,0,0,0,0,0,0,0,0,1,1,False,False,Leisure Hopper
lemeur,0,0,0,0,0,0,1,0,0,0,0,0,1,1,False,False,Lemeur
lemon 101,0,1,0,0,0,0,0,0,0,0,0,0,1,1,False,False,LEMON 101
lemon blend 9959386824,0,0,0,0,0,0,0,1,0,0,0,0,1,1,False,False,Lemon Blend 9959386824
lemon burst,0,0,0,0,0,0,0,1,0,0,0,0,1,1,False,False,Lemon Burst
lemon cali,0,0,0,0,0,0,0,0,1,0,0,0,1,1,False,False,LEMON CALI
lemon co 0920 952 8907,0,0,0,0,0,0,0,1,0,0,0,0,1,1,False,False,THE LEMON CO. 0920-952-8907
lemon co juicery,0,0,0,0,0,0,0,0,1,0,0,0,1,1,False,False,THE LEMON CO JUICERY
lemon dew,0,0,0,0,0,0,0,0,1,0,0,0,1,1,False,False,LEMON DEW
lemon drop,0,0,0,0,0,0,0,1,0,0,0,0,1,1,False,False,LEMON DROP
lemon express,0,0,1,0,0,0,0,0,0,0,0,0,1,1,False,False,Lemon Express
lemon greens,0,0,0,0,0,0,0,0,1,0,0,0,1,1,False,False,LEMON GREENS
leo pizza,0,0,0,0,0,0,0,0,1,0,0,0,1,1,False,False,LEO PIZZA
leondell,0,0,0,0,0,0,0,0,0,0,0,1,1,1,False,False,LEONDELL
leonora p carreon,0,0,0,0,0,0,0,0,0,0,0,1,1,1,False,False,LEONORA P. CARREON
lessive laundromat,0,0,0,0,0,0,0,1,0,0,0,0,1,1,False,False,Lessive Laundromat
li am dimsum,0,0,0,0,0,0,0,1,0,0,0,0,1,1,False,False,LI AM DIMSUM
li ning,0,1,0,0,0,0,0,0,0,0,0,0,1,1,False,False,LI-NING
liam cars,0,0,0,0,0,0,0,1,0,0,0,0,1,1,False,False,Liam Cars
liams & louis gourmet,0,0,0,0,0,0,1,0,0,0,0,0,1,1,False,False,Liam's & Louis Gourmet
liberty diamonds,0,0,0,0,0,0,0,0,0,0,1,0,1,1,False,False,Liberty Diamonds
licanto food corner,0,0,0,0,0,0,0,1,0,0,0,0,1,1,False,False,LICANTO FOOD CORNER (
licanto takoyaki,0,0,0,0,0,0,0,1,0,0,0,0,1,1,False,False,LICANTO TAKOYAKI
liege manila,0,0,1,0,0,0,0,0,0,0,0,0,1,1,False,False,Liege Manila
liempao goto king tapa king bbq,0,0,0,0,0,0,0,0,0,0,0,1,1,1,False,False,LIEMPAO/GOTO KING/TAPA KING/ BBQ
life 4 cuts,0,0,0,0,0,0,0,1,0,0,0,0,1,1,False,False,LIFE 4 CUTS
life extension,0,0,0,0,0,0,0,0,1,0,0,0,1,1,False,False,LIFE EXTENSION
life extension by confluence health and wellness products,0,0,0,0,0,0,0,0,1,0,0,0,1,1,False,False,LIFE EXTENSION BY CONFLUENCE HEALTH AND WELLNESS PRODUCTS
life for cuts,0,0,0,0,0,0,0,1,0,0,0,0,1,1,False,False,LIFE FOR CUTS
life n arts,0,1,0,0,0,0,0,0,0,0,0,0,1,1,False,False,LIFE ‘N ARTS
lifecycle,0,0,0,0,0,0,1,0,0,0,0,0,1,1,False,False,Lifecycle
lhuillier,0,0,0,0,0,0,0,0,0,0,0,1,1,1,False,False,LHUILLIER
lgd key shop,0,0,0,0,0,0,0,1,0,0,0,0,1,1,False,False,LGD KEY SHOP
lg sony ericson,0,0,0,0,1,0,0,0,0,0,0,0,1,1,False,False,LG/Sony Ericson
leylam shawarma 0917 133 3896,0,0,0,0,0,0,0,1,0,0,0,0,1,1,False,False,LEYLAM SHAWARMA 0917-133-3896
lets face it going straight,0,0,0,0,0,0,0,0,1,0,0,0,1,1,False,False,LETS FACE IT GOING STRAIGHT
letterbee,0,0,0,0,0,0,0,0,1,0,0,0,1,1,False,False,LETTERBEE
levie lifestyle clinic,0,0,0,0,0,0,0,0,1,0,0,0,1,1,False,False,LEVIE LIFESTYLE CLINIC
levis 5216 563,0,0,0,0,0,0,0,1,0,0,0,0,1,1,False,False,Levi's 5216-563
lexstar graphics arts,0,0,1,0,0,0,0,0,0,0,0,0,1,1,False,False,Lexstar Graphics Arts
leylam 0933 816 0784,0,0,0,0,0,0,0,1,0,0,0,0,1,1,False,False,LEYLAM 0933-816-0784
leylam shawarma 9431413157,0,0,0,0,0,0,0,1,0,0,0,0,1,1,False,False,LEYLAM SHAWARMA (NEW) 9431413157
lg,0,0,0,0,0,0,0,0,1,0,0,0,1,1,False,False,LG
leylams shawarma,0,0,0,0,0,0,0,1,0,0,0,0,1,1,False,False,Leylam's Shawarma
leysa,0,0,1,0,0,0,0,0,0,0,0,0,1,1,False,False,Leysa
leyte paperworld,0,0,0,0,0,0,0,0,1,0,0,0,1,1,False,False,LEYTE PAPERWORLD
lfafa enteprise,0,0,0,0,0,0,0,1,0,0,0,0,1,1,False,False,Lfafa Enteprise
lfafa enterprises,0,0,0,0,0,0,0,1,0,0,0,0,1,1,False,False,Lfafa Enterprises
lfafa massage chair,0,0,0,1,0,0,0,0,0,0,0,0,1,1,False,False,Lfafa Massage Chair
lee eun young nature care center,0,0,0,0,0,0,0,0,1,0,0,0,1,1,False,False,LEE EUN YOUNG NATURE CARE CENTER
lechoneria,0,0,0,0,0,0,0,1,0,0,0,0,1,1,False,False,Lechoneria
landmark banks,0,1,0,0,0,0,0,0,0,0,0,0,1,1,False,False,LANDMARK - BANKS
lashgasm,0,0,0,0,0,0,0,0,1,0,0,0,1,1,False,False,LASHGASM
lasquite dental and medical clinic,0,0,0,0,0,0,0,0,1,0,0,0,1,1,False,False,LASQUITE DENTAL AND MEDICAL CLINIC
last scoop ice cream,0,0,0,0,0,0,0,0,1,0,0,0,1,1,False,False,LAST SCOOP ICE CREAM
laundry district,0,0,0,0,0,1,0,0,0,0,0,0,1,1,False,False,The Laundry District
laundry room,0,0,0,0,0,0,0,0,1,0,0,0,1,1,False,False,THE LAUNDRY ROOM
laundrybest,0,0,0,0,0,0,0,0,1,0,0,0,1,1,False,False,LAUNDRYBEST
laundryhood,0,1,0,0,0,0,0,0,0,0,0,0,1,1,False,False,LAUNDRYHOOD
lavin enterprises,0,0,0,0,1,0,0,0,0,0,0,0,1,1,False,False,Lavin Enterprises
laxare nail & day spa,0,0,1,0,0,0,0,0,0,0,0,0,1,1,False,False,Laxare Nail & Day Spa
1,0,0,0,0,0,0,0,1,0,0,0,0,1,1,False,False,1
lay bare 8477 3532 0922 872 3648,0,0,0,0,0,0,0,1,0,0,0,0,1,1,False,False,LAY BARE ((02) 8477-3532 / 0922-872-3648)
laybare plus,0,0,0,0,0,0,0,1,0,0,0,0,1,1,False,False,LAYBARE PLUS
lazboy,0,1,0,0,0,0,0,0,0,0,0,0,1,1,False,False,LAZBOY
lazer arena,0,0,0,0,0,0,0,0,1,0,0,0,1,1,False,False,LAZER ARENA
lazer musical instruments,0,1,0,0,0,0,0,0,0,0,0,0,1,1,False,False,LAZER MUSICAL INSTRUMENTS
lazer xtreme,0,1,0,0,0,0,0,0,0,0,0,0,1,1,False,False,LAZER XTREME
lashious,0,0,0,0,0,0,0,0,1,0,0,0,1,1,False,False,LASHIOUS
lash lounge,0,0,0,0,0,0,0,1,0,0,0,0,1,1,False,False,LASH LOUNGE
lechon king toppings,0,0,0,0,1,0,0,0,0,0,0,0,1,1,False,False,Lechon King Toppings
laserase md,0,0,0,0,0,0,0,1,0,0,0,0,1,1,False,False,Laserase MD
landmark department store,0,0,1,0,0,0,0,0,0,0,0,0,1,1,False,False,Landmark Department Store
landmark supermarket,0,0,1,0,0,0,0,0,0,0,0,0,1,1,False,False,Landmark Supermarket
lanuza dental clinic,0,0,0,0,0,0,0,0,0,0,0,1,1,1,False,False,LANUZA DENTAL CLINIC
lao taipei,0,0,0,0,0,0,1,0,0,0,0,0,1,1,False,False,Lao Taipei
lapid dental clinic,0,0,0,0,0,0,0,1,0,0,0,0,1,1,False,False,Lapid Dental Clinic
lapids chicharon,0,0,0,0,0,0,0,0,0,0,0,1,1,1,False,False,LAPID'S CHICHARON
lapilar jewellery,0,1,0,0,0,0,0,0,0,0,0,0,1,1,False,False,LAPILAR JEWELLERY
laptop expert,0,0,0,0,0,0,0,0,1,0,0,0,1,1,False,False,THE LAPTOP EXPERT
laragway,0,0,1,0,0,0,0,0,0,0,0,0,1,1,False,False,Laragway
large screen format,0,0,0,0,0,0,0,0,1,0,0,0,1,1,False,False,LARGE SCREEN FORMAT
larichie pasalubong,0,0,0,0,0,0,0,1,0,0,0,0,1,1,False,False,Larichie Pasalubong
larrazabal eye,0,0,0,0,0,0,0,0,1,0,0,0,1,1,False,False,LARRAZABAL EYE
las fresas,0,0,0,0,0,0,0,1,0,0,0,0,1,1,False,False,LAS FRESAS
laser madness,0,0,1,0,0,0,0,0,0,0,0,0,1,1,False,False,Laser Madness
laserase m d,0,0,0,0,0,0,0,0,0,0,1,0,1,1,False,False,Laserase M.D.
lazerarena,0,0,0,0,0,0,0,0,1,0,0,0,1,1,False,False,LAZERARENA
lazy panda massage chair,0,0,0,0,0,0,0,1,0,0,0,0,1,1,False,False,LAZY PANDA MASSAGE CHAIR
lbc 0917 854 3822,0,0,0,0,0,0,0,1,0,0,0,0,1,1,False,False,LBC 0917 854 3822
lbc 9178503089,0,0,0,0,0,0,0,1,0,0,0,0,1,1,False,False,LBC 9178503089
le salon de coiffure,0,0,0,0,0,0,0,1,0,0,0,0,1,1,False,False,Le Salon De Coiffure
le sucre lab 9456540068,0,0,0,0,0,0,0,1,0,0,0,0,1,1,False,False,Le Sucre Lab 9456540068
le temps,0,0,0,0,0,1,0,0,0,0,0,0,1,1,False,False,Le Temps
le temps pandora,0,0,0,0,0,0,0,0,1,0,0,0,1,1,False,False,LE TEMPS PANDORA
le vibe ph,0,0,0,0,0,0,0,1,0,0,0,0,1,1,False,False,LE VIBE PH
lea salon,0,0,0,0,0,1,0,0,0,0,0,0,1,1,False,False,LEA Salon
leap grip,0,0,1,0,0,0,0,0,0,0,0,0,1,1,False,False,Leap Grip
learning hub,0,0,1,0,0,0,0,0,0,0,0,0,1,1,False,False,Learning Hub
learning jungle,0,0,0,0,0,1,0,0,0,0,0,0,1,1,False,False,Learning Jungle
leaveland b club zar clothing collection,0,0,0,0,0,0,0,0,0,0,0,1,1,1,False,False,LEAVELAND/ B CLUB ZAR CLOTHING COLLECTION
leaveland boutique mobile planet,0,0,0,0,0,0,0,0,0,0,0,1,1,1,False,False,Leaveland Boutique MOBILE PLANET
lechon belly kitchen salo,0,0,0,0,0,0,1,0,0,0,0,0,1,1,False,False,Lechon Belly Kitchen/Salo
lechon factory,0,0,0,0,0,0,0,0,0,1,0,0,1,1,False,False,LECHON FACTORY
lechon h,0,0,0,0,0,0,0,0,1,0,0,0,1,1,False,False,LECHON H
lechon house,0,0,0,0,0,0,0,1,0,0,0,0,1,1,False,False,LECHON HOUSE
le petit bouquet manille,0,0,0,0,0,0,0,0,1,0,0,0,1,1,False,False,LE PETIT BOUQUET MANILLE
le petit bizu 9062284170,0,0,0,0,0,0,0,1,0,0,0,0,1,1,False,False,Le Petit Bizu 9062284170
le katsu mnl street katsu,0,0,0,0,0,0,0,0,1,0,0,0,1,1,False,False,LE KATSU MNL STREET KATSU
lca cellphone & accessories,0,0,0,0,0,0,0,1,0,0,0,0,1,1,False,False,LCA Cellphone & Accessories
lbc express inc,0,0,0,0,0,0,0,1,0,0,0,0,1,1,False,False,"LBC Express, Inc."
lbc express inc siopao house,0,0,0,0,0,0,0,0,0,0,0,1,1,1,False,False,"LBC EXPRESS, INC. SIOPAO HOUSE"
lbc express just gift incorporated,0,0,0,0,0,0,0,0,0,0,0,1,1,1,False,False,LBC EXPRESS JUST GIFT INCORPORATED
lbc jcm exhibit depot,0,0,0,0,0,0,0,0,0,0,0,1,1,1,False,False,LBC JCM Exhibit Depot
lbc mr quickie,0,0,0,0,0,0,0,0,0,0,0,1,1,1,False,False,"LBC, MR. QUICKIE"
lbc step up,0,0,0,0,0,0,0,0,0,0,0,1,1,1,False,False,LBC STEP UP
ldm driving institute,0,0,0,0,0,0,0,0,1,0,0,0,1,1,False,False,LDM DRIVING INSTITUTE
le katsu manila,0,0,0,0,0,0,0,1,0,0,0,0,1,1,False,False,LE KATSU MANILA
ldm driving institute inc,0,0,0,0,0,0,0,1,0,0,0,0,1,1,False,False,LDM DRIVING INSTITUTE INC.
le cafe temporarily closed,0,0,0,0,0,0,0,1,0,0,0,0,1,1,False,False,LE CAFE TEMPORARILY CLOSED
le ching tea house,0,0,0,0,0,0,1,0,0,0,0,0,1,1,False,False,Le Ching Tea House
le derion flowers,0,0,0,0,0,0,0,0,1,0,0,0,1,1,False,False,LE DERION FLOWERS
le dessert,0,0,0,0,0,0,0,1,0,0,0,0,1,1,False,False,Le Dessert
le katsu 0917 318 0560,0,0,0,0,0,0,0,1,0,0,0,0,1,1,False,False,LE KATSU 0917-318-0560
kitchenaid,0,1,0,0,0,0,0,0,0,0,0,0,1,1,False,False,KITCHENAID
kitchen by the coffee bean tea leaf,0,0,0,0,0,0,0,0,1,0,0,0,1,1,False,False,KITCHEN BY THE COFFEE BEAN TEA LEAF
jgr drug testing and medical center,0,0,0,0,0,0,0,1,0,0,0,0,1,1,False,False,JGR Drug Testing And Medical Center
juan spa,0,0,0,0,0,0,0,0,0,0,0,1,1,1,False,False,JUAN SPA
juana stick,0,0,0,0,0,0,0,0,0,0,0,1,1,1,False,False,Juana Stick
juander buko,0,0,0,0,0,0,0,1,0,0,0,0,1,1,False,False,Juander Buko
juanitos buko station,0,0,1,0,0,0,0,0,0,0,0,0,1,1,False,False,Juanito’s Buko Station
jubilum cellphone repair hub,0,0,0,0,0,0,0,0,1,0,0,0,1,1,False,False,JUBILUM CELLPHONE REPAIR HUB
juddies bulalohan,0,0,0,0,0,0,0,0,1,0,0,0,1,1,False,False,JUDDIES BULALOHAN
judes ticketing agency,0,0,0,0,0,0,0,0,1,0,0,0,1,1,False,False,JUDES TICKETING AGENCY
juevens,0,0,0,0,0,0,0,0,1,0,0,0,1,1,False,False,Jueven's
juevens 3 season,0,0,0,0,0,0,0,1,0,0,0,0,1,1,False,False,Jueven's 3 Season (TEMPORARILY CLOSED)
juevens bibingka,0,0,0,0,0,0,0,1,0,0,0,0,1,1,False,False,JUEVENS BIBINGKA
juice boost,0,0,0,0,0,0,0,0,1,0,0,0,1,1,False,False,JUICE BOOST
juice cubi,0,0,0,0,0,0,0,0,1,0,0,0,1,1,False,False,JUICE CUBI
juicery natureal,0,0,0,0,1,0,0,0,0,0,0,0,1,1,False,False,Juicery Natureal
juicery natureal juice central,0,0,0,0,1,0,0,0,0,0,0,0,1,1,False,False,Juicery Natureal Juice Central
juices shakes by thirsty,0,0,0,0,0,0,0,0,1,0,0,0,1,1,False,False,JUICES SHAKES BY THIRSTY
juicy lemon,0,0,0,0,0,0,0,1,0,0,0,0,1,1,False,False,Juicy Lemon
juan whey,0,0,0,0,0,1,0,0,0,0,0,0,1,1,False,False,Juan Whey
jts manukan grille,0,1,0,0,0,0,0,0,0,0,0,0,1,1,False,False,JT'S MANUKAN GRILLE
jose filipino kitchen,0,0,0,0,0,0,0,0,1,0,0,0,1,1,False,False,JOSE FILIPINO KITCHEN
jtech cellphone,0,0,0,0,0,0,0,0,1,0,0,0,1,1,False,False,JTECH CELLPHONE
journey to australia,0,0,0,0,0,0,0,1,0,0,0,0,1,1,False,False,Journey to Australia
joy bakes,0,0,0,0,0,0,0,1,0,0,0,0,1,1,False,False,Joy Bakes
joy juice,0,0,0,0,0,1,0,0,0,0,0,0,1,1,False,False,Joy Juice
joylee curtains,0,0,0,0,1,0,0,0,0,0,0,0,1,1,False,False,Joylee Curtains
jp sabater,0,0,1,0,0,0,0,0,0,0,0,0,1,1,False,False,Jp Sabater
jpy juan,0,0,0,0,0,0,0,1,0,0,0,0,1,1,False,False,JPY Juan
jr jump,0,0,0,0,0,0,0,1,0,0,0,0,1,1,False,False,JR. JUMP
jr techno stuff enterprise mini gem exhibit 6,0,0,0,0,0,0,0,0,0,0,0,1,1,1,False,False,JR TECHNO STUFF ENTERPRISE MINI GEM EXHIBIT #6 ( BETWEEN PAPA PRINTS )
jrm,0,0,0,0,0,0,0,1,0,0,0,0,1,1,False,False,JRM
js diamond jewellery,0,0,0,0,0,0,0,0,1,0,0,0,1,1,False,False,JS DIAMOND JEWELLERY
js marketing,0,0,0,0,1,0,0,0,0,0,0,0,1,1,False,False,JS Marketing
js mobile,0,0,0,0,1,0,0,0,0,0,0,0,1,1,False,False,JS Mobile
jsp mobile,0,0,0,0,1,0,0,0,0,0,0,0,1,1,False,False,JSP Mobile
jt diaz mobile hub,0,0,0,0,1,0,0,0,0,0,0,0,1,1,False,False,JT Diaz Mobile Hub
jte health massage,0,0,0,0,0,0,0,0,1,0,0,0,1,1,False,False,JTE HEALTH MASSAGE
jujuice fruity blendz fruit juice bar,0,0,0,0,0,0,0,1,0,0,0,0,1,1,False,False,JUJUICE FRUITY BLENDZ FRUIT JUICE BAR
julian eatery,0,0,0,0,0,0,0,1,0,0,0,0,1,1,False,False,Julian Eatery
juliana,0,1,0,0,0,0,0,0,0,0,0,0,1,1,False,False,JULIANA
julien and jorel,0,0,1,0,0,0,0,0,0,0,0,0,1,1,False,False,Julien And Jorel
k & co,0,0,0,0,0,0,0,0,1,0,0,0,1,1,False,False,K & CO
k & f accessories,0,0,0,0,0,0,0,1,0,0,0,0,1,1,False,False,K & F ACCESSORIES
k beauty & skin clinic,0,0,0,0,0,0,0,1,0,0,0,0,1,1,False,False,K Beauty & Skin Clinic
k blossom beauty studio company,0,0,0,0,0,0,0,0,1,0,0,0,1,1,False,False,K BLOSSOM BEAUTY STUDIO COMPANY
k cotton fries,0,0,0,0,1,0,0,0,0,0,0,0,1,1,False,False,K Cotton Fries
k less baby needs 4less,0,0,0,0,0,0,0,1,0,0,0,0,1,1,False,False,K-Less Baby Needs 4Less
k po food mart,0,0,0,0,0,1,0,0,0,0,0,0,1,1,False,False,K-PO Food Mart
k s i,0,0,0,0,0,0,0,0,1,0,0,0,1,1,False,False,K S I
k street ph,0,0,0,0,0,0,0,1,0,0,0,0,1,1,False,False,K-Street PH
k z one mobile gadgets repair & services,0,0,0,0,0,0,0,1,0,0,0,0,1,1,False,False,K.Z. One Mobile Gadgets Repair & Services
k&company,0,0,0,0,0,0,0,1,0,0,0,0,1,1,False,False,K&COMPANY
kaban,0,0,0,0,0,0,0,1,0,0,0,0,1,1,False,False,Kaban
kadiwa public market,0,0,0,0,0,0,0,0,1,0,0,0,1,1,False,False,KADIWA PUBLIC MARKET
kadlagan climbing equipment,0,0,0,0,0,0,0,0,1,0,0,0,1,1,False,False,KADLAGAN CLIMBING EQUIPMENT
kaffa haus,0,0,0,0,0,0,0,1,0,0,0,0,1,1,False,False,The Kaffa Haus
jyusu 0907 654 1144,0,0,0,0,0,0,0,1,0,0,0,0,1,1,False,False,JYUSU 0907-654-1144
jwls n chrms,0,0,0,0,0,0,0,1,0,0,0,0,1,1,False,False,JWLS N CHRMS
jvr,0,0,0,0,0,0,0,1,0,0,0,0,1,1,False,False,JVR
junliz,0,0,0,0,0,0,0,1,0,0,0,0,1,1,False,False,Junliz
julies food house,0,0,0,0,0,1,0,0,0,0,0,0,1,1,False,False,Julie's Food House
julsche cellphone accessories,0,0,0,0,0,0,0,1,0,0,0,0,1,1,False,False,Julsche Cellphone Accessories
julshe cellphone accessories,0,0,0,0,0,0,0,1,0,0,0,0,1,1,False,False,JULSHE CELLPHONE ACCESSORIES
jumbo meals,0,0,0,0,1,0,0,0,0,0,0,0,1,1,False,False,Jumbo Meals
jump for joy,0,1,0,0,0,0,0,0,0,0,0,0,1,1,False,False,JUMP FOR JOY
june eatery,0,0,0,0,0,1,0,0,0,0,0,0,1,1,False,False,June Eatery
jure documentation and notarial services,0,0,1,0,0,0,0,0,0,0,0,0,1,1,False,False,Jure Documentation And Notarial Services
jveetech,0,0,0,0,0,0,0,0,1,0,0,0,1,1,False,False,JVEETECH
jus jerrys,0,0,0,0,0,0,0,0,1,0,0,0,1,1,False,False,JUS JERRYS
just a minute,0,0,0,0,0,0,0,1,0,0,0,0,1,1,False,False,Just A Minute
just gifts,0,0,0,0,0,0,0,1,0,0,0,0,1,1,False,False,Just Gifts
justgold jewellery,0,0,0,0,0,0,0,0,1,0,0,0,1,1,False,False,JUSTGOLD JEWELLERY
justine eatery,0,0,0,0,0,0,0,1,0,0,0,0,1,1,False,False,Justine Eatery
justines world,0,0,0,0,0,0,0,1,0,0,0,0,1,1,False,False,JUSTINE'S WORLD
joseph drugstore,0,0,0,0,0,0,0,0,0,0,0,1,1,1,False,False,JOSEPH DRUGSTORE
jories art gallery,0,1,0,0,0,0,0,0,0,0,0,0,1,1,False,False,JORIE'S ART GALLERY
kai neo restaurant,0,1,0,0,0,0,0,0,0,0,0,0,1,1,False,False,KAI NEO RESTAURANT
jjcl drug testing,0,0,0,0,0,0,0,0,1,0,0,0,1,1,False,False,JJCL DRUG TESTING
jlo mikro gadget realme,0,0,0,0,1,0,0,0,0,0,0,0,1,1,False,False,Jlo Mikro Gadget / Realme
jlo mobile access,0,0,0,0,1,0,0,0,0,0,0,0,1,1,False,False,Jlo Mobile Access
jlo mobile load hub,0,0,0,0,1,0,0,0,0,0,0,0,1,1,False,False,Jlo Mobile Load Hub
jm peanut world,0,1,0,0,0,0,0,0,0,0,0,0,1,1,False,False,JM PEANUT WORLD
jm shawarama,0,0,0,0,0,0,0,1,0,0,0,0,1,1,False,False,JM Shawarama
jmags,0,0,0,0,0,0,0,1,0,0,0,0,1,1,False,False,Jmags
jmc personalized printing,0,0,1,0,0,0,0,0,0,0,0,0,1,1,False,False,Jmc Personalized Printing
jmg,0,0,0,0,0,1,0,0,0,0,0,0,1,1,False,False,JMG
jmg massage,0,0,0,0,0,0,0,1,0,0,0,0,1,1,False,False,JMG Massage
jmj cellphone 1,0,0,0,0,0,0,0,0,0,0,0,1,1,1,False,False,JMJ CELLPHONE 1
jmn hobby shop,0,0,0,1,0,0,0,0,0,0,0,0,1,1,False,False,JMN Hobby Shop
jmoa,0,0,0,0,0,0,1,0,0,0,0,0,1,1,False,False,JMOA
jms music studio,0,0,1,0,0,0,0,0,0,0,0,0,1,1,False,False,Jms Music Studio
jms watch accessories,0,0,0,0,0,0,0,0,1,0,0,0,1,1,False,False,JMS WATCH ACCESSORIES
jms watch repair,0,0,0,0,0,0,0,0,1,0,0,0,1,1,False,False,JMS WATCH REPAIR
jk grill unlimited k bbq,0,0,1,0,0,0,0,0,0,0,0,0,1,1,False,False,Jk Grill Unlimited K-bbq
jjb hanns,0,0,0,0,0,0,0,1,0,0,0,0,1,1,False,False,JJB Hanns
jorainah footwear smart communications,0,0,0,0,0,0,0,0,0,0,0,1,1,1,False,False,JORAINAH FOOTWEAR SMART COMMUNICATIONS
jjampponggwan,0,0,0,0,0,1,0,0,0,0,0,0,1,1,False,False,JJAMPPONGGWAN
jhs electric shop,0,0,0,0,0,0,0,0,1,0,0,0,1,1,False,False,JHS ELECTRIC SHOP
jian axel sisig station,0,0,0,0,0,0,0,1,0,0,0,0,1,1,False,False,JIAN AXEL SISIG STATION
jian cellshop,0,0,0,0,0,0,0,1,0,0,0,0,1,1,False,False,JIAN CELLSHOP
jiang nan hot pot,0,0,0,0,0,1,0,0,0,0,0,0,1,1,False,False,Jiang Nan Hot Pot
jickongs bbq hauz,0,0,0,0,1,0,0,0,0,0,0,0,1,1,False,False,Jickong's BBQ Hauz
jies temporarily closed,0,0,0,0,0,0,0,1,0,0,0,0,1,1,False,False,Jie's TEMPORARILY CLOSED
jieya & cos jewelry shop,0,0,0,0,0,1,0,0,0,0,0,0,1,1,False,False,Jieya & Co's Jewelry Shop
jig and josh imaging center,0,0,0,0,0,0,0,0,0,0,0,1,1,1,False,False,JIG AND JOSH IMAGING CENTER
jigs & josh imaging center,0,0,0,0,0,0,0,0,0,0,0,1,1,1,False,False,JIGS & JOSH IMAGING CENTER
jimmy choo,0,1,0,0,0,0,0,0,0,0,0,0,1,1,False,False,JIMMY CHOO
jin ju k foods,0,0,0,0,0,0,0,1,0,0,0,0,1,1,False,False,Jin-Ju K Foods
jipan,0,1,0,0,0,0,0,0,0,0,0,0,1,1,False,False,JIPAN
jipan cafe,0,0,0,0,0,0,1,0,0,0,0,0,1,1,False,False,Jipan Cafe
jisu life,0,0,1,0,0,0,0,0,0,0,0,0,1,1,False,False,Jisu Life
jiyu wellness,0,0,0,0,0,0,0,0,1,0,0,0,1,1,False,False,JIYU WELLNESS
jmy foreign exchange,0,0,0,0,0,0,0,1,0,0,0,0,1,1,False,False,JMY Foreign Exchange
jng mobile phone repair services,0,0,0,0,0,0,0,0,1,0,0,0,1,1,False,False,JNG MOBILE PHONE REPAIR SERVICES
jo frango piri piri,0,1,0,0,0,0,0,0,0,0,0,0,1,1,False,False,JO FRANGO PIRI PIRI
joachims steamstick,0,0,0,0,0,0,0,0,1,0,0,0,1,1,False,False,JOACHIMS STEAMSTICK
jollibee 0927 251 7 673,0,0,0,0,0,0,0,1,0,0,0,0,1,1,False,False,JOLLIBEE 0927-251-7 673 (NEW)
jollibee auto sonix watch store,0,0,0,0,0,0,0,0,0,0,0,1,1,1,False,False,Jollibee Auto Sonix Watch Store
jollibee mini gem exhibit,0,0,0,0,0,0,0,0,0,0,0,1,1,1,False,False,JOLLIBEE MINI GEM EXHIBIT (29)
jollibee stockroom,0,0,0,0,0,0,0,0,0,0,0,1,1,1,False,False,JOLLIBEE STOCKROOM
jolos barbershop,0,0,0,0,0,0,0,0,0,0,1,0,1,1,False,False,Jolo's Barbershop
jolyns enterprise,0,0,0,0,0,0,0,1,0,0,0,0,1,1,False,False,JOLYN'S ENTERPRISE (NEW)
jonaima footwear,0,0,0,0,0,0,0,1,0,0,0,0,1,1,False,False,Jonaima Footwear
jonaina footwear dingding mobile,0,0,0,0,0,0,0,0,0,0,0,1,1,1,False,False,JONAINA FOOTWEAR Dingding Mobile
jonaina footwear skk mobile,0,0,0,0,0,0,0,0,0,0,0,1,1,1,False,False,JONAINA FOOTWEAR SKK Mobile
joneco tech,0,0,1,0,0,0,0,0,0,0,0,0,1,1,False,False,Joneco Tech
joniels,0,0,0,0,1,0,0,0,0,0,0,0,1,1,False,False,Joniel's
joniels cake and pastries,0,0,0,0,0,0,0,1,0,0,0,0,1,1,False,False,JONIEL'S CAKE AND PASTRIES
jonies,0,1,0,0,0,0,0,0,0,0,0,0,1,1,False,False,JONIE'S
jons lechon house,0,0,0,0,0,0,0,1,0,0,0,0,1,1,False,False,jon's lechon house
jorainah footwear rcbc,0,0,0,0,0,0,0,0,0,0,0,1,1,1,False,False,JORAINAH FOOTWEAR (Dresses) RCBC
jollibee 0918 907 5260,0,0,0,0,0,0,0,1,0,0,0,0,1,1,False,False,JOLLIBEE 0918-907-5260
jojies painitan central 0916 343 5064,0,0,0,0,0,0,0,1,0,0,0,0,1,1,False,False,JOJIE'S PAINITAN CENTRAL 0916-343-5064
johnyee campsite,0,1,0,0,0,0,0,0,0,0,0,0,1,1,False,False,JOHNYEE CAMPSITE
john & rj cellphone,0,0,0,0,0,0,0,1,0,0,0,0,1,1,False,False,John & RJ Cellphone
joans jewelry shop,0,0,0,0,0,0,0,1,0,0,0,0,1,1,False,False,Joan's Jewelry Shop
joaqui and jacqui cellphone accessories repair,0,0,0,0,0,1,0,0,0,0,0,0,1,1,False,False,Joaqui and Jacqui Cellphone Accessories Repair
jockey satellite,0,0,1,0,0,0,0,0,0,0,0,0,1,1,False,False,Jockey Satellite
joel yu 0917 328 0823 0916 620 1271,0,0,0,0,0,0,0,1,0,0,0,0,1,1,False,False,Joel Yu 0917-328-0823/0916-620-1271
joeys restaurant cafe,0,0,0,0,0,0,0,0,1,0,0,0,1,1,False,False,JOEYS RESTAURANT CAFE
johans pet hub,0,1,0,0,0,0,0,0,0,0,0,0,1,1,False,False,JOHAN’S PET HUB
john and mae key duplication,0,0,0,0,0,0,0,1,0,0,0,0,1,1,False,False,JOHN AND MAE KEY DUPLICATION
johnsons fitness & wellness,0,0,0,0,0,0,1,0,0,0,0,0,1,1,False,False,Johnsons Fitness & Wellness
john briann,0,0,0,0,0,0,0,1,0,0,0,0,1,1,False,False,John Briann
john carl com general merchandise ca exhibits,0,0,0,0,0,0,0,0,0,0,0,1,1,1,False,False,JOHN CARL COM GENERAL MERCHANDISE CA EXHIBITS ( PROPERTY PRO )
john lemon 0977 065 5700,0,0,0,0,0,0,0,1,0,0,0,0,1,1,False,False,JOHN LEMON 0977-065-5700
johnica musical instruments,0,0,0,0,0,0,0,1,0,0,0,0,1,1,False,False,JOHNICA MUSICAL INSTRUMENTS (NEW)
johnnys pizza,0,0,0,0,0,0,0,0,1,0,0,0,1,1,False,False,JOHNNY'S PIZZA
johnri trading,0,0,0,1,0,0,0,0,0,0,0,0,1,1,False,False,Johnri Trading
kai coffee,0,0,0,0,0,0,0,1,0,0,0,0,1,1,False,False,KAI COFFEE
kaila bags ca exhibits,0,0,0,0,0,0,0,0,0,0,0,1,1,1,False,False,KAILA BAGS ( DOUBLE HAPPINESS ENT. ) CA EXHIBITS ( PROPERTY PRO )
kitchen by the coffee bean & tea leaf,0,0,0,0,0,1,0,0,0,0,0,0,1,1,False,False,Kitchen by The Coffee Bean & Tea Leaf
kiddie animal ride,0,0,0,0,0,0,0,1,0,0,0,0,1,1,False,False,KIDDIE ANIMAL RIDE
kiddie club,0,0,0,0,0,1,0,0,0,0,0,0,1,1,False,False,Kiddie Club
kiddie funland,0,0,0,0,0,0,0,1,0,0,0,0,1,1,False,False,Kiddie Funland
kiddie patrol ride,0,0,0,0,0,0,0,1,0,0,0,0,1,1,False,False,KIDDIE PATROL RIDE
kiddie ride,0,0,0,0,0,0,0,1,0,0,0,0,1,1,False,False,KIDDIE RIDE
kiddie rides,0,0,0,0,0,0,0,1,0,0,0,0,1,1,False,False,KIDDIE RIDES
kiddie trampoline,0,0,0,0,0,0,0,0,0,0,0,1,1,1,False,False,KIDDIE TRAMPOLINE
kiddies magic funplay,0,0,0,0,0,0,0,0,1,0,0,0,1,1,False,False,KIDDIES MAGIC FUNPLAY
kiddos playground,0,0,0,0,0,0,0,1,0,0,0,0,1,1,False,False,KIDDOS PLAYGROUND
kids adventure zooffari,0,0,0,0,1,0,0,0,0,0,0,0,1,1,False,False,Kids Adventure / Zooffari
kids at play,0,0,0,0,0,0,0,1,0,0,0,0,1,1,False,False,Kids at Play
kids at play kiddiezone,0,0,0,0,0,0,0,0,1,0,0,0,1,1,False,False,KIDS AT PLAY KIDDIEZONE
kids ink,0,1,0,0,0,0,0,0,0,0,0,0,1,1,False,False,KIDS INK
kids paradise 9101147695,0,0,0,0,0,0,0,1,0,0,0,0,1,1,False,False,Kids Paradise 9101147695
kids playtown,0,0,0,0,0,0,0,1,0,0,0,0,1,1,False,False,KIDS PLAYTOWN
kids venue art play center,0,0,0,0,0,0,0,0,1,0,0,0,1,1,False,False,KIDS VENUE ART PLAY CENTER
kiddie carts,0,0,0,0,0,0,0,0,1,0,0,0,1,1,False,False,KIDDIE CARTS
kid zone,0,1,0,0,0,0,0,0,0,0,0,0,1,1,False,False,KID ZONE
kevins toys and library,0,0,0,0,0,0,0,1,0,0,0,0,1,1,False,False,Kevin's Toys and Library
kid n around,0,0,0,0,0,0,0,1,0,0,0,0,1,1,False,False,Kid n around
key cards,0,0,0,1,0,0,0,0,0,0,0,0,1,1,False,False,Key Cards
key coffee kissaten,0,0,0,0,0,0,0,1,0,0,0,0,1,1,False,False,KEY COFFEE KISSATEN
key express,0,0,0,0,0,0,0,0,1,0,0,0,1,1,False,False,KEY EXPRESS
keyphone cellphone and accessories shop,0,0,0,0,0,0,0,1,0,0,0,0,1,1,False,False,Keyphone Cellphone and Accessories Shop
keys roast firefly,0,0,0,0,0,0,0,0,0,0,0,1,1,1,False,False,KEYS ROAST FIREFLY
keys unlimited and watch repair,0,0,0,0,0,0,0,1,0,0,0,0,1,1,False,False,KEYS UNLIMITED AND WATCH REPAIR
kfc 0917 798 8291,0,0,0,0,0,0,0,1,0,0,0,0,1,1,False,False,KFC 0917-798-8291
kg lcd and battery,0,0,1,0,0,0,0,0,0,0,0,0,1,1,False,False,Kg Lcd And Battery
khai asia pearl,0,0,0,0,0,0,1,0,0,0,0,0,1,1,False,False,Khai Asia Pearl
khay jewelry,0,0,0,0,0,0,0,1,0,0,0,0,1,1,False,False,Khay Jewelry
khay kiddie playhouse,0,0,0,0,0,0,0,1,0,0,0,0,1,1,False,False,KHAY KIDDIE PLAYHOUSE
khua thai,0,0,1,0,0,0,0,0,0,0,0,0,1,1,False,False,Khua Thai
khumbu enterprises inc,0,0,0,0,0,0,0,0,0,0,0,1,1,1,False,False,"KHUMBU ENTERPRISES, INC."
khun thai tea,0,0,0,0,0,0,0,0,1,0,0,0,1,1,False,False,KHUN THAI TEA
kicks factory,0,1,0,0,0,0,0,0,0,0,0,0,1,1,False,False,KICKS FACTORY
kidsneyland play center,0,1,0,0,0,0,0,0,0,0,0,0,1,1,False,False,KIDSNEYLAND PLAY CENTER
kidventure,0,0,0,0,0,0,1,0,0,0,0,0,1,1,False,False,Kidventure
kidvincible theraphy and learning center,0,0,1,0,0,0,0,0,0,0,0,0,1,1,False,False,Kidvincible Theraphy And Learning Center
kidz play,0,0,0,0,0,0,0,1,0,0,0,0,1,1,False,False,KIDZ@PLAY
kings cup blends,0,0,0,0,0,0,0,1,0,0,0,0,1,1,False,False,King's Cup Blends
kings pasalubong,0,0,0,0,0,0,0,1,0,0,0,0,1,1,False,False,KING'S PASALUBONG
kings road veterinary clinic,0,1,0,0,0,0,0,0,0,0,0,0,1,1,False,False,KING'S ROAD VETERINARY CLINIC
kingsmen,0,0,1,0,0,0,0,0,0,0,0,0,1,1,False,False,Kingsmen
kingsmen bespoke,0,0,0,0,0,0,0,0,1,0,0,0,1,1,False,False,KINGSMEN BESPOKE
kio sk,0,0,0,0,0,0,0,1,0,0,0,0,1,1,False,False,KIO SK
kipps chicken,0,0,0,0,0,0,0,0,1,0,0,0,1,1,False,False,KIPPS CHICKEN
kirby telecom,0,0,0,0,0,0,0,0,0,0,0,1,1,1,False,False,KIRBY TELECOM
kirks house of desserts,0,0,0,0,0,0,0,0,1,0,0,0,1,1,False,False,KIRKS HOUSE OF DESSERTS
kirmz b hub,0,0,0,0,0,0,0,0,0,0,1,0,1,1,False,False,Kirm'Z B Hub
kirti telecom,0,0,0,0,1,0,0,0,0,0,0,0,1,1,False,False,Kirti Telecom
kisan lu,0,0,0,0,0,0,0,0,1,0,0,0,1,1,False,False,KISAN LU
kisan lu lands,0,0,0,0,1,0,0,0,0,0,0,0,1,1,False,False,Kisan Lu Lands
kit,0,0,0,0,0,0,1,0,0,0,0,0,1,1,False,False,KIT
kit keeping it together,0,1,0,0,0,0,0,0,0,0,0,0,1,1,False,False,KIT - KEEPING IT TOGETHER
kings chicharon,0,0,0,0,0,0,0,1,0,0,0,0,1,1,False,False,KING'S CHICHARON
king kababs shawarma,0,0,0,0,0,0,0,0,0,0,0,1,1,1,False,False,KING KABAB'S SHAWARMA
king kabab shawarma,0,0,0,0,0,0,0,0,0,0,0,1,1,1,False,False,KING KABAB SHAWARMA
kimi,0,1,0,0,0,0,0,0,0,0,0,0,1,1,False,False,KIMI
kidzia kiddie playground,0,0,0,0,0,0,0,0,1,0,0,0,1,1,False,False,KIDZIA KIDDIE PLAYGROUND
kikai hair salon,0,0,0,0,0,0,0,0,1,0,0,0,1,1,False,False,KIKAI HAIR SALON
kilometer five car care center,0,1,0,0,0,0,0,0,0,0,0,0,1,1,False,False,KILOMETER FIVE CAR CARE CENTER
kim alvin petshop,0,0,0,0,0,0,1,0,0,0,0,0,1,1,False,False,Kim Alvin Petshop
kimbap,0,0,0,0,0,0,0,1,0,0,0,0,1,1,False,False,KImbap
kimbap & bulgogi,0,1,0,0,0,0,0,0,0,0,0,0,1,1,False,False,KIMBAP & BULGOGI
kimizia,0,0,0,0,0,0,0,1,0,0,0,0,1,1,False,False,KIMIZIA
king deli,0,1,0,0,0,0,0,0,0,0,0,0,1,1,False,False,KING DELI
kims silver,0,0,0,0,0,0,0,0,0,0,0,1,1,1,False,False,KIM'S SILVER
kimseamixx food haus,0,0,0,0,0,0,0,0,1,0,0,0,1,1,False,False,KIMSEAMIXX FOOD HAUS
kinder space,0,0,0,0,0,1,0,0,0,0,0,0,1,1,False,False,Kinder Space
kinder space playgroup tutorial center,0,0,0,0,0,0,0,0,1,0,0,0,1,1,False,False,KINDER SPACE PLAYGROUP TUTORIAL CENTER
king bee,0,0,0,0,0,0,0,0,1,0,0,0,1,1,False,False,KING BEE
king chefs seafood restaurant,0,0,0,0,0,1,0,0,0,0,0,0,1,1,False,False,King Chef's Seafood Restaurant
kevlo,0,1,0,0,0,0,0,0,0,0,0,0,1,1,False,False,KEVLO
kettle lorn,0,0,0,0,0,0,0,1,0,0,0,0,1,1,False,False,KETTLE LORN
kain,0,0,0,0,0,0,0,1,0,0,0,0,1,1,False,False,KAIN
kao day & night club,0,0,0,0,0,1,0,0,0,0,0,0,1,1,False,False,KAO Day & Night Club
kape pot,0,0,0,0,0,0,0,0,1,0,0,0,1,1,False,False,KAPE POT
kappu poteto,0,0,0,0,0,0,0,0,1,0,0,0,1,1,False,False,KAPPU POTET’O
karat gold,0,0,0,0,0,0,0,0,1,0,0,0,1,1,False,False,KARAT GOLD
karayama,0,0,0,0,0,0,0,0,1,0,0,0,1,1,False,False,KARAYAMA
kardmoto,0,0,0,0,0,0,0,0,1,0,0,0,1,1,False,False,KARDMOTO
kare,0,0,0,0,0,0,0,0,1,0,0,0,1,1,False,False,KARE
kare 9989557029,0,0,0,0,0,0,0,1,0,0,0,0,1,1,False,False,KARE 9989557029
karels canes,0,0,0,0,0,0,0,0,0,0,0,1,1,1,False,False,KARELS CANES
karen and jay cellphone and accessories,0,0,0,0,0,0,0,1,0,0,0,0,1,1,False,False,KAREN AND JAY CELLPHONE AND ACCESSORIES
kart adventure,0,0,0,0,1,0,0,0,0,0,0,0,1,1,False,False,Kart Adventure
karuizawa shirt,0,1,0,0,0,0,0,0,0,0,0,0,1,1,False,False,KARUIZAWA SHIRT
kashieca 9913318650,0,0,0,0,0,0,0,1,0,0,0,0,1,1,False,False,Kashieca 9913318650
kata dental center matheaus food stall bentelog,0,0,0,0,0,0,0,0,0,0,0,1,1,1,False,False,KATA DENTAL CENTER MATHEAU’S FOOD STALL/ BENTELOG
katamino express repair,0,0,0,0,0,0,0,0,0,0,0,1,1,1,False,False,KATAMINO (TEEZONE) EXPRESS REPAIR (M. Lazo Cellphone Accessories and Repair Clinic)
kate spade,0,1,0,0,0,0,0,0,0,0,0,0,1,1,False,False,KATE SPADE
kape ilokano,0,0,0,0,0,0,0,0,1,0,0,0,1,1,False,False,KAPE ILOKANO
kanlungan cafe,0,0,0,0,0,0,0,0,1,0,0,0,1,1,False,False,KANLUNGAN CAFE
kettle korn pop n mix,0,0,0,0,0,0,0,0,1,0,0,0,1,1,False,False,KETTLE KORN POP N MIX
kangkong chips original,0,0,0,0,0,0,0,0,1,0,0,0,1,1,False,False,KANGKONG CHIPS ORIGINAL
kaiser medical clinic,0,0,0,0,0,0,0,1,0,0,0,0,1,1,False,False,Kaiser Medical Clinic
kaitenyaki,0,0,0,0,0,0,0,0,1,0,0,0,1,1,False,False,KAITENYAKI
kaitenyaki japanese dessert,0,0,0,0,0,0,0,1,0,0,0,0,1,1,False,False,KAITENYAKI JAPANESE DESSERT
kaizen,0,0,0,0,0,0,0,1,0,0,0,0,1,1,False,False,KAIZEN (Exhibit)
kaizen exhibit,0,0,0,0,0,0,0,1,0,0,0,0,1,1,False,False,KAIZEN EXHIBIT
kakanin ni jillian,0,0,0,0,0,0,0,1,0,0,0,0,1,1,False,False,KAKANIN NI JILLIAN
kakaninja,0,0,0,0,0,0,0,0,1,0,0,0,1,1,False,False,KAKANINJA
kakao optical,0,0,0,0,0,0,0,0,1,0,0,0,1,1,False,False,KAKAO OPTICAL
kakka dairy bar,0,1,0,0,0,0,0,0,0,0,0,0,1,1,False,False,KAKKA DAIRY BAR
kambal pandesal,0,0,0,0,0,0,0,0,1,0,0,0,1,1,False,False,KAMBAL PANDESAL
kamina boutique,0,0,0,0,0,0,0,1,0,0,0,0,1,1,False,False,Kamina Boutique
kamir,0,0,0,0,0,0,0,0,1,0,0,0,1,1,False,False,KAMIR
kamote ni juan,0,0,0,0,0,0,0,1,0,0,0,0,1,1,False,False,Kamote ni Juan
kanegosyo center by cebuana lhuillier,0,0,0,0,0,0,0,0,1,0,0,0,1,1,False,False,KANEGOSYO CENTER BY CEBUANA LHUILLIER
kang ho dong 678,0,0,0,0,0,0,0,0,1,0,0,0,1,1,False,False,KANG HO-DONG 678
katinko 9171160321,0,0,0,0,0,0,0,1,0,0,0,0,1,1,False,False,KATINKO 9171160321
katrina,0,0,0,0,0,0,1,0,0,0,0,0,1,1,False,False,Katrina
kawa ramen,0,0,0,0,0,1,0,0,0,0,0,0,1,1,False,False,Kawa Ramen
kawai fashion eye wear center bainor cellphone repair and gadget,0,0,0,0,0,0,0,0,0,0,0,1,1,1,False,False,KAWAI FASHION EYE WEAR CENTER BAINOR CELLPHONE REPAIR AND GADGET
kenneth cole,0,0,0,0,0,0,0,0,1,0,0,0,1,1,False,False,KENNETH COLE
kenneth gold bainor slippers,0,0,0,0,0,0,0,0,0,0,0,1,1,1,False,False,KENNETH GOLD BAINOR SLIPPERS
kennny rogers,0,0,0,0,0,0,0,1,0,0,0,0,1,1,False,False,KENNNY ROGERS
kenny rogers 8961 5773 09175966342,0,0,0,0,0,0,0,1,0,0,0,0,1,1,False,False,Kenny Rogers (02) 8961-5773 / 09175966342
kenshayne food cart,0,0,0,0,0,0,0,1,0,0,0,0,1,1,False,False,Kenshayne Food Cart
kenshin,0,0,0,0,0,0,0,0,1,0,0,0,1,1,False,False,KENSHIN
kenshin japanese izakaya restaurant,0,0,0,0,0,0,0,0,1,0,0,0,1,1,False,False,KENSHIN JAPANESE IZAKAYA RESTAURANT
kentucky fried chicken,0,0,1,0,0,0,0,0,0,0,0,0,1,1,False,False,Kentucky Fried Chicken (kfc)
kenzo,0,1,0,0,0,0,0,0,0,0,0,0,1,1,False,False,KENZO
keopi,0,0,0,0,0,0,0,1,0,0,0,0,1,1,False,False,KEOPI
keralty tophealth,0,0,0,0,0,0,0,0,1,0,0,0,1,1,False,False,KERALTY TOPHEALTH
kerastase prestige salon,0,0,0,0,0,0,0,0,1,0,0,0,1,1,False,False,KERASTASE PRESTIGE SALON
kessel lutong bahay,0,0,1,0,0,0,0,0,0,0,0,0,1,1,False,False,Kessel Lutong Bahay
kettle,0,0,0,0,0,0,1,0,0,0,0,0,1,1,False,False,Kettle
kettle korn 9687514655,0,0,0,0,0,0,0,1,0,0,0,0,1,1,False,False,Kettle Korn 9687514655
kenko naicha tea lounge,0,1,0,0,0,0,0,0,0,0,0,0,1,1,False,False,KENKO NAICHA TEA LOUNGE
kenjies takoyaki,0,0,0,0,0,0,0,1,0,0,0,0,1,1,False,False,KENJIE'S TAKOYAKI
keneth gold & silver jewelry store yaacob masigay cp,0,0,0,0,0,0,0,0,0,0,0,1,1,1,False,False,KENETH GOLD & SILVER JEWELRY STORE YAACOB MASIGAY CP
kcp pizza,0,0,0,0,0,0,0,0,1,0,0,0,1,1,False,False,KCP PIZZA
kawaiice,0,0,0,0,0,0,0,1,0,0,0,0,1,1,False,False,KAWAIICE
kaya korean restaurant,0,0,0,0,0,0,0,1,0,0,0,0,1,1,False,False,Kaya Korean Restaurant
kaya restaurant,0,1,0,0,0,0,0,0,0,0,0,0,1,1,False,False,KAYA RESTAURANT
kaysan bar & restaurant 0905 420 2668,0,0,0,0,0,0,0,1,0,0,0,0,1,1,False,False,KAYSAN BAR & RESTAURANT 0905 420 2668
kazemi skin face body,0,1,0,0,0,0,0,0,0,0,0,0,1,1,False,False,KAZEMI SKIN.FACE.BODY
kc kiddie carts,0,0,0,0,0,0,0,0,1,0,0,0,1,1,False,False,KC KIDDIE CARTS
kct shop,0,0,0,0,0,1,0,0,0,0,0,0,1,1,False,False,KCT Shop
kenangan coffee,0,0,0,0,0,0,0,0,1,0,0,0,1,1,False,False,KENANGAN COFFEE
kebabulous,0,0,0,0,0,0,0,0,1,0,0,0,1,1,False,False,KEBABULOUS
kee wah bakery,0,0,0,0,0,0,0,0,1,0,0,0,1,1,False,False,KEE WAH BAKERY
kee wah bakery 9167469952,0,0,0,0,0,0,0,1,0,0,0,0,1,1,False,False,Kee Wah Bakery 9167469952
kellie trinket,0,0,0,0,0,0,0,0,0,0,1,0,1,1,False,False,KELLIE TRINKET
kelseys cafe & restaurant,0,0,0,0,0,0,0,1,0,0,0,0,1,1,False,False,Kelsey's Cafe & Restaurant
kemans,0,0,0,0,0,0,0,1,0,0,0,0,1,1,False,False,Keman's
lightbox studios,0,0,0,0,0,0,0,0,1,0,0,0,1,1,False,False,LIGHTBOX STUDIOS
lighters galore 9393843029,0,0,0,0,0,0,0,1,0,0,0,0,1,1,False,False,Lighters Galore 9393843029
lighters galore 9429565643,0,0,0,0,0,0,0,1,0,0,0,0,1,1,False,False,Lighter's Galore 9429565643
maxi care,0,0,0,0,0,0,0,1,0,0,0,0,1,1,False,False,MAXI CARE
maxicare primary care center 0917 848 6366,0,0,0,0,0,0,0,1,0,0,0,0,1,1,False,False,Maxicare Primary Care Center 0917-848-6366
maxicollector,0,0,0,0,0,0,1,0,0,0,0,0,1,1,False,False,Maxicollector
maximum power smile dental,0,0,0,0,0,0,0,1,0,0,0,0,1,1,False,False,Maximum Power Smile Dental
maxs chicken,0,0,0,0,0,0,0,1,0,0,0,0,1,1,False,False,Max's Chicken
may abohan,0,0,0,0,1,0,0,0,0,0,0,0,1,1,False,False,May Abohan
mayet dela rosa jewelry,0,0,0,0,0,0,0,1,0,0,0,0,1,1,False,False,Mayet Dela Rosa Jewelry
mayon clinical laboratory medical services,0,0,0,0,0,0,0,0,1,0,0,0,1,1,False,False,MAYON CLINICAL LABORATORY MEDICAL SERVICES
mayongs bakeshop & snackhouse,0,0,0,0,0,0,0,1,0,0,0,0,1,1,False,False,Mayong's Bakeshop & Snackhouse
mayongs bakeshop snackhouse,0,0,0,0,0,0,0,0,1,0,0,0,1,1,False,False,MAYONGS BAKESHOP SNACKHOUSE
maytech,0,0,1,0,0,0,0,0,0,0,0,0,1,1,False,False,Maytech
mazza,0,0,0,0,0,1,0,0,0,0,0,0,1,1,False,False,Mazza
mb life,0,0,0,0,0,1,0,0,0,0,0,0,1,1,False,False,MB Life
mb petgrooming pet shop,0,0,0,0,0,0,0,1,0,0,0,0,1,1,False,False,MB PETGROOMING PET SHOP
mbt fashion,0,0,0,0,0,0,0,1,0,0,0,0,1,1,False,False,MBT Fashion
mc donalds 2nd flr,0,0,0,0,0,0,0,0,0,0,0,1,1,1,False,False,MC DONALDS 2nd flr
maxicare 7798 7739,0,0,0,0,0,0,0,1,0,0,0,0,1,1,False,False,MAXICARE ((02) 7798-7739)
max wax,0,0,0,0,0,0,0,1,0,0,0,0,1,1,False,False,Max Wax
master soimai,0,0,0,0,0,0,0,1,0,0,0,0,1,1,False,False,Master Soimai
max rider,0,0,0,0,0,0,0,0,1,0,0,0,1,1,False,False,MAX RIDER
masters key retail opc,0,0,0,0,0,0,0,0,1,0,0,0,1,1,False,False,MASTERS KEY RETAIL OPC
masy,0,0,0,0,0,0,0,1,0,0,0,0,1,1,False,False,MASY
matcha mama,0,0,0,0,0,0,1,0,0,0,0,0,1,1,False,False,Matcha Mama
matcha super,0,0,0,0,0,0,1,0,0,0,0,0,1,1,False,False,Matcha Super
matchadachi,0,0,0,0,0,0,0,1,0,0,0,0,1,1,False,False,Matchadachi
matees soft serve ice cream & frozen yogurt,0,0,0,0,0,0,0,1,0,0,0,0,1,1,False,False,MATEE'S SOFT SERVE ICE CREAM & FROZEN YOGURT
mathe magis,0,0,0,0,0,0,1,0,0,0,0,0,1,1,False,False,Mathe Magis
mathilda,0,0,0,0,0,0,0,0,0,0,0,1,1,1,False,False,MATHILDA
mats donut,0,0,0,0,0,0,0,0,1,0,0,0,1,1,False,False,MAT'S DONUT
matt health and beauty shop,0,0,0,0,0,0,0,0,0,0,0,1,1,1,False,False,MATT HEALTH AND BEAUTY SHOP
mauarte fashion accessories shop,0,0,0,1,0,0,0,0,0,0,0,0,1,1,False,False,MAUARTE FASHION ACCESSORIES SHOP
maurizios,0,0,0,0,0,0,0,0,1,0,0,0,1,1,False,False,MAURIZIOS
mauros grille restaurant,0,0,0,0,0,0,0,0,1,0,0,0,1,1,False,False,MAURO'S GRILLE RESTAURANT
max mara,0,1,0,0,0,0,0,0,0,0,0,0,1,1,False,False,MAX MARA
max n case,0,0,0,0,0,0,0,1,0,0,0,0,1,1,False,False,Max n Case
mc donalds blue point,0,0,0,0,0,0,0,0,0,0,0,1,1,1,False,False,MC DONALDS BLUE POINT
mc donalds dessert kiosk funhouses corporation 2,0,0,0,0,0,0,0,0,0,0,0,1,1,1,False,False,MC DONALD'S DESSERT KIOSK FUNHOUSES CORPORATION 2
mc donalds dessert station,0,0,0,1,0,0,0,0,0,0,0,0,1,1,False,False,Mc Donald's Dessert Station
mc donalds kiosk,0,0,0,0,0,0,0,0,0,0,0,1,1,1,False,False,MC DONALDS KIOSK
md glow aesthetic and wellness clinic,0,0,0,0,0,0,0,0,1,0,0,0,1,1,False,False,MD GLOW AESTHETIC AND WELLNESS CLINIC
mda scent station,0,0,0,0,0,0,0,0,1,0,0,0,1,1,False,False,MDA SCENT STATION
mdm cellphone and accessories shop,0,0,0,0,0,0,0,1,0,0,0,0,1,1,False,False,MDM CELLPHONE AND ACCESSORIES SHOP
mds consulting,0,0,0,0,0,0,0,1,0,0,0,0,1,1,False,False,MDS Consulting
me & my mom,0,0,0,0,0,0,0,1,0,0,0,0,1,1,False,False,Me & My Mom
me mobile stop and shop trading co,1,0,0,0,0,0,0,0,0,0,0,0,1,1,False,False,ME MOBILE STOP AND SHOP TRADING CO.
me u gift shop,0,0,0,0,0,0,0,0,1,0,0,0,1,1,False,False,ME U GIFT SHOP
me&u,0,0,0,0,0,0,0,1,0,0,0,0,1,1,False,False,ME&U
meat depot,0,1,0,0,0,0,0,0,0,0,0,0,1,1,False,False,MEAT DEPOT
meat me,0,0,0,0,0,1,0,0,0,0,0,0,1,1,False,False,Meat Me
meatogether 0917 657 4888,0,0,0,0,0,0,0,1,0,0,0,0,1,1,False,False,Meatogether 0917-657-4888
meatogether by tong yang,0,0,0,0,0,0,0,0,1,0,0,0,1,1,False,False,MEATOGETHER BY TONG YANG
meatsumo,0,0,0,0,0,0,0,0,1,0,0,0,1,1,False,False,MEATSUMO
medexcel healthcare,0,0,0,0,0,0,0,1,0,0,0,0,1,1,False,False,Medexcel Healthcare
media box,0,0,0,0,0,0,0,0,1,0,0,0,1,1,False,False,MEDIA BOX
md aesthetique,0,0,0,0,0,0,1,0,0,0,0,0,1,1,False,False,MD Aesthetique
mcs boutique,0,0,0,0,0,0,0,1,0,0,0,0,1,1,False,False,MC's Boutique
mcr dental,0,0,0,0,0,1,0,0,0,0,0,0,1,1,False,False,MCR Dental
mcdonalds dessert center and fries,0,0,0,0,0,0,0,0,1,0,0,0,1,1,False,False,MCDONALDS DESSERT CENTER AND FRIES
mc home depot,0,0,0,0,0,1,0,0,0,0,0,0,1,1,False,False,MC Home Depot
mc money changer,0,0,0,0,0,0,0,1,0,0,0,0,1,1,False,False,MC Money Changer
mc sports,0,0,0,0,0,0,0,0,1,0,0,0,1,1,False,False,MC SPORTS
mccoys pizza house,0,0,0,0,0,0,0,0,1,0,0,0,1,1,False,False,MCCOY'S PIZZA HOUSE
mcdonalds 9686914110,0,0,0,0,0,0,0,1,0,0,0,0,1,1,False,False,Mcdonald's 9686914110
mcdonalds dessert and fries center,0,0,0,0,0,0,0,0,0,1,0,0,1,1,False,False,MCDONALDS DESSERT AND FRIES CENTER
mcdonalds dessert counter,0,0,0,0,0,1,0,0,0,0,0,0,1,1,False,False,McDonald's Dessert Counter
mcm salon,0,0,0,0,0,0,0,0,1,0,0,0,1,1,False,False,MCM SALON
mcdonalds drive thru,0,0,0,0,0,0,0,1,0,0,0,0,1,1,False,False,MCDONALD'S DRIVE THRU
mcdonalds fries and sundae stand,0,0,0,0,0,0,0,1,0,0,0,0,1,1,False,False,Mcdonald's Fries and Sundae Stand
mcjim,0,0,0,0,0,0,0,1,0,0,0,0,1,1,False,False,Mcjim
mcjim leather gallery,0,0,0,0,0,0,0,1,0,0,0,0,1,1,False,False,McJim Leather Gallery
mckinley whisky park,0,0,0,0,0,1,0,0,0,0,0,0,1,1,False,False,McKinley Whisky Park
mcl cebu dental wellness centre 0933 200 7932,0,0,0,0,0,0,0,1,0,0,0,0,1,1,False,False,MCL-Cebu Dental Wellness Centre 0933-200-7932
master tan fried chicken,0,0,0,0,0,1,0,0,0,0,0,0,1,1,False,False,Master Tan Fried Chicken
master siomai mister donut,0,0,0,0,0,0,0,0,0,0,0,1,1,1,False,False,MASTER SIOMAI Mister Donut
mediaprint,0,0,0,0,0,1,0,0,0,0,0,0,1,1,False,False,Mediaprint
marc by marc jacob,0,1,0,0,0,0,0,0,0,0,0,0,1,1,False,False,MARC BY MARC JACOB
marcella myx,0,1,0,0,0,0,0,0,0,0,0,0,1,1,False,False,MARCELLA MYX
marcianas palabok supreme and puto pandan,0,0,0,0,0,0,0,0,1,0,0,0,1,1,False,False,MARCIANAS PALABOK SUPREME AND PUTO PANDAN
marco pollo cafe,0,0,0,0,0,0,0,1,0,0,0,0,1,1,False,False,Marco Pollo Cafe
marcos lugawan,0,0,0,0,0,0,0,0,1,0,0,0,1,1,False,False,MARCO'S LUGAWAN
marcus pizza,0,0,0,0,0,0,0,1,0,0,0,0,1,1,False,False,MARCUS PIZZA
mardesh,0,0,0,0,0,0,0,1,0,0,0,0,1,1,False,False,MARDESH
mardoneys,0,0,0,0,0,0,0,0,1,0,0,0,1,1,False,False,MARDONEYS
margans news & magazines,0,1,0,0,0,0,0,0,0,0,0,0,1,1,False,False,MARGAN'S NEWS & MAGAZINES
margarette delicacies,0,0,0,0,0,0,0,0,0,0,0,1,1,1,False,False,MARGARETTE DELICACIES
margies kitchen,0,0,0,0,0,0,0,0,1,0,0,0,1,1,False,False,MARGIES KITCHEN
margots luxury boutique,0,0,0,0,0,0,1,0,0,0,0,0,1,1,False,False,Margot's Luxury Boutique
mariae souvenir and novelty shop,0,0,0,0,0,0,0,0,1,0,0,0,1,1,False,False,MARIAE SOUVENIR AND NOVELTY SHOP
marianas nails & lashes,0,0,0,0,0,0,0,1,0,0,0,0,1,1,False,False,MARIANA'S NAILS & LASHES (new)
marie flower shop,0,0,0,0,0,0,0,0,1,0,0,0,1,1,False,False,MARIE FLOWER SHOP
marie t jose dental clinic,0,0,0,0,0,0,0,0,1,0,0,0,1,1,False,False,MARIE T JOSE DENTAL CLINIC
marc santos,0,0,0,0,0,0,0,0,0,0,0,1,1,1,False,False,MARC SANTOS
marc ann fashion collection,1,0,0,0,0,0,0,0,0,0,0,0,1,1,False,False,Marc Ann Fashion Collection
master siomai 505 2384,0,0,0,0,0,0,0,1,0,0,0,0,1,1,False,False,MASTER SIOMAI (+6332) 505-2384
mar sizzling hub,0,0,0,0,0,0,0,1,0,0,0,0,1,1,False,False,Mar Sizzling Hub
manjaru mini gem exhibit,0,0,0,0,0,0,0,0,0,0,0,1,1,1,False,False,MANJARU MINI GEM Exhibit (#40)
manjaru outdoor shop,0,0,0,0,0,0,0,0,0,0,0,1,1,1,False,False,MANJARU OUTDOOR SHOP
manjaru outdoors inc,0,0,0,0,0,0,0,0,0,1,0,0,1,1,False,False,MANJARU OUTDOORS INC.
manjos cafe,0,0,0,0,0,0,0,0,1,0,0,0,1,1,False,False,MANJOS CAFE
mann hann 8635 3951,0,0,0,0,0,0,0,1,0,0,0,0,1,1,False,False,Mann Hann 8635-3951
manna garden,0,0,0,0,0,0,0,0,1,0,0,0,1,1,False,False,MANNA GARDEN
manny and pie calayan clinic,0,0,1,0,0,0,0,0,0,0,0,0,1,1,False,False,Manny And Pie Calayan Clinic
mannys spices,0,0,0,0,0,0,0,1,0,0,0,0,1,1,False,False,Manny's Spices
manong samalamig,0,0,0,0,0,0,0,1,0,0,0,0,1,1,False,False,Manong Samalamig
mantaring,0,1,0,0,0,0,0,0,0,0,0,0,1,1,False,False,MANTARING
manulife,0,0,0,0,0,0,0,1,0,0,0,0,1,1,False,False,Manulife
many unlimited topokki buffet,0,0,0,0,0,0,0,0,1,0,0,0,1,1,False,False,MANY UNLIMITED TOPOKKI BUFFET
mapua malayan digital college,0,1,0,0,0,0,0,0,0,0,0,0,1,1,False,False,MAPUA-MALAYAN DIGITAL COLLEGE
maq barbershop,0,0,0,0,0,0,0,0,1,0,0,0,1,1,False,False,MAQ BARBERSHOP
mar fashion accessories,1,0,0,0,0,0,0,0,0,0,0,0,1,1,False,False,MAR FASHION ACCESSORIES
marina tuna,0,0,0,0,0,0,0,0,1,0,0,0,1,1,False,False,MARINA TUNA
marizzang,0,0,0,0,0,1,0,0,0,0,0,0,1,1,False,False,MariZzang
marked unlock,0,0,0,0,0,0,0,0,0,0,1,0,1,1,False,False,Marked Unlock
market finds,0,1,0,0,0,0,0,0,0,0,0,0,1,1,False,False,MARKET FINDS
mary grace cafe 9171172414,0,0,0,0,0,0,0,1,0,0,0,0,1,1,False,False,MARY GRACE CAFE 9171172414 (NEW)
mary pauline,0,0,0,0,0,0,0,1,0,0,0,0,1,1,False,False,Mary Pauline
maryans photocopier,0,0,0,0,0,0,0,1,0,0,0,0,1,1,False,False,Maryan's Photocopier
marys gift collection,0,1,0,0,0,0,0,0,0,0,0,0,1,1,False,False,MARY'S GIFT COLLECTION
masa food corner 9482764228,0,0,0,0,0,0,0,1,0,0,0,0,1,1,False,False,MASA FOOD CORNER 9482764228
masatami shave ice,0,0,0,0,0,0,0,0,1,0,0,0,1,1,False,False,MASATAMI SHAVE ICE
mascot pets,0,0,0,0,0,0,0,0,1,0,0,0,1,1,False,False,MASCOT PETS
masil charcoal grill restaurant,0,0,0,0,0,0,0,0,1,0,0,0,1,1,False,False,MASIL CHARCOAL GRILL RESTAURANT
massage to go,0,0,0,0,0,0,0,1,0,0,0,0,1,1,False,False,MASSAGE TO GO
massage venue,0,1,0,0,0,0,0,0,0,0,0,0,1,1,False,False,MASSAGE VENUE
massimo dutti,0,1,0,0,0,0,0,0,0,0,0,0,1,1,False,False,MASSIMO DUTTI
masskara chicken inasal,0,0,0,0,0,1,0,0,0,0,0,0,1,1,False,False,Masskara Chicken Inasal
master bong korean chicken,0,0,0,0,1,0,0,0,0,0,0,0,1,1,False,False,Master Bong Korean Chicken
master feng shui ang,1,0,0,0,0,0,0,0,0,0,0,0,1,1,False,False,MASTER FENG SHUI ANG
master gawlu,0,0,0,0,0,0,0,1,0,0,0,0,1,1,False,False,Master Gawlu
mary grace 0956 200 2544,0,0,0,0,0,0,0,1,0,0,0,0,1,1,False,False,MARY GRACE 0956-200-2544
marwhel,0,0,0,0,0,0,0,1,0,0,0,0,1,1,False,False,Marwhel
marugo takoyaki,0,0,0,0,0,0,0,1,0,0,0,0,1,1,False,False,MARUGO TAKOYAKI
marmon,0,0,0,0,0,0,0,1,0,0,0,0,1,1,False,False,Marmon
market square,0,1,0,0,0,0,0,0,0,0,0,0,1,1,False,False,MARKET SQUARE
markline,0,0,1,0,0,0,0,0,0,0,0,0,1,1,False,False,Markline
marks pepper meal,0,0,0,0,0,0,0,0,1,0,0,0,1,1,False,False,MARKS PEPPER MEAL
marlea dental clinic,0,0,0,0,0,0,0,0,1,0,0,0,1,1,False,False,MARLEA DENTAL CLINIC
marlons creations salon,0,1,0,0,0,0,0,0,0,0,0,0,1,1,False,False,MARLONS CREATIONS SALON
marlyn verdad accessories ca exhibits,0,0,0,0,0,0,0,0,0,0,0,1,1,1,False,False,Marlyn Verdad accessories (9.20) CA EXHIBITS ( PROPERTY PRO )
marquins,1,0,0,0,0,0,0,0,0,0,0,0,1,1,False,False,MARQUINS
maruca,0,0,0,0,0,1,0,0,0,0,0,0,1,1,False,False,Maruca
marry me,0,1,0,0,0,0,0,0,0,0,0,0,1,1,False,False,MARRY ME
marshall driving school,0,0,0,0,0,0,0,0,1,0,0,0,1,1,False,False,MARSHALL DRIVING SCHOOL
marshis yummy corn,0,0,0,0,1,0,0,0,0,0,0,0,1,1,False,False,Marshi's Yummy Corn
mart,0,0,0,0,0,1,0,0,0,0,0,0,1,1,False,False,The Mart
martabak cafe,0,0,0,0,0,0,0,0,1,0,0,0,1,1,False,False,MARTABAK CAFE
martines churros corner toyota caravan,0,0,0,0,0,0,0,0,0,0,0,1,1,1,False,False,Martine's Churros Corner Toyota Caravan
media central,0,0,0,0,0,0,0,0,1,0,0,0,1,1,False,False,MEDIA CENTRAL
medicard clinic,0,0,0,0,0,1,0,0,0,0,0,0,1,1,False,False,Medicard Clinic
lil orbits 0942 240 1066,0,0,0,0,0,0,0,1,0,0,0,0,1,1,False,False,LIL' ORBITS 0942-240-1066
micu dentail clinic,0,0,0,0,0,0,0,1,0,0,0,0,1,1,False,False,MICU DENTAIL CLINIC
mietubl philippines,0,0,0,0,0,0,0,1,0,0,0,0,1,1,False,False,MIETUBL PHILIPPINES
mighty hands,0,0,0,0,0,1,0,0,0,0,0,0,1,1,False,False,Mighty Hands
miguelito ice cream,0,0,0,0,0,0,0,1,0,0,0,0,1,1,False,False,Miguelito' Ice Cream
miguelitos avocado locco,0,0,0,0,0,0,0,1,0,0,0,0,1,1,False,False,MIGUELITO'S AVOCADO LOCCO
miguelitos diner,0,0,0,0,0,0,0,1,0,0,0,0,1,1,False,False,MIGUELITO'S DINER
miguelitoss ice cream,0,0,0,0,0,0,0,1,0,0,0,0,1,1,False,False,MIGUELITOS'S ICE CREAM
mijj gadgets repair,0,0,0,0,0,0,0,0,1,0,0,0,1,1,False,False,MIJJ GADGETS REPAIR
mikana,0,0,1,0,0,0,0,0,0,0,0,0,1,1,False,False,Mikana
mikayla,0,0,0,0,0,0,0,0,1,0,0,0,1,1,False,False,MIKAYLA
mikhada takoyaki,0,0,0,0,0,0,0,1,0,0,0,0,1,1,False,False,MIKHADA TAKOYAKI
milagrosa restaurant,0,0,0,0,0,0,0,1,0,0,0,0,1,1,False,False,Milagrosa Restaurant
milano & design,0,0,0,0,0,1,0,0,0,0,0,0,1,1,False,False,Milano & Design
milas pastries & snacks,0,1,0,0,0,0,0,0,0,0,0,0,1,1,False,False,MILA’S PASTRIES & SNACKS
milas pastries and snacks,0,0,0,0,0,0,0,0,1,0,0,0,1,1,False,False,MILAS PASTRIES AND SNACKS
milas tokwat baboy,0,0,0,0,0,0,0,0,1,0,0,0,1,1,False,False,MILA'S TOKWAT BABOY
midio,0,0,0,0,0,0,0,1,0,0,0,0,1,1,False,False,Midio
microcadd,0,0,0,0,0,0,0,0,1,0,0,0,1,1,False,False,MICROCADD
mey lin,0,0,0,0,0,0,0,0,1,0,0,0,1,1,False,False,MEY LIN
micro gadget,0,0,0,0,1,0,0,0,0,0,0,0,1,1,False,False,Micro Gadget
mg,0,0,1,0,0,0,0,0,0,0,0,0,1,1,False,False,Mg
mg gateway,0,0,0,0,0,0,0,1,0,0,0,0,1,1,False,False,MG GATEWAY
mg gateway south corp nissan,0,0,0,0,1,0,0,0,0,0,0,0,1,1,False,False,MG Gateway South Corp. / Nissan
mg gateway temporarily closed,0,0,0,0,0,0,0,1,0,0,0,0,1,1,False,False,MG Gateway TEMPORARILY CLOSED
mhelith bulalohan,0,0,0,0,0,0,0,1,0,0,0,0,1,1,False,False,Mhelith Bulalohan
mhels putobumbong,0,0,0,0,0,0,0,1,0,0,0,0,1,1,False,False,Mhel’s Putobumbong
mhinnie footwear,0,0,0,0,0,0,0,1,0,0,0,0,1,1,False,False,MHINNIE FOOTWEAR
mhj enterprise,0,1,0,0,0,0,0,0,0,0,0,0,1,1,False,False,MHJ ENTERPRISE
mhk korean food,0,0,0,0,0,0,0,1,0,0,0,0,1,1,False,False,MHK KOREAN FOOD
mi panda 0917 841 0027,0,0,0,0,0,0,0,1,0,0,0,0,1,1,False,False,MI PANDA 0917 841 0027
mi service center,0,0,0,0,0,0,0,0,1,0,0,0,1,1,False,False,MI SERVICE CENTER
mia maison 9989235254,0,0,0,0,0,0,0,1,0,0,0,0,1,1,False,False,MIA MAISON 9989235254
michael kors,0,1,0,0,0,0,0,0,0,0,0,0,1,1,False,False,MICHAEL KORS
michelles homemade,0,0,0,0,0,1,0,0,0,0,0,0,1,1,False,False,Michelle's Homemade
micovidi,0,0,0,0,0,0,0,1,0,0,0,0,1,1,False,False,Micovidi
milchars salon and spa,0,0,0,0,1,0,0,0,0,0,0,0,1,1,False,False,Milchar's Salon and Spa
miles cartruck,0,0,0,0,0,0,0,1,0,0,0,0,1,1,False,False,Miles Cartruck
milk cream,0,0,0,0,0,0,0,0,1,0,0,0,1,1,False,False,MILK CREAM
milk pot,0,0,0,0,0,0,0,0,1,0,0,0,1,1,False,False,MILK POT
mingoys paellas,0,0,0,0,0,0,0,0,1,0,0,0,1,1,False,False,MINGOY'S PAELLAS
mini bites donuts,0,0,0,0,0,0,0,1,0,0,0,0,1,1,False,False,MINI BITES DONUTS
mini centro,0,0,0,0,0,0,0,0,1,0,0,0,1,1,False,False,MINI CENTRO
mini donuts,0,0,0,0,0,0,0,1,0,0,0,0,1,1,False,False,Mini Donuts
mini gem exhibit 2,0,0,0,0,0,0,0,0,0,0,0,1,1,1,False,False,MINI GEM EXHIBIT 2 (19)
mini gem exhibit 3,0,0,0,0,0,0,0,0,0,0,0,1,1,1,False,False,MINI GEM EXHIBIT 3 (19)
mini gem exhibit 31,0,0,0,0,0,0,0,0,0,0,0,1,1,1,False,False,MINI GEM EXHIBIT #31
mini gem exhibit jaitel fashion,0,0,0,0,0,0,0,0,0,0,0,1,1,1,False,False,MINI GEM EXHIBIT (2) JAITEL FASHION
mini gem exhibit mickquels toys and childrens wear,0,0,0,0,0,0,0,0,0,0,0,1,1,1,False,False,MINI GEM EXHIBIT (19) MICKQUELS TOYS AND CHILDREN'S WEAR
mini shabu shabu,0,0,0,0,0,0,0,0,1,0,0,0,1,1,False,False,MINI SHABU-SHABU
mini stop premiere development bank,0,0,0,0,0,0,0,0,0,0,0,1,1,1,False,False,MINI STOP PREMIERE DEVELOPMENT BANK
minicare gadget repair,0,0,0,0,0,0,0,0,1,0,0,0,1,1,False,False,MINICARE GADGET REPAIR
minigem exhibit,0,0,0,0,0,0,0,0,0,0,0,1,1,1,False,False,MINIGEM EXHIBIT (13)
minlou,0,0,1,0,0,0,0,0,0,0,0,0,1,1,False,False,Minlou
minlou home,1,0,0,0,0,0,0,0,0,0,0,0,1,1,False,False,MINLOU HOME
mingfu asian cuisine,0,0,0,0,0,0,0,1,0,0,0,0,1,1,False,False,Mingfu Asian Cuisine
mingas petron,0,0,0,0,1,0,0,0,0,0,0,0,1,1,False,False,Mingas - Petron
mined polished jewelry depot,0,0,0,0,0,0,0,0,1,0,0,0,1,1,False,False,MINED POLISHED JEWELRY DEPOT
mimis fashion,0,0,0,0,0,0,0,0,0,0,0,1,1,1,False,False,MIMIS FASHION
milk qq,0,0,0,0,0,0,0,1,0,0,0,0,1,1,False,False,Milk QQ (Temporarily Closed)
milktea square,0,0,0,0,0,0,0,1,0,0,0,0,1,1,False,False,Milktea Square
milky dangooo,0,0,0,0,0,0,0,0,1,0,0,0,1,1,False,False,MILKY DANGOOO
millenium trading,0,0,0,0,1,0,0,0,0,0,0,0,1,1,False,False,Millenium Trading
milleniumgen,0,0,0,0,1,0,0,0,0,0,0,0,1,1,False,False,Milleniumgen
mimiko,0,0,0,0,0,0,1,0,0,0,0,0,1,1,False,False,Mimiko
mimosa wellness,0,0,0,0,0,0,1,0,0,0,0,0,1,1,False,False,Mimosa Wellness
mindwerks the toy shop,0,0,1,0,0,0,0,0,0,0,0,0,1,1,False,False,Mindwerks The Toy Shop
minajens tapsihan,0,0,0,0,0,0,0,0,0,0,0,1,1,1,False,False,MinaJens Tapsihan
mind champs international preschool,0,0,0,0,0,0,0,0,1,0,0,0,1,1,False,False,MIND CHAMPS INTERNATIONAL PRESCHOOL
mind werks,0,0,0,1,0,0,0,0,0,0,0,0,1,1,False,False,Mind Werks
mindanao basket,0,0,0,0,0,0,0,0,1,0,0,0,1,1,False,False,THE MINDANAO BASKET
mindanao gorilla auto detail,0,0,0,0,0,0,0,0,1,0,0,0,1,1,False,False,MINDANAO GORILLA AUTO DETAIL
mindpro supermarket,0,0,0,0,0,0,0,0,1,0,0,0,1,1,False,False,MINDPRO SUPERMARKET
mf beauty secrets,0,0,0,0,0,0,0,0,1,0,0,0,1,1,False,False,MF BEAUTY SECRETS
mexita pizza,0,0,0,0,0,0,0,0,1,0,0,0,1,1,False,False,MEXITA PIZZA
medicard lifestyle center,0,0,0,0,0,1,0,0,0,0,0,0,1,1,False,False,Medicard Lifestyle Center
meinas professional,0,0,0,0,0,0,1,0,0,0,0,0,1,1,False,False,Meinas Professional
meiying food & refreshment,0,0,0,0,0,1,0,0,0,0,0,0,1,1,False,False,Meiying Food & Refreshment
mejico skin facial & day spa manjaru,0,0,0,0,0,0,0,0,0,0,0,1,1,1,False,False,Mejico Skin Facial & Day Spa MANJARU
mele marie,0,0,0,0,0,0,0,0,1,0,0,0,1,1,False,False,MELE + MARIE
melirose,0,0,0,0,0,0,1,0,0,0,0,0,1,1,False,False,Melirose
melissa clube,0,0,0,0,0,0,0,1,0,0,0,0,1,1,False,False,MELISSA CLUBE
melonpan ice,0,0,0,0,0,0,0,0,1,0,0,0,1,1,False,False,MELONPAN ICE
melos,0,0,0,0,0,1,0,0,0,0,0,0,1,1,False,False,Melo's
melrose boardshop,0,0,0,0,0,0,0,0,1,0,0,0,1,1,False,False,MELROSE BOARDSHOP
melyn skincare body spa,0,0,0,0,0,0,0,0,1,0,0,0,1,1,False,False,MELYN SKINCARE BODY SPA
memo express cp,0,0,0,0,0,0,0,0,0,0,0,1,1,1,False,False,MEMO EXPRESS CP
memoxpress ey,0,0,0,0,0,0,0,0,0,0,0,1,1,1,False,False,"MEMOXPRESS, EY"
men in blooms,0,1,0,0,0,0,0,0,0,0,0,0,1,1,False,False,MEN IN BLOOMS
mendez,0,0,0,0,1,0,0,0,0,0,0,0,1,1,False,False,Mendez
mendokoro ramenba,0,0,0,0,0,0,0,0,1,0,0,0,1,1,False,False,MENDOKORO RAMENBA
mendrez temporarily closed,0,0,0,0,0,0,0,1,0,0,0,0,1,1,False,False,Mendrez TEMPORARILY CLOSED
meinas scalp treatment center,0,0,0,0,0,0,0,0,1,0,0,0,1,1,False,False,MEINAS SCALP TREATMENT CENTER
mei lin,0,0,0,0,0,0,0,0,1,0,0,0,1,1,False,False,MEI LIN
mexikanto,0,0,0,0,0,0,0,1,0,0,0,0,1,1,False,False,Mexikanto
megaworld showroom,0,0,0,0,0,1,0,0,0,0,0,0,1,1,False,False,Megaworld Showroom
medico global,0,0,0,0,0,0,1,0,0,0,0,0,1,1,False,False,Medico Global
medispa,0,0,0,0,0,0,0,0,1,0,0,0,1,1,False,False,MEDISPA
medley modern mediterranean,0,1,0,0,0,0,0,0,0,0,0,0,1,1,False,False,MEDLEY MODERN MEDITERRANEAN
meet fresh 9177123701,0,0,0,0,0,0,0,1,0,0,0,0,1,1,False,False,Meet Fresh 9177123701
meet your ribs,0,0,0,0,0,0,0,0,1,0,0,0,1,1,False,False,MEET YOUR RIBS
meg,0,0,0,0,0,0,1,0,0,0,0,0,1,1,False,False,Meg
mega cellular,0,1,0,0,0,0,0,0,0,0,0,0,1,1,False,False,MEGA CELLULAR
mega cellular network,0,0,1,0,0,0,0,0,0,0,0,0,1,1,False,False,Mega Cellular Network
mega fitness center,0,0,0,0,0,0,0,0,1,0,0,0,1,1,False,False,MEGA FITNESS CENTER
mega one,0,0,0,0,0,0,0,1,0,0,0,0,1,1,False,False,MEGA ONE
megabit,0,0,0,0,0,0,0,1,0,0,0,0,1,1,False,False,Megabit
megamelt,0,0,0,0,0,0,0,0,1,0,0,0,1,1,False,False,MEGAMELT
megatech,0,0,0,0,0,0,0,0,0,0,0,1,1,1,False,False,MEGATECH
megaworld platinum,0,0,0,0,0,1,0,0,0,0,0,0,1,1,False,False,Megaworld Platinum
megaworld prime office,0,0,0,0,0,1,0,0,0,0,0,0,1,1,False,False,Megaworld Prime Office
menel angelu foods robinsons dept exhibit,0,0,0,0,0,0,0,0,0,0,0,1,1,1,False,False,MENEL ANGELU FOODS ( ANGELU MIXED RICE ) ROBINSONS DEPT. EXHIBIT
mens depot by davids,0,0,0,0,0,0,1,0,0,0,0,0,1,1,False,False,Men's Depot by David's
mentore coffee bar,0,1,0,0,0,0,0,0,0,0,0,0,1,1,False,False,MENTORE COFFEE BAR
menya kokoro,0,0,0,0,0,1,0,0,0,0,0,0,1,1,False,False,Menya Kokoro
mesa steak sizzlers,0,1,0,0,0,0,0,0,0,0,0,0,1,1,False,False,MESA STEAK SIZZLERS
message sent,0,0,0,0,0,0,1,0,0,0,0,0,1,1,False,False,Message Sent
messiah,0,0,0,0,0,0,1,0,0,0,0,0,1,1,False,False,Messiah
metanoia christian ministries,0,1,0,0,0,0,0,0,0,0,0,0,1,1,False,False,METANOIA CHRISTIAN MINISTRIES
metro dept,0,0,0,0,0,0,0,0,0,0,0,1,1,1,False,False,METRO DEPT.
metro rapid transit service inc,0,0,0,0,0,0,0,0,1,0,0,0,1,1,False,False,METRO RAPID TRANSIT SERVICE INC
metro sanitas keralty,0,0,1,0,0,0,0,0,0,0,0,0,1,1,False,False,Metro Sanitas / Keralty
metro star department store,0,0,0,0,0,0,0,0,0,0,0,1,1,1,False,False,METRO STAR DEPARTMENT STORE
metro wanderer travel services,0,0,0,0,0,0,0,0,1,0,0,0,1,1,False,False,METRO WANDERER TRAVEL SERVICES
metrofone,0,0,0,0,0,0,0,0,0,0,1,0,1,1,False,False,Metrofone
metrospecs,0,0,0,0,0,0,0,1,0,0,0,0,1,1,False,False,METROSPECS
metrowaki,0,0,0,0,0,0,0,1,0,0,0,0,1,1,False,False,Metrowaki
meuble,0,0,0,0,0,0,0,1,0,0,0,0,1,1,False,False,MEUBLE
mexicali,0,0,0,0,0,0,0,0,1,0,0,0,1,1,False,False,MEXICALI
mexicanos,0,0,0,0,0,0,0,1,0,0,0,0,1,1,False,False,Mexicanos
mesa 9177016262,0,0,0,0,0,0,0,1,0,0,0,0,1,1,False,False,Mesa 9177016262
merzci pasalubong center,0,0,0,0,0,0,0,0,1,0,0,0,1,1,False,False,MERZCI PASALUBONG CENTER
merzci pasalubong,0,1,0,0,0,0,0,0,0,0,0,0,1,1,False,False,MERZCI PASALUBONG
mercury drug treats of l a,0,0,0,0,0,0,0,0,0,0,0,1,1,1,False,False,Mercury Drug TREATS OF L.A
menya noodle & bento bar,0,0,0,0,0,0,1,0,0,0,0,0,1,1,False,False,Menya Noodle & Bento Bar
meo asia,0,0,0,0,0,0,0,1,0,0,0,0,1,1,False,False,Meo Asia
meogja,0,0,0,0,0,0,0,1,0,0,0,0,1,1,False,False,MEOGJA
mer nels cake house,0,0,0,0,0,0,0,0,1,0,0,0,1,1,False,False,MER-NELS CAKE HOUSE
mercury drug 0923 147 6034,0,0,0,0,0,0,0,1,0,0,0,0,1,1,False,False,Mercury Drug 0923-147-6034
mercury drug corporation aficionado,0,0,0,0,0,0,0,0,0,0,0,1,1,1,False,False,MERCURY DRUG CORPORATION AFICIONADO
mercury torque,0,0,0,0,0,0,0,0,0,0,0,1,1,1,False,False,MERCURY TORQUE
merzci,0,0,0,0,0,0,0,1,0,0,0,0,1,1,False,False,Merzci
merienda by pan de manila,0,0,0,0,0,0,0,0,1,0,0,0,1,1,False,False,MERIENDA BY PAN DE MANILA
merkado supermarket,0,1,0,0,0,0,0,0,0,0,0,0,1,1,False,False,MERKADO SUPERMARKET
merlgen euro designs,0,0,0,0,0,0,0,0,1,0,0,0,1,1,False,False,MERLGEN EURO DESIGNS
merriam & webster bookstore,0,0,0,0,0,0,0,0,0,1,0,0,1,1,False,False,MERRIAM & WEBSTER BOOKSTORE
merry mango 0920 969 9762,0,0,0,0,0,0,0,1,0,0,0,0,1,1,False,False,Merry Mango 0920-969-9762
mers paluto,0,0,0,0,0,1,0,0,0,0,0,0,1,1,False,False,Mers Paluto
manjaru ayz health and beauty shop,0,0,0,0,0,0,0,0,0,0,0,1,1,1,False,False,MANJARU AYZ HEALTH AND BEAUTY SHOP
manila goldsmiths co,0,0,0,0,0,0,0,0,1,0,0,0,1,1,False,False,MANILA GOLDSMITHS CO
manila dokha medwakh,0,0,0,1,0,0,0,0,0,0,0,0,1,1,False,False,Manila Dokha Medwakh
loulou nail spa & salon,0,0,1,0,0,0,0,0,0,0,0,0,1,1,False,False,Loulou Nail Spa & Salon
love & diamonds,0,0,0,0,0,0,0,1,0,0,0,0,1,1,False,False,Love & Diamonds
love brows brow aesthetic studio,0,0,0,0,0,0,0,0,1,0,0,0,1,1,False,False,LOVE BROWS BROW AESTHETIC STUDIO
love house,0,0,0,0,0,0,0,1,0,0,0,0,1,1,False,False,Love House
love marie,0,0,0,0,0,0,0,1,0,0,0,0,1,1,False,False,LOVE MARIE
love marie beauty & brow salon,0,0,0,0,0,0,0,1,0,0,0,0,1,1,False,False,LOVE MARIE BEAUTY & BROW SALON
lovehouse beauty studio,0,0,0,0,0,0,0,1,0,0,0,0,1,1,False,False,LOVEHOUSE BEAUTY STUDIO
lovemarie beauty lounge,0,0,0,0,0,0,0,0,1,0,0,0,1,1,False,False,LOVEMARIE BEAUTY LOUNGE
lowcal salad & wraps 0923 858 5216,0,0,0,0,0,0,0,1,0,0,0,0,1,1,False,False,LOWCAL SALAD & WRAPS 0923-858-5216
loyola k 12 tutorial services,0,0,0,0,0,0,0,0,1,0,0,0,1,1,False,False,LOYOLA K-12 TUTORIAL SERVICES
lra,0,0,0,0,0,0,0,1,0,0,0,0,1,1,False,False,LRA
ls blooms,0,0,0,0,0,0,0,0,1,0,0,0,1,1,False,False,LS BLOOMS
ls blooms flower shop,0,0,0,0,0,0,0,1,0,0,0,0,1,1,False,False,LS BLOOMS FLOWER SHOP
ls pascual,0,0,0,0,0,0,0,1,0,0,0,0,1,1,False,False,LS Pascual
ls pascual optical,0,0,0,0,0,0,0,1,0,0,0,0,1,1,False,False,LS Pascual Optical
lsc watch repair,0,0,0,0,0,0,0,1,0,0,0,0,1,1,False,False,LSC Watch Repair
lourmon garden,0,0,0,0,0,0,0,0,1,0,0,0,1,1,False,False,LOURMON GARDEN
louis vuitton,0,1,0,0,0,0,0,0,0,0,0,0,1,1,False,False,LOUIS VUITTON
longchamp,0,1,0,0,0,0,0,0,0,0,0,0,1,1,False,False,LONGCHAMP
louies dermatology,0,0,0,0,0,0,0,1,0,0,0,0,1,1,False,False,LOUIE'S DERMATOLOGY
look treats of la,0,0,0,0,0,0,0,0,0,0,0,1,1,1,False,False,THE LOOK TREATS OF LA
looks by optika eccelente,0,0,0,0,0,0,0,0,1,0,0,0,1,1,False,False,LOOKS BY OPTIKA ECCELENTE
lorenzo jewelry,0,0,0,0,0,0,0,0,1,0,0,0,1,1,False,False,LORENZO JEWELRY
lormalifecheck,0,0,0,0,0,0,0,1,0,0,0,0,1,1,False,False,LORMALIFECHECK
los churreros churros,0,0,0,0,0,0,0,1,0,0,0,0,1,1,False,False,LOS CHURREROS CHURROS
los pedritos 654 6099,0,0,0,0,0,0,0,1,0,0,0,0,1,1,False,False,LOS PEDRITOS (075) 654-6099
los tacos,0,0,0,0,0,1,0,0,0,0,0,0,1,1,False,False,Los Tacos
lost,0,0,0,0,0,0,0,0,1,0,0,0,1,1,False,False,LOST
lost bread,0,0,0,0,0,0,0,0,1,0,0,0,1,1,False,False,THE LOST BREAD
lots a pizza 0948 122 8792,0,0,0,0,0,0,0,1,0,0,0,0,1,1,False,False,Lots' A Pizza 📲 0948-122-8792
lotsa pizza,0,0,0,0,0,0,0,1,0,0,0,0,1,1,False,False,LOTS'A PIZZA (TEMPORARILY CLOSED)
lotto 0933 874 0972,0,0,0,0,0,0,0,1,0,0,0,0,1,1,False,False,Lotto 0933-874-0972
lotto keno,0,0,0,0,0,0,0,0,0,0,0,1,1,1,False,False,LOTTO/KENO
lotus cafe,0,0,0,0,0,0,0,0,1,0,0,0,1,1,False,False,LOTUS CAFÉ
louelli travel & tours,0,0,0,0,0,0,0,1,0,0,0,0,1,1,False,False,Louelli Travel & Tours
lspascual optical,0,0,0,0,0,0,0,0,1,0,0,0,1,1,False,False,LSPASCUAL OPTICAL
lucelle 9454728556,0,0,0,0,0,0,0,1,0,0,0,0,1,1,False,False,Lucelle 9454728556
lucitas canteen,0,0,0,0,1,0,0,0,0,0,0,0,1,1,False,False,Lucitas Canteen
lucky 7 bingo,0,0,0,0,1,0,0,0,0,0,0,0,1,1,False,False,Lucky 7 Bingo
lumbenos barong & gown collection 377 93,0,1,0,0,0,0,0,0,0,0,0,0,1,1,False,False,LUMBENOS BARONG & GOWN COLLECTION 377.93
lumiere anti aging and skin spa,0,0,0,0,0,1,0,0,0,0,0,0,1,1,False,False,Lumiere Anti-aging and Skin Spa
lumina homes,0,0,0,0,0,0,0,0,0,1,0,0,1,1,False,False,LUMINA HOMES
luminisce holistic skin innovations,0,0,0,0,0,0,0,0,1,0,0,0,1,1,False,False,LUMINISCE HOLISTIC SKIN INNOVATIONS
luminosa aesthetic & wellness center,0,0,0,0,0,1,0,0,0,0,0,0,1,1,False,False,Luminosa Aesthetic & Wellness Center
luminous espresso industry,0,0,1,0,0,0,0,0,0,0,0,0,1,1,False,False,Luminous Espresso Industry
lumpia express,0,0,0,0,0,0,0,1,0,0,0,0,1,1,False,False,Lumpia Express
lumpia natics by magsies,0,1,0,0,0,0,0,0,0,0,0,0,1,1,False,False,LUMPIA.NATICS BY MAGSIE’S
lumpiaholic,0,0,0,0,0,0,0,0,1,0,0,0,1,1,False,False,LUMPIAHOLIC
luna,0,1,0,0,0,0,0,0,0,0,0,0,1,1,False,False,LUNA
lunas ilonggo legacy,0,0,0,0,0,1,0,0,0,0,0,0,1,1,False,False,Luna's Ilonggo Legacy
lunula salon & spa,0,0,0,0,0,0,0,1,0,0,0,0,1,1,False,False,Lunula Salon & Spa
lush 8724 0260,0,0,0,0,0,0,0,1,0,0,0,0,1,1,False,False,Lush 8724-0260
lush fresh handmade cosmetics,0,0,0,0,0,0,0,0,1,0,0,0,1,1,False,False,LUSH FRESH HANDMADE COSMETICS
lustre salon & wellness,0,0,0,0,0,0,0,1,0,0,0,0,1,1,False,False,LUSTRE SALON & WELLNESS
lulu forex,0,0,0,0,0,0,0,1,0,0,0,0,1,1,False,False,Lulu Forex
luka ferruccio,0,0,0,0,0,0,0,0,1,0,0,0,1,1,False,False,LUKA FERRUCCIO
lugaw to go,0,0,0,0,0,0,0,1,0,0,0,0,1,1,False,False,LUGAW TO GO
lucky pick lotto,0,0,0,0,0,0,0,1,0,0,0,0,1,1,False,False,Lucky Pick lotto
lucky boba,0,0,0,0,0,0,0,1,0,0,0,0,1,1,False,False,Lucky Boba
lucky chao,0,0,0,0,0,1,0,0,0,0,0,0,1,1,False,False,Lucky Chao
lucky charm,0,0,0,0,0,0,0,1,0,0,0,0,1,1,False,False,Lucky Charm
lucky chinatown cinemas,0,0,0,0,0,1,0,0,0,0,0,0,1,1,False,False,Lucky Chinatown Cinemas
lucky chinatown cinemas snackbar,0,0,0,0,0,1,0,0,0,0,0,0,1,1,False,False,Lucky Chinatown Cinemas - Snackbar
lucky joy,0,0,0,0,0,0,0,1,0,0,0,0,1,1,False,False,LUCKY JOY
lueur,0,0,0,0,0,0,0,1,0,0,0,0,1,1,False,False,LUEUR
lugaw plus,0,1,0,0,0,0,0,0,0,0,0,0,1,1,False,False,LUGAW PLUS
luez printing,0,0,0,0,0,0,0,1,0,0,0,0,1,1,False,False,LUEZ PRINTING
luez printing services,0,0,0,0,0,0,0,1,0,0,0,0,1,1,False,False,Luez Printing Services
lugaw house minigem,0,0,0,0,0,0,0,0,0,0,0,1,1,1,False,False,LUGAW HOUSE MINIGEM (#44)
lugaw king,0,0,0,0,0,0,0,0,1,0,0,0,1,1,False,False,LUGAW KING
lugaw ni bosing,0,0,0,0,0,0,0,1,0,0,0,0,1,1,False,False,Lugaw ni Bosing
lugaw one,0,0,1,0,0,0,0,0,0,0,0,0,1,1,False,False,Lugaw One
look buko rocks,0,0,0,0,0,0,0,0,0,0,0,1,1,1,False,False,THE LOOK Buko Rocks
long live play,0,0,0,0,0,0,1,0,0,0,0,0,1,1,False,False,Long Live Play
manila diamond,0,0,0,0,0,0,1,0,0,0,0,0,1,1,False,False,Manila Diamond
little flour,0,0,0,0,0,1,0,0,0,0,0,0,1,1,False,False,Little Flour
little golden nuggets,0,0,0,0,0,0,1,0,0,0,0,0,1,1,False,False,Little Golden Nuggets
little green 9190837902,0,0,0,0,0,0,0,1,0,0,0,0,1,1,False,False,Little Green 9190837902
little moms donut factory,0,0,0,0,0,0,0,1,0,0,0,0,1,1,False,False,Little Mom's Donut Factory
little moms donuts,0,0,0,0,0,0,0,1,0,0,0,0,1,1,False,False,LITTLE MOM'S DONUTS
little orlys,0,0,0,0,0,0,0,0,1,0,0,0,1,1,False,False,LITTLE ORLY'S
little prince,0,0,0,0,0,1,0,0,0,0,0,0,1,1,False,False,Little Prince
little saigon,0,0,0,0,0,0,0,0,1,0,0,0,1,1,False,False,LITTLE SAIGON
little yoo daebak,0,0,0,0,0,0,0,0,1,0,0,0,1,1,False,False,LITTLE YOO DAEBAK
livestock,0,0,0,0,0,1,0,0,0,0,0,0,1,1,False,False,Livestock
living bread,0,0,0,0,1,0,0,0,0,0,0,0,1,1,False,False,Living Bread
living life well medical center,0,0,0,0,0,0,0,0,1,0,0,0,1,1,False,False,LIVING LIFE WELL MEDICAL CENTER
living space by rds,0,0,0,0,0,0,0,1,0,0,0,0,1,1,False,False,Living Space by RDS
liwanag house,0,0,0,0,0,0,0,1,0,0,0,0,1,1,False,False,LIWANAG HOUSE
liz beauty lounge,0,0,0,0,0,1,0,0,0,0,0,0,1,1,False,False,Liz Beauty Lounge
lj bikes,0,0,0,0,0,0,0,0,0,0,1,0,1,1,False,False,LJ Bikes
little flour cafe,0,0,0,0,0,0,1,0,0,0,0,0,1,1,False,False,Little Flour Cafe
little farmers coffee brim,0,1,0,0,0,0,0,0,0,0,0,0,1,1,False,False,LITTLE FARMERS COFFEE BRIM
lonely owl,0,0,0,0,0,1,0,0,0,0,0,0,1,1,False,False,Lonely Owl
little corner breadshop,0,1,0,0,0,0,0,0,0,0,0,0,1,1,False,False,THE LITTLE CORNER BREADSHOP
lilorbits mini donuts,0,0,0,0,0,0,0,1,0,0,0,0,1,1,False,False,Lil'Orbits Mini-Donuts
lils hobby center,0,1,0,0,0,0,0,0,0,0,0,0,1,1,False,False,LIL'S HOBBY CENTER
lily & co,0,1,0,0,0,0,0,0,0,0,0,0,1,1,False,False,LILY & CO.
lim dental clinic,0,0,0,0,0,0,0,0,0,0,1,0,1,1,False,False,Lim Dental Clinic
limapulo,0,0,0,0,0,0,0,0,1,0,0,0,1,1,False,False,LIMAPULO
limitless,0,0,0,0,0,1,0,0,0,0,0,0,1,1,False,False,Limitless
limjoe lemony juice station,0,0,0,0,0,0,0,0,1,0,0,0,1,1,False,False,LIMJOE LEMONY JUICE STATION
line clover d trading inc,0,0,0,0,0,1,0,0,0,0,0,0,1,1,False,False,Line Clover D Trading Inc
ling nam express,0,0,0,0,0,0,0,1,0,0,0,0,1,1,False,False,Ling Nam Express
lipa city travels & tours,0,0,0,0,0,0,0,1,0,0,0,0,1,1,False,False,LIPA CITY TRAVELS & TOURS
lisas tender lean meat,0,0,0,0,1,0,0,0,0,0,0,0,1,1,False,False,Lisa's Tender Lean Meat
listen apparel,0,0,0,0,0,0,0,1,0,0,0,0,1,1,False,False,LISTEN APPAREL
listening room,0,0,0,0,0,0,0,0,1,0,0,0,1,1,False,False,THE LISTENING ROOM
lit,0,1,0,0,0,0,0,0,0,0,0,0,1,1,False,False,LIT
lithe,0,0,0,0,0,1,0,0,0,0,0,0,1,1,False,False,Lithe
lj lugawan,0,0,0,0,0,0,0,0,1,0,0,0,1,1,False,False,LJ LUGAWAN
lj minute key shop,0,0,0,0,1,0,0,0,0,0,0,0,1,1,False,False,LJ Minute Key Shop
ljc beauty & wellness shop hexi health xc health & beauty shop,0,0,0,0,0,0,0,0,0,0,0,1,1,1,False,False,LJC BEAUTY & WELLNESS SHOP (STO. NIÑO DE CEBU) HEXI HEALTH -XC HEALTH & BEAUTY SHOP
ljm,0,0,0,0,0,0,0,1,0,0,0,0,1,1,False,False,LJM
locknlock,0,0,0,0,0,1,0,0,0,0,0,0,1,1,False,False,LocknLock
loewe,0,1,0,0,0,0,0,0,0,0,0,0,1,1,False,False,LOEWE
log,0,0,0,0,0,0,0,0,1,0,0,0,1,1,False,False,LOG
lokal,0,0,0,0,0,1,0,0,0,0,0,0,1,1,False,False,Lokal
lola belens,0,1,0,0,0,0,0,0,0,0,0,0,1,1,False,False,LOLA BELEN’S
lola caf,0,0,0,0,0,0,0,0,1,0,0,0,1,1,False,False,LOLA CAF?
lola nenas,0,0,0,0,0,0,0,0,1,0,0,0,1,1,False,False,LOLA NENA'S
lola soap,0,0,0,0,0,0,0,0,1,0,0,0,1,1,False,False,LOLA SOAP
lolas boutique,0,1,0,0,0,0,0,0,0,0,0,0,1,1,False,False,LOLA’S BOUTIQUE
loliths empanada,0,0,0,0,0,0,0,1,0,0,0,0,1,1,False,False,Lolith's Empanada
lollipastillas,0,0,0,0,0,0,0,0,1,0,0,0,1,1,False,False,LOLLIPASTILLAS
lolo at lola internet cafe,0,0,0,0,0,0,0,1,0,0,0,0,1,1,False,False,Lolo at Lola Internet Cafe
lolo pinoy grill,0,0,0,0,0,1,0,0,0,0,0,0,1,1,False,False,Lolo Pinoy Grill
lom key specialist,0,0,0,0,0,0,1,0,0,0,0,0,1,1,False,False,LOM Key Specialist
london eyelash extensions,0,0,0,0,0,0,0,0,1,0,0,0,1,1,False,False,LONDON EYELASH EXTENSIONS
lock n lock,0,0,0,0,0,0,1,0,0,0,0,0,1,1,False,False,Lock N Lock
lock and lock,0,0,0,1,0,0,0,0,0,0,0,0,1,1,False,False,Lock and Lock
lock & lock 9562274722,0,0,0,0,0,0,0,1,0,0,0,0,1,1,False,False,Lock & Lock 9562274722
lllaollao,0,0,0,0,0,0,0,1,0,0,0,0,1,1,False,False,Lllaollao
ljs minute key shop,0,0,0,0,1,0,0,0,0,0,0,0,1,1,False,False,LJ's Minute Key Shop
ljs minute keyshop,0,0,0,0,1,0,0,0,0,0,0,0,1,1,False,False,LJ's Minute Keyshop
ljtc,0,0,0,0,0,0,0,0,0,0,0,1,1,1,False,False,LJTC
lkaisei japanese restaurant,0,0,0,0,0,0,0,0,1,0,0,0,1,1,False,False,LKAISEI JAPANESE RESTAURANT
llanillo romero optical clinic,0,0,0,0,0,0,0,0,1,0,0,0,1,1,False,False,LLANILLO-ROMERO OPTICAL CLINIC
llao llao 9175651015,0,0,0,0,0,0,0,1,0,0,0,0,1,1,False,False,llao-llao 9175651015
lnd,0,0,0,0,0,0,0,1,0,0,0,0,1,1,False,False,LND
loccitane en provence,0,0,0,0,0,0,0,1,0,0,0,0,1,1,False,False,L’occitane En Provence
load express,0,0,0,0,0,0,0,1,0,0,0,0,1,1,False,False,Load Express
load express 9395400418,0,0,0,0,0,0,0,1,0,0,0,0,1,1,False,False,Load Express 9395400418
load na,1,0,0,0,0,0,0,0,0,0,0,0,1,1,False,False,LOAD NA
load up station,0,0,0,0,0,0,0,1,0,0,0,0,1,1,False,False,LOAD UP STATION
loalde & 18myles,0,0,0,0,0,1,0,0,0,0,0,0,1,1,False,False,Loalde & 18Myles
loc&stor,0,0,0,0,0,1,0,0,0,0,0,0,1,1,False,False,Loc&Stor
lutong bahay ni manang,0,0,0,0,0,0,0,1,0,0,0,0,1,1,False,False,LUTONG BAHAY NI MANANG
luvyah korean potato hotdogs corndogs,0,0,0,0,0,0,0,0,1,0,0,0,1,1,False,False,LUVYAH KOREAN POTATO HOTDOGS CORNDOGS
lux skin essentials,0,0,0,0,0,0,0,0,0,0,0,1,1,1,False,False,LUX SKIN ESSENTIALS
malayan bank,0,0,0,0,0,0,0,1,0,0,0,0,1,1,False,False,Malayan Bank
malubianbian spicy restaurant,0,0,0,0,0,0,0,0,1,0,0,0,1,1,False,False,MALUBIANBIAN SPICY RESTAURANT
mama bears garden,0,0,0,0,0,0,0,0,0,0,1,0,1,1,False,False,Mama Bears Garden
mama jacqs kitchen,0,0,0,0,0,0,0,1,0,0,0,0,1,1,False,False,Mama Jacq's Kitchen
mama marias pizzeria,0,0,0,0,1,0,0,0,0,0,0,0,1,1,False,False,Mama Maria's Pizzeria
mama sarahs lettuce garden,0,0,0,0,0,0,0,1,0,0,0,0,1,1,False,False,Mama Sarah's Lettuce Garden
mamacai,0,0,0,0,0,0,0,0,1,0,0,0,1,1,False,False,MAMACAI
mamacita,0,0,0,0,0,1,0,0,0,0,0,0,1,1,False,False,Mamacita
mamangs wood fired pizzeria,0,0,0,0,0,0,0,0,1,0,0,0,1,1,False,False,MAMANGS WOOD FIRED PIZZERIA
mamas & papas,0,0,0,0,0,0,0,1,0,0,0,0,1,1,False,False,MAMAS & PAPAS
mamastill atbp,0,0,0,0,0,0,0,0,1,0,0,0,1,1,False,False,MAMASTILL ATBP
mamemo corner and booyaka records,0,0,0,0,0,1,0,0,0,0,0,0,1,1,False,False,Mamemo Corner and Booyaka Records
mamitas pizza,0,0,0,0,0,0,0,0,1,0,0,0,1,1,False,False,MAMITA'S PIZZA
mamma mia,0,0,0,0,0,1,0,0,0,0,0,0,1,1,False,False,Mamma Mia
mamolo dental clinic,0,0,0,0,0,0,0,1,0,0,0,0,1,1,False,False,Mamolo Dental Clinic
man go juan,0,0,0,0,0,0,0,0,0,0,1,0,1,1,False,False,Man-Go Juan
malbcoff,0,0,0,0,0,0,1,0,0,0,0,0,1,1,False,False,Malbcoff
makkiramen restaurant,0,0,0,0,0,0,0,0,1,0,0,0,1,1,False,False,MAKKIRAMEN RESTAURANT
luxallure aesthetic clinic,0,0,0,0,0,0,0,1,0,0,0,0,1,1,False,False,LUXALLURE AESTHETIC CLINIC
makiramen,0,0,0,0,0,0,0,0,1,0,0,0,1,1,False,False,MAKIRAMEN
mai pao,0,0,0,0,0,0,0,0,1,0,0,0,1,1,False,False,MAI PAO
mairah footwear store,0,0,0,0,0,0,0,1,0,0,0,0,1,1,False,False,MAIRAH FOOTWEAR STORE
maison de beaute,0,1,0,0,0,0,0,0,0,0,0,0,1,1,False,False,MAISON DE BEAUTE
maison margiela,0,0,0,0,0,0,0,1,0,0,0,0,1,1,False,False,MAISON MARGIELA
maisys coffee cut,0,0,0,0,0,0,0,1,0,0,0,0,1,1,False,False,Maisy's Coffee Cut (open)
maja coffee & donuts,0,0,0,0,0,1,0,0,0,0,0,0,1,1,False,False,Maja Coffee & Donuts
majeids carpet,0,0,1,0,0,0,0,0,0,0,0,0,1,1,False,False,Majeid’s Carpet
majestic ham,0,0,0,0,0,0,1,0,0,0,0,0,1,1,False,False,Majestic Ham
majesty driving school,0,0,0,0,0,0,0,0,1,0,0,0,1,1,False,False,MAJESTY DRIVING SCHOOL
makati projections,0,1,0,0,0,0,0,0,0,0,0,0,1,1,False,False,MAKATI PROJECTIONS
make it kwek,0,0,0,0,0,0,0,1,0,0,0,0,1,1,False,False,Make-It-Kwek
make over salon,0,0,0,0,1,0,0,0,0,0,0,0,1,1,False,False,Make Over Salon
make room & more,0,1,0,0,0,0,0,0,0,0,0,0,1,1,False,False,MAKE ROOM & MORE
makiko,0,1,0,0,0,0,0,0,0,0,0,0,1,1,False,False,MAKIKO
makimura ramen bar express,0,0,0,0,0,0,0,0,1,0,0,0,1,1,False,False,MAKIMURA RAMEN BAR EXPRESS
manam 9190845736,0,0,0,0,0,0,0,1,0,0,0,0,1,1,False,False,MANAM 9190845736
manam comfort food,0,0,0,0,0,0,0,1,0,0,0,0,1,1,False,False,MANAM COMFORT FOOD
manang sayong,0,0,0,0,0,1,0,0,0,0,0,0,1,1,False,False,Manang Sayong
mandara spa relaxation,0,0,0,0,0,0,0,0,1,0,0,0,1,1,False,False,THE MANDARA SPA RELAXATION
mang tinapay,0,0,0,0,0,0,0,0,1,0,0,0,1,1,False,False,MANG TINAPAY
mang tomas pinoy sorbetes,0,1,0,0,0,0,0,0,0,0,0,0,1,1,False,False,MANG TOMAS PINOY SORBETES
mangan restaurant,0,0,0,0,0,0,0,1,0,0,0,0,1,1,False,False,MANGAN RESTAURANT
mangkok avenue,0,0,0,0,0,0,0,1,0,0,0,0,1,1,False,False,Mangkok Avenue
mango delight original,0,0,0,0,0,0,0,0,1,0,0,0,1,1,False,False,MANGO DELIGHT ORIGINAL
mango float supreme,0,0,0,0,0,1,0,0,0,0,0,0,1,1,False,False,Mango Float Supreme
mango mango man,0,0,0,0,0,0,0,0,1,0,0,0,1,1,False,False,MANGO MANGO MAN
mango mango touch,0,0,0,0,0,0,0,1,0,0,0,0,1,1,False,False,Mango/Mango Touch
mango ong,0,0,0,0,0,0,0,1,0,0,0,0,1,1,False,False,Mango-Ong
mango superstore,0,0,0,0,0,0,0,0,1,0,0,0,1,1,False,False,MANGO SUPERSTORE
manic,0,0,0,0,0,0,0,0,1,0,0,0,1,1,False,False,MANIC
manic beauty,0,0,0,0,0,0,0,1,0,0,0,0,1,1,False,False,Manic Beauty
manila bankers insurance,0,0,0,0,0,0,0,1,0,0,0,0,1,1,False,False,MANILA BANKER'S INSURANCE
manila bankers life,0,0,0,0,0,0,0,1,0,0,0,0,1,1,False,False,MANILA BANKER'S LIFE
manila bankers life insurance corp,0,0,0,0,0,0,0,1,0,0,0,0,1,1,False,False,MANILA BANKERS LIFE INSURANCE CORP
mang sorbetes,0,0,0,0,0,0,0,1,0,0,0,0,1,1,False,False,MANG SORBETES
mang rudys,0,1,0,0,0,0,0,0,0,0,0,0,1,1,False,False,MANG RUDY'S
mang pakpak,0,0,0,0,0,1,0,0,0,0,0,0,1,1,False,False,Mang Pakpak
mang domeng bibingka,0,0,0,0,0,0,0,0,0,0,1,0,1,1,False,False,Mang Domeng Bibingka
mandarin,0,0,0,0,0,0,0,1,0,0,0,0,1,1,False,False,Mandarin
mandarin sky express,0,1,0,0,0,0,0,0,0,0,0,0,1,1,False,False,MANDARIN SKY EXPRESS
mandaue foam and home store,0,0,0,0,0,0,0,1,0,0,0,0,1,1,False,False,MANDAUE FOAM AND HOME STORE
mandotory cut,0,0,0,0,0,0,0,1,0,0,0,0,1,1,False,False,Mandotory Cut
manestream salon,0,0,0,0,1,0,0,0,0,0,0,0,1,1,False,False,Manestream Salon
mang chaa,0,0,0,0,0,0,0,1,0,0,0,0,1,1,False,False,Mang Chaa
mang domengs bibingka,0,0,0,0,0,0,0,0,0,0,1,0,1,1,False,False,Mang Domeng's Bibingka
mang inasal virmas food channel cake frost,0,0,0,0,0,0,0,0,0,0,0,1,1,1,False,False,MANG INASAL VIRMA’S FOOD CHANNEL/ CAKE FROST
mang inasal beauche,0,0,0,0,0,0,0,0,0,0,0,1,1,1,False,False,MANG INASAL BEAUCHE
mang inasal extension,0,0,0,0,1,0,0,0,0,0,0,0,1,1,False,False,Mang Inasal - Extension
mang inasal kerrimo,0,0,0,0,0,0,0,0,0,0,0,1,1,1,False,False,Mang Inasal KERRIMO
mang inasal minigem exhibit,0,0,0,0,0,0,0,0,0,0,0,1,1,1,False,False,MANG INASAL MINIGEM EXHIBIT (4)
mang inasal philippines inc,0,0,0,0,0,0,0,0,0,0,0,1,1,1,False,False,"MANG INASAL PHILIPPINES, INC."
mang inasal stock room nelsas lumpia,0,0,0,0,0,0,0,0,0,0,0,1,1,1,False,False,MANG INASAL STOCK ROOM NELSAS LUMPIA
mai jan burger snax,0,0,0,0,1,0,0,0,0,0,0,0,1,1,False,False,Mai-Jan Burger Snax
mai en joi bags & accessories 2823 cellphone,0,0,0,0,0,0,0,0,0,0,0,1,1,1,False,False,MAI EN JOI BAGS & ACCESSORIES 2823 CELLPHONE
mahiwagang kape,0,0,0,0,0,0,0,1,0,0,0,0,1,1,False,False,Mahiwagang Kape
ma chicken mami house,0,1,0,0,0,0,0,0,0,0,0,0,1,1,False,False,MA CHICKEN MAMI HOUSE
m,0,0,0,0,1,0,0,0,0,0,0,0,1,1,False,False,M
m and d quick check medical exam clinic,0,0,0,0,0,0,0,0,1,0,0,0,1,1,False,False,M AND D QUICK CHECK MEDICAL EXAM CLINIC
m g legaspi food center handyman exhibit thematic,0,0,0,0,0,0,0,0,0,0,0,1,1,1,False,False,M.G Legaspi Food Center ( SISIG STOP ) HANDYMAN EXHIBIT THEMATIC
m g legaspi food center robinsons dept exhibit,0,0,0,0,0,0,0,0,0,0,0,1,1,1,False,False,M.G Legaspi Food Center ( BAGNET SARAP ) ROBINSONS DEPT. EXHIBIT
m h burton,0,0,1,0,0,0,0,0,0,0,0,0,1,1,False,False,M.h Burton
m herrero general merchandise,0,0,0,0,0,0,0,1,0,0,0,0,1,1,False,False,M. Herrero General Merchandise
m lhuiller,0,0,0,0,0,0,0,1,0,0,0,0,1,1,False,False,M Lhuiller
m lhuillier jeweler,0,0,0,0,0,0,0,1,0,0,0,0,1,1,False,False,M Lhuillier Jeweler
m lhuillier jewellers 9479990359,0,0,0,0,0,0,0,1,0,0,0,0,1,1,False,False,M. LHUILLIER JEWELLERS 9479990359
m lhuillier pawnshop,0,1,0,0,0,0,0,0,0,0,0,0,1,1,False,False,M. LHUILLIER PAWNSHOP
m m creations,0,0,0,0,0,0,0,0,1,0,0,0,1,1,False,False,M M CREATIONS
m r ginger detox drinks,0,1,0,0,0,0,0,0,0,0,0,0,1,1,False,False,M.R. GINGER DETOX DRINKS
m s money changer 0917 658 6936,0,0,0,0,0,0,0,1,0,0,0,0,1,1,False,False,M.S MONEY CHANGER 0917-658-6936
m stone,0,0,0,0,0,0,0,0,1,0,0,0,1,1,False,False,M STONE
m y shoes,0,0,0,0,0,0,0,1,0,0,0,0,1,1,False,False,M+Y Shoes
lz scents studio by lz perfumery shop,0,0,0,0,0,0,0,1,0,0,0,0,1,1,False,False,LZ Scents Studio by LZ Perfumery Shop
lyric instrument,0,0,1,0,0,0,0,0,0,0,0,0,1,1,False,False,Lyric Instrument
lynx design,0,0,0,0,0,0,0,0,1,0,0,0,1,1,False,False,LYNX DESIGN
luxuri manila,0,0,0,0,0,1,0,0,0,0,0,0,1,1,False,False,Luxuri Manila
luxe at twelfth,0,1,0,0,0,0,0,0,0,0,0,0,1,1,False,False,LUXE AT TWELFTH
luxe escape spa,0,0,0,0,0,1,0,0,0,0,0,0,1,1,False,False,Luxe Escape Spa
luxe lounge,0,1,0,0,0,0,0,0,0,0,0,0,1,1,False,False,LUXE LOUNGE
luxe parfum and scents,0,0,0,0,0,0,0,0,1,0,0,0,1,1,False,False,LUXE PARFUM AND SCENTS
luxe premiere,0,0,0,0,0,0,1,0,0,0,0,0,1,1,False,False,Luxe Premiere
luxederm face and body,0,0,0,0,0,0,0,1,0,0,0,0,1,1,False,False,LuxeDerm Face and Body
luxuri pets by aivee,0,0,0,0,0,1,0,0,0,0,0,0,1,1,False,False,Luxuri Pets By Aivee
lynx,0,0,0,0,0,0,1,0,0,0,0,0,1,1,False,False,Lynx
luxurious nails,0,0,0,0,0,0,0,1,0,0,0,0,1,1,False,False,Luxurious Nails
luz castalone staffhouse sto nino de cebu gulaman factory,0,0,0,0,0,0,0,0,0,0,0,1,1,1,False,False,LUZ CASTALONE STAFFHOUSE/ Sto. Niño de Cebu) GULAMAN FACTORY
lydia amor,0,0,0,0,0,0,0,1,0,0,0,0,1,1,False,False,Lydia Amor
lyle general merchandise mini gem exhibit 12,0,0,0,0,0,0,0,0,0,0,0,1,1,1,False,False,LYLE GENERAL MERCHANDISE MINI GEM EXHIBIT #12 ( created space # 21 )
lyn,0,0,0,0,0,0,0,0,1,0,0,0,1,1,False,False,LYN
lynderm facial center and day spa,0,0,0,0,0,0,0,0,0,0,1,0,1,1,False,False,Lynderm Facial Center And Day Spa
ma ay,0,0,1,0,0,0,0,0,0,0,0,0,1,1,False,False,Ma-ay
ma dao,0,0,0,0,0,0,0,0,1,0,0,0,1,1,False,False,MA DAO
mahiwaga cafe,0,0,0,0,0,0,0,0,1,0,0,0,1,1,False,False,MAHIWAGA CAFE
ma sculptra skin laser & aesthetic center,0,0,0,0,0,1,0,0,0,0,0,0,1,1,False,False,Ma Sculptra Skin Laser & Aesthetic Center
madcafe,0,0,0,0,0,0,0,0,1,0,0,0,1,1,False,False,MADCAFE
made 2 measure,0,0,0,0,0,0,0,0,1,0,0,0,1,1,False,False,MADE 2 MEASURE
made by pearl,0,0,0,0,0,0,0,0,1,0,0,0,1,1,False,False,MADE BY PEARL
made for u,0,1,0,0,0,0,0,0,0,0,0,0,1,1,False,False,MADE FOR U
madeca,0,0,0,0,0,0,0,0,1,0,0,0,1,1,False,False,MADECA
madisons skin body experts,0,0,0,0,0,0,0,0,1,0,0,0,1,1,False,False,MADISONS SKIN BODY EXPERTS
madrone,0,0,0,0,0,1,0,0,0,0,0,0,1,1,False,False,Madrone
madsun travel & tours,0,0,0,0,0,0,0,1,0,0,0,0,1,1,False,False,MADSUN TRAVEL & TOURS
mag sugba ta seafood grill,0,0,0,0,0,0,0,0,1,0,0,0,1,1,False,False,MAG SUGBA TA SEAFOOD GRILL
magic melt,0,0,0,0,0,0,0,0,1,0,0,0,1,1,False,False,MAGIC MELT
magic tracklesstrain,0,0,0,0,0,0,0,1,0,0,0,0,1,1,False,False,Magic TracklessTrain
mags jewelry,0,0,0,0,1,0,0,0,0,0,0,0,1,1,False,False,Mags Jewelry
magure izakaya,0,0,0,0,0,1,0,0,0,0,0,0,1,1,False,False,Magure Izakaya
magure restaurant,0,0,0,0,0,0,0,0,1,0,0,0,1,1,False,False,MAGURE RESTAURANT
mah,0,0,0,0,0,0,0,1,0,0,0,0,1,1,False,False,MAH
madc dental clinic,0,0,0,0,0,0,0,0,1,0,0,0,1,1,False,False,MADC DENTAL CLINIC
mad marks creamery & good eats,0,1,0,0,0,0,0,0,0,0,0,0,1,1,False,False,MAD MARK'S CREAMERY & GOOD EATS
mad arrow,0,0,0,0,0,0,0,0,1,0,0,0,1,1,False,False,MAD ARROW
macao imperial tea 0917 555 3955,0,0,0,0,0,0,0,1,0,0,0,0,1,1,False,False,Macao Imperial Tea 0917-555-3955
maanyag,0,1,0,0,0,0,0,0,0,0,0,0,1,1,False,False,MAANYAG
maba road safety kiddie park,0,0,0,0,0,0,0,1,0,0,0,0,1,1,False,False,MABA Road Safety Kiddie Park
mac beth 9154811681,0,0,0,0,0,0,0,1,0,0,0,0,1,1,False,False,Mac Beth 9154811681
mac cellphone and accessories,0,0,0,0,0,0,0,1,0,0,0,0,1,1,False,False,MAC CELLPHONE AND ACCESSORIES
mac cosmetics 8733 6987 09175314399,0,0,0,0,0,0,0,1,0,0,0,0,1,1,False,False,MAC Cosmetics 8733-6987 / 09175314399
macao imperial,0,0,0,0,0,0,0,1,0,0,0,0,1,1,False,False,Macao Imperial
macao imperial tea 615 0610,0,0,0,0,0,0,0,1,0,0,0,0,1,1,False,False,MACAO IMPERIAL TEA (075) 615-0610
macrowash laundry,0,0,0,0,0,0,0,0,1,0,0,0,1,1,False,False,MACROWASH LAUNDRY
macao imperial tea 9059164310,0,0,0,0,0,0,0,1,0,0,0,0,1,1,False,False,MACAO IMPERIAL TEA 9059164310
macarampat,0,0,0,0,0,0,0,0,0,0,0,1,1,1,False,False,MACARAMPAT
mackim prints inc,0,0,0,0,0,0,0,0,1,0,0,0,1,1,False,False,MACKIM PRINTS INC
macondara cp,0,0,0,0,0,0,0,0,0,0,0,1,1,1,False,False,MACONDARA CP
maconfi marketing,0,0,0,0,1,0,0,0,0,0,0,0,1,1,False,False,Maconfi Marketing
macrosales mini gem exhibit 12,0,0,0,0,0,0,0,0,0,0,0,1,1,1,False,False,MACROSALES MINI GEM EXHIBIT #12 ( FC created space # 19 )
jh enterprises,0,0,0,0,0,0,0,0,0,0,0,1,1,1,False,False,JH ENTERPRISES
jgkb cellphone accessories,0,0,0,0,0,0,0,1,0,0,0,0,1,1,False,False,JGKB Cellphone Accessories
father & sons barbershop,0,0,0,0,0,0,0,1,0,0,0,0,1,1,False,False,FATHER & SONS BARBERSHOP
ginataang bilo bilo mais,0,0,0,0,0,0,0,0,1,0,0,0,1,1,False,False,GINATAANG BILO BILO MAIS
ginger wok,0,0,0,0,0,0,0,1,0,0,0,0,1,1,False,False,Ginger Wok
ginger wok rice house,0,0,0,0,0,0,0,1,0,0,0,0,1,1,False,False,Ginger Wok Rice House
gingerlily,0,0,0,0,0,0,1,0,0,0,0,0,1,1,False,False,Gingerlily
gingersnap just g,0,1,0,0,0,0,0,0,0,0,0,0,1,1,False,False,GINGERSNAP / JUST G
gingersnaps 8292 002,0,0,0,0,0,0,0,1,0,0,0,0,1,1,False,False,Gingersnaps 8292-002
ginos pizza and pasta,0,1,0,0,0,0,0,0,0,0,0,0,1,1,False,False,GINO'S PIZZA AND PASTA
gintong sining art center,0,0,1,0,0,0,0,0,0,0,0,0,1,1,False,False,Gintong Sining Art Center
ginza sushi,0,1,0,0,0,0,0,0,0,0,0,0,1,1,False,False,GINZA SUSHI
gionee gadget protekt,0,1,0,0,0,0,0,0,0,0,0,0,1,1,False,False,GIONEE/GADGET PROTEKT
giordano 9074547807,0,0,0,0,0,0,0,1,0,0,0,0,1,1,False,False,GIORDANO 9074547807
girbaud,0,0,0,0,0,0,0,1,0,0,0,0,1,1,False,False,Girbaud
girls en gals,1,0,0,0,0,0,0,0,0,0,0,0,1,1,False,False,GIRLS EN GALS (BNY)
gitagum,0,0,0,0,0,0,0,1,0,0,0,0,1,1,False,False,Gitagum
giulias,0,0,0,0,1,0,0,0,0,0,0,0,1,1,False,False,Giulias
givenchy,0,1,0,0,0,0,0,0,0,0,0,0,1,1,False,False,GIVENCHY
ging gings fruit stand,0,1,0,0,0,0,0,0,0,0,0,0,1,1,False,False,GING GING'S FRUIT STAND
giligans island bar restaurant,0,0,0,0,0,0,0,0,0,1,0,0,1,1,False,False,GILIGAN'S ISLAND BAR RESTAURANT
ghostrecon cyberhub internet,0,0,0,0,0,0,0,0,1,0,0,0,1,1,False,False,GHOSTRECON CYBERHUB INTERNET
gilak kebab,0,1,0,0,0,0,0,0,0,0,0,0,1,1,False,False,GILAK KEBAB
giardini del sole,0,0,0,0,0,0,0,0,1,0,0,0,1,1,False,False,GIARDINI DEL SOLE
gibi house,0,0,0,0,0,0,0,0,0,1,0,0,1,1,False,False,GIBI HOUSE
gibi stay healthy marketing,0,0,0,0,0,0,0,0,0,0,0,1,1,1,False,False,GIBI STAY HEALTHY MARKETING
gidcels travel tours,0,0,0,0,0,0,0,0,1,0,0,0,1,1,False,False,GIDCELS TRAVEL TOURS
gift wrapping by dps,0,0,0,0,1,0,0,0,0,0,0,0,1,1,False,False,Gift Wrapping by DPS
giftbox ph,1,0,0,0,0,0,0,0,0,0,0,0,1,1,False,False,GIFTBOX.PH
giga matrix,0,0,0,0,0,0,0,1,0,0,0,0,1,1,False,False,GIGA MATRIX
giga natural,0,0,0,0,0,0,0,1,0,0,0,0,1,1,False,False,GIGA Natural
gigabyte,0,0,0,0,0,0,0,0,1,0,0,0,1,1,False,False,GIGABYTE
gigagadgets,0,0,0,0,0,0,0,0,1,0,0,0,1,1,False,False,GIGAGADGETS
gigahertz satellite,0,0,1,0,0,0,0,0,0,0,0,0,1,1,False,False,Gigahertz Satellite
gigatech,0,0,0,0,0,0,0,1,0,0,0,0,1,1,False,False,GIGATECH
gigatech 9923169410,0,0,0,0,0,0,0,1,0,0,0,0,1,1,False,False,GIGATECH 9923169410
gigatech mobile shop,0,0,0,0,0,0,0,0,1,0,0,0,1,1,False,False,GIGATECH MOBILE SHOP
gigli,0,1,0,0,0,0,0,0,0,0,0,0,1,1,False,False,GIGLI
gizmo central 2,0,0,0,0,0,0,1,0,0,0,0,0,1,1,False,False,Gizmo Central 2
gjl optical,0,0,0,0,0,0,0,1,0,0,0,0,1,1,False,False,GJL OPTICAL
gjl optical supplies,0,0,0,0,0,0,0,1,0,0,0,0,1,1,False,False,GJL OPTICAL SUPPLIES
glad king,0,0,0,0,0,0,0,1,0,0,0,0,1,1,False,False,Glad King
globewest finance corp,0,0,0,0,0,1,0,0,0,0,0,0,1,1,False,False,Globewest Finance Corp.
glomys empanada,0,0,0,0,0,0,0,1,0,0,0,0,1,1,False,False,Glomy's Empanada
glorys empanada,0,0,0,0,0,0,0,0,1,0,0,0,1,1,False,False,GLORYS EMPANADA
glow,0,0,0,0,0,1,0,0,0,0,0,0,1,1,False,False,Glow
glow march 28 2017,0,0,0,0,0,0,0,0,0,0,0,1,1,1,False,False,"GLOW *March 28, 2017"
glow up,0,0,0,0,0,0,0,1,0,0,0,0,1,1,False,False,Glow Up
gluta drip,0,0,0,0,0,0,0,1,0,0,0,0,1,1,False,False,THE GLUTA DRIP
gluta homes,0,0,0,0,0,0,0,1,0,0,0,0,1,1,False,False,Gluta Homes
gluta republiq,0,0,0,0,0,0,0,1,0,0,0,0,1,1,False,False,Gluta Republiq
glutahome aesthetic,0,0,0,0,0,0,0,1,0,0,0,0,1,1,False,False,THE GLUTAHOME AESTHETIC
glutaness wellness and beauty center,0,0,0,0,0,0,0,0,1,0,0,0,1,1,False,False,GLUTANESS WELLNESS AND BEAUTY CENTER
glutapeel skin whitening specialist 0920 660 3469,0,0,0,0,0,0,0,1,0,0,0,0,1,1,False,False,GLUTAPEEL SKIN WHITENING SPECIALIST 0920-660-3469
glutartista skincare hub,0,0,0,0,1,0,0,0,0,0,0,0,1,1,False,False,Glutartista Skincare Hub
gm education,0,0,0,0,0,1,0,0,0,0,0,0,1,1,False,False,GM Education
gm time,0,0,0,0,0,0,0,0,1,0,0,0,1,1,False,False,GM-TIME
globe touchpay,0,0,0,0,0,1,0,0,0,0,0,0,1,1,False,False,Globe TouchPay
globe signal coverage,0,0,0,0,0,0,0,0,0,0,0,1,1,1,False,False,GLOBE SIGNAL COVERAGE
globe in house solution,0,0,0,0,0,0,0,0,0,0,0,1,1,1,False,False,GLOBE IN-HOUSE SOLUTION
glamour lounge,0,0,0,0,0,0,0,1,0,0,0,0,1,1,False,False,GLAMOUR LOUNGE
gladex travel & tours,0,0,0,0,0,1,0,0,0,0,0,0,1,1,False,False,Gladex Travel & Tours
gladex travel and tours,0,0,0,0,0,0,0,1,0,0,0,0,1,1,False,False,GLADEX TRAVEL AND TOURS
gladex travel services,0,0,0,0,0,0,0,0,1,0,0,0,1,1,False,False,GLADEX TRAVEL SERVICES
glam aesthetic,0,0,0,0,0,0,0,1,0,0,0,0,1,1,False,False,GLAM AESTHETIC
glam feet,0,0,0,0,0,0,0,1,0,0,0,0,1,1,False,False,Glam Feet
glam u salon,0,0,0,0,0,0,0,0,1,0,0,0,1,1,False,False,GLAM U SALON
glamoureux hair salon,0,1,0,0,0,0,0,0,0,0,0,0,1,1,False,False,GLAMOUREUX HAIR SALON
globe ca exhibit network,0,0,0,0,0,0,0,0,0,0,0,1,1,1,False,False,GLOBE CA EXHIBIT NETWORK
glenas enterprises,0,0,0,0,0,0,0,0,1,0,0,0,1,1,False,False,GLENAS ENTERPRISES
glenn electronics erald food express,0,0,0,0,0,0,0,0,0,0,0,1,1,1,False,False,GLENN ELECTRONICS ERALD FOOD EXPRESS (DONNAVELLE STREET FOOD)
global art philippines,0,0,0,0,0,1,0,0,0,0,0,0,1,1,False,False,Global Art Philippines
global eyecare center,0,0,0,0,1,0,0,0,0,0,0,0,1,1,False,False,Global Eyecare Center
global headstart,0,0,0,1,0,0,0,0,0,0,0,0,1,1,False,False,Global Headstart
globe 211,0,0,0,0,0,0,0,1,0,0,0,0,1,1,False,False,GLOBE 211 (NEW)
giant,0,0,0,0,0,0,1,0,0,0,0,0,1,1,False,False,GIANT
gh mobile phones and accessories store,0,0,0,0,0,0,0,0,1,0,0,0,1,1,False,False,GH MOBILE PHONES AND ACCESSORIES STORE
gml hongkong style fried noodles,0,0,0,0,0,0,0,0,1,0,0,0,1,1,False,False,GML-HONGKONG STYLE FRIED NOODLES
gang nam nail art studio,0,0,0,0,0,0,0,0,0,1,0,0,1,1,False,False,GANG-NAM NAIL ART STUDIO
ganso shabuwayganso gyukatsu,0,0,0,0,0,0,0,0,1,0,0,0,1,1,False,False,GANSO SHABUWAYGANSO GYUKATSU
gaoc dental,0,0,0,0,0,0,0,1,0,0,0,0,1,1,False,False,GAOC Dental
garden in pares,0,0,0,0,0,0,0,0,0,0,1,0,1,1,False,False,Garden In Pares
garden wing cafe,0,0,0,0,0,1,0,0,0,0,0,0,1,1,False,False,Garden Wing Cafe
garnet,0,0,0,0,0,0,0,0,1,0,0,0,1,1,False,False,GARNET
garnish,0,0,0,0,0,0,0,1,0,0,0,0,1,1,False,False,Garnish
garrys thai massage and spa,0,0,0,0,0,0,0,0,1,0,0,0,1,1,False,False,GARRYS THAI MASSAGE AND SPA
garys thai massage,0,0,0,0,0,0,0,1,0,0,0,0,1,1,False,False,Gary's Thai Massage
gasa,0,0,0,0,0,0,0,0,1,0,0,0,1,1,False,False,GASA
gashapon bandai official,0,0,0,0,0,0,0,1,0,0,0,0,1,1,False,False,GASHAPON BANDAI OFFICIAL
gat petshop,0,0,0,0,0,0,1,0,0,0,0,0,1,1,False,False,GAT Petshop
gatchalian medical center,0,0,0,0,0,0,0,0,1,0,0,0,1,1,False,False,GATCHALIAN MEDICAL CENTER
gatsu man,0,0,0,0,0,1,0,0,0,0,0,0,1,1,False,False,Gatsu-Man
gaudencious lugaw to go,0,0,0,0,0,0,0,1,0,0,0,0,1,1,False,False,Gaudenciou's Lugaw To Go
gayles flower shop pampanga,0,0,0,0,0,0,0,0,1,0,0,0,1,1,False,False,GAYLES FLOWER SHOP PAMPANGA
gangji produced hongkong cafe,0,0,0,0,0,0,0,0,1,0,0,0,1,1,False,False,GANGJI PRODUCED HONGKONG CAFÉ
gang gang chicken,0,0,0,0,0,0,0,1,0,0,0,0,1,1,False,False,GANG GANG CHICKEN
gh minicon,0,0,0,0,0,0,1,0,0,0,0,0,1,1,False,False,GH Minicon
gandiva archery,0,0,0,0,1,0,0,0,0,0,0,0,1,1,False,False,Gandiva Archery
galvan cellphone accessories shop,0,0,0,0,0,0,0,0,0,0,0,1,1,1,False,False,GALVAN CELLPHONE ACCESSORIES SHOP
gam ja friez,0,0,0,0,0,0,0,1,0,0,0,0,1,1,False,False,GAM JA FRIEZ
gambas stuffed toys,0,0,1,0,0,0,0,0,0,0,0,0,1,1,False,False,Gamba’s Stuffed Toys
game link trading,0,0,0,0,1,0,0,0,0,0,0,0,1,1,False,False,Game Link Trading
game site accessories,0,0,1,0,0,0,0,0,0,0,0,0,1,1,False,False,Game Site Accessories
game source,0,0,0,0,0,0,0,1,0,0,0,0,1,1,False,False,Game Source
gamen core,0,0,0,0,0,0,0,0,0,0,1,0,1,1,False,False,Gamen Core
gamen core computer laptop repair services,0,0,0,0,0,0,0,0,1,0,0,0,1,1,False,False,GAMEN CORE COMPUTER LAPTOP REPAIR SERVICES
gameplace,0,0,0,0,0,0,0,1,0,0,0,0,1,1,False,False,The Gameplace
gamequest,0,0,0,0,0,0,1,0,0,0,0,0,1,1,False,False,Gamequest
gamesite,0,0,1,0,0,0,0,0,0,0,0,0,1,1,False,False,Gamesite
gamesite net cafe,0,0,0,0,0,0,0,1,0,0,0,0,1,1,False,False,GAMESITE NET CAFE
gametime athletics,0,1,0,0,0,0,0,0,0,0,0,0,1,1,False,False,GAMETIME ATHLETICS
gaming library,0,1,0,0,0,0,0,0,0,0,0,0,1,1,False,False,GAMING LIBRARY
gandang ricky reyes,0,1,0,0,0,0,0,0,0,0,0,0,1,1,False,False,GANDANG RICKY REYES
gb mobile,0,0,0,0,0,0,0,0,1,0,0,0,1,1,False,False,GB MOBILE
gc collectibles,0,0,0,0,0,0,1,0,0,0,0,0,1,1,False,False,Gc Collectibles
gcash atm,0,0,0,0,0,1,0,0,0,0,0,0,1,1,False,False,GCash ATM
gcf sta rosa worship center 0943 7096932,0,0,0,0,0,0,0,1,0,0,0,0,1,1,False,False,GCF Sta. Rosa Worship Center 0943-7096932
generics pharmacy mdh key access duplication and accesories,0,0,0,0,0,0,0,0,0,0,0,1,1,1,False,False,THE GENERICS PHARMACY MDH Key Access Duplication and Accesories
generika ketai cellphone repair 1,0,0,0,0,0,0,0,0,0,0,0,1,1,1,False,False,GENERIKA KETAI CELLPHONE REPAIR 1
genoveza sabor ilonggo pasalubong center,0,0,0,0,0,0,0,0,1,0,0,0,1,1,False,False,GENOVEZA SABOR ILONGGO PASALUBONG CENTER
gentext telecom,0,0,0,0,0,0,0,1,0,0,0,0,1,1,False,False,Gentext Telecom
geocon by gadget get,0,0,0,0,0,0,1,0,0,0,0,0,1,1,False,False,Geocon By Gadget Get
george & onnies,0,0,0,0,0,1,0,0,0,0,0,0,1,1,False,False,George & Onnie’s
george and onnies filipino restaurant,0,0,0,0,0,0,0,0,1,0,0,0,1,1,False,False,GEORGE AND ONNIE'S FILIPINO RESTAURANT
geri,0,0,0,0,0,1,0,0,0,0,0,0,1,1,False,False,Geri
gerrs grill,0,0,0,0,0,0,0,1,0,0,0,0,1,1,False,False,GERR'S GRILL
gerrys grill temporarily closed,0,0,0,0,0,0,0,1,0,0,0,0,1,1,False,False,Gerry's Grill TEMPORARILY CLOSED
get technologies,0,0,0,0,0,0,0,1,0,0,0,0,1,1,False,False,GET TECHNOLOGIES
getaway body nails spa,0,0,0,0,0,0,0,0,1,0,0,0,1,1,False,False,THE GETAWAY BODY NAILS SPA
getwell health system,0,0,0,1,0,0,0,0,0,0,0,0,1,1,False,False,Getwell Health System
gforce dance center,0,0,1,0,0,0,0,0,0,0,0,0,1,1,False,False,Gforce Dance Center
ggi massage wellness centre,0,0,0,0,0,0,0,0,1,0,0,0,1,1,False,False,GGI MASSAGE WELLNESS CENTRE
generics pharmacy 0933 476 6488,0,0,0,0,0,0,0,1,0,0,0,0,1,1,False,False,The Generics Pharmacy 0933-476-6488
general photo,0,1,0,0,0,0,0,0,0,0,0,0,1,1,False,False,GENERAL PHOTO
gene m gozum,0,0,0,0,0,0,0,1,0,0,0,0,1,1,False,False,Gene M. Gozum
gelrocks,0,0,0,0,0,0,0,1,0,0,0,0,1,1,False,False,Gelrocks
gdgt zone,0,0,0,0,0,0,0,0,1,0,0,0,1,1,False,False,GDGT ZONE
geewan,0,0,0,0,0,0,0,0,1,0,0,0,1,1,False,False,GEEWAN
gegatech,0,0,0,0,0,0,0,1,0,0,0,0,1,1,False,False,Gegatech
geh20,0,0,0,0,0,0,0,0,1,0,0,0,1,1,False,False,GEH20
gelato by chef miko,0,0,0,0,0,0,1,0,0,0,0,0,1,1,False,False,Gelato by Chef Miko
geleen cellphone and accessories,0,0,0,0,0,0,0,1,0,0,0,0,1,1,False,False,Geleen Cellphone and Accessories
gelron lugawan,0,0,0,0,0,0,0,0,1,0,0,0,1,1,False,False,GELRON LUGAWAN
gen korean bbq house,0,0,0,0,0,0,0,0,1,0,0,0,1,1,False,False,GEN KOREAN BBQ HOUSE
gelron street foods,0,0,0,0,0,0,0,0,1,0,0,0,1,1,False,False,GELRON STREET FOODS
gem gallery,0,0,0,0,0,0,0,0,1,0,0,0,1,1,False,False,GEM GALLERY
gems & jewels,0,1,0,0,0,0,0,0,0,0,0,0,1,1,False,False,GEMS & JEWELS
gems empanada,0,0,0,0,0,0,0,1,0,0,0,0,1,1,False,False,GEM'S EMPANADA
gems jewel by carla,0,0,0,0,0,0,0,0,1,0,0,0,1,1,False,False,GEMS JEWEL BY CARLA
gemstone jewellery,0,0,0,0,0,0,0,0,1,0,0,0,1,1,False,False,GEMSTONE JEWELLERY
gmel cellphone repair shop,1,0,0,0,0,0,0,0,0,0,0,0,1,1,False,False,GMEL Cellphone Repair Shop
gmp mobile gear,0,0,0,0,1,0,0,0,0,0,0,0,1,1,False,False,GMP Mobile Gear
gallery nine,0,0,0,0,0,0,0,0,1,0,0,0,1,1,False,False,GALLERY NINE
green box hub,0,0,0,0,0,0,0,1,0,0,0,0,1,1,False,False,Green Box Hub
green day matcha bar,0,0,0,0,0,0,0,1,0,0,0,0,1,1,False,False,Green Day Matcha Bar
green lane,0,1,0,0,0,0,0,0,0,0,0,0,1,1,False,False,GREEN LANE
greenbucks,0,0,0,0,0,0,0,0,0,0,1,0,1,1,False,False,Greenbucks
greenlife,0,0,0,0,0,0,0,1,0,0,0,0,1,1,False,False,Greenlife
greenmart,0,0,0,0,0,0,1,0,0,0,0,0,1,1,False,False,Greenmart
greenscape petshop and supplies,0,0,0,0,0,1,0,0,0,0,0,0,1,1,False,False,Greenscape Petshop And Supplies
greentab open,0,0,0,0,0,0,0,1,0,0,0,0,1,1,False,False,GREENTAB OPEN
greenwich cjm ciomai and gulaman pandan enterprises buko express,0,0,0,0,0,0,0,0,0,0,0,1,1,1,False,False,GREENWICH CJM CIOMAI AND GULAMAN PANDAN ENTERPRISES/ BUKO EXPRESS
greenwich grw cellphone,0,0,0,0,0,0,0,0,0,0,0,1,1,1,False,False,GREENWICH GRW CELLPHONE
greenwich tk takoyaki,0,0,0,0,0,0,0,0,0,0,0,1,1,1,False,False,GREENWICH TK TAKOYAKI
greenwood,0,0,0,0,0,0,0,1,0,0,0,0,1,1,False,False,Greenwood
greenwood furniture,0,0,0,0,0,0,0,1,0,0,0,0,1,1,False,False,Greenwood Furniture
greetings from taiwan,0,0,0,0,0,0,0,1,0,0,0,0,1,1,False,False,GREETINGS FROM TAIWAN (9989998816)
gregorias curtains and trims haus,0,0,0,0,0,0,0,0,1,0,0,0,1,1,False,False,GREGORIAS CURTAINS AND TRIMS HAUS
grent cellphone station,0,0,0,0,0,0,0,0,1,0,0,0,1,1,False,False,GRENT CELLPHONE STATION
green coco,0,0,0,0,0,0,0,1,0,0,0,0,1,1,False,False,GREEN COCO
green bounty kitchen,0,0,0,0,0,0,0,0,1,0,0,0,1,1,False,False,THE GREEN BOUNTY KITCHEN
grail cleaning services,0,0,0,0,0,0,0,0,1,0,0,0,1,1,False,False,GRAIL CLEANING SERVICES
green bounty,0,0,0,0,0,0,0,0,1,0,0,0,1,1,False,False,GREEN BOUNTY
gran moshi koshi of tokyo,0,1,0,0,0,0,0,0,0,0,0,0,1,1,False,False,GRAN MOSHI KOSHI OF TOKYO
grand hope travel & tours,0,0,0,0,0,0,0,0,1,0,0,0,1,1,False,False,GRAND HOPE TRAVEL & TOURS
grand hope ventures travel,0,1,0,0,0,0,0,0,0,0,0,0,1,1,False,False,GRAND HOPE VENTURES TRAVEL
grand prg gems inc,0,0,0,0,0,0,0,0,0,0,0,1,1,1,False,False,"GRAND PRG GEMS, INC."
grandmas sandwich grilled and healthy,0,0,0,0,0,0,0,0,1,0,0,0,1,1,False,False,GRANDMAS SANDWICH GRILLED AND HEALTHY
grandscape travel tours,0,0,0,0,0,0,0,0,1,0,0,0,1,1,False,False,GRANDSCAPE TRAVEL TOURS
graphic,0,1,0,0,0,0,0,0,0,0,0,0,1,1,False,False,GRAPHIC
graphic gadget store,0,0,0,0,0,0,0,1,0,0,0,0,1,1,False,False,Graphic Gadget Store
graphic star,0,1,0,0,0,0,0,0,0,0,0,0,1,1,False,False,GRAPHIC STAR
graphicstar,0,0,0,0,0,0,0,0,1,0,0,0,1,1,False,False,GRAPHICSTAR
gray enterprise,0,1,0,0,0,0,0,0,0,0,0,0,1,1,False,False,GRAY ENTERPRISE
great buddha cafe,0,0,0,0,0,0,0,0,1,0,0,0,1,1,False,False,THE GREAT BUDDHA CAFE
greatdays travel & tours,0,0,0,0,0,0,0,1,0,0,0,0,1,1,False,False,GREATDAYS TRAVEL & TOURS
greattoys online com,0,0,0,0,0,0,1,0,0,0,0,0,1,1,False,False,Greattoys Online.com
greekys shawarma,0,0,0,0,0,0,0,0,0,0,0,1,1,1,False,False,Greekys Shawarma
grent cellphone station accessories,0,0,0,0,0,0,0,0,1,0,0,0,1,1,False,False,GRENT CELLPHONE STATION ACCESSORIES
grey fashion collection,0,1,0,0,0,0,0,0,0,0,0,0,1,1,False,False,GREY FASHION COLLECTION
greyhound cafe 0917 834 5534,0,0,0,0,0,0,0,1,0,0,0,0,1,1,False,False,Greyhound Cafe 0917 834 5534
grill,0,0,0,0,0,0,0,1,0,0,0,0,1,1,False,False,The Grill
guerlain,0,1,0,0,0,0,0,0,0,0,0,0,1,1,False,False,GUERLAIN
guerrero house of aesthetics,0,0,0,0,0,0,0,0,1,0,0,0,1,1,False,False,GUERRERO HOUSE OF AESTHETICS
guess outlet,0,1,0,0,0,0,0,0,0,0,0,0,1,1,False,False,GUESS OUTLET
gugu manju 9398327553,0,0,0,0,0,0,0,1,0,0,0,0,1,1,False,False,GUGU MANJU 9398327553
gugu manju open,0,0,0,0,0,0,0,1,0,0,0,0,1,1,False,False,GUGU MANJU OPEN
guillers antiques & collectibles,1,0,0,0,0,0,0,0,0,0,0,0,1,1,False,False,GUILLER'S ANTIQUES & COLLECTIBLES
guimhealth,0,0,0,0,0,0,0,1,0,0,0,0,1,1,False,False,Guimhealth
gulaman avenue,0,0,0,0,0,0,0,1,0,0,0,0,1,1,False,False,Gulaman Avenue
gulaman coolers,0,0,0,0,0,0,0,0,0,0,0,1,1,1,False,False,Gulaman Coolers
gulaman street,0,0,0,0,0,0,0,0,0,0,0,1,1,1,False,False,GULAMAN STREET
gumball machine,0,0,0,0,0,0,0,1,0,0,0,0,1,1,False,False,Gumball Machine
gumbo,0,0,0,0,0,0,0,0,1,0,0,0,1,1,False,False,GUMBO
gunnery ph,0,0,1,0,0,0,0,0,0,0,0,0,1,1,False,False,Gunnery Ph
gupit galleria,0,0,0,0,0,0,0,1,0,0,0,0,1,1,False,False,GUPIT GALLERIA
guri guri orange paradise,0,0,0,0,0,0,0,0,1,0,0,0,1,1,False,False,GURI GURI ORANGE PARADISE
gucci,0,1,0,0,0,0,0,0,0,0,0,0,1,1,False,False,GUCCI
gubys chicharon,0,0,0,0,0,0,0,1,0,0,0,0,1,1,False,False,Guby's Chicharon
guapos barbershop,0,0,0,0,0,0,1,0,0,0,0,0,1,1,False,False,Guapo's Barbershop
grupo barbero,0,0,0,0,0,0,0,0,0,0,0,1,1,1,False,False,Grupo Barbero
grill central,0,0,0,0,0,0,0,1,0,0,0,0,1,1,False,False,GRILL CENTRAL
grill meister,0,0,0,0,0,0,1,0,0,0,0,0,1,1,False,False,Grill Meister
grill specialist inc,0,0,0,0,0,0,0,0,0,0,0,1,1,1,False,False,"GRILL SPECIALIST, INC. ( GUDSILOG )"
grillily,0,0,0,0,0,0,0,1,0,0,0,0,1,1,False,False,Grillily
growing in christ fellowship,0,0,0,0,0,0,0,1,0,0,0,0,1,1,False,False,Growing In Christ Fellowship
grumpy storm,0,0,0,0,0,0,0,0,1,0,0,0,1,1,False,False,GRUMPY STORM
grwm,0,0,1,0,0,0,0,0,0,0,0,0,1,1,False,False,Grwm (kiosk)
gtoys,0,0,0,0,0,0,1,0,0,0,0,0,1,1,False,False,Gtoy's
gsis,0,0,0,0,0,0,0,0,1,0,0,0,1,1,False,False,GSIS
gsis gw ps,0,0,0,0,0,0,0,1,0,0,0,0,1,1,False,False,GSIS GW@PS ( Temporarily closed )
gsm jam tools,0,0,0,0,0,0,1,0,0,0,0,0,1,1,False,False,Gsm Jam Tools
gsp money changer,0,0,0,0,0,0,0,1,0,0,0,0,1,1,False,False,GSP Money Changer
gt fleurs,0,0,0,0,0,0,0,0,1,0,0,0,1,1,False,False,GT FLEURS
gtj hongkong style fried noodles,0,0,0,0,0,0,0,0,1,0,0,0,1,1,False,False,GTJ-HONGKONG STYLE FRIED NOODLES
grainsmart,0,1,0,0,0,0,0,0,0,0,0,0,1,1,False,False,GRAINSMART
grail,0,0,0,0,0,0,1,0,0,0,0,0,1,1,False,False,Grail
gnarly,0,0,0,0,0,0,1,0,0,0,0,0,1,1,False,False,Gnarly
gold n gems,0,0,0,0,0,0,1,0,0,0,0,0,1,1,False,False,Gold N Gems
golden bowl dimsum express,0,0,0,0,0,0,0,0,1,0,0,0,1,1,False,False,GOLDEN BOWL DIMSUM EXPRESS
golden catch,0,0,0,0,0,0,0,1,0,0,0,0,1,1,False,False,The Golden Catch
golden crest arts & frames,0,1,0,0,0,0,0,0,0,0,0,0,1,1,False,False,GOLDEN CREST ARTS & FRAMES
golden haven,0,0,0,0,0,0,0,0,0,1,0,0,1,1,False,False,GOLDEN HAVEN
golden hills jewelry,0,0,0,0,0,0,0,0,1,0,0,0,1,1,False,False,GOLDEN HILLS JEWELRY
golden lady,0,0,0,0,0,0,0,0,1,0,0,0,1,1,False,False,GOLDEN LADY
golden monkey,0,0,0,0,0,0,1,0,0,0,0,0,1,1,False,False,Golden Monkey
golden phoniex,0,0,0,0,0,0,1,0,0,0,0,0,1,1,False,False,Golden Phoniex
golden tri bloc,0,0,0,0,0,0,0,0,0,0,0,1,1,1,False,False,GOLDEN TRI- BLOC
goldilocks 0965 428 5821,0,0,0,0,0,0,0,1,0,0,0,0,1,1,False,False,Goldilocks 0965-428-5821
goldilocks bakeshop inc sailor burger,0,0,0,0,0,0,0,0,0,0,0,1,1,1,False,False,"GOLDILOCKS BAKESHOP, INC. SAILOR BURGER"
goldilocks mayandug cellphone and accessories,0,0,0,0,0,0,0,0,0,0,0,1,1,1,False,False,GOLDILOCKS MAYANDUG CELLPHONE AND ACCESSORIES
goldilocks mini gem exhibit,0,0,0,0,0,0,0,0,0,0,0,1,1,1,False,False,GOLDILOCKS MINI GEM EXHIBIT (5)
goldmine,0,0,0,0,0,0,0,1,0,0,0,0,1,1,False,False,GOLDMINE
goldsight telecoms,0,0,0,0,0,0,0,0,1,0,0,0,1,1,False,False,GOLDSIGHT TELECOMS
gold star,0,0,0,0,0,0,0,1,0,0,0,0,1,1,False,False,Gold Star
gold mine,0,0,0,0,0,0,0,1,0,0,0,0,1,1,False,False,Gold Mine
graffiti bar,0,0,0,0,0,1,0,0,0,0,0,0,1,1,False,False,Graffiti Bar
gold lounge,0,0,0,0,0,0,1,0,0,0,0,0,1,1,False,False,Gold Lounge
gnb collectibles hangout,1,0,0,0,0,0,0,0,0,0,0,0,1,1,False,False,GNB COLLECTIBLES HANGOUT
gnos pika pika,0,0,0,1,0,0,0,0,0,0,0,0,1,1,False,False,GNO's Pika Pika
go bento,0,0,0,0,0,0,0,1,0,0,0,0,1,1,False,False,Go Bento
go ginataan,0,0,0,0,0,0,0,0,1,0,0,0,1,1,False,False,GO GINATAAN
go gym,0,0,0,0,0,1,0,0,0,0,0,0,1,1,False,False,Go Gym
go hotels,0,0,0,0,0,0,0,1,0,0,0,0,1,1,False,False,Go Hotels
go mobile enterprise,0,0,0,0,0,0,0,0,0,0,1,0,1,1,False,False,Go Mobile Enterprise
go pedal ph,0,0,0,0,0,1,0,0,0,0,0,0,1,1,False,False,Go Pedal Ph
goco optical royale fashion shop,0,0,0,0,0,0,0,0,0,0,0,1,1,1,False,False,Goco Optical ROYALE FASHION SHOP ( EBN FASHION )
godies trading,0,0,0,0,0,0,0,0,0,0,1,0,1,1,False,False,Godie's Trading
gods gift printshoppe dunkin donuts,0,0,0,0,0,0,0,0,0,0,0,1,1,1,False,False,GOD'S GIFT PRINTSHOPPE DUNKIN DONUTS
gogo gadgets,0,0,0,0,0,0,1,0,0,0,0,0,1,1,False,False,Gogo Gadgets
gold accent jewelry by jrose,0,0,0,0,0,0,0,0,1,0,0,0,1,1,False,False,GOLD ACCENT JEWELRY BY JROSE
gold and pearls,0,0,0,0,0,0,0,0,1,0,0,0,1,1,False,False,GOLD AND PEARLS
gold buyers,1,0,0,0,0,0,0,0,0,0,0,0,1,1,False,False,GOLD BUYERS
gong cha 0906 175 3810,0,0,0,0,0,0,0,1,0,0,0,0,1,1,False,False,Gong Cha 0906-175-3810
gong cha 0938 438 0315,0,0,0,0,0,0,0,1,0,0,0,0,1,1,False,False,GONG CHA 0938-438-0315
gong cha open,0,0,0,0,0,0,0,1,0,0,0,0,1,1,False,False,Gong Cha (OPEN}
good barber,0,0,0,0,0,0,0,1,0,0,0,0,1,1,False,False,THE GOOD BARBER
goto lovers,0,0,0,0,0,0,0,1,0,0,0,0,1,1,False,False,Goto Lovers
goto pilipinas,0,0,0,0,0,0,0,0,0,0,1,0,1,1,False,False,Goto Pilipinas
goto tendon,0,0,0,0,0,0,1,0,0,0,0,0,1,1,False,False,Goto Tendon
goto time,0,0,0,0,1,0,0,0,0,0,0,0,1,1,False,False,Goto Time
goto topps,0,1,0,0,0,0,0,0,0,0,0,0,1,1,False,False,GOTO TOPPS
goto zone,0,0,0,0,0,0,0,1,0,0,0,0,1,1,False,False,Goto Zone
gotsoul mnl,0,0,0,0,0,1,0,0,0,0,0,0,1,1,False,False,GotSoul MNL
gotyme atm,0,0,0,0,0,1,0,0,0,0,0,0,1,1,False,False,Gotyme ATM
gourmet frappe,0,0,0,0,1,0,0,0,0,0,0,0,1,1,False,False,Gourmet Frappe
gpc money changer,0,1,0,0,0,0,0,0,0,0,0,0,1,1,False,False,GPC MONEY CHANGER
grace mini mart,0,0,0,0,0,1,0,0,0,0,0,0,1,1,False,False,Grace Mini Mart
grace pharmacy,0,1,0,0,0,0,0,0,0,0,0,0,1,1,False,False,GRACE PHARMACY
gracious angeli travel & tours 9175061999,0,0,0,0,0,0,0,1,0,0,0,0,1,1,False,False,Gracious Angeli Travel & Tours 9175061999
gracious angeli travel tours,0,0,0,0,0,0,0,0,1,0,0,0,1,1,False,False,GRACIOUS ANGELI TRAVEL TOURS
graffitea milk tea house,0,0,0,0,0,0,0,0,0,0,0,1,1,1,False,False,GRAFFITEA MILK TEA HOUSE
goto king plus,0,0,0,0,0,0,0,0,1,0,0,0,1,1,False,False,GOTO KING PLUS
goto de antonio,0,0,0,0,0,0,0,0,1,0,0,0,1,1,False,False,GOTO DE ANTONIO
goto believe,0,0,0,0,0,1,0,0,0,0,0,0,1,1,False,False,Goto Believe
good steward,0,0,0,0,0,0,0,0,1,0,0,0,1,1,False,False,THE GOOD STEWARD
good bread by el cielito hotels,0,0,0,0,0,0,0,0,1,0,0,0,1,1,False,False,GOOD BREAD BY EL CIELITO HOTELS
good farmer,0,1,0,0,0,0,0,0,0,0,0,0,1,1,False,False,THE GOOD FARMER
good kause,0,1,0,0,0,0,0,0,0,0,0,0,1,1,False,False,GOOD KAUSE
good luck hotpot,0,0,0,0,0,0,1,0,0,0,0,0,1,1,False,False,Good Luck Hotpot
good noodle korean food mart,0,0,0,0,0,1,0,0,0,0,0,0,1,1,False,False,Good-Noodle Korean Food Mart
good soles ph,0,0,0,0,0,0,0,1,0,0,0,0,1,1,False,False,GOOD SOLES PH
goodkause,0,0,0,0,0,0,0,0,1,0,0,0,1,1,False,False,GOODKAUSE
goto asia,0,0,0,0,0,0,0,0,0,1,0,0,1,1,False,False,GOTO ASIA
goodluck fengshui,0,0,0,0,0,0,0,1,0,0,0,0,1,1,False,False,Goodluck Fengshui
googoo sweet cake,0,0,0,0,0,0,0,1,0,0,0,0,1,1,False,False,Googoo Sweet Cake
gootopia,0,0,0,0,0,0,0,0,1,0,0,0,1,1,False,False,GOOTOPIA
gorgeous luxe nail spa,0,0,0,0,0,0,0,0,1,0,0,0,1,1,False,False,GORGEOUS LUXE NAIL SPA
gosalads,0,0,0,0,0,0,0,0,1,0,0,0,1,1,False,False,GOSALADS
got game,0,0,0,0,0,0,0,0,1,0,0,0,1,1,False,False,GOT GAME
galo dental,0,0,0,0,0,0,0,1,0,0,0,0,1,1,False,False,Galo Dental
gallery genesis,0,0,0,0,0,0,1,0,0,0,0,0,1,1,False,False,Gallery Genesis
jf buchi bread,0,0,0,0,0,0,0,0,1,0,0,0,1,1,False,False,JF BUCHI BREAD
fitness factory,0,0,0,0,0,1,0,0,0,0,0,0,1,1,False,False,Fitness Factory
fivea,0,1,0,0,0,0,0,0,0,0,0,0,1,1,False,False,FIVEA
fix&free salon,0,0,0,0,0,0,0,0,0,0,1,0,1,1,False,False,FIX&FREE SALON
fixed to fit,0,0,0,0,0,0,0,1,0,0,0,0,1,1,False,False,FIXED TO FIT
fixin zone,0,0,0,0,0,0,0,1,0,0,0,0,1,1,False,False,FIXIN ZONE
fixin zone gadget repair shop,0,0,0,0,0,0,0,0,1,0,0,0,1,1,False,False,FIXIN ZONE GADGET REPAIR SHOP
fixst 9156326558,0,0,0,0,0,0,0,1,0,0,0,0,1,1,False,False,Fixst 9156326558
fjv cellphone accessories,0,0,0,0,0,0,0,0,1,0,0,0,1,1,False,False,FJV CELLPHONE ACCESSORIES
flash box,0,0,0,0,0,0,0,1,0,0,0,0,1,1,False,False,FLASH BOX
flash connect,0,0,0,0,0,0,0,0,1,0,0,0,1,1,False,False,FLASH CONNECT
flashy case,0,0,0,0,0,0,0,1,0,0,0,0,1,1,False,False,FLASHY CASE
flatwhite cafe,0,0,0,0,0,0,0,0,1,0,0,0,1,1,False,False,FLATWHITE CAFE
flavours of manila,0,0,0,0,0,0,0,1,0,0,0,0,1,1,False,False,Flavours of Manila
fleek eyebrow and beauty clinic,0,0,0,0,0,0,0,0,1,0,0,0,1,1,False,False,FLEEK EYEBROW AND BEAUTY CLINIC
flerr,0,0,0,0,0,0,0,0,1,0,0,0,1,1,False,False,FLERR
fleur de liz flower shop,0,0,0,0,0,0,0,0,0,0,1,0,1,1,False,False,Fleur De Liz Flower Shop
fiuntime exhibit,0,0,0,0,0,0,0,0,0,0,0,1,1,1,False,False,FIUNTIME EXHIBIT
fitlab,0,0,0,1,0,0,0,0,0,0,0,0,1,1,False,False,FITLAB
finix,0,0,0,0,0,0,0,0,1,0,0,0,1,1,False,False,FINIX
fit x gym 0919 913 1031,0,0,0,0,0,0,0,1,0,0,0,0,1,1,False,False,Fit-X Gym 0919-913-1031
fino leatherware,0,1,0,0,0,0,0,0,0,0,0,0,1,1,False,False,FINO LEATHERWARE
fiona jewelry,0,0,0,0,0,0,0,0,1,0,0,0,1,1,False,False,FIONA JEWELRY
fioretti jewellery,0,0,0,0,0,0,1,0,0,0,0,0,1,1,False,False,Fioretti Jewellery
fiorgelato,0,0,0,0,1,0,0,0,0,0,0,0,1,1,False,False,Fiorgelato
fire exit,0,0,0,0,0,0,1,0,0,0,0,0,1,1,False,False,Fire Exit
first family appliance,0,0,0,0,1,0,0,0,0,0,0,0,1,1,False,False,The First Family Appliance
first metro investment hub,0,1,0,0,0,0,0,0,0,0,0,0,1,1,False,False,FIRST METRO INVESTMENT HUB
first metro securities,0,1,0,0,0,0,0,0,0,0,0,0,1,1,False,False,FIRST METRO SECURITIES
first state rural bank inc,0,0,0,0,0,0,0,1,0,0,0,0,1,1,False,False,First State Rural Bank Inc.
fish & co modern shanghai,0,1,0,0,0,0,0,0,0,0,0,0,1,1,False,False,FISH & CO / MODERN SHANGHAI
fisher dept store,0,0,0,1,0,0,0,0,0,0,0,0,1,1,False,False,Fisher Dept. Store
fisher snacks 2,0,0,0,1,0,0,0,0,0,0,0,0,1,1,False,False,Fisher Snacks 2
fisher toy store,0,0,0,1,0,0,0,0,0,0,0,0,1,1,False,False,FISHER TOY STORE
fishes seafood and wine,0,0,1,0,0,0,0,0,0,0,0,0,1,1,False,False,Fishes Seafood And Wine
fit white,0,0,0,0,0,1,0,0,0,0,0,0,1,1,False,False,Fit White
flex zone,0,0,0,0,0,0,0,1,0,0,0,0,1,1,False,False,FLEX ZONE
flex zone opc,0,0,0,0,0,0,0,1,0,0,0,0,1,1,False,False,Flex Zone OPC
flexzone,0,0,0,0,0,0,0,1,0,0,0,0,1,1,False,False,FLEXZONE
flight 001,0,1,0,0,0,0,0,0,0,0,0,0,1,1,False,False,FLIGHT 001
flyweight,0,0,0,0,0,1,0,0,0,0,0,0,1,1,False,False,Flyweight
fmf c idol cellphone accessories,0,0,0,0,0,0,0,0,0,0,0,1,1,1,False,False,FMF C IDOL CELLPHONE ACCESSORIES
fns,0,0,0,0,0,0,0,1,0,0,0,0,1,1,False,False,FN's
focal sight by delos reyes optical,0,0,0,0,0,0,0,0,1,0,0,0,1,1,False,False,FOCAL SIGHT BY DELOS REYES OPTICAL
focal sight international,0,1,0,0,0,0,0,0,0,0,0,0,1,1,False,False,FOCAL SIGHT INTERNATIONAL
focus optical,0,0,0,0,0,0,0,1,0,0,0,0,1,1,False,False,Focus Optical
focus optical clinic,0,0,0,0,0,0,0,0,0,0,1,0,1,1,False,False,Focus Optical Clinic
focus s,0,0,0,0,0,1,0,0,0,0,0,0,1,1,False,False,Focus.s
focuss,0,0,0,0,0,0,0,0,1,0,0,0,1,1,False,False,FOCUSS
fomo music lounge,0,0,0,0,0,0,0,0,1,0,0,0,1,1,False,False,FOMO MUSIC LOUNGE
fon plus,0,0,0,0,0,0,0,1,0,0,0,0,1,1,False,False,Fon Plus
fone n rigs,0,0,1,0,0,0,0,0,0,0,0,0,1,1,False,False,Fone N’ Rigs
fone plus,0,0,0,0,0,0,0,1,0,0,0,0,1,1,False,False,Fone Plus
fone range,0,0,0,0,0,0,0,1,0,0,0,0,1,1,False,False,Fone Range
fone scoopz,0,0,0,0,0,0,0,0,1,0,0,0,1,1,False,False,FONE SCOOPZ
fluffy floss cotton candy,0,0,0,0,0,0,0,1,0,0,0,0,1,1,False,False,FLUFFY FLOSS COTTON CANDY
fluffy floss,0,0,0,0,0,0,0,0,1,0,0,0,1,1,False,False,FLUFFY FLOSS
flowerstoreph,0,0,0,0,0,1,0,0,0,0,0,0,1,1,False,False,FlowerStorePH
florantes pasalubong,0,1,0,0,0,0,0,0,0,0,0,0,1,1,False,False,FLORANTE'S PASALUBONG
flight 001 8470 5049,0,0,0,0,0,0,0,1,0,0,0,0,1,1,False,False,Flight 001 (02) 8470-5049
flip sole,0,0,0,0,0,0,0,1,0,0,0,0,1,1,False,False,Flip Sole
flirt waxing lounge,0,0,0,0,0,0,0,0,1,0,0,0,1,1,False,False,FLIRT WAXING LOUNGE
flor accessories,0,0,0,0,0,0,0,1,0,0,0,0,1,1,False,False,FLOR ACCESSORIES
florabel,0,0,0,0,0,0,1,0,0,0,0,0,1,1,False,False,Florabel
floral emotions,0,1,0,0,0,0,0,0,0,0,0,0,1,1,False,False,FLORAL EMOTIONS
florazol rtw shop,1,0,0,0,0,0,0,0,0,0,0,0,1,1,False,False,Florazol RTW Shop
flowers by rosalie,0,0,0,0,0,0,0,0,0,0,0,1,1,1,False,False,FLOWERS BY ROSALIE
florentinas kainan,0,0,0,0,0,0,0,1,0,0,0,0,1,1,False,False,Florentina's Kainan
florsheimnaturalizer,0,0,0,0,0,0,0,0,1,0,0,0,1,1,False,False,FLORSHEIMNATURALIZER
flower farm,0,1,0,0,0,0,0,0,0,0,0,0,1,1,False,False,FLOWER FARM
flower n vase,0,0,0,0,0,0,0,0,1,0,0,0,1,1,False,False,FLOWER N VASE
flowerboy,0,0,0,0,0,0,0,1,0,0,0,0,1,1,False,False,FLOWERBOY
flowers and beyond,0,0,0,0,0,0,0,1,0,0,0,0,1,1,False,False,Flowers and Beyond
finn cotton,0,1,0,0,0,0,0,0,0,0,0,0,1,1,False,False,FINN COTTON
finessa aesthetica,0,0,0,0,0,0,0,0,1,0,0,0,1,1,False,False,FINESSA AESTHETICA
fonebook,0,1,0,0,0,0,0,0,0,0,0,0,1,1,False,False,FONEBOOK
fei fei by choi garden,0,0,0,0,0,1,0,0,0,0,0,0,1,1,False,False,Fei Fei By Choi Garden
felt,0,0,0,0,0,0,0,0,1,0,0,0,1,1,False,False,FELT
fely js,0,0,0,0,0,1,0,0,0,0,0,0,1,1,False,False,Fely J's
fema,0,0,0,0,0,0,0,1,0,0,0,0,1,1,False,False,Fema (Heal-ot Blind Massage)
femies cellphone,0,0,0,0,0,0,0,0,0,0,0,1,1,1,False,False,FEMIE'S CELLPHONE
femies cp,0,0,0,0,0,0,0,0,0,0,0,1,1,1,False,False,FEMIES CP
fendi,0,1,0,0,0,0,0,0,0,0,0,0,1,1,False,False,FENDI
ferinos bibingka,0,0,0,0,0,0,0,0,1,0,0,0,1,1,False,False,FERINOS BIBINGKA
fermin dental,0,0,0,0,0,1,0,0,0,0,0,0,1,1,False,False,Fermin Dental
fernandez associates law firm,0,0,0,0,0,0,0,0,1,0,0,0,1,1,False,False,FERNANDEZ ASSOCIATES LAW FIRM
fernandez optical,0,0,0,0,0,0,0,1,0,0,0,0,1,1,False,False,Fernandez Optical
ferragamo,0,1,0,0,0,0,0,0,0,0,0,0,1,1,False,False,FERRAGAMO
ferretti,0,0,0,0,1,0,0,0,0,0,0,0,1,1,False,False,Ferretti
fertility & reproductive medicine center corp 0956 075 2117,0,0,0,0,0,0,0,1,0,0,0,0,1,1,False,False,Fertility & Reproductive Medicine Center Corp. 0956-075-2117
festive finds,0,0,0,0,0,1,0,0,0,0,0,0,1,1,False,False,Festive Finds
festive market by savemore,0,0,0,0,0,1,0,0,0,0,0,0,1,1,False,False,Festive Market By Savemore
felicias retail pastry shop,0,0,0,0,0,0,0,0,1,0,0,0,1,1,False,False,FELICIAS RETAIL PASTRY SHOP
feelmore enterprises,0,0,0,0,0,0,0,0,0,0,0,1,1,1,False,False,FEELMORE ENTERPRISES
fine fancy,0,0,0,0,0,0,0,0,1,0,0,0,1,1,False,False,FINE FANCY
feed people trading,0,1,0,0,0,0,0,0,0,0,0,0,1,1,False,False,FEED PEOPLE TRADING
father and sons barbershop,0,0,0,0,0,0,0,0,1,0,0,0,1,1,False,False,FATHER AND SONS BARBERSHOP
father and sons music studio,0,0,0,0,0,0,0,0,1,0,0,0,1,1,False,False,FATHER AND SONS MUSIC STUDIO
fatty kim,0,0,0,1,0,0,0,0,0,0,0,0,1,1,False,False,Fatty Kim
faure le page,0,1,0,0,0,0,0,0,0,0,0,0,1,1,False,False,FAURE LE PAGE
favorite brew,0,0,1,0,0,0,0,0,0,0,0,0,1,1,False,False,Favorite Brew
faxcable,0,0,0,0,0,0,1,0,0,0,0,0,1,1,False,False,Faxcable
fc home center,0,0,0,0,0,0,0,1,0,0,0,0,1,1,False,False,FC HOME CENTER
fc home depot,0,1,0,0,0,0,0,0,0,0,0,0,1,1,False,False,FC HOME DEPOT
fcp sunrise travel tours,0,0,0,0,0,0,0,0,1,0,0,0,1,1,False,False,FCP SUNRISE TRAVEL TOURS
fct autoshop & services,0,0,0,0,0,0,0,1,0,0,0,0,1,1,False,False,FCT AUTOSHOP & SERVICES
fda,0,0,0,0,0,0,0,0,0,1,0,0,1,1,False,False,FDA
feast,0,0,0,0,0,0,0,1,0,0,0,0,1,1,False,False,The Feast
feast & fire,0,0,0,0,0,0,0,0,1,0,0,0,1,1,False,False,FEAST & FIRE
feb gadget repair shop,0,0,0,0,0,0,0,0,1,0,0,0,1,1,False,False,FEB GADGET REPAIR SHOP
federal express,0,0,1,0,0,0,0,0,0,0,0,0,1,1,False,False,Federal Express
festive walk cinemas,0,0,0,0,0,1,0,0,0,0,0,0,1,1,False,False,Festive Walk Cinemas
festive walk cinemas snackbar,0,0,0,0,0,1,0,0,0,0,0,0,1,1,False,False,Festive Walk Cinemas - Snackbar
feta,0,0,0,0,0,1,0,0,0,0,0,0,1,1,False,False,Feta
fetish couture boutique,0,1,0,0,0,0,0,0,0,0,0,0,1,1,False,False,FETISH COUTURE BOUTIQUE
filarts gallery coffee shop,0,0,0,0,0,0,0,1,0,0,0,0,1,1,False,False,FILARTS GALLERY COFFEE SHOP
filbars multiverse,0,0,0,0,0,0,1,0,0,0,0,0,1,1,False,False,Filbar's Multiverse
filbela,1,0,0,0,0,0,0,0,0,0,0,0,1,1,False,False,FILBELA
fili,0,0,0,0,0,0,0,0,1,0,0,0,1,1,False,False,FILI
filigree,0,0,1,0,0,0,0,0,0,0,0,0,1,1,False,False,Filigree
filinvest land inc,0,0,1,0,0,0,0,0,0,0,0,0,1,1,False,False,Filinvest Land Inc
filipinas pawnshop inc,0,0,0,0,0,0,0,0,0,0,1,0,1,1,False,False,Filipinas Pawnshop Inc.
filipino creazione,0,0,0,0,0,0,0,1,0,0,0,0,1,1,False,False,FILIPINO CREAZIONE
filippo,0,1,0,0,0,0,0,0,0,0,0,0,1,1,False,False,FILIPPO
fill it,0,0,0,0,0,0,1,0,0,0,0,0,1,1,False,False,Fill It
film,0,0,0,0,0,0,0,1,0,0,0,0,1,1,False,False,THE FILM
film beyond the photobooth,0,0,0,0,0,0,0,0,1,0,0,0,1,1,False,False,THE FILM BEYOND THE PHOTOBOOTH
filmat massage,0,0,0,0,0,0,0,0,0,0,0,1,1,1,False,False,FILMAT MASSAGE
finds a discount store,0,0,0,0,0,0,0,0,0,1,0,0,1,1,False,False,FINDS A DISCOUNT STORE
fine art photographics,0,0,0,0,0,0,0,0,1,0,0,0,1,1,False,False,FINE ART PHOTOGRAPHICS
filarts gallery,0,0,0,0,0,0,0,1,0,0,0,0,1,1,False,False,FILARTS GALLERY
fila the look,0,0,0,0,0,0,0,0,0,0,0,1,1,1,False,False,"FILA, THE LOOK"
fila storage room yash gadgets 2,0,0,0,0,0,0,0,0,0,0,0,1,1,1,False,False,FILA STORAGE ROOM YASH GADGETS 2
fiesta,0,0,0,0,0,0,0,0,1,0,0,0,1,1,False,False,FIESTA
fg aesthetic centre,0,0,0,0,0,1,0,0,0,0,0,0,1,1,False,False,FG Aesthetic Centre
fiametas plants,0,1,0,0,0,0,0,0,0,0,0,0,1,1,False,False,FIAMETA'S PLANTS
fiasfud,0,0,0,0,0,0,0,1,0,0,0,0,1,1,False,False,FIASFUD
fibrella service center,0,0,0,0,0,0,0,0,1,0,0,0,1,1,False,False,FIBRELLA SERVICE CENTER
fickle fingers internet cafe,0,0,0,0,0,0,0,0,0,0,0,1,1,1,False,False,FICKLE FINGERS INTERNET CAFÉ
fielas sticky bun cafe,0,0,0,0,0,0,0,0,1,0,0,0,1,1,False,False,FIELAS STICKY BUN CAFE
fiesta bingo,0,0,0,0,0,0,0,1,0,0,0,0,1,1,False,False,Fiesta Bingo
fila satellite,0,0,1,0,0,0,0,0,0,0,0,0,1,1,False,False,Fila Satellite
fiesta communities,0,0,0,0,0,0,0,1,0,0,0,0,1,1,False,False,FIESTA COMMUNITIES
fiesta inasal,0,0,0,0,0,0,0,0,1,0,0,0,1,1,False,False,FIESTA INASAL
fiesta outlet store,0,0,0,0,0,0,0,1,0,0,0,0,1,1,False,False,Fiesta Outlet Store (NEW)
fig & vine,0,0,0,0,0,0,0,1,0,0,0,0,1,1,False,False,FIG & VINE
fighting korean restaurant,0,0,0,0,0,1,0,0,0,0,0,0,1,1,False,False,Fighting Korean Restaurant
fila italia,0,0,0,0,0,0,0,0,1,0,0,0,1,1,False,False,FILA ITALIA
fone zone,0,0,0,0,0,0,0,0,1,0,0,0,1,1,False,False,FONE ZONE
fonebook cp & acc,0,0,0,0,0,0,0,0,0,0,0,1,1,1,False,False,FONEBOOK CP & ACC.
gallery frames,0,0,0,0,0,0,0,0,1,0,0,0,1,1,False,False,GALLERY FRAMES
fun playville,0,0,0,0,1,0,0,0,0,0,0,0,1,1,False,False,Fun Playville
fundador,0,0,0,0,0,1,0,0,0,0,0,0,1,1,False,False,Fundador
funhan mart,0,0,0,0,0,1,0,0,0,0,0,0,1,1,False,False,Funhan Mart
funhouse time concept,0,0,0,0,0,0,0,0,0,0,0,1,1,1,False,False,FUNHOUSE TIME CONCEPT
funtasia kids club,0,0,0,0,0,1,0,0,0,0,0,0,1,1,False,False,Funtasia Kids Club
funtopia park,0,0,0,0,0,0,0,1,0,0,0,0,1,1,False,False,FUNTOPIA PARK
funtours tecketing services,0,0,0,0,0,0,0,1,0,0,0,0,1,1,False,False,FUNTOURS TECKETING SERVICES
furry trail crawlers,0,0,0,0,0,0,0,1,0,0,0,0,1,1,False,False,FURRY TRAIL CRAWLERS
fusion,0,0,0,0,0,0,0,0,0,1,0,0,1,1,False,False,FUSION
fusion outlet store,0,0,0,0,0,0,0,0,0,1,0,0,1,1,False,False,FUSION OUTLET STORE
fuzione cafe and restaurant sandugo,0,0,0,0,0,0,0,0,0,0,0,1,1,1,False,False,FUZIONE CAFE AND RESTAURANT SANDUGO
g force oakley,0,1,0,0,0,0,0,0,0,0,0,0,1,1,False,False,G-FORCE OAKLEY
g forces enterprise,0,0,0,0,0,0,0,1,0,0,0,0,1,1,False,False,G Forces Enterprise
g s p money changer,0,1,0,0,0,0,0,0,0,0,0,0,1,1,False,False,G.S.P. MONEY CHANGER
g style,0,0,0,0,0,0,0,1,0,0,0,0,1,1,False,False,G-STYLE
g3r repair shop,0,0,0,0,0,0,0,0,1,0,0,0,1,1,False,False,G3R REPAIR SHOP
fun playville co,0,0,0,0,0,0,0,1,0,0,0,0,1,1,False,False,FUN PLAYVILLE CO.
fun house mini gem exhibit,0,0,0,0,0,0,0,0,0,0,0,1,1,1,False,False,FUN HOUSE MINI GEM EXHIBIT (1)
fruitas fresh from babots farm,0,0,0,0,0,0,0,1,0,0,0,0,1,1,False,False,Fruitas - Fresh From Babot's Farm
fun dkit stick and print works,0,0,0,0,0,0,0,0,1,0,0,0,1,1,False,False,FUN-DKIT STICK AND PRINT WORKS
fruiteria,0,0,0,0,0,0,1,0,0,0,0,0,1,1,False,False,Fruiteria
fruits to go,0,0,0,0,0,0,0,1,0,0,0,0,1,1,False,False,Fruits To Go
fruity blends,0,0,0,0,0,0,0,1,0,0,0,0,1,1,False,False,FRUITY BLENDS
fruity blendz,0,0,0,0,0,0,0,1,0,0,0,0,1,1,False,False,FRUITY BLENDZ (0967-316-0637)
frutas,0,0,0,0,0,0,0,1,0,0,0,0,1,1,False,False,FRUTAS
frutesca,0,1,0,0,0,0,0,0,0,0,0,0,1,1,False,False,FRUTESCA
frying chicken x bokki bokki,0,0,0,0,0,0,0,1,0,0,0,0,1,1,False,False,FRYING CHICKEN X BOKKI BOKKI
ftv cosmetics,0,0,0,0,0,1,0,0,0,0,0,0,1,1,False,False,FTV Cosmetics
fubu,0,0,0,0,0,0,0,0,0,1,0,0,1,1,False,False,FUBU
fuchs,0,0,0,0,0,0,0,0,0,0,0,1,1,1,False,False,FUCHS
fuentes optical,0,0,0,0,0,0,0,1,0,0,0,0,1,1,False,False,Fuentes Optical
fuji film,0,0,0,0,1,0,0,0,0,0,0,0,1,1,False,False,Fuji Film
fuji shin,0,0,0,0,0,0,0,1,0,0,0,0,1,1,False,False,FUJI-SHIN
fulloracharm,0,0,0,0,0,1,0,0,0,0,0,0,1,1,False,False,FulloraCharm
fun box mobile,0,0,0,0,0,0,0,0,0,1,0,0,1,1,False,False,FUN BOX MOBILE
gab pigmentation,0,0,0,1,0,0,0,0,0,0,0,0,1,1,False,False,GAB PIGMENTATION
gabriel archangel toddler playschool,0,0,0,0,0,0,0,0,1,0,0,0,1,1,False,False,GABRIEL ARCHANGEL TODDLER PLAYSCHOOL
gabuat,0,0,0,0,0,0,0,0,0,0,0,1,1,1,False,False,GABUAT
gabuat cellphone shop,0,0,0,0,0,0,0,0,0,0,0,1,1,1,False,False,GABUAT CELLPHONE SHOP
gadgets station,0,0,0,0,0,0,0,0,1,0,0,0,1,1,False,False,GADGETS STATION
gadgetway,0,0,0,0,0,0,0,0,0,0,1,0,1,1,False,False,GADGETWAY
gadze tech,0,0,0,0,0,0,0,1,0,0,0,0,1,1,False,False,Gadze Tech
gaea crystal and gemstone jewelry,0,1,0,0,0,0,0,0,0,0,0,0,1,1,False,False,GAEA - CRYSTAL AND GEMSTONE JEWELRY
gaille and george,0,1,0,0,0,0,0,0,0,0,0,0,1,1,False,False,GAILLE AND GEORGE
galeria anna,0,0,1,0,0,0,0,0,0,0,0,0,1,1,False,False,Galeria Anna
galeria lienzo,0,1,0,0,0,0,0,0,0,0,0,0,1,1,False,False,GALERIA LIENZO
galerie francesca,0,0,0,0,0,0,0,0,1,0,0,0,1,1,False,False,GALERIE FRANCESCA
galerie raphael,0,1,0,0,0,0,0,0,0,0,0,0,1,1,False,False,GALERIE RAPHAEL
galerie y,0,0,0,0,0,0,0,0,1,0,0,0,1,1,False,False,GALERIE Y
galetote,0,0,0,0,0,0,0,1,0,0,0,0,1,1,False,False,Galetote
galetote t shirt printing shoppe,0,0,0,0,0,0,0,0,1,0,0,0,1,1,False,False,GALETOTE T-SHIRT PRINTING SHOPPE
galleon,0,0,0,0,0,0,0,0,1,0,0,0,1,1,False,False,GALLEON
galleria nicolas,0,1,0,0,0,0,0,0,0,0,0,0,1,1,False,False,GALLERIA NICOLAS
gallery by gch,0,0,0,0,0,0,0,0,1,0,0,0,1,1,False,False,THE GALLERY BY GCH
gadgets lab,0,0,0,0,0,0,0,1,0,0,0,0,1,1,False,False,GADGETS LAB
gadgetologie,0,0,0,0,0,0,1,0,0,0,0,0,1,1,False,False,Gadgetologie
gadgetmate,0,0,0,0,0,0,0,1,0,0,0,0,1,1,False,False,Gadgetmate
gadget get,0,0,0,0,0,0,1,0,0,0,0,0,1,1,False,False,Gadget Get
gaddis restaurant,0,0,0,0,0,0,0,0,0,0,0,1,1,1,False,False,GADDI'S RESTAURANT
gadget care,0,0,0,0,1,0,0,0,0,0,0,0,1,1,False,False,Gadget Care
gadget central,1,0,0,0,0,0,0,0,0,0,0,0,1,1,False,False,GADGET CENTRAL
gadget core,1,0,0,0,0,0,0,0,0,0,0,0,1,1,False,False,GADGET CORE
gadget corner,0,0,0,0,0,0,0,0,1,0,0,0,1,1,False,False,GADGET CORNER
gadget express,0,0,0,0,0,0,0,0,1,0,0,0,1,1,False,False,GADGET EXPRESS
gadget hub,0,0,0,0,0,0,0,0,0,0,1,0,1,1,False,False,Gadget Hub
gadgetcore cellphone & accessories shop,1,0,0,0,0,0,0,0,0,0,0,0,1,1,False,False,GADGETCORE CELLPHONE & ACCESSORIES SHOP
gadget planet,0,0,0,0,0,0,0,0,0,0,1,0,1,1,False,False,Gadget Planet
gadget protector,0,0,0,0,0,0,0,0,1,0,0,0,1,1,False,False,GADGET PROTECTOR
gadget protekt,0,0,0,0,0,0,0,0,1,0,0,0,1,1,False,False,GADGET PROTEKT
gadget world,0,0,0,0,0,0,0,0,1,0,0,0,1,1,False,False,GADGET WORLD
gadget zone,0,0,0,0,0,0,0,1,0,0,0,0,1,1,False,False,Gadget Zone
gadgetbot,0,0,0,0,0,0,0,0,1,0,0,0,1,1,False,False,GADGETBOT
fruitas ice candy,0,0,0,0,0,0,0,0,1,0,0,0,1,1,False,False,FRUITAS ICE CANDY
fruitas buko ni fruitas,0,1,0,0,0,0,0,0,0,0,0,0,1,1,False,False,FRUITAS/BUKO NI FRUITAS
fonehub,0,0,0,0,0,0,0,1,0,0,0,0,1,1,False,False,Fonehub
former lbc,0,0,0,0,0,0,0,0,0,0,0,1,1,1,False,False,FORMER LBC
former so en,0,0,0,0,0,0,0,0,0,0,0,1,1,1,False,False,FORMER SO-EN
former sweet tooth creations,0,0,0,0,0,0,0,0,0,0,0,1,1,1,False,False,FORMER SWEET TOOTH CREATIONS
former transfer it,0,0,0,0,0,0,0,0,0,0,0,1,1,1,False,False,FORMER TRANSFER IT
former webmax,0,0,0,0,0,0,0,0,0,0,0,1,1,1,False,False,FORMER WEBMAX
formocha taiwan milktea,0,0,0,0,0,0,0,1,0,0,0,0,1,1,False,False,FormoCha Taiwan Milktea
formosa bakeshop,0,0,0,0,0,0,0,0,1,0,0,0,1,1,False,False,FORMOSA BAKESHOP
forms and faces facial salon fila,0,0,0,0,0,0,0,0,0,0,0,1,1,1,False,False,Forms and Faces Facial Salon FILA
fortess,0,0,0,0,0,0,0,1,0,0,0,0,1,1,False,False,Fortess
forticare,0,0,0,0,0,0,0,0,0,1,0,0,1,1,False,False,FORTICARE
forticare health stystem international inc 0917 133 3476,0,0,0,0,0,0,0,1,0,0,0,0,1,1,False,False,"Forticare Health Stystem International, Inc. 0917-133-3476"
fortune bakeshop,0,0,0,0,0,0,0,0,0,0,1,0,1,1,False,False,Fortune Bakeshop
fortune tea house,0,0,0,0,0,0,0,0,1,0,0,0,1,1,False,False,FORTUNE TEA HOUSE
fotile,0,0,0,0,0,0,0,1,0,0,0,0,1,1,False,False,FOTILE
foundever,0,0,0,0,0,0,0,1,0,0,0,0,1,1,False,False,FOUNDEVER
fountainhead,0,1,0,0,0,0,0,0,0,0,0,0,1,1,False,False,FOUNTAINHEAD
former lumina homes,0,0,0,0,0,0,0,0,0,0,0,1,1,1,False,False,FORMER LUMINA HOMES
former egg pa more,0,0,0,0,0,0,0,0,0,0,0,1,1,1,False,False,FORMER EGG PA MORE
fruitas & jamaican,0,0,0,0,0,0,0,1,0,0,0,0,1,1,False,False,FRUITAS & JAMAICAN
former bochok rice meal,0,0,0,0,0,0,0,0,0,0,0,1,1,1,False,False,FORMER BOCHOK RICE MEAL
food channel,0,0,0,0,0,0,0,0,1,0,0,0,1,1,False,False,FOOD CHANNEL
food wanderer,0,1,0,0,0,0,0,0,0,0,0,0,1,1,False,False,FOOD WANDERER
food world kiosk,0,0,1,0,0,0,0,0,0,0,0,0,1,1,False,False,Food World Kiosk
foodie stop,0,0,1,0,0,0,0,0,0,0,0,0,1,1,False,False,Foodie Stop
footprint,0,0,0,0,0,0,0,1,0,0,0,0,1,1,False,False,Footprint
for keeps,0,0,0,0,0,1,0,0,0,0,0,0,1,1,False,False,For Keeps
for the love of prints,0,1,0,0,0,0,0,0,0,0,0,0,1,1,False,False,FOR THE LOVE OF PRINTS
fore pairs buffalo wings,0,0,0,0,0,0,0,1,0,0,0,0,1,1,False,False,FORE PAIRS BUFFALO WINGS (TEMPORARILY CLOSED)
foreign exchange,0,0,0,0,0,0,0,1,0,0,0,0,1,1,False,False,Foreign Exchange
forever beautiful,0,0,0,0,0,0,0,0,1,0,0,0,1,1,False,False,FOREVER BEAUTIFUL
forever flawless,0,0,0,0,0,0,0,0,1,0,0,0,1,1,False,False,FOREVER FLAWLESS
forever mobile,0,0,0,0,0,0,0,0,1,0,0,0,1,1,False,False,FOREVER MOBILE
forever young spa,0,0,0,0,0,0,0,1,0,0,0,0,1,1,False,False,Forever Young Spa
former 880 enterprises,0,0,0,0,0,0,0,0,0,0,0,1,1,1,False,False,FORMER 880 ENTERPRISES
former aliah ampang cellphone & accessories,0,0,0,0,0,0,0,0,0,0,0,1,1,1,False,False,FORMER Aliah Ampang Cellphone & Accessories
four h handicrafts,1,0,0,0,0,0,0,0,0,0,0,0,1,1,False,False,FOUR H HANDICRAFTS
four seasons hot pot,0,0,0,0,0,0,0,0,1,0,0,0,1,1,False,False,FOUR SEASONS HOT POT
four star lotto outlet,0,0,0,0,1,0,0,0,0,0,0,0,1,1,False,False,Four Star Lotto Outlet
fowl bread,0,1,0,0,0,0,0,0,0,0,0,0,1,1,False,False,FOWL BREAD
fresh fragrance,0,0,0,0,0,1,0,0,0,0,0,0,1,1,False,False,Fresh Fragrance
fresh salon and spa ca exhibits,0,0,0,0,0,0,0,0,0,0,0,1,1,1,False,False,FRESH SALON AND SPA CA EXHIBITS ( PROPERTY PRO )
fresh salon spa,0,0,0,0,0,0,0,0,1,0,0,0,1,1,False,False,FRESH SALON SPA
freshlookme salon,0,0,0,0,0,0,0,0,0,1,0,0,1,1,False,False,FRESHLOOKME SALON
fried noodles hongkong style,0,0,0,0,0,0,0,0,0,0,1,0,1,1,False,False,Fried Noodles Hongkong Style
fried rice express,0,0,0,0,0,0,0,1,0,0,0,0,1,1,False,False,Fried Rice Express
fries and benefits,0,0,0,0,0,0,0,1,0,0,0,0,1,1,False,False,FRIES AND BENEFITS
fries guys,0,1,0,0,0,0,0,0,0,0,0,0,1,1,False,False,FRIES GUYS
fries pa more,0,0,0,0,0,0,0,1,0,0,0,0,1,1,False,False,FRIES PA MORE
frigga charmed life,0,0,0,0,0,0,0,0,1,0,0,0,1,1,False,False,FRIGGA CHARMED LIFE
frito fries,0,0,0,0,0,0,0,0,1,0,0,0,1,1,False,False,FRITO FRIES
frosty treat,0,0,0,0,0,0,0,1,0,0,0,0,1,1,False,False,FROSTY TREAT
frp imp perfume collection,0,0,0,0,0,0,0,0,0,0,0,1,1,1,False,False,FRP-IMP PERFUME COLLECTION
fruit republic,0,0,0,0,0,0,0,0,0,0,0,1,1,1,False,False,FRUIT REPUBLIC
fruitachillos,0,0,0,0,0,0,0,1,0,0,0,0,1,1,False,False,FRUITACHILLOS
fresenius kidney care,0,0,0,0,0,0,0,0,1,0,0,0,1,1,False,False,FRESENIUS KIDNEY CARE
frescas frutas,0,0,0,0,0,0,0,0,1,0,0,0,1,1,False,False,FRESCAS FRUTAS
french baker salon de the,0,0,0,0,0,0,0,0,1,0,0,0,1,1,False,False,THE FRENCH BAKER SALON DE THE
franky mobile accessories,0,0,0,0,0,0,0,0,1,0,0,0,1,1,False,False,FRANKY MOBILE ACCESSORIES
franc frostie,0,0,0,0,0,0,0,0,1,0,0,0,1,1,False,False,FRANC FROSTIE
franceska,0,0,0,0,0,0,0,1,0,0,0,0,1,1,False,False,Franceska
franchesco,0,0,0,0,0,0,0,0,0,0,0,1,1,1,False,False,FRANCHESCO (BENCH)
francing leaves & herbal store,0,0,0,0,0,0,0,1,0,0,0,0,1,1,False,False,Francing Leaves & Herbal Store
frankie and friends,0,0,0,0,0,0,0,0,1,0,0,0,1,1,False,False,FRANKIE AND FRIENDS
franks dirty ice cream,0,0,0,0,0,0,0,0,1,0,0,0,1,1,False,False,FRANKS DIRTY ICE CREAM
franvir,0,0,0,0,0,0,0,0,1,0,0,0,1,1,False,False,FRANVIR
freesoul gadgets and accessories shop,0,1,0,0,0,0,0,0,0,0,0,0,1,1,False,False,FREESOUL GADGETS AND ACCESSORIES SHOP
frappe dream,0,0,0,0,1,0,0,0,0,0,0,0,1,1,False,False,Frappe Dream
frappy n tea,0,0,1,0,0,0,0,0,0,0,0,0,1,1,False,False,Frappy ‘n Tea
frbj muzic mart,0,0,0,0,0,0,0,0,1,0,0,0,1,1,False,False,FRBJ MUZIC MART
fredos pinoy meals,0,0,0,0,0,1,0,0,0,0,0,0,1,1,False,False,Fredo's Pinoy Meals
freedom moses,0,1,0,0,0,0,0,0,0,0,0,0,1,1,False,False,FREEDOM MOSES
freelife,0,0,0,0,0,0,0,1,0,0,0,0,1,1,False,False,FREELIFE
gusteaus,0,0,0,0,1,0,0,0,0,0,0,0,1,1,False,False,Gusteau's
guzman studio,0,0,0,0,0,0,0,0,1,0,0,0,1,1,False,False,GUZMAN STUDIO
gwiyomi gluta spa,0,0,0,0,0,0,0,0,1,0,0,0,1,1,False,False,GWIYOMI GLUTA SPA
inkrite ink refilling station,0,0,0,0,0,0,0,0,1,0,0,0,1,1,False,False,INKRITE INK REFILLING STATION
inland corporation,0,0,0,0,0,0,0,0,1,0,0,0,1,1,False,False,INLAND CORPORATION
innovator,0,0,0,0,0,0,1,0,0,0,0,0,1,1,False,False,Innovator
innovatronix inc,0,0,0,0,0,0,0,0,0,1,0,0,1,1,False,False,INNOVATRONIX INC.
innove asia,0,0,0,0,0,0,1,0,0,0,0,0,1,1,False,False,Innove Asia
inspector gadget,0,0,0,0,0,0,0,0,1,0,0,0,1,1,False,False,INSPECTOR GADGET
inspiration victory of altheas,0,0,0,0,0,0,0,0,0,0,0,1,1,1,False,False,INSPIRATION Victory of Altheas
inspire church,0,1,0,0,0,0,0,0,0,0,0,0,1,1,False,False,INSPIRE CHURCH
inspired expressions bazaar,0,0,0,0,0,0,0,1,0,0,0,0,1,1,False,False,Inspired Expressions Bazaar
insta 360,0,0,0,0,0,0,0,1,0,0,0,0,1,1,False,False,INSTA 360
insta pares,0,0,0,0,0,0,0,0,0,0,0,1,1,1,False,False,INSTA PARES
instagadget cellphone and accessories,0,1,0,0,0,0,0,0,0,0,0,0,1,1,False,False,INSTAGADGET CELLPHONE AND ACCESSORIES
instaprint 9177188130,0,0,0,0,0,0,0,1,0,0,0,0,1,1,False,False,Instaprint 9177188130
intellicom kiosk,1,0,0,0,0,0,0,0,0,0,0,0,1,1,False,False,INTELLICOM KIOSK (Marui)
intellident dental clinic,0,1,0,0,0,0,0,0,0,0,0,0,1,1,False,False,INTELLIDENT DENTAL CLINIC
intelliprime medical and psychological counseling 0916 364 3067,0,0,0,0,0,0,0,1,0,0,0,0,1,1,False,False,Intelliprime Medical and Psychological Counseling 0916-364-3067
inkwell tattoo,0,0,0,0,0,1,0,0,0,0,0,0,1,1,False,False,Inkwell Tattoo
inknow,0,0,0,0,1,0,0,0,0,0,0,0,1,1,False,False,Inknow
infinity massage jcm exhibit depot,0,0,0,0,0,0,0,0,0,0,0,1,1,1,False,False,INFINITY MASSAGE JCM Exhibit Depot
inkman ventures rahiem com pany inc,0,0,0,0,0,0,0,0,0,0,0,1,1,1,False,False,INKMAN VENTURES ( RAHIEM COM PANY INC
infinix mobile,0,0,0,0,0,0,0,1,0,0,0,0,1,1,False,False,INFINIX MOBILE
infinix ms twirling ice cream,0,0,0,0,0,0,0,1,0,0,0,0,1,1,False,False,Infinix Ms. Twirling Ice Cream
infintea,0,0,0,0,0,0,0,1,0,0,0,0,1,1,False,False,INFINTEA
infomax gold,0,1,0,0,0,0,0,0,0,0,0,0,1,1,False,False,INFOMAX GOLD
infonec,0,0,0,0,0,0,0,0,1,0,0,0,1,1,False,False,INFONEC
infonec kiosk,1,0,0,0,0,0,0,0,0,0,0,0,1,1,False,False,INFONEC KIOSK
infused corner,0,0,0,0,0,0,0,1,0,0,0,0,1,1,False,False,INFUSED CORNER
inglorious cookies,0,1,0,0,0,0,0,0,0,0,0,0,1,1,False,False,INGLORIOUS COOKIES
inihaw republic,0,0,0,0,0,0,0,0,1,0,0,0,1,1,False,False,INIHAW REPUBLIC
ink 1,0,0,0,0,0,0,0,0,1,0,0,0,1,1,False,False,INK 1
ink fairness,0,0,0,0,0,0,0,1,0,0,0,0,1,1,False,False,Ink Fairness
ink master,0,0,0,0,0,0,0,0,1,0,0,0,1,1,False,False,INK MASTER
ink n print,0,0,1,0,0,0,0,0,0,0,0,0,1,1,False,False,Ink N’ Print
ink now,0,0,0,0,1,0,0,0,0,0,0,0,1,1,False,False,Ink Now
inker 18 tattoo ca exhibits,0,0,0,0,0,0,0,0,0,0,0,1,1,1,False,False,Inker 18 Tattoo (5.04 SQM) CA EXHIBITS ( PROPERTY PRO )
interior homescapes,0,1,0,0,0,0,0,0,0,0,0,0,1,1,False,False,INTERIOR HOMESCAPES
intermatrix,0,0,0,0,0,1,0,0,0,0,0,0,1,1,False,False,Intermatrix
international eye center,0,0,0,0,0,0,0,1,0,0,0,0,1,1,False,False,International Eye Center
interpace computer systems,0,0,1,0,0,0,0,0,0,0,0,0,1,1,False,False,Interpace Computer Systems
iroha,0,0,0,0,0,0,1,0,0,0,0,0,1,1,False,False,Iroha
iron will fitness gym,0,0,0,0,0,0,0,0,0,0,0,1,1,1,False,False,IRON WILL FITNESS GYM
ironic iconic by verona optical,0,0,0,0,0,0,0,0,1,0,0,0,1,1,False,False,IRONIC ICONIC BY VERONA OPTICAL
ironmans steak,0,1,0,0,0,0,0,0,0,0,0,0,1,1,False,False,IRONMAN’S STEAK
irvins salted egg,0,0,0,0,0,0,0,0,1,0,0,0,1,1,False,False,IRVINS SALTED EGG
isabela vision center,0,0,0,0,0,0,0,0,0,0,0,1,1,1,False,False,ISABELA VISION CENTER
isabella by bebe de dieu,0,0,0,0,0,0,0,0,1,0,0,0,1,1,False,False,ISABELLA BY BEBE DE DIEU
isdang pulo,0,1,0,0,0,0,0,0,0,0,0,0,1,1,False,False,ISDANG PULO
iskin aesthetic lifestyle,0,0,0,0,0,0,0,0,1,0,0,0,1,1,False,False,iSKIN AESTHETIC LIFESTYLE
iskin cafe,0,0,0,0,0,0,0,0,1,0,0,0,1,1,False,False,ISKIN CAFÉ
iskrambolicious,0,0,0,0,0,0,0,1,0,0,0,0,1,1,False,False,Iskrambolicious
iskrambolicious 0969 173 8089,0,0,0,0,0,0,0,1,0,0,0,0,1,1,False,False,ISKRAMBOLICIOUS 0969-173-8089
island coffee club,0,0,0,0,0,0,0,1,0,0,0,0,1,1,False,False,ISLAND COFFEE CLUB
island spa,0,0,0,0,0,1,0,0,0,0,0,0,1,1,False,False,Island Spa
island tea,0,0,0,0,0,0,0,1,0,0,0,0,1,1,False,False,Island Tea
irog snack bar,0,0,0,0,0,0,0,0,0,0,0,1,1,1,False,False,IROG - SNACK BAR
irog siomai house,0,0,0,0,0,0,0,0,0,0,0,1,1,1,False,False,IROG SIOMAI HOUSE (Arcane Food Business)
irog,0,0,0,0,0,0,0,0,0,0,0,1,1,1,False,False,Irog
ipponyari,0,0,0,0,0,1,0,0,0,0,0,0,1,1,False,False,Ipponyari
into gadgets,0,0,0,0,0,0,0,1,0,0,0,0,1,1,False,False,Into Gadgets
ioc vision care clinic,0,0,0,0,0,0,0,1,0,0,0,0,1,1,False,False,IOC Vision Care Clinic
ionline com internet shop,0,0,0,0,0,0,0,1,0,0,0,0,1,1,False,False,Ionline.Com Internet Shop
ip express,0,0,0,0,0,0,0,1,0,0,0,0,1,1,False,False,IP Express
ipanema satellite selling 2024,0,0,0,0,0,0,0,1,0,0,0,0,1,1,False,False,IPANEMA SATELLITE SELLING 2024
ippin si ji restaurant,0,0,0,0,0,0,0,0,1,0,0,0,1,1,False,False,IPPIN SI JI RESTAURANT
ippudo ramen bar,0,0,0,0,0,1,0,0,0,0,0,0,1,1,False,False,Ippudo Ramen Bar
irish potato,0,0,0,0,0,0,0,0,1,0,0,0,1,1,False,False,IRISH POTATO
ipro repair,0,0,0,0,0,0,0,0,1,0,0,0,1,1,False,False,IPRO REPAIR
iqor,0,0,0,0,0,0,0,1,0,0,0,0,1,1,False,False,IQOR
irefresh,0,0,0,0,0,0,0,1,0,0,0,0,1,1,False,False,iREFRESH
irepair,0,0,0,0,0,0,0,1,0,0,0,0,1,1,False,False,IREPAIR
irestore,0,0,1,0,0,0,0,0,0,0,0,0,1,1,False,False,Irestore
irise driving school,0,0,0,0,0,0,0,1,0,0,0,0,1,1,False,False,IRISE DRIVING SCHOOL (0960-247-6510)
infinity smile dental clinic,0,0,0,0,0,0,0,1,0,0,0,0,1,1,False,False,INFINITY SMILE DENTAL CLINIC (0926-582-6832 /0953-913-7138)
infinite mobile solutions,0,0,0,0,0,0,0,1,0,0,0,0,1,1,False,False,Infinite Mobile Solutions
islands juice,0,0,0,0,0,0,1,0,0,0,0,0,1,1,False,False,Islands Juice
ifc exchange,0,0,0,0,0,0,0,0,0,0,1,0,1,1,False,False,IFC EXCHANGE
ifixed gadget repair shop,0,0,0,0,0,0,0,0,1,0,0,0,1,1,False,False,IFIXED GADGET REPAIR SHOP
ifixit,0,0,0,0,0,0,0,1,0,0,0,0,1,1,False,False,Ifixit
ifu,0,0,0,0,0,0,0,1,0,0,0,0,1,1,False,False,IFU
igadget world,0,0,0,0,0,0,0,0,1,0,0,0,1,1,False,False,IGADGET WORLD
igo korean mart,0,0,1,0,0,0,0,0,0,0,0,0,1,1,False,False,Igo Korean Mart
ihaw juan,0,0,0,0,0,0,0,0,1,0,0,0,1,1,False,False,IHAW JUAN
ihearbetternow 0917 794 4327,0,0,0,0,0,0,0,1,0,0,0,0,1,1,False,False,iHearBetterNow 0917-794-4327
ikarao,0,0,1,0,0,0,0,0,0,0,0,0,1,1,False,False,Ikarao
ikea,0,0,0,0,0,0,0,0,1,0,0,0,1,1,False,False,IKEA
ikea cakes & snacks,0,0,0,0,0,0,0,1,0,0,0,0,1,1,False,False,Ikea Cakes & Snacks
ikebukuro japanese resto bar,0,1,0,0,0,0,0,0,0,0,0,0,1,1,False,False,IKEBUKURO JAPANESE RESTO BAR
ikigai,0,1,0,0,0,0,0,0,0,0,0,0,1,1,False,False,IKIGAI
ikinari steak,0,0,0,0,0,0,0,0,1,0,0,0,1,1,False,False,IKINARI STEAK
ikinari steakhouse,0,0,0,0,0,0,0,1,0,0,0,0,1,1,False,False,IKINARI STEAKHOUSE
ikshava juice,0,0,1,0,0,0,0,0,0,0,0,0,1,1,False,False,Ikshava Juice
ifix migz,0,0,0,0,0,0,0,0,1,0,0,0,1,1,False,False,IFIX MIGZ
ie creative computers,0,0,0,0,0,0,0,0,1,0,0,0,1,1,False,False,IE CREATIVE COMPUTERS
indio,0,0,0,0,0,1,0,0,0,0,0,0,1,1,False,False,Indio
idiot sandwich,0,0,0,0,0,1,0,0,0,0,0,0,1,1,False,False,Idiot Sandwich
ichiba japanese market,0,0,0,0,0,1,0,0,0,0,0,0,1,1,False,False,Ichiba Japanese Market
ichibang,0,0,0,0,0,0,0,1,0,0,0,0,1,1,False,False,ICHIBANG
icon 9273457826,0,0,0,0,0,0,0,1,0,0,0,0,1,1,False,False,Icon 9273457826
iconarts,0,0,0,0,1,0,0,0,0,0,0,0,1,1,False,False,Iconarts
iconique beauty,0,0,0,0,0,0,0,1,0,0,0,0,1,1,False,False,ICONIQUE BEAUTY
idara,0,0,0,0,0,1,0,0,0,0,0,0,1,1,False,False,Idara
idara aesthetics cafe,0,0,0,0,0,0,0,0,1,0,0,0,1,1,False,False,IDARA AESTHETICS CAFÉ
idea vision,0,0,0,0,0,0,0,1,0,0,0,0,1,1,False,False,Idea Vision
ideal home,0,0,0,0,0,0,0,0,1,0,0,0,1,1,False,False,IDEAL HOME
ideal siomai,0,0,1,0,0,0,0,0,0,0,0,0,1,1,False,False,Ideal Siomai
ideal vision mezzanine area,0,0,0,0,1,0,0,0,0,0,0,0,1,1,False,False,Ideal Vision / Mezzanine Area
ideal vision premier,0,0,1,0,0,0,0,0,0,0,0,0,1,1,False,False,Ideal Vision Premier
idental square,0,0,0,0,0,0,0,0,1,0,0,0,1,1,False,False,IDENTAL SQUARE
ides contemporary art,0,0,1,0,0,0,0,0,0,0,0,0,1,1,False,False,Ides Contemporary Art
ides contemporary arts,0,0,1,0,0,0,0,0,0,0,0,0,1,1,False,False,Ides Contemporary Arts
il fragranza,0,0,0,0,0,0,0,1,0,0,0,0,1,1,False,False,IL FRAGRANZA
il lupino trattoria & wine bar,0,0,0,0,0,0,0,1,0,0,0,0,1,1,False,False,IL LUPINO TRATTORIA & WINE BAR
ilahui,0,0,0,0,1,0,0,0,0,0,0,0,1,1,False,False,Ilahui
ilash,0,0,0,0,0,0,1,0,0,0,0,0,1,1,False,False,Ilash
imeh footwear,0,0,0,0,0,0,0,1,0,0,0,0,1,1,False,False,IMEH FOOTWEAR
immense food,0,0,0,0,0,1,0,0,0,0,0,0,1,1,False,False,Immense Food
imperial appliance,0,0,0,0,1,0,0,0,0,0,0,0,1,1,False,False,Imperial Appliance
imperial dance studio,0,0,0,0,0,1,0,0,0,0,0,0,1,1,False,False,Imperial Dance Studio
imperial vet,0,0,0,0,0,0,0,1,0,0,0,0,1,1,False,False,Imperial Vet
imperial vet clinic,0,0,0,0,0,0,0,1,0,0,0,0,1,1,False,False,Imperial Vet Clinic
imprint studio,0,0,0,0,0,0,0,1,0,0,0,0,1,1,False,False,IMPRINT STUDIO
in time by strapshop,1,0,0,0,0,0,0,0,0,0,0,0,1,1,False,False,IN-TIME BY STRAPSHOP
in tune,0,0,0,0,0,0,1,0,0,0,0,0,1,1,False,False,In Tune
inari sukiyaki,0,0,0,0,0,0,0,1,0,0,0,0,1,1,False,False,INARI SUKIYAKI (9328882718)
inas pater,0,0,0,0,0,0,0,1,0,0,0,0,1,1,False,False,Ina's Pater
inasal de cebu,0,0,0,0,0,0,0,0,1,0,0,0,1,1,False,False,INASAL DE CEBU
incare,0,0,0,0,0,0,0,0,1,0,0,0,1,1,False,False,INCARE
inchrist city church,0,0,0,0,0,0,0,0,0,1,0,0,1,1,False,False,INCHRIST CITY CHURCH
indigo profiles salon,0,0,0,0,0,1,0,0,0,0,0,0,1,1,False,False,Indigo / Profiles Salon
ilvapore coffee house,0,0,0,0,0,0,0,1,0,0,0,0,1,1,False,False,ILVAPORE COFFEE HOUSE
ilonggo grill,0,0,1,0,0,0,0,0,0,0,0,0,1,1,False,False,Ilonggo Grill
ilonggo express 0917 5010741,0,0,0,0,0,0,0,1,0,0,0,0,1,1,False,False,ILONGGO EXPRESS 0917-5010741
ilocandia blind massage 2004,0,0,0,0,0,0,0,1,0,0,0,0,1,1,False,False,ILOCANDIA BLIND MASSAGE 2004
ilash extensions,0,0,0,0,0,1,0,0,0,0,0,0,1,1,False,False,Ilash Extensions
iliberty,0,0,0,0,0,0,0,1,0,0,0,0,1,1,False,False,Iliberty
iligan light,0,0,0,0,0,0,0,1,0,0,0,0,1,1,False,False,Iligan Light
illumina derma clinic,0,0,0,0,0,0,1,0,0,0,0,0,1,1,False,False,Illumina Derma Clinic
illy,0,0,0,0,0,0,0,1,0,0,0,0,1,1,False,False,ILLY
illy mobile phones and accessories,0,0,0,0,1,0,0,0,0,0,0,0,1,1,False,False,Illy Mobile Phones and Accessories
ilocos pet clinic,0,0,0,0,0,0,0,1,0,0,0,0,1,1,False,False,Ilocos Pet Clinic
ilonggo express,0,0,0,0,0,0,0,1,0,0,0,0,1,1,False,False,ILONGGO EXPRESS
iloilo bingo,0,0,0,0,0,0,0,0,1,0,0,0,1,1,False,False,ILOILO BINGO
iloilo doctors clinic laboratory services,0,0,0,0,0,0,0,0,1,0,0,0,1,1,False,False,ILOILO DOCTORS CLINIC LABORATORY SERVICES
iloilo doctorss clinic,0,0,0,0,0,0,0,1,0,0,0,0,1,1,False,False,Iloilo Doctors's Clinic
iloilo grace pharmacy,0,0,0,0,0,0,0,1,0,0,0,0,1,1,False,False,Iloilo Grace Pharmacy
iloilo southprime,0,0,0,0,0,0,0,0,1,0,0,0,1,1,False,False,ILOILO SOUTHPRIME
iloko empanada,0,0,0,0,0,0,0,0,1,0,0,0,1,1,False,False,ILOKO EMPANADA
island watch unisilvertime,0,0,0,0,0,0,0,0,0,0,0,1,1,1,False,False,ISLAND WATCH UNISILVERTIME
ismart cellphone accessories & merchandising,0,0,0,0,0,0,0,1,0,0,0,0,1,1,False,False,Ismart Cellphone Accessories & Merchandising
gwize,0,0,0,0,0,0,0,1,0,0,0,0,1,1,False,False,Gwize
jb music and sports,0,1,0,0,0,0,0,0,0,0,0,0,1,1,False,False,JB MUSIC AND SPORTS
jbl a refinery,0,1,0,0,0,0,0,0,0,0,0,0,1,1,False,False,JBL/A. REFINERY
jbm cellphone repair minigem exhibit 35,0,0,0,0,0,0,0,0,0,0,0,1,1,1,False,False,JBM Cellphone Repair (3.89 SQM) MINIGEM EXHIBIT #35
jbs tech hub,0,0,0,0,0,1,0,0,0,0,0,0,1,1,False,False,JBS Tech Hub
jc dog republic,0,0,0,0,0,1,0,0,0,0,0,0,1,1,False,False,JC Dog Republic
jcd customized printing,0,0,0,0,0,0,0,1,0,0,0,0,1,1,False,False,JCD Customized Printing
jchd enterprise,0,0,0,0,0,0,0,1,0,0,0,0,1,1,False,False,JCHD Enterprise
jcn furniture,0,0,1,0,0,0,0,0,0,0,0,0,1,1,False,False,Jcn Furniture
jco,0,0,0,0,0,0,0,1,0,0,0,0,1,1,False,False,JCO
jco donuts & coffee,0,0,0,0,0,0,0,1,0,0,0,0,1,1,False,False,JCO Donuts & Coffee
jd adam exhibit,0,0,0,0,0,0,0,0,0,0,0,1,1,1,False,False,JD ADAM Exhibit
jdb ideas home,0,0,0,0,0,0,0,1,0,0,0,0,1,1,False,False,JDB IDEAS HOME
jdg jewelries,0,0,0,0,0,0,0,1,0,0,0,0,1,1,False,False,JDG Jewelries
jdj dimsum dynasty,0,0,0,0,1,0,0,0,0,0,0,0,1,1,False,False,JDJ Dimsum Dynasty
jdm printshoppe,0,0,0,0,0,0,0,0,1,0,0,0,1,1,False,False,JDM PRINTSHOPPE
jea cellshop,0,0,0,0,0,0,0,0,0,0,1,0,1,1,False,False,Jea Cellshop
jbc travel & tour,0,0,0,0,0,0,1,0,0,0,0,0,1,1,False,False,JBC Travel & Tour
jazz c,0,0,0,0,0,0,0,1,0,0,0,0,1,1,False,False,JAZZ-C
januarys apparel,0,0,0,0,0,0,0,1,0,0,0,0,1,1,False,False,JANUARY'S APPAREL
jayson cruz cellphone accessories sailani cellphone store & repair,0,0,0,0,0,0,0,0,0,0,0,1,1,1,False,False,JAYSON CRUZ CELLPHONE ACCESSORIES SAILANI CELLPHONE STORE & REPAIR
japan home center,1,0,0,0,0,0,0,0,0,0,0,0,1,1,False,False,JAPAN HOME CENTER
japan home jewelrich,0,0,0,0,0,0,0,0,0,0,0,1,1,1,False,False,JAPAN HOME JEWELRICH
japan homes american bazaar,0,0,0,0,0,0,0,1,0,0,0,0,1,1,False,False,JAPAN HOMES / AMERICAN BAZAAR
japan homes ca exhibit network,0,0,0,0,0,0,0,0,0,0,0,1,1,1,False,False,JAPAN HOMES CA EXHIBIT NETWORK
japanese restaurant matsunoya,0,0,0,0,0,0,0,0,1,0,0,0,1,1,False,False,JAPANESE RESTAURANT MATSUNOYA
japanglish vintage,1,0,0,0,0,0,0,0,0,0,0,0,1,1,False,False,JAPANGLISH VINTAGE
japoncom,0,0,0,0,0,0,0,0,1,0,0,0,1,1,False,False,JAPONCOM
jaro pawnshop,0,0,0,0,0,0,0,0,0,1,0,0,1,1,False,False,JARO PAWNSHOP
jaros print ventures jameron cellphone store,0,0,0,0,0,0,0,0,0,0,0,1,1,1,False,False,JARO'S PRINT VENTURES JAMERON CELLPHONE STORE
jatujak,0,0,0,0,0,0,0,0,1,0,0,0,1,1,False,False,JATUJAK
jay jays funrides 0906 308 4734,0,0,0,0,0,0,0,1,0,0,0,0,1,1,False,False,JAY JAYS FUNRIDES 0906-308-4734
jay js,0,0,0,0,0,0,1,0,0,0,0,0,1,1,False,False,Jay-j's
jaycob ihaw ihaw,0,0,0,0,0,0,0,0,1,0,0,0,1,1,False,False,JAYCOB IHAW IHAW
jayme petshop petville hotel,0,0,0,0,0,0,1,0,0,0,0,0,1,1,False,False,Jayme Petshop Petville Hotel
jayms fashion,0,0,0,0,0,0,0,1,0,0,0,0,1,1,False,False,JAYM's fashion
jean and jaz gallerie,0,0,0,0,0,0,1,0,0,0,0,0,1,1,False,False,Jean and Jaz Gallerie
jeanetts,0,0,0,0,0,0,0,0,1,0,0,0,1,1,False,False,JEANETTS
jeanetts jewelry,0,1,0,0,0,0,0,0,0,0,0,0,1,1,False,False,JEANETT'S JEWELRY
jeenie,0,0,1,0,0,0,0,0,0,0,0,0,1,1,False,False,Jeenie
jethro jewelry shop,0,0,0,0,0,0,0,1,0,0,0,0,1,1,False,False,Jethro Jewelry Shop
jetserko enterprises,0,0,0,0,0,0,0,1,0,0,0,0,1,1,False,False,JETSERKO ENTERPRISES
jetz mobile,0,0,0,0,1,0,0,0,0,0,0,0,1,1,False,False,Jetz Mobile
jeuvens bibingka,0,0,0,0,0,0,0,1,0,0,0,0,1,1,False,False,Jeuven's Bibingka
jev & jean cellphone and accessories store,0,0,0,0,0,0,0,1,0,0,0,0,1,1,False,False,Jev & Jean Cellphone And Accessories Store
jewelholic,0,0,1,0,0,0,0,0,0,0,0,0,1,1,False,False,Jewelholic
jewelmer joaillerie,0,0,0,0,0,0,0,0,1,0,0,0,1,1,False,False,JEWELMER JOAILLERIE
jewelrich princess toys and clothes,0,0,0,0,0,0,0,0,0,0,0,1,1,1,False,False,JEWELRICH PRINCESS TOYS AND CLOTHES
jewels by allison,0,1,0,0,0,0,0,0,0,0,0,0,1,1,False,False,JEWELS BY ALLISON
jewels collection,0,0,0,0,0,0,0,0,1,0,0,0,1,1,False,False,JEWELS COLLECTION
jewels cotton candy,0,0,0,0,0,0,0,1,0,0,0,0,1,1,False,False,JEWEL'S COTTON CANDY
jewels exhibit,0,0,0,0,0,0,0,0,0,0,0,1,1,1,False,False,JEWELS EXHIBIT
jewels rtw,0,0,0,0,0,0,0,0,0,0,0,1,1,1,False,False,JEWELS RTW
jewels rtw extension,0,0,0,0,0,0,0,0,0,0,0,1,1,1,False,False,JEWELS RTW EXTENSION
jezreel anonuevo,0,0,0,0,0,0,0,0,0,0,0,1,1,1,False,False,JEZREEL ANONUEVO
jet speed 0922 875 2072 0933 819 1162,0,0,0,0,0,0,0,1,0,0,0,0,1,1,False,False,JET SPEED 0922-875-2072 / 0933-819-1162
jessi james nino loading station,0,0,0,0,0,0,0,1,0,0,0,0,1,1,False,False,JESSI JAMES NINO LOADING STATION
jeruels mobile,0,0,0,0,0,0,0,0,1,0,0,0,1,1,False,False,JERUELS MOBILE
jems barber salon for men & women,0,0,0,0,0,0,0,1,0,0,0,0,1,1,False,False,Jems Barber Salon For Men & Women
jeju ramyun food park,0,0,0,0,0,1,0,0,0,0,0,0,1,1,False,False,Jeju Ramyun Food Park
jeli deli pasalubong,0,1,0,0,0,0,0,0,0,0,0,0,1,1,False,False,JELI-DELI PASALUBONG
jelly skin lab,0,0,0,0,0,1,0,0,0,0,0,0,1,1,False,False,Jelly Skin Lab
jem junior hair salon,0,0,0,0,0,0,0,0,1,0,0,0,1,1,False,False,JEM JUNIOR HAIR SALON
jemfaith,0,0,0,0,0,0,0,1,0,0,0,0,1,1,False,False,Jemfaith
jems barber salon & jems junior,0,0,0,0,0,0,0,1,0,0,0,0,1,1,False,False,Jems Barber Salon & Jems Junior
jems barbers,0,0,0,0,0,0,0,1,0,0,0,0,1,1,False,False,Jem's Barbers
jeruel wow and fye,0,0,0,0,0,0,0,0,0,0,0,1,1,1,False,False,"JERUEL,WOW AND FYE"
jenden hair studio,0,0,0,0,0,0,0,0,1,0,0,0,1,1,False,False,JENDEN HAIR STUDIO
jennie,0,0,1,0,0,0,0,0,0,0,0,0,1,1,False,False,Jennie
jens pet corner,0,0,0,0,0,0,1,0,0,0,0,0,1,1,False,False,Jen's Pet Corner
jeremiah bags and accessories shop,0,0,0,0,0,0,0,1,0,0,0,0,1,1,False,False,JEREMIAH BAGS AND ACCESSORIES SHOP
jeremiah footwear & bags,0,0,0,0,0,0,0,1,0,0,0,0,1,1,False,False,Jeremiah Footwear & Bags
jeruel fonebytes,0,0,0,0,0,0,0,0,0,0,0,1,1,1,False,False,Jeruel Fonebytes
japan fudo street,0,1,0,0,0,0,0,0,0,0,0,0,1,1,False,False,JAPAN FUDO STREET
jannah cellphone & accessories,0,0,0,0,0,0,0,0,0,0,0,1,1,1,False,False,JANNAH CELLPHONE & ACCESSORIES
ismile dental clinc,0,0,0,0,0,0,0,0,1,0,0,0,1,1,False,False,ISMILE DENTAL CLINC
itlog on sticks,0,0,0,0,0,0,0,0,1,0,0,0,1,1,False,False,ITLOG ON STICKS
itsu,1,0,0,0,0,0,0,0,0,0,0,0,1,1,False,False,ITSU
ives and co 09691390522,0,0,0,0,0,0,0,1,0,0,0,0,1,1,False,False,IVES AND Co '09691390522 (NEW)
ivy lane by natural art,0,0,0,0,0,0,0,0,1,0,0,0,1,1,False,False,IVY LANE BY NATURAL ART
iwc schaffhausen,0,1,0,0,0,0,0,0,0,0,0,0,1,1,False,False,IWC SCHAFFHAUSEN
izakaya mori,0,0,0,0,0,0,1,0,0,0,0,0,1,1,False,False,Izakaya Mori
izza mawy,0,0,0,0,0,0,0,0,1,0,0,0,1,1,False,False,IZZA MAWY
j,0,0,0,0,1,0,0,0,0,0,0,0,1,1,False,False,J
j & g x gongcha,0,0,0,0,0,0,1,0,0,0,0,0,1,1,False,False,J & G x Gongcha
j & n affordabest,0,0,0,0,0,0,0,1,0,0,0,0,1,1,False,False,J & N AFFORDABEST
j and b sunrise optical clinic,0,0,0,0,0,0,0,0,1,0,0,0,1,1,False,False,J AND B SUNRISE OPTICAL CLINIC
j co,0,0,1,0,0,0,0,0,0,0,0,0,1,1,False,False,J. Co
j co donuts,0,0,0,0,0,0,0,1,0,0,0,0,1,1,False,False,J.Co Donuts
j co doughnuts,0,0,0,0,0,0,0,1,0,0,0,0,1,1,False,False,J.Co Doughnuts
j emmanuel pastries,0,0,0,0,0,0,0,1,0,0,0,0,1,1,False,False,J. Emmanuel Pastries
j fashion exhibit,0,0,0,0,0,0,0,0,0,0,0,1,1,1,False,False,J FASHION EXHIBIT
its a girl thing,0,0,0,0,0,0,0,1,0,0,0,0,1,1,False,False,It's A Girl Thing
itels cellphone trading,1,0,0,0,0,0,0,0,0,0,0,0,1,1,False,False,ITEL'S CELLPHONE TRADING
janina jewelries,0,0,0,0,0,0,0,1,0,0,0,0,1,1,False,False,JANINA JEWELRIES
itech nissan,0,0,0,0,0,0,0,0,0,0,0,1,1,1,False,False,ITECH NISSAN
isport,0,0,0,0,0,0,0,1,0,0,0,0,1,1,False,False,iSPORT
issue,0,0,0,0,0,0,1,0,0,0,0,0,1,1,False,False,Issue
issy cosmetics,0,0,0,0,0,1,0,0,0,0,0,0,1,1,False,False,Issy Cosmetics
istore digital lifestyle retail,0,0,1,0,0,0,0,0,0,0,0,0,1,1,False,False,Istore Digital Lifestyle Retail
istudioplus,0,0,0,0,0,0,0,0,1,0,0,0,1,1,False,False,ISTUDIOPLUS
it alley,0,1,0,0,0,0,0,0,0,0,0,0,1,1,False,False,IT ALLEY
it republic,0,0,0,0,0,0,0,0,1,0,0,0,1,1,False,False,IT REPUBLIC
it serve computer,0,0,0,0,0,0,1,0,0,0,0,0,1,1,False,False,It Serve Computer
it solutions,0,0,0,0,0,0,0,1,0,0,0,0,1,1,False,False,IT SOLUTIONS
it solutions cph,0,0,0,0,0,0,0,0,1,0,0,0,1,1,False,False,IT SOLUTIONS CPH
italiannis baker & cook,0,1,0,0,0,0,0,0,0,0,0,0,1,1,False,False,ITALIANNI'S / BAKER & COOK
italiannis restaurant,0,0,0,0,0,0,0,1,0,0,0,0,1,1,False,False,Italianni’s Restaurant
itallanis,0,0,0,0,0,0,0,1,0,0,0,0,1,1,False,False,Itallani's (NEW)
italy silver,0,0,0,0,1,0,0,0,0,0,0,0,1,1,False,False,Italy Silver
italyumm,0,0,0,0,0,1,0,0,0,0,0,0,1,1,False,False,Italyumm
j five shoes shop,0,0,0,0,0,0,0,1,0,0,0,0,1,1,False,False,J-FIVE SHOES SHOP
j king,0,1,0,0,0,0,0,0,0,0,0,0,1,1,False,False,J KING
j lindeberg,0,0,0,0,0,0,1,0,0,0,0,0,1,1,False,False,J. Lindeberg
j o lane watch store,0,0,0,0,0,0,0,0,0,0,1,0,1,1,False,False,J.O Lane Watch Store
jagb drug testing center inc,0,0,0,0,0,0,0,1,0,0,0,0,1,1,False,False,"JAGB DRUG TESTING CENTER, INC."
jaime t go scent station,0,0,0,0,0,0,0,0,0,0,0,1,1,1,False,False,JAIME T. GO SCENT STATION ( ZENZEST )
jajas fruit shake,0,0,0,0,1,0,0,0,0,0,0,0,1,1,False,False,Jaja's Fruit Shake
jaliah,0,0,0,0,0,0,0,1,0,0,0,0,1,1,False,False,Jaliah
jaltan,0,0,0,0,1,0,0,0,0,0,0,0,1,1,False,False,Jaltan
jamaican pattie 9387350635,0,0,0,0,0,0,0,1,0,0,0,0,1,1,False,False,Jamaican Pattie 9387350635
jamaican pattie ii,0,0,1,0,0,0,0,0,0,0,0,0,1,1,False,False,Jamaican Pattie Ii
jameron 2,0,0,0,0,0,0,0,0,0,0,0,1,1,1,False,False,JAMERON 2
jameron 3,0,0,0,0,0,0,0,0,0,0,0,1,1,1,False,False,JAMERON 3
james i kaze cellphone accessories,0,0,0,0,0,0,0,0,1,0,0,0,1,1,False,False,JAMES I-KAZE CELLPHONE ACCESSORIES
james wright cafe,0,0,0,0,0,0,0,0,1,0,0,0,1,1,False,False,JAMES WRIGHT CAFE
jameson dress acc,0,0,0,0,0,0,0,0,0,0,0,1,1,1,False,False,JAMESON DRESS ACC.
jamican pattie,0,0,0,0,0,0,0,1,0,0,0,0,1,1,False,False,JAMICAN PATTIE
jamila aesthetics,0,0,0,0,0,0,0,0,1,0,0,0,1,1,False,False,JAMILA AESTHETICS
janicas cellphone and accessories,0,0,0,0,0,0,0,1,0,0,0,0,1,1,False,False,JANICA'S CELLPHONE AND ACCESSORIES
jafars,0,0,0,0,0,0,0,0,1,0,0,0,1,1,False,False,JAFARS
jaeger lecoultre,0,1,0,0,0,0,0,0,0,0,0,0,1,1,False,False,JAEGER-LECOULTRE
jade time watch repair,0,0,0,0,0,0,0,1,0,0,0,0,1,1,False,False,Jade Time Watch Repair
j&t express,0,0,0,0,0,1,0,0,0,0,0,0,1,1,False,False,J&T Express
j&a cellphone and accessories 0955 180 2147,0,0,0,0,0,0,0,1,0,0,0,0,1,1,False,False,J&A CELLPHONE AND ACCESSORIES 0955-180-2147
j&a cellphone shop and accessories,0,0,0,0,0,0,0,1,0,0,0,0,1,1,False,False,J&A Cellphone Shop and Accessories
j&e phonebeast,0,0,0,0,0,0,0,0,1,0,0,0,1,1,False,False,J&E PHONEBEAST
j&g chicken,0,0,0,0,0,1,0,0,0,0,0,0,1,1,False,False,J&G Chicken
j&j,0,0,0,0,0,1,0,0,0,0,0,0,1,1,False,False,J&J
j&t,0,0,0,0,0,0,1,0,0,0,0,0,1,1,False,False,J&T
j24k,0,0,0,0,0,0,0,0,1,0,0,0,1,1,False,False,J24K
jade solutions & management services,0,0,0,0,0,1,0,0,0,0,0,0,1,1,False,False,Jade Solutions & Management Services
j4s car care services,0,0,0,0,0,0,0,0,1,0,0,0,1,1,False,False,J4S CAR CARE SERVICES
jaam house of sushi,0,0,0,0,0,0,0,0,1,0,0,0,1,1,False,False,JAAM HOUSE OF SUSHI
jacks adventure,0,0,0,0,0,0,0,1,0,0,0,0,1,1,False,False,JACK'S ADVENTURE
jacks adventures,0,0,0,0,0,0,0,1,0,0,0,0,1,1,False,False,JACKS ADVENTURES
jacobs breadnuts,0,0,0,0,0,0,0,0,1,0,0,0,1,1,False,False,JACOBS BREADNUTS
jade garden,0,1,0,0,0,0,0,0,0,0,0,0,1,1,False,False,JADE GARDEN
icha bingsu dessert cafe,0,0,0,0,0,0,0,0,1,0,0,0,1,1,False,False,ICHA BINGSU DESSERT CAFE
icha 0917 675 7171,0,0,0,0,0,0,0,1,0,0,0,0,1,1,False,False,ICHA 0917-675-7171
icha,0,0,0,0,0,0,0,1,0,0,0,0,1,1,False,False,ICHA
headway barbershop salon for women,0,0,0,0,0,0,0,0,1,0,0,0,1,1,False,False,HEADWAY BARBERSHOP SALON FOR WOMEN
healthcube,0,0,0,0,0,0,1,0,0,0,0,0,1,1,False,False,Healthcube
healthie shakes,0,0,0,0,1,0,0,0,0,0,0,0,1,1,False,False,Healthie Shakes
healthwaki therapy center,0,0,0,1,0,0,0,0,0,0,0,0,1,1,False,False,Healthwaki Therapy Center
healthway lab,0,0,0,0,0,0,1,0,0,0,0,0,1,1,False,False,Healthway Lab
healthway medical clinic,0,0,0,0,0,0,0,0,1,0,0,0,1,1,False,False,HEALTHWAY MEDICAL CLINIC
healthworks,0,0,0,0,0,0,0,0,0,0,1,0,1,1,False,False,Healthworks
healthy habits,0,0,0,0,0,0,0,0,1,0,0,0,1,1,False,False,HEALTHY HABITS
healthy sand,0,0,0,0,0,0,0,1,0,0,0,0,1,1,False,False,HEALTHY SAND
healthy shabu shabu prime,0,0,0,0,0,0,0,0,1,0,0,0,1,1,False,False,HEALTHY SHABU SHABU PRIME
healthy teeth clinic,0,0,0,0,0,0,0,0,1,0,0,0,1,1,False,False,HEALTHY TEETH CLINIC
hearsound,0,0,0,0,0,0,0,1,0,0,0,0,1,1,False,False,HEARSOUND
heart of wellness,0,0,0,0,0,0,0,1,0,0,0,0,1,1,False,False,Heart Of Wellness
hearts & arrow,0,0,0,0,0,0,0,1,0,0,0,0,1,1,False,False,Hearts & Arrow
hearts & arrows,0,0,0,0,0,1,0,0,0,0,0,0,1,1,False,False,Hearts & Arrows
hearts arrow,0,0,0,0,0,0,0,1,0,0,0,0,1,1,False,False,HEARTS ARROW
heal thy self,0,1,0,0,0,0,0,0,0,0,0,0,1,1,False,False,HEAL THY SELF
hd1 resto & sports bar,0,1,0,0,0,0,0,0,0,0,0,0,1,1,False,False,HD1 RESTO & SPORTS BAR
harlan & holden,0,0,0,0,0,1,0,0,0,0,0,0,1,1,False,False,Harlan & Holden
hbms,0,0,0,0,0,0,0,1,0,0,0,0,1,1,False,False,HBMS
harpershield,0,0,0,0,0,0,0,1,0,0,0,0,1,1,False,False,Harpershield
harrys cafe,0,0,0,0,0,0,0,0,1,0,0,0,1,1,False,False,HARRY'S CAFE
harte hanks,0,1,0,0,0,0,0,0,0,0,0,0,1,1,False,False,HARTE HANKS
haru photo,0,0,0,0,0,0,0,0,1,0,0,0,1,1,False,False,HARU PHOTO
haru studio,0,0,1,0,0,0,0,0,0,0,0,0,1,1,False,False,Haru Studio
harvesters,0,0,0,0,0,0,0,0,1,0,0,0,1,1,False,False,HARVESTERS
haseeb gadgets shop,0,0,0,0,0,0,0,1,0,0,0,0,1,1,False,False,Haseeb Gadgets Shop
hashtag manila,0,1,0,0,0,0,0,0,0,0,0,0,1,1,False,False,HASHTAG MANILA
hatch holistic therapy,0,0,0,0,0,0,0,0,1,0,0,0,1,1,False,False,HATCH HOLISTIC THERAPY
hatif cellphone & accessories,0,0,0,0,0,0,0,1,0,0,0,0,1,1,False,False,HATIF CELLPHONE & ACCESSORIES
havit,0,0,0,0,0,0,0,0,1,0,0,0,1,1,False,False,HAVIT
haya pearl,0,0,0,0,0,0,0,1,0,0,0,0,1,1,False,False,HAYA PEARL (OPEN)
hayashi,0,0,0,0,0,0,0,0,1,0,0,0,1,1,False,False,HAYASHI
hb cellphone accessories,0,0,0,0,0,0,0,1,0,0,0,0,1,1,False,False,HB Cellphone Accessories
hbc aslam cellphone store,0,0,0,0,0,0,0,0,0,0,0,1,1,1,False,False,HBC ASLAM CELLPHONE STORE (J-A)
hearty bread,0,0,0,0,0,1,0,0,0,0,0,0,1,1,False,False,Hearty Bread
heavenly desserts,0,0,0,0,0,1,0,0,0,0,0,0,1,1,False,False,Heavenly Desserts
heavins communication services,0,0,0,0,0,0,0,1,0,0,0,0,1,1,False,False,Heavin's Communication Services
hebrews shebrews,0,0,0,0,0,1,0,0,0,0,0,0,1,1,False,False,Hebrews Shebrews
hexihealth & general merchandise,0,0,0,0,0,0,0,0,0,0,0,1,1,1,False,False,HEXIHEALTH & GENERAL MERCHANDISE
hey bbk,0,0,0,0,0,0,0,0,1,0,0,0,1,1,False,False,HEY BBK
hey internet cafe,0,0,0,0,0,0,0,0,1,0,0,0,1,1,False,False,HEY INTERNET CAFE
hey kitchen,0,0,0,0,0,0,0,0,1,0,0,0,1,1,False,False,HEY KITCHEN
hidaya baniagas accesories tyra v food service,0,0,0,0,0,0,0,0,0,0,0,1,1,1,False,False,HIDAYA BANIAGA’S ACCESORIES TYRA V FOOD SERVICE ( SNOWPY )
high frequency phoneshop,0,0,0,0,1,0,0,0,0,0,0,0,1,1,False,False,High Frequency Phoneshop
high tech pro mobile,0,0,0,0,0,0,0,1,0,0,0,0,1,1,False,False,HIGH TECH PRO MOBILE
highlands prime steakhouse,0,0,0,0,0,0,0,0,1,0,0,0,1,1,False,False,HIGHLANDS PRIME STEAKHOUSE
hiker enterprises manjaru,0,0,0,0,0,0,0,0,0,0,0,1,1,1,False,False,HIKER ENTERPRISES / MANJARU
hikiniku to come,0,0,0,0,0,1,0,0,0,0,0,0,1,1,False,False,Hikiniku to Come
hill station bistro,0,0,0,0,0,0,0,0,1,0,0,0,1,1,False,False,HILL STATION BISTRO
hip street,0,0,0,0,0,0,0,0,1,0,0,0,1,1,False,False,HIP STREET
hipolito tuazon villanueva law offices,0,1,0,0,0,0,0,0,0,0,0,0,1,1,False,False,HIPOLITO TUAZON VILLANUEVA LAW OFFICES
hirali jewelry,0,0,0,0,0,0,0,1,0,0,0,0,1,1,False,False,Hirali Jewelry
hiro massage,0,0,1,0,0,0,0,0,0,0,0,0,1,1,False,False,Hiro Massage
hexi health,0,0,0,0,0,0,0,0,0,0,0,1,1,1,False,False,HEXI HEALTH
hewlett packard,0,0,0,0,0,0,0,0,1,0,0,0,1,1,False,False,HEWLETT PACKARD
hermes,0,1,0,0,0,0,0,0,0,0,0,0,1,1,False,False,HERMES
hello glasses,0,0,0,0,0,0,0,0,0,0,1,0,1,1,False,False,Hello Glasses
hechter,0,0,0,0,0,0,1,0,0,0,0,0,1,1,False,False,Hechter
hechter paris,0,0,0,0,0,0,0,0,1,0,0,0,1,1,False,False,HECHTER PARIS
helainah eyelash extension,0,0,0,0,0,0,0,1,0,0,0,0,1,1,False,False,HELAINAH EYELASH EXTENSION
helen jewelry shop,0,0,0,0,0,0,0,0,1,0,0,0,1,1,False,False,HELEN JEWELRY SHOP
hello,0,0,0,0,0,0,0,0,1,0,0,0,1,1,False,False,HELLO
hello baby,0,0,0,1,0,0,0,0,0,0,0,0,1,1,False,False,Hello Baby
helly hansen,0,1,0,0,0,0,0,0,0,0,0,0,1,1,False,False,HELLY HANSEN
herbys affoodable,0,1,0,0,0,0,0,0,0,0,0,0,1,1,False,False,HERBY’S AFFOODABLE
helping hands 0955 544 1879,0,0,0,0,0,0,0,1,0,0,0,0,1,1,False,False,THE HELPING HANDS 0955-544-1879
hendison shoe plaza,0,0,0,0,0,0,0,0,0,0,0,1,1,1,False,False,HENDISON SHOE PLAZA
henlin mini gem metro star,0,0,0,0,0,0,0,0,0,0,0,1,1,1,False,False,HENLIN MINI GEM METRO STAR
henrich the sticky bibingka,0,0,0,0,1,0,0,0,0,0,0,0,1,1,False,False,Henrich the Sticky Bibingka
henry smartlock,0,0,0,0,0,0,0,1,0,0,0,0,1,1,False,False,HENRY SMARTLOCK
her bench,0,0,0,0,1,0,0,0,0,0,0,0,1,1,False,False,Her Bench
harlan holden cafe,0,1,0,0,0,0,0,0,0,0,0,0,1,1,False,False,HARLAN+HOLDEN CAFE
harbour city dimsum house,0,1,0,0,0,0,0,0,0,0,0,0,1,1,False,False,HARBOUR CITY DIMSUM HOUSE
icetag cafe,0,0,0,0,0,0,0,0,1,0,0,0,1,1,False,False,ICETAG CAFE
hahn manila,1,0,0,0,0,0,0,0,0,0,0,0,1,1,False,False,HAHN MANILA
hai sha general merchandise,0,0,0,1,0,0,0,0,0,0,0,0,1,1,False,False,HAI SHA GENERAL MERCHANDISE
hai sha mb beauty and wellness product trading,0,0,0,0,0,0,0,0,1,0,0,0,1,1,False,False,HAI-SHA MB BEAUTY AND WELLNESS PRODUCT TRADING
haidilao hotpot,0,0,0,0,0,0,0,1,0,0,0,0,1,1,False,False,Haidilao Hotpot
haileys hair lounge,0,0,0,0,1,0,0,0,0,0,0,0,1,1,False,False,Haileys Hair Lounge
haim chicken,0,0,0,0,0,0,0,1,0,0,0,0,1,1,False,False,Haim Chicken
hain,0,0,0,0,0,0,0,1,0,0,0,0,1,1,False,False,HAIN
hair project salon,0,0,1,0,0,0,0,0,0,0,0,0,1,1,False,False,Hair Project Salon
hair protect salon,0,0,1,0,0,0,0,0,0,0,0,0,1,1,False,False,Hair Protect Salon
haircut encarnacion,0,0,0,0,0,0,0,0,0,0,1,0,1,1,False,False,Haircut Encarnacion
hairlab,0,0,0,0,0,0,0,0,1,0,0,0,1,1,False,False,THE HAIRLAB
hairless,0,0,0,0,0,0,0,0,1,0,0,0,1,1,False,False,HAIRLESS
hairology,0,0,0,0,1,0,0,0,0,0,0,0,1,1,False,False,Hairology
hairshaft,0,0,0,0,0,0,0,0,1,0,0,0,1,1,False,False,HAIRSHAFT
hairshaft salon,0,0,0,0,0,0,0,1,0,0,0,0,1,1,False,False,Hairshaft Salon
hairtalk,0,0,0,0,0,0,0,0,1,0,0,0,1,1,False,False,HAIRTALK
hai chix & steaks,0,0,0,0,0,0,1,0,0,0,0,0,1,1,False,False,Hai Chix & Steaks
hagtags printing services,0,0,0,0,1,0,0,0,0,0,0,0,1,1,False,False,Hagtags Printing Services
happys all day breakfast cafe,0,0,0,0,0,0,0,0,1,0,0,0,1,1,False,False,HAPPYS ALL DAY BREAKFAST CAFÉ
hagtags printing,0,0,0,0,1,0,0,0,0,0,0,0,1,1,False,False,Hagtags Printing
gyp alteration services,0,0,0,0,0,0,0,1,0,0,0,0,1,1,False,False,GYP Alteration Services
gyu kaku,0,0,0,0,0,0,1,0,0,0,0,0,1,1,False,False,Gyu-kaku
h a collection fashion shop,0,0,0,0,0,0,0,1,0,0,0,0,1,1,False,False,H.A. COLLECTION FASHION SHOP
h l accessories,0,0,0,0,0,0,0,0,1,0,0,0,1,1,False,False,H L ACCESSORIES
h&d trading,0,0,0,0,0,0,0,1,0,0,0,0,1,1,False,False,H&D Trading
h&l cellphone accessories,0,0,0,0,0,0,0,0,0,0,1,0,1,1,False,False,H&L Cellphone Accessories
h2j sales,1,0,0,0,0,0,0,0,0,0,0,0,1,1,False,False,H2J SALES (THE RED SHOP)
h2o,0,0,0,0,0,1,0,0,0,0,0,0,1,1,False,False,H2O
h2o lifesource,0,0,0,0,0,1,0,0,0,0,0,0,1,1,False,False,H2O Lifesource
h2o to go,0,0,0,0,0,0,0,0,1,0,0,0,1,1,False,False,H2O TO GO
habi at kape,0,1,0,0,0,0,0,0,0,0,0,0,1,1,False,False,HABI AT KAPE
habitual coffee,0,0,0,0,0,1,0,0,0,0,0,0,1,1,False,False,Habitual Coffee
hachiboru,0,0,0,0,0,0,0,0,1,0,0,0,1,1,False,False,HACHIBORU
hadrian,0,0,0,0,0,0,0,0,0,0,0,1,1,1,False,False,HADRIAN
haengbook korean grill house,0,0,0,0,0,0,0,1,0,0,0,0,1,1,False,False,Haengbook Korean Grill House
hairtalk by williard,0,0,0,0,0,0,0,1,0,0,0,0,1,1,False,False,Hairtalk by Williard
hairzone,0,1,0,0,0,0,0,0,0,0,0,0,1,1,False,False,HAIRZONE
hallo mango,0,0,0,0,0,0,0,1,0,0,0,0,1,1,False,False,HALLO MANGO
halo mobile clothing,0,0,0,0,1,0,0,0,0,0,0,0,1,1,False,False,Halo Mobile Clothing
happy animal ride,0,0,0,0,0,0,0,1,0,0,0,0,1,1,False,False,HAPPY ANIMAL RIDE
happy cone,0,0,0,0,0,0,0,1,0,0,0,0,1,1,False,False,Happy Cone
happy dough,0,0,0,0,0,0,0,0,0,0,0,1,1,1,False,False,Happy Dough
happy feet travels,0,0,0,0,0,0,0,0,1,0,0,0,1,1,False,False,HAPPY FEET TRAVELS
happy gold repair shop & goldsmith,0,0,0,0,0,0,1,0,0,0,0,0,1,1,False,False,Happy Gold Repair Shop & Goldsmith
happy hauz donut mini gem metro star,0,0,0,0,0,0,0,0,0,0,0,1,1,1,False,False,HAPPY HAUZ DONUT MINI GEM METRO STAR
happy leaf,0,0,0,0,0,0,0,1,0,0,0,0,1,1,False,False,Happy Leaf
happy paw,0,0,0,0,0,1,0,0,0,0,0,0,1,1,False,False,Happy Paw
happy pill cafe,0,0,0,0,0,0,0,1,0,0,0,0,1,1,False,False,HAPPY PILL CAFE
happy play cafe,0,0,0,0,0,0,0,1,0,0,0,0,1,1,False,False,Happy Play Cafe
happy space,0,0,0,0,0,0,0,1,0,0,0,0,1,1,False,False,HAPPY SPACE
happy takoyaki,0,0,0,1,0,0,0,0,0,0,0,0,1,1,False,False,Happy Takoyaki
happy tea pearl frappe,0,0,0,0,0,0,0,0,1,0,0,0,1,1,False,False,HAPPY TEA PEARL FRAPPE
happynest kiddie play room,0,0,0,0,0,0,1,0,0,0,0,0,1,1,False,False,Happynest Kiddie Play Room
happyride scooter rental,0,0,0,0,0,0,0,0,1,0,0,0,1,1,False,False,HAPPYRIDE SCOOTER RENTAL
happilee,0,0,1,0,0,0,0,0,0,0,0,0,1,1,False,False,Happilee
hapi haus donuts,0,0,0,0,0,0,0,0,0,0,0,1,1,1,False,False,HAPI HAUS DONUTS
hapchan rgv realty,0,0,0,0,0,0,0,0,0,0,0,1,1,1,False,False,HAPCHAN RGV Realty
handyman expansion mobile box,0,0,0,0,0,0,0,0,0,0,0,1,1,1,False,False,HANDYMAN EXPANSION Mobile Box
hanako,0,0,0,0,0,0,1,0,0,0,0,0,1,1,False,False,Hanako
hanamaki,0,0,0,0,0,0,0,0,1,0,0,0,1,1,False,False,HANAMAKI
hanamaruken,0,1,0,0,0,0,0,0,0,0,0,0,1,1,False,False,HANAMARUKEN
handaan grande,0,0,0,0,0,0,0,0,1,0,0,0,1,1,False,False,HANDAAN GRANDE
handyman 0998 8465627,0,0,0,0,0,0,0,1,0,0,0,0,1,1,False,False,Handyman 0998-8465627
handyman do it best h & m iv,0,0,0,0,0,0,0,0,0,0,0,1,1,1,False,False,Handyman Do it Best H & M IV
handyman sassy and classy,0,0,0,0,0,0,0,0,0,0,0,1,1,1,False,False,HANDYMAN SASSY and CLASSY
hao ling jewelry,0,0,0,0,0,0,0,1,0,0,0,0,1,1,False,False,Hao Ling Jewelry
hanie abo mini gem exhibit 12,0,0,0,0,0,0,0,0,0,0,0,1,1,1,False,False,HANIE ABO ( johar pearl watch & accs. Store) MINI GEM EXHIBIT #12 ( created space # 20 )
hankki,0,0,0,0,0,0,0,1,0,0,0,0,1,1,False,False,HANKKI
hannah ysabelle,0,0,0,0,0,0,0,1,0,0,0,0,1,1,False,False,HANNAH YSABELLE
hannas garden,0,0,0,0,0,0,0,1,0,0,0,0,1,1,False,False,HANNA'S GARDEN (NEW)
hao chi grill & hot pot,0,0,0,0,0,0,0,0,1,0,0,0,1,1,False,False,HAO CHI GRILL & HOT POT
hao chuan by phela grande hotel,0,0,0,0,0,0,0,0,1,0,0,0,1,1,False,False,HAO CHUAN BY PHELA GRANDE HOTEL
hiroshi wellness,1,0,0,0,0,0,0,0,0,0,0,0,1,1,False,False,HIROSHI WELLNESS
his travel,0,0,0,0,0,0,0,1,0,0,0,0,1,1,False,False,HIS Travel
historia art,0,0,0,0,0,0,1,0,0,0,0,0,1,1,False,False,Historia Art
huilier jewelry,0,0,0,0,0,0,0,1,0,0,0,0,1,1,False,False,HUILIER JEWELRY
humble market,0,1,0,0,0,0,0,0,0,0,0,0,1,1,False,False,HUMBLE MARKET
humes fashion gallery lots of pizza,0,0,0,0,0,0,0,0,0,0,0,1,1,1,False,False,Humes Fashion Gallery Lot's of Pizza
hummus us,0,0,0,0,0,1,0,0,0,0,0,0,1,1,False,False,Hummus Us
humpte dumptea by coffee and bikes,0,0,0,0,0,0,0,1,0,0,0,0,1,1,False,False,Humpte Dumptea by Coffee and Bikes
humy,0,0,0,0,0,0,0,0,1,0,0,0,1,1,False,False,HUMY
hungry box,0,0,0,0,0,0,0,1,0,0,0,0,1,1,False,False,HUNGRY BOX
hungry box 0919 923 7333,0,0,0,0,0,0,0,1,0,0,0,0,1,1,False,False,HUNGRY BOX 0919-923-7333
hungry hippo,0,0,0,0,0,0,0,0,1,0,0,0,1,1,False,False,HUNGRY HIPPO
hungry hoon,0,0,0,0,0,0,0,0,1,0,0,0,1,1,False,False,HUNGRY HOON
hunter tradition,0,0,0,0,0,0,0,0,1,0,0,0,1,1,False,False,HUNTER TRADITION
hush pupies,0,0,0,0,0,0,0,1,0,0,0,0,1,1,False,False,HUSH PUPIES
hussam middle eastern cuisine,0,0,1,0,0,0,0,0,0,0,0,0,1,1,False,False,Hussam Middle Eastern Cuisine
hycore cellphone accessories,0,0,0,0,1,0,0,0,0,0,0,0,1,1,False,False,Hycore Cellphone Accessories
hydro core water refilling station,0,0,0,0,0,0,0,0,1,0,0,0,1,1,False,False,HYDRO CORE WATER REFILLING STATION
hygea wellness center,0,0,0,0,0,0,0,0,1,0,0,0,1,1,False,False,HYGEA WELLNESS CENTER
hukad 0917 311 3750,0,0,0,0,0,0,0,1,0,0,0,0,1,1,False,False,HUKAD 0917-311-3750
hugs and mugs coffee shop mister donut,0,0,0,0,0,0,0,0,0,0,0,1,1,1,False,False,Hugs and Mugs Coffee Shop ( ORGANO CAFE ) MISTER DONUT
hit,0,0,0,0,0,0,0,1,0,0,0,0,1,1,False,False,HIT
hued,0,0,0,0,0,1,0,0,0,0,0,0,1,1,False,False,Hued
how fun,0,0,0,0,0,0,0,0,1,0,0,0,1,1,False,False,HOW FUN
hoy house of yogurt lover,0,0,0,0,0,0,0,0,1,0,0,0,1,1,False,False,HOY HOUSE OF YOGURT LOVER
hp digital interface,0,0,0,0,1,0,0,0,0,0,0,0,1,1,False,False,HP / Digital Interface
hp solutions center,0,1,0,0,0,0,0,0,0,0,0,0,1,1,False,False,HP SOLUTIONS CENTER
hpt cell shop,0,0,0,0,1,0,0,0,0,0,0,0,1,1,False,False,HPT Cell Shop
hs,0,0,0,0,1,0,0,0,0,0,0,0,1,1,False,False,HS
hsbc,0,1,0,0,0,0,0,0,0,0,0,0,1,1,False,False,HSBC
hsbc wealth,0,1,0,0,0,0,0,0,0,0,0,0,1,1,False,False,HSBC WEALTH
hssw dental center,0,0,0,0,0,0,0,0,1,0,0,0,1,1,False,False,HSSW DENTAL CENTER
hto cellphone repair shop,0,0,0,0,0,0,0,0,0,0,1,0,1,1,False,False,HTO Cellphone Repair Shop
huawei kiosk,0,0,0,0,0,0,0,1,0,0,0,0,1,1,False,False,Huawei Kiosk
huawei v3 5,0,0,0,0,1,0,0,0,0,0,0,0,1,1,False,False,Huawei V3.5
hubsite printing center,0,0,0,0,0,0,0,1,0,0,0,0,1,1,False,False,HUBSITE PRINTING CENTER
hudson central market,0,0,0,0,0,1,0,0,0,0,0,0,1,1,False,False,Hudson Central Market
hue delight,0,0,0,0,0,0,0,1,0,0,0,0,1,1,False,False,Hue Delight
hype 24 7 9090816189,0,0,0,0,0,0,0,1,0,0,0,0,1,1,False,False,Hype 24/7 9090816189
hyundai,0,0,0,0,0,0,0,1,0,0,0,0,1,1,False,False,HYUNDAI
hyundai city store,0,0,0,0,0,0,0,1,0,0,0,0,1,1,False,False,HYUNDAI CITY STORE
hyundai commonwealth,0,0,0,0,0,0,0,0,1,0,0,0,1,1,False,False,HYUNDAI COMMONWEALTH
ian dary,0,0,0,0,0,0,0,1,0,0,0,0,1,1,False,False,Ian Dary
ibays silver,0,0,0,0,0,0,0,1,0,0,0,0,1,1,False,False,Ibay's Silver
ibeautified beauty lounge kid co,0,0,0,0,0,0,1,0,0,0,0,0,1,1,False,False,Ibeautified Beauty Lounge / Kid Co
ibenzvel salon,0,0,0,0,0,0,0,0,0,0,0,1,1,1,False,False,IBENZVEL SALON
ibloom massage chair,0,0,0,0,0,0,0,1,0,0,0,0,1,1,False,False,Ibloom Massage Chair
ibook,0,0,0,0,0,0,0,0,1,0,0,0,1,1,False,False,IBOOK
icase,0,0,0,0,0,0,0,1,0,0,0,0,1,1,False,False,iCASE
ice & swirls,0,0,0,0,0,0,0,1,0,0,0,0,1,1,False,False,ICE & SWIRLS
ice bergs,0,0,0,0,0,1,0,0,0,0,0,0,1,1,False,False,Ice Bergs
ice cream & donut house r lapids chicharon,0,0,0,0,0,0,0,0,0,0,0,1,1,1,False,False,ICE CREAM & DONUT HOUSE R.LAPID'S CHICHARON
ice cream house,0,0,0,0,0,0,0,0,0,0,0,1,1,1,False,False,ICE CREAM HOUSE
ice cream house cocais food stall sbma shawarma,0,0,0,0,0,0,0,0,0,0,0,1,1,1,False,False,ICE CREAM HOUSE COCAI’S FOOD STALL/ SBMA SHAWARMA
ice kingdom,0,0,0,0,0,0,0,1,0,0,0,0,1,1,False,False,Ice Kingdom
ice print,0,0,0,0,0,0,0,0,1,0,0,0,1,1,False,False,ICE PRINT
ice queen,0,0,0,0,0,0,0,1,0,0,0,0,1,1,False,False,ICE QUEEN
ian darcy perfume,0,0,0,0,0,0,0,1,0,0,0,0,1,1,False,False,IAN DARCY PERFUME
ian darcy oil rich fragrance collection,0,0,0,0,0,0,0,1,0,0,0,0,1,1,False,False,Ian Darcy Oil Rich Fragrance Collection
ian darcy fragrance,0,0,0,0,0,0,0,1,0,0,0,0,1,1,False,False,Ian Darcy Fragrance
i refresh massage,0,0,0,0,0,0,0,1,0,0,0,0,1,1,False,False,I-Refresh Massage
i heart yogurt,0,0,0,0,0,0,0,1,0,0,0,0,1,1,False,False,I Heart Yogurt
i lash,0,0,0,0,0,0,0,0,1,0,0,0,1,1,False,False,I-LASH
i love baking,0,0,0,0,0,0,0,0,1,0,0,0,1,1,False,False,I LOVE BAKING
i love milktea,0,0,0,0,0,0,0,1,0,0,0,0,1,1,False,False,I Love Milktea
i ngco,0,0,0,0,0,0,0,0,1,0,0,0,1,1,False,False,I NGCO
i parcel,0,0,0,0,0,0,0,0,1,0,0,0,1,1,False,False,I PARCEL
i slim and skin aesthetic center,0,0,0,0,0,0,0,0,1,0,0,0,1,1,False,False,I-SLIM AND SKIN AESTHETIC CENTER
ian darcy 9230870741,0,0,0,0,0,0,0,1,0,0,0,0,1,1,False,False,Ian Darcy 9230870741
i wacth,0,0,0,0,0,0,0,1,0,0,0,0,1,1,False,False,I-WACTH
i2i incorporated,0,0,0,0,0,0,0,0,0,1,0,0,1,1,False,False,I2I INCORPORATED
iams kitchen bar,0,0,0,0,0,0,0,0,1,0,0,0,1,1,False,False,IAMS KITCHEN BAR
ian darcey,0,0,0,0,0,0,0,1,0,0,0,0,1,1,False,False,ian Darcey
ian darcy 9176216444,0,0,0,0,0,0,0,1,0,0,0,0,1,1,False,False,Ian Darcy 9176216444
ian darcy 9176263352,0,0,0,0,0,0,0,1,0,0,0,0,1,1,False,False,IAN DARCY 9176263352
house of wagyu,0,0,0,0,0,1,0,0,0,0,0,0,1,1,False,False,House Of Wagyu
house of vigan empanada 0948 470 7906,0,0,0,0,0,0,0,1,0,0,0,0,1,1,False,False,HOUSE OF VIGAN EMPANADA 0948-470-7906
house of taho by taho atbp,0,0,0,0,0,0,0,0,1,0,0,0,1,1,False,False,HOUSE OF TAHO BY TAHO ATBP
honeybon,0,0,1,0,0,0,0,0,0,0,0,0,1,1,False,False,Honeybon
hollywood spectacles,0,0,0,0,0,0,0,1,0,0,0,0,1,1,False,False,HOLLYWOOD SPECTACLES
holy cow,0,0,0,0,0,0,0,0,1,0,0,0,1,1,False,False,HOLY COW
holy halo,0,0,0,0,0,0,0,1,0,0,0,0,1,1,False,False,Holy Halo
hom thai food,0,0,0,0,0,0,0,0,1,0,0,0,1,1,False,False,HOM THAI FOOD
home and beyond,0,0,0,0,0,0,0,1,0,0,0,0,1,1,False,False,HOME AND BEYOND
home bazaar,0,0,1,0,0,0,0,0,0,0,0,0,1,1,False,False,Home Bazaar
homebakers,0,0,0,0,0,0,0,0,1,0,0,0,1,1,False,False,HOMEBAKERS
homecity,0,0,0,0,0,0,0,0,0,1,0,0,1,1,False,False,HOMECITY
homerong,0,0,0,0,0,0,0,0,1,0,0,0,1,1,False,False,HOMERONG
homesitte shawarma,0,1,0,0,0,0,0,0,0,0,0,0,1,1,False,False,HOMESITTE SHAWARMA
homestar appliances,0,0,0,0,0,0,0,0,0,1,0,0,1,1,False,False,HOMESTAR APPLIANCES
homeworks iguanas,0,0,0,0,0,0,0,0,0,0,0,1,1,1,False,False,HOMEWORKS IGUANAS
honey bakes cafe,0,0,0,0,0,0,0,0,1,0,0,0,1,1,False,False,HONEY BAKES CAFE
honey bs,0,0,0,0,1,0,0,0,0,0,0,0,1,1,False,False,Honey B's
honey bs sweets and crafts,0,0,0,0,0,0,0,1,0,0,0,0,1,1,False,False,HONEY B'S SWEETS AND CRAFTS
hollywood diva,0,0,0,0,0,0,0,1,0,0,0,0,1,1,False,False,Hollywood Diva
holland tulips,0,0,0,0,0,0,0,0,1,0,0,0,1,1,False,False,HOLLAND TULIPS
holland park booth,0,0,0,0,0,1,0,0,0,0,0,0,1,1,False,False,Holland Park Booth
hlo drug testing,0,0,0,0,0,0,0,1,0,0,0,0,1,1,False,False,Hlo Drug Testing
hive,0,1,0,0,0,0,0,0,0,0,0,0,1,1,False,False,HIVE
hizons cakes & pastries,0,0,0,0,0,0,0,1,0,0,0,0,1,1,False,False,Hizon's Cakes & Pastries
hj abragan,0,0,0,0,0,0,0,1,0,0,0,0,1,1,False,False,HJ Abragan
hj textile,0,0,0,0,0,0,0,1,0,0,0,0,1,1,False,False,HJ TEXTILE
hk fried noodle,0,0,0,0,0,0,0,1,0,0,0,0,1,1,False,False,HK Fried Noodle
hk fried noodles,0,0,0,1,0,0,0,0,0,0,0,0,1,1,False,False,HK FRIED NOODLES
hlo drugtesting laboratory,0,0,0,0,0,0,0,1,0,0,0,0,1,1,False,False,HLO Drugtesting Laboratory
holimar jewelry,0,1,0,0,0,0,0,0,0,0,0,0,1,1,False,False,HOLIMAR JEWELRY
hm,0,0,0,0,0,0,0,0,1,0,0,0,1,1,False,False,HM
hob,0,0,0,0,0,0,1,0,0,0,0,0,1,1,False,False,HOB
hobby korner,0,0,0,0,0,0,1,0,0,0,0,0,1,1,False,False,Hobby Korner
hobby nook,0,0,0,0,0,0,1,0,0,0,0,0,1,1,False,False,Hobby Nook
hobing cafe,0,0,0,0,0,1,0,0,0,0,0,0,1,1,False,False,Hobing Cafe
hoco 9052566689,0,0,0,0,0,0,0,1,0,0,0,0,1,1,False,False,Hoco 9052566689
honey bunch,0,0,0,0,0,0,0,1,0,0,0,0,1,1,False,False,Honey Bunch
hong kong hardware,0,0,0,0,0,0,1,0,0,0,0,0,1,1,False,False,Hong Kong Hardware
house of samsonite,0,0,0,0,0,0,0,0,1,0,0,0,1,1,False,False,HOUSE OF SAMSONITE
hong kong kitchen,0,0,0,0,0,0,0,1,0,0,0,0,1,1,False,False,Hong Kong Kitchen
hotdog empire,0,0,0,0,1,0,0,0,0,0,0,0,1,1,False,False,Hotdog Empire
hotdog express,0,0,0,0,1,0,0,0,0,0,0,0,1,1,False,False,Hotdog Express
hotpoint of sale marketing,0,0,0,0,0,0,0,1,0,0,0,0,1,1,False,False,Hotpoint Of Sale Marketing
hottie fashion,0,0,0,0,0,0,0,1,0,0,0,0,1,1,False,False,Hottie Fashion
hour glass,0,0,0,0,0,0,0,0,1,0,0,0,1,1,False,False,HOUR GLASS
house of desserts 9925117716,0,0,0,0,0,0,0,1,0,0,0,0,1,1,False,False,House Of Desserts 9925117716
house of frappe,0,0,0,0,0,0,0,0,1,0,0,0,1,1,False,False,HOUSE OF FRAPPE
house of fries,0,0,0,0,0,0,0,1,0,0,0,0,1,1,False,False,HOUSE OF FRIES
house of lasagna,0,0,1,0,0,0,0,0,0,0,0,0,1,1,False,False,House Of Lasagna
house of lasagna by chef erick congmon,0,0,0,0,0,0,0,0,1,0,0,0,1,1,False,False,HOUSE OF LASAGNA BY CHEF ERICK CONGMON
house of lechon,0,0,0,0,0,0,0,0,1,0,0,0,1,1,False,False,HOUSE OF LECHON
house of minis,0,0,0,0,0,0,1,0,0,0,0,0,1,1,False,False,House Of Minis
house of oppa,0,0,1,0,0,0,0,0,0,0,0,0,1,1,False,False,House Of Oppa
house of polvoron,0,1,0,0,0,0,0,0,0,0,0,0,1,1,False,False,HOUSE OF POLVORON
house of rolls,0,0,0,0,0,0,0,0,1,0,0,0,1,1,False,False,HOUSE OF ROLLS
hotdog all dway,0,0,0,0,0,0,0,1,0,0,0,0,1,1,False,False,HOTDOG ALL D'WAY
hot star dakasi,0,0,1,0,0,0,0,0,0,0,0,0,1,1,False,False,Hot Star / Dakasi
hot potato,0,0,0,0,0,0,0,0,1,0,0,0,1,1,False,False,HOT POTATO
honolulu hk cafe,0,0,0,0,0,0,0,1,0,0,0,0,1,1,False,False,Honolulu Hk Cafe
hong kong style,0,0,0,0,0,0,0,0,0,0,0,1,1,1,False,False,HONG KONG STYLE
hong kong style noodle,0,0,0,0,0,0,0,1,0,0,0,0,1,1,False,False,HONG KONG STYLE NOODLE
hongkong fried noodles minigem,0,0,0,0,0,0,0,0,0,0,0,1,1,1,False,False,HONGKONG FRIED NOODLES MINIGEM (#48)
hongkong style noodles and dimsum,0,0,0,0,0,0,0,1,0,0,0,0,1,1,False,False,Hongkong Style Noodles and Dimsum
honolulu cafe,0,1,0,0,0,0,0,0,0,0,0,0,1,1,False,False,HONOLULU CAFÉ
honolulu hk bakery cafe,0,0,0,0,0,0,0,0,1,0,0,0,1,1,False,False,HONOLULU HK BAKERY CAFE
honor concept store,0,0,0,0,0,0,0,1,0,0,0,0,1,1,False,False,HONOR CONCEPT STORE
hossein,0,1,0,0,0,0,0,0,0,0,0,0,1,1,False,False,HOSSEIN
honor kiosk,0,0,0,0,0,0,0,1,0,0,0,0,1,1,False,False,HONOR KIOSK
hooga,0,0,0,0,0,1,0,0,0,0,0,0,1,1,False,False,Hooga
hook bcd,0,0,0,0,0,0,0,0,1,0,0,0,1,1,False,False,THE HOOK BCD
horologist,0,0,0,0,0,0,1,0,0,0,0,0,1,1,False,False,The Horologist
hoseki,0,0,0,0,0,0,0,0,1,0,0,0,1,1,False,False,HOSEKI
hoshino,0,0,0,0,0,0,0,1,0,0,0,0,1,1,False,False,HOSHINO
zyx katsumaki,0,0,0,0,0,0,0,1,0,0,0,0,1,1,False,False,Zyx Katsumaki
