brand_key,display_name,chain,mall_id,mall_name,region
mrg law office,MRG Law Office,robinsons,robinsons-novaliches,Robinsons Novaliches,metro-manila
original bakery,ORIGINAL BAKERY,sm,sm-city-north-edsa,SM City North Edsa,metro-manila
options studios,Options Studios,megaworld,uptown-mall,Uptown Mall,metro-manila
pao tsin specialties,PAO TSIN SPECIALTIES,sm,sm-savemore-nagtahan,SM Savemore Nagtahan,metro-manila
pizza volante,PIZZA VOLANTE,sm,sm-city-baguio,SM City Baguio,north-luzon
playhouse mutiple intelligence and turtorial center sanz cellphone,Playhouse Mutiple Intelligence and Turtorial Center SANZ CELLPHONE,xentro,xentro-mall-calapan,XentroMall Calapan,south-luzon
mr coco,MR COCO,sm,sm-southmall,SM Southmall,metro-manila
original biscocho haus kiosk,Original Biscocho Haus Kiosk,robinsons,robinsons-iloilo,Robinsons Place Iloilo,visayas
mrs affogato,Mrs. Affogato,megaworld,lucky-chinatown-mall,Lucky Chinatown Mall,metro-manila
mt stomach,MT Stomach,megaworld,california-garden-square,California Garden Square,metro-manila
music house,The Music House,ortigas,greenhills,Greenhills,metro-manila
mtcs money changer,MTC'S MONEY CHANGER,xentro,montalban-town-center,Montalban Town Center,metro-manila
playground samuelitos,PLAYGROUND SAMUELITOS,xentro,xentro-mall-lemery,XentroMall Lemery,south-luzon
mr creamy station,Mr. Creamy Station (Temporarily Closed),robinsons,robinsons-ormoc,Robinsons Place Ormoc,visayas
play works,PLAY WORKS,sm,sm-aura,SM Aura,metro-manila
play n learn kids playroom childcare center,PLAY N LEARN KIDS PLAYROOM CHILDCARE CENTER,sm,sm-city-davao,SM City Davao,mindanao
pinoy pyesta,PINOY PYESTA,sm,sm-city-dasmarinas,SM City Dasmariñas,south-luzon
play studio,Play Studio,robinsons,robinsons-bacolod,Robinsons Place Bacolod,visayas
pizzahut,PIZZAHUT,robinsons,robinsons-galleria-ortigas,Robinsons Galleria,metro-manila
mr diecast & collectibles,Mr. Diecast & Collectibles,robinsons,robinsons-dasmarinas,Robinsons Place Dasmarinas,south-luzon
museo barbershop nail gallery spa,MUSEO BARBERSHOP NAIL GALLERY SPA,sm,smdc-air-mall,SMDC Air Mall,metro-manila
museum of emotions,MUSEUM OF EMOTIONS,ayala,ayala-center-cebu,Ayala Center Cebu,visayas
mtmb,MTMB,starmall,alabang,Starmall Alabang,metro-manila
mr d cellphone store,Mr. D. Cellphone Store,robinsons,robinsons-starmills,Robinsons Starmills,north-luzon
mr cutter,Mr Cutter,robinsons,robinsons-tacloban,Robinsons Place Tacloban,visayas
original all american,Original All American,robinsons,robinsons-magnolia,Robinsons Magnolia,metro-manila
panero,PANERO,robinsons,robinsons-galleria-ortigas,Robinsons Galleria,metro-manila
pinoy krispy sisig,Pinoy Krispy Sisig,robinsons,robinsons-antipolo,Robinsons Place Antipolo,metro-manila
playcafe,Playcafe,megaworld,venice-grand-canal-mall,Venice Grand Canal Mall,metro-manila
pinkies box,PINKIES BOX,robinsons,robinsons-iligan,Robinsons Place Iligan,mindanao
playground,Playground 9232881783,robinsons,robinsons-magnolia,Robinsons Magnolia,metro-manila
playland,Playland,fishermall,quezonave,Fisher Mall Quezon Avenue,metro-manila
oppo play telecom,Oppo/Play Telecom,robinsons,robinsons-iloilo,Robinsons Place Iloilo,visayas
oppo kiosk,OPPO KIOSK,araneta,farmers-plaza,Farmers Plaza,metro-manila
mr clive shoe repair shop,MR. CLIVE SHOE REPAIR SHOP,robinsons,robinsons-novaliches,Robinsons Novaliches,metro-manila
playland (l1 l2),PLAYLAND (L1-L2),fishermall,malabon,Fisher Mall Malabon,metro-manila
music jam el bonitos,MUSIC JAM EL BONITOS,xentro,xentro-mall-lemery,XentroMall Lemery,south-luzon
panco cafe,PANCO CAFÉ,sm,the-podium,The Podium,metro-manila
move dance studio,MOVE DANCE STUDIO,sm,sm-city-cagayan-de-oro,SM City CDO Uptown,mindanao
music mayhem,MUSIC MAYHEM,robinsons,robinsons-metro-east,Robinsons Metro East,metro-manila
mountain express,MOUNTAIN EXPRESS,robinsons,robinsons-metro-east,Robinsons Metro East,metro-manila
music museum,Music Museum,ortigas,greenhills,Greenhills,metro-manila
oro china premier,ORO CHINA PREMIER,sm,sm-jmall,SM J Mall,visayas
pldt exhibit,PLDT EXHIBIT,xentro,balagtas-town-center,Balagtas Town Center,north-luzon
oro saudi gold,ORO SAUDI GOLD,robinsons,robinsons-valencia,Robinsons Place Valencia,mindanao
pink lemonade,Pink Lemonade,robinsons,robinsons-iloilo,Robinsons Place Iloilo,visayas
pldt smart 1888,PLDT-SMART *1888 532 0018,robinsons,robinsons-dumaguete,Robinsons Place Dumaguete,visayas
pley tito,PLEY-TITO,sm,sm-city-daet,SM City Daet,south-luzon
opis ni juan,Opis ni Juan,robinsons,robinsons-metro-east,Robinsons Metro East,metro-manila
ms cellphone accessories,MS CELLPHONE ACCESSORIES,robinsons,robinsons-dumaguete,Robinsons Place Dumaguete,visayas
msa academic advancement institute,MSA ACADEMIC ADVANCEMENT INSTITUTE,ayala,ayala-serendra,Shops at Serendra,metro-manila
ophthal mix optical service,OPHTHAL-MIX OPTICAL SERVICE,sm,sm-center-pasig,SM Center Pasig,metro-manila
oro shawarma,ORO SHAWARMA,robinsons,robinsons-cagayan-de-oro,Robinsons Cagayan de Oro,mindanao
ploom,Ploom,robinsons,robinsons-galleria-ortigas,Robinsons Galleria,metro-manila
pink dough,Pink Dough,megaworld,california-garden-square,California Garden Square,metro-manila
plum roast,Plum Roast,robinsons,robinsons-tacloban,Robinsons Place Tacloban,visayas
panapton open,PANAPTON OPEN,robinsons,robinsons-novaliches,Robinsons Novaliches,metro-manila
pink dot,PINK DOT,ayala,ayala-harbor-point,Harbor Point,north-luzon
move it powered rental scooter,MOVE IT POWERED RENTAL SCOOTER,sm,sm-seaside-city-cebu,SM Seaside City Cebu,visayas
movieworld,MOVIEWORLD,robinsons,robinsons-pagadian,Robinsons Pagadian,mindanao
pink2pink body & face skin,PINK2PINK BODY & FACE SKIN,ayala,ayala-metropoint,Metro Point Mall,metro-manila
mps telcom,MPS Telcom,robinsons,robinsons-gentrias,Robinsons Place Gen. Trias,south-luzon
playland (ws5 ws8),PLAYLAND (WS5-WS8),fishermall,malabon,Fisher Mall Malabon,metro-manila
pizza to go,PIZZA TO GO,sm,sm-city-pampanga,SM City Pampanga,north-luzon
play book store,THE PLAY BOOK STORE,ayala,ayala-one-bonifacio-high-street,One Bonifacio High Street,metro-manila
playnation,PLAYNATION,ayala,ayala-center-cebu,Ayala Center Cebu,visayas
mr bingsu,MR BINGSU,sm,sm-city-cabanatuan,SM City Cabanatuan,north-luzon
mrs goodies,MRS GOODIES,sm,sm-city-cebu,SM City Cebu,visayas
oppo safariphone,Oppo/Safariphone,robinsons,robinsons-iligan,Robinsons Place Iligan,mindanao
optical house,Optical House,robinsons,robinsons-palawan,Robinsons Place Palawan,south-luzon
mrz mobile repair zone,MRZ MOBILE REPAIR ZONE,sm,sm-city-san-mateo,SM City San Mateo,metro-manila
oppo (techbox international inc ),OPPO (TECHBOX INTERNATIONAL INC.),starmall,san-jose-del-monte,Starmall San Jose del Monte,north-luzon
oris,Oris,araneta,gateway-mall-2,Gateway Mall 2,metro-manila
playstation,PLAYSTATION,sm,sm-city-north-edsa,SM City North Edsa,metro-manila
pizza smile xbox,PIZZA SMILE XBOX,xentro,montalban-town-center,Montalban Town Center,metro-manila
msr pro,MSR PRO,sm,sm-city-marilao,SM City Marilao,north-luzon
plaza fair,PLAZA FAIR,xentro,sta-ana-public-market,Sta Ana Public Market,metro-manila
panulce,Panulce,robinsons,robinsons-roxas,Robinsons Place Roxas,visayas
orlina dental clinic,ORLINA DENTAL CLINIC,waltermart,taytay,WalterMart Taytay,metro-manila
ormocnet,Ormocnet,robinsons,robinsons-ormoc,Robinsons Place Ormoc,visayas
paotsin temporarily closed,PAOTSIN TEMPORARILY CLOSED,robinsons,robinsons-novaliches,Robinsons Novaliches,metro-manila
ms by marjories,MS BY MARJORIES,sm,sm-city-bicutan,SM City Bicutan,metro-manila
plaza fair department store,PLAZA FAIR DEPARTMENT STORE,xentro,xentro-mall-san-andres,XentroMall San Andres,metro-manila
play giant,PLAY GIANT,ayala,ayala-glorietta,Glorietta,metro-manila
optical shop,THE OPTICAL SHOP,sm,sm-city-iloilo,SM City Iloilo,visayas
originails,ORIGINAILS,ayala,ayala-harbor-point,Harbor Point,north-luzon
pj lhuillier inc (cebuana),PJ LHUILLIER INC. (CEBUANA),starmall,edsa-shaw,Starmall EDSA-Shaw,metro-manila
options boutique,Options Boutique,megaworld,festive-walk-mall-iloilo,Festive Walk Mall,visayas
mr quickie plus,MR. QUICKIE PLUS,robinsons,robinsons-antipolo,Robinsons Place Antipolo,metro-manila
muju,Muju,robinsons,robinsons-malolos,Robinsons Place Malolos,north-luzon
multi time emporium,MULTI-TIME EMPORIUM,sm,sm-city-north-edsa,SM City North Edsa,metro-manila
mr unlocker,MR. UNLOCKER,ayala,ayala-harbor-point,Harbor Point,north-luzon
pirazzo,PIRAZZO,robinsons,robinsons-santiago,Robinsons Place Santiago,north-luzon
multisport hub,MULTISPORT HUB,ayala,ayala-solenad,Ayala Malls Nuvali,south-luzon
mumbaki,Mumbaki,robinsons,robinsons-metro-east,Robinsons Metro East,metro-manila
pizzakaya,Pizzakaya,robinsons,robinsons-tagum,Robinsons Place Tagum,mindanao
orange factorie,ORANGE FACTORIE,ayala,ayala-marikina,Ayala Malls Marikina,metro-manila
pirates grill open,Pirate's Grill OPEN,robinsons,robinsons-sta-rosa,Robinsons Sta. Rosa,south-luzon
optimum skin,Optimum Skin,megaworld,arcovia-city,Arcovia City,metro-manila
pandayan myphone,PANDAYAN MYPHONE,xentro,xentro-mall-lemery,XentroMall Lemery,south-luzon
pandayan bookstore,PANDAYAN BOOKSTORE,xentro,mall-of-the-valley,Mall Of The Valley,north-luzon
mr pluffy the cotton candy company,MR PLUFFY THE COTTON CANDY COMPANY,sm,sm-city-sucat,SM City Sucat,metro-manila
planet sport,PLANET SPORT,robinsons,robinsons-tagum,Robinsons Place Tagum,mindanao
mr patatas,Mr. Patatas,robinsons,robinsons-malabon,Robinsons Town Mall Malabon,metro-manila
optimo global,Optimo Global,filinvest,festival-mall,Festival Mall,metro-manila
mr parks bread cake,MR PARKS BREAD CAKE,sm,sm-city-telabastagan,SM City Telabastagan,north-luzon
mr renes quick shoes and bags repair shop,MR RENES QUICK SHOES AND BAGS REPAIR SHOP,sm,sm-city-sto-tomas,SM City Sto. Tomas,south-luzon
muji pop up store,MUJI Pop-Up Store,araneta,gateway-mall,Gateway Mall,metro-manila
mr noodle,MR NOODLE,sm,smdc-strip-at-shore,SMDC Strip at Shore,metro-manila
pixel point by photoline,PIXEL POINT BY PHOTOLINE,sm,sm-aura,SM Aura,metro-manila
mr toppings,MR. TOPPINGS 9190869698,robinsons,robinsons-cybergate-cebu,Robinsons Cybergate Cebu,visayas
opulence cafe,Opulence Cafe,ortigas,greenhills,Greenhills,metro-manila
oraderm care clinic,Oraderm Care Clinic,megaworld,clubhouse-temple-drive,The Clubhouse at Temple Drive,metro-manila
mr taho,MR TAHO,sm,sm-jmall,SM J Mall,visayas
pananom co,PANANOM CO,sm,sm-city-sorsogon,SM City Sorsogon,south-luzon
mr taco,MR TACO,sm,sm-city-clark,SM City Clark,north-luzon
pixie forest,Pixie Forest,filinvest,festival-mall,Festival Mall,metro-manila
pandayan temp stockroom,PANDAYAN TEMP. STOCKROOM,xentro,mall-of-the-valley,Mall Of The Valley,north-luzon
pixelport,PIXELPORT,sm,sm-city-santa-rosa,SM City Santa Rosa,south-luzon
mugna,MUGNA,robinsons,robinsons-valencia,Robinsons Place Valencia,mindanao
pizza haus,Pizza Haus,robinsons,robinsons-naga,Robinsons Place Naga,south-luzon
pks phone,PKS Phone,robinsons,robinsons-tuguegarao,Robinsons Place Tuguegarao,north-luzon
mr sizzlers,MR SIZZLERS,sm,sm-seaside-city-cebu,SM Seaside City Cebu,visayas
pks phones,PKS Phones,robinsons,robinsons-santiago,Robinsons Place Santiago,north-luzon
muhlachs ensaymada,Muhlach’s Ensaymada,robinsons,robinsons-manila,Robinsons Place Manila,metro-manila
pjs sleepwear,PJs Sleepwear 9237431998,robinsons,robinsons-magnolia,Robinsons Magnolia,metro-manila
plain & prints,PLAIN & PRINTS,robinsons,robinsons-pagadian,Robinsons Pagadian,mindanao
mr shaw,Mr. Shaw,megaworld,san-lorenzo-place-mall,San Lorenzo Place Mall,metro-manila
pandayan prescripto,Pandayan Prescripto,xentro,xentro-mall-calapan,XentroMall Calapan,south-luzon
orange karenderia,ORANGE KARENDERIA,sm,sm-city-cebu,SM City Cebu,visayas
mr ninja,MR. NINJA,ayala,ayala-market-market,Market! Market!,metro-manila
pinoy silugan,PINOY SILUGAN,xentro,sta-ana-public-market,Sta Ana Public Market,metro-manila
muebles italiano,MUEBLES ITALIANO,sm,sm-megamall,SM Megamall,metro-manila
mr green,MR GREEN,sm,sm-city-davao,SM City Davao,mindanao
plantmate plants shop,PLANTMATE PLANTS SHOP,sm,sm-city-lucena,SM City Lucena,south-luzon
mundae soft serve ice cream,MUNDAE SOFT SERVE ICE CREAM,sm,smdc-fame-mall,SMDC Fame Mall,metro-manila
plantsnilloids,PLANTSNILLOIDS,ayala,ayala-market-market,Market! Market!,metro-manila
munies,Munies,robinsons,robinsons-iloilo,Robinsons Place Iloilo,visayas
platinium karaoke,PLATINIUM KARAOKE,robinsons,robinsons-starmills,Robinsons Starmills,north-luzon
organail organic nail lounge spa,ORGANAIL ORGANIC NAIL LOUNGE SPA,sm,sm-cherry-shaw,SM Center Shaw,metro-manila
organiko beverage shop,ORGANIKO BEVERAGE SHOP,sm,sm-city-fairview,SM City Fairview,metro-manila
musar music,MUSAR MUSIC,sm,sm-city-baguio,SM City Baguio,north-luzon
mr fluffy,Mr.fluffy,robinsons,robinsons-jaro,Robinsons Place Jaro,visayas
oriental art home,ORIENTAL ART HOME,ayala,ayala-glorietta,Glorietta,metro-manila
mr dynamic,Mr Dynamic,ortigas,greenhills,Greenhills,metro-manila
musashi maru,MUSASHI MARU,ayala,ayala-glorietta,Glorietta,metro-manila
mr doods laundry hub,MR DOODS LAUNDRY HUB,sm,sm-city-sto-tomas,SM City Sto. Tomas,south-luzon
pizza hut kiosk,PIZZA HUT KIOSK,robinsons,robinsons-novaliches,Robinsons Novaliches,metro-manila
oriental treasures,ORIENTAL TREASURES,ayala,ayala-pavilion,Pavilion Mall,south-luzon
pizza boy,Pizza boy 9778098547,robinsons,robinsons-iligan,Robinsons Place Iligan,mindanao
mu lan general merchandise,MU LAN GENERAL MERCHANDISE,robinsons,robinsons-novaliches,Robinsons Novaliches,metro-manila
play 2 learn,PLAY 2 LEARN,ayala,ayala-center-cebu,Ayala Center Cebu,visayas
orells banana thins,ORELLS BANANA THINS,sm,sm-megamall,SM Megamall,metro-manila
mr wippy,MR. WIPPY,robinsons,robinsons-palawan,Robinsons Place Palawan,south-luzon
mumin innovations,MUMIN INNOVATIONS,robinsons,robinsons-malolos,Robinsons Place Malolos,north-luzon
pizza hut food cart,Pizza Hut Food Cart,robinsons,robinsons-imus,Robinsons Place Imus,south-luzon
mr mala hotpot,MR. MALA HOTPOT,sm,sm-city-baliwag,SM City Baliwag,north-luzon
mr lee rrj,MR. LEE/RRJ,starmall,edsa-shaw,Starmall EDSA-Shaw,metro-manila
pandayan bookshop mr donut,PANDAYAN BOOKSHOP MR. DONUT,xentro,tanay-town-center,Tanay Town Center,south-luzon
mr lee,Mr. Lee,waltermart,plaridel,WalterMart Plaridel,north-luzon
opticians by george,THE OPTICIANS BY GEORGE,ayala,ayala-solenad,Ayala Malls Nuvali,south-luzon
orange tea,Orange Tea,filinvest,festival-mall,Festival Mall,metro-manila
pandayan bookshop,PANDAYAN BOOKSHOP,xentro,morong-centerpoint,Morong Centerpoint,metro-manila
mr kokio food cart,MR KOKIO FOOD CART,sm,sm-city-bacolod,SM City Bacolod,visayas
orbisos buko shake and juice center,ORBISOS BUKO SHAKE AND JUICE CENTER,sm,sm-city-baliwag,SM City Baliwag,north-luzon
mr key fix jewelrich,MR. KEY FIX JEWELRICH,xentro,tanay-town-center,Tanay Town Center,south-luzon
planet sports asia,Planet Sports Asia,ortigas,greenhills,Greenhills,metro-manila
mr key fix (extension) beauche,MR. KEY FIX (EXTENSION) BEAUCHE,xentro,tanay-town-center,Tanay Town Center,south-luzon
mr hongs unlimited samgyeopsal,MR. HONG'S UNLIMITED SAMGYEOPSAL,starmall,alabang,Starmall Alabang,metro-manila
pandayan book shop,PANDAYAN BOOK SHOP,fishermall,malabon,Fisher Mall Malabon,metro-manila
panerai,PANERAI,ayala,ayala-bonifacio-high-street,Bonifacio High Street,metro-manila
msc detour car care center,MSC DETOUR CAR CARE CENTER,ayala,ayala-capitol-central,Ayala Malls Capitol Central,visayas
orbitz pearl shake mini gem exhibit 12 ( fc created space 9 ),ORBITZ PEARL SHAKE MINI GEM EXHIBIT #12( FC created space # 9 ),xentro,montalban-town-center,Montalban Town Center,metro-manila
mundae,Mundae,ortigas,greenhills,Greenhills,metro-manila
mr helmet,MR. HELMET,robinsons,robinsons-iloilo,Robinsons Place Iloilo,visayas
mr ube,MR. UBE,ayala,ayala-cloverleaf,Ayala Malls Cloverleaf,metro-manila
occupational safety and health center,OCCUPATIONAL SAFETY AND HEALTH CENTER,ayala,ayala-legazpi,Ayala Malls Legazpi,south-luzon
mountain blend,MOUNTAIN BLEND,sm,sm-city-urdaneta-central,SM City Urdaneta Central,north-luzon
oxford scents,OXFORD SCENTS,araneta,farmers-plaza,Farmers Plaza,metro-manila
pagkaing pinoy,PAGKAING PINOY,ayala,ayala-marquee,MarQuee Mall,north-luzon
mobile core,MOBILE CORE,sm,sm-city-marilao,SM City Marilao,north-luzon
mobile circuit,Mobile Circuit,filinvest,festival-mall,Festival Mall,metro-manila
mobile care solutions,Mobile Care Solutions,ortigas,greenhills,Greenhills,metro-manila
pagibig fund,PAGIBIG FUND,robinsons,robinsons-palawan,Robinsons Place Palawan,south-luzon
overflow,Overflow,robinsons,robinsons-imus,Robinsons Place Imus,south-luzon
own days,Own Days,robinsons,robinsons-galleria-ortigas,Robinsons Galleria,metro-manila
pag ibig satellite branch office,PAG-IBIG Satellite Branch Office,robinsons,robinsons-imus,Robinsons Place Imus,south-luzon
owwa,OWWA,sm,sm-city-cebu,SM City Cebu,visayas
mobicity,MOBICITY,robinsons,robinsons-starmills,Robinsons Starmills,north-luzon
mobi express,Mobi Express,robinsons,robinsons-novaliches,Robinsons Novaliches,metro-manila
pag ibig satellite,PAG-IBIG SATELLITE,xentro,northstar-mall,Northstar Mall,north-luzon
mobell copy center,Mobell Copy Center,robinsons,robinsons-dasmarinas,Robinsons Place Dasmarinas,south-luzon
mnm de masaje massage chair services,MNM DE MASAJE MASSAGE CHAIR SERVICES (NEW),robinsons,robinsons-iloilo,Robinsons Place Iloilo,visayas
porsche design,Porsche Design,megaworld,newport-city,Newport City,metro-manila
posh nails hand and foot spa,POSH NAILS HAND AND FOOT SPA,sm,sm-seaside-city-cebu,SM Seaside City Cebu,visayas
mnm de masaje,MNM de Masaje,robinsons,robinsons-antique,Robinsons Place Antique,visayas
positive living,Positive Living,robinsons,robinsons-ilocos,Robinsons Place Ilocos,north-luzon
positive living massage chair temporarily closed,POSITIVE LIVING MASSAGE CHAIR TEMPORARILY CLOSED,robinsons,robinsons-novaliches,Robinsons Novaliches,metro-manila
mnla,MNLA,sm,sm-city-manila,SM City Manila,metro-manila
mncc cellphones and accessories store,MNCC CELLPHONES AND ACCESSORIES STORE,robinsons,robinsons-novaliches,Robinsons Novaliches,metro-manila
positive living saij skin care essential,Positive Living SAIJ SKIN CARE ESSENTIAL,xentro,xentro-mall-calapan,XentroMall Calapan,south-luzon
mml essentials,MML - Essentials,megaworld,southwoods-mall,Southwoods Mall,south-luzon
mmda satellite office,MMDA Satellite Office,robinsons,robinsons-galleria-ortigas,Robinsons Galleria,metro-manila
oxims,OXIM'S,sm,sm-city-baliwag,SM City Baliwag,north-luzon
mls,MLS,starmall,alabang,Starmall Alabang,metro-manila
mljv dental works,MLJV DENTAL WORKS,xentro,montalban-town-center,Montalban Town Center,metro-manila
mljl trading (satellite) gadgetz atbp,MLJL Trading (Satellite) - Gadgetz atbp.,robinsons,robinsons-starmills,Robinsons Starmills,north-luzon
port mango,PORT MANGO,robinsons,robinsons-gapan,Robinsons Gapan,north-luzon
mobile extras,Mobile Extras,robinsons,robinsons-malolos,Robinsons Place Malolos,north-luzon
mochi mama,MOCHI MAMA,sm,sm-city-north-edsa,SM City North Edsa,metro-manila
poppers pop temporarily closed,Popper's Pop TEMPORARILY CLOSED,robinsons,robinsons-malabon,Robinsons Town Mall Malabon,metro-manila
otto,Otto,robinsons,robinsons-gentrias,Robinsons Place Gen. Trias,south-luzon
mobteq,MOBTEQ,sm,sm-city-cagayan-de-oro,SM City CDO Uptown,mindanao
palamuti jewelry and accessories shop,PALAMUTI JEWELRY AND ACCESSORIES SHOP,robinsons,robinsons-novaliches,Robinsons Novaliches,metro-manila
mobistar cellphone and accessories,MOBISTAR CELLPHONE AND ACCESSORIES,robinsons,robinsons-novaliches,Robinsons Novaliches,metro-manila
otto shoes mini gem exhibit (23),OTTO SHOES MINI GEM EXHIBIT (23),xentro,montalban-town-center,Montalban Town Center,metro-manila
mobility scooter kiosk,MOBILITY SCOOTER KIOSK,robinsons,robinsons-manila,Robinsons Place Manila,metro-manila
mobilinks,MOBILINKS,robinsons,robinsons-butuan,Robinsons Place Butuan,mindanao
mobile works,MOBILE WORKS,sm,sm-center-pasig,SM Center Pasig,metro-manila
palamig kombucha,PALAMIG KOMBUCHA,sm,sm-city-tuguegarao,SM City Tuguegarao,north-luzon
palace,The Palace,megaworld,uptown-parade,Uptown Parade,metro-manila
ouch tattoo & body piercing studio,OUCH! TATTOO & BODY PIERCING STUDIO,robinsons,robinsons-manila,Robinsons Place Manila,metro-manila
oui tacos,Oui Tacos,megaworld,san-lorenzo-place-mall,San Lorenzo Place Mall,metro-manila
mobile to go,Mobile To Go,ortigas,greenhills,Greenhills,metro-manila
pal,PAL,sm,sm-lanang,SM Lanang,mindanao
paglaum,PAGLAUM,sm,sm-city-bacolod,SM City Bacolod,visayas
pajo optical,Pajo Optical,robinsons,robinsons-north-tacloban,Robinsons North Tacloban,visayas
pops all filipino buffet,POPS ALL FILIPINO BUFFET,sm,sm-cdo-downtown,SM CDO Downtown Premier,mindanao
mobile tech ave,MOBILE TECH AVE,sm,sm-city-manila,SM City Manila,metro-manila
porky best,PORKY BEST,ayala,ayala-abreeza,Abreeza,mindanao
mobile shop,MOBILE SHOP,ayala,ayala-marquee,MarQuee Mall,north-luzon
mobile shield,MOBILE SHIELD,sm,sm-city-urdaneta-central,SM City Urdaneta Central,north-luzon
pain rehab care,PAIN REHAB CARE,sm,sm-megamall,SM Megamall,metro-manila
over again,OVER AGAIN,araneta,ali-mall,Ali Mall,metro-manila
paiks coffee and bakery,PAIK'S COFFEE AND BAKERY,robinsons,robinsons-manila,Robinsons Place Manila,metro-manila
mobile place,MOBILE PLACE,sm,sm-city-marilao,SM City Marilao,north-luzon
mobile outfitters,Mobile Outfitters,megaworld,venice-grand-canal-mall,Venice Grand Canal Mall,metro-manila
overbreak,Overbreak,megaworld,eastwood-city-walk,Eastwood City Walk,metro-manila
mobile g mik,MOBILE G-MIK,sm,sm-city-marilao,SM City Marilao,north-luzon
mlhuillier jewellers,MLHUILLIER JEWELLERS,robinsons,robinsons-palawan,Robinsons Place Palawan,south-luzon
post shop,POST SHOP,sm,sm-city-iloilo,SM City Iloilo,visayas
oxord computer solutions & repair center,Oxord - Computer Solutions & Repair Center,robinsons,robinsons-roxas,Robinsons Place Roxas,visayas
pacundos,PACUNDOS,sm,sm-city-legazpi,SM City Legazpi,south-luzon
paengs freedom bowl,Paeng's Freedom Bowl,robinsons,robinsons-imus,Robinsons Place Imus,south-luzon
potato hub,Potato Hub,robinsons,robinsons-naga,Robinsons Place Naga,south-luzon
mita,Mita,robinsons,robinsons-gen-san,Robinsons Place GenSan,mindanao
paengs eastwood bowling and billiards,PAENG'S EASTWOOD BOWLING AND BILLIARDS,robinsons,robinsons-manila,Robinsons Place Manila,metro-manila
mister siomai atbp,MISTER SIOMAI ATBP,sm,smdc-strip-at-trees,SMDC Strip at Trees,metro-manila
paengs,Paeng’s,filinvest,festival-mall,Festival Mall,metro-manila
padrinos way,PADRINO’S WAY,ayala,ayala-glorietta,Glorietta,metro-manila
p&a,P&A,robinsons,robinsons-dasmarinas,Robinsons Place Dasmarinas,south-luzon
p4 mobile updates,P4 MOBILE UPDATES,xentro,xentro-mall-tumauini,XentroMall Tumauini,north-luzon
mister frosty,MISTER FROSTY,sm,sm-city-clark,SM City Clark,north-luzon
mister donut zagu,MISTER DONUT / ZAGU,xentro,xentro-mall-cabagan,XentroMall Cabagan,north-luzon
mister donut kiosk,MISTER DONUT KIOSK,robinsons,robinsons-novaliches,Robinsons Novaliches,metro-manila
potato madness,POTATO MADNESS,xentro,balagtas-town-center,Balagtas Town Center,north-luzon
paculba flower shop,PACULBA FLOWER SHOP,robinsons,robinsons-iligan,Robinsons Place Iligan,mindanao
mlhuillier,Mlhuillier,robinsons,robinsons-lipa,Robinsons Place Lipa,south-luzon
mister donut cafe,MISTER DONUT CAFE,sm,sm-city-bacolod,SM City Bacolod,visayas
mist & co,MIST & CO,robinsons,robinsons-ilocos,Robinsons Place Ilocos,north-luzon
p5 idrive driving school,P5 iDrive Driving School,robinsons,robinsons-galleria-cebu,Robinsons Galleria Cebu,visayas
pacsafe urbanize,Pacsafe/Urbanize,robinsons,robinsons-manila,Robinsons Place Manila,metro-manila
pabder uomo,PABDER UOMO,ayala,ayala-center-cebu,Ayala Center Cebu,visayas
pablings barbershop,Pablings Barbershop,megaworld,venice-grand-canal-mall,Venice Grand Canal Mall,metro-manila
missy bon bon,Missy Bon Bon,robinsons,robinsons-iligan,Robinsons Place Iligan,mindanao
poto poto,Poto Poto,megaworld,lucky-chinatown-imperial-wing,Lucky Chinatown - Imperial Wing,metro-manila
missing link,Missing Link,megaworld,eastwood-cyber-mall,Eastwood Cyber Mall,metro-manila
miss tea cafe,MISS TEA CAFE,robinsons,robinsons-palawan,Robinsons Place Palawan,south-luzon
miss olives ice cream,MISS OLIVE'S ICE CREAM,robinsons,robinsons-tagum,Robinsons Place Tagum,mindanao
miss esthe,Miss Esthe,megaworld,uptown-mall,Uptown Mall,metro-manila
pack your bags travel and tours,PACK YOUR BAGS TRAVEL AND TOURS,robinsons,robinsons-metro-east,Robinsons Metro East,metro-manila
mitsubishi motors cebu lifestlye center,MITSUBISHI MOTORS CEBU LIFESTLYE CENTER,sm,sm-seaside-city-cebu,SM Seaside City Cebu,visayas
mitsubishi motors fast autoworld,MITSUBISHI MOTORS - FAST AUTOWORLD,sm,sm-jmall,SM J Mall,visayas
paengs midtown bowling and billiards,PAENG'S MIDTOWN BOWLING AND BILLIARDS,robinsons,robinsons-manila,Robinsons Place Manila,metro-manila
p e watch repair center,P E WATCH REPAIR CENTER,sm,sm-center-ormoc,SM Center Ormoc,visayas
mlg travel & tours,MLG Travel & Tours,robinsons,robinsons-starmills,Robinsons Starmills,north-luzon
mlb korea,MLB Korea,megaworld,uptown-mall,Uptown Mall,metro-manila
mlb beauty and wellness hub,MLB Beauty and Wellness Hub,robinsons,robinsons-dumaguete,Robinsons Place Dumaguete,visayas
potato corner (2),POTATO CORNER (2),robinsons,robinsons-novaliches,Robinsons Novaliches,metro-manila
mkc vintage shop,MKC VINTAGE SHOP,ayala,ayala-marquee,MarQuee Mall,north-luzon
potato corner (az),Potato Corner (az),filinvest,festival-mall,Festival Mall,metro-manila
potato corner (tw),Potato Corner (tw),filinvest,festival-mall,Festival Mall,metro-manila
potato corner hyundai,POTATO CORNER HYUNDAI,xentro,xentro-mall-calapan,XentroMall Calapan,south-luzon
mk fried noodles,Mk Fried Noodles,filinvest,fora,Fora Mall,south-luzon
mjks food corner,MJK's Food Corner,robinsons,robinsons-dumaguete,Robinsons Place Dumaguete,visayas
mjc accessories,MJC ACCESSORIES,xentro,xentro-mall-tumauini,XentroMall Tumauini,north-luzon
mj gold & silver,MJ Gold & Silver,robinsons,robinsons-malolos,Robinsons Place Malolos,north-luzon
mj gadget,Mj Gadget,ortigas,greenhills,Greenhills,metro-manila
mizusawa milktea and coffee,MIZUSAWA MILKTEA AND COFFEE,sm,sm-city-north-edsa,SM City North Edsa,metro-manila
mizuno,MIZUNO,ayala,ayala-trinoma,Trinoma,metro-manila
mizuki,Mizuki,megaworld,festive-walk-mall-iloilo,Festive Walk Mall,visayas
mixx,MIXX,robinsons,robinsons-gentrias,Robinsons Place Gen. Trias,south-luzon
mixue ice cream & tea,MIXUE ICE CREAM & TEA,robinsons,robinsons-cainta,Robinsons Cainta,metro-manila
mixue ice cream,MIXUE ICE CREAM,ayala,ayala-harbor-point,Harbor Point,north-luzon
mixte,Mixté,ortigas,greenhills,Greenhills,metro-manila
mix in style,Mix In Style,robinsons,robinsons-tuguegarao,Robinsons Place Tuguegarao,north-luzon
p and d cellphone and accessories,P AND D CELLPHONE AND ACCESSORIES,ayala,ayala-abreeza,Abreeza,mindanao
mix gems,Mix Gems,ortigas,greenhills,Greenhills,metro-manila
mix eat,Mix Eat,robinsons,robinsons-galleria-cebu,Robinsons Galleria Cebu,visayas
mitubl,MITUBL,sm,sm-city-general-santos,SM City General Santos,mindanao
potato fries station,POTATO FRIES STATION,robinsons,robinsons-tuguegarao,Robinsons Place Tuguegarao,north-luzon
mitsuhana,MITSUHANA,robinsons,opus,Opus Mall,metro-manila
palawan cafe,Palawan Cafe,robinsons,robinsons-palawan,Robinsons Place Palawan,south-luzon
mod audio ph,MOD AUDIO PH,sm,sm-mall-of-asia,SM Mall of Asia,metro-manila
plusmakeover,Plusmakeover,ortigas,greenhills,Greenhills,metro-manila
orogem jewelry,OROGEM JEWELRY,sm,the-podium,The Podium,metro-manila
pocofino,Pocofino,ortigas,greenhills,Greenhills,metro-manila
mossimo (adults),Mossimo (Adults),robinsons,robinsons-malolos,Robinsons Place Malolos,north-luzon
moshi koshi,MOSHI KOSHI,ayala,ayala-market-market,Market! Market!,metro-manila
moshi gran cafe,MOSHI GRAN CAFE,ayala,one-ayala-mall,One Ayala,metro-manila
mos simo,MOS SIMO,robinsons,robinsons-pagadian,Robinsons Pagadian,mindanao
mortons the steakhouse,Morton's The Steakhouse,megaworld,uptown-mall,Uptown Mall,metro-manila
pan de sal express,PAN DE SAL EXPRESS,ayala,ayala-capitol-central,Ayala Malls Capitol Central,visayas
point and dots,POINT AND DOTS,sm,sm-city-pampanga,SM City Pampanga,north-luzon
morning after antro,The Morning After/Antro,ortigas,greenhills,Greenhills,metro-manila
morihs hair & beauty salon,MORIH'S HAIR & BEAUTY SALON,robinsons,robinsons-iloilo,Robinsons Place Iloilo,visayas
moressi,MORESSI,sm,s-maison,S Maison,metro-manila
pampered & polished wellness & spa,PAMPERED & POLISHED WELLNESS & SPA,ayala,ayala-capitol-central,Ayala Malls Capitol Central,visayas
pampanga regional cart,PAMPANGA REGIONAL CART,ayala,ayala-market-market,Market! Market!,metro-manila
morellis gelato caffe,Morelli's Gelato Caffe,ortigas,greenhills,Greenhills,metro-manila
pockets waffles cream,POCKETS WAFFLES CREAM,sm,sm-city-santa-rosa,SM City Santa Rosa,south-luzon
papa kebs shawarma and kebab,PAPA KEBS SHAWARMA AND KEBAB,sm,sm-city-bataan,SM City Bataan,north-luzon
moostea cafe,MOOSTEA CAFE,starmall,san-jose-del-monte,Starmall San Jose del Monte,north-luzon
pampanga bingo,PAMPANGA BINGO,sm,sm-city-pampanga,SM City Pampanga,north-luzon
moonsky sunny,MOONSKY SUNNY,sm,sm-seaside-city-cebu,SM Seaside City Cebu,visayas
moonleaf tea,MOONLEAF TEA,robinsons,robinsons-gapan,Robinsons Gapan,north-luzon
moonleaf,MOONLEAF,sm,sm-city-sucat,SM City Sucat,metro-manila
mood brows and lashes,MOOD BROWS AND LASHES,sm,sm-city-tuguegarao,SM City Tuguegarao,north-luzon
monza barcade concept,Monza / Barcade Concept,megaworld,arcovia-city,Arcovia City,metro-manila
orthofix dental center,ORTHOFIX DENTAL CENTER,sm,sm-lanang,SM Lanang,mindanao
polk home theater hifi,POLK HOME THEATER HIFI,sm,sm-city-north-edsa,SM City North Edsa,metro-manila
polland,Polland,ortigas,estancia,Estancia,metro-manila
montesa medical group aesthetic center,MONTESA MEDICAL GROUP AESTHETIC CENTER,ayala,ayala-circuit,Ayala Malls Circuit,metro-manila
monters siomai,MONTERS SIOMAI,robinsons,robinsons-starmills,Robinsons Starmills,north-luzon
poco deli,Poco Deli,ortigas,estancia,Estancia,metro-manila
mossimo (kids),Mossimo (Kids),robinsons,robinsons-malolos,Robinsons Place Malolos,north-luzon
modbed,modbed,ortigas,estancia,Estancia,metro-manila
motomarket,Motomarket,megaworld,uptown-parade,Uptown Parade,metro-manila
pluto photo,Pluto Photo,filinvest,festival-mall,Festival Mall,metro-manila
motto,Motto,robinsons,robinsons-iligan,Robinsons Place Iligan,mindanao
oro shawarma rice company,ORO SHAWARMA RICE COMPANY,ayala,ayala-centrio,Centrio Mall,mindanao
panaderro bakery,PANADERRO BAKERY,sm,sm-center-pasig,SM Center Pasig,metro-manila
motosport,Motosport,robinsons,robinsons-iligan,Robinsons Place Iligan,mindanao
pmc watchstore,PMC Watchstore,robinsons,robinsons-tuguegarao,Robinsons Place Tuguegarao,north-luzon
pmz melon station,PMZ MELON STATION,sm,sm-city-bacolod,SM City Bacolod,visayas
oro talia,Oro Talia,robinsons,robinsons-iligan,Robinsons Place Iligan,mindanao
panaderro,Panaderro,robinsons,robinsons-galleria-ortigas,Robinsons Galleria,metro-manila
motorino,MOTORINO,sm,the-podium,The Podium,metro-manila
pnb allianz,PNB ALLIANZ,robinsons,robinsons-ilocos,Robinsons Place Ilocos,north-luzon
panaderia pantoja,PANADERIA PANTOJA,ayala,ayala-market-market,Market! Market!,metro-manila
motor pro,Motor Pro,waltermart,tanauan,WalterMart Tanauan,south-luzon
pnb eastwest,"PNB, EASTWEST",xentro,xentro-mall-cabagan,XentroMall Cabagan,north-luzon
mossimo satellite selling,MOSSIMO SATELLITE SELLING,robinsons,robinsons-ilocos,Robinsons Place Ilocos,north-luzon
moto aqua flask,Moto/ Aqua Flask,robinsons,robinsons-tacloban,Robinsons Place Tacloban,visayas
orocher jewellery store,OROCHER JEWELLERY STORE,sm,sm-city-north-edsa,SM City North Edsa,metro-manila
moti,Moti (NEW),robinsons,robinsons-iloilo,Robinsons Place Iloilo,visayas
mothers touch hilot massage,MOTHER'S TOUCH HILOT + MASSAGE,sm,sm-city-legazpi,SM City Legazpi,south-luzon
pngb gold buyer,PNGB Gold Buyer,robinsons,robinsons-dasmarinas,Robinsons Place Dasmarinas,south-luzon
mothers touch (hilot massage),Mother's Touch (Hilot + Massage),robinsons,robinsons-ormoc,Robinsons Place Ormoc,visayas
pobros house of chicken n waffles,POBROS HOUSE OF CHICKEN N WAFFLES,sm,sm-city-bicutan,SM City Bicutan,metro-manila
orodiam,Orodiam,filinvest,festival-mall,Festival Mall,metro-manila
mothers fried chicken,MOTHER'S FRIED CHICKEN,ayala,ayala-center-cebu,Ayala Center Cebu,visayas
mothers cake house,MOTHERS CAKE HOUSE,sm,sm-city-pampanga,SM City Pampanga,north-luzon
pocket gears,POCKET GEARS,sm,sm-city-tarlac,SM City Tarlac,north-luzon
mother hen,Mother Hen,megaworld,festive-walk-mall-iloilo,Festive Walk Mall,visayas
mother base,Mother Base,ortigas,greenhills,Greenhills,metro-manila
monteal money changer,Monteal Money Changer,megaworld,venice-grand-canal-mall,Venice Grand Canal Mall,metro-manila
montblanc,MONTBLANC,ayala,ayala-greenbelt,Greenbelt,metro-manila
mont blanc,Mont-Blanc,robinsons,robinsons-jaro,Robinsons Place Jaro,visayas
mom czes pares mami house,Mom Cze's Pares Mami House,robinsons,robinsons-north-tacloban,Robinsons North Tacloban,visayas
ot dei clinic,OT DEI CLINIC,robinsons,robinsons-las-pinas,Robinsons Place Las Pinas,metro-manila
palawan swing,PALAWAN SWING,robinsons,robinsons-palawan,Robinsons Place Palawan,south-luzon
moms ube choco champorado,MOMS UBE-CHOCO CHAMPORADO,robinsons,robinsons-manila,Robinsons Place Manila,metro-manila
palawan pearls & souvenirs,PALAWAN PEARLS & SOUVENIRS,robinsons,robinsons-palawan,Robinsons Place Palawan,south-luzon
moms ube and triple chocolate champorado,MOM'S UBE AND TRIPLE CHOCOLATE CHAMPORADO,robinsons,robinsons-novaliches,Robinsons Novaliches,metro-manila
oth tech,OTH Tech,robinsons,robinsons-la-union,Robinsons Place La Union,north-luzon
popcycle at elektrik avenue,Popcycle at Elektrik Avenue,ortigas,greenhills,Greenhills,metro-manila
momoyo ice cream & iced coffee,Momoyo Ice Cream & Iced Coffee,robinsons,robinsons-galleria-cebu,Robinsons Galleria Cebu,visayas
otop ph hub butuan,OTOP PH HUB BUTUAN,sm,sm-city-butuan,SM City Butuan,mindanao
palawan express pera padala,Palawan Express Pera Padala,waltermart,pasay,WalterMart Pasay,metro-manila
momo cart,Momo Cart,robinsons,robinsons-gentrias,Robinsons Place Gen. Trias,south-luzon
mommas fresh lumpia,MOMMAS FRESH LUMPIA,sm,sm-city-bacoor,SM City Bacoor,south-luzon
mom ube choco champorado,MOM' UBE CHOCO CHAMPORADO,robinsons,robinsons-antipolo,Robinsons Place Antipolo,metro-manila
popeyes (02),POPEYES (02) 8371-1436,robinsons,robinsons-galleria-ortigas,Robinsons Galleria,metro-manila
pamela,Pamela,ortigas,greenhills,Greenhills,metro-manila
palawan cart,PALAWAN CART,ayala,ayala-market-market,Market! Market!,metro-manila
molino grill,Molino Grill,robinsons,robinsons-naga,Robinsons Place Naga,south-luzon
moderna,Moderna,megaworld,uptown-parade,Uptown Parade,metro-manila
modern smiles,MODERN SMILES,sm,smdc-strip-at-shine,SMDC Strip at Shine,metro-manila
modern shang and fish & co,Modern Shang and Fish & Co,robinsons,robinsons-magnolia,Robinsons Magnolia,metro-manila
modern pet,Modern Pet,megaworld,arcovia-city,Arcovia City,metro-manila
modern optics and eye center,MODERN OPTICS AND EYE CENTER,sm,sm-city-santa-rosa,SM City Santa Rosa,south-luzon
popique beauty,Popique Beauty,megaworld,festive-walk-mall-iloilo,Festive Walk Mall,visayas
modern optics,MODERN OPTICS,sm,sm-city-san-lazaro,SM City San Lazaro,metro-manila
modern gadgets,Modern Gadgets,filinvest,festival-mall,Festival Mall,metro-manila
modern dental studio,Modern Dental Studio,megaworld,eastwood-city-walk,Eastwood City Walk,metro-manila
poplife,POPLIFE,robinsons,opus,Opus Mall,metro-manila
modern bamboo,MODERN BAMBOO,sm,sm-mall-of-asia,SM Mall of Asia,metro-manila
monarch montage skin science and medical aesthetics,Monarch Montage Skin Science And Medical Aesthetics,filinvest,main-square,Main Square,south-luzon
pop up kidzoona,Pop Up! Kidzoona,robinsons,robinsons-angeles,Robinsons Angeles,north-luzon
mondae,MONDAE,sm,sm-center-pulilan,SM Center Pulilan,north-luzon
money changer,Money Changer,robinsons,robinsons-cybergate-cebu,Robinsons Cybergate Cebu,visayas
polo ralph lauren,POLO RALPH LAUREN,ayala,ayala-greenbelt,Greenbelt,metro-manila
pamana,Pamana,ortigas,greenhills,Greenhills,metro-manila
palpitate ph,PALPITATE PH,sm,sm-center-dagupan,SM Center Dagupan,north-luzon
palpitate coffee,PALPITATE COFFEE,robinsons,robinsons-iloilo,Robinsons Place Iloilo,visayas
mons takuyaki japanese food cart,MONS TAKUYAKI JAPANESE FOOD CART,sm,sm-city-iloilo,SM City Iloilo,visayas
polyeast,Polyeast,fishermall,quezonave,Fisher Mall Quezon Avenue,metro-manila
polyglot international academy,Polyglot International Academy,megaworld,festive-walk-parade,Festive Walk Parade,visayas
mono mansion,MONO MANSION,sm,s-maison,S Maison,metro-manila
pomelo,POMELO,robinsons,robinsons-manila,Robinsons Place Manila,metro-manila
monki,MONKI,sm,sm-mall-of-asia,SM Mall of Asia,metro-manila
pong pongs pasalubong store,PONG PONG'S PASALUBONG STORE,robinsons,robinsons-novaliches,Robinsons Novaliches,metro-manila
monkey grounds coffee,Monkey Grounds Coffee,megaworld,festive-walk-parade,Festive Walk Parade,visayas
os furniture furnishings by coast pacific,OS FURNITURE FURNISHINGS BY COAST PACIFIC,sm,sm-megamall,SM Megamall,metro-manila
osaka takoyaki house,OSAKA TAKOYAKI HOUSE,ayala,ayala-marquee,MarQuee Mall,north-luzon
monicas handicrafts,MONICAS HANDICRAFTS,sm,sm-city-fairview,SM City Fairview,metro-manila
poopers pop,POOPER'S POP,robinsons,robinsons-ilocos,Robinsons Place Ilocos,north-luzon
oshiekun bites,Oshiekun Bites,megaworld,lucky-chinatown-prosperity-wing,Lucky Chinatown - Prosperity Wing,metro-manila
monicas apartment laundry room,Monica's Apartment Laundry Room,megaworld,venice-grand-canal-mall,Venice Grand Canal Mall,metro-manila
mongolian stir fried noodles,MONGOLIAN STIR FRIED NOODLES,robinsons,robinsons-valencia,Robinsons Place Valencia,mindanao
osmar led,Osmar Led,filinvest,festival-mall,Festival Mall,metro-manila
ossam,OSSAM!,megaworld,uptown-mall,Uptown Mall,metro-manila
money xpress,Money Xpress,megaworld,eastwood-city-walk,Eastwood City Walk,metro-manila
pop culture,Pop Culture,megaworld,eastwood-city-walk,Eastwood City Walk,metro-manila
ossu,OSSU 8724-4591,robinsons,robinsons-magnolia,Robinsons Magnolia,metro-manila
pop enthusiast,Pop Enthusiast,ortigas,greenhills,Greenhills,metro-manila
pop junk love go lokal,POP JUNK LOVE GO LOKAL,ayala,ayala-up-town-center,U. P. Town Center,metro-manila
pop socket,POP SOCKET,robinsons,robinsons-magnolia,Robinsons Magnolia,metro-manila
more hair center,MoRe Hair Center,ortigas,estancia,Estancia,metro-manila
my lash salon,MY LASH SALON,ayala,ayala-malls-central-bloc,Ayala Malls Central Bloc,visayas
pink belles fashion,Pink Belle's Fashion,robinsons,robinsons-tuguegarao,Robinsons Place Tuguegarao,north-luzon
perfect shot,PERFECT SHOT,sm,sm-city-north-edsa,SM City North Edsa,metro-manila
ogetsu hime,OGETSU HIME,sm,sm-aura,SM Aura,metro-manila
oglimen dental clinic,Oglimen Dental Clinic,waltermart,sta-rosa,WalterMart Sta. Rosa,south-luzon
perfect sight eye center,PERFECT SIGHT EYE CENTER,sm,sm-city-north-edsa,SM City North Edsa,metro-manila
perfect smile,PERFECT SMILE,sm,sm-city-consolacion,SM City Consolacion,visayas
nitori,Nitori,filinvest,festival-mall,Festival Mall,metro-manila
nissan showroom,NISSAN SHOWROOM,robinsons,robinsons-las-pinas,Robinsons Place Las Pinas,metro-manila
nissan car display,Nissan Car Display,robinsons,robinsons-tacloban,Robinsons Place Tacloban,visayas
oh georg,OH GEORG!,ayala,ayala-center-cebu,Ayala Center Cebu,visayas
niseko coffee,Niseko Coffee,ortigas,greenhills,Greenhills,metro-manila
perfect smile dental clinic,Perfect Smile Dental Clinic,robinsons,robinsons-starmills,Robinsons Starmills,north-luzon
passionnails,Passionnails,filinvest,festival-mall,Festival Mall,metro-manila
oh holiday apothecary,OH HOLIDAY APOTHECARY,sm,s-maison,S Maison,metro-manila
nisce skin medispa,NISCE SKIN MEDISPA,sm,sm-city-urdaneta-central,SM City Urdaneta Central,north-luzon
oh my goodies,Oh My Goodies!,fishermall,malabon,Fisher Mall Malabon,metro-manila
nisce skin clinic,NISCE SKIN CLINIC (0930-648-9600),robinsons,robinsons-la-union,Robinsons Place La Union,north-luzon
passionart gallery,PASSIONART GALLERY,sm,sm-megamall,SM Megamall,metro-manila
perfect zone cellphone and accessories,PERFECT ZONE CELLPHONE AND ACCESSORIES 9564672085,robinsons,robinsons-butuan,Robinsons Place Butuan,mindanao
ninetygo,NINETYGO,sm,sm-city-north-edsa,SM City North Edsa,metro-manila
oh tanghulu,OH TANGHULU,sm,sm-city-novaliches,SM City Novaliches,metro-manila
nikola moto,NIKOLA MOTO,sm,sm-city-north-edsa,SM City North Edsa,metro-manila
oh waffles & crepes,OH! WAFFLES & CREPES,robinsons,robinsons-pagadian,Robinsons Pagadian,mindanao
nikkei,NIKKEI,sm,the-podium,The Podium,metro-manila
perfectly polished,Perfectly Polished,robinsons,robinsons-antipolo,Robinsons Place Antipolo,metro-manila
perfectly polished nail salon and spa,PERFECTLY POLISHED NAIL SALON AND SPA,sm,sm-city-manila,SM City Manila,metro-manila
passionails nail salon and spa,PASSIONAILS NAIL SALON AND SPA,ayala,ayala-centrio,Centrio Mall,mindanao
nike zone,Nike Zone,robinsons,robinsons-starmills,Robinsons Starmills,north-luzon
perftech,PERFTECH,sm,sm-city-consolacion,SM City Consolacion,visayas
nike sports center,NIKE SPORTS CENTER,ayala,ayala-capitol-central,Ayala Malls Capitol Central,visayas
perfumery bar,The Perfumery Bar,fishermall,quezonave,Fisher Mall Quezon Avenue,metro-manila
nitro 7,NITRO 7,sm,sm-megamall,SM Megamall,metro-manila
nitro 7 coffee tea bar,NITRO 7 COFFEE TEA BAR,sm,sm-city-sucat,SM City Sucat,metro-manila
nike outlet,Nike Outlet,ortigas,greenhills,Greenhills,metro-manila
pasta dolce amore temporarily closed,PASTA DOLCE AMORE TEMPORARILY CLOSED,robinsons,robinsons-la-union,Robinsons Place La Union,north-luzon
nomikashi,NOMIKASHI,sm,sm-city-novaliches,SM City Novaliches,metro-manila
nomikai gastropub,Nomikai Gastropub,robinsons,robinsons-tacloban,Robinsons Place Tacloban,visayas
peoples champorado,People's Champorado,robinsons,robinsons-malolos,Robinsons Place Malolos,north-luzon
peoples palace,PEOPLE'S PALACE,ayala,ayala-greenbelt,Greenbelt,metro-manila
ofixph,OFIXPH,sm,sm-city-north-edsa,SM City North Edsa,metro-manila
noahs petsmart,NOAH'S PETSMART,ayala,ayala-centrio,Centrio Mall,mindanao
pepd pampanga,PEPD PAMPANGA,sm,sm-city-pampanga,SM City Pampanga,north-luzon
pat & cameo,Pat & Cameo,ortigas,greenhills,Greenhills,metro-manila
no strips salon,NO STRIPS SALON 0907-509-7345,robinsons,robinsons-cybergate-cebu,Robinsons Cybergate Cebu,visayas
no problem stk,NO PROBLEM STK,sm,sm-jmall,SM J Mall,visayas
no problem lets go bingo,No Problem Lets Go Bingo,robinsons,robinsons-tacloban,Robinsons Place Tacloban,visayas
no curfew,NO CURFEW,sm,sm-city-iloilo,SM City Iloilo,visayas
no brand,NO BRAND,ayala,ayala-glorietta,Glorietta,metro-manila
no bad days coffee,No Bad Days Coffee,megaworld,southwoods-mall,Southwoods Mall,south-luzon
pera mpc,Pera MPC,robinsons,robinsons-valencia,Robinsons Place Valencia,mindanao
pasty shop of bobs,THE PASTY SHOP OF BOB'S,robinsons,robinsons-bacolod,Robinsons Place Bacolod,visayas
pastry shop of bobs,The Pastry Shop Of Bob's,robinsons,robinsons-bacolod,Robinsons Place Bacolod,visayas
perene cakes and pastries,PERENE CAKES AND PASTRIES,robinsons,robinsons-antipolo,Robinsons Place Antipolo,metro-manila
ogawa japanese restaurant,Ogawa Japanese Restaurant,megaworld,mckinley-west,McKinley West,metro-manila
no 1 malatang,No.1 Malatang,ortigas,greenhills,Greenhills,metro-manila
nn photo kodak,NN PHOTO/KODAK,xentro,northstar-mall,Northstar Mall,north-luzon
nmb kiosk,NMB KIOSK,xentro,xentro-mall-lemery,XentroMall Lemery,south-luzon
pasto,Pasto,megaworld,eastwood-city-walk,Eastwood City Walk,metro-manila
perfect image,Perfect Image,robinsons,robinsons-gen-san,Robinsons Place GenSan,mindanao
perfect pint,Perfect Pint,ortigas,estancia,Estancia,metro-manila
pastil nation,Pastil Nation,megaworld,uptown-mall,Uptown Mall,metro-manila
njb printing & souvenir shop,NJB PRINTING & SOUVENIR SHOP,waltermart,erodriguez,WalterMart E.Rodriguez,metro-manila
niya claw machine,NIYA CLAW MACHINE,robinsons,robinsons-novaliches,Robinsons Novaliches,metro-manila
perfect pixel,Perfect Pixel,robinsons,robinsons-malolos,Robinsons Place Malolos,north-luzon
ohtako takoyaki,Ohtako Takoyaki,filinvest,fora,Fora Mall,south-luzon
perfumista,Perfumista,filinvest,festival-mall,Festival Mall,metro-manila
noms,NOMS,sm,sm-city-pampanga,SM City Pampanga,north-luzon
pet bowtique and salon,Pet Bowtique And Salon,robinsons,robinsons-north-tacloban,Robinsons North Tacloban,visayas
new york supreme,NEW YORK SUPREME,sm,sm-city-clark,SM City Clark,north-luzon
new york cubao,"New York, Cubao",robinsons,robinsons-magnolia,Robinsons Magnolia,metro-manila
paseo art gallery,PASEO ART GALLERY,sm,sm-megamall,SM Megamall,metro-manila
new york buffalo brads hot wings,NEW YORK BUFFALO BRADS HOT WINGS,sm,sm-city-cebu,SM City Cebu,visayas
pet corner,PET CORNER,sm,sm-city-east-ortigas,SM City East Ortigas,metro-manila
new york bagels,New York Bagels,robinsons,robinsons-galleria-cebu,Robinsons Galleria Cebu,visayas
new sunbeam,New Sunbeam,ortigas,greenhills,Greenhills,metro-manila
new nemar,NEW NEMAR,sm,sm-center-san-pedro,SM Center San Pedro,south-luzon
new life christian center,NEW LIFE CHRISTIAN CENTER,ayala,ayala-trinoma,Trinoma,metro-manila
pet family,Pet Family,filinvest,main-square,Main Square,south-luzon
old manila coffee shop,OLD MANILA COFFEE SHOP,xentro,morong-centerpoint,Morong Centerpoint,metro-manila
new life,New Life,megaworld,southwoods-mall,Southwoods Mall,south-luzon
pet lover centre,Pet Lover Centre,robinsons,robinsons-tagaytay,Robinsons Tagaytay,south-luzon
old moon studio,OLD MOON STUDIO,sm,sm-city-lucena,SM City Lucena,south-luzon
old navy,OLD NAVY,ayala,one-ayala-mall,One Ayala,metro-manila
pet lovers center,PET LOVERS CENTER,ayala,ayala-feliz,Ayala Malls Feliz,metro-manila
pasarabo ilocandia,PASARABO ILOCANDIA 0907-141-1116,robinsons,robinsons-pangasinan,Robinsons Place Pangasinan,north-luzon
old soul bar beans,OLD SOUL BAR BEANS,sm,sm-city-laoag,SM City Laoag,north-luzon
new innovation cellphone and accessories,NEW INNOVATION CELLPHONE AND ACCESSORIES,sm,sm-city-valenzuela,SM City Valenzuela,metro-manila
old town barber shop,OLD TOWN BARBER SHOP,ayala,ayala-solenad,Ayala Malls Nuvali,south-luzon
pet perks,PET PERKS,sm,sm-seaside-city-cebu,SM Seaside City Cebu,visayas
pet spot supplies and grooming center,PET SPOT SUPPLIES AND GROOMING CENTER,sm,sm-city-sorsogon,SM City Sorsogon,south-luzon
new generation dental premier,NEW GENERATION DENTAL PREMIER,robinsons,robinsons-galleria-ortigas,Robinsons Galleria,metro-manila
pasalubong centrale,PASALUBONG CENTRALE,ayala,ayala-marquee,MarQuee Mall,north-luzon
new bombay restaurant,NEW BOMBAY RESTAURANT,sm,the-podium,The Podium,metro-manila
old town barbrrshop,Old Town Barbrrshop,robinsons,robinsons-cybergate-cebu,Robinsons Cybergate Cebu,visayas
new age pc solutions,NEW AGE PC SOLUTIONS 0917-893-6614,robinsons,robinsons-sta-rosa,Robinsons Sta. Rosa,south-luzon
neutral grounds spiel,NEUTRAL GROUNDS SPIEL,sm,sm-megamall,SM Megamall,metro-manila
petco,PETCO,sm,sm-city-davao,SM City Davao,mindanao
new your fries and dip,New Your Fries and Dip,robinsons,robinsons-tacloban,Robinsons Place Tacloban,visayas
old manila coffee house,Old Manila Coffee House,robinsons,robinsons-galleria-ortigas,Robinsons Galleria,metro-manila
nihonkai tsukiji,Nihonkai Tsukiji,megaworld,venice-grand-canal-mall,Venice Grand Canal Mall,metro-manila
pasig city hall annex 2,PASIG CITY HALL ANNEX 2,robinsons,robinsons-metro-east,Robinsons Metro East,metro-manila
nightshade cocktails & spirits,Nightshade Cocktails & Spirits,megaworld,mckinley-west,McKinley West,metro-manila
nids binalot,Nid's Binalot,robinsons,robinsons-lipa,Robinsons Place Lipa,south-luzon
nicoletti home,Nicoletti Home,megaworld,mckinley-west,McKinley West,metro-manila
oil paint store,THE OIL PAINT STORE,araneta,ali-mall,Ali Mall,metro-manila
nicolette bakery cafe,NICOLETTE BAKERY CAFE,sm,sm-city-iloilo,SM City Iloilo,visayas
oishi maki,Oishi Maki,waltermart,candelaria,WalterMart Candelaria,south-luzon
nicole gadgets,Nicole Gadgets,ortigas,greenhills,Greenhills,metro-manila
peri peri charcoal chiken & sauce bar,Peri-peri Charcoal Chiken & Sauce Bar,fishermall,malabon,Fisher Mall Malabon,metro-manila
perk up coffee,Perk Up Coffee,robinsons,robinsons-jaro,Robinsons Place Jaro,visayas
perpetual help community cooperative,PERPETUAL HELP COMMUNITY COOPERATIVE,robinsons,robinsons-dumaguete,Robinsons Place Dumaguete,visayas
perple yam,PERPLE YAM,robinsons,robinsons-iligan,Robinsons Place Iligan,mindanao
nicks,NICKS,sm,sm-city-bacolod,SM City Bacolod,visayas
nichomart,Nichomart,robinsons,robinsons-novaliches,Robinsons Novaliches,metro-manila
nice day carwash,NICE DAY CARWASH,starmall,talisay,Starmall Talisay Cebu,visayas
ngohiong express,NGOHIONG EXPRESS,ayala,ayala-malls-central-bloc,Ayala Malls Central Bloc,visayas
ngitiann dental clinic,Ngitiann Dental Clinic,xentro,shopking,Shopking,metro-manila
passion & health lines,Passion & Health Lines,robinsons,robinsons-tacloban,Robinsons Place Tacloban,visayas
ngenius it hub,NGENIUS IT HUB,sm,sm-city-cebu,SM City Cebu,visayas
persian palate,PERSIAN PALATE,ayala,ayala-center-cebu,Ayala Center Cebu,visayas
pet alley lounge,PET ALLEY LOUNGE,ayala,ayala-vertis,Ayala Malls Vertis North,metro-manila
passenger seat,PASSENGER SEAT,sm,sm-city-san-mateo,SM City San Mateo,metro-manila
ojo signature & kids,Ojo Signature & Kids,filinvest,festival-mall,Festival Mall,metro-manila
ok bob,"OK, BOB",sm,sm-mall-of-asia,SM Mall of Asia,metro-manila
okonomi takoyaki,OKONOMI TAKOYAKI,robinsons,robinsons-las-pinas,Robinsons Place Las Pinas,metro-manila
newtopia,Newtopia,robinsons,robinsons-iloilo,Robinsons Place Iloilo,visayas
newport cinemas,Newport Cinemas,megaworld,newport-city,Newport City,metro-manila
newlife cellphone and accessories,NEWLIFE CELLPHONE AND ACCESSORIES,sm,sm-city-lucena,SM City Lucena,south-luzon
okto,OKTO,sm,sm-city-north-edsa,SM City North Edsa,metro-manila
ola by siesta,OLA by Siesta,megaworld,alabang-west-parade,Alabang West Parade,metro-manila
pentagon dental,Pentagon Dental,robinsons,robinsons-galleria-cebu,Robinsons Galleria Cebu,visayas
penshoppe hexi health,PENSHOPPE HEXI HEALTH,xentro,xentro-mall-lemery,XentroMall Lemery,south-luzon
ness press carwash,Ness Press Carwash,robinsons,robinsons-roxas,Robinsons Place Roxas,visayas
pc gadgets mobile hub,PC GADGETS MOBILE HUB,sm,sm-mall-of-asia,SM Mall of Asia,metro-manila
pc gilmore,PC Gilmore,fishermall,quezonave,Fisher Mall Quezon Avenue,metro-manila
pc hub,PC HUB,sm,sm-city-fairview,SM City Fairview,metro-manila
pc inspire enterprise,PC INSPIRE ENTERPRISE,xentro,montalban-town-center,Montalban Town Center,metro-manila
pc live,PC LIVE,sm,sm-megamall,SM Megamall,metro-manila
nutriel,Nutriel,robinsons,robinsons-roxas,Robinsons Place Roxas,visayas
pc micro,PC MICRO,sm,sm-city-santa-rosa,SM City Santa Rosa,south-luzon
nutri health and beauty products trading,NUTRI HEALTH AND BEAUTY PRODUCTS TRADING,araneta,farmers-plaza,Farmers Plaza,metro-manila
pc office solution,PC OFFICE SOLUTION,robinsons,robinsons-tagum,Robinsons Place Tagum,mindanao
pc ondemand,PC ONDEMAND,sm,smdc-light-mall,SMDC Light Mall,metro-manila
pc quarters,PC QUARTERS,sm,sm-city-north-edsa,SM City North Edsa,metro-manila
octoboy unli wagyu and seafood grill,OCTOBOY UNLI WAGYU AND SEAFOOD GRILL,sm,sm-city-fairview,SM City Fairview,metro-manila
od cafe express,OD CAFE EXPRESS,robinsons,robinsons-galleria-ortigas,Robinsons Galleria,metro-manila
nutech solutions,NUTECH SOLUTIONS,sm,sm-city-cebu,SM City Cebu,visayas
pc quickbuys computer sales and services,PC QUICKBUYS COMPUTER SALES AND SERVICES,ayala,ayala-center-cebu,Ayala Center Cebu,visayas
nutech,NUTECH,ayala,ayala-malls-central-bloc,Ayala Malls Central Bloc,visayas
oddballs,Oddballs,filinvest,festival-mall,Festival Mall,metro-manila
nutcracker,THE NUTCRACKER,sm,sm-city-cagayan-de-oro,SM City CDO Uptown,mindanao
pawchester,Pawchester,ortigas,greenhills,Greenhills,metro-manila
nurlikas pearl shoppe,NURLIKA'S PEARL SHOPPE,ayala,ayala-abreeza,Abreeza,mindanao
number 1 barbeque,NUMBER 1 BARBEQUE,sm,sm-city-east-ortigas,SM City East Ortigas,metro-manila
paw station,The Paw Station,megaworld,venice-grand-canal-mall,Venice Grand Canal Mall,metro-manila
paul smith,PAUL SMITH,ayala,ayala-one-bonifacio-high-street,One Bonifacio High Street,metro-manila
nullspace,Nullspace,megaworld,uptown-mall,Uptown Mall,metro-manila
pc worx tempo satellite,Pc Worx Tempo Satellite,filinvest,festival-mall,Festival Mall,metro-manila
nuggets foreign exchange services,NUGGETS FOREIGN EXCHANGE SERVICES,robinsons,robinsons-novaliches,Robinsons Novaliches,metro-manila
nude floor dance studio,NUDE FLOOR DANCE STUDIO,ayala,ayala-circuit,Ayala Malls Circuit,metro-manila
nuat thai premier,NUAT THAI PREMIER,sm,smdc-air-mall,SMDC Air Mall,metro-manila
pcbs,PCBS,robinsons,robinsons-bacolod,Robinsons Place Bacolod,visayas
oden house of pearl,ODEN HOUSE OF PEARL,robinsons,robinsons-palawan,Robinsons Place Palawan,south-luzon
nuts and bits,Nuts And Bits,waltermart,carmona,WalterMart Carmona,south-luzon
nuvera aesthetic,Nuvera Aesthetic,megaworld,newport-city,Newport City,metro-manila
pcso lotto outlet,PCSO LOTTO OUTLET,robinsons,robinsons-luisita,Robinsons Luisita,north-luzon
paws fins & tails,Paws Fins & Tails,megaworld,venice-grand-canal-mall,Venice Grand Canal Mall,metro-manila
payless shoe source,PAYLESS SHOE SOURCE,araneta,ali-mall,Ali Mall,metro-manila
occassion gift shop,OCCASSION GIFT SHOP,araneta,ali-mall,Ali Mall,metro-manila
payless shoe store,Payless Shoe Store,robinsons,robinsons-manila,Robinsons Place Manila,metro-manila
ocampos fine jewellery,Ocampo's Fine Jewellery,robinsons,robinsons-galleria-ortigas,Robinsons Galleria,metro-manila
pazu,PAZU,sm,sm-center-pasig,SM Center Pasig,metro-manila
ocean seafood restaurant,OCEAN SEAFOOD RESTAURANT,sm,sm-by-the-bay,SM By the Bay,metro-manila
pazzion,PAZZION,ayala,ayala-trinoma,Trinoma,metro-manila
obrang pilipino,OBRANG PILIPINO,sm,sm-city-north-edsa,SM City North Edsa,metro-manila
oceannail nail and lashes salon,OCEANNAIL NAIL AND LASHES SALON,ayala,ayala-marquee,MarQuee Mall,north-luzon
ochado,Ochado,filinvest,festival-mall,Festival Mall,metro-manila
ochie,Ochie,ortigas,greenhills,Greenhills,metro-manila
o2 wellness k beauty,O2 Wellness K-Beauty,megaworld,newport-city,Newport City,metro-manila
octagon al obied,Octagon AL - OBIED,xentro,xentro-mall-calapan,XentroMall Calapan,south-luzon
octagon computer shop,OCTAGON COMPUTER SHOP,robinsons,robinsons-pagadian,Robinsons Pagadian,mindanao
pc broker,PC BROKER,sm,sm-city-lucena,SM City Lucena,south-luzon
o noodle,O' Noodle,robinsons,robinsons-novaliches,Robinsons Novaliches,metro-manila
o d c dental clinic co,O.D.C DENTAL CLINIC CO.,ayala,ayala-trinoma,Trinoma,metro-manila
pc cartel,PC CARTEL,sm,sm-city-rosales,SM City Rosales,north-luzon
octavians rtw surplus mega cellular network inc,"OCTAVIAN'S RTW SURPLUS MEGA CELLULAR NETWORK, INC",xentro,montalban-town-center,Montalban Town Center,metro-manila
octo takoyaki,OCTO TAKOYAKI,robinsons,the-plaza,The Plaza Bagong Silang,metro-manila
o banh mi,O BANH MI,robinsons,robinsons-galleria-ortigas,Robinsons Galleria,metro-manila
pawssentials pet store,PAWSSENTIALS PET STORE,sm,sm-city-cagayan-de-oro,SM City CDO Uptown,mindanao
pc depot,PC DEPOT,sm,sm-city-north-edsa,SM City North Edsa,metro-manila
nyfd premiere,NYFD PREMIERE,ayala,one-ayala-mall,One Ayala,metro-manila
nyc studio salon,NYC STUDIO SALON,sm,sm-city-urdaneta-central,SM City Urdaneta Central,north-luzon
pc dynamic,PC DYNAMIC,sm,sm-city-north-edsa,SM City North Edsa,metro-manila
ny buffalo brads hot wings,NY BUFFALO BRADS HOT WINGS,ayala,ayala-malls-central-bloc,Ayala Malls Central Bloc,visayas
paws unlimited,Paws Unlimited,ortigas,tiendesitas,Tiendesitas,metro-manila
ny bagel by kates,NY BAGEL BY KATE'S,ayala,ayala-center-cebu,Ayala Center Cebu,visayas
nuat thai (massage & spa),NUAT THAI (MASSAGE & SPA),robinsons,robinsons-tagaytay,Robinsons Tagaytay,south-luzon
paul,PAUL,robinsons,opus,Opus Mall,metro-manila
nonki japanese restaurant,NONKI JAPANESE RESTAURANT,sm,sm-city-cebu,SM City Cebu,visayas
north tech,NORTH TECH,sm,sm-city-rosales,SM City Rosales,north-luzon
north brew,NORTH BREW,sm,sm-city-baguio,SM City Baguio,north-luzon
pearls & gems,Pearls & Gems,robinsons,robinsons-pavia,Robinsons Place Pavia,visayas
norsaimah,Norsaimah,robinsons,robinsons-novaliches,Robinsons Novaliches,metro-manila
office of the city prosecutor,Office Of The City Prosecutor,filinvest,main-square,Main Square,south-luzon
nors footwear,NORS FOOTWEAR,robinsons,robinsons-novaliches,Robinsons Novaliches,metro-manila
peastry shop,The Peastry Shop,filinvest,il-corso,IL Corso,visayas
nori san,NORI-SAN,sm,sm-cherry-shaw,SM Center Shaw,metro-manila
nords bread hub,NORDS BREAD HUB,sm,sm-city-north-edsa,SM City North Edsa,metro-manila
peavey,PEAVEY,araneta,ali-mall,Ali Mall,metro-manila
patrick toy shop,Patrick Toy Shop,ortigas,greenhills,Greenhills,metro-manila
peculiar eyewear,PECULIAR EYEWEAR,sm,sm-city-north-edsa,SM City North Edsa,metro-manila
noralyns beauty product,NORALYN'S BEAUTY PRODUCT,xentro,xentro-mall-tumauini,XentroMall Tumauini,north-luzon
nora salon,Nora Salon,robinsons,robinsons-manila,Robinsons Place Manila,metro-manila
noontalk nail lounge,NOONTALK NAIL LOUNGE,robinsons,robinsons-antipolo,Robinsons Place Antipolo,metro-manila
noonsaram korean cafe,NOONSARAM KOREAN CAFE,sm,sm-lanang,SM Lanang,mindanao
pedro the grocer,Pedro the Grocer,megaworld,alabang-west-parade,Alabang West Parade,metro-manila
patricio dental plaza,THE PATRICIO DENTAL PLAZA,sm,sm-city-marikina,SM City Marikina,metro-manila
noon talk,NOON TALK,sm,sm-mall-of-asia,SM Mall of Asia,metro-manila
peking garden,PEKING GARDEN,ayala,ayala-greenbelt,Greenbelt,metro-manila
patek philippe,PATEK PHILIPPE,ayala,ayala-greenbelt,Greenbelt,metro-manila
noodles everyday,Noodles Everyday,megaworld,lucky-chinatown-mall,Lucky Chinatown Mall,metro-manila
penguin,Penguin,robinsons,robinsons-manila,Robinsons Place Manila,metro-manila
officepartners 360 inc,OFFICEPARTNERS 360 INC,sm,sm-cdo-downtown,SM CDO Downtown Premier,mindanao
penn & paengs kakanin,PENN & PAENG'S KAKANIN,robinsons,galleria-south,Robinsons Galleria South,south-luzon
noodle house exhibit,NOODLE HOUSE EXHIBIT,sm,sm-city-sucat,SM City Sucat,metro-manila
penongs barbecue seafoods and grill,PENONGS BARBECUE SEAFOODS AND GRILL,sm,sm-city-butuan,SM City Butuan,mindanao
nonnas pasta & pizzeria,NONNA'S PASTA & PIZZERIA,ayala,ayala-solenad,Ayala Malls Nuvali,south-luzon
penshoppe beauche,PENSHOPPE Beauche,xentro,xentro-mall-calapan,XentroMall Calapan,south-luzon
officine universelle buly,OFFICINE UNIVERSELLE BULY,ayala,ayala-greenbelt,Greenbelt,metro-manila
north dental clinic,NORTH DENTAL CLINIC,sm,sm-city-consolacion,SM City Consolacion,visayas
nose boop,Nose Boop,megaworld,venice-grand-canal-mall,Venice Grand Canal Mall,metro-manila
nu fairview inc,NU FAIRVIEW INC,sm,sm-city-fairview,SM City Fairview,metro-manila
nostalgia kings silver,NOSTALGIA KINGS SILVER,xentro,montalban-town-center,Montalban Town Center,metro-manila
pcworx,PCWORX,ayala,one-ayala-mall,One Ayala,metro-manila
odyssey driving school,ODYSSEY DRIVING SCHOOL,sm,sm-city-cagayan-de-oro,SM City CDO Uptown,mindanao
odz whitening beauty products,ODZ Whitening Beauty Products,robinsons,robinsons-novaliches,Robinsons Novaliches,metro-manila
nu bulacan inc,NU BULACAN INC,sm,sm-city-baliwag,SM City Baliwag,north-luzon
ntoys,Ntoys,ortigas,greenhills,Greenhills,metro-manila
pcx mobile,PCX MOBILE,sm,sm-megamall,SM Megamall,metro-manila
nstyle nail beauty lounge,NSTYLE NAIL BEAUTY LOUNGE,sm,sm-city-consolacion,SM City Consolacion,visayas
off price el torogi,"OFF PRICE, EL TOROGI",xentro,xentro-mall-cabagan,XentroMall Cabagan,north-luzon
pdf massage,PDF Massage,robinsons,robinsons-dasmarinas,Robinsons Place Dasmarinas,south-luzon
pdos travel express,PDOS TRAVEL EXPRESS,ayala,ayala-metropoint,Metro Point Mall,metro-manila
nsn dentalworks,NSN DENTALWORKS,sm,sm-city-manila,SM City Manila,metro-manila
peak,Peak,robinsons,robinsons-manila,Robinsons Place Manila,metro-manila
nrl petgrooming pet shop,NRL PETGROOMING PET SHOP,robinsons,robinsons-novaliches,Robinsons Novaliches,metro-manila
office,The Office,ortigas,estancia,Estancia,metro-manila
peak physical theraphy & scoliosis center,PEAK Physical Theraphy & Scoliosis Center,megaworld,eastwood-mall,Eastwood Mall,metro-manila
nova skin,Nova Skin,ortigas,greenhills,Greenhills,metro-manila
peak sport,Peak Sport,filinvest,festival-mall,Festival Mall,metro-manila
nouveau skin clinic,NOUVEAU SKIN CLINIC,ayala,ayala-marikina,Ayala Malls Marikina,metro-manila
pearl body touch facial center,PEARL BODY TOUCH FACIAL CENTER,robinsons,robinsons-cagayan-de-oro,Robinsons Cagayan de Oro,mindanao
patsada accessories,PATSADA ACCESSORIES,sm,sm-city-butuan,SM City Butuan,mindanao
nothing but laundry,Nothing But Laundry,megaworld,eastwood-cyber-mall,Eastwood Cyber Mall,metro-manila
pearl dianne,PEARL DIANNE,ayala,ayala-market-market,Market! Market!,metro-manila
notary public,Notary Public,robinsons,robinsons-sta-rosa,Robinsons Sta. Rosa,south-luzon
pearl farm,PEARL FARM,ayala,ayala-abreeza,Abreeza,mindanao
not just silver,Not Just Silver,robinsons,robinsons-palawan,Robinsons Place Palawan,south-luzon
pearl market,PEARL MARKET!,ayala,ayala-market-market,Market! Market!,metro-manila
office ergonomics,Office Ergonomics,filinvest,festival-mall,Festival Mall,metro-manila
not for lease,NOT FOR LEASE,xentro,xentro-mall-roxas,XentroMall Roxas,north-luzon
pearl shop & precious stone village,Pearl Shop & Precious Stone Village,filinvest,festival-mall,Festival Mall,metro-manila
peter john arts,PETER JOHN ARTS,sm,sm-city-urdaneta-central,SM City Urdaneta Central,north-luzon
petes place,Pete's Place,sm,sm-by-the-bay,SM By the Bay,metro-manila
pink & brown boutique,Pink & Brown Boutique,robinsons,robinsons-luisita,Robinsons Luisita,north-luzon
photoline digital,Photoline Digital,robinsons,robinsons-manila,Robinsons Place Manila,metro-manila
paraiba,Paraiba 8425-677 / 09555695900,robinsons,robinsons-magnolia,Robinsons Magnolia,metro-manila
n1 coffee,N1 COFFEE,robinsons,robinsons-manila,Robinsons Place Manila,metro-manila
paragon,Paragon,megaworld,eastwood-city-walk,Eastwood City Walk,metro-manila
oneills irish pub,O'Neill's Irish Pub,megaworld,eastwood-mall,Eastwood Mall,metro-manila
oneone,ONEONE,araneta,farmers-plaza,Farmers Plaza,metro-manila
paradise air freshener,PARADISE AIR FRESHENER,sm,sm-city-grand-central,SM City Grand Central,metro-manila
mywatch,myWatch,araneta,gateway-mall-2,Gateway Mall 2,metro-manila
myungrang hotdog,MYUNGRANG HOTDOG,ayala,ayala-circuit,Ayala Malls Circuit,metro-manila
paradise air,PARADISE AIR,sm,sm-city-fairview,SM City Fairview,metro-manila
par tee bloc,PAR-TEE BLOC,xentro,xentro-mall-roxas,XentroMall Roxas,north-luzon
photovoltaic,Photovoltaic,robinsons,robinsons-palawan,Robinsons Place Palawan,south-luzon
mythai,Mythai,ortigas,greenhills,Greenhills,metro-manila
mystery manila,Mystery Manila,megaworld,eastwood-city-walk,Eastwood City Walk,metro-manila
mystery case,MYSTERY CASE,sm,sm-city-fairview,SM City Fairview,metro-manila
oneone shop,ONEONE SHOP,araneta,ali-mall,Ali Mall,metro-manila
physiare,Physiare,filinvest,festival-mall,Festival Mall,metro-manila
myrtelle fonebytes,Myrtelle Fonebytes,robinsons,robinsons-imus,Robinsons Place Imus,south-luzon
myrtelle fone bytes trading,MYRTELLE FONE BYTES TRADING,sm,sm-marketmall-dasmarinas,SM Marketmall Dasmarinas,south-luzon
papu panda captains cove,Papu Panda Captains Cove,fishermall,quezonave,Fisher Mall Quezon Avenue,metro-manila
paps cyclezone,Paps Cyclezone,robinsons,robinsons-tacloban,Robinsons Place Tacloban,visayas
mylo speech therapy center,Mylo Speech Therapy Center,ortigas,the-strip,The Strip,metro-manila
pias gadget store,PIA'S GADGET STORE,robinsons,robinsons-sta-rosa,Robinsons Sta. Rosa,south-luzon
pibu aesthetics,PIBU AESTHETICS,ayala,ayala-feliz,Ayala Malls Feliz,metro-manila
pic n print,Pic N Print,ortigas,greenhills,Greenhills,metro-manila
mylenes ensaymada & banana cake,MYLENE'S ENSAYMADA & BANANA CAKE,ayala,ayala-feliz,Ayala Malls Feliz,metro-manila
onezo tapioca,ONEZO TAPIOCA,sm,sm-city-north-edsa,SM City North Edsa,metro-manila
mygold,MYGOLD,ayala,ayala-center-cebu,Ayala Center Cebu,visayas
pica pica by slers,PICA PICA BY SLERS,sm,sm-cdo-downtown,SM CDO Downtown Premier,mindanao
mychow,MYCHOW,robinsons,robinsons-north-tacloban,Robinsons North Tacloban,visayas
nabe unlimited japanese hotpot,NABE UNLIMITED JAPANESE HOTPOT,sm,sm-city-laoag,SM City Laoag,north-luzon
nacho shack,NACHO SHACK,sm,sm-city-baguio,SM City Baguio,north-luzon
my thai,My Thai,megaworld,venice-grand-canal-mall,Venice Grand Canal Mall,metro-manila
naclemons,Naclemons,robinsons,robinsons-antique,Robinsons Place Antique,visayas
one blue moo cafe,One Blue Moo Cafe,robinsons,robinsons-naga,Robinsons Place Naga,south-luzon
one fine pictures,One Fine Pictures,robinsons,robinsons-galleria-cebu,Robinsons Galleria Cebu,visayas
parasat hd,PARASAT HD,ayala,ayala-centrio,Centrio Mall,mindanao
phonemax,PHONEMAX,araneta,farmers-plaza,Farmers Plaza,metro-manila
phonetwist lj house of beauty,"PHONETWIST, LJ HOUSE OF BEAUTY",xentro,xentro-mall-cabagan,XentroMall Cabagan,north-luzon
one life,One Life,ortigas,estancia,Estancia,metro-manila
one pot shabu shabu restaurant,ONE POT SHABU-SHABU RESTAURANT,sm,smdc-strip-at-shore,SMDC Strip at Shore,metro-manila
paras alterstation,PARAS ALTERSTATION 0945-592-5424 (NEW),robinsons,robinsons-angeles,Robinsons Angeles,north-luzon
one stop food shop,ONE STOP FOOD SHOP,ayala,ayala-marquee,MarQuee Mall,north-luzon
phoneville mobile,PHONEVILLE MOBILE,sm,sm-city-bacoor,SM City Bacoor,south-luzon
paras alteration,Paras Alteration,robinsons,robinsons-otis,Robinsons Otis,metro-manila
one up (world balance),One Up (World Balance),robinsons,robinsons-dasmarinas,Robinsons Place Dasmarinas,south-luzon
phonix,Phonix,robinsons,robinsons-lipa,Robinsons Place Lipa,south-luzon
nai cha,NAI CHA,sm,sm-city-cagayan-de-oro,SM City CDO Uptown,mindanao
phonix kiosk,PHONIX KIOSK,araneta,farmers-plaza,Farmers Plaza,metro-manila
nagomi zakura,NAGOMI ZAKURA,sm,sm-city-trece-martires,SM City Trece Martires,south-luzon
photo image,PHOTO IMAGE,robinsons,robinsons-butuan,Robinsons Place Butuan,mindanao
naga optical,NAGA OPTICAL,sm,sm-city-naga,SM City Naga,south-luzon
paramus,PARAMUS,ayala,ayala-glorietta,Glorietta,metro-manila
naduma,NADUMA,sm,sm-city-baguio,SM City Baguio,north-luzon
photo tech,Photo Tech,filinvest,festival-mall,Festival Mall,metro-manila
nadomi maki food house,NADOMI MAKI FOOD HOUSE,sm,sm-city-rosario,SM City Rosario,south-luzon
photo trend,Photo Trend,filinvest,festival-mall,Festival Mall,metro-manila
nadines medical clinic,Nadine's Medical Clinic,robinsons,robinsons-dasmarinas,Robinsons Place Dasmarinas,south-luzon
one zo,One Zo,ortigas,greenhills,Greenhills,metro-manila
nadines a z driving academy,Nadine's A-Z Driving Academy,robinsons,robinsons-imus,Robinsons Place Imus,south-luzon
nadela dental clinic,NADELA DENTAL CLINIC,sm,sm-cdo-downtown,SM CDO Downtown Premier,mindanao
paramount life and general insurance,PARAMOUNT LIFE AND GENERAL INSURANCE,sm,sm-city-pampanga,SM City Pampanga,north-luzon
nadai fujisoba,NADAI FUJISOBA,sm,sm-aura,SM Aura,metro-manila
onisasa,Onisasa,megaworld,lucky-chinatown-mall,Lucky Chinatown Mall,metro-manila
picabean,PICABEAN,ayala,ayala-malls-central-bloc,Ayala Malls Central Bloc,visayas
paref preschool rosefield south triangle,PAREF PRESCHOOL ROSEFIELD SOUTH TRIANGLE,sm,smdc-mplace-mall,SMDC Mplace Mall,metro-manila
my gems,My Gems,ortigas,greenhills,Greenhills,metro-manila
my falafel,My Falafel,megaworld,venice-grand-canal-mall,Venice Grand Canal Mall,metro-manila
picture city green heart naturals enterprise ( human nature ),Picture City Green Heart Naturals Enterprise ( HUMAN NATURE ),xentro,xentro-mall-calapan,XentroMall Calapan,south-luzon
picture city mayandug cellphone accessories,PICTURE CITY Mayandug Cellphone Accessories,xentro,xentro-mall-lemery,XentroMall Lemery,south-luzon
pidoks,PIDOKS,ayala,ayala-abreeza,Abreeza,mindanao
my dollar store plus,MY DOLLAR STORE PLUS,araneta,ali-mall,Ali Mall,metro-manila
ookit enterprises,OOKIT ENTERPRISES,sm,sm-city-cebu,SM City Cebu,visayas
ooma sushi bar,Ooma Sushi Bar,megaworld,paseo-center,Paseo Center,metro-manila
pieza de mano,Pieza De Mano,robinsons,robinsons-manila,Robinsons Place Manila,metro-manila
pieza de mano art ang frames,PIEZA DE MANO ART ANG FRAMES,robinsons,robinsons-manila,Robinsons Place Manila,metro-manila
papelemento visual arts and scenography,PAPELEMENTO VISUAL ARTS AND SCENOGRAPHY,sm,sm-cdo-downtown,SM CDO Downtown Premier,mindanao
pili ani,Pili Ani,ortigas,greenhills,Greenhills,metro-manila
my diamond technomarine,MY DIAMOND / TECHNOMARINE,robinsons,robinsons-manila,Robinsons Place Manila,metro-manila
my destination tours and travel,MY DESTINATION TOURS AND TRAVEL,sm,sm-cherry-antipolo,SM Center Antipolo Downtown,metro-manila
opatra,Opatra,megaworld,lucky-chinatown-mall,Lucky Chinatown Mall,metro-manila
my angels two fashion,MY ANGELS TWO FASHION,xentro,balagtas-town-center,Balagtas Town Center,north-luzon
my angels enterprise,MY ANGELS ENTERPRISE,ayala,ayala-market-market,Market! Market!,metro-manila
mxt restaurant,MXT RESTAURANT,sm,sm-city-sta-mesa,SM City Sta. Mesa,metro-manila
mwell primary care,Mwell Primary Care,filinvest,main-square,Main Square,south-luzon
mvt mobile,MVT Mobile,megaworld,eastwood-cyber-mall,Eastwood Cyber Mall,metro-manila
pimp kicks,Pimp Kicks,ortigas,greenhills,Greenhills,metro-manila
mvp taekwando,MVP Taekwando,megaworld,festive-walk-parade,Festive Walk Parade,visayas
pina seoul,PINA SEOUL,robinsons,robinsons-pangasinan,Robinsons Place Pangasinan,north-luzon
mutt chery,MUTT CHERY,sm,sm-mall-of-asia,SM Mall of Asia,metro-manila
papatoks food hub,PAPATOK'S FOOD HUB,sm,sm-city-pampanga,SM City Pampanga,north-luzon
pines telecom,Pines Telecom,robinsons,robinsons-santiago,Robinsons Place Santiago,north-luzon
musik wizzard,Musik Wizzard,robinsons,robinsons-tuguegarao,Robinsons Place Tuguegarao,north-luzon
pings eatabols,PING’S EATABOLS,ayala,ayala-capitol-central,Ayala Malls Capitol Central,visayas
music school of ryan cayabyab,THE MUSIC SCHOOL OF RYAN CAYABYAB,robinsons,robinsons-galleria-ortigas,Robinsons Galleria,metro-manila
open kitchen,Open Kitchen,megaworld,southwoods-mall,Southwoods Mall,south-luzon
paper bunny,The Paper Bunny,megaworld,uptown-mall,Uptown Mall,metro-manila
picture books,PICTURE BOOKS,sm,sm-megamall,SM Megamall,metro-manila
my south hall,MY SOUTH HALL,sm,s-maison,S Maison,metro-manila
ooh cha,Ooh Cha,robinsons,robinsons-galleria-ortigas,Robinsons Galleria,metro-manila
picanti,PICANTI,ayala,ayala-greenbelt,Greenbelt,metro-manila
my smile,My Smile,robinsons,robinsons-iloilo,Robinsons Place Iloilo,visayas
my skin clinic,My Skin Clinic,filinvest,festival-mall,Festival Mall,metro-manila
online travel express,ONLINE TRAVEL EXPRESS,robinsons,robinsons-metro-east,Robinsons Metro East,metro-manila
pick & save,PICK & SAVE,robinsons,robinsons-metro-east,Robinsons Metro East,metro-manila
papermoon,Papermoon,ortigas,estancia,Estancia,metro-manila
pick a trip travel and tours,PICK A TRIP TRAVEL AND TOURS,sm,sm-city-lucena,SM City Lucena,south-luzon
my phone toyota,My Phone TOYOTA,xentro,xentro-mall-calapan,XentroMall Calapan,south-luzon
pick mix,PICK MIX,sm,sm-mall-of-asia,SM Mall of Asia,metro-manila
my nail society,MY NAIL SOCIETY,sm,smdc-jazz-mall,SMDC Jazz Mall,metro-manila
pick up at sm supermalls,PICK UP AT SM SUPERMALLS,sm,sm-city-masinag,SM City Masinag,metro-manila
papermints,PAPERMINTS,sm,sm-city-iloilo,SM City Iloilo,visayas
paper world,Paper World,robinsons,robinsons-tacloban,Robinsons Place Tacloban,visayas
onoodles,O'Noodles,xentro,shopking,Shopking,metro-manila
my metroloading station,My Metroloading Station,robinsons,robinsons-galleria-cebu,Robinsons Galleria Cebu,visayas
my lavandera ka mini gem exhibit (8),MY LAVANDERA KA MINI GEM EXHIBIT (8),xentro,montalban-town-center,Montalban Town Center,metro-manila
occassions,OCCASSIONS,ayala,ayala-market-market,Market! Market!,metro-manila
my laksa,MY LAKSA,sm,sm-city-manila,SM City Manila,metro-manila
my jewelry box,My Jewelry Box,ortigas,greenhills,Greenhills,metro-manila
pick up stix,PICK-UP-STIX,sm,sm-city-cabanatuan,SM City Cabanatuan,north-luzon
my jewellery box,My Jewellery Box,ortigas,greenhills,Greenhills,metro-manila
pickleball court,Pickleball Court,filinvest,main-square,Main Square,south-luzon
my j & s,MY J & S,robinsons,robinsons-manila,Robinsons Place Manila,metro-manila
my health clinic quezon city,MY HEALTH CLINIC - QUEZON CITY,sm,sm-city-north-edsa,SM City North Edsa,metro-manila
my health clinic (032) 238 8802 (032) 268 8502,MY HEALTH CLINIC (032)238-8802/(032)268-8502,robinsons,robinsons-cybergate-cebu,Robinsons Cybergate Cebu,visayas
my health clinic,My Health Clinic,filinvest,festival-mall,Festival Mall,metro-manila
my health,My Health,megaworld,venice-grand-canal-mall,Venice Grand Canal Mall,metro-manila
my happy home,My Happy Home,ortigas,greenhills,Greenhills,metro-manila
my greek taverna,MY GREEK TAVERNA,sm,sm-city-cebu,SM City Cebu,visayas
one audio acoustics,One Audio Acoustics,robinsons,robinsons-pangasinan,Robinsons Place Pangasinan,north-luzon
phonebay,PHONEBAY,sm,sm-city-pampanga,SM City Pampanga,north-luzon
nephromed asia dialysis center,NEPHROMED ASIA DIALYSIS CENTER,sm,sm-cherry-antipolo,SM Center Antipolo Downtown,metro-manila
phad thai,Phad Thai,robinsons,galleria-south,Robinsons Galleria South,south-luzon
parks bakery k mart,PARKS BAKERY K-MART,sm,sm-city-pampanga,SM City Pampanga,north-luzon
native kopi & co,NATIVE KOPI & CO,sm,sm-city-general-santos,SM City General Santos,mindanao
national university inc,NATIONAL UNIVERSITY INC,sm,nu-mall-of-asia-building,NU MALL OF ASIA BUILDING,metro-manila
national police clearance,National Police Clearance,robinsons,robinsons-antique,Robinsons Place Antique,visayas
phia footwear,PHIA FOOTWEAR,robinsons,robinsons-novaliches,Robinsons Novaliches,metro-manila
phiil health,PHIIL HEALTH,robinsons,robinsons-gen-san,Robinsons Place GenSan,mindanao
philcopy,PHILCOPY,sm,sm-city-davao,SM City Davao,mindanao
parklane,PARKLANE,robinsons,robinsons-manila,Robinsons Place Manila,metro-manila
national labor relations commission (nlrc),National Labor Relations Commission (nlrc),filinvest,main-square,Main Square,south-luzon
philgin travel and tours (2go),PHILGIN TRAVEL AND TOURS (2GO),starmall,alabang,Starmall Alabang,metro-manila
olivia,Olivia,robinsons,robinsons-bacolod,Robinsons Place Bacolod,visayas
national home mortgage,National Home Mortgage 0920-911-6299,robinsons,robinsons-sta-rosa,Robinsons Sta. Rosa,south-luzon
ollie bowls,OLLIE BOWLS (0921 843 2125),robinsons,robinsons-magnolia,Robinsons Magnolia,metro-manila
national geographic,NATIONAL GEOGRAPHIC,sm,sm-megamall,SM Megamall,metro-manila
national everyday,National Everyday,megaworld,newport-city,Newport City,metro-manila
national bureau of investigation (nbi),National Bureau Of Investigation (nbi),filinvest,main-square,Main Square,south-luzon
national book store inc fegis footwear,"NATIONAL BOOK STORE, INC. FEGIS FOOTWEAR",xentro,montalban-town-center,Montalban Town Center,metro-manila
nathans famous,NATHANS FAMOUS,sm,sm-mall-of-asia,SM Mall of Asia,metro-manila
olvis visa services,OLVIS VISA SERVICES,ayala,ayala-center-cebu,Ayala Center Cebu,visayas
philip stein tw steel wenger luminox,PHILIP STEIN TW STEEL WENGER LUMINOX,sm,sm-city-clark,SM City Clark,north-luzon
olympic outlet,Olympic Outlet,robinsons,robinsons-antipolo,Robinsons Place Antipolo,metro-manila
philip steinl time studio,PHILIP STEINL TIME STUDIO,sm,sm-city-lipa,SM City Lipa,south-luzon
philippe charriol,PHILIPPE CHARRIOL,sm,the-podium,The Podium,metro-manila
nathaniels bakeshop,NATHANIEL'S BAKESHOP,ayala,ayala-marquee,MarQuee Mall,north-luzon
philippine airlines,PHILIPPINE AIRLINES,sm,sm-megamall,SM Megamall,metro-manila
parking,Parking,ortigas,greenhills,Greenhills,metro-manila
olympic village outlet,Olympic Village Outlet,robinsons,robinsons-starmills,Robinsons Starmills,north-luzon
philippine airlines golden jc holiday travel,PHILIPPINE AIRLINES GOLDEN JC HOLIDAY TRAVEL,sm,sm-city-cebu,SM City Cebu,visayas
park avenue,Park Avenue,ortigas,greenhills,Greenhills,metro-manila
natividad,NATIVIDAD,sm,sm-city-grand-central,SM City Grand Central,metro-manila
olive garden,OLIVE GARDEN,sm,sm-mall-of-asia,SM Mall of Asia,metro-manila
omair cellphone accessories,OMAIR CELLPHONE ACCESSORIES,xentro,balagtas-town-center,Balagtas Town Center,north-luzon
pgp ticketing office outlet,PGP TICKETING OFFICE OUTLET,sm,sm-city-cagayan-de-oro,SM City CDO Uptown,mindanao
nephroasia dialysis center,Nephroasia Dialysis Center 0945 133 3131,robinsons,robinsons-sta-rosa,Robinsons Sta. Rosa,south-luzon
petite graine preschool,Petite Graine Preschool,megaworld,eastwood-cyber-mall,Eastwood Cyber Mall,metro-manila
party house by michelle ballon shop,PARTY HOUSE BY MICHELLE BALLON SHOP,robinsons,robinsons-iligan,Robinsons Place Iligan,mindanao
nephroasia clinic,Nephroasia Clinic,robinsons,robinsons-gentrias,Robinsons Place Gen. Trias,south-luzon
pack your bags,Pack Your Bags,robinsons,robinsons-metro-east,Robinsons Metro East,metro-manila
petron,PETRON,starmall,alabang,Starmall Alabang,metro-manila
neola nails & spa,Neola Nails & Spa,ortigas,greenhills,Greenhills,metro-manila
nenita farms,NENITA FARMS,ayala,ayala-market-market,Market! Market!,metro-manila
needles & threads,NEEDLES & THREADS,ayala,ayala-the-district-dasmarinas,The District Dasmarinas,south-luzon
petron car care center,PETRON CAR CARE CENTER,sm,sm-city-general-santos,SM City General Santos,mindanao
need coffee,Need Coffee,robinsons,robinsons-naga,Robinsons Place Naga,south-luzon
neeco1,Neeco1,waltermart,gapan,WalterMart Gapan,north-luzon
near dental clinic,NEAR DENTAL CLINIC,sm,sm-jmall,SM J Mall,visayas
petropolis animal clinic,PETROPOLIS ANIMAL CLINIC,ayala,ayala-solenad,Ayala Malls Nuvali,south-luzon
ne bakeshop,NE BAKESHOP,robinsons,robinsons-gapan,Robinsons Gapan,north-luzon
oldtown white coffee,OldTown White Coffee,megaworld,venice-grand-canal-mall,Venice Grand Canal Mall,metro-manila
nce computer center burger factory,NCE Computer Center Burger Factory,xentro,xentro-mall-calapan,XentroMall Calapan,south-luzon
olfaction,OLFACTION,ayala,ayala-solenad,Ayala Malls Nuvali,south-luzon
partners in child,Partners in Child,waltermart,sta-rosa,WalterMart Sta. Rosa,south-luzon
olinor accessories (2 24 sqm) ca exhibits ( property pro ),Olinor Accessories (2.24 SQM) CA EXHIBITS ( PROPERTY PRO ),xentro,montalban-town-center,Montalban Town Center,metro-manila
nazrea pearls,NAZREA PEARLS,ayala,ayala-centrio,Centrio Mall,mindanao
naytess lutong bahay,NAYTESS LUTONG BAHAY,ayala,ayala-pavilion,Pavilion Mall,south-luzon
nay linas homemade pies,NAY LINAS HOMEMADE PIES,sm,sm-city-san-mateo,SM City San Mateo,metro-manila
parties unlimited,PARTIES UNLIMITED,sm,sm-city-baguio,SM City Baguio,north-luzon
naughty nachos,Naughty Nachos,megaworld,festive-walk-mall-iloilo,Festive Walk Mall,visayas
natures way aromatherapy,THE NATURES WAY AROMATHERAPY,sm,sm-city-san-mateo,SM City San Mateo,metro-manila
natureal juice,NATUREAL JUICE,sm,sm-lanang,SM Lanang,mindanao
olive fashion collection,Olive Fashion Collection,robinsons,robinsons-iligan,Robinsons Place Iligan,mindanao
nature republic n cat,NATURE REPUBLIC / N.CAT,ayala,ayala-centrio,Centrio Mall,mindanao
nasreyah cellphones & accessories,NASREYAH CELLPHONES & ACCESSORIES,robinsons,robinsons-novaliches,Robinsons Novaliches,metro-manila
nara thai cuisine,NARA THAI CUISINE,sm,sm-megamall,SM Megamall,metro-manila
phone shop,THE PHONE SHOP,ayala,ayala-glorietta,Glorietta,metro-manila
omf literature,OMF LITERATURE 0925-722-9638,robinsons,robinsons-cybergate-cebu,Robinsons Cybergate Cebu,visayas
omg oh my gifts shop,OMG! Oh My Gifts! Shop,robinsons,robinsons-iloilo,Robinsons Place Iloilo,visayas
nailtensity,Nailtensity,robinsons,robinsons-imus,Robinsons Place Imus,south-luzon
phoenix,Phoenix,robinsons,robinsons-luisita,Robinsons Luisita,north-luzon
nails toes spa,NAILS TOES SPA,sm,sm-city-san-fernando-downtown,SM City San Fernando Downtown,north-luzon
parilya,Parilya,filinvest,il-corso,IL Corso,visayas
nails solutions,Nails Solutions,robinsons,robinsons-dasmarinas,Robinsons Place Dasmarinas,south-luzon
omniverse museum,OMNIVERSE MUSEUM,ayala,ayala-glorietta,Glorietta,metro-manila
omotenashi ramen restaurant,OMOTENASHI RAMEN RESTAURANT,ayala,ayala-capitol-central,Ayala Malls Capitol Central,visayas
pares university,Pares University,megaworld,festive-walk-mall-iloilo,Festive Walk Mall,visayas
phoenix bazaar,Phoenix Bazaar,robinsons,robinsons-dasmarinas,Robinsons Place Dasmarinas,south-luzon
phoenix dragon,Phoenix Dragon,megaworld,lucky-chinatown-mall,Lucky Chinatown Mall,metro-manila
nails dot glow,Nails Dot Glow,megaworld,southwoods-mall,Southwoods Mall,south-luzon
nailcrush,NailCrush,waltermart,sta-rosa,WalterMart Sta. Rosa,south-luzon
phone avenue,Phone Avenue,ortigas,greenhills,Greenhills,metro-manila
on,ON,sm,sm-city-north-edsa,SM City North Edsa,metro-manila
on stage,ON STAGE,araneta,farmers-plaza,Farmers Plaza,metro-manila
nail vitale,NAIL VITALE,robinsons,opus,Opus Mall,metro-manila
nail tropics body shop,NAIL TROPICS BODY SHOP,sm,sm-city-bf-paranaque,SM City BF Parañaque,metro-manila
phone care cellphone accessories,PHONE CARE CELLPHONE ACCESSORIES,sm,sm-center-muntinlupa,SM Center Muntinlupa,metro-manila
nail story,NAIL STORY,sm,sm-city-puerto-princesa,SM City Puerto Princesa,south-luzon
nail spa lounge by ellabell,NAIL SPA LOUNGE BY ELLABELL,robinsons,robinsons-manila,Robinsons Place Manila,metro-manila
on stage school for the arts,ON STAGE SCHOOL FOR THE ARTS,robinsons,robinsons-angeles,Robinsons Angeles,north-luzon
on the go shawarma & pies,ON THE GO SHAWARMA & PIES,robinsons,robinsons-las-pinas,Robinsons Place Las Pinas,metro-manila
phone gallery,The Phone Gallery,waltermart,plaridel,WalterMart Plaridel,north-luzon
phone max,PHONE MAX,sm,sm-city-cauayan,SM City Cauayan,north-luzon
phone partz,PHONE PARTZ,sm,sm-city-fairview,SM City Fairview,metro-manila
pares at tendon,PARES AT TENDON,sm,sm-city-north-edsa,SM City North Edsa,metro-manila
pares at sizzling,Pares at Sizzling,megaworld,eastwood-cyber-mall,Eastwood Cyber Mall,metro-manila
nail corner spa,NAIL CORNER SPA,sm,sm-city-marilao,SM City Marilao,north-luzon
omg milk shake,Omg Milk Shake,filinvest,fora,Fora Mall,south-luzon
phobac vietnamese specialties,Phobac Vietnamese Specialties,megaworld,southwoods-mall,Southwoods Mall,south-luzon
omar umpar,OMAR UMPAR,xentro,montalban-town-center,Montalban Town Center,metro-manila
phobac vietnamese specialist,PHOBAC VIETNAMESE SPECIALIST,ayala,ayala-glorietta,Glorietta,metro-manila
philippine business savings bank,Philippine Business Savings Bank,megaworld,forbes-town,Forbes Town,metro-manila
paris esse parfum,Paris Esse Parfum,filinvest,festival-mall,Festival Mall,metro-manila
pottery barn,Pottery Barn,ortigas,estancia,Estancia,metro-manila
nanay ses pasalubong,NANAY SE'S PASALUBONG,robinsons,robinsons-manila,Robinsons Place Manila,metro-manila
nanay julings batangas cuisine,NANAY JULINGS BATANGAS CUISINE,sm,sm-city-manila,SM City Manila,metro-manila
nanay juliets eatery,NANAY JULIET'S EATERY,ayala,ayala-marquee,MarQuee Mall,north-luzon
philippine national police (pnp),Philippine National Police (pnp),filinvest,main-square,Main Square,south-luzon
omar umpar exhibit,OMAR UMPAR EXHIBIT,xentro,montalban-town-center,Montalban Town Center,metro-manila
nanas frozen delights,NANA’S FROZEN DELIGHTS,xentro,ab-central,Ab Central,metro-manila
nanam iloco,NANAM ILOCO,sm,sm-city-baguio,SM City Baguio,north-luzon
philippine pizza inc,"PHILIPPINE PIZZA, INC.",xentro,ab-central,Ab Central,metro-manila
philippine racing club inc,PHILIPPINE RACING CLUB INC.,ayala,ayala-circuit,Ayala Malls Circuit,metro-manila
omayah,Omayah,robinsons,robinsons-novaliches,Robinsons Novaliches,metro-manila
omberry,Omberry,robinsons,robinsons-magnolia,Robinsons Magnolia,metro-manila
philippine savings bank atm,Philippine Savings Bank ATM,waltermart,antipolo,WalterMart Antipolo,metro-manila
ombre salon,OMBRE SALON,ayala,ayala-solenad,Ayala Malls Nuvali,south-luzon
philips easy key,PHILIPS EASY KEY,ayala,ayala-manila-bay,Ayala Malls Manila Bay,metro-manila
namaste skin care spa massage,NAMASTE SKIN CARE SPA MASSAGE,sm,sm-city-urdaneta-central,SM City Urdaneta Central,north-luzon
namaste,Namaste,robinsons,robinsons-tacloban,Robinsons Place Tacloban,visayas
paris crepes,PARIS CREPES,sm,sm-city-dasmarinas,SM City Dasmariñas,south-luzon
philsys (national id),Philsys (national Id),filinvest,main-square,Main Square,south-luzon
philsys step 2 registration,PHILSYS STEP 2 REGISTRATION,robinsons,galleria-south,Robinsons Galleria South,south-luzon
philux,PHILUX,sm,sm-megamall,SM Megamall,metro-manila
phlippine national bank (pnb),Phlippine National Bank (pnb),filinvest,festival-mall,Festival Mall,metro-manila
pho co,PHO.CO,sm,sm-city-clark,SM City Clark,north-luzon
nakpil eye clinic and vision therapy center,Nakpil Eye Clinic And Vision Therapy Center,filinvest,festival-mall,Festival Mall,metro-manila
naki pica pica corner,NAKI PICA PICA CORNER,sm,sm-city-naga,SM City Naga,south-luzon
omf lit bookshop,OMF LIT BOOKSHOP,sm,sm-city-davao,SM City Davao,mindanao
pho hoa my thai jacks loft,Pho Hoa / My Thai / Jack’s Loft,filinvest,festival-mall,Festival Mall,metro-manila
pacific money exchange,Pacific Money Exchange,robinsons,robinsons-starmills,Robinsons Starmills,north-luzon
0402 coffee,0402 Coffee,robinsons,robinsons-north-tacloban,Robinsons North Tacloban,visayas
pound for pound fitness,POUND FOR POUND FITNESS,robinsons,robinsons-otis,Robinsons Otis,metro-manila
tiny twinkle,Tiny Twinkle,ortigas,greenhills,Greenhills,metro-manila
tnalak home,T'NALAK HOME,ayala,ayala-abreeza,Abreeza,mindanao
tmj print avenue,TMJ PRINT AVENUE,sm,sm-city-fairview,SM City Fairview,metro-manila
tm lewin,TM Lewin,robinsons,robinsons-magnolia,Robinsons Magnolia,metro-manila
tlm yema buko pie,TLM YEMA BUKO PIE,sm,sm-center-pulilan,SM Center Pulilan,north-luzon
tlida,TLIDA,sm,sm-city-cebu,SM City Cebu,visayas
tittos bbq,Tittos BBQ,ortigas,greenhills,Greenhills,metro-manila
titter tatter playhouse,TITTER TATTER PLAYHOUSE,robinsons,robinsons-dumaguete,Robinsons Place Dumaguete,visayas
titas bags and accessories,Tita's Bags and Accessories,araneta,farmers-plaza,Farmers Plaza,metro-manila
titan barbershop,TITAN BARBERSHOP,sm,s-maison,S Maison,metro-manila
tita yummys burger,Tita Yummy's Burger,robinsons,robinsons-dasmarinas,Robinsons Place Dasmarinas,south-luzon
tita beths pancit malabon haus,TITA BETH'S PANCIT MALABON HAUS,ayala,ayala-capitol-central,Ayala Malls Capitol Central,visayas
tips n toes nail salon,TIPS N TOES NAIL SALON,sm,sm-megamall,SM Megamall,metro-manila
tips n toes,TIPS 'N TOES,ayala,ayala-up-town-center,U. P. Town Center,metro-manila
tipness gym,TIPNESS GYM,ayala,ayala-the-district-dasmarinas,The District Dasmarinas,south-luzon
tiny town,TINY TOWN,sm,sm-mall-of-asia,SM Mall of Asia,metro-manila
ton ton thai massage,TON TON THAI MASSAGE,sm,smdc-strip-at-shell,SMDC Strip at Shell,metro-manila
tiny teapot,Tiny Teapot,robinsons,robinsons-lipa,Robinsons Place Lipa,south-luzon
tinkerville,TINKERVILLE 9500207078,robinsons,robinsons-butuan,Robinsons Place Butuan,mindanao
tinker club,Tinker Club,robinsons,robinsons-tacloban,Robinsons Place Tacloban,visayas
tina berin fresh flowers,TINA BERIN FRESH FLOWERS,ayala,ayala-market-market,Market! Market!,metro-manila
timhowan,TimHowan,ortigas,greenhills,Greenhills,metro-manila
timezone carousel,TIMEZONE CAROUSEL,ayala,ayala-trinoma,Trinoma,metro-manila
timeshoppe,TIMESHOPPE,sm,sm-city-fairview,SM City Fairview,metro-manila
timeline watch repair,Timeline Watch Repair 0922-889-0086,robinsons,robinsons-sta-rosa,Robinsons Sta. Rosa,south-luzon
timecheck,Timecheck,robinsons,robinsons-santiago,Robinsons Place Santiago,north-luzon
time trend center,TIME TREND CENTER,sm,sm-megamall,SM Megamall,metro-manila
time network,TIME NETWORK,xentro,xentro-mall-roxas,XentroMall Roxas,north-luzon
time gallery,Time Gallery,ortigas,greenhills,Greenhills,metro-manila
time express watch repair and key duplication services,Time Express Watch Repair and Key Duplication Services,megaworld,southwoods-mall,Southwoods Mall,south-luzon
time concept emporium,TIME CONCEPT EMPORIUM,xentro,xentro-mall-santiago,XentroMall Santiago,north-luzon
tnd bazaar,TND Bazaar,megaworld,festive-walk-mall-iloilo,Festive Walk Mall,visayas
tobys arena,TOBY'S ARENA,ayala,ayala-abreeza,Abreeza,mindanao
tobys estate,TOBY'S ESTATE,sm,sm-aura,SM Aura,metro-manila
tobys estate coffee roaster,TOBY'S ESTATE COFFEE ROASTER,ayala,ayala-serendra,Shops at Serendra,metro-manila
toms world mall train,TOM'S WORLD MALL TRAIN,robinsons,robinsons-ilocos,Robinsons Place Ilocos,north-luzon
toms playground,TOM'S PLAYGROUND,robinsons,robinsons-iligan,Robinsons Place Iligan,mindanao
tomoro coffee,TOMORO COFFEE,sm,sm-city-bicutan,SM City Bicutan,metro-manila
tommy jeans,Tommy Jeans,robinsons,robinsons-manila,Robinsons Place Manila,metro-manila
tommy hilfiger by the watch store,TOMMY HILFIGER BY THE WATCH STORE,sm,sm-city-north-edsa,SM City North Edsa,metro-manila
tomato time,Tomato Time,fishermall,quezonave,Fisher Mall Quezon Avenue,metro-manila
tom sawyers old fashioned krispy chicken,TOM SAWYER'S OLD FASHIONED KRISPY CHICKEN,sm,sm-center-pasig,SM Center Pasig,metro-manila
tom sawyers,Tom Sawyer's,ortigas,estancia,Estancia,metro-manila
tom n toms coffee,Tom N Toms Coffee,megaworld,venice-grand-canal-mall,Venice Grand Canal Mall,metro-manila
tom n toms,TOM N' TOMS,robinsons,robinsons-antipolo,Robinsons Place Antipolo,metro-manila
tollhouse,TOLLHOUSE,ayala,ayala-marquee,MarQuee Mall,north-luzon
tolentino law office,Tolentino Law Office,megaworld,venice-grand-canal-mall,Venice Grand Canal Mall,metro-manila
toledo medical clinic,Toledo Medical Clinic,megaworld,venice-grand-canal-mall,Venice Grand Canal Mall,metro-manila
tokyo store,@TOKYO STORE,robinsons,opus,Opus Mall,metro-manila
tokyo milkcheese factory,Tokyo Milkcheese Factory,ortigas,estancia,Estancia,metro-manila
tokyo milk cheese factory & cow cow ice,TOKYO MILK CHEESE FACTORY & COW COW ICE,ayala,ayala-glorietta,Glorietta,metro-manila
tokyo milk cheese cafe,TOKYO MILK CHEESE CAFE,ayala,ayala-manila-bay,Ayala Malls Manila Bay,metro-manila
tokyo joe japanese fastfood,TOKYO JOE JAPANESE FASTFOOD,sm,sm-seaside-city-cebu,SM Seaside City Cebu,visayas
tokyo glam eyelash & nail salon,TOKYO GLAM EYELASH & NAIL SALON,ayala,ayala-manila-bay,Ayala Malls Manila Bay,metro-manila
tokyo g shock,@ TOKYO / G-SHOCK,robinsons,robinsons-antipolo,Robinsons Place Antipolo,metro-manila
tokyo bubble tea,TOKYO BUBBLE TEA,ayala,ayala-centrio,Centrio Mall,mindanao
tokki tokki,Tokki Tokki,megaworld,festive-walk-parade,Festive Walk Parade,visayas
toho antigua,Toho Antigua,filinvest,festival-mall,Festival Mall,metro-manila
tods,TOD'S,ayala,ayala-greenbelt,Greenbelt,metro-manila
todays photoph,Today's Photoph,megaworld,venice-grand-canal-mall,Venice Grand Canal Mall,metro-manila
todays photographic studio,TODAY'S PHOTOGRAPHIC STUDIO,robinsons,robinsons-metro-east,Robinsons Metro East,metro-manila
toco berry,Toco Berry,ortigas,greenhills,Greenhills,metro-manila
tobys sport friends fries,Toby's Sport FRIENDS FRIES,xentro,xentro-mall-calapan,XentroMall Calapan,south-luzon
tobys sport,Toby's Sport,robinsons,robinsons-iligan,Robinsons Place Iligan,mindanao
time check watch service,Time Check Watch Service,robinsons,robinsons-manila,Robinsons Place Manila,metro-manila
time & gems,Time & Gems,ortigas,greenhills,Greenhills,metro-manila
timcheck watch repair,TIMCHECK WATCH REPAIR,robinsons,robinsons-angeles,Robinsons Angeles,north-luzon
thats d pointe,That's D Pointe,fishermall,quezonave,Fisher Mall Quezon Avenue,metro-manila
tharts yema cake,THARTS YEMA CAKE,sm,sm-center-lemery,SM Center Lemery,south-luzon
thai guy,THE THAI GUY,sm,sm-lanang,SM Lanang,mindanao
thai boran phils inc,THAI BORAN PHILS. INC.,ayala,ayala-abreeza,Abreeza,mindanao
thai bbq original restaurant,THAI BBQ ORIGINAL RESTAURANT,ayala,ayala-vertis,Ayala Malls Vertis North,metro-manila
tff tarsier fried food,TFF TARSIER FRIED FOOD,sm,sm-city-manila,SM City Manila,metro-manila
text terminal,TEXT TERMINAL,sm,sm-city-iloilo,SM City Iloilo,visayas
teviant,TEVIANT,robinsons,robinsons-manila,Robinsons Place Manila,metro-manila
tetsu teppan yaki,TETSU TEPPAN-YAKI,sm,sm-southmall,SM Southmall,metro-manila
test kitchen,TEST KITCHEN,ayala,ayala-bonifacio-high-street,Bonifacio High Street,metro-manila
tessera,TESSERA,robinsons,opus,Opus Mall,metro-manila
tesoros,TESORO'S,ayala,ayala-manila-bay,Ayala Malls Manila Bay,metro-manila
tesla supercharger,TESLA SUPERCHARGER,robinsons,opus,Opus Mall,metro-manila
tesla,Tesla,megaworld,uptown-parade,Uptown Parade,metro-manila
terry selection,TERRY SELECTION,sm,the-podium,The Podium,metro-manila
terrie botique,Terrie Botique,ortigas,greenhills,Greenhills,metro-manila
terrafit,Terrafit,robinsons,robinsons-tacloban,Robinsons Place Tacloban,visayas
terracotta berde plant and garden supplies,Terracotta Berde Plant and Garden Supplies,megaworld,greenhouse-village-square,The Greenhouse at Village Square,metro-manila
teresita razons halo halo and palabok,TERESITA RAZONS HALO HALO AND PALABOK,sm,sm-city-pampanga,SM City Pampanga,north-luzon
teresita razon,Teresita Razon,fishermall,malabon,Fisher Mall Malabon,metro-manila
teresita r razons,TERESITA R. RAZON'S,robinsons,robinsons-antipolo,Robinsons Place Antipolo,metro-manila
terannova,Terannova,robinsons,robinsons-manila,Robinsons Place Manila,metro-manila
teppen,Teppen,megaworld,uptown-parade,Uptown Parade,metro-manila
teppan teppan,Teppan Teppan,filinvest,festival-mall,Festival Mall,metro-manila
teofys special palamig,TEOFYS SPECIAL PALAMIG,sm,sm-center-tuguegarao-downtown,SM Center Tuguegarao Downtown,north-luzon
teofys palamig,Teofy's Palamig,robinsons,robinsons-tuguegarao,Robinsons Place Tuguegarao,north-luzon
teofys,Teofy's,robinsons,robinsons-santiago,Robinsons Place Santiago,north-luzon
teofy palamig,TEOFY PALAMIG,xentro,xentro-mall-santiago,XentroMall Santiago,north-luzon
tenshie repair specialist (8 79 sqm) ca exhibits ( property pro ),Tenshie Repair Specialist (8.79 SQM) CA EXHIBITS ( PROPERTY PRO ),xentro,montalban-town-center,Montalban Town Center,metro-manila
tender juicy frozen delights,TENDER JUICY / FROZEN DELIGHTS,xentro,sta-ana-public-market,Sta Ana Public Market,metro-manila
thates gadget emporium,Thate's Gadget Emporium,robinsons,robinsons-novaliches,Robinsons Novaliches,metro-manila
thcil blind massage,THCIL Blind Massage,robinsons,robinsons-galleria-cebu,Robinsons Galleria Cebu,visayas
timber toys,TIMBER TOYS,araneta,ali-mall,Ali Mall,metro-manila
theo & miguel,THEO & MIGUEL,robinsons,robinsons-antipolo,Robinsons Place Antipolo,metro-manila
tili dhali temporarily closed,TILI DHALI TEMPORARILY CLOSED,robinsons,robinsons-magnolia,Robinsons Magnolia,metro-manila
tile express shop,TILE EXPRESS SHOP,sm,sm-southmall,SM Southmall,metro-manila
tienda street food,Tienda Street Food,robinsons,robinsons-bacolod,Robinsons Place Bacolod,visayas
tidex carwash,TIDEX CARWASH,robinsons,robinsons-las-pinas,Robinsons Place Las Pinas,metro-manila
tickettime travel & tours,Tickettime Travel & Tours,robinsons,robinsons-jaro,Robinsons Place Jaro,visayas
ticketport travel and tours,TICKETPORT TRAVEL AND TOURS,sm,sm-city-taytay,SM City Taytay,metro-manila
ticket royale,Ticket Royale,robinsons,robinsons-fuente,Robinsons Fuente,visayas
ticket,TICKET 1 9171094611,robinsons,robinsons-butuan,Robinsons Place Butuan,mindanao
tic toc doc,TIC TOC DOC,sm,sm-city-baguio,SM City Baguio,north-luzon
tiara,Tiara,robinsons,robinsons-iloilo,Robinsons Place Iloilo,visayas
tianlala,TIANLALA,sm,sm-city-pampanga,SM City Pampanga,north-luzon
tian mansion hotpot,TIAN MANSION HOTPOT,sm,sm-mall-of-asia,SM Mall of Asia,metro-manila
tia titas restaurant,Tia Tita's Restaurant,robinsons,robinsons-tacloban,Robinsons Place Tacloban,visayas
thrillist grill & restaurant,THRILLIST GRILL & RESTAURANT,robinsons,robinsons-lipa,Robinsons Place Lipa,south-luzon
threema,Threema,ortigas,greenhills,Greenhills,metro-manila
three hearts jewelry shoppe,THREE HEARTS JEWELRY SHOPPE,sm,sm-city-cebu,SM City Cebu,visayas
three dots,Three Dots,ortigas,greenhills,Greenhills,metro-manila
thomson road kitchen,THOMSON ROAD KITCHEN,robinsons,robinsons-magnolia,Robinsons Magnolia,metro-manila
thisplay,THISPLAY,sm,moa-square,MOA Square,metro-manila
thirsty juices and shakes,THIRSTY JUICES AND SHAKES,robinsons,robinsons-iligan,Robinsons Place Iligan,mindanao
thirdys boutique,THIRDY'S BOUTIQUE,ayala,ayala-capitol-central,Ayala Malls Capitol Central,visayas
thinne almedas home collezione,THINNE ALMEDAS HOME COLLEZIONE,sm,moa-square,MOA Square,metro-manila
thinkpad,THINKPAD,sm,sm-city-north-edsa,SM City North Edsa,metro-manila
thinking out love flower shop,THINKING OUT LOVE FLOWER SHOP,sm,sm-city-molino,SM City Molino,south-luzon
think pink salon,THINK PINK SALON,ayala,ayala-pavilion,Pavilion Mall,south-luzon
therapy time,Therapy Time,megaworld,venice-grand-canal-mall,Venice Grand Canal Mall,metro-manila
therapeutic masseur blind massage,THERAPEUTIC MASSEUR BLIND MASSAGE,robinsons,robinsons-cagayan-de-oro,Robinsons Cagayan de Oro,mindanao
theranaturals,THERANATURALS,ayala,ayala-metropoint,Metro Point Mall,metro-manila
theos flower shop,THEOS FLOWER SHOP,sm,sm-city-clark,SM City Clark,north-luzon
toms world satelite,TOM'S WORLD SATELITE,robinsons,robinsons-ilocos,Robinsons Place Ilocos,north-luzon
tong se,Tong Se,robinsons,robinsons-otis,Robinsons Otis,metro-manila
tenant,TENANT,xentro,xentro-mall-santiago,XentroMall Santiago,north-luzon
triangle,Triangle,robinsons,robinsons-manila,Robinsons Place Manila,metro-manila
true boss,TRUE BOSS,sm,sm-mall-of-asia,SM Mall of Asia,metro-manila
tru check medical and diagnostic center,TRU-Check Medical and Diagnostic Center,robinsons,robinsons-galleria-ortigas,Robinsons Galleria,metro-manila
tropix ( storm sandals),TROPIX ( STORM SANDALS),xentro,balagtas-town-center,Balagtas Town Center,north-luzon
tropics salad delights,TROPICS SALAD DELIGHTS,sm,sm-city-clark,SM City Clark,north-luzon
tropical hut,Tropical Hut,ortigas,greenhills,Greenhills,metro-manila
trish and trin,Trish and Trin,robinsons,robinsons-imus,Robinsons Place Imus,south-luzon
triple m,TRIPLE M,xentro,balagtas-town-center,Balagtas Town Center,north-luzon
triple fajitas,Triple Fajitas,robinsons,robinsons-roxas,Robinsons Place Roxas,visayas
triple b cellphone turks shawarma,TRIPLE B CELLPHONE TURKS SHAWARMA,xentro,xentro-mall-lemery,XentroMall Lemery,south-luzon
triple b cellphone and accessories mitsubishi,TRIPLE B CELLPHONE AND ACCESSORIES MITSUBISHI,xentro,xentro-mall-calapan,XentroMall Calapan,south-luzon
trip hub travel services,TRIP HUB TRAVEL SERVICES,sm,smdc-mplace-mall,SMDC Mplace Mall,metro-manila
tricels ensaymada,TRICEL'S ENSAYMADA,ayala,ayala-abreeza,Abreeza,mindanao
triboa bay living,TRIBOA BAY LIVING,sm,sm-megamall,SM Megamall,metro-manila
tribal cuts,TRIBAL CUTS,robinsons,robinsons-manila,Robinsons Place Manila,metro-manila
tri c pawnshop,TRI-C PAWNSHOP,robinsons,robinsons-cagayan-de-oro,Robinsons Cagayan de Oro,mindanao
tong yang grill shabu shabu,TONG YANG GRILL SHABU-SHABU,sm,sm-city-caloocan,SM City Caloocan,metro-manila
tri c jewelry,Tri-C Jewelry,robinsons,robinsons-cagayan-de-oro,Robinsons Cagayan de Oro,mindanao
tresor rare,TRESOR RARE,robinsons,robinsons-iligan,Robinsons Place Iligan,mindanao
treskuleros records trading,TRESKULEROS RECORDS TRADING,araneta,ali-mall,Ali Mall,metro-manila
tres filipino twist,TRES FILIPINO TWIST,robinsons,opus,Opus Mall,metro-manila
tres,TRES,sm,sm-city-north-edsa,SM City North Edsa,metro-manila
trendz salon junairah,TRENDZ SALON JUNAIRAH,xentro,xentro-mall-lemery,XentroMall Lemery,south-luzon
trendz,Trendz,robinsons,robinsons-lipa,Robinsons Place Lipa,south-luzon
trendy merch novelty shop,TRENDY MERCH NOVELTY SHOP,sm,sm-city-puerto-princesa,SM City Puerto Princesa,south-luzon
trend tech cctv trading,Trend Tech CCTV Trading,robinsons,robinsons-ormoc,Robinsons Place Ormoc,visayas
tree shade spa,TREE SHADE SPA,ayala,ayala-malls-central-bloc,Ayala Malls Central Bloc,visayas
treasure trove,TREASURE TROVE,xentro,xentro-mall-tumauini,XentroMall Tumauini,north-luzon
treasure box,TREASURE BOX,sm,sm-city-fairview,SM City Fairview,metro-manila
traxx 1 ( 6 40 sqm) ca exhibits ( property pro ),Traxx 1 ( 6.40 SQM) CA EXHIBITS ( PROPERTY PRO ),xentro,montalban-town-center,Montalban Town Center,metro-manila
travelista tours and services,TRAVELISTA TOURS AND SERVICES,sm,sm-city-novaliches,SM City Novaliches,metro-manila
true lemon,True Lemon,megaworld,lucky-chinatown-prosperity-wing,Lucky Chinatown - Prosperity Wing,metro-manila
true north empanada,TRUE NORTH EMPANADA,sm,sm-city-north-edsa,SM City North Edsa,metro-manila
trust trade,TRUST TRADE,robinsons,robinsons-galleria-ortigas,Robinsons Galleria,metro-manila
tsboost beauty salon,TSBOOST BEAUTY SALON,robinsons,robinsons-starmills,Robinsons Starmills,north-luzon
twelve plus,TWELVE PLUS,robinsons,robinsons-naga,Robinsons Place Naga,south-luzon
twelve 28th cafe,The Twelve 28th Café,ortigas,the-strip,The Strip,metro-manila
tw steel,TW STEEL,ayala,ayala-manila-bay,Ayala Malls Manila Bay,metro-manila
tutti,TUTTI,sm,sm-center-ormoc,SM Center Ormoc,visayas
tutanes dental,Tutanes Dental,robinsons,robinsons-galleria-ortigas,Robinsons Galleria,metro-manila
turn on,Turn On,robinsons,robinsons-dasmarinas,Robinsons Place Dasmarinas,south-luzon
turks sharwarma,TURKS SHARWARMA,robinsons,robinsons-iligan,Robinsons Place Iligan,mindanao
turkish grille plus,TURKISH GRILLE PLUS,sm,sm-city-mindpro,SM City Mindpro,mindanao
tunes corner,TUNE'S CORNER,robinsons,robinsons-pagadian,Robinsons Pagadian,mindanao
tuna republik,TUNA REPUBLIK,sm,sm-cdo-downtown,SM CDO Downtown Premier,mindanao
tuna express by holy halo,Tuna Express by Holy Halo,robinsons,robinsons-iligan,Robinsons Place Iligan,mindanao
tuna by chonas,TUNA BY CHONAS,sm,sm-city-general-santos,SM City General Santos,mindanao
tulua cafe,TULUA CAFÉ,sm,smdc-air-mall,SMDC Air Mall,metro-manila
tulip garden showroom,Tulip Garden Showroom,megaworld,southwoods-mall,Southwoods Mall,south-luzon
tuguegarao co events space,TUGUEGARAO CO-EVENTS SPACE,robinsons,robinsons-tuguegarao,Robinsons Place Tuguegarao,north-luzon
tudor lucerne,TUDOR-LUCERNE,ayala,ayala-glorietta,Glorietta,metro-manila
tuburan cafe,TUBURAN CAFE,sm,sm-city-consolacion,SM City Consolacion,visayas
tubong banua jewelry services,Tubong Banua Jewelry Services,waltermart,subic,WalterMart Subic,north-luzon
tubo cane juice,Tubo Cane Juice,filinvest,festival-mall,Festival Mall,metro-manila
tuan tuan chinese brasserie,TUAN TUAN CHINESE BRASSERIE,ayala,ayala-up-town-center,U. P. Town Center,metro-manila
ttom travel services,TTOM TRAVEL SERVICES,robinsons,robinsons-dumaguete,Robinsons Place Dumaguete,visayas
tteokis party needs,TTEOKI'S PARTY NEEDS,robinsons,robinsons-palawan,Robinsons Place Palawan,south-luzon
tsuru,TSURU,ayala,ayala-abreeza,Abreeza,mindanao
tsukemen,TSUKEMEN,robinsons,opus,Opus Mall,metro-manila
tsuke men,TSUKE-MEN,sm,sm-mall-of-asia,SM Mall of Asia,metro-manila
tsukada nojo,TSUKADA NOJO,sm,s-maison,S Maison,metro-manila
tsim sha tsui dimsum tea bar,TSIM SHA TSUI DIMSUM TEA BAR,sm,sm-city-cebu,SM City Cebu,visayas
tsim sha tsui dimsum & tea,TSIM SHA TSUI DIMSUM & TEA,ayala,ayala-center-cebu,Ayala Center Cebu,visayas
tsim sha tsu,Tsim Sha Tsu,robinsons,robinsons-magnolia,Robinsons Magnolia,metro-manila
travelgeeks co,TRAVELGEEKS CO,sm,smdc-breeze-mall,SMDC Breeze Mall,metro-manila
travelesque tours,TRAVELESQUE TOURS,sm,sm-city-cauayan,SM City Cauayan,north-luzon
travelease,TRAVELEASE,sm,sm-city-marilao,SM City Marilao,north-luzon
tops sizzling,TOPS SIZZLING,sm,sm-city-trece-martires,SM City Trece Martires,south-luzon
topokkiman,TOPOKKIMAN,sm,sm-city-consolacion,SM City Consolacion,visayas
topokis,TOPOKIS,sm,sm-city-rosario,SM City Rosario,south-luzon
topnet enterprise,TOPNET ENTERPRISE,sm,sm-megamall,SM Megamall,metro-manila
tophealth medical clinics part of keralty clinics,TOPHEALTH MEDICAL CLINICS PART OF KERALTY CLINICS,sm,sm-city-san-lazaro,SM City San Lazaro,metro-manila
top ten nails,Top Ten Nails,robinsons,robinsons-pangasinan,Robinsons Place Pangasinan,north-luzon
top nails,Top Nails,megaworld,southwoods-mall,Southwoods Mall,south-luzon
top n dog,TOP N DOG,sm,sm-city-cebu,SM City Cebu,visayas
top breed,TOP BREED,ayala,ayala-capitol-central,Ayala Malls Capitol Central,visayas
top brands jag tribal lee us polo assn,TOP BRANDS JAG TRIBAL LEE US POLO ASSN,sm,sm-center-lemery,SM Center Lemery,south-luzon
top brands,Top Brands,fishermall,quezonave,Fisher Mall Quezon Avenue,metro-manila
top & bottom,TOP & BOTTOM,ayala,ayala-market-market,Market! Market!,metro-manila
toothville,TOOTHVILLE,robinsons,robinsons-lipa,Robinsons Place Lipa,south-luzon
toothfix,Toothfix,robinsons,robinsons-malabon,Robinsons Town Mall Malabon,metro-manila
tooth spa dental clinic,Tooth Spa Dental Clinic,robinsons,robinsons-north-tacloban,Robinsons North Tacloban,visayas
tooth saver avenue dental clinic co,Tooth Saver Avenue Dental Clinic Co.,robinsons,galleria-south,Robinsons Galleria South,south-luzon
tooth fairies dental clinic (032) 511 4518,Tooth Fairies Dental Clinic (032)511-4518,robinsons,robinsons-cybergate-cebu,Robinsons Cybergate Cebu,visayas
tooth doctor,THE TOOTH DOCTOR,robinsons,robinsons-galleria-ortigas,Robinsons Galleria,metro-manila
tools trading,Tool's Trading,robinsons,robinsons-cagayan-de-oro,Robinsons Cagayan de Oro,mindanao
tool box,Tool Box,robinsons,robinsons-gentrias,Robinsons Place Gen. Trias,south-luzon
toocki,TOOCKI,sm,sm-city-north-edsa,SM City North Edsa,metro-manila
toob oh treats,TOOB OH TREATS,robinsons,robinsons-naga,Robinsons Place Naga,south-luzon
tony & jackey beauty salon,Tony & Jackey Beauty Salon,filinvest,festival-mall,Festival Mall,metro-manila
tonton tei takoyaki,Tonton Tei Takoyaki,robinsons,robinsons-dasmarinas,Robinsons Place Dasmarinas,south-luzon
tonkatsu aoki,Tonkatsu Aoki,megaworld,lucky-chinatown-imperial-wing,Lucky Chinatown - Imperial Wing,metro-manila
toni guy,TONI GUY,sm,sm-aura,SM Aura,metro-manila
toni and guy,TONI AND GUY,ayala,ayala-trinoma,Trinoma,metro-manila
toni & sergio,Toni & Sergio,megaworld,venice-grand-canal-mall,Venice Grand Canal Mall,metro-manila
tongara ramen,Tongara Ramen,ortigas,estancia,Estancia,metro-manila
tong yang shabu shabu express,TONG YANG SHABU SHABU EXPRESS,sm,sm-center-pasig,SM Center Pasig,metro-manila
toppoki man,TOPPOKI MAN,ayala,ayala-malls-central-bloc,Ayala Malls Central Bloc,visayas
torimomo,Torimomo,robinsons,robinsons-manila,Robinsons Place Manila,metro-manila
travel time,Travel Time,filinvest,festival-mall,Festival Mall,metro-manila
toris buco corner,TORIS BUCO CORNER,sm,sm-city-butuan,SM City Butuan,mindanao
travel scoot,Travel Scoot,ortigas,greenhills,Greenhills,metro-manila
travel port travel and tours,TRAVEL PORT TRAVEL AND TOURS,ayala,ayala-feliz,Ayala Malls Feliz,metro-manila
travel lounge,TRAVEL LOUNGE,robinsons,robinsons-bacolod,Robinsons Place Bacolod,visayas
travel club & delsey,The Travel Club & Delsey,megaworld,eastwood-mall,Eastwood Mall,metro-manila
trattoria altrove,TRATTORIA ALTROVE,sm,sm-city-laoag,SM City Laoag,north-luzon
transview,TRANSVIEW,sm,the-podium,The Podium,metro-manila
tranis resto bar,TRANIS RESTO BAR,sm,sm-cherry-antipolo,SM Center Antipolo Downtown,metro-manila
trajet travel agency,TRAJET TRAVEL AGENCY,robinsons,robinsons-antipolo,Robinsons Place Antipolo,metro-manila
trail sign outdoor shop,TRAIL SIGN OUTDOOR SHOP,sm,sm-center-ormoc,SM Center Ormoc,visayas
traffic,Traffic,ortigas,greenhills,Greenhills,metro-manila
tracy elaine silver,TRACY ELAINE Silver,waltermart,antipolo,WalterMart Antipolo,metro-manila
toytown,TOYTOWN,ayala,ayala-glorietta,Glorietta,metro-manila
toys r us toy box,TOYS R US TOY BOX,robinsons,robinsons-starmills,Robinsons Starmills,north-luzon
toy town,Toy Town,filinvest,festival-mall,Festival Mall,metro-manila
toy nuts,Toy Nuts,ortigas,greenhills,Greenhills,metro-manila
town orchids design & concepts,TOWN ORCHIDS DESIGN & CONCEPTS,ayala,ayala-market-market,Market! Market!,metro-manila
towel republic,Towel Republic,robinsons,robinsons-tacloban,Robinsons Place Tacloban,visayas
tough unscratched,TOUGH UNSCRATCHED,sm,sm-city-north-edsa,SM City North Edsa,metro-manila
touch with faith,Touch with Faith,robinsons,robinsons-malolos,Robinsons Place Malolos,north-luzon
touch of thai,TOUCH OF THAI,robinsons,robinsons-iligan,Robinsons Place Iligan,mindanao
touch of art photo printing,TOUCH OF ART PHOTO PRINTING,sm,sm-city-iloilo,SM City Iloilo,visayas
totu,TOTU,sm,sm-city-cebu,SM City Cebu,visayas
totongs delicacies,TOTONG’S DELICACIES,ayala,ayala-capitol-central,Ayala Malls Capitol Central,visayas
totobits streat food stall,TOTOBITS STREAT FOOD STALL,sm,sm-city-clark,SM City Clark,north-luzon
toto kaloys bibingka,Toto Kaloy's Bibingka,robinsons,robinsons-iloilo,Robinsons Place Iloilo,visayas
tosh,TOSH,robinsons,robinsons-antipolo,Robinsons Place Antipolo,metro-manila
toryanos chicken haus,TORYANOS CHICKEN HAUS,sm,sm-lanang,SM Lanang,mindanao
tory burch,TORY BURCH,ayala,ayala-greenbelt,Greenbelt,metro-manila
tortosa organic farm,TORTOSA ORGANIC FARM,ayala,ayala-capitol-central,Ayala Malls Capitol Central,visayas
tender beef shop,TENDER BEEF SHOP,robinsons,opus,Opus Mall,metro-manila
ten yen king,Ten Yen King,megaworld,lucky-chinatown-mall,Lucky Chinatown Mall,metro-manila
power gadgets,POWER GADGETS,sm,sm-megamall,SM Megamall,metro-manila
suki gyouza,SUKI-GYOUZA,ayala,ayala-cloverleaf,Ayala Malls Cloverleaf,metro-manila
sunnies specs sunnies studios,SUNNIES SPECS SUNNIES STUDIOS,sm,sm-city-baguio,SM City Baguio,north-luzon
sunnies coffee,SUNNIES COFFEE (9178293590),robinsons,robinsons-magnolia,Robinsons Magnolia,metro-manila
sunnies,Sunnies,robinsons,robinsons-valencia,Robinsons Place Valencia,mindanao
sunkissed cafe,SUNKISSED CAFE,robinsons,robinsons-metro-east,Robinsons Metro East,metro-manila
suniway group of companies inc,SUNIWAY GROUP OF COMPANIES INC,sm,sm-aura,SM Aura,metro-manila
sunika manila,Sunika Manila,filinvest,festival-mall,Festival Mall,metro-manila
sunburst,Sunburst,robinsons,robinsons-galleria-cebu,Robinsons Galleria Cebu,visayas
sun money changer,Sun Money Changer,robinsons,robinsons-manila,Robinsons Place Manila,metro-manila
sun life of canada,SUN LIFE OF CANADA,ayala,ayala-solenad,Ayala Malls Nuvali,south-luzon
sumo niku unlimited japanese barbecue,SUMO NIKU UNLIMITED JAPANESE BARBECUE,sm,sm-city-baliwag,SM City Baliwag,north-luzon
summit world,SUMMIT WORLD,sm,sm-city-mindpro,SM City Mindpro,mindanao
summer house,Summer House,megaworld,festive-walk-mall-iloilo,Festive Walk Mall,visayas
suman latik & native delicacies,SUMAN LATIK & NATIVE DELICACIES,ayala,ayala-market-market,Market! Market!,metro-manila
suki ya,SUKI-YA,ayala,ayala-manila-bay,Ayala Malls Manila Bay,metro-manila
suki,Suki,ortigas,greenhills,Greenhills,metro-manila
sweet ecstacy,Sweet Ecstacy,ortigas,greenhills,Greenhills,metro-manila
suisse cakery,SUISSE CAKERY,robinsons,robinsons-iloilo,Robinsons Place Iloilo,visayas
suhailas cellphone accessories,Suhaila's Cellphone Accessories,robinsons,robinsons-jaro,Robinsons Place Jaro,visayas
sugbahan food corner,SUGBAHAN FOOD CORNER,ayala,ayala-malls-central-bloc,Ayala Malls Central Bloc,visayas
sugarcane beyond,SUGARCANE BEYOND,sm,sm-city-baguio,SM City Baguio,north-luzon
sugar munch,SUGAR MUNCH,ayala,ayala-abreeza,Abreeza,mindanao
sugar daddy,SUGAR DADDY,sm,sm-city-pampanga,SM City Pampanga,north-luzon
suds go hydro core water filling station,SUDS GO HYDRO CORE WATER FILLING STATION,sm,smdc-sun-mall,SMDC Sun Mall,metro-manila
sucheri,Sucheri,ortigas,greenhills,Greenhills,metro-manila
suarez sons metal artsjewelry,SUAREZ SONS METAL ARTSJEWELRY,sm,sm-city-mindpro,SM City Mindpro,mindanao
suarez bros,SUAREZ BROS,sm,sm-city-cebu,SM City Cebu,visayas
styles n smiles salon,Styles N Smiles Salon,robinsons,robinsons-iloilo,Robinsons Place Iloilo,visayas
styles asia home,Styles Asia Home,ortigas,estancia,Estancia,metro-manila
style n comfort,STYLE N' COMFORT,araneta,farmers-plaza,Farmers Plaza,metro-manila
style hunter boutique,STYLE HUNTER BOUTIQUE,ayala,ayala-market-market,Market! Market!,metro-manila
sunrise bloom plants & flowers,SUNRISE BLOOM PLANTS & FLOWERS,ayala,ayala-market-market,Market! Market!,metro-manila
sunset dry goods,Sunset Dry Goods,megaworld,forbes-town,Forbes Town,metro-manila
sunstar jewelry,Sunstar Jewelry,ortigas,greenhills,Greenhills,metro-manila
super buko,Super Buko,robinsons,robinsons-gen-san,Robinsons Place GenSan,mindanao
sweet corner,SWEET CORNER,sm,sm-city-davao,SM City Davao,mindanao
sweet cloth,THE SWEET CLOTH,sm,sm-city-manila,SM City Manila,metro-manila
sweet buds,SWEET BUDS,sm,sm-city-consolacion,SM City Consolacion,visayas
sweet blossoms,SWEET BLOSSOMS,sm,sm-city-baguio,SM City Baguio,north-luzon
svy domingo,Svy Domingo,ortigas,greenhills,Greenhills,metro-manila
susies cuisine,SUSIES CUISINE,sm,sm-city-clark,SM City Clark,north-luzon
sushi station,SUSHI STATION,sm,sm-jmall,SM J Mall,visayas
sushi sor,SUSHI SOR,sm,sm-city-sorsogon,SM City Sorsogon,south-luzon
sushi bar by jiro,SUSHI BAR BY JIRO,sm,sm-city-clark,SM City Clark,north-luzon
sushi bake,SUSHI BAKE,robinsons,robinsons-santiago,Robinsons Place Santiago,north-luzon
susans flower,SUSAN'S FLOWER,xentro,tanay-town-center,Tanay Town Center,south-luzon
susans canteen,SUSAN'S CANTEEN,xentro,morong-centerpoint,Morong Centerpoint,metro-manila
susan milan,SUSAN MILAN,ayala,ayala-market-market,Market! Market!,metro-manila
susan canteen norhaimen telecom shop,SUSAN CANTEEN NORHAIMEN TELECOM SHOP,xentro,tanay-town-center,Tanay Town Center,south-luzon
surge fitness lifestyle,Surge Fitness + Lifestyle,filinvest,festival-mall,Festival Mall,metro-manila
surge fitness gym,SURGE FITNESS GYM,sm,smdc-mplace-mall,SMDC Mplace Mall,metro-manila
surefix gadget repair center,Surefix Gadget Repair Center,waltermart,antipolo,WalterMart Antipolo,metro-manila
surefix,Surefix,robinsons,robinsons-antipolo,Robinsons Place Antipolo,metro-manila
sure vision optical,SURE VISION OPTICAL,waltermart,taytay,WalterMart Taytay,metro-manila
sure vision,Sure Vision,robinsons,robinsons-imus,Robinsons Place Imus,south-luzon
supreme tactical shop,SUPREME TACTICAL SHOP,sm,sm-lanang,SM Lanang,mindanao
supreme hotdogs,SUPREME HOTDOGS,sm,sm-city-north-edsa,SM City North Edsa,metro-manila
superwasher,SUPERWASHER,sm,smdc-grace-mall,SMDC Grace Mall,metro-manila
superlicious bakeshop,SUPERLICIOUS BAKESHOP,sm,sm-city-legazpi,SM City Legazpi,south-luzon
superb shanghai siomai,SUPERB SHANGHAI SIOMAI,xentro,ab-central,Ab Central,metro-manila
super value inc,SUPER VALUE INC.,xentro,ab-central,Ab Central,metro-manila
super uncle claypot,Super Uncle Claypot,ortigas,greenhills,Greenhills,metro-manila
super pollo,SUPER POLLO,sm,sm-southmall,SM Southmall,metro-manila
super metro,Super Metro,filinvest,fora,Fora Mall,south-luzon
stuff toys,STUFF TOYS,xentro,balagtas-town-center,Balagtas Town Center,north-luzon
study room,Study Room,filinvest,festival-mall,Festival Mall,metro-manila
study of enderun,Study of Enderun,ortigas,estancia,Estancia,metro-manila
step up,STEP UP,xentro,mall-of-the-valley,Mall Of The Valley,north-luzon
stemz healthcare philippines private inc,STEMZ HEALTHCARE PHILIPPINES PRIVATE INC,sm,nu-mall-of-asia-building,NU MALL OF ASIA BUILDING,metro-manila
stellamari spa,STELLAMARI SPA,robinsons,robinsons-palawan,Robinsons Place Palawan,south-luzon
steelcad,STEELCAD,robinsons,robinsons-metro-east,Robinsons Metro East,metro-manila
steamworks,STEAMWORKS,robinsons,robinsons-pagadian,Robinsons Pagadian,mindanao
steak & sushi,STEAK & SUSHI,ayala,ayala-marquee,MarQuee Mall,north-luzon
steak & gravy,STEAK & GRAVY,sm,sm-center-pasig,SM Center Pasig,metro-manila
status hair salon,Status Hair Salon,robinsons,robinsons-galleria-ortigas,Robinsons Galleria,metro-manila
statesman barbershop,Statesman Barbershop,robinsons,robinsons-dasmarinas,Robinsons Place Dasmarinas,south-luzon
statement theory,STATEMENT THEORY,sm,s-maison,S Maison,metro-manila
starrbites,STARRBITES,robinsons,robinsons-antipolo,Robinsons Place Antipolo,metro-manila
starphone,STARPHONE,sm,sm-city-iloilo,SM City Iloilo,visayas
starmall cinemas,STARMALL CINEMAS,starmall,alabang,Starmall Alabang,metro-manila
starkey locksmith & watch repair,STARKEY LOCKSMITH & WATCH REPAIR,ayala,ayala-feliz,Ayala Malls Feliz,metro-manila
starfrappe,Starfrappe,robinsons,robinsons-gentrias,Robinsons Place Gen. Trias,south-luzon
stardust fine jewelry,Stardust Fine Jewelry,ortigas,greenhills,Greenhills,metro-manila
starcon fitness gym,Starcon Fitness Gym,megaworld,california-garden-square,California Garden Square,metro-manila
starbucks 032 8896 2755,STARBUCKS 032.8896.2755,robinsons,robinsons-cybergate-cebu,Robinsons Cybergate Cebu,visayas
starbucks (midtown),STARBUCKS (MIDTOWN),robinsons,robinsons-manila,Robinsons Place Manila,metro-manila
star telecom,STAR TELECOM,xentro,mall-of-the-valley,Mall Of The Valley,north-luzon
star sports,Star Sports,filinvest,festival-mall,Festival Mall,metro-manila
star mobile,STAR MOBILE,sm,sm-city-dasmarinas,SM City Dasmariñas,south-luzon
star jury toys ca exhibits ( property pro ),STAR JURY TOYS CA EXHIBITS ( PROPERTY PRO ),xentro,montalban-town-center,Montalban Town Center,metro-manila
star frappe green bowl,"STAR FRAPPE , GREEN BOWL",xentro,xentro-mall-cabagan,XentroMall Cabagan,north-luzon
star finder optical shop,Star Finder Optical Shop 0949-430-5969,robinsons,robinsons-sta-rosa,Robinsons Sta. Rosa,south-luzon
star finder optical,STAR-FINDER OPTICAL,sm,sm-southmall,SM Southmall,metro-manila
stampede,STAMPEDE,araneta,farmers-plaza,Farmers Plaza,metro-manila
stamp studio,STAMP STUDIO,sm,sm-city-fairview,SM City Fairview,metro-manila
stamp shop fashion boutique,STAMP SHOP FASHION BOUTIQUE,ayala,ayala-market-market,Market! Market!,metro-manila
stamp attack,STAMP ATTACK,sm,sm-megamall,SM Megamall,metro-manila
step by step,Step by Step,ortigas,estancia,Estancia,metro-manila
step up boutique,STEP-UP BOUTIQUE,ayala,ayala-legazpi,Ayala Malls Legazpi,south-luzon
study enderun tutorial and language center,THE STUDY ENDERUN TUTORIAL AND LANGUAGE CENTER,sm,the-podium,The Podium,metro-manila
step up globe,STEP UP / GLOBE,xentro,xentro-mall-cabagan,XentroMall Cabagan,north-luzon
study,The Study,megaworld,venice-grand-canal-mall,Venice Grand Canal Mall,metro-manila
studio m salon and spa,STUDIO M SALON AND SPA,ayala,ayala-marquee,MarQuee Mall,north-luzon
studio fix,STUDIO FIX,ayala,ayala-greenbelt,Greenbelt,metro-manila
studio ceremonie,STUDIO CEREMONIE,sm,the-podium,The Podium,metro-manila
studio 28,Studio 28,megaworld,uptown-parade,Uptown Parade,metro-manila
stud & sassy,Stud & Sassy,megaworld,eastwood-city-walk,Eastwood City Walk,metro-manila
stroop & zo,Stroop & Zo,robinsons,robinsons-galleria-ortigas,Robinsons Galleria,metro-manila
strip,STRIP,ayala,ayala-serendra,Shops at Serendra,metro-manila
stretch center salon,STRETCH CENTER SALON,sm,sm-city-iloilo,SM City Iloilo,visayas
streetyard,STREETYARD,sm,sm-city-consolacion,SM City Consolacion,visayas
street pro,STREET PRO,robinsons,robinsons-naga,Robinsons Place Naga,south-luzon
streat balls,STREAT BALLS,robinsons,robinsons-las-pinas,Robinsons Place Las Pinas,metro-manila
strap shop delscollection,STRAP SHOP / DELSCOLLECTION,araneta,ali-mall,Ali Mall,metro-manila
strands salon,Strands Salon,megaworld,newport-city,Newport City,metro-manila
straightfroward,Straightfroward,robinsons,robinsons-tacloban,Robinsons Place Tacloban,visayas
straight naturelle,STRAIGHT NATURELLE,sm,sm-city-san-pablo,SM City San Pablo,south-luzon
straight forward,STRAIGHT FORWARD,robinsons,robinsons-antipolo,Robinsons Place Antipolo,metro-manila
store 2823,STORE 2823,sm,sm-center-angono,SM Center Angono,metro-manila
stop and style,Stop and Style,robinsons,robinsons-starmills,Robinsons Starmills,north-luzon
stop & shack house minigem exhibit (28),STOP & SHACK HOUSE MINIGEM EXHIBIT (28),xentro,montalban-town-center,Montalban Town Center,metro-manila
stockwell cafe lounge,STOCKWELL CAFE LOUNGE,sm,sm-city-fairview,SM City Fairview,metro-manila
stockroom,THE STOCKROOM,ayala,ayala-up-town-center,U. P. Town Center,metro-manila
stitches and charm boutique cocais food stall,STITCHES AND CHARM BOUTIQUE COCAI’S FOOD STALL,xentro,tanay-town-center,Tanay Town Center,south-luzon
stitches and charm,STITCHES AND CHARM,xentro,ab-central,Ab Central,metro-manila
stitch and sole,Stitch and Sole,megaworld,eastwood-cyber-mall,Eastwood Cyber Mall,metro-manila
sticks & strings,Sticks & Strings,robinsons,robinsons-naga,Robinsons Place Naga,south-luzon
stick on me,STICK ON ME,sm,sm-city-cebu,SM City Cebu,visayas
steveston pizza,STEVESTON PIZZA,sm,sm-center-pasig,SM Center Pasig,metro-manila
stephen o bullo,Stephen O. Bullo 0919-228-1010,robinsons,robinsons-cybergate-cebu,Robinsons Cybergate Cebu,visayas
sweet dentist,THE SWEET DENTIST,robinsons,robinsons-galleria-ortigas,Robinsons Galleria,metro-manila
sweet ecstasy,SWEET ECSTASY,sm,nu-mall-of-asia-building,NU MALL OF ASIA BUILDING,metro-manila
tempura spot,TEMPURA SPOT,robinsons,robinsons-novaliches,Robinsons Novaliches,metro-manila
taylors play cafe,Taylor’s Play Café,ortigas,the-strip,The Strip,metro-manila
tech republic,TECH REPUBLIC,sm,sm-city-fairview,SM City Fairview,metro-manila
tech mobile,Tech Mobile,robinsons,robinsons-tacloban,Robinsons Place Tacloban,visayas
tech maven,TECH MAVEN,sm,sm-city-fairview,SM City Fairview,metro-manila
tech know,TECH KNOW,robinsons,robinsons-palawan,Robinsons Place Palawan,south-luzon
tech hub,Tech Hub,filinvest,festival-mall,Festival Mall,metro-manila
tebanz batchoy and tapsilogan,Tebanz Batchoy And Tapsilogan,megaworld,festive-walk-parade,Festive Walk Parade,visayas
tease blow hair and face beauty lounge,TEASE BLOW HAIR AND FACE BEAUTY LOUNGE,sm,sm-city-tuguegarao,SM City Tuguegarao,north-luzon
teas and toast,Teas and Toast,megaworld,forbes-town,Forbes Town,metro-manila
team barista cafe,TEAM BARISTA CAFÉ,sm,sm-city-fairview,SM City Fairview,metro-manila
tea house kitchen by chona,TEA HOUSE KITCHEN BY CHONA,sm,sm-city-baguio,SM City Baguio,north-luzon
tea 101,TEA 101,sm,sm-mall-of-asia,SM Mall of Asia,metro-manila
te quiero davao,TE QUIERO DAVAO,sm,sm-city-davao,SM City Davao,mindanao
tca digital square,TCA DIGITAL SQUARE,sm,sm-city-lipa,SM City Lipa,south-luzon
tc travel and tours,TC Travel and Tours,megaworld,southwoods-mall,Southwoods Mall,south-luzon
taylor living,TAYLOR LIVING,robinsons,opus,Opus Mall,metro-manila
sweet escakes,SWEET ESCAKES,sm,sm-city-baliwag,SM City Baliwag,north-luzon
tavolata,TAVOLATA,ayala,ayala-center-cebu,Ayala Center Cebu,visayas
taters kiosk,Tater's Kiosk,robinsons,robinsons-tacloban,Robinsons Place Tacloban,visayas
tatays inato,Tatay's Inato,robinsons,robinsons-butuan,Robinsons Place Butuan,mindanao
tasty habit,Tasty Habit,ortigas,estancia,Estancia,metro-manila
taste & tell,Taste & Tell,ortigas,greenhills,Greenhills,metro-manila
tasa barbershop,Tasa Barbershop,ortigas,greenhills,Greenhills,metro-manila
tartufo ristorante,TARTUFO RISTORANTE,ayala,ayala-greenbelt,Greenbelt,metro-manila
tarsier fried food,Tarsier Fried Food,ortigas,greenhills,Greenhills,metro-manila
tarlac electric inc,TARLAC ELECTRIC INC,sm,sm-city-tarlac,SM City Tarlac,north-luzon
taqueria chupacabra,TAQUERIA CHUPACABRA,sm,sm-city-clark,SM City Clark,north-luzon
tapsihan sa mtc avenue,TAPSIHAN SA MTC AVENUE,xentro,montalban-town-center,Montalban Town Center,metro-manila
tapsihan,TAPSIHAN,xentro,morong-centerpoint,Morong Centerpoint,metro-manila
tappil flowers,TAPPIL FLOWERS,sm,sm-city-mindpro,SM City Mindpro,mindanao
tapang realty,Tapang Realty,robinsons,robinsons-angeles,Robinsons Angeles,north-luzon
tech stnergy,TECH STNERGY,robinsons,robinsons-butuan,Robinsons Place Butuan,mindanao
tech21,TECH21,sm,sm-city-cabanatuan,SM City Cabanatuan,north-luzon
techie mobile zone,Techie Mobile Zone,robinsons,robinsons-iligan,Robinsons Place Iligan,mindanao
techmate,Techmate,ortigas,greenhills,Greenhills,metro-manila
tempura go,TEMPURA GO,sm,sm-city-north-edsa,SM City North Edsa,metro-manila
templora dermatologica,TEMPLORA DERMATOLOGICA,fishermall,malabon,Fisher Mall Malabon,metro-manila
temple garden spa,TEMPLE GARDEN SPA,sm,the-podium,The Podium,metro-manila
telus international philippines,TELUS INTERNATIONAL PHILIPPINES,ayala,ayala-market-market,Market! Market!,metro-manila
telus,Telus,megaworld,mckinley-west,McKinley West,metro-manila
teletek point,TELETEK POINT,sm,sm-marketmall-dasmarinas,SM Marketmall Dasmarinas,south-luzon
telesin,TELESIN,sm,sm-city-north-edsa,SM City North Edsa,metro-manila
telego,TELEGO,sm,sm-lanang,SM Lanang,mindanao
telecom world,Telecom World,robinsons,robinsons-manila,Robinsons Place Manila,metro-manila
telco hub,TELCO HUB,ayala,ayala-market-market,Market! Market!,metro-manila
teito fries,Teito Fries,robinsons,robinsons-malabon,Robinsons Town Mall Malabon,metro-manila
teeth clinic,TEETH CLINIC,sm,sm-city-fairview,SM City Fairview,metro-manila
teeth avenue by cailles dental clinic,TEETH AVENUE by CAILLES DENTAL CLINIC,sm,sm-city-fairview,SM City Fairview,metro-manila
teeth avenue,TEETH AVENUE,ayala,ayala-serendra,Shops at Serendra,metro-manila
tee zone boutique autosonix,TEE ZONE BOUTIQUE AUTOSONIX,xentro,xentro-mall-lemery,XentroMall Lemery,south-luzon
teds oldtimer la paz batchoy,TED'S OLDTIMER LA PAZ BATCHOY,ayala,ayala-market-market,Market! Market!,metro-manila
techwarez computer center,TECHWAREZ COMPUTER CENTER,sm,sm-city-north-edsa,SM City North Edsa,metro-manila
techtronix,Techtronix,robinsons,robinsons-tuguegarao,Robinsons Place Tuguegarao,north-luzon
techrui,TECHRUI,sm,sm-city-trece-martires,SM City Trece Martires,south-luzon
techpro unlimited,TECHPRO UNLIMITED,ayala,ayala-solenad,Ayala Malls Nuvali,south-luzon
techplus service center,TECHPLUS SERVICE CENTER,sm,sm-city-fairview,SM City Fairview,metro-manila
technosuit,TECHNOSUIT,robinsons,galleria-south,Robinsons Galleria South,south-luzon
technopop,Technopop,megaworld,lucky-chinatown-mall,Lucky Chinatown Mall,metro-manila
technofinds,Technofinds,ortigas,estancia,Estancia,metro-manila
technocure computer center ( inter pc ) city tech,Technocure Computer Center ( INTER PC ) City Tech,xentro,xentro-mall-calapan,XentroMall Calapan,south-luzon
technocare accessories,TECHNOCARE ACCESSORIES,sm,sm-city-puerto-princesa,SM City Puerto Princesa,south-luzon
techno moto,Techno Moto,robinsons,robinsons-gentrias,Robinsons Place Gen. Trias,south-luzon
techno geek,TECHNO GEEK,sm,sm-megamall,SM Megamall,metro-manila
techmobile,Techmobile,robinsons,robinsons-ormoc,Robinsons Place Ormoc,visayas
tao yuan,Tao Yuan,megaworld,newport-city,Newport City,metro-manila
tandoor by rich,TANDOOR BY RICH,sm,sm-mall-of-asia,SM Mall of Asia,metro-manila
tan yan shi fu,TAN YAN SHI FU,sm,smdc-strip-at-shore,SMDC Strip at Shore,metro-manila
tactics,Tactics,robinsons,robinsons-tacloban,Robinsons Place Tacloban,visayas
table tennis,Table Tennis,robinsons,robinsons-gapan,Robinsons Gapan,north-luzon
tabbs barbershop,Tabbs Barbershop,filinvest,festival-mall,Festival Mall,metro-manila
tabas barbershop and haberdashery,TABAS BARBERSHOP AND HABERDASHERY,sm,sm-aura,SM Aura,metro-manila
tabas barbershop,Tabas Barbershop,ortigas,estancia,Estancia,metro-manila
ta ke ho me sushi stand,TA KE HO ME SUSHI STAND,sm,sm-city-north-edsa,SM City North Edsa,metro-manila
t m lewin,T.M. LEWIN,ayala,ayala-one-bonifacio-high-street,One Bonifacio High Street,metro-manila
t bone king premium,T-Bone King Premium,megaworld,twin-lakes,Twin Lakes,south-luzon
t & j prime salon,T & J Prime Salon,robinsons,robinsons-lipa,Robinsons Place Lipa,south-luzon
syncrho,SYNCRHO,robinsons,robinsons-antipolo,Robinsons Place Antipolo,metro-manila
syncom,Syncom,ortigas,the-strip,The Strip,metro-manila
sync,SYNC,sm,sm-city-naga,SM City Naga,south-luzon
symphony by prestige,SYMPHONY BY PRESTIGE,sm,sm-mall-of-asia,SM Mall of Asia,metro-manila
symphony,SYMPHONY,sm,sm-seaside-city-cebu,SM Seaside City Cebu,visayas
symmetry lab,Symmetry Lab,robinsons,robinsons-manila,Robinsons Place Manila,metro-manila
sylpauljoyce,SYLPAULJOYCE,araneta,ali-mall,Ali Mall,metro-manila
swt ave,SWT AVE,sm,sm-city-pampanga,SM City Pampanga,north-luzon
swiss gear philip stein,SWISS GEAR PHILIP STEIN,sm,sm-lanang,SM Lanang,mindanao
swiss baker,SWISS BAKER,sm,sm-city-baguio,SM City Baguio,north-luzon
swirls jr,Swirls Jr.,robinsons,robinsons-pavia,Robinsons Place Pavia,visayas
swirl studio yogurt your style,SWIRL STUDIO YOGURT YOUR STYLE,sm,sm-city-fairview,SM City Fairview,metro-manila
swim,Swim,ortigas,greenhills,Greenhills,metro-manila
sweet things cakes and cups,SWEET THINGS CAKES AND CUPS,ayala,ayala-centrio,Centrio Mall,mindanao
sweet things,SWEET THINGS,sm,sm-city-cagayan-de-oro,SM City CDO Uptown,mindanao
sweet taste buds,SWEET TASTE BUDS,robinsons,robinsons-tagum,Robinsons Place Tagum,mindanao
sweet stems flowershop,SWEET STEMS FLOWERSHOP,sm,sm-city-tarlac,SM City Tarlac,north-luzon
sweet spot,THE SWEET SPOT,robinsons,robinsons-tuguegarao,Robinsons Place Tuguegarao,north-luzon
sweet scape salon spa aesthetic center,SWEET SCAPE SALON SPA AESTHETIC CENTER,sm,sm-center-lemery,SM Center Lemery,south-luzon
sweet lemon,Sweet Lemon,robinsons,robinsons-gentrias,Robinsons Place Gen. Trias,south-luzon
sweet ideas,SWEET IDEAS,sm,sm-mall-of-asia,SM Mall of Asia,metro-manila
tactical corner,TACTICAL CORNER,araneta,ali-mall,Ali Mall,metro-manila
tactics bag,Tactics Bag,robinsons,robinsons-north-tacloban,Robinsons North Tacloban,visayas
tan dermatology center for asia,TAN DERMATOLOGY CENTER FOR ASIA,sm,sm-city-fairview,SM City Fairview,metro-manila
tadakuma,TADAKUMA,sm,sm-city-cagayan-de-oro,SM City CDO Uptown,mindanao
tamoya udon,Tamoya Udon,ortigas,greenhills,Greenhills,metro-manila
tambunting pawnshop,Tambunting Pawnshop,waltermart,plaridel,WalterMart Plaridel,north-luzon
tambilawan kamayan restaurant,TAMBILAWAN KAMAYAN RESTAURANT,robinsons,robinsons-gen-san,Robinsons Place GenSan,mindanao
tamago,Tamago,megaworld,festive-walk-mall-iloilo,Festive Walk Mall,visayas
takuyaki japanese food,Takuyaki Japanese Food,robinsons,robinsons-galleria-cebu,Robinsons Galleria Cebu,visayas
takuyaki go,TAKUYAKI GO,robinsons,robinsons-tagum,Robinsons Place Tagum,mindanao
takuyaki,TAKUYAKI,robinsons,robinsons-dumaguete,Robinsons Place Dumaguete,visayas
takoyakings,TAKOYAKINGS,sm,sm-city-lipa,SM City Lipa,south-luzon
takoyaki taste,TAKOYAKI TASTE,robinsons,robinsons-tuguegarao,Robinsons Place Tuguegarao,north-luzon
takoyaki sensei,Takoyaki Sensei ( TEMPORARILY CLOSED ),robinsons,robinsons-bacolod,Robinsons Place Bacolod,visayas
takoyaki ban chan,Takoyaki Ban Chan,fishermall,quezonave,Fisher Mall Quezon Avenue,metro-manila
takoyadon temporarily closed,TAKOYADON TEMPORARILY CLOSED,robinsons,robinsons-manila,Robinsons Place Manila,metro-manila
takoyadon prime,TAKOYADON PRIME,sm,sm-city-legazpi,SM City Legazpi,south-luzon
tako ramen,TAKO RAMEN,robinsons,robinsons-sta-rosa,Robinsons Sta. Rosa,south-luzon
tako kaizen,TAKO KAIZEN,robinsons,robinsons-metro-east,Robinsons Metro East,metro-manila
tako depot,TAKO DEPOT,ayala,ayala-feliz,Ayala Malls Feliz,metro-manila
tako bros,Tako Bros,waltermart,the-junction,WalterMart The Junction,metro-manila
takkra,TAKKRA,robinsons,robinsons-ilocos,Robinsons Place Ilocos,north-luzon
takeme coffee,TAKEME COFFEE,sm,sm-city-san-pablo,SM City San Pablo,south-luzon
taj,TAJ,sm,sm-city-lipa,SM City Lipa,south-luzon
taiyen,Taiyen,ortigas,greenhills,Greenhills,metro-manila
tai koo hk roast,TAI KOO HK ROAST,sm,the-podium,The Podium,metro-manila
taho soy avenue,TAHO SOY AVENUE,sm,sm-city-pampanga,SM City Pampanga,north-luzon
taho ni mang andres,TAHO NI MANG ANDRES,sm,sm-city-davao,SM City Davao,mindanao
taho manila,TAHO MANILA,sm,sm-mall-of-asia,SM Mall of Asia,metro-manila
tah mee 0968 449 0361 temporarily closed,TAH MEE 0968 449 0361 TEMPORARILY CLOSED,robinsons,robinsons-magnolia,Robinsons Magnolia,metro-manila
taguig crocheters,Taguig Crocheters,megaworld,venice-grand-canal-mall,Venice Grand Canal Mall,metro-manila
tagoros abuhan,Tagoro's Abuhan,robinsons,robinsons-valencia,Robinsons Place Valencia,mindanao
tadzmaki sushi restaurant,TADZMAKI SUSHI RESTAURANT,sm,sm-city-puerto-princesa,SM City Puerto Princesa,south-luzon
twelvebikes shop,Twelvebikes Shop,filinvest,festival-mall,Festival Mall,metro-manila
twenty four bakeshop,Twenty Four Bakeshop,ortigas,estancia,Estancia,metro-manila
twin chocos,TWIN CHOCO'S,robinsons,robinsons-valencia,Robinsons Place Valencia,mindanao
world of fun huawei,World of Fun HUAWEI,xentro,xentro-mall-calapan,XentroMall Calapan,south-luzon
wrangler,Wrangler,robinsons,robinsons-santiago,Robinsons Place Santiago,north-luzon
wow travel more,WOW TRAVEL MORE,sm,sm-jmall,SM J Mall,visayas
wow travel,WOW Travel,robinsons,robinsons-fuente,Robinsons Fuente,visayas
wow panda malatang,Wow Panda Malatang,megaworld,lucky-chinatown-prosperity-wing,Lucky Chinatown - Prosperity Wing,metro-manila
wow cow hot pot,WOW COW HOT POT,sm,sm-by-the-bay,SM By the Bay,metro-manila
wow chow,WOW CHOW,ayala,ayala-manila-bay,Ayala Malls Manila Bay,metro-manila
wow cellphone,WOW CELLPHONE,xentro,xentro-mall-santiago,XentroMall Santiago,north-luzon
wow and fye cellphone and accessories,WOW AND FYE CELLPHONE AND ACCESSORIES,xentro,ilagan-city-mall-isabela,Ilagan City Mall Isabela,north-luzon
wow and fye,WOW AND FYE,xentro,xentro-mall-cabagan,XentroMall Cabagan,north-luzon
would u like,Would U Like,fishermall,malabon,Fisher Mall Malabon,metro-manila
worlds finest liquor,The World's Finest Liquor,megaworld,newport-city,Newport City,metro-manila
world watch gallery,World Watch Gallery,robinsons,robinsons-otis,Robinsons Otis,metro-manila
world of fun satellite redbucks coffee shop,WORLD OF FUN Satellite REDBUCKS COFFEE SHOP,xentro,xentro-mall-calapan,XentroMall Calapan,south-luzon
world of fun satellite,WORLD OF FUN SATELLITE,xentro,xentro-mall-lemery,XentroMall Lemery,south-luzon
world of fun house of takoyaki,WORLD OF FUN House of Takoyaki,xentro,xentro-mall-lemery,XentroMall Lemery,south-luzon
xt pro computer,Xt Pro Computer,ortigas,greenhills,Greenhills,metro-manila
world master international travel,WORLD MASTER INTERNATIONAL TRAVEL,robinsons,robinsons-novaliches,Robinsons Novaliches,metro-manila
world harvest church,WORLD HARVEST CHURCH,ayala,ayala-fairview-mall,Fairview Terraces,metro-manila
world coffee,World Coffee,filinvest,festival-mall,Festival Mall,metro-manila
world chicken house,WORLD CHICKEN HOUSE,sm,sm-city-bacolod,SM City Bacolod,visayas
world balance satellite,WORLD BALANCE SATELLITE,robinsons,robinsons-ilocos,Robinsons Place Ilocos,north-luzon
world balance arzel,WORLD BALANCE ARZEL,xentro,xentro-mall-lemery,XentroMall Lemery,south-luzon
world balance & easy soft,WORLD BALANCE & EASY SOFT,ayala,ayala-pavilion,Pavilion Mall,south-luzon
workstation home,WORKSTATION HOME,ayala,ayala-pavilion,Pavilion Mall,south-luzon
workstation appliances,WORKSTATION APPLIANCES,ayala,ayala-manila-bay,Ayala Malls Manila Bay,metro-manila
workplace cafe,WORKPLACE CAFE,ayala,ayala-malls-central-bloc,Ayala Malls Central Bloc,visayas
woodnymph korean restaurant,WOODNYMPH KOREAN RESTAURANT,sm,sm-city-baguio,SM City Baguio,north-luzon
wonton,Wonton,ortigas,greenhills,Greenhills,metro-manila
wong place,Wong Place,ortigas,estancia,Estancia,metro-manila
wondershake,Wondershake,robinsons,robinsons-dasmarinas,Robinsons Place Dasmarinas,south-luzon
wrap it,WRAP IT!,ayala,ayala-abreeza,Abreeza,mindanao
wrap shop,WRAP SHOP,sm,sm-megamall,SM Megamall,metro-manila
wrapnatics,WRAPNATICS,robinsons,robinsons-starmills,Robinsons Starmills,north-luzon
wrc toys,WRC Toys,ortigas,greenhills,Greenhills,metro-manila
xpert key duplication,XPERT KEY DUPLICATION,sm,sm-southmall,SM Southmall,metro-manila
xo46 heritage bistro,XO46 Heritage Bistro,ortigas,estancia,Estancia,metro-manila
xo 46 heritage bistro,XO 46 HERITAGE BISTRO,sm,s-maison,S Maison,metro-manila
xitrix,XITRIX,sm,sm-city-north-edsa,SM City North Edsa,metro-manila
xinyx design consultancy and services inc,XINYX DESIGN CONSULTANCY AND SERVICES INC,sm,sm-cdo-downtown,SM CDO Downtown Premier,mindanao
xinyi chicken,XINYI CHICKEN,sm,sm-city-legazpi,SM City Legazpi,south-luzon
xin chao vietnamese restaurant,XIN CHAO VIETNAMESE RESTAURANT,sm,sm-city-bacolod,SM City Bacolod,visayas
xiao jiu noodle house,XIAO JIU NOODLE HOUSE,sm,smdc-strip-at-sea,SMDC Strip at Sea,metro-manila
xhanders kambingan handyman exhibit thematic,Xhanders Kambingan HANDYMAN EXHIBIT THEMATIC,xentro,xentro-mall-calapan,XentroMall Calapan,south-luzon
xentromed,XENTROMED,xentro,shopking,Shopking,metro-manila
xchange zamin foreign exchange,Xchange/Zamin Foreign Exchange,robinsons,robinsons-dumaguete,Robinsons Place Dumaguete,visayas
xcel driving school,Xcel Driving School,fishermall,quezonave,Fisher Mall Quezon Avenue,metro-manila
xaviers home of dialysis center,Xavier’s Home Of Dialysis Center,filinvest,main-square,Main Square,south-luzon
xavier roast master,Xavier Roast Master,robinsons,robinsons-tagaytay,Robinsons Tagaytay,south-luzon
xandra photoshop (kodak) ksa magic soap,XANDRA PHOTOSHOP (KODAK) KSA MAGIC SOAP,xentro,montalban-town-center,Montalban Town Center,metro-manila
xander tutorial school,XANDER TUTORIAL SCHOOL,xentro,montalban-town-center,Montalban Town Center,metro-manila
xander pawnshop (golden vision) rcbc,XANDER PAWNSHOP (GOLDEN VISION) RCBC,xentro,montalban-town-center,Montalban Town Center,metro-manila
xamxen helmet depository,XAMXEN HELMET DEPOSITORY,sm,sm-city-naga,SM City Naga,south-luzon
x8r scooter rental,X8r Scooter Rental,filinvest,festival-mall,Festival Mall,metro-manila
x11,X11,robinsons,robinsons-starmills,Robinsons Starmills,north-luzon
x site,X-site,filinvest,festival-mall,Festival Mall,metro-manila
x sight,X-Sight,robinsons,robinsons-iligan,Robinsons Place Iligan,mindanao
x print,X-PRINT,ayala,ayala-trinoma,Trinoma,metro-manila
x play,X Play,robinsons,robinsons-iloilo,Robinsons Place Iloilo,visayas
wxwise,WXWISE,robinsons,robinsons-las-pinas,Robinsons Place Las Pinas,metro-manila
wus kitchen,Wu's Kitchen,ortigas,estancia,Estancia,metro-manila
wrld bbq,WRLD BBQ,ortigas,greenhills,Greenhills,metro-manila
wristpod philip stein,WRISTPOD/PHILIP STEIN,ayala,ayala-feliz,Ayala Malls Feliz,metro-manila
wristpod,Wristpod,robinsons,robinsons-galleria-cebu,Robinsons Galleria Cebu,visayas
wonderhome naturals,WONDERHOME NATURALS,robinsons,opus,Opus Mall,metro-manila
wondercity,WONDERCITY,robinsons,robinsons-ilocos,Robinsons Place Ilocos,north-luzon
wonder wharf train,WONDER WHARF TRAIN,robinsons,robinsons-metro-east,Robinsons Metro East,metro-manila
wilson,Wilson,filinvest,festival-mall,Festival Mall,metro-manila
wildflour,WILDFLOUR,robinsons,opus,Opus Mall,metro-manila
wilda manalo,WILDA MANALO,xentro,ab-central,Ab Central,metro-manila
wild wings unlimited wings rice and fries kyte,"WILD WINGS UNLIMITED WINGS, RICE AND FRIES KYTE",sm,sm-city-butuan,SM City Butuan,mindanao
wild west roadhouse grill,WILD WEST ROADHOUSE GRILL,ayala,ayala-bonifacio-high-street,Bonifacio High Street,metro-manila
widex,Widex,ortigas,greenhills,Greenhills,metro-manila
whse1 marketing,WHSE1 MARKETING,ayala,ayala-market-market,Market! Market!,metro-manila
wholesome table,THE WHOLESOME TABLE,ayala,ayala-bonifacio-high-street,Bonifacio High Street,metro-manila
whitestone animal clinic,Whitestone Animal Clinic,megaworld,southwoods-mall,Southwoods Mall,south-luzon
whiten premiere,WhiteN Premiere,ortigas,greenhills,Greenhills,metro-manila
whiten gluta lounge,WHITEN GLUTA LOUNGE,sm,sm-city-tuguegarao,SM City Tuguegarao,north-luzon
whimsical wonderland,Whimsical Wonderland,megaworld,eastwood-mall,Eastwood Mall,metro-manila
wet park,Wet Park,megaworld,venice-grand-canal-mall,Venice Grand Canal Mall,metro-manila
wet market,WET MARKET,xentro,montalban-town-center,Montalban Town Center,metro-manila
western union olayns,WESTERN UNION Olayns,xentro,xentro-mall-lemery,XentroMall Lemery,south-luzon
western union minigem exhibit (14),WESTERN UNION MINIGEM EXHIBIT(14),xentro,montalban-town-center,Montalban Town Center,metro-manila
western union kiosk,WESTERN UNION KIOSK,xentro,xentro-mall-roxas,XentroMall Roxas,north-luzon
western union aficionado,WESTERN UNION Aficionado,xentro,xentro-mall-calapan,XentroMall Calapan,south-luzon
western union (ussc) norania cellphone 1,WESTERN UNION (USSC) NORANIA CELLPHONE 1,xentro,tanay-town-center,Tanay Town Center,south-luzon
western union (ussc),WESTERN UNION (USSC),xentro,mall-of-the-valley,Mall Of The Valley,north-luzon
western union ( ussc) el bonitos,WESTERN UNION ( USSC) EL BONITOS,xentro,montalban-town-center,Montalban Town Center,metro-manila
western,WESTERN,sm,sm-megamall,SM Megamall,metro-manila
west smile dental,West Smile Dental,megaworld,alabang-west-parade,Alabang West Parade,metro-manila
west print,WEST PRINT,robinsons,robinsons-butuan,Robinsons Place Butuan,mindanao
west elm,West Elm,ortigas,estancia,Estancia,metro-manila
wenourish,WENOURISH,sm,sm-city-north-edsa,SM City North Edsa,metro-manila
wemart convenience store and cafe,Wemart Convenience Store and Cafe,megaworld,festive-walk-parade,Festive Walk Parade,visayas
wells,WELLS,ayala,ayala-manila-bay,Ayala Malls Manila Bay,metro-manila
wellohas,WELLOHAS,sm,sm-city-fairview,SM City Fairview,metro-manila
wellnessfix,WELLNESSFIX,sm,sm-city-clark,SM City Clark,north-luzon
wildflour cafe,Wildflour Cafe,megaworld,uptown-parade,Uptown Parade,metro-manila
wiltelcom prestige,WILTELCOM PRESTIGE,sm,sm-lanang,SM Lanang,mindanao
wonder wharf dino rides,WONDER WHARF DINO RIDES,robinsons,robinsons-metro-east,Robinsons Metro East,metro-manila
wimpys,WIMPY’S,ayala,ayala-harbor-point,Harbor Point,north-luzon
wonder tubo,Wonder Tubo,robinsons,robinsons-malolos,Robinsons Place Malolos,north-luzon
wonder rides,WONDER RIDES,waltermart,baliwag,WalterMart Baliwag,north-luzon
wonder city,WONDER CITY,robinsons,robinsons-ilocos,Robinsons Place Ilocos,north-luzon
womb world of my baby,WOMB WORLD OF MY BABY,sm,the-podium,The Podium,metro-manila
wolflink wood smoked sausage and meats,WOLFLINK WOOD SMOKED SAUSAGE AND MEATS,ayala,ayala-malls-central-bloc,Ayala Malls Central Bloc,visayas
wolflink,WOLFLINK,sm,sm-megamall,SM Megamall,metro-manila
wok it food and beverage house,WOK IT FOOD AND BEVERAGE HOUSE,sm,sm-city-olongapo-central,SM City Olongapo Central,north-luzon
wok alley,WOK ALLEY,sm,sm-mall-of-asia,SM Mall of Asia,metro-manila
woffys fun express,Woffy's Fun Express,robinsons,robinsons-dumaguete,Robinsons Place Dumaguete,visayas
wm gadget hub,WM GADGET HUB,sm,sm-city-consolacion,SM City Consolacion,visayas
wlp lucky charms,Wlp Lucky Charms,filinvest,festival-mall,Festival Mall,metro-manila
wjf enterprise,Wjf Enterprise,filinvest,festival-mall,Festival Mall,metro-manila
witelcom,WITELCOM,robinsons,robinsons-tagum,Robinsons Place Tagum,mindanao
wireless avenue,WIRELESS AVENUE,sm,sm-city-iloilo,SM City Iloilo,visayas
wireless,Wireless,ortigas,greenhills,Greenhills,metro-manila
wiredbox,Wiredbox,ortigas,greenhills,Greenhills,metro-manila
wipe out carwash,WIPE OUT CARWASH,robinsons,robinsons-palawan,Robinsons Place Palawan,south-luzon
wink,Wink,megaworld,eastwood-mall,Eastwood Mall,metro-manila
wingyard,WINGYARD,sm,sm-center-dagupan,SM Center Dagupan,north-luzon
wings wraps by aviesha,WINGS WRAPS BY AVIESHA,sm,sm-city-tuguegarao,SM City Tuguegarao,north-luzon
wings gate travel & tours,Wings Gate Travel & Tours,megaworld,uptown-mall,Uptown Mall,metro-manila
wings and wraps,WINGS AND WRAPS,robinsons,robinsons-tuguegarao,Robinsons Place Tuguegarao,north-luzon
wingers unlimited flavored wings,WINGERS UNLIMITED FLAVORED WINGS,sm,sm-center-ormoc,SM Center Ormoc,visayas
winged potato,WINGED POTATO,sm,sm-city-lucena,SM City Lucena,south-luzon
wing it,WING IT,ayala,ayala-centrio,Centrio Mall,mindanao
wing 2x korean chicken,WING 2X KOREAN CHICKEN,sm,sm-city-north-edsa,SM City North Edsa,metro-manila
wine story,Wine Story,megaworld,uptown-mall,Uptown Mall,metro-manila
win88win,WIN88WIN,sm,smdc-strip-at-shell,SMDC Strip at Shell,metro-manila
win makati church,WIN MAKATI CHURCH,ayala,ayala-circuit,Ayala Malls Circuit,metro-manila
xpresso to go,Xpresso To Go,filinvest,festival-mall,Festival Mall,metro-manila
xtreme mobile,XTREME MOBILE,ayala,ayala-marquee,MarQuee Mall,north-luzon
twin dragon (beside medicard),Twin Dragon (beside Medicard),filinvest,festival-mall,Festival Mall,metro-manila
zarah juan,ZARAH JUAN,ayala,ayala-greenbelt,Greenbelt,metro-manila
zen zone massage chairs,ZEN-ZONE MASSAGE CHAIRS,ayala,ayala-abreeza,Abreeza,mindanao
zen zest y valera,ZEN ZEST/Y.VALERA,xentro,mall-of-the-valley,Mall Of The Valley,north-luzon
zen sushi,ZEN SUSHI,sm,sm-lanang,SM Lanang,mindanao
zen cell,Zen Cell,filinvest,festival-mall,Festival Mall,metro-manila
zele wellness center,ZELE WELLNESS CENTER,sm,sm-city-grand-central,SM City Grand Central,metro-manila
zeiss vision center,Zeiss Vision Center,ortigas,greenhills,Greenhills,metro-manila
zedrick cellshop and laptop accessories,Zedrick Cellshop and Laptop Accessories,robinsons,robinsons-tuguegarao,Robinsons Place Tuguegarao,north-luzon
zedrick,Zedrick,robinsons,robinsons-tuguegarao,Robinsons Place Tuguegarao,north-luzon
zeb fashion boutique,ZEB FASHION BOUTIQUE 9685856392,robinsons,robinsons-cybergate-cebu,Robinsons Cybergate Cebu,visayas
zayre medical supplies,Zayre Medical Supplies,robinsons,robinsons-naga,Robinsons Place Naga,south-luzon
zaxy,ZAXY,sm,sm-city-santa-rosa,SM City Santa Rosa,south-luzon
zatazza cafe,Zatazza Cafe,robinsons,robinsons-jaro,Robinsons Place Jaro,visayas
zarks,Zark's,megaworld,southwoods-mall,Southwoods Mall,south-luzon
zaras travel & tour cebu pacific,Zara's Travel & Tour - Cebu pacific,robinsons,robinsons-tagum,Robinsons Place Tagum,mindanao
zarah fashion boutique argentee,ZARAH FASHION BOUTIQUE ARGENTEE,xentro,montalban-town-center,Montalban Town Center,metro-manila
yabu house of katsu,YABU: HOUSE OF KATSU,robinsons,robinsons-manila,Robinsons Place Manila,metro-manila
zar clothing collection,ZAR CLOTHING COLLECTION,xentro,morong-centerpoint,Morong Centerpoint,metro-manila
zao,ZAO,ortigas,greenhills,Greenhills,metro-manila
zandys goodies,ZANDY'S GOODIES 9685728514,robinsons,robinsons-butuan,Robinsons Place Butuan,mindanao
zamin exchange,Zamin Exchange,robinsons,robinsons-cybergate-davao,Robinsons Cybergate Davao,mindanao
zamin,Zamin,robinsons,robinsons-iloilo,Robinsons Place Iloilo,visayas
zakka,Zakka,filinvest,festival-mall,Festival Mall,metro-manila
zaki potato fries avenue,ZAKI POTATO FRIES AVENUE,sm,sm-city-lipa,SM City Lipa,south-luzon
zaine cosmetics,ZAINE COSMETICS,starmall,san-jose-del-monte,Starmall San Jose del Monte,north-luzon
zaigold,Zaigold,ortigas,greenhills,Greenhills,metro-manila
zagu potato corner,ZAGU POTATO CORNER,xentro,xentro-mall-lemery,XentroMall Lemery,south-luzon
zagu foods gf,ZAGU FOODS GF,starmall,edsa-shaw,Starmall EDSA-Shaw,metro-manila
zagu exterior,ZAGU EXTERIOR,starmall,edsa-shaw,Starmall EDSA-Shaw,metro-manila
zachys sweetreats pastillas collection,ZACHYS SWEETREATS PASTILLAS COLLECTION,sm,sm-city-north-edsa,SM City North Edsa,metro-manila
zachasia,Zachasia,filinvest,fora,Fora Mall,south-luzon
zencell telecom,ZENCELL TELECOM,sm,sm-city-novaliches,SM City Novaliches,metro-manila
zensuals beauty & nail lounge,Zensuals Beauty & Nail Lounge,megaworld,festive-walk-mall-iloilo,Festive Walk Mall,visayas
zentea,Zentea,robinsons,robinsons-tacloban,Robinsons Place Tacloban,visayas
zenway health and beauty shop,ZENWAY HEALTH AND BEAUTY SHOP,sm,sm-city-cagayan-de-oro,SM City CDO Uptown,mindanao
zydnieland ferielle,ZYDNIELAND FERIELLE,sm,sm-city-dasmarinas,SM City Dasmariñas,south-luzon
zyberone service center,ZYBERONE SERVICE CENTER,sm,sm-city-fairview,SM City Fairview,metro-manila
zyberauto,ZYBERAUTO,robinsons,robinsons-starmills,Robinsons Starmills,north-luzon
zya & knox home furniture,ZYA & KNOX HOME FURNITURE,ayala,ayala-market-market,Market! Market!,metro-manila
zuriels gadget & accessories shop,Zuriel's Gadget & Accessories Shop,robinsons,robinsons-galleria-cebu,Robinsons Galleria Cebu,visayas
zumanity videoke live,ZUMANITY VIDEOKE LIVE,xentro,montalban-town-center,Montalban Town Center,metro-manila
zu boh ti,ZU BOH TI,robinsons,robinsons-gapan,Robinsons Gapan,north-luzon
zu,Zu,ortigas,greenhills,Greenhills,metro-manila
ztwo,Ztwo,robinsons,robinsons-valencia,Robinsons Place Valencia,mindanao
zte mobile,ZTE MOBILE,sm,sm-city-dasmarinas,SM City Dasmariñas,south-luzon
zozo frozen yogurt,ZOZO FROZEN YOGURT,sm,sm-city-general-santos,SM City General Santos,mindanao
zorro boomz petshop,Zorro Boomz Petshop,ortigas,tiendesitas,Tiendesitas,metro-manila
zoomoov,Zoomoov,megaworld,lucky-chinatown-imperial-wing,Lucky Chinatown - Imperial Wing,metro-manila
zoofari,ZOOFARI,sm,sm-city-davao,SM City Davao,mindanao
zojirushi,ZOJIRUSHI,ayala,ayala-greenbelt,Greenbelt,metro-manila
zn pearl shake,ZN Pearl Shake,robinsons,robinsons-starmills,Robinsons Starmills,north-luzon
zippo,ZIPPO,sm,sm-mall-of-asia,SM Mall of Asia,metro-manila
zip & bottons,ZIP & Bottons,robinsons,robinsons-starmills,Robinsons Starmills,north-luzon
zion 1,Zion-1,megaworld,forbes-town,Forbes Town,metro-manila
zids sticker shop,ZIDS STICKER SHOP,sm,sm-city-north-edsa,SM City North Edsa,metro-manila
zhulin restaurant,ZHULIN RESTAURANT,robinsons,robinsons-ilocos,Robinsons Place Ilocos,north-luzon
zhenzhu massage,Zhenzhu Massage,robinsons,robinsons-imus,Robinsons Place Imus,south-luzon
zhenti massage,ZHENTI MASSAGE,sm,sm-city-dasmarinas,SM City Dasmariñas,south-luzon
zete house of beauty (avon) cloud phone,ZETE HOUSE OF BEAUTY (AVON) CLOUD PHONE,xentro,montalban-town-center,Montalban Town Center,metro-manila
zero plus vivo,ZERO PLUS VIVO,xentro,xentro-mall-santiago,XentroMall Santiago,north-luzon
zero plus (oppo),ZERO PLUS (OPPO),xentro,xentro-mall-santiago,XentroMall Santiago,north-luzon
zero one story salon,Zero One Story Salon,megaworld,uptown-parade,Uptown Parade,metro-manila
zero degree,ZERO DEGREE,sm,sm-mall-of-asia,SM Mall of Asia,metro-manila
zenzest,Zenzest,robinsons,robinsons-manila,Robinsons Place Manila,metro-manila
zabroso pizza & pasta,ZABROSO PIZZA & PASTA,sm,sm-city-roxas,SM City Roxas,visayas
za wrap food express,ZA-WRAP FOOD EXPRESS,sm,sm-city-calamba,SM City Calamba,south-luzon
z and z print labs,Z AND Z PRINT LABS,sm,sm-city-novaliches,SM City Novaliches,metro-manila
yoh froz,YOH FROZ,sm,sm-city-davao,SM City Davao,mindanao
yogi hotdog,YOGI HOTDOG,sm,sm-city-lipa,SM City Lipa,south-luzon
ymca canteen,Ymca Canteen,filinvest,festival-mall,Festival Mall,metro-manila
yi technology,YI TECHNOLOGY,sm,sm-mall-of-asia,SM Mall of Asia,metro-manila
yhazer fudokato,YHAZER FUDOKATO,robinsons,robinsons-gen-san,Robinsons Place GenSan,mindanao
yeubo,YEUBO,robinsons,robinsons-pangasinan,Robinsons Place Pangasinan,north-luzon
yes please,Yes Please,megaworld,uptown-parade,Uptown Parade,metro-manila
yes land realty,Yes Land Realty 0917 133 6146,robinsons,robinsons-sta-rosa,Robinsons Sta. Rosa,south-luzon
yes gulu,YES GULU,sm,sm-city-sta-mesa,SM City Sta. Mesa,metro-manila
yeobos korean style corndog,YEOBOS KOREAN STYLE CORNDOG,sm,sm-city-pampanga,SM City Pampanga,north-luzon
yeobo korean style corndog,YEOBO KOREAN STYLE CORNDOG,robinsons,robinsons-novaliches,Robinsons Novaliches,metro-manila
yeobo corndog,YEOBO CORNDOG,robinsons,robinsons-la-union,Robinsons Place La Union,north-luzon
yellowcab,Yellowcab,robinsons,robinsons-tacloban,Robinsons Place Tacloban,visayas
yellow sweets cafe,YELLOW SWEETS CAFE,sm,sm-city-santa-rosa,SM City Santa Rosa,south-luzon
yellie & co,YELLIE & CO,sm,sm-city-baguio,SM City Baguio,north-luzon
yedang,Yedang,ortigas,estancia,Estancia,metro-manila
yatai spa,Yatai Spa,megaworld,newport-city,Newport City,metro-manila
yasuo,Yasuo,robinsons,robinsons-manila,Robinsons Place Manila,metro-manila
yassys kitchen,YASSY'S KITCHEN,starmall,san-jose-del-monte,Starmall San Jose del Monte,north-luzon
yardstick coffee,YARDSTICK COFFEE,sm,moa-square,MOA Square,metro-manila
yardstick,YARDSTICK,robinsons,opus,Opus Mall,metro-manila
yao money changer,Yao Money Changer,robinsons,robinsons-tacloban,Robinsons Place Tacloban,visayas
yankee candle,YANKEE CANDLE,sm,s-maison,S Maison,metro-manila
yam cosmetics,YAM COSMETICS,robinsons,robinsons-manila,Robinsons Place Manila,metro-manila
yalo,Yalo,ortigas,estancia,Estancia,metro-manila
yakutako,YAKUTAKO,robinsons,robinsons-los-banos,Robinsons Town Mall Los Banos,south-luzon
yakun kaya toast,YAKUN KAYA TOAST,ayala,one-ayala-mall,One Ayala,metro-manila
yaku restaurant,YAKU RESTAURANT,sm,the-podium,The Podium,metro-manila
yaki yaki,Yaki Yaki,megaworld,lucky-chinatown-mall,Lucky Chinatown Mall,metro-manila
yaels bibingka,Yael's Bibingka,waltermart,batangas-city,WalterMart Batangas City,south-luzon
yogii yogurt and ice cream,YOGII YOGURT AND ICE CREAM 9535260843,robinsons,robinsons-butuan,Robinsons Place Butuan,mindanao
yohans apparel,YOHANS APPAREL,robinsons,robinsons-cainta,Robinsons Cainta,metro-manila
yves rocher france,Yves Rocher France,filinvest,festival-mall,Festival Mall,metro-manila
yoi yoi tei,YOI YOI TEI,sm,sm-city-clark,SM City Clark,north-luzon
yvan,YVAN,robinsons,robinsons-dumaguete,Robinsons Place Dumaguete,visayas
yuvolt,YUVOLT,sm,sm-city-rosales,SM City Rosales,north-luzon
yummy treats,YUMMY TREATS,robinsons,robinsons-lipa,Robinsons Place Lipa,south-luzon
yummy panghimagas,YUMMY PANGHIMAGAS,sm,sm-city-pampanga,SM City Pampanga,north-luzon
yummy niku,YUMMY NIKU,sm,sm-city-cabanatuan,SM City Cabanatuan,north-luzon
yucca wellness spa,YUCCA WELLNESS SPA,sm,sm-mall-of-asia,SM Mall of Asia,metro-manila
ystilo,Ystilo,ortigas,greenhills,Greenhills,metro-manila
yssabelle aesthetics and wellness,YSSABELLE AESTHETICS AND WELLNESS,ayala,ayala-manila-bay,Ayala Malls Manila Bay,metro-manila
ysobel art gallery,YSOBEL ART GALLERY,ayala,ayala-serendra,Shops at Serendra,metro-manila
ysl fragrance,YSL Fragrance,megaworld,uptown-mall,Uptown Mall,metro-manila
ysabela drink corner,YSABELA DRINK CORNER,xentro,ab-central,Ab Central,metro-manila
ysa skin care center dermatology dentistry,Ysa Skin Care Center Dermatology - Dentistry,megaworld,forbes-town,Forbes Town,metro-manila
ysa skin care,Ysa Skin Care,robinsons,robinsons-malolos,Robinsons Place Malolos,north-luzon
ysa skin and body experts,Ysa Skin And Body Experts,filinvest,festival-mall,Festival Mall,metro-manila
ysa skin & body experts,Ysa Skin & Body Experts,robinsons,robinsons-metro-east,Robinsons Metro East,metro-manila
ysa dermatology & dentistry,Ysa Dermatology & Dentistry,robinsons,robinsons-galleria-ortigas,Robinsons Galleria,metro-manila
yrys,YRYS,sm,sm-city-fairview,SM City Fairview,metro-manila
yoyis pastries and desserts,Yoyi's Pastries and Desserts,robinsons,robinsons-north-tacloban,Robinsons North Tacloban,visayas
yoyis cakes & pastries,Yoyi's Cakes & Pastries,robinsons,robinsons-ormoc,Robinsons Place Ormoc,visayas
yoyi,YOYI,sm,sm-city-bacolod,SM City Bacolod,visayas
yowell all you can,YOWELL ALL YOU CAN,sm,sm-city-masinag,SM City Masinag,metro-manila
your eyewear specialist,Your Eyewear Specialist,fishermall,quezonave,Fisher Mall Quezon Avenue,metro-manila
your dental place,Your Dental Place,megaworld,newport-city,Newport City,metro-manila
younglim,YOUNGLIM,sm,sm-cdo-downtown,SM CDO Downtown Premier,mindanao
young artist studio,Young Artist Studio,ortigas,estancia,Estancia,metro-manila
yoshimeatsu,Yoshimeatsu,megaworld,san-lorenzo-place-mall,San Lorenzo Place Mall,metro-manila
yoshi meat su,Yoshi Meat-su,ortigas,greenhills,Greenhills,metro-manila
yoobao,YOOBAO,sm,sm-city-pampanga,SM City Pampanga,north-luzon
yong studio,YONG STUDIO,sm,sm-seaside-city-cebu,SM Seaside City Cebu,visayas
wellness sanctuary,Wellness Sanctuary,megaworld,lucky-chinatown-mall,Lucky Chinatown Mall,metro-manila
wellness concepts,WELLNESS CONCEPTS,ayala,ayala-trinoma,Trinoma,metro-manila
wellness and soft nail salon,WELLNESS AND SOFT NAIL SALON,sm,smdc-strip-at-grass,SMDC Strip at Grass,metro-manila
upcycle manila,Upcycle Manila,ortigas,estancia,Estancia,metro-manila
uy dental clinic,UY DENTAL CLINIC,sm,sm-center-tuguegarao-downtown,SM Center Tuguegarao Downtown,north-luzon
uv express,UV EXPRESS,xentro,balagtas-town-center,Balagtas Town Center,north-luzon
utharo san,UTHARO SAN,robinsons,robinsons-gentrias,Robinsons Place Gen. Trias,south-luzon
ussc western union before,USSC -Western Union Before,robinsons,robinsons-tacloban,Robinsons Place Tacloban,visayas
ursabia dance studio,URSABIA DANCE STUDIO,ayala,ayala-marikina,Ayala Malls Marikina,metro-manila
urod barber shop,UROD BARBER SHOP,robinsons,robinsons-starmills,Robinsons Starmills,north-luzon
urbidontics,URBIDONTICS,ayala,ayala-abreeza,Abreeza,mindanao
urban tech,Urban Tech,robinsons,robinsons-imus,Robinsons Place Imus,south-luzon
urban seoul,Urban Seoul,megaworld,alabang-west-parade,Alabang West Parade,metro-manila
urban pawz,URBAN PAWZ,sm,smdc-fame-mall,SMDC Fame Mall,metro-manila
urban concept,Urban Concept,robinsons,robinsons-novaliches,Robinsons Novaliches,metro-manila
uptown cinemas snackbar,Uptown Cinemas - Snackbar,megaworld,uptown-mall,Uptown Mall,metro-manila
uptown cinemas,Uptown Cinemas,megaworld,uptown-mall,Uptown Mall,metro-manila
uppercuts barbershop,UPPERCUTS BARBERSHOP,sm,sm-city-consolacion,SM City Consolacion,visayas
uno lifestyle cafe,UNO LIFESTYLE CAFÉ,sm,sm-city-roxas,SM City Roxas,visayas
wei wei cold store,WEI WEI COLD STORE,ayala,ayala-market-market,Market! Market!,metro-manila
uno factory outlet passage way,UNO FACTORY OUTLET PASSAGE WAY,xentro,xentro-mall-roxas,XentroMall Roxas,north-luzon
uno dept store,Uno Dept. Store,xentro,xentro-mall-tumauini,XentroMall Tumauini,north-luzon
uno departmetn store minigem exhibit 39,UNO DEPARTMETN STORE MINIGEM EXHIBIT #39,xentro,montalban-town-center,Montalban Town Center,metro-manila
uno departmetn store minigem exhibit 37 (stairway 1),UNO DEPARTMETN STORE MINIGEM EXHIBIT # 37 (STAIRWAY 1),xentro,montalban-town-center,Montalban Town Center,metro-manila
uno department store jesus is best siomai house,UNO DEPARTMENT STORE JESUS IS BEST SIOMAI HOUSE,xentro,tanay-town-center,Tanay Town Center,south-luzon
uno department store,UNO DEPARTMENT STORE,xentro,ab-central,Ab Central,metro-manila
uno adventure & holidays,Uno  Adventure & Holidays,megaworld,festive-walk-mall-iloilo,Festive Walk Mall,visayas
unnie manju,UNNIE MANJU,robinsons,robinsons-iligan,Robinsons Place Iligan,mindanao
unlimted laundry services,UNLIMTED LAUNDRY SERVICES,sm,smdc-fame-mall,SMDC Fame Mall,metro-manila
unlimited manila,UNLIMITED MANILA (9262228122),robinsons,robinsons-magnolia,Robinsons Magnolia,metro-manila
universal storefront services corp,UNIVERSAL STOREFRONT SERVICES CORP.,xentro,ab-central,Ab Central,metro-manila
universal store front service,Universal Store Front Service,waltermart,plaridel,WalterMart Plaridel,north-luzon
universal eye check optical,Universal Eye Check Optical,robinsons,robinsons-jaro,Robinsons Place Jaro,visayas
universal eye check,Universal Eye Check,robinsons,robinsons-antique,Robinsons Place Antique,visayas
uzumaki,Uzumaki,filinvest,festival-mall,Festival Mall,metro-manila
v abarintos vision center,V ABARINTOS VISION CENTER,sm,sm-center-lemery,SM Center Lemery,south-luzon
v maison,V Maison,filinvest,festival-mall,Festival Mall,metro-manila
v spa,V Spa,filinvest,dumaguete,Filinvest Malls Dumaguete,visayas
veger,VEGER,sm,sm-city-cebu,SM City Cebu,visayas
ve eusebio skin center,VE EUSEBIO SKIN CENTER,sm,sm-city-calamba,SM City Calamba,south-luzon
vclub vending machine,VClub Vending Machine,megaworld,paseo-center,Paseo Center,metro-manila
vcf kids church,Vcf Kids Church,filinvest,fora,Fora Mall,south-luzon
vcf (kids area),Vcf (kids Area),filinvest,festival-mall,Festival Mall,metro-manila
vcf,Vcf,filinvest,festival-mall,Festival Mall,metro-manila
vaxcen bakuna center,VAXCEN BAKUNA CENTER,sm,sm-megamall,SM Megamall,metro-manila
vavavoom,VAVAVOOM,ayala,ayala-market-market,Market! Market!,metro-manila
vault card shop,VAULT CARD SHOP,ayala,ayala-circuit,Ayala Malls Circuit,metro-manila
varda flame grill,VARDA FLAME GRILL,starmall,san-jose-del-monte,Starmall San Jose del Monte,north-luzon
varacco,VARACCO,sm,sm-city-north-edsa,SM City North Edsa,metro-manila
vapor station,VAPOR STATION,ayala,ayala-pavilion,Pavilion Mall,south-luzon
vape warehouse,Vape Warehouse,megaworld,eastwood-city-walk,Eastwood City Walk,metro-manila
vape depot philippines,VAPE DEPOT PHILIPPINES,robinsons,robinsons-novaliches,Robinsons Novaliches,metro-manila
vans outlet,VANS OUTLET,robinsons,robinsons-starmills,Robinsons Starmills,north-luzon
vanity circle salon,Vanity Circle Salon 8293-0914 /,robinsons,robinsons-magnolia,Robinsons Magnolia,metro-manila
vanilla softi,VANILLA SOFTI,sm,sm-city-north-edsa,SM City North Edsa,metro-manila
vanilla skin 8293 0914 09171799064 temporarily closed,Vanilla Skin 8293-0914 / 09171799064 TEMPORARILY CLOSED,robinsons,robinsons-magnolia,Robinsons Magnolia,metro-manila
vamos,VAMOS,megaworld,paseo-center,Paseo Center,metro-manila
valsinni bridal salon,VALSINNI BRIDAL SALON,sm,sm-seaside-city-cebu,SM Seaside City Cebu,visayas
valsinni,Valsinni 9174976004,robinsons,robinsons-butuan,Robinsons Place Butuan,mindanao
valledens,Valleden's,robinsons,robinsons-pangasinan,Robinsons Place Pangasinan,north-luzon
valera dental center,VALERA DENTAL CENTER,sm,smdc-strip-at-mezza,SMDC Strip at Mezza,metro-manila
valentino santos,VALENTINO SANTOS,xentro,ab-central,Ab Central,metro-manila
vacheron constantin,VACHERON CONSTANTIN,ayala,ayala-greenbelt,Greenbelt,metro-manila
vaccination site,Vaccination Site,megaworld,greenhouse-village-square,The Greenhouse at Village Square,metro-manila
vacations to go,Vacations To Go,robinsons,robinsons-malolos,Robinsons Place Malolos,north-luzon
va bene pasta deli,VA BENE PASTA DELI,ayala,ayala-bonifacio-high-street,Bonifacio High Street,metro-manila
v store,V STORE,sm,sm-city-north-edsa,SM City North Edsa,metro-manila
united table tennis club,United Table Tennis Club,filinvest,main-square,Main Square,south-luzon
united nude,United Nude,megaworld,newport-city,Newport City,metro-manila
united global specialty center,UNITED GLOBAL SPECIALTY CENTER,robinsons,robinsons-antipolo,Robinsons Place Antipolo,metro-manila
umi matsu,UMI MATSU,sm,s-maison,S Maison,metro-manila
umami,UMAMI,robinsons,galleria-south,Robinsons Galleria South,south-luzon
uma uma,UMA UMA,sm,s-maison,S Maison,metro-manila
ultra lagree,Ultra Lagree,ortigas,estancia,Estancia,metro-manila
ultima salon,Ultima Salon,ortigas,greenhills,Greenhills,metro-manila
ukiyo beauty bar,UKIYO BEAUTY BAR,sm,s-maison,S Maison,metro-manila
ugreen philippines,UGreen Philippines,robinsons,robinsons-malabon,Robinsons Town Mall Malabon,metro-manila
ugbo,Ugbo,megaworld,venice-grand-canal-mall,Venice Grand Canal Mall,metro-manila
udc,UDC,sm,sm-city-tuguegarao,SM City Tuguegarao,north-luzon
ucpb atm temporarily closed,UCPB (ATM) TEMPORARILY CLOSED,robinsons,robinsons-bacolod,Robinsons Place Bacolod,visayas
ucpb,UCPB,megaworld,forbes-town,Forbes Town,metro-manila
ucc park cafe,UCC Park Cafe,robinsons,robinsons-magnolia,Robinsons Magnolia,metro-manila
ucc mentore,UCC MENTORE,sm,s-maison,S Maison,metro-manila
ucc cafe terrace,UCC Cafe Terrace,megaworld,forbes-town,Forbes Town,metro-manila
ucc cafe,Ucc Cafe,filinvest,dumaguete,Filinvest Malls Dumaguete,visayas
ubra,UBRA,sm,sm-city-iloilo,SM City Iloilo,visayas
u watch,U-WATCH,sm,sm-city-iloilo,SM City Iloilo,visayas
u super service center,U SUPER SERVICE CENTER,robinsons,robinsons-otis,Robinsons Otis,metro-manila
u green,U-GREEN,robinsons,robinsons-ilocos,Robinsons Place Ilocos,north-luzon
tyconnspa,Tyconnspa,robinsons,robinsons-galleria-cebu,Robinsons Galleria Cebu,visayas
twu (things we use),TWU (Things We Use),megaworld,lucky-chinatown-mall,Lucky Chinatown Mall,metro-manila
twu,TWU,ortigas,greenhills,Greenhills,metro-manila
twintext,Twintext,robinsons,robinsons-dasmarinas,Robinsons Place Dasmarinas,south-luzon
twins playhouse,Twin's Playhouse,robinsons,robinsons-iligan,Robinsons Place Iligan,mindanao
twinkle wellness spa,TWINKLE WELLNESS SPA,robinsons,robinsons-gapan,Robinsons Gapan,north-luzon
twinkle toes nail spa,TWINKLE TOES NAIL SPA,robinsons,robinsons-gapan,Robinsons Gapan,north-luzon
twindragon (cinema),Twindragon (cinema),filinvest,festival-mall,Festival Mall,metro-manila
twindragon (carousel),Twindragon (carousel),filinvest,festival-mall,Festival Mall,metro-manila
twin pines,Twin Pines,filinvest,festival-mall,Festival Mall,metro-manila
twin dragon (in front of handyman),Twin Dragon (in Front Of Handyman),filinvest,festival-mall,Festival Mall,metro-manila
umeya,UMEYA,sm,sm-center-imus,SM Center Imus,south-luzon
umi sushi,UMI SUSHI,sm,smdc-air-mall,SMDC Air Mall,metro-manila
united colors of benetton,UNITED COLORS OF BENETTON,sm,sm-mall-of-asia,SM Mall of Asia,metro-manila
umidigi,UMIDIGI,sm,sm-city-baguio,SM City Baguio,north-luzon
unit 605 coffee,UNIT 605 COFFEE,sm,sm-city-sucat,SM City Sucat,metro-manila
uniqlo coffee,UNIQLO COFFEE,ayala,ayala-glorietta,Glorietta,metro-manila
uniqlo 0355276359,UNIQLO '0355276359 (OPEN),robinsons,robinsons-dumaguete,Robinsons Place Dumaguete,visayas
uniq dental clinic,UNIQ Dental Clinic,robinsons,robinsons-tuguegarao,Robinsons Place Tuguegarao,north-luzon
union bank,Union Bank,ortigas,greenhills,Greenhills,metro-manila
uninice flower shop,Uninice Flower Shop,filinvest,festival-mall,Festival Mall,metro-manila
unimart supermarket,Unimart Supermarket,ortigas,greenhills,Greenhills,metro-manila
unimart,Unimart,ortigas,estancia,Estancia,metro-manila
uniking,UNIKING,sm,sm-city-cauayan,SM City Cauayan,north-luzon
unigold jewelry,UNIGOLD JEWELRY,sm,sm-city-lucena,SM City Lucena,south-luzon
uniclassy,Uniclassy,robinsons,robinsons-lipa,Robinsons Place Lipa,south-luzon
unica by unica hija,UNICA BY UNICA HIJA,ayala,ayala-circuit,Ayala Malls Circuit,metro-manila
uniballsity,UNIBALLSITY,sm,sm-city-marikina,SM City Marikina,metro-manila
uni silver time,Uni Silver Time,filinvest,festival-mall,Festival Mall,metro-manila
uni silver,Uni Silver,filinvest,festival-mall,Festival Mall,metro-manila
uni barber shop spa and salon,UNI BARBER SHOP SPA AND SALON,sm,sm-city-mindpro,SM City Mindpro,mindanao
uni barber,UNI BARBER,robinsons,robinsons-pagadian,Robinsons Pagadian,mindanao
uncle moes,Uncle Moe's,megaworld,venice-grand-canal-mall,Venice Grand Canal Mall,metro-manila
uncle juans iskrambol,UNCLE JUANS ISKRAMBOL,sm,sm-city-sorsogon,SM City Sorsogon,south-luzon
uncle jovs restaurant torque,Uncle Jov's Restaurant TORQUE,xentro,xentro-mall-calapan,XentroMall Calapan,south-luzon
uncle johns0998 846 6030,UNCLE JOHN'S0998-846-6030,robinsons,robinsons-sta-rosa,Robinsons Sta. Rosa,south-luzon
uncle fish balls,Uncle Fish Balls,megaworld,lucky-chinatown-mall,Lucky Chinatown Mall,metro-manila
uncle brew,UNCLE BREW,sm,sm-city-consolacion,SM City Consolacion,visayas
uncle bobs,Uncle Bob's,megaworld,forbes-town,Forbes Town,metro-manila
unbox,Unbox,ortigas,greenhills,Greenhills,metro-manila
unarosa,Unarosa,ortigas,greenhills,Greenhills,metro-manila
unang panahon,UNANG PANAHON,sm,sm-megamall,SM Megamall,metro-manila
una konsulta riversides one stop health shop,UNA KONSULTA RIVERSIDES ONE-STOP HEALTH SHOP,sm,sm-city-bacolod,SM City Bacolod,visayas
una casita,Una Casita,megaworld,greenhouse-village-square,The Greenhouse at Village Square,metro-manila
velandres notary public,VELANDRES NOTARY PUBLIC 0918-3533511,robinsons,robinsons-sta-rosa,Robinsons Sta. Rosa,south-luzon
vendo,VENDO,fishermall,malabon,Fisher Mall Malabon,metro-manila
vendo corp,VENDO CORP,xentro,xentro-mall-lemery,XentroMall Lemery,south-luzon
wam skin clinic and medical spa,Wam Skin Clinic And Medical Spa,filinvest,festival-mall,Festival Mall,metro-manila
walkstar shop rtr (res toe run),Walkstar Shop RTR (Res-Toe-Run),robinsons,robinsons-jaro,Robinsons Place Jaro,visayas
walker,WALKER,araneta,farmers-plaza,Farmers Plaza,metro-manila
waling flowers,WALING FLOWERS,ayala,ayala-abreeza,Abreeza,mindanao
wakuland exhibit,WAKULAND EXHIBIT,xentro,xentro-mall-san-andres,XentroMall San Andres,metro-manila
wai ying dimsum,Wai Ying Dimsum,megaworld,lucky-chinatown-imperial-wing,Lucky Chinatown - Imperial Wing,metro-manila
wagyu,Wagyu,megaworld,forbes-town,Forbes Town,metro-manila
wagas crafts,WAGAS CRAFTS,ayala,ayala-center-cebu,Ayala Center Cebu,visayas
wafflehaus,Wafflehaus,robinsons,robinsons-manila,Robinsons Place Manila,metro-manila
waffle mate,WAFFLE MATE,sm,sm-city-pampanga,SM City Pampanga,north-luzon
waffle fun,WAFFLE FUN,xentro,montalban-town-center,Montalban Town Center,metro-manila
waffle 101,WAFFLE 101,sm,sm-city-santa-rosa,SM City Santa Rosa,south-luzon
vxi global holdings,VXI GLOBAL HOLDINGS,robinsons,robinsons-cybergate-davao,Robinsons Cybergate Davao,mindanao
vvt,VVT,robinsons,robinsons-santiago,Robinsons Place Santiago,north-luzon
vuddy vuddy,VUDDY VUDDY,sm,sm-city-cabanatuan,SM City Cabanatuan,north-luzon
vsing philippines,VSing Philippines,megaworld,uptown-parade,Uptown Parade,metro-manila
vryrus gsm ent,Vryrus GSM Ent.,robinsons,robinsons-antipolo,Robinsons Place Antipolo,metro-manila
vq smart,VQ - SMART,sm,sm-city-lucena,SM City Lucena,south-luzon
vonel salon and spa,VONEL SALON AND SPA,ayala,ayala-serin,Ayala Malls Serin,south-luzon
voice solutions,VOICE SOLUTIONS,starmall,san-jose-del-monte,Starmall San Jose del Monte,north-luzon
voice,Voice,robinsons,robinsons-antipolo,Robinsons Place Antipolo,metro-manila
vmaxx cellphone & accessories shop,VMAXX Cellphone & Accessories Shop,waltermart,sta-rosa-bel-air,WalterMart Sta. Rosa Bel-Air,south-luzon
vloved,VLOVED,robinsons,robinsons-galleria-ortigas,Robinsons Galleria,metro-manila
vivre medical group,THE VIVRE MEDICAL GROUP,sm,smdc-strip-at-shore,SMDC Strip at Shore,metro-manila
viviers blooms,VIVIERS BLOOMS,sm,sm-city-lucena,SM City Lucena,south-luzon
vivaia,Vivaia,filinvest,festival-mall,Festival Mall,metro-manila
viva massage center,VIVA MASSAGE CENTER,sm,sm-city-legazpi,SM City Legazpi,south-luzon
vital skin hub,THE VITAL SKIN HUB,sm,sm-city-pampanga,SM City Pampanga,north-luzon
vita bella bubble tea & coffee,VITA BELLA BUBBLE TEA & COFFEE,robinsons,robinsons-las-pinas,Robinsons Place Las Pinas,metro-manila
visionpro clinic,VisionPro Clinic,megaworld,greenhouse-village-square,The Greenhouse at Village Square,metro-manila
waltermart cinema,WalterMart Cinema,waltermart,gapan,WalterMart Gapan,north-luzon
wasei care,Wasei Care,robinsons,robinsons-pavia,Robinsons Place Pavia,visayas
vision saver,VISION SAVER,xentro,xentro-mall-santiago,XentroMall Santiago,north-luzon
wash & wear,WASH & WEAR,robinsons,galleria-south,Robinsons Galleria South,south-luzon
wei renal care,Wei Renal Care,robinsons,robinsons-galleria-cebu,Robinsons Galleria Cebu,visayas
wego giftshop,WEGO GIFTSHOP,sm,sm-city-bacolod,SM City Bacolod,visayas
weeze,WEEZE,sm,sm-city-cabanatuan,SM City Cabanatuan,north-luzon
wedding library,THE WEDDING LIBRARY,sm,sm-megamall,SM Megamall,metro-manila
weaves & bows,Weaves & Bows,robinsons,robinsons-tacloban,Robinsons Place Tacloban,visayas
wearmilkshake,WEARMILKSHAKE,sm,sm-city-north-edsa,SM City North Edsa,metro-manila
wealth tea,WEALTH TEA,sm,sm-city-north-edsa,SM City North Edsa,metro-manila
we the people coffee,WE THE PEOPLE COFFEE,robinsons,opus,Opus Mall,metro-manila
we smile dental imaging,We Smile Dental Imaging,robinsons,robinsons-imus,Robinsons Place Imus,south-luzon
wb courtside,WB Courtside,araneta,gateway-mall,Gateway Mall,metro-manila
waxcovado salon & spa,WAXCOVADO SALON & SPA,ayala,ayala-capitol-central,Ayala Malls Capitol Central,visayas
waxcovado,WAXCOVADO,sm,sm-city-bacolod,SM City Bacolod,visayas
watsons walvis exhibit,WATSONS Walvis Exhibit,xentro,xentro-mall-lemery,XentroMall Lemery,south-luzon
watsons master siomai,WATSONS Master Siomai,xentro,xentro-mall-calapan,XentroMall Calapan,south-luzon
watsons drug,WATSONS DRUG,sm,sm-city-fairview,SM City Fairview,metro-manila
watsons beauty,WATSONS BEAUTY,sm,sm-city-fairview,SM City Fairview,metro-manila
watsons (l1 101 & l1 102) ca exhibit network,WATSONS (L1-101 & L1-102) CA EXHIBIT NETWORK,xentro,montalban-town-center,Montalban Town Center,metro-manila
watson red diamond,WATSON RED DIAMOND,xentro,tanay-town-center,Tanay Town Center,south-luzon
watchman mossin olama cp,WATCHMAN MOSSIN OLAMA CP,xentro,tanay-town-center,Tanay Town Center,south-luzon
watchlink,WATCHLINK,sm,sm-mall-of-asia,SM Mall of Asia,metro-manila
watchline,Watchline,robinsons,robinsons-palawan,Robinsons Place Palawan,south-luzon
watch empire,Watch Empire,ortigas,estancia,Estancia,metro-manila
watch ceantral,WATCH CEANTRAL,robinsons,robinsons-tagum,Robinsons Place Tagum,mindanao
watami japanese restaurant,WATAMI JAPANESE RESTAURANT,sm,sm-city-clark,SM City Clark,north-luzon
watami grill sushi bar,WATAMI GRILL SUSHI BAR,sm,s-maison,S Maison,metro-manila
wat pho,WAT PHO,robinsons,robinsons-malolos,Robinsons Place Malolos,north-luzon
washore laundry shop,WASHORE LAUNDRY SHOP,sm,smdc-strip-at-shore,SMDC Strip at Shore,metro-manila
washin where,WASHIN WHERE,sm,sm-city-baguio,SM City Baguio,north-luzon
wash up,WASH UP,ayala,ayala-center-cebu,Ayala Center Cebu,visayas
vision worx,VISION WORX,sm,sm-city-puerto-princesa,SM City Puerto Princesa,south-luzon
vision link optical,VISION LINK OPTICAL,xentro,morong-centerpoint,Morong Centerpoint,metro-manila
vendocorp (2 units),VENDOCORP (2 UNITS),xentro,balagtas-town-center,Balagtas Town Center,north-luzon
viennes treasure fine jewelry,VIENNES TREASURE FINE JEWELRY,sm,sm-city-batangas,SM City Batangas,south-luzon
victory churches of asia,VICTORY CHURCHES OF ASIA,starmall,san-jose-del-monte,Starmall San Jose del Monte,north-luzon
victory,VICTORY,robinsons,robinsons-gentrias,Robinsons Place Gen. Trias,south-luzon
victorious one,VICTORIOUS ONE,xentro,ab-central,Ab Central,metro-manila
victorious event organizer,VICTORIOUS EVENT ORGANIZER,xentro,ab-central,Ab Central,metro-manila
victorias secret,VICTORIAS SECRET,sm,sm-megamall,SM Megamall,metro-manila
victoria semi permanent makeup & beauty spa,VICTORIA SEMI PERMANENT MAKEUP & BEAUTY SPA,ayala,ayala-solenad,Ayala Malls Nuvali,south-luzon
victoria farms,VICTORIA FARMS,ayala,ayala-solenad,Ayala Malls Nuvali,south-luzon
vicaria,Vicaria,ortigas,greenhills,Greenhills,metro-manila
vibes massage edilberto san diego food cart,VIBES MASSAGE EDILBERTO SAN DIEGO FOOD CART,xentro,montalban-town-center,Montalban Town Center,metro-manila
vibes masage ca exhibits ( property pro ),VIBES MASAGE CA EXHIBITS ( PROPERTY PRO ),xentro,montalban-town-center,Montalban Town Center,metro-manila
viande,Viande,ortigas,the-strip,The Strip,metro-manila
vgc pet grooming,VGC Pet Grooming,robinsons,robinsons-novaliches,Robinsons Novaliches,metro-manila
vets in practice,Vets In Practice,megaworld,mckinley-west,McKinley West,metro-manila
vespa,VESPA,sm,sm-mall-of-asia,SM Mall of Asia,metro-manila
very important pets,Very Important Pets,megaworld,alabang-west-parade,Alabang West Parade,metro-manila
verve,VERVE,sm,sm-city-iloilo,SM City Iloilo,visayas
vertext handyphones,VERTEXT HANDYPHONES,sm,sm-city-laoag,SM City Laoag,north-luzon
vertext,Vertext,robinsons,robinsons-ilocos,Robinsons Place Ilocos,north-luzon
versus barcade,Versus Barcade,megaworld,uptown-parade,Uptown Parade,metro-manila
versaphone,Versaphone,robinsons,robinsons-ilocos,Robinsons Place Ilocos,north-luzon
verity restaurant,VERITY RESTAURANT,sm,sm-city-butuan,SM City Butuan,mindanao
verite,VERITE,ayala,ayala-serendra,Shops at Serendra,metro-manila
verdiamonds,Verdiamonds,ortigas,greenhills,Greenhills,metro-manila
verde by villarosa,VERDE BY VILLAROSA,sm,sm-city-clark,SM City Clark,north-luzon
venoyfe,Venoyfe,filinvest,festival-mall,Festival Mall,metro-manila
venice creation,VENICE CREATION,ayala,ayala-market-market,Market! Market!,metro-manila
venice cineplex snackbar,Venice Cineplex - Snackbar,megaworld,venice-grand-canal-mall,Venice Grand Canal Mall,metro-manila
venice cineplex,Venice Cineplex,megaworld,venice-grand-canal-mall,Venice Grand Canal Mall,metro-manila
vengo,Vengo,filinvest,festival-mall,Festival Mall,metro-manila
victory of althea travels & tours,VICTORY OF ALTHEA TRAVELS & TOURS,robinsons,robinsons-lipa,Robinsons Place Lipa,south-luzon
viewers telecom,VIEWERS TELECOM,sm,sm-city-lucena,SM City Lucena,south-luzon
vision hub,Vision Hub,xentro,shopking,Shopking,metro-manila
vikings luxury buffet (02),VIKINGS LUXURY BUFFET (02) 8845-4647,robinsons,robinsons-antipolo,Robinsons Place Antipolo,metro-manila
vision express counter,Vision Express Counter,filinvest,festival-mall,Festival Mall,metro-manila
viseversa,VISEVERSA,ayala,ayala-trinoma,Trinoma,metro-manila
visa center towards a brighter future,THE VISA CENTER TOWARDS A BRIGHTER FUTURE,sm,sm-city-cabanatuan,SM City Cabanatuan,north-luzon
virtuous cafe,VIRTUOUS CAFE,sm,sm-city-trece-martires,SM City Trece Martires,south-luzon
virtual world,VIRTUAL WORLD,sm,sm-seaside-city-cebu,SM Seaside City Cebu,visayas
virtual station,Virtual Station,ortigas,greenhills,Greenhills,metro-manila
virtu salon,Virtu Salon,robinsons,robinsons-bacolod,Robinsons Place Bacolod,visayas
viro casa,VIRO CASA,ayala,ayala-greenbelt,Greenbelt,metro-manila
virgies homemade food products,VIRGIE'S HOMEMADE FOOD PRODUCTS,ayala,ayala-capitol-central,Ayala Malls Capitol Central,visayas
viptek,VIPTEK,sm,sm-city-davao,SM City Davao,mindanao
viphone,VIPHONE,ayala,ayala-center-cebu,Ayala Center Cebu,visayas
vip optical ca exhibits ( property pro ),VIP OPTICAL CA EXHIBITS ( PROPERTY PRO ),xentro,montalban-town-center,Montalban Town Center,metro-manila
vip cinema,VIP Cinema,fishermall,quezonave,Fisher Mall Quezon Avenue,metro-manila
vintage vision optical,Vintage Vision Optical,robinsons,robinsons-dasmarinas,Robinsons Place Dasmarinas,south-luzon
vintage vision international,Vintage Vision International,robinsons,robinsons-starmills,Robinsons Starmills,north-luzon
vintage vision,Vintage Vision,robinsons,robinsons-dumaguete,Robinsons Place Dumaguete,visayas
vintage restore,VINTAGE RESTORE,sm,the-podium,The Podium,metro-manila
vintage photo booth,Vintage Photo Booth,robinsons,robinsons-dumaguete,Robinsons Place Dumaguete,visayas
vinfast,VINFAST,robinsons,robinsons-tuguegarao,Robinsons Place Tuguegarao,north-luzon
vinci medical aesthetics,Vinci Medical Aesthetics,filinvest,dumaguete,Filinvest Malls Dumaguete,visayas
vincents hobby shop,VINCENT'S HOBBY SHOP,araneta,farmers-plaza,Farmers Plaza,metro-manila
vincent hobby shop,Vincent Hobby Shop,filinvest,festival-mall,Festival Mall,metro-manila
villarosa creations,VILLAROSA CREATIONS,sm,sm-city-clark,SM City Clark,north-luzon
villarica,Villarica,ortigas,greenhills,Greenhills,metro-manila
villalon padron dental clinic and dental laboratory,VILLALON-PADRON DENTAL CLINIC AND DENTAL LABORATORY,sm,sm-city-novaliches,SM City Novaliches,metro-manila
village art gallery,VILLAGE ART GALLERY,ayala,ayala-greenbelt,Greenbelt,metro-manila
vilcrafty handicraft,VILCRAFTY HANDICRAFT,araneta,farmers-plaza,Farmers Plaza,metro-manila
viktor jeans,VIKTOR JEANS,ayala,ayala-greenbelt,Greenbelt,metro-manila
vikings venue,VIKINGS VENUE,sm,sm-by-the-bay,SM By the Bay,metro-manila
stallion fashion house,Stallion Fashion House,robinsons,robinsons-sta-rosa,Robinsons Sta. Rosa,south-luzon
stacks,STACKS,sm,sm-city-butuan,SM City Butuan,mindanao
sta teresa resto,STA. TERESA RESTO 9177931584,robinsons,robinsons-dumaguete,Robinsons Place Dumaguete,visayas
rmg gadget shops,Rmg Gadget Shops,filinvest,festival-mall,Festival Mall,metro-manila
robinsons appliance store bainor repair services ii,ROBINSONS APPLIANCE STORE BAINOR REPAIR SERVICES II,xentro,montalban-town-center,Montalban Town Center,metro-manila
robinsons appliance center,Robinsons Appliance Center,robinsons,robinsons-santiago,Robinsons Place Santiago,north-luzon
robinson handyman exhibit,ROBINSON HANDYMAN EXHIBIT,xentro,balagtas-town-center,Balagtas Town Center,north-luzon
roberts toys,Roberts Toys,ortigas,greenhills,Greenhills,metro-manila
roberts accessories (lin min xu ) (4 44 sqm) khalid saud,Roberts Accessories (LIN MIN XU ) (4.44 SQM) KHALID SAUD,xentro,montalban-town-center,Montalban Town Center,metro-manila
robert chicken,ROBERT CHICKEN,robinsons,opus,Opus Mall,metro-manila
robelo watch repair,ROBELO WATCH REPAIR,waltermart,taytay,WalterMart Taytay,metro-manila
robata by chef alexander sebastian,ROBATA BY CHEF ALEXANDER SEBASTIAN,sm,sm-city-general-santos,SM City General Santos,mindanao
roasted duck express,Roasted Duck Express,ortigas,greenhills,Greenhills,metro-manila
roasted beans & coffee shop,ROASTED BEANS & COFFEE SHOP,robinsons,robinsons-palawan,Robinsons Place Palawan,south-luzon
roasted & grilled,Roasted & Grilled,robinsons,robinsons-santiago,Robinsons Place Santiago,north-luzon
road house manila,ROAD HOUSE MANILA,sm,sm-by-the-bay,SM By the Bay,metro-manila
rms fashion gallery,RMS FASHION GALLERY,xentro,xentro-mall-roxas,XentroMall Roxas,north-luzon
rmj flowers,RMJ Flowers,robinsons,robinsons-santiago,Robinsons Place Santiago,north-luzon
rmc technics cellphone repair and accessories,RMC TECHNICS CELLPHONE REPAIR AND ACCESSORIES,xentro,tanay-town-center,Tanay Town Center,south-luzon
rodness pasalubong,Rodness Pasalubong,robinsons,robinsons-lipa,Robinsons Place Lipa,south-luzon
rm cellshop,RM CELLSHOP,robinsons,robinsons-valencia,Robinsons Place Valencia,mindanao
rk telecom,RK Telecom,robinsons,robinsons-santiago,Robinsons Place Santiago,north-luzon
rjs barbershop,RJS BARBERSHOP,sm,smdc-grace-mall,SMDC Grace Mall,metro-manila
rj reloading (virteck),RJ RELOADING (VIRTECK),xentro,montalban-town-center,Montalban Town Center,metro-manila
rj agency visa consultancy,RJ Agency Visa Consultancy,robinsons,robinsons-galleria-cebu,Robinsons Galleria Cebu,visayas
rizal dairy farms,RIZAL DAIRY FARMS,ayala,ayala-market-market,Market! Market!,metro-manila
rizal commercial banking corp (rcbc),RIZAL COMMERCIAL BANKING CORP. (RCBC),starmall,edsa-shaw,Starmall EDSA-Shaw,metro-manila
rivians special ice cream,RIVIAN'S SPECIAL ICE CREAM,robinsons,robinsons-pagadian,Robinsons Pagadian,mindanao
rita optical,RITA OPTICAL,ayala,ayala-glorietta,Glorietta,metro-manila
rink star,RINK STAR,sm,sm-city-cabanatuan,SM City Cabanatuan,north-luzon
ringside,Ringside,robinsons,robinsons-galleria-cebu,Robinsons Galleria Cebu,visayas
ringke,Ringke,robinsons,robinsons-manila,Robinsons Place Manila,metro-manila
rimowa,RIMOWA,ayala,ayala-greenbelt,Greenbelt,metro-manila
right dress fashion goldilocks,Right Dress Fashion Goldilocks,xentro,xentro-mall-calapan,XentroMall Calapan,south-luzon
robinsons appliances (stockroom),ROBINSONS APPLIANCES (STOCKROOM),xentro,balagtas-town-center,Balagtas Town Center,north-luzon
robinsons appliances arzel,ROBINSONS APPLIANCES ARZEL,xentro,xentro-mall-lemery,XentroMall Lemery,south-luzon
robinsons appliances oppo mobile,Robinsons Appliances OPPO MOBILE,xentro,xentro-mall-calapan,XentroMall Calapan,south-luzon
robinsons bank (adriatico),Robinsons Bank (Adriatico),robinsons,robinsons-manila,Robinsons Place Manila,metro-manila
rockstar by centerstage,ROCKSTAR BY CENTERSTAGE,sm,sm-aura,SM Aura,metro-manila
rock on boulder gym,ROCK ON BOULDER GYM,ayala,ayala-malls-central-bloc,Ayala Malls Central Bloc,visayas
rock n sole,Rock n Sole,ortigas,estancia,Estancia,metro-manila
rock island armory,Rock Island Armory,filinvest,festival-mall,Festival Mall,metro-manila
robys sports,ROBY'S SPORTS,robinsons,robinsons-pagadian,Robinsons Pagadian,mindanao
robs,Rob's,megaworld,newport-city,Newport City,metro-manila
robots & dolls salon,Robots & Dolls Salon,megaworld,venice-grand-canal-mall,Venice Grand Canal Mall,metro-manila
robots & dolls,Robots & Dolls,megaworld,lucky-chinatown-imperial-wing,Lucky Chinatown - Imperial Wing,metro-manila
robisnons deparment store,ROBISNONS DEPARMENT STORE,robinsons,robinsons-butuan,Robinsons Place Butuan,mindanao
robinsons supermarket hot ticket fashion shop,ROBINSONS SUPERMARKET HOT TICKET FASHION SHOP,xentro,xentro-mall-lemery,XentroMall Lemery,south-luzon
robinsons supermarket corp daud macapa ar,Robinsons Supermarket Corp. DAUD MACAPA-AR,xentro,xentro-mall-calapan,XentroMall Calapan,south-luzon
robinsons supermarket bainor repair services 1,ROBINSONS SUPERMARKET BAINOR REPAIR SERVICES 1,xentro,montalban-town-center,Montalban Town Center,metro-manila
robinsons supermaket,ROBINSONS SUPERMAKET,robinsons,robinsons-gapan,Robinsons Gapan,north-luzon
robinsons super market,ROBINSONS SUPER MARKET,robinsons,robinsons-butuan,Robinsons Place Butuan,mindanao
robinsons residences,Robinsons Residences,robinsons,robinsons-galleria-cebu,Robinsons Galleria Cebu,visayas
robinsons movieworld (085),ROBINSONS MOVIEWORLD (085) 815-7771,robinsons,robinsons-butuan,Robinsons Place Butuan,mindanao
robinsons movieworld (054),ROBINSONS MOVIEWORLD (054) 881-2545,robinsons,robinsons-naga,Robinsons Place Naga,south-luzon
robinsons movieworld ( 8397 1888 loc 36029,ROBINSONS MOVIEWORLD ( 8397-1888 loc.36029,robinsons,robinsons-palawan,Robinsons Place Palawan,south-luzon
robinsons movieworld ( 063 ),ROBINSONS MOVIEWORLD ( 063 ) 224-2822,robinsons,robinsons-iligan,Robinsons Place Iligan,mindanao
robinsons movie world (02),ROBINSONS MOVIE WORLD (OPEN) (02) 8887-0726,robinsons,robinsons-las-pinas,Robinsons Place Las Pinas,metro-manila
robinsons homes inc,Robinsons Homes Inc.,robinsons,robinsons-cagayan-de-oro,Robinsons Cagayan de Oro,mindanao
robinsons handyman stockroom firefly,Robinsons Handyman Stockroom FIREFLY,xentro,xentro-mall-calapan,XentroMall Calapan,south-luzon
robinsons handyman,ROBINSON'S HANDYMAN,xentro,balagtas-town-center,Balagtas Town Center,north-luzon
robinsons department store jaju playhouse,Robinsons Department Store JAJU PLAYHOUSE,xentro,xentro-mall-calapan,XentroMall Calapan,south-luzon
robinsons department store home outlet ( exhibit) n & l cellphone and accessories,Robinsons Department Store Home Outlet ( Exhibit) N & L CELLPHONE AND ACCESSORIES,xentro,xentro-mall-calapan,XentroMall Calapan,south-luzon
robinsons department store home outlet ( exhibit) h and m cp ii,Robinsons Department Store Home Outlet ( Exhibit) H AND M CP II,xentro,xentro-mall-calapan,XentroMall Calapan,south-luzon
robinsons bank jewelrich,ROBINSONS BANK Jewelrich,xentro,xentro-mall-calapan,XentroMall Calapan,south-luzon
robinsons bank atm,Robinsons Bank (ATM),robinsons,robinsons-antique,Robinsons Place Antique,visayas
robinsons bank 8702 9500 local 499,Robinsons Bank 8702-9500 local 499,robinsons,robinsons-sta-rosa,Robinsons Sta. Rosa,south-luzon
riff center,RIFF CENTER,robinsons,robinsons-metro-east,Robinsons Metro East,metro-manila
ride revolution,RIDE REVOLUTION,ayala,ayala-greenbelt,Greenbelt,metro-manila
ricsjen beauty & wellness shop,Ricsjen Beauty & Wellness Shop,robinsons,robinsons-la-union,Robinsons Place La Union,north-luzon
revlon,REVLON,xentro,sta-ana-public-market,Sta Ana Public Market,metro-manila
rev,REV,sm,s-maison,S Maison,metro-manila
retro,RETRO,robinsons,robinsons-starmills,Robinsons Starmills,north-luzon
retokelly salon & spa,RETOKELLY SALON & SPA,robinsons,robinsons-tuguegarao,Robinsons Place Tuguegarao,north-luzon
retokelly group of salon,RETOKELLY GROUP OF SALON,sm,sm-center-tuguegarao-downtown,SM Center Tuguegarao Downtown,north-luzon
retailogy,RETAILOGY,robinsons,robinsons-novaliches,Robinsons Novaliches,metro-manila
retail lab,Retail Lab,ortigas,estancia,Estancia,metro-manila
restoerun,Restoerun,ortigas,greenhills,Greenhills,metro-manila
rest and go,Rest and Go,robinsons,robinsons-fuente,Robinsons Fuente,visayas
rest & go,Rest & Go (OPEN),robinsons,robinsons-tuguegarao,Robinsons Place Tuguegarao,north-luzon
reshienel,Reshienel,robinsons,robinsons-novaliches,Robinsons Novaliches,metro-manila
reshape,RESHAPE,ayala,ayala-circuit,Ayala Malls Circuit,metro-manila
reserve,Reserve,megaworld,forbes-town,Forbes Town,metro-manila
res,Res|Toe|Run,fishermall,quezonave,Fisher Mall Quezon Avenue,metro-manila
repertory philippines,Repertory Philippines,megaworld,eastwood-city-walk,Eastwood City Walk,metro-manila
repair me,Repair Me,robinsons,robinsons-la-union,Robinsons Place La Union,north-luzon
repair advise,Repair Advise,ortigas,greenhills,Greenhills,metro-manila
renovar wellness,Renovar Wellness,filinvest,festival-mall,Festival Mall,metro-manila
renergy dermspa,RENERGY DERMSPA,ayala,ayala-serendra,Shops at Serendra,metro-manila
reneelen,Reneelen,ortigas,greenhills,Greenhills,metro-manila
rene mouris,RENE MOURIS,sm,sm-lanang,SM Lanang,mindanao
renaissance art gallery,RENAISSANCE ART GALLERY,sm,sm-megamall,SM Megamall,metro-manila
remnants thrift shop,REMNANTS THRIFT SHOP,araneta,ali-mall,Ali Mall,metro-manila
relojes mundo,RELOJES MUNDO,ayala,ayala-the-30th,Ayala Malls The 30th,metro-manila
religioso,RELIGIOSO,ayala,ayala-greenbelt,Greenbelt,metro-manila
reli tours & travel company,RELI TOURS & TRAVEL COMPANY,robinsons,robinsons-galleria-ortigas,Robinsons Galleria,metro-manila
relaxia massage center,RELAXIA MASSAGE CENTER,robinsons,robinsons-tuguegarao,Robinsons Place Tuguegarao,north-luzon
relaxant shades of blonde,RELAXANT SHADES OF BLONDE,sm,sm-cherry-shaw,SM Center Shaw,metro-manila
relax haven,RELAX HAVEN,robinsons,robinsons-metro-east,Robinsons Metro East,metro-manila
reinberry,REINBERRY,sm,sm-city-lucena,SM City Lucena,south-luzon
reva footwear,Reva Footwear,robinsons,robinsons-malabon,Robinsons Town Mall Malabon,metro-manila
revlon mini gem exhibit ( fc dating videoke) 13,REVLON MINI GEM EXHIBIT ( FC DATING VIDEOKE) #13,xentro,montalban-town-center,Montalban Town Center,metro-manila
richyu fashion,Richyu Fashion,robinsons,robinsons-novaliches,Robinsons Novaliches,metro-manila
rexcue fone,REXCUE FONE,ayala,ayala-center-cebu,Ayala Center Cebu,visayas
richtech minigem (12),Richtech MINIGEM (12),xentro,montalban-town-center,Montalban Town Center,metro-manila
richtech 2 ( 3 11 sqm) ca exhibits ( property pro ),Richtech 2 ( 3.11 SQM) CA EXHIBITS ( PROPERTY PRO ),xentro,montalban-town-center,Montalban Town Center,metro-manila
richtech 1 ( 5 04 sqm) ca exhibits ( property pro ),Richtech 1( 5.04 SQM) CA EXHIBITS ( PROPERTY PRO ),xentro,montalban-town-center,Montalban Town Center,metro-manila
richmond medical,Richmond Medical,megaworld,newport-city,Newport City,metro-manila
richielda cabucos lao (032) 238 1567 0925 706 8455,Richielda Cabucos - Lao (032)238-1567/0925-706-8455,robinsons,robinsons-cybergate-cebu,Robinsons Cybergate Cebu,visayas
richchad coffee shop,Richchad Coffee Shop,robinsons,robinsons-tacloban,Robinsons Place Tacloban,visayas
rich and shine fashion accessories and store,RICH AND SHINE FASHION ACCESSORIES AND STORE,xentro,tanay-town-center,Tanay Town Center,south-luzon
rich and shine fashion accessories,RICH AND SHINE FASHION ACCESSORIES,xentro,morong-centerpoint,Morong Centerpoint,metro-manila
rice in box,RICE IN BOX,xentro,montalban-town-center,Montalban Town Center,metro-manila
rice in a box staffhouse superb shanghai siomai,RICE IN A BOX STAFFHOUSE SUPERB SHANGHAI SIOMAI,xentro,tanay-town-center,Tanay Town Center,south-luzon
rice at your doorstep,Rice at Your Doorstep,megaworld,california-garden-square,California Garden Square,metro-manila
rice & rolls,Rice & Rolls,megaworld,festive-walk-parade,Festive Walk Parade,visayas
ribs n bibs restaurant,RIBS N BIBS RESTAURANT,ayala,ayala-centrio,Centrio Mall,mindanao
ribs bibs,RIBS BIBS,sm,sm-cdo-downtown,SM CDO Downtown Premier,mindanao
rianne,Rianne,robinsons,robinsons-novaliches,Robinsons Novaliches,metro-manila
rhearen musical instrument avon ca exhibits ( property pro ),RHEAREN MUSICAL INSTRUMENT / AVON CA EXHIBITS ( PROPERTY PRO ),xentro,montalban-town-center,Montalban Town Center,metro-manila
rgz beauty and wellness products shop,RGZ Beauty and Wellness Products Shop,robinsons,robinsons-dumaguete,Robinsons Place Dumaguete,visayas
rgm i care,RGM I-CARE,waltermart,north-edsa,WalterMart North EDSA,metro-manila
rgentee,Rgentee,robinsons,robinsons-manila,Robinsons Place Manila,metro-manila
rgbtoyzone,RGBToyzone,ortigas,greenhills,Greenhills,metro-manila
rfone solutions gadgets & repair shop,RFONE SOLUTIONS GADGETS & REPAIR SHOP,ayala,ayala-capitol-central,Ayala Malls Capitol Central,visayas
rfg watch service center,RFG WATCH SERVICE CENTER,sm,sm-savemore-nagtahan,SM Savemore Nagtahan,metro-manila
reymel canteen,REYMEL CANTEEN,ayala,ayala-pavilion,Pavilion Mall,south-luzon
reylyn tech minigem (12),Reylyn Tech MINIGEM (12),xentro,montalban-town-center,Montalban Town Center,metro-manila
reyes haircutters,Reyes Haircutters,waltermart,antipolo,WalterMart Antipolo,metro-manila
reyes hair cutter,REYES HAIR CUTTER,xentro,northstar-mall,Northstar Mall,north-luzon
reyes barbeque,REYES BARBEQUE,robinsons,robinsons-manila,Robinsons Place Manila,metro-manila
reycon watch repair center,REYCON WATCH REPAIR CENTER,waltermart,bicutan,WalterMart Bicutan,metro-manila
rey silver station & watch repair center zsj dimsum hauz ( siomai king ),REY SILVER STATION & WATCH REPAIR CENTER ZSJ DIMSUM HAUZ ( SIOMAI KING ),xentro,montalban-town-center,Montalban Town Center,metro-manila
rocky mountain chocolate factory,ROCKY MOUNTAIN CHOCOLATE FACTORY,sm,sm-megamall,SM Megamall,metro-manila
roger vivier,ROGER VIVIER,ayala,ayala-greenbelt,Greenbelt,metro-manila
salt & stone wellness spa,SALT & STONE WELLNESS SPA,sm,sm-mall-of-asia,SM Mall of Asia,metro-manila
sabella,SABELLA,sm,sm-city-rosales,SM City Rosales,north-luzon
saigosan,Saigosan,megaworld,uptown-mall,Uptown Mall,metro-manila
saibachi,Saibachi,filinvest,festival-mall,Festival Mall,metro-manila
sahroden cellphone shop & acc,SAHRODEN CELLPHONE SHOP & ACC.,xentro,balagtas-town-center,Balagtas Town Center,north-luzon
sagye,SAGYE,sm,sm-jmall,SM J Mall,visayas
sage garden,The Sage Garden,filinvest,festival-mall,Festival Mall,metro-manila
sagat crust,Sagat Crust,robinsons,robinsons-la-union,Robinsons Place La Union,north-luzon
saffron sips,SAFFRON SIPS,robinsons,robinsons-las-pinas,Robinsons Place Las Pinas,metro-manila
safa fashion accessories,SAFA FASHION ACCESSORIES,robinsons,robinsons-novaliches,Robinsons Novaliches,metro-manila
saetta mae cellshop,SAETTA MAE CELLSHOP,xentro,balagtas-town-center,Balagtas Town Center,north-luzon
sachi ramen,SACHI RAMEN,ayala,ayala-center-cebu,Ayala Center Cebu,visayas
sac people,SAC PEOPLE,sm,sm-megamall,SM Megamall,metro-manila
saboten,SABOTEN,ayala,ayala-serendra,Shops at Serendra,metro-manila
sabinas cravings,SABINA'S CRAVING'S,robinsons,robinsons-lipa,Robinsons Place Lipa,south-luzon
sabie bakes,SABIE BAKES,sm,sm-city-puerto-princesa,SM City Puerto Princesa,south-luzon
sabater paredes optical,SABATER-PAREDES OPTICAL,araneta,farmers-plaza,Farmers Plaza,metro-manila
rogue gaming,ROGUE GAMING,sm,sm-city-north-edsa,SM City North Edsa,metro-manila
saad gems,Saad Gems,ortigas,greenhills,Greenhills,metro-manila
sa poste cafe,Sa Poste Cafe,megaworld,festive-walk-parade,Festive Walk Parade,visayas
s8 concept district,S8 CONCEPT DISTRICT,ayala,ayala-serin,Ayala Malls Serin,south-luzon
s&s cellphone accessories,S&S Cellphone Accessories,robinsons,robinsons-iloilo,Robinsons Place Iloilo,visayas
s&r,S&R,robinsons,robinsons-gentrias,Robinsons Place Gen. Trias,south-luzon
s toy c,S-toy C,filinvest,festival-mall,Festival Mall,metro-manila
s b a shoes shop,S B A SHOES SHOP,robinsons,robinsons-novaliches,Robinsons Novaliches,metro-manila
s & j cellphone and accessories,S & J CELLPHONE AND ACCESSORIES,robinsons,robinsons-iligan,Robinsons Place Iligan,mindanao
rzkh pet supplies & grooming,RZKH Pet Supplies & Grooming,waltermart,erodriguez,WalterMart E.Rodriguez,metro-manila
ryu ramen and curry,RYU RAMEN AND CURRY,sm,smdc-jazz-mall,SMDC Jazz Mall,metro-manila
ryllies kimchi sushi express,RYLLIES KIMCHI SUSHI EXPRESS,sm,sm-city-tuguegarao,SM City Tuguegarao,north-luzon
rydax,RYDAX,ayala,ayala-market-market,Market! Market!,metro-manila
ryans infinity hub,Ryan's Infinity Hub,robinsons,robinsons-iloilo,Robinsons Place Iloilo,visayas
rwonderland,RWONDERLAND,robinsons,robinsons-novaliches,Robinsons Novaliches,metro-manila
saint camillus premium healthcare inc,"SAINT CAMILLUS PREMIUM HEALTHCARE, INC",robinsons,robinsons-bacolod,Robinsons Place Bacolod,visayas
saint jo flowers,SAINT JO FLOWERS,ayala,ayala-market-market,Market! Market!,metro-manila
saint jude optical clinic,SAINT JUDE OPTICAL CLINIC,sm,sm-city-cagayan-de-oro,SM City CDO Uptown,mindanao
sairus cellphone & accessories ( asliah noor ),SAIRUS CELLPHONE & ACCESSORIES ( ASLIAH NOOR ),xentro,tanay-town-center,Tanay Town Center,south-luzon
salt & ice,Salt & Ice,megaworld,uptown-parade,Uptown Parade,metro-manila
salonga music,SALONGA MUSIC,araneta,ali-mall,Ali Mall,metro-manila
salonfix studio juhaira caps & sunglasses,SALONFIX STUDIO JUHAIRA CAPS & SUNGLASSES,xentro,montalban-town-center,Montalban Town Center,metro-manila
salon360,SALON360,robinsons,robinsons-gapan,Robinsons Gapan,north-luzon
salon tokoya,Salon Tokoya,robinsons,robinsons-novaliches,Robinsons Novaliches,metro-manila
salon de poseur,SALON DE POSEUR,sm,sm-center-angono,SM Center Angono,metro-manila
salon de konad,SALON DE KONAD,waltermart,bacoor,WalterMart Bacoor,south-luzon
salon de elegancia,Salon De Elegancia,robinsons,robinsons-north-tacloban,Robinsons North Tacloban,visayas
salon de berns,SALON DE BERNS,ayala,ayala-centrio,Centrio Mall,mindanao
salon de belleza,Salon De Belleza,megaworld,california-garden-square,California Garden Square,metro-manila
salon 360 and cafe international,SALON 360 AND CAFÉ INTERNATIONAL,xentro,xentro-mall-san-andres,XentroMall San Andres,metro-manila
salon 360,Salon 360,robinsons,robinsons-malabon,Robinsons Town Mall Malabon,metro-manila
salma tago,Salma Tago,ortigas,greenhills,Greenhills,metro-manila
sallys homemade kakanin,SALLYS HOMEMADE KAKANIN,sm,sm-mall-of-asia,SM Mall of Asia,metro-manila
sallys footwear security bank corporation,SALLYS FOOTWEAR SECURITY BANK CORPORATION,xentro,montalban-town-center,Montalban Town Center,metro-manila
saliha,Saliha,robinsons,robinsons-novaliches,Robinsons Novaliches,metro-manila
salih cosmetics shop,SALIH COSMETICS SHOP,robinsons,robinsons-iligan,Robinsons Place Iligan,mindanao
sales rain bpo,SALES RAIN BPO,robinsons,robinsons-palawan,Robinsons Place Palawan,south-luzon
salem,SALEM,sm,sm-southmall,SM Southmall,metro-manila
salaryman,Salaryman,megaworld,forbes-town,Forbes Town,metro-manila
salamangka,Salamangka,megaworld,eastwood-city-walk,Eastwood City Walk,metro-manila
salah cellphone & accessories,SALAH CELLPHONE & ACCESSORIES,robinsons,robinsons-cagayan-de-oro,Robinsons Cagayan de Oro,mindanao
salads and wraps by healthy kitchen,SALADS AND WRAPS BY HEALTHY KITCHEN,sm,sm-city-iloilo,SM City Iloilo,visayas
salad station,SALAD STATION,xentro,tanay-town-center,Tanay Town Center,south-luzon
sala thai kitchen,Sala Thai Kitchen,ortigas,greenhills,Greenhills,metro-manila
sala bistro,SALA BISTRO,ayala,ayala-greenbelt,Greenbelt,metro-manila
sakura restaurant,SAKURA RESTAURANT,sm,sm-city-clark,SM City Clark,north-luzon
sajang chicken,Sajang Chicken,megaworld,san-lorenzo-place-mall,San Lorenzo Place Mall,metro-manila
saizen,SAIZEN,ayala,ayala-the-district-imus,The District Imus,south-luzon
ruth leyes boutique collin ink shop,RUTH LEYES BOUTIQUE COLLIN INK SHOP,xentro,montalban-town-center,Montalban Town Center,metro-manila
ruth fashion accessories minigem ( 47),RUTH FASHION ACCESSORIES MINIGEM (#47),xentro,montalban-town-center,Montalban Town Center,metro-manila
rusty lopez rajine seafoods square,Rusty Lopez Rajine Seafoods Square,xentro,xentro-mall-calapan,XentroMall Calapan,south-luzon
royaltea,ROYALTEA,sm,sm-cherry-antipolo,SM Center Antipolo Downtown,metro-manila
royal panda,ROYAL PANDA,ayala,ayala-centrio,Centrio Mall,mindanao
royal oasis,ROYAL OASIS,xentro,shopking,Shopking,metro-manila
roy and popoys batchoy food house,ROY AND POPOYS BATCHOY FOOD HOUSE,sm,sm-city-roxas,SM City Roxas,visayas
rover system,Rover System,ortigas,greenhills,Greenhills,metro-manila
route 80,ROUTE 80,robinsons,robinsons-pagadian,Robinsons Pagadian,mindanao
round the clock cafe and bakery,ROUND-THE-CLOCK CAFE AND BAKERY,sm,sm-city-daet,SM City Daet,south-luzon
round circle,Round Circle,filinvest,festival-mall,Festival Mall,metro-manila
rotech,ROTECH,sm,sm-city-north-edsa,SM City North Edsa,metro-manila
rotation inc,Rotation Inc.,fishermall,quezonave,Fisher Mall Quezon Avenue,metro-manila
rossopomodoro,ROSSOPOMODORO,sm,sm-city-east-ortigas,SM City East Ortigas,metro-manila
rossini ristorante italiano,ROSSINI RISTORANTE ITALIANO,sm,s-maison,S Maison,metro-manila
rosemed supplies,Rosemed Supplies,filinvest,festival-mall,Festival Mall,metro-manila
rosemed medical supplies,ROSEMED MEDICAL SUPPLIES,sm,sm-city-davao,SM City Davao,mindanao
roselyns canteen daforts sisig on the spot,Roselyn's Canteen Daforts Sisig on the Spot,xentro,xentro-mall-lemery,XentroMall Lemery,south-luzon
rorys billiard,Rory's Billiard,megaworld,california-garden-square,California Garden Square,metro-manila
roots collective,Roots Collective,megaworld,uptown-mall,Uptown Mall,metro-manila
rookie kids,Rookie Kids,ortigas,greenhills,Greenhills,metro-manila
rookie,ROOKIE,robinsons,robinsons-manila,Robinsons Place Manila,metro-manila
rons flower garden,Ron's Flower Garden,robinsons,robinsons-bacolod,Robinsons Place Bacolod,visayas
roninsons supermarket,RONINSONS SUPERMARKET,robinsons,robinsons-pagadian,Robinsons Pagadian,mindanao
ron salon,RON SALON,sm,sm-center-pasig,SM Center Pasig,metro-manila
ron mar handicraft,RON MAR HANDICRAFT,sm,sm-city-baguio,SM City Baguio,north-luzon
romulo cafe,ROMULO CAFE,ayala,ayala-one-bonifacio-high-street,One Bonifacio High Street,metro-manila
romeos steak & spice,Romeo's Steak & Spice,robinsons,robinsons-tuguegarao,Robinsons Place Tuguegarao,north-luzon
romeos spice & steaks,Romeo’s Spice & Steaks,robinsons,robinsons-antipolo,Robinsons Place Antipolo,metro-manila
romeos,Romeo's,ortigas,greenhills,Greenhills,metro-manila
roma wellness beauty centre,ROMA WELLNESS BEAUTY CENTRE,sm,smdc-strip-at-sea,SMDC Strip at Sea,metro-manila
roller fever,Roller Fever,filinvest,fora,Fora Mall,south-luzon
rolex washington watch group,ROLEX - WASHINGTON WATCH GROUP,ayala,ayala-greenbelt,Greenbelt,metro-manila
royale,Royale,robinsons,robinsons-novaliches,Robinsons Novaliches,metro-manila
royce chocolate,ROYCE CHOCOLATE,sm,the-podium,The Podium,metro-manila
rusty lopez manjaru,RUSTY LOPEZ MANJARU,xentro,tanay-town-center,Tanay Town Center,south-luzon
rpm dental health care plus,RPM DENTAL HEALTH CARE PLUS,sm,sm-cherry-antipolo,SM Center Antipolo Downtown,metro-manila
rusty lopez cherry mobile,RUSTY LOPEZ CHERRY MOBILE,xentro,xentro-mall-lemery,XentroMall Lemery,south-luzon
rusty lopez ca exhibits ( property pro ),RUSTY LOPEZ CA EXHIBITS ( PROPERTY PRO ),xentro,montalban-town-center,Montalban Town Center,metro-manila
rustic seafood,Rustic Seafood,ortigas,greenhills,Greenhills,metro-manila
rustic box steakhouse,RUSTIC BOX STEAKHOUSE,sm,smdc-grace-mall,SMDC Grace Mall,metro-manila
rustans,Rustan's,araneta,gateway-mall,Gateway Mall,metro-manila
russ marketing,RUSS MARKETING,xentro,mall-of-the-valley,Mall Of The Valley,north-luzon
ruro martin pet accessories and supplies corp,Ruro Martin Pet Accessories and Supplies Corp.,robinsons,robinsons-malabon,Robinsons Town Mall Malabon,metro-manila
ruro martin pet accessories & supplies,RURO MARTIN PET ACCESSORIES & SUPPLIES,robinsons,robinsons-cainta,Robinsons Cainta,metro-manila
rulls satellite,Rulls Satellite,filinvest,festival-mall,Festival Mall,metro-manila
rulls cellphones accessories,RULLS CELLPHONES ACCESSORIES,sm,sm-city-olongapo-downtown,SM City Olongapo Downtown,north-luzon
rue bourbon,Rue Bourbon,megaworld,forbes-town,Forbes Town,metro-manila
rudys master key duplicating shop,RUDY'S MASTER KEY DUPLICATING SHOP,sm,sm-city-davao,SM City Davao,mindanao
rudys goto minigem ( 46),RUDY'S GOTO MINIGEM (#46),xentro,montalban-town-center,Montalban Town Center,metro-manila
rta castanas,RTA CASTANAS,robinsons,robinsons-magnolia,Robinsons Magnolia,metro-manila
rsy spa,RSY SPA,xentro,montalban-town-center,Montalban Town Center,metro-manila
rsr jewelry & repair shop,RSR Jewelry & Repair Shop,ortigas,greenhills,Greenhills,metro-manila
rsm watch repair,RSM Watch Repair,waltermart,bicutan,WalterMart Bicutan,metro-manila
rsm watch,RSM Watch,robinsons,robinsons-las-pinas,Robinsons Place Las Pinas,metro-manila
rsh 1 rosalina cellphone,RSH-1 / ROSALINA CELLPHONE,xentro,balagtas-town-center,Balagtas Town Center,north-luzon
rsa music center,RSA MUSIC CENTER,araneta,farmers-plaza,Farmers Plaza,metro-manila
rs tech,Rs Tech,ortigas,greenhills,Greenhills,metro-manila
rs jewels,RS JEWELS,robinsons,robinsons-palawan,Robinsons Place Palawan,south-luzon
rrj greatfit,RRJ/GREATFIT,xentro,mall-of-the-valley,Mall Of The Valley,north-luzon
rrj cai cellphone & accessories,RRJ CAI CELLPHONE & ACCESSORIES,xentro,montalban-town-center,Montalban Town Center,metro-manila
rrj blues brothers inc,"RRJ/ BLUES BROTHERS, INC.",xentro,balagtas-town-center,Balagtas Town Center,north-luzon
rrj and mr lee exhibit,RRJ AND MR. LEE EXHIBIT,xentro,xentro-mall-santiago,XentroMall Santiago,north-luzon
rrj and mr lee d candy station,RRJ and Mr. Lee D' CANDY STATION,xentro,xentro-mall-calapan,XentroMall Calapan,south-luzon
rrj & mr lee melvino,RRJ & MR. LEE MELVINO,xentro,xentro-mall-lemery,XentroMall Lemery,south-luzon
rpm pilinut candies,RPM PILINUT CANDIES,sm,sm-city-naga,SM City Naga,south-luzon
rehabwise pain and mobility clinic,REHABWISE PAIN AND MOBILITY CLINIC,sm,sm-city-north-edsa,SM City North Edsa,metro-manila
regus,REGUS,sm,sm-cdo-downtown,SM CDO Downtown Premier,mindanao
regenix aesthetic wellness centre,REGENIX AESTHETIC WELLNESS CENTRE,robinsons,robinsons-novaliches,Robinsons Novaliches,metro-manila
pub express,PUB EXPRESS,sm,sm-city-iloilo,SM City Iloilo,visayas
putien,PUTIEN,sm,the-podium,The Podium,metro-manila
purplebox technologies inc,PURPLEBOX TECHNOLOGIES INC.,ayala,ayala-harbor-point,Harbor Point,north-luzon
purple yam homemade cakes and pastries,PURPLE YAM HOMEMADE CAKES AND PASTRIES,sm,sm-city-davao,SM City Davao,mindanao
purple groom petshop,The Purple Groom Petshop,ortigas,tiendesitas,Tiendesitas,metro-manila
purple groom pet salon,The Purple Groom Pet Salon,megaworld,california-garden-square,California Garden Square,metro-manila
purefoods tj hotdogs,Purefoods TJ Hotdogs,robinsons,robinsons-tacloban,Robinsons Place Tacloban,visayas
purefoods tender juicy,PUREFOODS TENDER JUICY,robinsons,robinsons-valencia,Robinsons Place Valencia,mindanao
pure lemon,PURE LEMON,xentro,sta-ana-public-market,Sta Ana Public Market,metro-manila
pupsi ultrasound & lab,PUPSI ULTRASOUND & LAB,ayala,ayala-market-market,Market! Market!,metro-manila
punong bayan,Punong Bayan,robinsons,robinsons-dasmarinas,Robinsons Place Dasmarinas,south-luzon
punch out,Punch Out,ortigas,greenhills,Greenhills,metro-manila
puffys hk egg waffle,PUFFYS HK EGG WAFFLE,sm,sm-lanang,SM Lanang,mindanao
puff and plug vape shop,Puff and Plug Vape Shop,megaworld,greenhouse-village-square,The Greenhouse at Village Square,metro-manila
puerto electronico,PUERTO ELECTRONICO,sm,sm-city-puerto-princesa,SM City Puerto Princesa,south-luzon
psbank atm,PSBank ATM,megaworld,lucky-chinatown-prosperity-wing,Lucky Chinatown - Prosperity Wing,metro-manila
regenesis,Regenesis,filinvest,festival-mall,Festival Mall,metro-manila
psalm diagnostic center,Psalm Diagnostic Center,robinsons,robinsons-galleria-cebu,Robinsons Galleria Cebu,visayas
psa philsys natl id registration,PSA PHILSYS NAT'L ID REGISTRATION,robinsons,robinsons-naga,Robinsons Place Naga,south-luzon
ps bank,PS BANK,xentro,tanay-town-center,Tanay Town Center,south-luzon
prudential guarantee and assurance inc,PRUDENTIAL GUARANTEE AND ASSURANCE INC,sm,sm-seaside-city-cebu,SM Seaside City Cebu,visayas
proxpert,PROXPERT,sm,sm-city-puerto-princesa,SM City Puerto Princesa,south-luzon
protect connect,PROTECT CONNECT,sm,sm-city-masinag,SM City Masinag,metro-manila
protagonist cafe and cocktail lounge,Protagonist Cafe and Cocktail Lounge,megaworld,festive-walk-parade,Festive Walk Parade,visayas
proposed mang inasal,Proposed Mang Inasal,xentro,xentro-mall-tumauini,XentroMall Tumauini,north-luzon
promate technologies,PROMATE TECHNOLOGIES,sm,sm-city-north-edsa,SM City North Edsa,metro-manila
promate,PROMATE,robinsons,robinsons-pagadian,Robinsons Pagadian,mindanao
progressive orthodontics,PROGRESSIVE ORTHODONTICS,sm,sm-megamall,SM Megamall,metro-manila
progear timepieces center,PROGEAR TIMEPIECES CENTER,sm,sm-city-sucat,SM City Sucat,metro-manila
profile dental,Profile Dental,robinsons,robinsons-metro-east,Robinsons Metro East,metro-manila
professional regulation commission (prc),PROFESSIONAL REGULATION COMMISSION (PRC),robinsons,robinsons-manila,Robinsons Place Manila,metro-manila
py,PY,robinsons,robinsons-manila,Robinsons Place Manila,metro-manila
pyt,PYT,robinsons,robinsons-galleria-ortigas,Robinsons Galleria,metro-manila
q dees international preschool enrichment center,Q-DEES INTERNATIONAL PRESCHOOL ENRICHMENT CENTER,sm,the-podium,The Podium,metro-manila
q dees philippines,Q-dees Philippines,megaworld,alabang-west-parade,Alabang West Parade,metro-manila
quickline micro,QUICKLINE MICRO,sm,sm-megamall,SM Megamall,metro-manila
quicklean laundry,QUICKLEAN LAUNDRY,sm,smdc-breeze-mall,SMDC Breeze Mall,metro-manila
quick peek studio,QUICK PEEK STUDIO,robinsons,robinsons-tuguegarao,Robinsons Place Tuguegarao,north-luzon
quezon city government city treasurers office,QUEZON CITY GOVERNMENT CITY TREASURERS OFFICE,sm,sm-city-north-edsa,SM City North Edsa,metro-manila
quezon city business centre,QUEZON CITY BUSINESS CENTRE (OPEN),robinsons,robinsons-galleria-ortigas,Robinsons Galleria,metro-manila
quezon city business center,QUEZON CITY BUSINESS CENTER 9189430200,robinsons,robinsons-magnolia,Robinsons Magnolia,metro-manila
queens toys & candy store,QUEEN'S TOYS & CANDY STORE,robinsons,robinsons-palawan,Robinsons Place Palawan,south-luzon
queen sweets,Queen Sweets,fishermall,malabon,Fisher Mall Malabon,metro-manila
queen mother,QUEEN MOTHER,fishermall,malabon,Fisher Mall Malabon,metro-manila
qube,QUBE,ayala,ayala-solenad,Ayala Malls Nuvali,south-luzon
quantum carousel,Quantum Carousel 9178004531,robinsons,robinsons-santiago,Robinsons Place Santiago,north-luzon
quantum amusement,QUANTUM AMUSEMENT,robinsons,robinsons-pangasinan,Robinsons Place Pangasinan,north-luzon
quan native delicacies,QUAN NATIVE DELICACIES,ayala,ayala-capitol-central,Ayala Malls Capitol Central,visayas
qualfon,Qualfon,robinsons,robinsons-otis,Robinsons Otis,metro-manila
quad b health services inc,QUAD B HEALTH SERVICES INC,sm,sm-city-daet,SM City Daet,south-luzon
qtickles,Qtickles,ortigas,greenhills,Greenhills,metro-manila
qsl,QSL,robinsons,robinsons-pangasinan,Robinsons Place Pangasinan,north-luzon
qsi perfume station,QSI PERFUME STATION,robinsons,robinsons-palawan,Robinsons Place Palawan,south-luzon
qq star depot,QQ STAR DEPOT,xentro,balagtas-town-center,Balagtas Town Center,north-luzon
qq home depot,QQ HOME DEPOT,xentro,balagtas-town-center,Balagtas Town Center,north-luzon
qq depot mobile arena,QQ Depot MOBILE ARENA,xentro,xentro-mall-calapan,XentroMall Calapan,south-luzon
qmx money changing services,QMX MONEY CHANGING SERVICES,ayala,ayala-feliz,Ayala Malls Feliz,metro-manila
qmx money changer,QMX Money Changer,robinsons,robinsons-galleria-ortigas,Robinsons Galleria,metro-manila
qirin vape,QIRIN VAPE,robinsons,robinsons-otis,Robinsons Otis,metro-manila
qcd technology,QCD Technology,robinsons,robinsons-galleria-ortigas,Robinsons Galleria,metro-manila
qavalo,QAVALO 0917-506-6867,robinsons,robinsons-cybergate-cebu,Robinsons Cybergate Cebu,visayas
qatar visa center qvc,QATAR VISA CENTER QVC,sm,nu-mall-of-asia-building,NU MALL OF ASIA BUILDING,metro-manila
q linx,Q-LINX,sm,sm-city-tarlac,SM City Tarlac,north-luzon
q hub,Q-Hub,robinsons,robinsons-dasmarinas,Robinsons Place Dasmarinas,south-luzon
procare cellphone accessories,PROCARE CELLPHONE ACCESSORIES,sm,sm-city-sta-mesa,SM City Sta. Mesa,metro-manila
pro parking,Pro Parking,robinsons,robinsons-otis,Robinsons Otis,metro-manila
pro gear,Pro Gear,waltermart,caloocan,WalterMart Caloocan,metro-manila
premier samgyupsal,Premier Samgyupsal,megaworld,festive-walk-parade,Festive Walk Parade,visayas
prego trattoria,PREGO TRATTORIA,sm,sm-aura,SM Aura,metro-manila
prego outlet,PREGO OUTLET,starmall,san-jose-del-monte,Starmall San Jose del Monte,north-luzon
prego jeans,PREGO JEANS,ayala,ayala-pavilion,Pavilion Mall,south-luzon
predire wellness,Predire Wellness,megaworld,eastwood-cyber-mall,Eastwood Cyber Mall,metro-manila
predire,Predire,robinsons,robinsons-manila,Robinsons Place Manila,metro-manila
precision driving school,PRECISION DRIVING SCHOOL,robinsons,robinsons-metro-east,Robinsons Metro East,metro-manila
precious teeth,PRECIOUS TEETH,robinsons,robinsons-gentrias,Robinsons Place Gen. Trias,south-luzon
precious journey,PRECIOUS JOURNEY,xentro,balagtas-town-center,Balagtas Town Center,north-luzon
precious asher trading corp,Precious Asher Trading Corp,robinsons,robinsons-imus,Robinsons Place Imus,south-luzon
prawn house seafood restaurant,Prawn House Seafood Restaurant,robinsons,robinsons-iligan,Robinsons Place Iligan,mindanao
prada,PRADA,ayala,ayala-greenbelt,Greenbelt,metro-manila
powerstation,POWERSTATION,sm,sm-city-north-edsa,SM City North Edsa,metro-manila
powermac center,Powermac Center,robinsons,robinsons-magnolia,Robinsons Magnolia,metro-manila
powermac,POWERMAC,robinsons,robinsons-la-union,Robinsons Place La Union,north-luzon
powerhouse tools,POWERHOUSE TOOLS,sm,sm-mall-of-asia,SM Mall of Asia,metro-manila
powerhouse pilates,POWERHOUSE PILATES,ayala,ayala-solenad,Ayala Malls Nuvali,south-luzon
powerclick,POWERCLICK,sm,sm-city-trece-martires,SM City Trece Martires,south-luzon
powerbooks noteworthy,POWERBOOKS NOTEWORTHY,sm,the-podium,The Podium,metro-manila
power up,Power Up,filinvest,festival-mall,Festival Mall,metro-manila
power touch wellness massage,Power Touch Wellness Massage,fishermall,quezonave,Fisher Mall Quezon Avenue,metro-manila
power switch,Power Switch,filinvest,festival-mall,Festival Mall,metro-manila
power smile dental clinic,POWER SMILE DENTAL CLINIC,sm,sm-city-san-lazaro,SM City San Lazaro,metro-manila
power play,POWER PLAY,ayala,ayala-feliz,Ayala Malls Feliz,metro-manila
power mack & f accessories,Power MacK & F ACCESSORIES,robinsons,robinsons-valencia,Robinsons Place Valencia,mindanao
power mac service center,POWER MAC SERVICE CENTER,ayala,ayala-abreeza,Abreeza,mindanao
power mac center spotlight,POWER MAC CENTER SPOTLIGHT,ayala,ayala-circuit,Ayala Malls Circuit,metro-manila
power mac center (training center),POWER MAC CENTER (TRAINING CENTER),ayala,ayala-glorietta,Glorietta,metro-manila
power mac center & mobile care,Power Mac Center & Mobile Care,filinvest,festival-mall,Festival Mall,metro-manila
power house,Power House,megaworld,festive-walk-mall-iloilo,Festive Walk Mall,visayas
premier hair and nails salon,Premier Hair and Nails Salon,megaworld,newport-city,Newport City,metro-manila
premium technology,PREMIUM TECHNOLOGY,sm,sm-city-san-fernando-downtown,SM City San Fernando Downtown,north-luzon
pro ech,PRO+ECH,sm,sm-city-clark,SM City Clark,north-luzon
premiumbikes,PREMIUMBIKES,robinsons,robinsons-pagadian,Robinsons Pagadian,mindanao
privon patiserrie,PRIVON PATISERRIE,sm,sm-city-san-lazaro,SM City San Lazaro,metro-manila
pritong manok,PRITONG MANOK,robinsons,robinsons-gen-san,Robinsons Place GenSan,mindanao
printemps,PRINTEMPS,sm,sm-megamall,SM Megamall,metro-manila
print layout,Print Layout,robinsons,robinsons-malolos,Robinsons Place Malolos,north-luzon
princess han (hadja collec ) playground grand entertainment and quality recreation,PRINCESS HAN (HADJA COLLEC.) PLAYGROUND /Grand Entertainment and Quality Recreation,xentro,montalban-town-center,Montalban Town Center,metro-manila
princegadgets marketing cellphone,Princegadgets Marketing Cellphone,araneta,farmers-plaza,Farmers Plaza,metro-manila
primewell city,THE PRIMEWELL CITY,sm,sm-city-marilao,SM City Marilao,north-luzon
primetime,Primetime,robinsons,robinsons-naga,Robinsons Place Naga,south-luzon
primesteak house,PRIMESTEAK HOUSE,robinsons,robinsons-antipolo,Robinsons Place Antipolo,metro-manila
primeros sizzling steaks,PRIMEROS SIZZLING STEAKS,sm,sm-city-baguio,SM City Baguio,north-luzon
primera jewelry,PRIMERA JEWELRY,ayala,ayala-market-market,Market! Market!,metro-manila
prime key,PRIME KEY,sm,smdc-strip-at-sea,SMDC Strip at Sea,metro-manila
prime care,PRIME CARE,sm,sm-city-bicutan,SM City Bicutan,metro-manila
prima medica health clinic,PRIMA MEDICA HEALTH CLINIC,sm,sm-city-sucat,SM City Sucat,metro-manila
prima gold,PRIMA GOLD,robinsons,robinsons-manila,Robinsons Place Manila,metro-manila
prettyvibe,PRETTYVIBE,robinsons,robinsons-sta-rosa,Robinsons Sta. Rosa,south-luzon
prettylooks,Prettylooks,megaworld,uptown-parade,Uptown Parade,metro-manila
pretty woman house of fashion minigem (42),PRETTY WOMAN HOUSE OF FASHION MINIGEM (42),xentro,montalban-town-center,Montalban Town Center,metro-manila
pretty nest,Pretty Nest,robinsons,robinsons-novaliches,Robinsons Novaliches,metro-manila
pretty needs,PRETTY NEEDS,xentro,xentro-mall-roxas,XentroMall Roxas,north-luzon
pretty little lashes & nail studio,PRETTY LITTLE LASHES & NAIL STUDIO,starmall,alabang,Starmall Alabang,metro-manila
pretea,PRETEA,robinsons,robinsons-butuan,Robinsons Place Butuan,mindanao
prestige trading,PRESTIGE TRADING,sm,sm-city-bf-paranaque,SM City BF Parañaque,metro-manila
prestea,Prestea,robinsons,robinsons-naga,Robinsons Place Naga,south-luzon
pressnet,Pressnet,waltermart,candelaria,WalterMart Candelaria,south-luzon
press play pictures phils inc,PRESS PLAY PICTURES PHILS INC,sm,sm-aura,SM Aura,metro-manila
press citycycle,PRESS CITYCYCLE,sm,smdc-strip-at-blue,SMDC Strip at Blue,metro-manila
presnet master siomai,PRESNET MASTER SIOMAI,xentro,xentro-mall-lemery,XentroMall Lemery,south-luzon
prep center,PREP Center,ortigas,estancia,Estancia,metro-manila
quickly refreshment,Quickly Refreshment,robinsons,robinsons-antipolo,Robinsons Place Antipolo,metro-manila
quickpeek,QUICKPEEK,robinsons,robinsons-santiago,Robinsons Place Santiago,north-luzon
quickstop,Quickstop,robinsons,robinsons-cybergate-cebu,Robinsons Cybergate Cebu,visayas
reame,REAME,robinsons,robinsons-butuan,Robinsons Place Butuan,mindanao
realme concept store,REALME CONCEPT STORE,sm,sm-center-pulilan,SM Center Pulilan,north-luzon
realme (cellboy),REALME (CELLBOY),starmall,edsa-shaw,Starmall EDSA-Shaw,metro-manila
real me service center,Real Me Service Center,robinsons,robinsons-jaro,Robinsons Place Jaro,visayas
ready set relax,READY-SET-RELAX,robinsons,robinsons-las-pinas,Robinsons Place Las Pinas,metro-manila
re jewerly store,RE Jewerly STore,robinsons,robinsons-jaro,Robinsons Place Jaro,visayas
re find,Re-find,filinvest,festival-mall,Festival Mall,metro-manila
rds tru,RDS TRU,robinsons,robinsons-pagadian,Robinsons Pagadian,mindanao
rds trendy 2024,RDS TRENDY 2024,robinsons,robinsons-ilocos,Robinsons Place Ilocos,north-luzon
rds home outlet,RDS HOME OUTLET,robinsons,robinsons-ilocos,Robinsons Place Ilocos,north-luzon
rds business center,RDS Business Center,robinsons,robinsons-manila,Robinsons Place Manila,metro-manila
rde eatery,RDE EATERY,robinsons,robinsons-novaliches,Robinsons Novaliches,metro-manila
rcg watch service,RCG Watch Service,waltermart,trece-martires,WalterMart Trece Martires,south-luzon
rcd sticker,RCD Sticker,robinsons,robinsons-imus,Robinsons Place Imus,south-luzon
rcbc exhibit mini gem exhibit ( 8),RCBC/EXHIBIT MINI GEM Exhibit (#8),xentro,montalban-town-center,Montalban Town Center,metro-manila
rc skin lite face body center,RC SKIN LITE FACE BODY CENTER,sm,sm-city-san-lazaro,SM City San Lazaro,metro-manila
rc management and medical services,RC MANAGEMENT AND MEDICAL SERVICES,sm,sm-city-batangas,SM City Batangas,south-luzon
rbx (rice in a box),RBX (Rice in a Box),robinsons,robinsons-gentrias,Robinsons Place Gen. Trias,south-luzon
rbc cable,RBC CABLE,robinsons,robinsons-tuguegarao,Robinsons Place Tuguegarao,north-luzon
razons halo halo & palabok,RAZON'S HALO HALO & PALABOK,ayala,ayala-marquee,MarQuee Mall,north-luzon
razons halo halo,Razon's Halo Halo,robinsons,robinsons-starmills,Robinsons Starmills,north-luzon
razons (l l lacaps halo halo) buko rocks,RAZONS (L.L Lacap's Halo-Halo) BUKO ROCKS,xentro,xentro-mall-lemery,XentroMall Lemery,south-luzon
rayos dental,RAYOS DENTAL,robinsons,robinsons-dasmarinas,Robinsons Place Dasmarinas,south-luzon
rave studio,RAVE STUDIO,ayala,ayala-the-30th,Ayala Malls The 30th,metro-manila
rari,RARI,sm,sm-city-north-edsa,SM City North Edsa,metro-manila
rarepair,RAREPAIR,sm,sm-city-pampanga,SM City Pampanga,north-luzon
rare collective,Rare Collective,megaworld,forbes-town,Forbes Town,metro-manila
raptor,Raptor,filinvest,festival-mall,Festival Mall,metro-manila
rapidfix,RAPIDFIX,sm,sm-city-rosales,SM City Rosales,north-luzon
rapide,Rapide,megaworld,eastwood-mall,Eastwood Mall,metro-manila
realme service center,REALME SERVICE CENTER,sm,sm-center-pulilan,SM Center Pulilan,north-luzon
recess (inside maisonette),RECESS (INSIDE MAISONETTE),robinsons,opus,Opus Mall,metro-manila
rangoon ruby,Rangoon Ruby,filinvest,festival-mall,Festival Mall,metro-manila
reclaim health care administrative services corporation,RECLAIM HEALTH CARE ADMINISTRATIVE SERVICES CORPORATION,sm,sm-city-olongapo-downtown,SM City Olongapo Downtown,north-luzon
reformer revolution,Reformer Revolution,megaworld,mckinley-west,McKinley West,metro-manila
redteck inc,Redteck Inc,robinsons,robinsons-lipa,Robinsons Place Lipa,south-luzon
redtech ronyels cellphone and accessories,REDTECH RONYEL'S CELLPHONE AND ACCESSORIES,xentro,xentro-mall-lemery,XentroMall Lemery,south-luzon
redtech,REDTECH,sm,sm-city-clark,SM City Clark,north-luzon
redsas flower shop,REDSA'S FLOWER SHOP,ayala,ayala-market-market,Market! Market!,metro-manila
redragon,REDRAGON,sm,sm-city-north-edsa,SM City North Edsa,metro-manila
redline 3,REDLINE 3,xentro,balagtas-town-center,Balagtas Town Center,north-luzon
redhee gentext telecom,REDHEE GENTEXT TELECOM,sm,sm-city-clark,SM City Clark,north-luzon
redbucks coffee shake,REDBUCK'S COFFEE SHAKE,xentro,balagtas-town-center,Balagtas Town Center,north-luzon
red trendy,Red Trendy,robinsons,robinsons-imus,Robinsons Place Imus,south-luzon
red table,RED TABLE,sm,sm-city-san-lazaro,SM City San Lazaro,metro-manila
red robin kitchen,Red Robin Kitchen,megaworld,eastwood-mall,Eastwood Mall,metro-manila
red ribbon foss coffee,Red Ribbon FOSS COFFEE,xentro,xentro-mall-calapan,XentroMall Calapan,south-luzon
red ribbon bakeshop inc,"RED RIBBON BAKESHOP, INC",starmall,san-jose-del-monte,Starmall San Jose del Monte,north-luzon
red ribbon bakeshop,RED RIBBON BAKESHOP,robinsons,robinsons-manila,Robinsons Place Manila,metro-manila
red monster shop,Red Monster Shop,araneta,gateway-mall,Gateway Mall,metro-manila
red manila,Red Manila,megaworld,forbes-town,Forbes Town,metro-manila
red lotus,RED LOTUS,robinsons,opus,Opus Mall,metro-manila
red house taiwan shabu shabu,Red House Taiwan Shabu-shabu,filinvest,festival-mall,Festival Mall,metro-manila
red hen restaurant,Red Hen Restaurant,robinsons,robinsons-antique,Robinsons Place Antique,visayas
red hen,Red Hen,megaworld,festive-walk-parade,Festive Walk Parade,visayas
red hat donut,RED HAT DONUT,sm,sm-city-marilao,SM City Marilao,north-luzon
red green pepper mexican grill,RED GREEN PEPPER MEXICAN GRILL,sm,sm-city-baguio,SM City Baguio,north-luzon
red dot,RED DOT,robinsons,robinsons-pangasinan,Robinsons Place Pangasinan,north-luzon
red crab alimango house,The Red Crab Alimango House,megaworld,newport-city,Newport City,metro-manila
red crab,The Red Crab,megaworld,uptown-mall,Uptown Mall,metro-manila
red corner burger cafe,RED CORNER BURGER CAFE,sm,sm-lanang,SM Lanang,mindanao
red clay,RED CLAY,sm,sm-megamall,SM Megamall,metro-manila
recoverylimjoe lemony juice station,RecoveryLIMJOE LEMONY JUICE STATION,sm,sm-city-bicutan,SM City Bicutan,metro-manila
raphas corner,RAPHAS CORNER,sm,sm-city-pampanga,SM City Pampanga,north-luzon
randys donut,RANDY’S DONUT,ayala,one-ayala-mall,One Ayala,metro-manila
quinns cake,Quinn's Cake,robinsons,robinsons-sta-rosa,Robinsons Sta. Rosa,south-luzon
rado,RADO,ayala,ayala-center-cebu,Ayala Center Cebu,visayas
rad tattoo studio,RAD TATTOO STUDIO,sm,sm-city-davao,SM City Davao,mindanao
racquels bakeshop & catering services,Racquel's Bakeshop & Catering Services,robinsons,robinsons-iligan,Robinsons Place Iligan,mindanao
racks restaurant,Racks Restaurant,filinvest,festival-mall,Festival Mall,metro-manila
rachelles alteration services,RACHELLES ALTERATION SERVICES,sm,sm-city-cagayan-de-oro,SM City CDO Uptown,mindanao
rachelle anns flower,RACHELLE ANN'S FLOWER,ayala,ayala-market-market,Market! Market!,metro-manila
racell,RACELL,sm,sm-city-pampanga,SM City Pampanga,north-luzon
ra taho,RA TAHO,sm,sm-city-bicutan,SM City Bicutan,metro-manila
ra digital by robinsons appliances,RA DIGITAL BY ROBINSONS APPLIANCES,robinsons,robinsons-antipolo,Robinsons Place Antipolo,metro-manila
ra beauty touch facial spa center,RA BEAUTY TOUCH FACIAL SPA CENTER,sm,sm-city-daet,SM City Daet,south-luzon
r&n trading,R&N Trading,robinsons,robinsons-imus,Robinsons Place Imus,south-luzon
r&j diamonds in style jewelry co,R&J Diamonds In Style Jewelry Co.,robinsons,robinsons-iloilo,Robinsons Place Iloilo,visayas
r&c motors,R&C MOTORS,waltermart,arayat,WalterMart Arayat,north-luzon
r star white dental clinic,R Star White Dental Clinic,robinsons,robinsons-galleria-cebu,Robinsons Galleria Cebu,visayas
r sarabia optical,R SARABIA OPTICAL,sm,sm-cherry-antipolo,SM Center Antipolo Downtown,metro-manila
r n r beauty products,R N R BEAUTY PRODUCTS,robinsons,robinsons-palawan,Robinsons Place Palawan,south-luzon
r lapids,R. LAPIDS,robinsons,robinsons-galleria-ortigas,Robinsons Galleria,metro-manila
r l ponti dental,R L PONTI DENTAL,sm,sm-city-masinag,SM City Masinag,metro-manila
r florete,R FLORETE,sm,sm-city-iloilo,SM City Iloilo,visayas
r e jewelry shop,R E JEWELRY SHOP (NEW),robinsons,robinsons-iloilo,Robinsons Place Iloilo,visayas
r cayabyab dc musical instruments trading,R CAYABYAB DC MUSICAL INSTRUMENTS TRADING,sm,sm-center-ormoc,SM Center Ormoc,visayas
r appliance s,R APPLIANCE S,robinsons,robinsons-pagadian,Robinsons Pagadian,mindanao
r a taho,R.A TAHO,robinsons,galleria-south,Robinsons Galleria South,south-luzon
r a f (inside maisonette),R.A.F (INSIDE MAISONETTE),robinsons,opus,Opus Mall,metro-manila
r a f,R.A.F.,robinsons,robinsons-magnolia,Robinsons Magnolia,metro-manila
r a d tattoo studio,R.A.D. TATTOO STUDIO,sm,sm-mall-of-asia,SM Mall of Asia,metro-manila
qv salon,QV Salon,robinsons,robinsons-galleria-ortigas,Robinsons Galleria,metro-manila
quinque,QUINQUE,sm,sm-lanang,SM Lanang,mindanao
quinos cafe,QUINOS CAFE,sm,sm-city-bacolod,SM City Bacolod,visayas
quinon ticketing services,Quiñon Ticketing Services,robinsons,robinsons-palawan,Robinsons Place Palawan,south-luzon
radius telecom,RADIUS TELECOM,ayala,ayala-trinoma,Trinoma,metro-manila
rado atelier,THE RADO ATELIER,ayala,ayala-glorietta,Glorietta,metro-manila
randy ortiz dental clinic,RANDY ORTIZ DENTAL CLINIC,fishermall,malabon,Fisher Mall Malabon,metro-manila
rado frederique constant,RADO FREDERIQUE CONSTANT,sm,the-podium,The Podium,metro-manila
ramous region,RAMOUS REGION,robinsons,robinsons-pagadian,Robinsons Pagadian,mindanao
ramirez printing services,Ramirez Printing Services,filinvest,main-square,Main Square,south-luzon
ramenco,RAMENCO,ayala,ayala-legazpi,Ayala Malls Legazpi,south-luzon
ramen yushoken,Ramen Yushoken,ortigas,estancia,Estancia,metro-manila
ramen ton ichi express,Ramen Ton-Ichi Express,robinsons,robinsons-magnolia,Robinsons Magnolia,metro-manila
ramen tetora,RAMEN TETORA,robinsons,robinsons-lipa,Robinsons Place Lipa,south-luzon
ramen naijiro,RAMEN NAIJIRO,robinsons,robinsons-ilocos,Robinsons Place Ilocos,north-luzon
ramen nagi to go,Ramen Nagi To-Go,robinsons,robinsons-antipolo,Robinsons Place Antipolo,metro-manila
ramen keisuke tori king,RAMEN KEISUKE TORI KING,sm,smdc-fame-mall,SMDC Fame Mall,metro-manila
ramen ibuki,Ramen Ibuki,megaworld,uptown-parade,Uptown Parade,metro-manila
ramen bari uma jr,RAMEN BARI-UMA JR,sm,sm-city-consolacion,SM City Consolacion,visayas
ramen bari uma,RAMEN BARI-UMA,sm,sm-city-fairview,SM City Fairview,metro-manila
ramboys,RAMBOYS,sm,sm-city-iloilo,SM City Iloilo,visayas
ramar ticketing,RAMAR TICKETING,robinsons,robinsons-dumaguete,Robinsons Place Dumaguete,visayas
ralph sports,Ralph Sports,ortigas,greenhills,Greenhills,metro-manila
rakuzen food house,RAKUZEN FOOD HOUSE,robinsons,robinsons-malolos,Robinsons Place Malolos,north-luzon
rakso air travel & tours,Rakso Air Travel & Tours,robinsons,robinsons-cybergate-davao,Robinsons Cybergate Davao,mindanao
rakshionista,RAKSHIONISTA,robinsons,robinsons-butuan,Robinsons Place Butuan,mindanao
raks power exhibit (mtc absorb tenant) junaina slippers,RAK'S POWER EXHIBIT (MTC ABSORB TENANT) JUNAINA SLIPPERS,xentro,montalban-town-center,Montalban Town Center,metro-manila
rakimah,Rakimah,ortigas,greenhills,Greenhills,metro-manila
raki yata ramen house,RAKI-YATA RAMEN HOUSE,ayala,ayala-centrio,Centrio Mall,mindanao
raki yata ramen,RAKI-YATA RAMEN,sm,sm-cdo-downtown,SM CDO Downtown Premier,mindanao
rajah palabok plus,RAJAH PALABOK PLUS,robinsons,robinsons-metro-east,Robinsons Metro East,metro-manila
rainbow asia logistics services inc,Rainbow Asia Logistics Services Inc.,ortigas,the-strip,The Strip,metro-manila
rage room and coffee,THE RAGE ROOM AND COFFEE,ayala,ayala-circuit,Ayala Malls Circuit,metro-manila
rage racer,Rage Racer,robinsons,robinsons-galleria-cebu,Robinsons Galleria Cebu,visayas
raffy cellphone & accessories,Raffy Cellphone & Accessories,megaworld,festive-walk-mall-iloilo,Festive Walk Mall,visayas
raffas treats on stix,Raffa's Treats on Stix,robinsons,robinsons-galleria-ortigas,Robinsons Galleria,metro-manila
rafaels tapas bar & restaurant,Rafael's Tapas Bar & Restaurant,megaworld,newport-city,Newport City,metro-manila
salt & stone,SALT & STONE,robinsons,robinsons-antipolo,Robinsons Place Antipolo,metro-manila
salvatore cuomo cafe,SALVATORE CUOMO CAFE,sm,the-podium,The Podium,metro-manila
sta lucia land inc,Sta. Lucia Land Inc.,robinsons,robinsons-tagum,Robinsons Place Tagum,mindanao
sm game park,SM GAME PARK,sm,sm-southmall,SM Southmall,metro-manila
smdc field residences,SMDC FIELD RESIDENCES,sm,sm-city-sucat,SM City Sucat,metro-manila
smdc,SMDC,sm,sm-city-clark,SM City Clark,north-luzon
smartflight,SMARTFLIGHT,ayala,ayala-legazpi,Ayala Malls Legazpi,south-luzon
smart wireless center,SMART WIRELESS CENTER,robinsons,robinsons-manila,Robinsons Place Manila,metro-manila
smart wheel,SMART WHEEL,sm,sm-city-pampanga,SM City Pampanga,north-luzon
smart fishtel,SMART FISHTEL,fishermall,malabon,Fisher Mall Malabon,metro-manila
smart driving school hello kitty,SMART DRIVING SCHOOL HELLO KITTY,xentro,tanay-town-center,Tanay Town Center,south-luzon
smart driving corporation,SMART DRIVING CORPORATION,starmall,edsa-shaw,Starmall EDSA-Shaw,metro-manila
smart business center,Smart - Business Center,robinsons,robinsons-roxas,Robinsons Place Roxas,visayas
smallville montessori,Smallville Montessori,ortigas,the-strip,The Strip,metro-manila
sma world of gems,SMA World of Gems (TEMPORARILY CLOSED),robinsons,robinsons-galleria-ortigas,Robinsons Galleria,metro-manila
sm parking,SM PARKING,xentro,ab-central,Ab Central,metro-manila
sm malls online fulfillment center,SM MALLS ONLINE FULFILLMENT CENTER,sm,sm-megamall,SM Megamall,metro-manila
sm hypermarket carts,SM HYPERMARKET CARTS,sm,smdc-sun-mall,SMDC Sun Mall,metro-manila
sm department store,SM Department Store,ortigas,estancia,Estancia,metro-manila
sobra cafe,SOBRA CAFE,robinsons,opus,Opus Mall,metro-manila
sm cinema regular cinema 1 4,SM CINEMA Regular Cinema 1-4,sm,sm-seaside-city-cebu,SM Seaside City Cebu,visayas
sm by the bay,SM BY THE BAY,sm,smby-amusement-park,SMBY Amusement Park,
sm business service center,SM BUSINESS SERVICE CENTER,sm,sm-city-cebu,SM City Cebu,visayas
sloppy lemonade,Sloppy Lemonade,robinsons,robinsons-naga,Robinsons Place Naga,south-luzon
slimmers world elite,SLIMMERS WORLD ELITE,sm,sm-city-north-edsa,SM City North Edsa,metro-manila
slap stack burger,Slap Stack Burger,ortigas,greenhills,Greenhills,metro-manila
skytower dental clinic,SKYTOWER DENTAL CLINIC,sm,sm-city-olongapo-downtown,SM City Olongapo Downtown,north-luzon
skymc travel and tours,SKYMC TRAVEL AND TOURS,robinsons,robinsons-starmills,Robinsons Starmills,north-luzon
skymall,Skymall,robinsons,robinsons-dasmarinas,Robinsons Place Dasmarinas,south-luzon
skylight cellphone accessories,SKYLIGHT CELLPHONE ACCESSORIES,robinsons,robinsons-metro-east,Robinsons Metro East,metro-manila
skyland,Skyland,robinsons,robinsons-butuan,Robinsons Place Butuan,mindanao
sky lounge travel and tours,THE SKY LOUNGE TRAVEL AND TOURS,ayala,ayala-solenad,Ayala Malls Nuvali,south-luzon
sky hall,SKY HALL,sm,sm-seaside-city-cebu,SM Seaside City Cebu,visayas
sks massage,SKS MASSAGE,sm,sm-center-pulilan,SM Center Pulilan,north-luzon
smdc green 2 residences,SMDC GREEN 2 RESIDENCES,sm,sm-city-dasmarinas,SM City Dasmariñas,south-luzon
smell chic,SMELL CHIC,sm,sm-megamall,SM Megamall,metro-manila
smell me,Smell Me,robinsons,robinsons-galleria-ortigas,Robinsons Galleria,metro-manila
smile and beyond,SMILE AND BEYOND,robinsons,robinsons-antipolo,Robinsons Place Antipolo,metro-manila
so fashionable,SO FASHIONABLE,xentro,balagtas-town-center,Balagtas Town Center,north-luzon
so be near,So Be Near,robinsons,robinsons-tacloban,Robinsons Place Tacloban,visayas
snowpy ice cream mini gem exhibit,SNOWPY ICE CREAM MINI GEM EXHIBIT,xentro,montalban-town-center,Montalban Town Center,metro-manila
snowpy ice cream,Snowpy Ice Cream,robinsons,robinsons-jaro,Robinsons Place Jaro,visayas
snow plus,Snow Plus,robinsons,robinsons-magnolia,Robinsons Magnolia,metro-manila
snow clean laundry service,Snow Clean Laundry Service,megaworld,newport-city,Newport City,metro-manila
snooze,SNOOZE,araneta,ali-mall,Ali Mall,metro-manila
sneakerbox manila,SneakerBox Manila,megaworld,eastwood-mall,Eastwood Mall,metro-manila
sneaker box,Sneaker Box,ortigas,greenhills,Greenhills,metro-manila
snakyard,SNAKYARD 9190893201,robinsons,robinsons-cybergate-cebu,Robinsons Cybergate Cebu,visayas
snacktime imax,SNACKTIME - IMAX,sm,sm-aura,SM Aura,metro-manila
snacktime dc,SNACKTIME - DC,sm,sm-aura,SM Aura,metro-manila
snacks,SNACKS,sm,sm-city-legazpi,SM City Legazpi,south-luzon
snackbar,SNACKBAR,sm,sm-seaside-city-cebu,SM Seaside City Cebu,visayas
snack bar,SNACK BAR,xentro,xentro-mall-lemery,XentroMall Lemery,south-luzon
snack attack,SNACK ATTACK,xentro,xentro-mall-santiago,XentroMall Santiago,north-luzon
smx convention center bacolod,SMX CONVENTION CENTER BACOLOD,sm,sm-city-bacolod,SM City Bacolod,visayas
sms technology,SMS Technology,robinsons,robinsons-galleria-ortigas,Robinsons Galleria,metro-manila
smooth secrets waxing salon,SMOOTH SECRETS WAXING SALON,ayala,ayala-malls-central-bloc,Ayala Malls Central Bloc,visayas
smokin toppings,SMOKIN TOPPINGS,sm,sm-city-davao,SM City Davao,mindanao
smj gold,Smj Gold,filinvest,festival-mall,Festival Mall,metro-manila
smile on dental clinic,Smile On Dental Clinic,ortigas,greenhills,Greenhills,metro-manila
smile lounge,Smile Lounge,robinsons,robinsons-galleria-cebu,Robinsons Galleria Cebu,visayas
smile in style dental clinic,SMILE IN STYLE DENTAL CLINIC,sm,sm-hypermarket-lapulapu,SM Hypermarket Lapu-Lapu,visayas
smile dental hub,SMILE DENTAL HUB,ayala,ayala-centrio,Centrio Mall,mindanao
smile city dental essentials,SMILE CITY DENTAL ESSENTIALS,sm,sm-city-rosales,SM City Rosales,north-luzon
smile city,SMILE CITY,robinsons,robinsons-la-union,Robinsons Place La Union,north-luzon
smile channel dental clinic,SMILE CHANNEL DENTAL CLINIC,ayala,ayala-market-market,Market! Market!,metro-manila
smile bar,THE SMILE BAR,ayala,ayala-vertis,Ayala Malls Vertis North,metro-manila
skoops ice cream,SKOOPS ICE CREAM,robinsons,robinsons-tagum,Robinsons Place Tagum,mindanao
skoops ice ceam,SKOOPS ICE CEAM,robinsons,robinsons-tagum,Robinsons Place Tagum,mindanao
skoop,Skoop,ortigas,estancia,Estancia,metro-manila
skin 911 facial and slimming centre,SKIN 911 FACIAL AND SLIMMING CENTRE,ayala,ayala-center-cebu,Ayala Center Cebu,visayas
skin,SKIN +,ayala,ayala-solenad,Ayala Malls Nuvali,south-luzon
skewd,SKEW'D,robinsons,robinsons-metro-east,Robinsons Metro East,metro-manila
sk pierceson,SK. PIERCESON,robinsons,robinsons-santiago,Robinsons Place Santiago,north-luzon
sjm watch services,SJM WATCH SERVICES,sm,sm-city-molino,SM City Molino,south-luzon
sj lifestyle,Sj Lifestyle,filinvest,festival-mall,Festival Mall,metro-manila
sizzling smoque,SIZZLING SMOQUE,sm,sm-city-santa-rosa,SM City Santa Rosa,south-luzon
sizzling seafoods,Sizzling Seafoods,robinsons,robinsons-galleria-ortigas,Robinsons Galleria,metro-manila
sizzling race,Sizzling Race,robinsons,robinsons-tuguegarao,Robinsons Place Tuguegarao,north-luzon
sizzling cuisine,Sizzling Cuisine,robinsons,robinsons-santiago,Robinsons Place Santiago,north-luzon
sizzling city,SIZZLING CITY,sm,sm-seaside-city-cebu,SM Seaside City Cebu,visayas
sizzlig,Sizzlig,robinsons,robinsons-malabon,Robinsons Town Mall Malabon,metro-manila
sizzlers steaks and chops,SIZZLERS STEAKS AND CHOPS 0928-559-0043,robinsons,robinsons-sta-rosa,Robinsons Sta. Rosa,south-luzon
sizzlers steak and chops,Sizzlers Steak and Chops,robinsons,robinsons-sta-rosa,Robinsons Sta. Rosa,south-luzon
sizzlers steak & chops,Sizzlers Steak & Chops,megaworld,southwoods-mall,Southwoods Mall,south-luzon
sizzle mania,SIZZLE MANIA,robinsons,robinsons-tuguegarao,Robinsons Place Tuguegarao,north-luzon
sizzle corner,SIZZLE CORNER,robinsons,robinsons-metro-east,Robinsons Metro East,metro-manila
six doors buffet,Six Doors Buffet,megaworld,uptown-mall,Uptown Mall,metro-manila
sitting massage clinic,Sitting Massage Clinic,robinsons,robinsons-iligan,Robinsons Place Iligan,mindanao
sitsirya,Sitsirya,ortigas,greenhills,Greenhills,metro-manila
site for eyes optical clinic,SITE FOR EYES OPTICAL CLINIC,sm,sm-lanang,SM Lanang,mindanao
sit rest massage station,SIT REST MASSAGE STATION,sm,sm-city-sucat,SM City Sucat,metro-manila
sit & rest massage station,SIT & REST MASSAGE STATION,robinsons,robinsons-manila,Robinsons Place Manila,metro-manila
sisig station,SISIG STATION,robinsons,robinsons-sta-rosa,Robinsons Sta. Rosa,south-luzon
sisig hooray gourmet express,SISIG HOORAY GOURMET EXPRESS,sm,sm-city-san-mateo,SM City San Mateo,metro-manila
sisig express minigem ( 45),SISIG EXPRESS MINIGEM (#45),xentro,montalban-town-center,Montalban Town Center,metro-manila
sisig express,Sisig Express,filinvest,main-square,Main Square,south-luzon
sir tseff,Sir Tseff',megaworld,mactan-newtown,Mactan Newtown,visayas
sir sisig,SIR SISIG,robinsons,robinsons-novaliches,Robinsons Novaliches,metro-manila
sir george salon aurom,SIR GEORGE SALON AUROM,sm,sm-city-cagayan-de-oro,SM City CDO Uptown,mindanao
skin & body,Skin & Body,filinvest,festival-mall,Festival Mall,metro-manila
skin adept,Skin Adept,ortigas,estancia,Estancia,metro-manila
skk mobile,SKK MOBILE,xentro,balagtas-town-center,Balagtas Town Center,north-luzon
skin bar,Skin Bar,ortigas,greenhills,Greenhills,metro-manila
skk,SKK,xentro,mall-of-the-valley,Mall Of The Valley,north-luzon
skinwell aesthetic spa,SKINWELL AESTHETIC SPA,xentro,balagtas-town-center,Balagtas Town Center,north-luzon
skintrends the acne authority,SkinTrends The Acne Authority,waltermart,makiling,WalterMart Makiling,south-luzon
skintrends,SKINTRENDS,sm,sm-city-fairview,SM City Fairview,metro-manila
skinthetics,SKINTHETICS,robinsons,robinsons-cagayan-de-oro,Robinsons Cagayan de Oro,mindanao
skintech face & beauty center,Skintech Face & Beauty Center,filinvest,il-corso,IL Corso,visayas
skintech,SKINTECH,ayala,ayala-center-cebu,Ayala Center Cebu,visayas
skinrev aesthetic clinic,SKINREV AESTHETIC CLINIC,sm,sm-city-cagayan-de-oro,SM City CDO Uptown,mindanao
skinology spa wellness center,SKINOLOGY SPA WELLNESS CENTER,sm,sm-city-bicutan,SM City Bicutan,metro-manila
skines,Skines,fishermall,quezonave,Fisher Mall Quezon Avenue,metro-manila
skincell advanced aesthetic clinics,SKINCELL ADVANCED AESTHETIC CLINICS,ayala,ayala-feliz,Ayala Malls Feliz,metro-manila
skincare rx,Skincare Rx,ortigas,greenhills,Greenhills,metro-manila
skin u love,SKIN U LOVE,sm,sm-city-urdaneta-central,SM City Urdaneta Central,north-luzon
skin trends,Skin Trends,megaworld,eastwood-cyber-mall,Eastwood Cyber Mall,metro-manila
skin touch,Skin Touch,filinvest,festival-mall,Festival Mall,metro-manila
skin studio,Skin Studio,robinsons,robinsons-tacloban,Robinsons Place Tacloban,visayas
skin story beauty lounge,SKIN STORY BEAUTY LOUNGE,sm,sm-city-north-edsa,SM City North Edsa,metro-manila
skin republic,Skin Republic,megaworld,three-central,Three Central Mall,metro-manila
skin rejuve,SKIN REJUVE,sm,sm-city-puerto-princesa,SM City Puerto Princesa,south-luzon
skin plus,SKIN PLUS,sm,sm-center-angono,SM Center Angono,metro-manila
skin perfect temporarily closed,Skin Perfect TEMPORARILY CLOSED,robinsons,robinsons-iligan,Robinsons Place Iligan,mindanao
skin nurse,SKIN NURSE,robinsons,robinsons-tacloban,Robinsons Place Tacloban,visayas
skin magical,Skin Magical,robinsons,robinsons-tuguegarao,Robinsons Place Tuguegarao,north-luzon
skin hub aesthetic laser center,SKIN HUB AESTHETIC LASER CENTER,sm,sm-city-tuguegarao,SM City Tuguegarao,north-luzon
skin files beauty lounge,SKIN FILES BEAUTY LOUNGE,sm,sm-city-fairview,SM City Fairview,metro-manila
skin centraal dermatology clinic,SKIN CENTRAAL DERMATOLOGY CLINIC,ayala,ayala-circuit,Ayala Malls Circuit,metro-manila
skin cell,Skin Cell,megaworld,venice-grand-canal-mall,Venice Grand Canal Mall,metro-manila
skin care solutions,SKIN CARE SOLUTIONS,sm,sm-mall-of-asia,SM Mall of Asia,metro-manila
skin breathe,SKIN BREATHE,araneta,farmers-plaza,Farmers Plaza,metro-manila
so good gift shop,SO GOOD GIFT SHOP,robinsons,robinsons-dumaguete,Robinsons Place Dumaguete,visayas
social,THE SOCIAL,ayala,ayala-center-cebu,Ayala Center Cebu,visayas
sam stew,SAM STEW,ayala,ayala-vertis,Ayala Malls Vertis North,metro-manila
spinkie,SPINKIE,sm,sm-megamall,SM Megamall,metro-manila
squad skates roller rink,SQUAD SKATES ROLLER RINK,sm,sm-jmall,SM J Mall,visayas
squad skates,SQUAD SKATES,sm,sm-jmall,SM J Mall,visayas
sqj pasalubong,SQJ PASALUBONG,ayala,ayala-fairview-mall,Fairview Terraces,metro-manila
sqeeze n twist,Sqeeze N Twist,robinsons,robinsons-magnolia,Robinsons Magnolia,metro-manila
spud boy,Spud Boy,robinsons,robinsons-jaro,Robinsons Place Jaro,visayas
spring rolls,SPRING ROLLS,robinsons,galleria-south,Robinsons Galleria South,south-luzon
sports shop ph,SPORTS SHOP PH,sm,sm-city-roxas,SM City Roxas,visayas
sports direct,Sports Direct,filinvest,festival-mall,Festival Mall,metro-manila
sports basics,Sports Basics,robinsons,robinsons-pavia,Robinsons Place Pavia,visayas
sport shop ph,Sport Shop Ph,megaworld,festive-walk-mall-iloilo,Festive Walk Mall,visayas
sport b,Sport B,megaworld,newport-city,Newport City,metro-manila
spoofs,SPOOFS,ayala,ayala-manila-bay,Ayala Malls Manila Bay,metro-manila
sploop,SPLOOP,robinsons,robinsons-gen-san,Robinsons Place GenSan,mindanao
splash,Splash,ortigas,greenhills,Greenhills,metro-manila
spigen ph,Spigen Ph,robinsons,robinsons-tacloban,Robinsons Place Tacloban,visayas
social donuts,The Social Donuts,robinsons,robinsons-tagum,Robinsons Place Tagum,mindanao
spice fusion,SPICE FUSION,ayala,ayala-center-cebu,Ayala Center Cebu,visayas
spex appeal repair services,SPEX APPEAL REPAIR SERVICES,sm,sm-city-sta-mesa,SM City Sta. Mesa,metro-manila
sperry keds,SPERRY / KEDS,ayala,ayala-center-cebu,Ayala Center Cebu,visayas
spenders trading & cellphone repair services,Spenders Trading & Cellphone Repair Services,robinsons,robinsons-imus,Robinsons Place Imus,south-luzon
speed circuit,Speed Circuit,robinsons,robinsons-lipa,Robinsons Place Lipa,south-luzon
spectrum,SPECTRUM,sm,sm-city-north-edsa,SM City North Edsa,metro-manila
spectacles by sarabia,SPECTACLES BY SARABIA,ayala,ayala-capitol-central,Ayala Malls Capitol Central,visayas
specialty cakes by hearts bells,SPECIALTY CAKES BY HEARTS BELLS,sm,sm-megamall,SM Megamall,metro-manila
specialized,SPECIALIZED,sm,sm-by-the-bay,SM By the Bay,metro-manila
special toy center,Special Toy Center,filinvest,festival-mall,Festival Mall,metro-manila
spatio,SPATIO,robinsons,opus,Opus Mall,metro-manila
sparkk,SPARKK,sm,sm-city-iloilo,SM City Iloilo,visayas
spark tech mobile,SPARK TECH MOBILE,sm,sm-center-pulilan,SM Center Pulilan,north-luzon
space x time cube,SPACE X TIME CUBE,sm,s-maison,S Maison,metro-manila
square meal,Square Meal,robinsons,robinsons-tacloban,Robinsons Place Tacloban,visayas
square meal food services,Square Meal Food Services,robinsons,robinsons-north-tacloban,Robinsons North Tacloban,visayas
squeeze it,SQUEEZE IT,sm,sm-seaside-city-cebu,SM Seaside City Cebu,visayas
squeeze it lemon,SQUEEZE IT LEMON,robinsons,robinsons-bacolod,Robinsons Place Bacolod,visayas
sta lucia holdings,STA. LUCIA HOLDINGS,robinsons,robinsons-palawan,Robinsons Place Palawan,south-luzon
sta barbara,Sta. Barbara,robinsons,robinsons-malabon,Robinsons Town Mall Malabon,metro-manila
st marc cafe,ST MARC CAFE,sm,sm-megamall,SM Megamall,metro-manila
st louis house of fine ice cream & desserts,ST. LOUIS HOUSE OF FINE ICE CREAM & DESSERTS,ayala,ayala-bonifacio-high-street,Bonifacio High Street,metro-manila
st joseph religious items shop,St. Joseph Religious items Shop,robinsons,robinsons-dumaguete,Robinsons Place Dumaguete,visayas
st joseph drug,ST JOSEPH DRUG,xentro,xentro-mall-tumauini,XentroMall Tumauini,north-luzon
st joseph,St. Joseph,robinsons,robinsons-galleria-ortigas,Robinsons Galleria,metro-manila
st john,St. John,filinvest,festival-mall,Festival Mall,metro-manila
st clare of asissi,ST. CLARE OF ASISSI,robinsons,robinsons-otis,Robinsons Otis,metro-manila
st ali coffee,ST. ALI COFFEE,robinsons,opus,Opus Mall,metro-manila
st ali,ST. ALI,robinsons,opus,Opus Mall,metro-manila
sst laptop & pc shop,Sst Laptop & Pc Shop,filinvest,festival-mall,Festival Mall,metro-manila
sst laptop & gadget repair shop,SST LAPTOP & GADGET REPAIR SHOP 9438205423,robinsons,robinsons-dumaguete,Robinsons Place Dumaguete,visayas
sst gadgets repair,SST GADGETS REPAIR,robinsons,robinsons-manila,Robinsons Place Manila,metro-manila
sss ystilo,"SSS, YSTILO",xentro,xentro-mall-cabagan,XentroMall Cabagan,north-luzon
sss satellite,SSS SATELLITE,xentro,northstar-mall,Northstar Mall,north-luzon
sss bluepoint com,SSS BLUEPOINT.COM,xentro,xentro-mall-lemery,XentroMall Lemery,south-luzon
sss additional area,SSS ADDITIONAL AREA,xentro,northstar-mall,Northstar Mall,north-luzon
ssr household,SSR Household,robinsons,robinsons-galleria-ortigas,Robinsons Galleria,metro-manila
ssamjang korean restaurant,SSAMJANG KOREAN RESTAURANT,sm,sm-city-baliwag,SM City Baliwag,north-luzon
ssamjang express,SSAMJANG EXPRESS,sm,sm-city-baliwag,SM City Baliwag,north-luzon
srt merchandising,SRT Merchandising,robinsons,robinsons-iloilo,Robinsons Place Iloilo,visayas
srl panoceph dental diagnostic clinic,Srl Panoceph Dental Diagnostic Clinic 0917-8557566,robinsons,robinsons-sta-rosa,Robinsons Sta. Rosa,south-luzon
sr watch repair shop,SR Watch Repair Shop,robinsons,robinsons-lipa,Robinsons Place Lipa,south-luzon
sr new york style pizza,SR NEW YORK STYLE PIZZA,sm,sm-city-cebu,SM City Cebu,visayas
squires bingham international,SQUIRES BINGHAM INTERNATIONAL,robinsons,galleria-south,Robinsons Galleria South,south-luzon
squiggy food shop,SQUIGGY FOOD SHOP,sm,sm-by-the-bay,SM By the Bay,metro-manila
squeeze n twist,Squeeze N Twist 9953335509,robinsons,robinsons-magnolia,Robinsons Magnolia,metro-manila
squeeze me,SQUEEZE ME,robinsons,robinsons-palawan,Robinsons Place Palawan,south-luzon
space touch,Space Touch,megaworld,venice-grand-canal-mall,Venice Grand Canal Mall,metro-manila
space time cube,SPACE TIME CUBE,sm,s-maison,S Maison,metro-manila
space arcade,SPACE ARCADE,sm,s-maison,S Maison,metro-manila
solitas bakehouse,Solita's Bakehouse,megaworld,alabang-west-parade,Alabang West Parade,metro-manila
soliman paroli eye care,SOLIMAN PAROLI EYE CARE,sm,sm-city-clark,SM City Clark,north-luzon
solidarity sticker,Solidarity Sticker,filinvest,main-square,Main Square,south-luzon
solid motors,SOLID MOTORS,sm,sm-city-roxas,SM City Roxas,visayas
solemn vows,SOLEMN VOWS,ayala,ayala-market-market,Market! Market!,metro-manila
sole surgeon,SOLE SURGEON,robinsons,robinsons-otis,Robinsons Otis,metro-manila
sole mate,Sole Mate,filinvest,festival-mall,Festival Mall,metro-manila
sole game by the barbery,SOLE GAME BY THE BARBERY,sm,sm-city-north-edsa,SM City North Edsa,metro-manila
sole game,Sole Game,filinvest,festival-mall,Festival Mall,metro-manila
sole destination travel services inc,Sole Destination Travel Services Inc,robinsons,robinsons-antipolo,Robinsons Place Antipolo,metro-manila
sole depot,SOLE DEPOT,ayala,ayala-metropoint,Metro Point Mall,metro-manila
sole avenue,SOLE AVENUE,ayala,ayala-manila-bay,Ayala Malls Manila Bay,metro-manila
sogo office & home furniture,Sogo Office & Home Furniture,robinsons,robinsons-dasmarinas,Robinsons Place Dasmarinas,south-luzon
sogo home and office center,Sogo Home and Office Center,robinsons,galleria-south,Robinsons Galleria South,south-luzon
sogo home & office furniture,SOGO HOME & OFFICE FURNITURE,ayala,ayala-circuit,Ayala Malls Circuit,metro-manila
sogo home & office centre,Sogo Home & Office Centre,robinsons,robinsons-imus,Robinsons Place Imus,south-luzon
sogo home,SOGO HOME,araneta,ali-mall,Ali Mall,metro-manila
sogeum by soban,SOGEUM BY SOBAN,robinsons,opus,Opus Mall,metro-manila
sogamiga,Sogamiga,filinvest,festival-mall,Festival Mall,metro-manila
softy ice cream,SOFTY ICE CREAM,xentro,ab-central,Ab Central,metro-manila
softwash laundromat,SOFTWASH LAUNDROMAT,sm,sm-city-cebu,SM City Cebu,visayas
softawalk,Softawalk,robinsons,robinsons-ilocos,Robinsons Place Ilocos,north-luzon
soen jwin cellphone loading and computer accessories,"SOEN JWIN CELLPHONE, LOADING AND COMPUTER ACCESSORIES",xentro,xentro-mall-lemery,XentroMall Lemery,south-luzon
soen broadway picture city cinnun tronix evans,"SOEN, BROADWAY, PICTURE CITY, CINNUN, TRONIX, EVANS",xentro,xentro-mall-cabagan,XentroMall Cabagan,north-luzon
sodam,SODAM,robinsons,robinsons-dumaguete,Robinsons Place Dumaguete,visayas
socialites driving school,SOCIALITES DRIVING SCHOOL,ayala,ayala-market-market,Market! Market!,metro-manila
socialite collecitons,Socialite Collecitons,megaworld,san-lorenzo-place-mall,San Lorenzo Place Mall,metro-manila
social technomatic save n earn,SOCIAL TECHNOMATIC / SAVE N' EARN,robinsons,robinsons-dumaguete,Robinsons Place Dumaguete,visayas
social security system (sss),SOCIAL SECURITY SYSTEM (SSS),robinsons,robinsons-manila,Robinsons Place Manila,metro-manila
social housing finance corp,Social Housing Finance Corp,filinvest,main-square,Main Square,south-luzon
solinea showroom,SOLINEA SHOWROOM,ayala,ayala-center-cebu,Ayala Center Cebu,visayas
solohod,SOLOHOD,sm,sm-city-fairview,SM City Fairview,metro-manila
space and style furnishing and interiors,SPACE AND STYLE FURNISHING AND INTERIORS,sm,sm-city-north-edsa,SM City North Edsa,metro-manila
solon flower shop,SOLON FLOWER SHOP,robinsons,robinsons-palawan,Robinsons Place Palawan,south-luzon
soy bueno,Soy Bueno,ortigas,greenhills,Greenhills,metro-manila
soy bean,SOY BEAN,sm,sm-city-north-edsa,SM City North Edsa,metro-manila
sowing life,SOWING LIFE,sm,sm-city-fairview,SM City Fairview,metro-manila
souv by cyma,SOUV By Cyma,sm,the-podium,The Podium,metro-manila
southwoods mall,Southwoods Mall,megaworld,southwoods-mall,Southwoods Mall,south-luzon
southwoods cinemas snackbar,Southwoods Cinemas - Snackbar,megaworld,southwoods-mall,Southwoods Mall,south-luzon
southwoods cinemas,Southwoods Cinemas,megaworld,southwoods-mall,Southwoods Mall,south-luzon
southstar drugstore,SOUTHSTAR DRUGSTORE,robinsons,robinsons-cainta,Robinsons Cainta,metro-manila
southern grind bistro,Southern Grind Bistro,robinsons,robinsons-tuguegarao,Robinsons Place Tuguegarao,north-luzon
southeast dermatology,Southeast Dermatology,megaworld,festive-walk-parade,Festive Walk Parade,visayas
southbound manjaru,SOUTHBOUND MANJARU,xentro,xentro-mall-lemery,XentroMall Lemery,south-luzon
southbank cafe lounge,Southbank Café Lounge,ortigas,estancia,Estancia,metro-manila
south star drugs,SOUTH STAR DRUGS,robinsons,robinsons-cybergate-cebu,Robinsons Cybergate Cebu,visayas
south salon,SOUTH SALON,ayala,ayala-solenad,Ayala Malls Nuvali,south-luzon
south bay dental,South Bay Dental,filinvest,il-corso,IL Corso,visayas
souper hot,SOUPER HOT,sm,sm-city-north-edsa,SM City North Edsa,metro-manila
soundroom,SOUNDROOM,sm,sm-city-cebu,SM City Cebu,visayas
soul potato,Soul Potato,robinsons,robinsons-magnolia,Robinsons Magnolia,metro-manila
sorelle skin care and spa,SORELLE SKIN CARE AND SPA,sm,sm-city-santa-rosa,SM City Santa Rosa,south-luzon
sophistique spa,SOPHISTIQUE SPA,robinsons,robinsons-gapan,Robinsons Gapan,north-luzon
sophistikated aesthetics and beauty loungee,SophistiKated Aesthetics and Beauty Loungee,robinsons,robinsons-cybergate-cebu,Robinsons Cybergate Cebu,visayas
sophistikated,SOPHISTIKATED 9657396745,robinsons,robinsons-cybergate-cebu,Robinsons Cybergate Cebu,visayas
sophias hair and nail salon,SOPHIA'S HAIR AND NAIL SALON,sm,sm-center-dagupan,SM Center Dagupan,north-luzon
sophias cellphone accessories store,SOPHIA’S CELLPHONE ACCESSORIES STORE,robinsons,robinsons-roxas,Robinsons Place Roxas,visayas
sophia jewellery,SOPHIA JEWELLERY,sm,sm-city-mindpro,SM City Mindpro,mindanao
sonyda inchiban,SONYDA INCHIBAN,robinsons,robinsons-starmills,Robinsons Starmills,north-luzon
sony centre by avid,Sony Centre by Avid,araneta,gateway-mall,Gateway Mall,metro-manila
sonakshi,SONAKSHI,robinsons,robinsons-manila,Robinsons Place Manila,metro-manila
some thai,SOME THAI,robinsons,opus,Opus Mall,metro-manila
sir george salon,Sir George Salon,megaworld,venice-grand-canal-mall,Venice Grand Canal Mall,metro-manila
sip n stack,Sip N Stack,filinvest,fora,Fora Mall,south-luzon
sip and gogh,Sip And Gogh,megaworld,eastwood-cyber-mall,Eastwood Cyber Mall,metro-manila
scfv internet services,Scfv Internet Services,filinvest,festival-mall,Festival Mall,metro-manila
seafood and steaks,Seafood and Steaks,robinsons,galleria-south,Robinsons Galleria South,south-luzon
sea shack,SEA SHACK,sm,sm-city-grand-central,SM City Grand Central,metro-manila
sea of spa,SEA OF SPA,sm,sm-city-cebu,SM City Cebu,visayas
scs,SCS,ayala,ayala-solenad,Ayala Malls Nuvali,south-luzon
scribe,Scribe,megaworld,eastwood-mall,Eastwood Mall,metro-manila
scratch smashburgers,Scratch Smashburgers,megaworld,eastwood-city-walk,Eastwood City Walk,metro-manila
scoops frozen yogurt,Scoops Frozen Yogurt,robinsons,robinsons-tacloban,Robinsons Place Tacloban,visayas
scooping bar,THE SCOOPING BAR,sm,sm-city-butuan,SM City Butuan,mindanao
scoop pilates studio,SCOOP PILATES STUDIO,robinsons,opus,Opus Mall,metro-manila
scoobys,SCOOBY'S,robinsons,robinsons-dumaguete,Robinsons Place Dumaguete,visayas
scissors palace sandugo,Scissors Palace SANDUGO,xentro,xentro-mall-calapan,XentroMall Calapan,south-luzon
school bus internet,School Bus Internet,robinsons,robinsons-dasmarinas,Robinsons Place Dasmarinas,south-luzon
scholl,Scholl,ortigas,greenhills,Greenhills,metro-manila
schola de vita progressive school,SCHOLA DE VITA PROGRESSIVE SCHOOL,robinsons,robinsons-las-pinas,Robinsons Place Las Pinas,metro-manila
scentswatch,Scentswatch,filinvest,festival-mall,Festival Mall,metro-manila
siomai sa tisa,SIOMAI SA TISA,robinsons,robinsons-iligan,Robinsons Place Iligan,mindanao
scents and sensibilities,SCENTS AND SENSIBILITIES,sm,the-podium,The Podium,metro-manila
scents and blends,Scents And Blends,filinvest,festival-mall,Festival Mall,metro-manila
scentaur essentials,SCENTAUR ESSENTIALS,robinsons,robinsons-cainta,Robinsons Cainta,metro-manila
scent studio by bc fragrance,SCENT STUDIO BY BC FRAGRANCE,sm,sm-city-north-edsa,SM City North Edsa,metro-manila
sbarro satellite,Sbarro Satellite,filinvest,festival-mall,Festival Mall,metro-manila
sbarro earl of sandwich,SBARRO / EARL OF SANDWICH,ayala,ayala-manila-bay,Ayala Malls Manila Bay,metro-manila
sawada ichigo cafe,SAWADA ICHIGO CAFE,robinsons,opus,Opus Mall,metro-manila
savoura,Savoura,robinsons,robinsons-galleria-cebu,Robinsons Galleria Cebu,visayas
savouge aesthetic and wellness center,SAVOUGE AESTHETIC AND WELLNESS CENTER,sm,sm-city-olongapo-central,SM City Olongapo Central,north-luzon
savory,Savory,robinsons,robinsons-north-tacloban,Robinsons North Tacloban,visayas
savers appliance depot,SAVERS APPLIANCE DEPOT,xentro,northstar-mall,Northstar Mall,north-luzon
savemore warehouse,SAVEMORE WAREHOUSE,xentro,mall-of-the-valley,Mall Of The Valley,north-luzon
savemore supermarket lawrence cp 2,SAVEMORE SUPERMARKET LAWRENCE CP 2,xentro,tanay-town-center,Tanay Town Center,south-luzon
savemore storage room,SAVEMORE STORAGE ROOM,xentro,xentro-mall-san-andres,XentroMall San Andres,metro-manila
seafood fiesta,Seafood Fiesta (OPEN),robinsons,robinsons-manila,Robinsons Place Manila,metro-manila
seahorse houseboats & yachts,Seahorse Houseboats & Yachts,megaworld,mactan-newtown,Mactan Newtown,visayas
sealy,SEALY,ayala,ayala-greenbelt,Greenbelt,metro-manila
seashack,Seashack,robinsons,robinsons-la-union,Robinsons Place La Union,north-luzon
serafina,SERAFINA,sm,sm-city-tuguegarao,SM City Tuguegarao,north-luzon
seoulgyupsal open,Seoulgyupsal OPEN,robinsons,robinsons-novaliches,Robinsons Novaliches,metro-manila
seoul station,Seoul Station,megaworld,venice-grand-canal-mall,Venice Grand Canal Mall,metro-manila
seoul mate home kitchen,Seoul Mate Home Kitchen,megaworld,festive-walk-parade,Festive Walk Parade,visayas
seoul korean grill cuisine,SEOUL KOREAN GRILL + CUISINE,ayala,ayala-center-cebu,Ayala Center Cebu,visayas
seoul food house,Seoul Food House,robinsons,robinsons-luisita,Robinsons Luisita,north-luzon
sentro cafe,SENTRO CAFE,sm,sm-city-laoag,SM City Laoag,north-luzon
senses,SENSES,robinsons,opus,Opus Mall,metro-manila
sensei exhibit,SENSEI EXHIBIT,robinsons,robinsons-ilocos,Robinsons Place Ilocos,north-luzon
sensei,Sensei,filinvest,festival-mall,Festival Mall,metro-manila
senorita de bacolod,SEÑORITA DE BACOLOD,sm,sm-city-bacolod,SM City Bacolod,visayas
senor sabores tacos nachos wings,SEÑOR SABORES TACOS NACHOS WINGS,sm,sm-center-tuguegarao-downtown,SM Center Tuguegarao Downtown,north-luzon
senor pollo,Senor Pollo,ortigas,greenhills,Greenhills,metro-manila
senor barbershop,Señor Barbershop,megaworld,newport-city,Newport City,metro-manila
sendem,SENDEM,ayala,ayala-centrio,Centrio Mall,mindanao
selera sets,SELERA SETS,sm,sm-city-davao,SM City Davao,mindanao
selah dental clinic,Selah Dental Clinic,megaworld,southwoods-mall,Southwoods Mall,south-luzon
segunda mana outlet store,SEGUNDA MANA OUTLET STORE,araneta,ali-mall,Ali Mall,metro-manila
segovias cakes and recipes,SEGOVIAS CAKES AND RECIPES,sm,sm-mall-of-asia,SM Mall of Asia,metro-manila
segovia strength,SEGOVIA STRENGTH,ayala,ayala-solenad,Ayala Malls Nuvali,south-luzon
segoi yugo japanese fusion teppan sushi bar,SEGOI YUGO JAPANESE FUSION TEPPAN SUSHI BAR,sm,sm-city-laoag,SM City Laoag,north-luzon
segnatempo,Segnatempo,megaworld,newport-city,Newport City,metro-manila
seekshine,Seekshine,filinvest,festival-mall,Festival Mall,metro-manila
secret recipe,SECRET RECIPE,sm,sm-city-santa-rosa,SM City Santa Rosa,south-luzon
secosana,SECOSANA,ayala,ayala-market-market,Market! Market!,metro-manila
secondo,SECONDO,ayala,ayala-glorietta,Glorietta,metro-manila
second corner clothing store,SECOND CORNER CLOTHING STORE,ayala,ayala-market-market,Market! Market!,metro-manila
sebastians ice cream station,SEBASTIANS ICE CREAM STATION,sm,the-podium,The Podium,metro-manila
sebamed,Sebamed,sm,sm-mall-of-asia,SM Mall of Asia,metro-manila
savemore display,SAVEMORE DISPLAY,xentro,ab-central,Ab Central,metro-manila
saudi gold 18k,SAUDI GOLD 18K,robinsons,robinsons-lipa,Robinsons Place Lipa,south-luzon
saucony,SAUCONY,ayala,ayala-manila-bay,Ayala Malls Manila Bay,metro-manila
sanbry mens grooming house,Sanbry Men's Grooming House,megaworld,san-lorenzo-place-mall,San Lorenzo Place Mall,metro-manila
sana lamig,Sana Lamig,filinvest,festival-mall,Festival Mall,metro-manila
san yang home,San-yang Home,filinvest,festival-mall,Festival Mall,metro-manila
san salvador dental clinic,San Salvador Dental Clinic,fishermall,quezonave,Fisher Mall Quezon Avenue,metro-manila
san roque retrouvaille center,SAN ROQUE RETROUVAILLE CENTER,sm,sm-city-cagayan-de-oro,SM City CDO Uptown,mindanao
san guo la mien,San Guo La Mien,megaworld,lucky-chinatown-mall,Lucky Chinatown Mall,metro-manila
san diegos fab,SAN DIEGO'S FAB,ayala,ayala-harbor-point,Harbor Point,north-luzon
san augusto driving school,SAN AUGUSTO DRIVING SCHOOL,sm,sm-city-tanza,SM City Tanza,south-luzon
samyan thai street food,SAMYAN THAI STREET FOOD,robinsons,robinsons-magnolia,Robinsons Magnolia,metro-manila
samui,SAMUI,sm,sm-city-masinag,SM City Masinag,metro-manila
samsung suzuki,Samsung SUZUKI,xentro,xentro-mall-calapan,XentroMall Calapan,south-luzon
samsung optical,SAMSUNG OPTICAL,araneta,farmers-plaza,Farmers Plaza,metro-manila
samsung mobile captains burger,SAMSUNG MOBILE CAPTAINS BURGER,xentro,montalban-town-center,Montalban Town Center,metro-manila
samsung mobile,SAMSUNG MOBILE,sm,sm-city-fairview,SM City Fairview,metro-manila
samsung experience store,Samsung Experience Store,robinsons,robinsons-valencia,Robinsons Place Valencia,mindanao
samsung concept store,Samsung Concept Store,robinsons,robinsons-tagum,Robinsons Place Tagum,mindanao
samsung (satellite),Samsung (satellite),filinvest,festival-mall,Festival Mall,metro-manila
sams everthing on sticks,SAM'S EVERTHING ON STICKS,robinsons,robinsons-pagadian,Robinsons Pagadian,mindanao
sams,Sam's,robinsons,robinsons-pangasinan,Robinsons Place Pangasinan,north-luzon
samnice weeding treats of la,SAMNICE WEEDING TREATS OF LA,xentro,montalban-town-center,Montalban Town Center,metro-manila
samgyupsal,THE SAMGYUPSAL,robinsons,robinsons-tagaytay,Robinsons Tagaytay,south-luzon
samgyupchill,SAMGYUPCHILL,robinsons,robinsons-butuan,Robinsons Place Butuan,mindanao
samgyup rice bowl,Samgyup Rice Bowl,robinsons,robinsons-los-banos,Robinsons Town Mall Los Banos,south-luzon
samgyup korean restaurant,SAMGYUP KOREAN RESTAURANT,sm,sm-city-dasmarinas,SM City Dasmariñas,south-luzon
samgyuniku unlimited japanese korean bbq,Samgyuniku Unlimited Japanese Korean Bbq,filinvest,festival-mall,Festival Mall,metro-manila
samgyniku,SAMGYNIKU,robinsons,robinsons-gapan,Robinsons Gapan,north-luzon
samgyeop masarap,Samgyeop Masarap,ortigas,greenhills,Greenhills,metro-manila
sameer,SAMEER,robinsons,robinsons-lipa,Robinsons Place Lipa,south-luzon
sambokojin,SAMBOKOJIN,sm,sm-southmall,SM Southmall,metro-manila
samathas steamboat,Samatha's Steamboat,robinsons,robinsons-jaro,Robinsons Place Jaro,visayas
mismukuno,MISMUKUNO,ayala,ayala-center-cebu,Ayala Center Cebu,visayas
sandbox clinic,SANDBOX CLINIC (0917-118-9289),robinsons,robinsons-metro-east,Robinsons Metro East,metro-manila
satchmisatchmi cafe,SATCHMISATCHMI CAFE,sm,sm-megamall,SM Megamall,metro-manila
sandobox,SANDOBOX,robinsons,robinsons-pagadian,Robinsons Pagadian,mindanao
sassa,Sassa,filinvest,festival-mall,Festival Mall,metro-manila
sasa cafe,SASA CAFE,robinsons,robinsons-manila,Robinsons Place Manila,metro-manila
sariwon,SARIWON,ayala,ayala-bonifacio-high-street,Bonifacio High Street,metro-manila
sarahs bakeshop,SARAH'S BAKESHOP,sm,sm-city-manila,SM City Manila,metro-manila
sarah lea travel and tours,SARAH LEA TRAVEL AND TOURS,robinsons,robinsons-tagum,Robinsons Place Tagum,mindanao
sarah fashion,SARAH FASHION,robinsons,robinsons-novaliches,Robinsons Novaliches,metro-manila
sarah & sophie trading,SARAH & SOPHIE TRADING,ayala,ayala-market-market,Market! Market!,metro-manila
sarabia optical world,SARABIA OPTICAL WORLD,ayala,ayala-market-market,Market! Market!,metro-manila
sapatero plus,SAPATERO PLUS,ayala,ayala-the-30th,Ayala Malls The 30th,metro-manila
sanyang furniture,Sanyang Furniture,robinsons,robinsons-dasmarinas,Robinsons Place Dasmarinas,south-luzon
santorini dental digital express,SANTORINI DENTAL DIGITAL EXPRESS,sm,sm-city-fairview,SM City Fairview,metro-manila
santis deli,SANTI'S DELI,ayala,ayala-bonifacio-high-street,Bonifacio High Street,metro-manila
santinos supreme slice,SANTINO'S SUPREME SLICE,starmall,edsa-shaw,Starmall EDSA-Shaw,metro-manila
santinos supreme italian pizza,SANTINO'S SUPREME ITALIAN PIZZA,ayala,ayala-cloverleaf,Ayala Malls Cloverleaf,metro-manila
santibanez flower shop,SANTIBAÑEZ FLOWER SHOP,ayala,ayala-market-market,Market! Market!,metro-manila
santa barbara polo & raquet,SANTA BARBARA POLO & RAQUET 9632236124,robinsons,robinsons-magnolia,Robinsons Magnolia,metro-manila
santa barbara,Santa Barbara,megaworld,eastwood-city-walk,Eastwood City Walk,metro-manila
sans rival cakes and pastries,Sans Rival Cakes and Pastries,robinsons,robinsons-galleria-ortigas,Robinsons Galleria,metro-manila
sans rival cake and pastries,SANS RIVAL CAKE AND PASTRIES,robinsons,robinsons-dumaguete,Robinsons Place Dumaguete,visayas
sans rival bistro,Sans Rival Bistro,filinvest,dumaguete,Filinvest Malls Dumaguete,visayas
sano frozen yogurt,SANO FROZEN YOGURT,robinsons,robinsons-novaliches,Robinsons Novaliches,metro-manila
sankyodai sushi bar,SANKYODAI SUSHI BAR,ayala,ayala-feliz,Ayala Malls Feliz,metro-manila
sanitize us,Sanitize Us,filinvest,main-square,Main Square,south-luzon
sangyupsal house,Sangyupsal House 9121180732/09654654670,robinsons,robinsons-butuan,Robinsons Place Butuan,mindanao
sandztel mobile,SANDZTEL MOBILE,sm,sm-city-calamba,SM City Calamba,south-luzon
sandugo storage room yash gadgets,SANDUGO STORAGE ROOM YASH GADGETS,xentro,xentro-mall-calapan,XentroMall Calapan,south-luzon
sandugo stockroom,SANDUGO STOCKROOM,xentro,montalban-town-center,Montalban Town Center,metro-manila
sandugo sandals,SANDUGO SANDALS,ayala,ayala-metropoint,Metro Point Mall,metro-manila
sandok ni teng,Sandok Ni Teng,filinvest,main-square,Main Square,south-luzon
serenes hair extension and spa,SERENES HAIR EXTENSION AND SPA,sm,sm-center-tuguegarao-downtown,SM Center Tuguegarao Downtown,north-luzon
serinas,SERINA'S,robinsons,robinsons-manila,Robinsons Place Manila,metro-manila
serinas fashion jewelry,SERINA'S FASHION JEWELRY,robinsons,robinsons-malolos,Robinsons Place Malolos,north-luzon
sikwate house,SIKWATE HOUSE,robinsons,robinsons-pagadian,Robinsons Pagadian,mindanao
sift laureana,Sift Laureana,megaworld,venice-grand-canal-mall,Venice Grand Canal Mall,metro-manila
sifra,SIFRA,ayala,ayala-greenbelt,Greenbelt,metro-manila
siete estrellas inc,"SIETE ESTRELLAS, INC.",xentro,balagtas-town-center,Balagtas Town Center,north-luzon
sier,SIER,robinsons,robinsons-manila,Robinsons Place Manila,metro-manila
siennalos,SIENNALOS,sm,sm-city-daet,SM City Daet,south-luzon
sidechick,SIDECHICK,sm,moa-square,MOA Square,metro-manila
side quest,Side Quest,ortigas,estancia,Estancia,metro-manila
sicilian roast,SICILIAN ROAST,sm,sm-city-north-edsa,SM City North Edsa,metro-manila
sibyullee,Sibyullee,ortigas,greenhills,Greenhills,metro-manila
siargao de palmas,SIARGAO DE PALMAS,sm,sm-city-butuan,SM City Butuan,mindanao
siam thai,Siam Thai,ortigas,estancia,Estancia,metro-manila
shylaer sizzling steak,SHYLAER SIZZLING STEAK,sm,sm-center-ormoc,SM Center Ormoc,visayas
shuyi grass jelly,Shuyi Grass Jelly,megaworld,venice-grand-canal-mall,Venice Grand Canal Mall,metro-manila
shuyi,Shuyi,megaworld,eastwood-cyber-mall,Eastwood Cyber Mall,metro-manila
shuomai,SHUOMAI,robinsons,robinsons-iloilo,Robinsons Place Iloilo,visayas
shukey key duplicator,Shukey Key Duplicator,robinsons,robinsons-tacloban,Robinsons Place Tacloban,visayas
shui head spa,SHUI HEAD SPA,sm,sm-city-santa-rosa,SM City Santa Rosa,south-luzon
shou la mien hand pulled noodles,SHOU LA MIEN HAND-PULLED NOODLES,ayala,ayala-manila-bay,Ayala Malls Manila Bay,metro-manila
shopwise supermarket,Shopwise Supermarket,filinvest,festival-mall,Festival Mall,metro-manila
shopwise international grocery,Shopwise International Grocery,araneta,gateway-mall-2,Gateway Mall 2,metro-manila
shopwise,SHOPWISE,ayala,ayala-circuit,Ayala Malls Circuit,metro-manila
shopaholics galaxy burger,SHOPAHOLICS GALAXY BURGER,xentro,montalban-town-center,Montalban Town Center,metro-manila
shomai heart,Shomai Heart,robinsons,robinsons-dasmarinas,Robinsons Place Dasmarinas,south-luzon
shokuji,Shokuji,ortigas,greenhills,Greenhills,metro-manila
shokudo,SHOKUDO,sm,sm-city-caloocan,SM City Caloocan,metro-manila
shoesalon,Shoesalon,filinvest,festival-mall,Festival Mall,metro-manila
shoefix master shoes and bags repair & key duplication,SHOEFIX MASTER SHOES AND BAGS REPAIR & KEY DUPLICATION,robinsons,robinsons-cainta,Robinsons Cainta,metro-manila
shoebox,SHOEBOX,robinsons,robinsons-starmills,Robinsons Starmills,north-luzon
shoe game,SHOE GAME,sm,s-maison,S Maison,metro-manila
signet,SIGNET,robinsons,opus,Opus Mall,metro-manila
silantro,Silantro,megaworld,eastwood-city-walk,Eastwood City Walk,metro-manila
shizuru,SHIZURU,sm,sm-city-sto-tomas,SM City Sto. Tomas,south-luzon
silantro fil mex cantina,SILANTRO FIL-MEX CANTINA,ayala,ayala-up-town-center,U. P. Town Center,metro-manila
siomai house unlimited,Siomai House Unlimited,filinvest,fora,Fora Mall,south-luzon
siomai house minigem ( 43),SIOMAI HOUSE Minigem (#43),xentro,montalban-town-center,Montalban Town Center,metro-manila
siomai house exterior,SIOMAI HOUSE EXTERIOR,starmall,edsa-shaw,Starmall EDSA-Shaw,metro-manila
siomai house empanada espesyal,SIOMAI HOUSE/EMPANADA ESPESYAL,xentro,xentro-mall-calapan,XentroMall Calapan,south-luzon
siomai express,Siomai Express,robinsons,robinsons-tagum,Robinsons Place Tagum,mindanao
siomai district,SIOMAI DISTRICT,sm,sm-city-daet,SM City Daet,south-luzon
sio yummy,SIO-YUMMY,ayala,ayala-capitol-central,Ayala Malls Capitol Central,visayas
sio republic,SIO REPUBLIC,sm,sm-city-bataan,SM City Bataan,north-luzon
sio cha,Sio-Cha,megaworld,lucky-chinatown-imperial-wing,Lucky Chinatown - Imperial Wing,metro-manila
sincerity,Sincerity,megaworld,lucky-chinatown-mall,Lucky Chinatown Mall,metro-manila
simula ph,SIMULA PH,ayala,ayala-glorietta,Glorietta,metro-manila
simply fashion boutique asgar store,SIMPLY FASHION BOUTIQUE ASGAR STORE,xentro,montalban-town-center,Montalban Town Center,metro-manila
simplicity crafts frames county,SIMPLICITY CRAFTS FRAMES COUNTY,sm,sm-city-santa-rosa,SM City Santa Rosa,south-luzon
simplicitea place,SIMPLICITEA PLACE,sm,sm-city-cabanatuan,SM City Cabanatuan,north-luzon
simple jump,SIMPLE JUMP,sm,sm-city-sorsogon,SM City Sorsogon,south-luzon
simple & whole,SIMPLE & WHOLE,sm,sm-city-iloilo,SM City Iloilo,visayas
simon designs,SIMON DESIGNS,sm,sm-city-cagayan-de-oro,SM City CDO Uptown,mindanao
silverworks satellite,Silverworks Satellite,filinvest,festival-mall,Festival Mall,metro-manila
silvertec,SILVERTEC,sm,sm-city-north-edsa,SM City North Edsa,metro-manila
silverholic,SILVERHOLIC,sm,sm-city-general-santos,SM City General Santos,mindanao
silver gems,SILVER GEMS,robinsons,robinsons-iloilo,Robinsons Place Iloilo,visayas
silver gadgets tech and services,SILVER GADGETS TECH AND SERVICES,robinsons,robinsons-iligan,Robinsons Place Iligan,mindanao
silver gadget tech and services,SILVER GADGET TECH AND SERVICES,sm,sm-city-cagayan-de-oro,SM City CDO Uptown,mindanao
silver gadget tech & services,Silver Gadget Tech & Services,robinsons,robinsons-iligan,Robinsons Place Iligan,mindanao
silver collections,Silver Collections,robinsons,robinsons-pangasinan,Robinsons Place Pangasinan,north-luzon
silver best,SILVER BEST,araneta,farmers-plaza,Farmers Plaza,metro-manila
silog express,Silog Express,filinvest,festival-mall,Festival Mall,metro-manila
silkygirl,SILKYGIRL,xentro,sta-ana-public-market,Sta Ana Public Market,metro-manila
silicon valley kimencier,SILICON VALLEY KIMENCIER,xentro,xentro-mall-lemery,XentroMall Lemery,south-luzon
shoe crew ph,SHOE CREW PH,sm,sm-cherry-shaw,SM Center Shaw,metro-manila
shitako takoyaki and pita wrap express,SHITAKO TAKOYAKI AND PITA WRAP EXPRESS,ayala,ayala-harbor-point,Harbor Point,north-luzon
serious player only,Serious Player Only,ortigas,greenhills,Greenhills,metro-manila
shams,Shams,robinsons,robinsons-iligan,Robinsons Place Iligan,mindanao
shakeys pizza,Shakey's Pizza,robinsons,robinsons-ormoc,Robinsons Place Ormoc,visayas
shakeys korn,SHAKEYS KORN,xentro,xentro-mall-lemery,XentroMall Lemery,south-luzon
shakeys (032) 505 5860,SHAKEY'S (032)505-5860,robinsons,robinsons-cybergate-cebu,Robinsons Cybergate Cebu,visayas
shaka cafes,SHAKA CAFES,sm,moa-square,MOA Square,metro-manila
shaka cafe,Shaka Cafe,megaworld,forbes-town,Forbes Town,metro-manila
shadows & patterns,Shadows & Patterns,ortigas,estancia,Estancia,metro-manila
shaburi kintan,SHABURI KINTAN,ayala,ayala-glorietta,Glorietta,metro-manila
sha xian snack,Sha-Xian Snack,megaworld,venice-grand-canal-mall,Venice Grand Canal Mall,metro-manila
sgt sisig,SGT. SISIG,xentro,sta-ana-public-market,Sta Ana Public Market,metro-manila
sgroppino italia coffee shop,SGROPPINO ITALIA COFFEE SHOP,sm,sm-center-ormoc,SM Center Ormoc,visayas
sg urban empanada,SG Urban Empanada,robinsons,robinsons-tuguegarao,Robinsons Place Tuguegarao,north-luzon
sg dermatology and surgical aesthetic clinic,Sg Dermatology And Surgical Aesthetic Clinic,filinvest,festival-mall,Festival Mall,metro-manila
sg clinic,SG Clinic,robinsons,robinsons-manila,Robinsons Place Manila,metro-manila
sfx porcelain trading,SFX PORCELAIN TRADING,araneta,ali-mall,Ali Mall,metro-manila
sfdc ngipin station,Sfdc Ngipin Station,filinvest,festival-mall,Festival Mall,metro-manila
seyah collection,SEYAH COLLECTION,xentro,mall-of-the-valley,Mall Of The Valley,north-luzon
sexy on jeans philippine savings bank,SEXY ON JEANS PHILIPPINE SAVINGS BANK,xentro,montalban-town-center,Montalban Town Center,metro-manila
sewing room and alterations specialist,The Sewing Room And Alterations Specialist,megaworld,clubhouse-temple-drive,The Clubhouse at Temple Drive,metro-manila
sewing bar,SEWING BAR,ayala,ayala-harbor-point,Harbor Point,north-luzon
sew terrific,Sew Terrific,ortigas,estancia,Estancia,metro-manila
sew it right,Sew It Right,waltermart,makati,WalterMart Makati,metro-manila
sew fit upcycling alterations,SEW FIT UPCYCLING ALTERATIONS,sm,sm-seaside-city-cebu,SM Seaside City Cebu,visayas
sew and fit alterations,Sew and Fit Alterations,megaworld,california-garden-square,California Garden Square,metro-manila
seventh j,Seventh J,ortigas,greenhills,Greenhills,metro-manila
seven seven,Seven Seven,robinsons,robinsons-iligan,Robinsons Place Iligan,mindanao
seven gems jewelry,SEVEN GEMS JEWELRY,sm,sm-city-north-edsa,SM City North Edsa,metro-manila
sesou,SESOU,sm,sm-megamall,SM Megamall,metro-manila
servicio,SERVICIO,sm,sm-city-butuan,SM City Butuan,mindanao
serta,SERTA,ayala,ayala-greenbelt,Greenbelt,metro-manila
shama,SHAMA 0946-604-7577 (NEW),robinsons,robinsons-antique,Robinsons Place Antique,visayas
shandie,Shandie,robinsons,robinsons-novaliches,Robinsons Novaliches,metro-manila
shirts & tee,Shirts & Tee,robinsons,robinsons-starmills,Robinsons Starmills,north-luzon
shanghai express,Shanghai Express,megaworld,uptown-parade,Uptown Parade,metro-manila
shirt circuit,SHIRT CIRCUIT,ayala,ayala-market-market,Market! Market!,metro-manila
shipshape,Shipshape,megaworld,venice-grand-canal-mall,Venice Grand Canal Mall,metro-manila
shiotis,Shiotis,ortigas,greenhills,Greenhills,metro-manila
shinju massage clinic,SHINJU MASSAGE CLINIC,sm,sm-city-bacoor,SM City Bacoor,south-luzon
shing fang,SHING FANG,sm,sm-city-consolacion,SM City Consolacion,visayas
shine salon,Shine Salon,robinsons,robinsons-iloilo,Robinsons Place Iloilo,visayas
shine korean salon,Shine Korean Salon,megaworld,festive-walk-mall-iloilo,Festive Walk Mall,visayas
shimmian,SHIMMIAN,sm,sm-city-pampanga,SM City Pampanga,north-luzon
shielas fashion,SHIELA'S FASHION,robinsons,robinsons-lipa,Robinsons Place Lipa,south-luzon
shi takoyaki,SHI' TAKOYAKI,sm,sm-city-bataan,SM City Bataan,north-luzon
shi shi noodle house,SHI SHI NOODLE HOUSE,sm,sm-mall-of-asia,SM Mall of Asia,metro-manila
shi ki sai,Shi Ki Sai,megaworld,mactan-newtown,Mactan Newtown,visayas
sherean fashion,Sherean Fashion,robinsons,robinsons-novaliches,Robinsons Novaliches,metro-manila
shell ev charging station,Shell EV Charging Station,robinsons,robinsons-galleria-ortigas,Robinsons Galleria,metro-manila
sheenas sleek,SHEENA'S SLEEK,araneta,farmers-plaza,Farmers Plaza,metro-manila
sheeha money changer,Sheeha Money Changer,megaworld,forbes-town,Forbes Town,metro-manila
shee bakes,SHEE BAKES,robinsons,robinsons-butuan,Robinsons Place Butuan,mindanao
shearmahz,SHEARMAHZ,sm,sm-city-urdaneta-central,SM City Urdaneta Central,north-luzon
shaxia snack house,Shaxia Snack House,megaworld,lucky-chinatown-prosperity-wing,Lucky Chinatown - Prosperity Wing,metro-manila
shawie nails spa,SHAWIE NAILS SPA,ayala,ayala-serin,Ayala Malls Serin,south-luzon
shawarma lover,Shawarma Lover,robinsons,robinsons-pavia,Robinsons Place Pavia,visayas
shawarma craze,SHAWARMA CRAZE,robinsons,robinsons-gapan,Robinsons Gapan,north-luzon
shawarma,SHAWARMA,ayala,ayala-center-cebu,Ayala Center Cebu,visayas
sharmainescakes and patries,Sharmaines'Cakes and Patries,robinsons,robinsons-iligan,Robinsons Place Iligan,mindanao
shark ninja,Shark Ninja,filinvest,festival-mall,Festival Mall,metro-manila
sharetea,Sharetea,robinsons,robinsons-iloilo,Robinsons Place Iloilo,visayas
shapes and sizes,SHAPES AND SIZES,ayala,ayala-market-market,Market! Market!,metro-manila
shanylle p h,Shanylle P.h,ortigas,greenhills,Greenhills,metro-manila
shanghai saloon,SHANGHAI SALOON,sm,the-podium,The Podium,metro-manila
misreen pet food & accessories,Misreen Pet Food & Accessories,ortigas,tiendesitas,Tiendesitas,metro-manila
laptop expert,THE LAPTOP EXPERT,sm,sm-mall-of-asia,SM Mall of Asia,metro-manila
misen homewares,Misen Homewares,fishermall,quezonave,Fisher Mall Quezon Avenue,metro-manila
cobo tea beverages,COBO TEA BEVERAGES,sm,sm-mall-of-asia,SM Mall of Asia,metro-manila
clydes breads,Clyde's Breads,megaworld,lucky-chinatown-mall,Lucky Chinatown Mall,metro-manila
cma cgm philippines inc,CMA CGM PHILIPPINES INC,sm,sm-cdo-downtown,SM CDO Downtown Premier,mindanao
cmendoza food services,CMENDOZA FOOD SERVICES,xentro,ab-central,Ab Central,metro-manila
cna sjd beauty shop,CNA-SJD BEAUTY SHOP,starmall,san-jose-del-monte,Starmall San Jose del Monte,north-luzon
co limited,CO LIMITED,sm,sm-seaside-city-cebu,SM Seaside City Cebu,visayas
coach,COACH,ayala,ayala-greenbelt,Greenbelt,metro-manila
cocktails md,Cocktails Md,filinvest,festival-mall,Festival Mall,metro-manila
club lux,Club Lux,megaworld,mactan-newtown,Mactan Newtown,visayas
coco circle,COCO CIRCLE,robinsons,robinsons-manila,Robinsons Place Manila,metro-manila
coco corner,COCO CORNER,sm,sm-city-olongapo-central,SM City Olongapo Central,north-luzon
coco life,COCO LIFE,robinsons,robinsons-galleria-ortigas,Robinsons Galleria,metro-manila
cocolicious,COCOLICIOUS,robinsons,robinsons-valencia,Robinsons Place Valencia,mindanao
coconut club and family & friends,COCONUT CLUB AND FAMILY & FRIENDS,ayala,ayala-bonifacio-high-street,Bonifacio High Street,metro-manila
coffee & pine,COFFEE & PINE,sm,sm-city-baguio,SM City Baguio,north-luzon
clydes bread and pastries,CLYDE'S BREAD AND PASTRIES,robinsons,robinsons-metro-east,Robinsons Metro East,metro-manila
clt cafe,CLT CAFE,robinsons,robinsons-gapan,Robinsons Gapan,north-luzon
classique home interior,Classique Home Interior,filinvest,festival-mall,Festival Mall,metro-manila
clicks n clocks,CLICKS N CLOCKS,xentro,mall-of-the-valley,Mall Of The Valley,north-luzon
cle de peau beaute,CLE DE PEAU BEAUTE,ayala,ayala-greenbelt,Greenbelt,metro-manila
clean & bright professional carwash,Clean & Bright Professional Carwash,robinsons,robinsons-cybergate-davao,Robinsons Cybergate Davao,mindanao
cleaning crew,Cleaning Crew,megaworld,california-garden-square,California Garden Square,metro-manila
clear view 3d ultrasound,Clear View 3D Ultrasound,robinsons,robinsons-starmills,Robinsons Starmills,north-luzon
clearcom merchandising,CLEARCOM MERCHANDISING,sm,sm-city-lucena,SM City Lucena,south-luzon
click & prints,Click & Prints,robinsons,robinsons-tuguegarao,Robinsons Place Tuguegarao,north-luzon
clickstore,CLICKSTORE,fishermall,malabon,Fisher Mall Malabon,metro-manila
cloudys chicken hub,CLOUDYS CHICKEN HUB,sm,sm-city-cauayan,SM City Cauayan,north-luzon
clinic for dental concerns,Clinic For Dental Concerns,robinsons,robinsons-dumaguete,Robinsons Place Dumaguete,visayas
clinica comfy dental,CLINICA COMFY DENTAL,ayala,ayala-solenad,Ayala Malls Nuvali,south-luzon
clinica esthetica,Clinica Esthetica 0917-8557566,robinsons,robinsons-sta-rosa,Robinsons Sta. Rosa,south-luzon
clothes by jah,CLOTHES BY JAH,ayala,ayala-harbor-point,Harbor Point,north-luzon
clothes of joy,CLOTHES OF JOY,xentro,balagtas-town-center,Balagtas Town Center,north-luzon
cloud eats,Cloud Eats,megaworld,venice-grand-canal-mall,Venice Grand Canal Mall,metro-manila
coffee academics,THE COFFEE ACADEMICS 9209733716,robinsons,robinsons-magnolia,Robinsons Magnolia,metro-manila
coffee academics cafe,THE COFFEE ACADEMICS CAFE,sm,sm-megamall,SM Megamall,metro-manila
coffee and you coffee house,COFFEE AND YOU COFFEE HOUSE,sm,sm-city-clark,SM City Clark,north-luzon
color me mine,Color Me Mine,megaworld,uptown-mall,Uptown Mall,metro-manila
cold zone,COLD ZONE,sm,sm-cdo-downtown,SM CDO Downtown Premier,mindanao
coldee coffee,Coldee Coffee,filinvest,main-square,Main Square,south-luzon
cole haan grandshop,COLE HAAN GRANDSHOP,sm,sm-city-north-edsa,SM City North Edsa,metro-manila
collage,COLLAGE,ayala,ayala-center-cebu,Ayala Center Cebu,visayas
collective base,Collective Base,ortigas,greenhills,Greenhills,metro-manila
colonial creamery,COLONIAL CREAMERY,sm,sm-city-naga,SM City Naga,south-luzon
color my hair,COLOR MY HAIR,sm,sm-megamall,SM Megamall,metro-manila
coffee bay,COFFEE BAY,sm,sm-seaside-city-cebu,SM Seaside City Cebu,visayas
colorado photo,COLORADO PHOTO,sm,sm-city-pampanga,SM City Pampanga,north-luzon
colourette,COLOURETTE,sm,sm-city-north-edsa,SM City North Edsa,metro-manila
combo de luxe,COMBO DE LUXE,robinsons,robinsons-tuguegarao,Robinsons Place Tuguegarao,north-luzon
comic alley,COMIC ALLEY,sm,sm-city-cebu,SM City Cebu,visayas
comic oddysey,Comic Oddysey,robinsons,robinsons-galleria-ortigas,Robinsons Galleria,metro-manila
commatics,Commatics,filinvest,festival-mall,Festival Mall,metro-manila
cold plate rolled ice cream,COLD PLATE ROLLED ICE CREAM,sm,sm-city-puerto-princesa,SM City Puerto Princesa,south-luzon
cold layers,Cold Layers,fishermall,quezonave,Fisher Mall Quezon Avenue,metro-manila
cold cups,Cold Cups,robinsons,robinsons-jaro,Robinsons Place Jaro,visayas
col financial philippines davao,Col Financial Philippines Davao,robinsons,robinsons-cybergate-davao,Robinsons Cybergate Davao,mindanao
coi,COI,robinsons,robinsons-cybergate-cebu,Robinsons Cybergate Cebu,visayas
coffeebreak nxt,Coffeebreak NXT,robinsons,robinsons-pavia,Robinsons Place Pavia,visayas
coffee spot,Coffee Spot,robinsons,robinsons-valencia,Robinsons Place Valencia,mindanao
coffee shop,The Coffee Shop,ortigas,estancia,Estancia,metro-manila
coffee lounge,THE COFFEE LOUNGE,sm,sm-city-rosales,SM City Rosales,north-luzon
coffee guys coffee shop,COFFEE GUYS COFFEE SHOP,sm,sm-city-bacolod,SM City Bacolod,visayas
coffee for peace,COFFEE FOR PEACE,ayala,ayala-abreeza,Abreeza,mindanao
coffee dream,COFFEE DREAM,sm,sm-city-cebu,SM City Cebu,visayas
coffee but better,COFFEE BUT BETTER,sm,sm-cherry-antipolo,SM Center Antipolo Downtown,metro-manila
coffee break premier,Coffee Break Premier,megaworld,festive-walk-mall-iloilo,Festive Walk Mall,visayas
coffee break elite,Coffee Break Elite,megaworld,festive-walk-mall-iloilo,Festive Walk Mall,visayas
coffee bean & tea leaf (padre faura),The Coffee Bean & Tea Leaf (Padre Faura),robinsons,robinsons-manila,Robinsons Place Manila,metro-manila
coffee bean & tea leaf (midtown),The Coffee Bean & Tea Leaf (Midtown),robinsons,robinsons-manila,Robinsons Place Manila,metro-manila
claw cafe,Claw Cafe,ortigas,estancia,Estancia,metro-manila
classic hifi,CLASSIC HIFI,ayala,ayala-center-cebu,Ayala Center Cebu,visayas
chinoys merienda express delight mitsubishi caravan,Chinoys Merienda Express Delight MITSUBISHI CARAVAN,xentro,xentro-mall-calapan,XentroMall Calapan,south-luzon
churrostar,CHURROSTAR,sm,sm-city-manila,SM City Manila,metro-manila
christine llhuilier,Christine Llhuilier,ortigas,greenhills,Greenhills,metro-manila
christs commission fellowship (ccf),CHRIST'S COMMISSION FELLOWSHIP (CCF),robinsons,galleria-south,Robinsons Galleria South,south-luzon
chroma men,CHROMA MEN,robinsons,robinsons-metro-east,Robinsons Metro East,metro-manila
chronomile watch store,CHRONOMILE WATCH STORE,robinsons,robinsons-santiago,Robinsons Place Santiago,north-luzon
chualong telecom sales & services,CHUALONG TELECOM SALES & SERVICES,xentro,tanay-town-center,Tanay Town Center,south-luzon
chunky boss,CHUNKY BOSS,sm,sm-mall-of-asia,SM Mall of Asia,metro-manila
ciao mango,CIAO MANGO,robinsons,robinsons-malabon,Robinsons Town Mall Malabon,metro-manila
christine lhuillere parfumerie,Christine Lhuillere Parfumerie,araneta,gateway-mall,Gateway Mall,metro-manila
cindys,Cindy's,robinsons,robinsons-luisita,Robinsons Luisita,north-luzon
cindys bakeshop,CINDY'S BAKESHOP,xentro,ilagan-city-mall-isabela,Ilagan City Mall Isabela,north-luzon
cinema lotto outlet,Cinema LOTTO OUTLET,xentro,xentro-mall-calapan,XentroMall Calapan,south-luzon
cinema mc donalds dessert kiosk,CINEMA MC DONALDS DESSERT KIOSK,xentro,xentro-mall-lemery,XentroMall Lemery,south-luzon
cinnun apparel,CINNUN APPAREL,xentro,ilagan-city-mall-isabela,Ilagan City Mall Isabela,north-luzon
circus circus,CIRCUS CIRCUS,xentro,northstar-mall,Northstar Mall,north-luzon
christine lhuillier perfumerie,CHRISTINE LHUILLIER PERFUMERIE,robinsons,robinsons-manila,Robinsons Place Manila,metro-manila
christianna,CHRISTIANNA,ayala,ayala-market-market,Market! Market!,metro-manila
classic burger,CLASSIC BURGER,xentro,ilagan-city-mall-isabela,Ilagan City Mall Isabela,north-luzon
chocolate chamber,The Chocolate Chamber,robinsons,robinsons-galleria-cebu,Robinsons Galleria Cebu,visayas
chippens,CHIPPENS,robinsons,robinsons-cybergate-davao,Robinsons Cybergate Davao,mindanao
chirks n dips,Chirk's N' Dips,robinsons,robinsons-valencia,Robinsons Place Valencia,mindanao
chiropractor inc,"The Chiropractor, Inc.",megaworld,southwoods-mall,Southwoods Mall,south-luzon
chizmoza,Chizmoza,ortigas,estancia,Estancia,metro-manila
chlosam laundry services,CHLOSAM LAUNDRY SERVICES,sm,sm-center-las-pinas,SM Center Las Piñas,metro-manila
chocfull of nuts,Chocfull of Nuts,robinsons,robinsons-magnolia,Robinsons Magnolia,metro-manila
choi garden,Choi Garden,ortigas,greenhills,Greenhills,metro-manila
christian dior,CHRISTIAN DIOR,ayala,ayala-greenbelt,Greenbelt,metro-manila
choo choo train,THE CHOO CHOO TRAIN,robinsons,robinsons-tuguegarao,Robinsons Place Tuguegarao,north-luzon
chosen lane,CHOSEN LANE,xentro,xentro-mall-roxas,XentroMall Roxas,north-luzon
chotto matcha,Chotto Matcha,megaworld,arcovia-city,Arcovia City,metro-manila
chow dynasty,Chow Dynasty,ortigas,greenhills,Greenhills,metro-manila
chowtime,CHOWTIME,waltermart,pasay,WalterMart Pasay,metro-manila
chrishas kitchen,CHRISHA'S KITCHEN,ayala,ayala-glorietta,Glorietta,metro-manila
cisco systems management b v,CISCO SYSTEMS MANAGEMENT B V,sm,sm-aura,SM Aura,metro-manila
citi bites pizza & pasta,Citi Bites Pizza & Pasta,robinsons,robinsons-la-union,Robinsons Place La Union,north-luzon
citidrug,CITIDRUG,xentro,xentro-mall-san-andres,XentroMall San Andres,metro-manila
cjj,CJJ,araneta,farmers-plaza,Farmers Plaza,metro-manila
citycomputer,CITYCOMPUTER,robinsons,robinsons-valencia,Robinsons Place Valencia,mindanao
citydent dental specialty,CITYDENT DENTAL SPECIALTY,sm,sm-city-cebu,SM City Cebu,visayas
civet coffee roasters,THE CIVET COFFEE ROASTERS,sm,sm-city-cebu,SM City Cebu,visayas
civina healthline,Civina Healthline,robinsons,robinsons-palawan,Robinsons Place Palawan,south-luzon
cj five,CJ FIVE,araneta,farmers-plaza,Farmers Plaza,metro-manila
cj home,CJ Home,robinsons,robinsons-dasmarinas,Robinsons Place Dasmarinas,south-luzon
ck&gw storage room,CK&GW STORAGE ROOM,xentro,ilagan-city-mall-isabela,Ilagan City Mall Isabela,north-luzon
citistores inc,"CITISTORES, INC.",xentro,ab-central,Ab Central,metro-manila
ckk kiosk,CKK KIOSK,xentro,xentro-mall-santiago,XentroMall Santiago,north-luzon
cku digital supplies,CKU Digital Supplies,robinsons,robinsons-valencia,Robinsons Place Valencia,mindanao
claire & carlos,Claire & Carlos,ortigas,tiendesitas,Tiendesitas,metro-manila
clara scents,CLARA SCENTS,sm,sm-city-bacoor,SM City Bacoor,south-luzon
clarisse,CLARISSE,sm,sm-cherry-antipolo,SM Center Antipolo Downtown,metro-manila
clarkie,Clarkie,megaworld,mactan-newtown,Mactan Newtown,visayas
citybites laundry,Citybites Laundry,megaworld,california-garden-square,California Garden Square,metro-manila
city treasurers office,CITY TREASURER'S OFFICE,fishermall,quezonave,Fisher Mall Quezon Avenue,metro-manila
city time,CITY TIME,sm,sm-city-fairview,SM City Fairview,metro-manila
city smiles dental services,City Smiles Dental Services,robinsons,robinsons-bacolod,Robinsons Place Bacolod,visayas
city smiles,City Smiles,robinsons,robinsons-iloilo,Robinsons Place Iloilo,visayas
city md,City MD,robinsons,robinsons-bacolod,Robinsons Place Bacolod,visayas
city light,City Light,fishermall,quezonave,Fisher Mall Quezon Avenue,metro-manila
city government of taguig satellite office,CITY GOVERNMENT OF TAGUIG SATELLITE OFFICE,sm,sm-aura,SM Aura,metro-manila
city government of bacoor regional trial court,"City Government Of Bacoor Regional Trial Court (branch 114, 115, 116, 117, 118 And 119)",filinvest,main-square,Main Square,south-luzon
city cycle,City Cycle,megaworld,california-garden-square,California Garden Square,metro-manila
city buffet,CITY BUFFET,sm,sm-city-fairview,SM City Fairview,metro-manila
city best dental clinic,CITY BEST DENTAL CLINIC,sm,sm-city-sta-mesa,SM City Sta. Mesa,metro-manila
citrus pulp detox,CITRUS PULP DETOX,sm,sm-city-clark,SM City Clark,north-luzon
citrus blend,Citrus Blend,waltermart,paniqui,WalterMart Paniqui,north-luzon
citrus and shakes,CITRUS AND SHAKES,robinsons,robinsons-pangasinan,Robinsons Place Pangasinan,north-luzon
citrus & chips,Citrus & Chips,robinsons,robinsons-pangasinan,Robinsons Place Pangasinan,north-luzon
citiwings unli diner,CITIWINGS UNLI DINER,robinsons,robinsons-iloilo,Robinsons Place Iloilo,visayas
comme des garcons,COMME DES GARCONS,ayala,ayala-greenbelt,Greenbelt,metro-manila
common room,COMMON ROOM,ayala,ayala-manila-bay,Ayala Malls Manila Bay,metro-manila
communicare therapy center,COMMUNICARE THERAPY CENTER,sm,sm-mall-of-asia,SM Mall of Asia,metro-manila
curves beauty and wellness spa,CURVES BEAUTY AND WELLNESS SPA,sm,sm-city-tanza,SM City Tanza,south-luzon
cul de sac,CUL-DE-SAC,sm,the-podium,The Podium,metro-manila
cupcakes by sonja,CUPCAKES BY SONJA,sm,sm-megamall,SM Megamall,metro-manila
cupotato,CUP'OTATO,robinsons,robinsons-valencia,Robinsons Place Valencia,mindanao
cuppa,CUPPA,sm,sm-city-novaliches,SM City Novaliches,metro-manila
curried away,Curried Away,ortigas,greenhills,Greenhills,metro-manila
curry angel,CURRY ANGEL,robinsons,robinsons-ilocos,Robinsons Place Ilocos,north-luzon
custodio medical clinic,CUSTODIO MEDICAL CLINIC,sm,sm-city-butuan,SM City Butuan,mindanao
cubyx collective,CUBYX Collective,robinsons,galleria-south,Robinsons Galleria South,south-luzon
custom mate,CUSTOM MATE,ayala,ayala-capitol-central,Ayala Malls Capitol Central,visayas
customistation,Customistation,ortigas,estancia,Estancia,metro-manila
cut 4 tots,Cut 4 Tots,filinvest,festival-mall,Festival Mall,metro-manila
cut encarnacion group of salon dayamona new,CUT ENCARNACION GROUP OF SALON DAYAMONA NEW,xentro,montalban-town-center,Montalban Town Center,metro-manila
cut n polish,CUT N POLISH,sm,sm-city-olongapo-downtown,SM City Olongapo Downtown,north-luzon
cut salon,Cut Salon,ortigas,greenhills,Greenhills,metro-manila
cuesina,CUESINA,sm,smdc-air-mall,SMDC Air Mall,metro-manila
cube bazaar,THE CUBE BAZAAR,ayala,ayala-abreeza,Abreeza,mindanao
complex lifestyle,COMPLEX LIFESTYLE,robinsons,robinsons-gentrias,Robinsons Place Gen. Trias,south-luzon
crushh landing korean dog,CRUSHH LANDING KOREAN DOG,robinsons,robinsons-iligan,Robinsons Place Iligan,mindanao
crosta,Crosta,ortigas,greenhills,Greenhills,metro-manila
crown dental,Crown Dental,megaworld,forbes-town,Forbes Town,metro-manila
crown royale,CROWN ROYALE,sm,sm-city-iloilo,SM City Iloilo,visayas
crucible,THE CRUCIBLE,sm,sm-megamall,SM Megamall,metro-manila
crunch boneless chicken,The Crunch Boneless Chicken,megaworld,venice-grand-canal-mall,Venice Grand Canal Mall,metro-manila
crunchy corner,CRUNCHY CORNER,robinsons,robinsons-palawan,Robinsons Place Palawan,south-luzon
crystal cdr world,Crystal Cdr World,ortigas,greenhills,Greenhills,metro-manila
cualoping securities corporation,CUALOPING SECURITIES CORPORATION,ayala,ayala-circuit,Ayala Malls Circuit,metro-manila
crystalderm,CRYSTALDERM,sm,sm-marketmall-dasmarinas,SM Marketmall Dasmarinas,south-luzon
cs by lfisher,CS BY LFISHER,sm,sm-city-bacolod,SM City Bacolod,visayas
csl cut & shave lounge,CSL CUT & SHAVE LOUNGE,ayala,ayala-malls-central-bloc,Ayala Malls Central Bloc,visayas
ct mobile solution,CT MOBILE SOLUTION,sm,sm-city-pampanga,SM City Pampanga,north-luzon
ctines gadget shop,CTINES GADGET SHOP 9616040564,robinsons,robinsons-cybergate-cebu,Robinsons Cybergate Cebu,visayas
cuadro specialists,CUADRO SPECIALISTS,ayala,ayala-market-market,Market! Market!,metro-manila
cuts 4 tots,Cuts 4 Tots,filinvest,festival-mall,Festival Mall,metro-manila
cuttin loose,Cuttin' Loose,robinsons,robinsons-dumaguete,Robinsons Place Dumaguete,visayas
cvc casing,CVC CASING,sm,sm-city-general-santos,SM City General Santos,mindanao
d&d backyard hydrophonics farm,D&D BACKYARD HYDROPHONICS FARM,sm,sm-center-tuguegarao-downtown,SM Center Tuguegarao Downtown,north-luzon
d nail haus,D' Nail Haus,robinsons,robinsons-starmills,Robinsons Starmills,north-luzon
d rebonding center,D' Rebonding Center,robinsons,robinsons-roxas,Robinsons Place Roxas,visayas
d soul express,D-Soul Express,robinsons,robinsons-galleria-cebu,Robinsons Galleria Cebu,visayas
d vendo,D' Vendo,robinsons,robinsons-jaro,Robinsons Place Jaro,visayas
d vj jewellers,D' VJ Jewellers,robinsons,robinsons-bacolod,Robinsons Place Bacolod,visayas
d westside,D WESTSIDE,sm,sm-city-legazpi,SM City Legazpi,south-luzon
d&d backyard hydroponic farm,D&D BACKYARD HYDROPONIC FARM,sm,sm-city-cauayan,SM City Cauayan,north-luzon
cvc repair,CVC REPAIR,sm,sm-city-general-santos,SM City General Santos,mindanao
d&d guitar,D&D GUITAR,robinsons,robinsons-manila,Robinsons Place Manila,metro-manila
d&j barber shop,D&J Barber Shop,ortigas,greenhills,Greenhills,metro-manila
d&j hair salon,D&J Hair Salon,ortigas,greenhills,Greenhills,metro-manila
daddys toasted siopao,DADDYS TOASTED SIOPAO,sm,sm-city-cauayan,SM City Cauayan,north-luzon
dadskamayansaisaki,DADSKAMAYANSAISAKI,sm,sm-megamall,SM Megamall,metro-manila
dae joa gem,DAE JOA GEM,sm,s-maison,S Maison,metro-manila
d kapitan sisig,D KAPITAN SISIG,sm,sm-center-pasig,SM Center Pasig,metro-manila
d i y hardware & japan home centre,D.I.Y. Hardware & Japan Home Centre,megaworld,southwoods-mall,Southwoods Mall,south-luzon
d froyo mart,D' Froyo Mart,megaworld,southwoods-mall,Southwoods Mall,south-luzon
d cream,D' CREAM,sm,sm-center-dagupan,SM Center Dagupan,north-luzon
d changing style,D' Changing Style,waltermart,cabuyao,WalterMart Cabuyao,south-luzon
d cell city,D' Cell City,robinsons,robinsons-tacloban,Robinsons Place Tacloban,visayas
d amazing patricias pizza,D' AMAZING PATRICIA'S PIZZA,robinsons,robinsons-novaliches,Robinsons Novaliches,metro-manila
czarina exchange,Czarina Exchange,robinsons,robinsons-magnolia,Robinsons Magnolia,metro-manila
cyrille pasalubong,Cyrille Pasalubong,robinsons,robinsons-tacloban,Robinsons Place Tacloban,visayas
cynthias house of fashion,CYNTHIA'S HOUSE OF FASHION,xentro,montalban-town-center,Montalban Town Center,metro-manila
cyma greek taverna,CYMA GREEK TAVERNA,ayala,ayala-trinoma,Trinoma,metro-manila
cycles & cradles,Cycles & Cradles,megaworld,lucky-chinatown-mall,Lucky Chinatown Mall,metro-manila
cycle shack,Cycle Shack,robinsons,robinsons-imus,Robinsons Place Imus,south-luzon
cybertech multibrand,Cybertech Multibrand,robinsons,robinsons-roxas,Robinsons Place Roxas,visayas
cyber excalades,Cyber Excalades,robinsons,robinsons-ilocos,Robinsons Place Ilocos,north-luzon
cy7 cellphone & accessories,CY7 Cellphone & Accessories,robinsons,robinsons-la-union,Robinsons Place La Union,north-luzon
cxf design center,CXF Design Center,ortigas,greenhills,Greenhills,metro-manila
crossway kidney care,Crossway Kidney Care,megaworld,festive-walk-parade,Festive Walk Parade,visayas
cropp,CROPP,sm,smdc-mplace-mall,SMDC Mplace Mall,metro-manila
crispy popiah,CRISPY POPIAH,sm,sm-southmall,SM Southmall,metro-manila
copytown,COPYTOWN,robinsons,robinsons-galleria-ortigas,Robinsons Galleria,metro-manila
cook coffee,COOK COFFEE,sm,the-podium,The Podium,metro-manila
cookpub,COOKPUB,sm,sm-city-mindpro,SM City Mindpro,mindanao
cool charm boutique (fitzwell fashion),COOL CHARM BOUTIQUE (FITZWELL FASHION),xentro,balagtas-town-center,Balagtas Town Center,north-luzon
cool vision,Cool Vision,robinsons,robinsons-ilocos,Robinsons Place Ilocos,north-luzon
coola,COOLA,sm,moa-square,MOA Square,metro-manila
coopertech,COOPERTECH,sm,sm-seaside-city-cebu,SM Seaside City Cebu,visayas
corals candy bar,CORALS CANDY BAR,sm,sm-city-davao,SM City Davao,mindanao
corner market,CORNER MARKET,sm,the-podium,The Podium,metro-manila
coras food house,Cora's Food House,waltermart,balanga,WalterMart Balanga,north-luzon
corc,CORC,ortigas,estancia,Estancia,metro-manila
cordon dragon management and development corp,CORDON DRAGON MANAGEMENT AND DEVELOPMENT CORP.,ayala,ayala-market-market,Market! Market!,metro-manila
core pacific exchange,Core Pacific Exchange,robinsons,robinsons-manila,Robinsons Place Manila,metro-manila
coreen razons halo halo,COREEN RAZONS HALO-HALO,sm,sm-city-clark,SM City Clark,north-luzon
corn dog,CORN DOG,robinsons,robinsons-antipolo,Robinsons Place Antipolo,metro-manila
cook & coffee,COOK & COFFEE,ayala,ayala-manila-bay,Ayala Malls Manila Bay,metro-manila
contis takeout nook,Conti's Takeout Nook,robinsons,robinsons-antipolo,Robinsons Place Antipolo,metro-manila
contis island kiosk,CONTI'S ISLAND KIOSK,sm,sm-city-rosario,SM City Rosario,south-luzon
contis (take out nook),CONTI'S (TAKE OUT NOOK),robinsons,robinsons-lipa,Robinsons Place Lipa,south-luzon
continkuous,CONTINKUOUS,sm,sm-city-marilao,SM City Marilao,north-luzon
consuelos,CONSUELO'S,robinsons,robinsons-iloilo,Robinsons Place Iloilo,visayas
conquer outdoor equipment,Conquer Outdoor Equipment,megaworld,venice-grand-canal-mall,Venice Grand Canal Mall,metro-manila
connect pilates,Connect Pilates,ortigas,greenhills,Greenhills,metro-manila
congo grille,CONGO GRILLE,sm,sm-mall-of-asia,SM Mall of Asia,metro-manila
confluence health and wellness products,Confluence Health And Wellness Products,robinsons,robinsons-iloilo,Robinsons Place Iloilo,visayas
confetti glaze,Confetti Glaze,xentro,shopking,Shopking,metro-manila
concon,Concon,ortigas,greenhills,Greenhills,metro-manila
concept gaming hub,CONCEPT GAMING HUB,sm,sm-city-iloilo,SM City Iloilo,visayas
concentrix hub,CONCENTRIX HUB,robinsons,robinsons-galleria-ortigas,Robinsons Galleria,metro-manila
comworks multibrand,Comworks-Multibrand,fishermall,quezonave,Fisher Mall Quezon Avenue,metro-manila
comworks inc,Comworks Inc.,waltermart,makati,WalterMart Makati,metro-manila
comprehensive dermatology center,Comprehensive Dermatology Center,robinsons,robinsons-galleria-ortigas,Robinsons Galleria,metro-manila
corndog28,Corndog28,megaworld,lucky-chinatown-imperial-wing,Lucky Chinatown - Imperial Wing,metro-manila
cornerstone animal clinic,Cornerstone Animal Clinic,ortigas,tiendesitas,Tiendesitas,metro-manila
crisostomo restaurant,Crisostomo Restaurant,robinsons,robinsons-manila,Robinsons Place Manila,metro-manila
creations lourd ramos salon,CREATIONS LOURD RAMOS SALON,sm,sm-center-pulilan,SM Center Pulilan,north-luzon
crawling dinosaurs,Crawling Dinosaurs,robinsons,robinsons-gen-san,Robinsons Place GenSan,mindanao
craze mango,CRAZE MANGO,sm,sm-city-san-jose-del-monte,SM City San Jose Del Monte,north-luzon
crazy lemons,CRAZY LEMONS,sm,sm-city-mindpro,SM City Mindpro,mindanao
crazy maki,Crazy Maki,filinvest,festival-mall,Festival Mall,metro-manila
cream n bake,CREAM N' BAKE 0932-775-3987,robinsons,robinsons-cybergate-cebu,Robinsons Cybergate Cebu,visayas
creamee d lite,CREAMEE D-LITE,robinsons,robinsons-naga,Robinsons Place Naga,south-luzon
creative play corner school,Creative Play Corner School,megaworld,mckinley-west,McKinley West,metro-manila
cos,COS,sm,sm-aura,SM Aura,metro-manila
creativity lounge,CREATIVITY LOUNGE,ayala,one-ayala-mall,One Ayala,metro-manila
crepe espresso and kuroda,"Crepe, Espresso and Kuroda",megaworld,venice-grand-canal-mall,Venice Grand Canal Mall,metro-manila
crepe glazik,Crepe Glazik,megaworld,uptown-mall,Uptown Mall,metro-manila
criscom telecom,Criscom Telecom,waltermart,gapan,WalterMart Gapan,north-luzon
criseldas,Criseldas,robinsons,robinsons-tuguegarao,Robinsons Place Tuguegarao,north-luzon
crismalee,Crismalee,robinsons,robinsons-malabon,Robinsons Town Mall Malabon,metro-manila
crawling animals,Crawling Animals,robinsons,robinsons-valencia,Robinsons Place Valencia,mindanao
crave halal,CRAVE HALAL,robinsons,robinsons-novaliches,Robinsons Novaliches,metro-manila
craft lounge,CRAFT LOUNGE,sm,sm-city-davao,SM City Davao,mindanao
craft central cafe,THE CRAFT CENTRAL CAFÉ,ayala,ayala-vertis,Ayala Malls Vertis North,metro-manila
crackles,CRACKLES,sm,sm-by-the-bay,SM By the Bay,metro-manila
cppc fix,CPPC FIX,sm,sm-city-san-jose-del-monte,SM City San Jose Del Monte,north-luzon
cpm drug testing & medical center,CPM DRUG TESTING & MEDICAL CENTER,robinsons,robinsons-cainta,Robinsons Cainta,metro-manila
cowrie grill,Cowrie Grill,ortigas,greenhills,Greenhills,metro-manila
countryside steakhouse & cafe,Countryside Steakhouse & Cafe,robinsons,robinsons-imus,Robinsons Place Imus,south-luzon
country basket pastries more,COUNTRY BASKET PASTRIES MORE,sm,sm-city-cebu,SM City Cebu,visayas
cougar,COUGAR,sm,sm-city-north-edsa,SM City North Edsa,metro-manila
cotton kendi,COTTON KENDI,sm,sm-cdo-downtown,SM CDO Downtown Premier,mindanao
cotton depot,Cotton Depot,filinvest,festival-mall,Festival Mall,metro-manila
cotton candy,Cotton Candy(timezone),filinvest,festival-mall,Festival Mall,metro-manila
costal & co,Costal & Co,ortigas,greenhills,Greenhills,metro-manila
cosmopolitan parlor manjaru,COSMOPOLITAN PARLOR MANJARU,xentro,tanay-town-center,Tanay Town Center,south-luzon
cosmic kidz,COSMIC KIDZ,sm,sm-mall-of-asia,SM Mall of Asia,metro-manila
chins express inihaw express,Chin’s Express / Inihaw Express,filinvest,festival-mall,Festival Mall,metro-manila
chinooks roast and fried chicken,CHINOOKS ROAST AND FRIED CHICKEN,robinsons,robinsons-sta-rosa,Robinsons Sta. Rosa,south-luzon
misaki,Misaki,filinvest,festival-mall,Festival Mall,metro-manila
castle candy,CASTLE CANDY,robinsons,robinsons-tagum,Robinsons Place Tagum,mindanao
casipit dental center,CASIPIT DENTAL CENTER,sm,sm-center-dagupan,SM Center Dagupan,north-luzon
casipit dental group,Casipit Dental Group,robinsons,robinsons-pangasinan,Robinsons Place Pangasinan,north-luzon
cassa calle,Cassa Calle,waltermart,antipolo,WalterMart Antipolo,metro-manila
cassaleyah beauty hub,Cassaleyah Beauty Hub,robinsons,robinsons-tagum,Robinsons Place Tagum,mindanao
cassalu,Cassalu,filinvest,festival-mall,Festival Mall,metro-manila
castel scrub,Castel Scrub,ortigas,greenhills,Greenhills,metro-manila
casy,Casy,robinsons,robinsons-galleria-ortigas,Robinsons Galleria,metro-manila
caseology,CASEOLOGY,sm,sm-megamall,SM Megamall,metro-manila
caterpillar room,The Caterpillar Room,megaworld,greenhouse-village-square,The Greenhouse at Village Square,metro-manila
catholic trade,CATHOLIC TRADE,araneta,farmers-plaza,Farmers Plaza,metro-manila
cavitechon lechon house,CAVITECHON LECHON HOUSE,sm,sm-city-dasmarinas,SM City Dasmariñas,south-luzon
cayettas pasalubong,Cayetta's Pasalubong,fishermall,malabon,Fisher Mall Malabon,metro-manila
cbc teller card,CBC Teller Card,waltermart,antipolo,WalterMart Antipolo,metro-manila
cbc tellercard,CBC TELLERCARD,sm,sm-city-daet,SM City Daet,south-luzon
casio asprey,Casio/Asprey,waltermart,north-edsa,WalterMart North EDSA,metro-manila
case to case,Case to Case,fishermall,quezonave,Fisher Mall Quezon Avenue,metro-manila
carters,CARTERS,sm,sm-seaside-city-cebu,SM Seaside City Cebu,visayas
casa euro,CASA EURO,sm,s-maison,S Maison,metro-manila
cartier,CARTIER,ayala,ayala-greenbelt,Greenbelt,metro-manila
cartrick,Cartrick,robinsons,robinsons-pangasinan,Robinsons Place Pangasinan,north-luzon
carwash,CARWASH,xentro,morong-centerpoint,Morong Centerpoint,metro-manila
casa blanca,Casa Blanca,filinvest,festival-mall,Festival Mall,metro-manila
casa derma,CASA DERMA,ayala,ayala-marikina,Ayala Malls Marikina,metro-manila
casa elegante,Casa Elegante,robinsons,robinsons-dasmarinas,Robinsons Place Dasmarinas,south-luzon
casa medica,CASA MEDICA,sm,sm-southmall,SM Southmall,metro-manila
case 4 u,CASE 4 U,robinsons,robinsons-antipolo,Robinsons Place Antipolo,metro-manila
casa norte,CASA NORTE,sm,sm-city-fairview,SM City Fairview,metro-manila
casa reyes,Casa Reyes,ortigas,greenhills,Greenhills,metro-manila
casa romantica,CASA ROMANTICA,ayala,ayala-solenad,Ayala Malls Nuvali,south-luzon
casa sofrea,Casa Sofrea,filinvest,festival-mall,Festival Mall,metro-manila
casa velyn,CASA VELYN,sm,sm-city-mindpro,SM City Mindpro,mindanao
casaje optical,Casaje Optical,ortigas,greenhills,Greenhills,metro-manila
ccf,CCF,megaworld,eastwood-city-walk,Eastwood City Walk,metro-manila
ccg philpan,CCG / PHILPAN,araneta,ali-mall,Ali Mall,metro-manila
cd options,CD OPTIONS,sm,sm-city-fairview,SM City Fairview,metro-manila
celebrations,Celebrations,filinvest,festival-mall,Festival Mall,metro-manila
cebuana lhuillier pawnshop bs mobile,CEBUANA LHUILLIER PAWNSHOP BS MOBILE,xentro,tanay-town-center,Tanay Town Center,south-luzon
cebuana lhuillier pera padala,CEBUANA LHUILLIER PERA PADALA,ayala,ayala-market-market,Market! Market!,metro-manila
cebus best ricos lechon,Cebu's Best Rico's Lechon,sm,sm-mall-of-asia,SM Mall of Asia,metro-manila
cebus tasty lechon,CEBUS TASTY LECHON,sm,sm-city-consolacion,SM City Consolacion,visayas
cecils snack inn,CECIL'S SNACK INN,ayala,ayala-abreeza,Abreeza,mindanao
cedric time enterprises,CEDRIC TIME ENTERPRISES,ayala,ayala-pavilion,Pavilion Mall,south-luzon
celebrity jam cake and pastry shop,CELEBRITY JAM CAKE AND PASTRY SHOP,sm,sm-city-pampanga,SM City Pampanga,north-luzon
cdms hair gallery & spa,CDM'S HAIR GALLERY & SPA,robinsons,robinsons-tagum,Robinsons Place Tagum,mindanao
celeste pinon,CELESTE PIÑON,xentro,ab-central,Ab Central,metro-manila
celestial,Celestial,robinsons,robinsons-lipa,Robinsons Place Lipa,south-luzon
celine,CELINE,ayala,ayala-greenbelt,Greenbelt,metro-manila
celine (cln),Celine (cln),filinvest,festival-mall,Festival Mall,metro-manila
celines gems jewels,CELINES GEMS JEWELS,sm,sm-city-lucena,SM City Lucena,south-luzon
cell active,Cell Active,robinsons,robinsons-palawan,Robinsons Place Palawan,south-luzon
cebuana lhuillier jewelry premium,CEBUANA LHUILLIER JEWELRY PREMIUM,sm,sm-city-manila,SM City Manila,metro-manila
cebuana lhuillier financial,Cebuana Lhuillier Financial,robinsons,robinsons-galleria-ortigas,Robinsons Galleria,metro-manila
cebuana lhuiller financial,Cebuana Lhuiller Financial,robinsons,robinsons-galleria-ortigas,Robinsons Galleria,metro-manila
cebu sweet candy store,CEBU SWEET CANDY STORE,sm,sm-city-consolacion,SM City Consolacion,visayas
cebu smiles doctors clinic,Cebu Smiles Doctors Clinic 9173204651,robinsons,robinsons-cybergate-cebu,Robinsons Cybergate Cebu,visayas
cebu smiles dentistry co,CEBU SMILES DENTISTRY CO,sm,sm-seaside-city-cebu,SM Seaside City Cebu,visayas
cebu smile studio,Cebu Smile Studio 0908-254-2305,robinsons,robinsons-cybergate-cebu,Robinsons Cybergate Cebu,visayas
cebu products,CEBU PRODUCTS,ayala,ayala-market-market,Market! Market!,metro-manila
cebu pacific air,Cebu Pacific Air,robinsons,robinsons-galleria-cebu,Robinsons Galleria Cebu,visayas
cebu orthopaedic institute l4,Cebu Orthopaedic Institute L4 0943-072-4856,robinsons,robinsons-cybergate-cebu,Robinsons Cybergate Cebu,visayas
cebu fiesta island of the south restaurant,CEBU FIESTA ISLAND OF THE SOUTH RESTAURANT,sm,sm-city-north-edsa,SM City North Edsa,metro-manila
cdr king signature trading,CDR KING Signature Trading,xentro,montalban-town-center,Montalban Town Center,metro-manila
cdr king h and m cp,CDR King H AND M CP,xentro,xentro-mall-calapan,XentroMall Calapan,south-luzon
cdr king bs mobile,CDR KING BS MOBILE,xentro,xentro-mall-lemery,XentroMall Lemery,south-luzon
cdr king,CDR KING,xentro,xentro-mall-cabagan,XentroMall Cabagan,north-luzon
cdo skin health experts dermatology laser clinic,CDO SKIN HEALTH EXPERTS DERMATOLOGY LASER CLINIC,sm,sm-cdo-downtown,SM CDO Downtown Premier,mindanao
cdo skin experts dermatology & laser clinic,THE CDO SKIN EXPERTS DERMATOLOGY & LASER CLINIC,ayala,ayala-centrio,Centrio Mall,mindanao
carters osh kosh b gosh,Carter's Osh Kosh B' Gosh,robinsons,robinsons-magnolia,Robinsons Magnolia,metro-manila
carry thru iguanas,CARRY THRU IGUANAS,xentro,xentro-mall-santiago,XentroMall Santiago,north-luzon
chinooks,CHINOOKS,robinsons,robinsons-sta-rosa,Robinsons Sta. Rosa,south-luzon
candava,Candava,robinsons,robinsons-lipa,Robinsons Place Lipa,south-luzon
camp jump,CAMP JUMP,sm,sm-city-puerto-princesa,SM City Puerto Princesa,south-luzon
can diagnosis center,CAN DIAGNOSIS CENTER,robinsons,galleria-south,Robinsons Galleria South,south-luzon
canadian immigration consultancy,CANADIAN IMMIGRATION CONSULTANCY,sm,sm-city-north-edsa,SM City North Edsa,metro-manila
cancer and multi specialty clinic,Cancer And Multi-Specialty Clinic,robinsons,robinsons-cybergate-cebu,Robinsons Cybergate Cebu,visayas
cancer and multispecialty center dr ellen gasendo,Cancer and Multispecialty Center Dr. Ellen Gasendo 0932-494-3147,robinsons,robinsons-cybergate-cebu,Robinsons Cybergate Cebu,visayas
cancio,CANCIO,sm,sm-megamall,SM Megamall,metro-manila
candid,Candid,ortigas,greenhills,Greenhills,metro-manila
camera haus,Camera Haus,robinsons,robinsons-manila,Robinsons Place Manila,metro-manila
candy jar,CANDY JAR,robinsons,robinsons-novaliches,Robinsons Novaliches,metro-manila
candy land,CANDY LAND,robinsons,robinsons-pagadian,Robinsons Pagadian,mindanao
candy mania,CANDY MANIA,sm,sm-city-clark,SM City Clark,north-luzon
candy stop rclm jewelries,CANDY STOP RCLM JEWELRIES,xentro,montalban-town-center,Montalban Town Center,metro-manila
candy up,Candy Up,robinsons,robinsons-novaliches,Robinsons Novaliches,metro-manila
candys cafe & restaurant,CANDY'S CAFE & RESTAURANT,ayala,ayala-centrio,Centrio Mall,mindanao
camerahaus fujifilm,CAMERAHAUS / FUJIFILM,ayala,ayala-manila-bay,Ayala Malls Manila Bay,metro-manila
camella north office,CAMELLA NORTH OFFICE,starmall,san-jose-del-monte,Starmall San Jose del Monte,north-luzon
carry thru cs 1,CARRY THRU CS-1,xentro,xentro-mall-roxas,XentroMall Roxas,north-luzon
calle reyes,CALLE REYES,sm,sm-city-marikina,SM City Marikina,metro-manila
calacsan mobile,CALACSAN MOBILE,xentro,xentro-mall-tumauini,XentroMall Tumauini,north-luzon
caleon bakery,Caleon Bakery,robinsons,robinsons-novaliches,Robinsons Novaliches,metro-manila
california nail spa,California Nail Spa,ortigas,greenhills,Greenhills,metro-manila
california nails,California Nails,filinvest,festival-mall,Festival Mall,metro-manila
california nails & day spa,CALIFORNIA NAILS & DAY SPA,ayala,ayala-market-market,Market! Market!,metro-manila
calixto ponce demana,CALIXTO PONCE DEMANA,xentro,ab-central,Ab Central,metro-manila
calmar land,CALMAR LAND,sm,sm-city-lucena,SM City Lucena,south-luzon
camella north border,CAMELLA NORTH BORDER,xentro,balagtas-town-center,Balagtas Town Center,north-luzon
calvin klein by the watch store,CALVIN KLEIN BY THE WATCH STORE,sm,sm-city-north-edsa,SM City North Edsa,metro-manila
calvin klein jeans & underwear,Calvin Klein Jeans & Underwear,robinsons,robinsons-manila,Robinsons Place Manila,metro-manila
calvin klein underwear,CALVIN KLEIN UNDERWEAR,robinsons,robinsons-manila,Robinsons Place Manila,metro-manila
cambridge child development centre,CAMBRIDGE CHILD DEVELOPMENT CENTRE,ayala,ayala-serendra,Shops at Serendra,metro-manila
camella,CAMELLA,starmall,alabang,Starmall Alabang,metro-manila
camella condo homes,CAMELLA CONDO HOMES,starmall,alabang,Starmall Alabang,metro-manila
cangrejos locos,Cangrejos Locos,megaworld,alabang-west-parade,Alabang West Parade,metro-manila
canvasse skin,Canvásse Skin,ortigas,greenhills,Greenhills,metro-manila
caprice,CAPRICE,sm,sm-city-fairview,SM City Fairview,metro-manila
carlitos bar and grill,CARLITO'S BAR AND GRILL,xentro,montalban-town-center,Montalban Town Center,metro-manila
carel kanes cp,CAREL KANES CP,xentro,mall-of-the-valley,Mall Of The Valley,north-luzon
carelab,Carelab,robinsons,robinsons-tuguegarao,Robinsons Place Tuguegarao,north-luzon
carelon,Carelon,robinsons,robinsons-galleria-ortigas,Robinsons Galleria,metro-manila
cargofish & burnt bamboo,CargoFish & Burnt Bamboo,megaworld,uptown-mall,Uptown Mall,metro-manila
carl care services,Carl Care Services,robinsons,robinsons-dasmarinas,Robinsons Place Dasmarinas,south-luzon
carlins flowershop,CARLINS FLOWERSHOP,sm,sm-city-davao,SM City Davao,mindanao
carlos bakeshop & cafe,Carlos Bakeshop & Cafe,robinsons,robinsons-iloilo,Robinsons Place Iloilo,visayas
capricho jewelry,CAPRICHO JEWELRY,fishermall,malabon,Fisher Mall Malabon,metro-manila
carlos primo velayo,CARLOS PRIMO VELAYO,ayala,ayala-glorietta,Glorietta,metro-manila
carmelas home favourite,CARMELAS HOME FAVOURITE,robinsons,robinsons-pagadian,Robinsons Pagadian,mindanao
carmens best,Carmen's Best,robinsons,robinsons-magnolia,Robinsons Magnolia,metro-manila
carolina herrera,CAROLINA HERRERA,ayala,ayala-greenbelt,Greenbelt,metro-manila
carolinas lace shoppe,CAROLINA'S LACE SHOPPE,ayala,ayala-market-market,Market! Market!,metro-manila
carrensline,Carrensline,ortigas,greenhills,Greenhills,metro-manila
carehealth plus,CAREHEALTH PLUS,starmall,alabang,Starmall Alabang,metro-manila
carehealth,Carehealth,robinsons,robinsons-galleria-ortigas,Robinsons Galleria,metro-manila
care to bear skin and body clinic,CARE TO BEAR SKIN AND BODY CLINIC,ayala,ayala-marquee,MarQuee Mall,north-luzon
care and cure hub,CARE AND CURE HUB,ayala,ayala-center-cebu,Ayala Center Cebu,visayas
cardinal santos kidney care center,CARDINAL SANTOS KIDNEY CARE CENTER,sm,sm-cherry-shaw,SM Center Shaw,metro-manila
cardinal eyecare clinic,CARDINAL EYECARE CLINIC,sm,sm-cdo-downtown,SM CDO Downtown Premier,mindanao
caravel global travelware,Caravel Global Travelware,ortigas,greenhills,Greenhills,metro-manila
caramia cakes gelato,CARAMIA CAKES GELATO,sm,sm-city-san-jose-del-monte,SM City San Jose Del Monte,north-luzon
caramel cafe,CARAMEL CAFE,sm,sm-city-daet,SM City Daet,south-luzon
caracole,Caracole,ortigas,greenhills,Greenhills,metro-manila
cara mia cakes & gelato,CARA MIA CAKES & GELATO,sm,sm-city-san-pablo,SM City San Pablo,south-luzon
cara laser skin care,CARA LASER SKIN CARE,ayala,ayala-up-town-center,U. P. Town Center,metro-manila
car fads,CAR FADS,ayala,ayala-center-cebu,Ayala Center Cebu,visayas
captains burger,CAPTAIN'S BURGER,xentro,balagtas-town-center,Balagtas Town Center,north-luzon
captain lemon,Captain Lemon,robinsons,robinsons-malolos,Robinsons Place Malolos,north-luzon
captain gadget,CAPTAIN GADGET,sm,sm-savemore-apalit,SM Savemore Apalit,north-luzon
captain barber,CAPTAIN BARBER,sm,sm-city-fairview,SM City Fairview,metro-manila
cell active cellphone repair,CELL ACTIVE CELLPHONE REPAIR,sm,sm-city-puerto-princesa,SM City Puerto Princesa,south-luzon
cell axis,CELL AXIS,ayala,ayala-marquee,MarQuee Mall,north-luzon
cell corner,Cell Corner,robinsons,robinsons-ilocos,Robinsons Place Ilocos,north-luzon
cherry miranda optical clinic,Cherry Miranda Optical Clinic,waltermart,guiguinto,WalterMart Guiguinto,north-luzon
chefs bowl & rice,Chef's Bowl & Rice,robinsons,robinsons-galleria-ortigas,Robinsons Galleria,metro-manila
cheggs,Cheggs,robinsons,robinsons-galleria-cebu,Robinsons Galleria Cebu,visayas
chelsea,CHELSEA,ayala,ayala-center-cebu,Ayala Center Cebu,visayas
chemworld,Chemworld,megaworld,lucky-chinatown-prosperity-wing,Lucky Chinatown - Prosperity Wing,metro-manila
chemworld fragrance,Chemworld Fragrance,filinvest,festival-mall,Festival Mall,metro-manila
cher nail tropics salon & spa,Cher Nail Tropics Salon & Spa,filinvest,il-corso,IL Corso,visayas
cherry mobile miguelitos,Cherry Mobile MIGUELITOS,xentro,xentro-mall-calapan,XentroMall Calapan,south-luzon
chef waffles & pastries,CHEF WAFFLES & PASTRIES,robinsons,robinsons-novaliches,Robinsons Novaliches,metro-manila
cherry mobile store,CHERRY MOBILE STORE,starmall,san-jose-del-monte,Starmall San Jose del Monte,north-luzon
cherry turf,CHERRY TURF,sm,sm-cherry-shaw,SM Center Shaw,metro-manila
cherrys house of stitches n frames,Cherry's House of Stitches N' Frames,waltermart,dasmarinas,WalterMart Dasmariñas,south-luzon
cherrys stitches,Cherrys Stitches,waltermart,dasmarinas,WalterMart Dasmariñas,south-luzon
cherys jewelry,Chery's Jewelry,ortigas,greenhills,Greenhills,metro-manila
cheskaffe,CHESKAFFE,sm,sm-center-san-pedro,SM Center San Pedro,south-luzon
chefnaths cronuts,CHEFNATHS CRONUTS,sm,sm-city-baguio,SM City Baguio,north-luzon
chef tonys,Chef Tony's,robinsons,robinsons-magnolia,Robinsons Magnolia,metro-manila
cell decor,CELL DECOR,ayala,ayala-abreeza,Abreeza,mindanao
cheechat clothing shop,CHEECHAT CLOTHING SHOP,ayala,ayala-trinoma,Trinoma,metro-manila
chateau 1771,CHATEAU 1771,ayala,ayala-one-bonifacio-high-street,One Bonifacio High Street,metro-manila
chatoyer,Chatoyer,fishermall,quezonave,Fisher Mall Quezon Avenue,metro-manila
chaya,CHAYA,sm,sm-city-baguio,SM City Baguio,north-luzon
chayi,ChaYi,megaworld,venice-grand-canal-mall,Venice Grand Canal Mall,metro-manila
chebi webbi,Chebi Webbi,ortigas,greenhills,Greenhills,metro-manila
chedengs snack bar,CHEDENGS SNACK BAR,sm,sm-city-bataan,SM City Bataan,north-luzon
cheese & stalk,CHEESE & STALK,sm,sm-city-tuguegarao,SM City Tuguegarao,north-luzon
chef sinauna,Chef Sinauna,ortigas,tiendesitas,Tiendesitas,metro-manila
cheese corn express,Cheese Corn Express,robinsons,robinsons-gentrias,Robinsons Place Gen. Trias,south-luzon
cheesu,CHEESU,sm,sm-southmall,SM Southmall,metro-manila
chef corea,Chef Corea,megaworld,greenhouse-village-square,The Greenhouse at Village Square,metro-manila
chef gerwins happy tummy binalot,CHEF GERWIN'S HAPPY TUMMY BINALOT 0905 488 2537,robinsons,robinsons-sta-rosa,Robinsons Sta. Rosa,south-luzon
chef rahab,CHEF RAHAB,sm,sm-city-urdaneta-central,SM City Urdaneta Central,north-luzon
chef restys beef carving station,Chef Resty's Beef Carving Station,megaworld,greenhouse-village-square,The Greenhouse at Village Square,metro-manila
chester enterprises inc,CHESTER ENTERPRISES INC,sm,sm-city-cebu,SM City Cebu,visayas
chesterup gadget solution,CHESTERUP GADGET SOLUTION,sm,sm-city-naga,SM City Naga,south-luzon
chez rose,Chez Rose,robinsons,robinsons-bacolod,Robinsons Place Bacolod,visayas
china bank atm,CHINA BANK - ATM,robinsons,robinsons-manila,Robinsons Place Manila,metro-manila
chill top,Chill Top,ortigas,the-strip,The Strip,metro-manila
chimes,CHIMES,ayala,ayala-abreeza,Abreeza,mindanao
chin chins jewelry,CHIN CHINS JEWELRY,robinsons,robinsons-tuguegarao,Robinsons Place Tuguegarao,north-luzon
chin medical clinic,Chin Medical Clinic,robinsons,robinsons-cybergate-cebu,Robinsons Cybergate Cebu,visayas
chin sticks,CHIN STICKS 9154049029,robinsons,robinsons-cybergate-cebu,Robinsons Cybergate Cebu,visayas
chin sticks food corner,Chin Sticks Food Corner,robinsons,robinsons-fuente,Robinsons Fuente,visayas
china bank savings,CHINA BANK SAVINGS,sm,smdc-sun-mall,SMDC Sun Mall,metro-manila
chi cha san chen,Chi Cha San Chen,robinsons,robinsons-magnolia,Robinsons Magnolia,metro-manila
china mommy,China Mommy,robinsons,robinsons-magnolia,Robinsons Magnolia,metro-manila
chinatown cafe,CHINATOWN CAFE,sm,sm-city-roxas,SM City Roxas,visayas
chinese mandarin,Chinese Mandarin,ortigas,greenhills,Greenhills,metro-manila
chingkeetea,CHINGKEETEA,ayala,ayala-centrio,Centrio Mall,mindanao
chingu buko,Chingu Buko,robinsons,robinsons-imus,Robinsons Place Imus,south-luzon
chino latino (food truck),CHINO LATINO (FOOD TRUCK) (NEW),robinsons,robinsons-tagaytay,Robinsons Tagaytay,south-luzon
chill hub,CHILL HUB,ayala,ayala-circuit,Ayala Malls Circuit,metro-manila
chill cafe,Chill Cafe,robinsons,robinsons-galleria-cebu,Robinsons Galleria Cebu,visayas
chill bar,CHILL BAR,starmall,edsa-shaw,Starmall EDSA-Shaw,metro-manila
chikten wings,ChikTEN Wings,robinsons,robinsons-ilocos,Robinsons Place Ilocos,north-luzon
chikaan sa cebu,CHIKAAN SA CEBU,ayala,ayala-center-cebu,Ayala Center Cebu,visayas
chika an,Chika-an,robinsons,robinsons-galleria-cebu,Robinsons Galleria Cebu,visayas
chigue house of kimchi,CHIGUE HOUSE OF KIMCHI,ayala,ayala-capitol-central,Ayala Malls Capitol Central,visayas
chiggys kesaku,CHIGGY'S KESAKU,robinsons,robinsons-valencia,Robinsons Place Valencia,mindanao
chido donuts,Chido Donuts,megaworld,venice-grand-canal-mall,Venice Grand Canal Mall,metro-manila
chickin,Chickin,megaworld,festive-walk-parade,Festive Walk Parade,visayas
chicken chingu,CHICKEN CHINGU,ayala,ayala-cloverleaf,Ayala Malls Cloverleaf,metro-manila
chick wings,CHICK WINGS,robinsons,robinsons-iloilo,Robinsons Place Iloilo,visayas
chick net,Chick Net,filinvest,festival-mall,Festival Mall,metro-manila
chicberry,Chicberry,robinsons,robinsons-imus,Robinsons Place Imus,south-luzon
chibis fried chicken,CHIBIS FRIED CHICKEN,waltermart,naic,WalterMart Naic,south-luzon
chias letchon house,CHIA'S LETCHON HOUSE,robinsons,robinsons-la-union,Robinsons Place La Union,north-luzon
chi luxury,Chi Luxury,megaworld,lucky-chinatown-mall,Lucky Chinatown Mall,metro-manila
chase,CHASE,ayala,ayala-malls-central-bloc,Ayala Malls Central Bloc,visayas
charms sapin sapin,CHARMS SAPIN-SAPIN,sm,sm-city-rosales,SM City Rosales,north-luzon
charms gift shop & accesories,CHARMS GIFT SHOP & ACCESORIES,robinsons,robinsons-tuguegarao,Robinsons Place Tuguegarao,north-luzon
cellware telecom supplies trading,Cellware Telecom Supplies Trading,robinsons,robinsons-imus,Robinsons Place Imus,south-luzon
cellshoppe,CELLSHOPPE,sm,sm-city-clark,SM City Clark,north-luzon
cellsite mobile center,CELLSITE MOBILE CENTER,sm,sm-city-mindpro,SM City Mindpro,mindanao
cellstreet,Cellstreet,robinsons,robinsons-starmills,Robinsons Starmills,north-luzon
celltech,Celltech,robinsons,robinsons-dasmarinas,Robinsons Place Dasmarinas,south-luzon
celltime co,CELLTIME CO,sm,sm-city-pampanga,SM City Pampanga,north-luzon
cellulike cellphone,CELLULIKE CELLPHONE,xentro,balagtas-town-center,Balagtas Town Center,north-luzon
cellworks digital,Cellworks Digital,robinsons,robinsons-ormoc,Robinsons Place Ormoc,visayas
central gallery,CENTRAL GALLERY,araneta,farmers-plaza,Farmers Plaza,metro-manila
cellxesorya,Cellxesorya,robinsons,robinsons-manila,Robinsons Place Manila,metro-manila
cena golden free fashion shop,CENA GOLDEN FREE FASHION SHOP,ayala,ayala-market-market,Market! Market!,metro-manila
cencio,Cencio,robinsons,robinsons-starmills,Robinsons Starmills,north-luzon
cencom,CENCOM,araneta,farmers-plaza,Farmers Plaza,metro-manila
center for advanced dentistry (cad),Center for Advanced Dentistry (CAD),ortigas,greenhills,Greenhills,metro-manila
center stage,CENTER STAGE,sm,sm-seaside-city-cebu,SM Seaside City Cebu,visayas
cellphone republic,Cellphone Republic,ortigas,greenhills,Greenhills,metro-manila
cellphone plus,CELLPHONE PLUS,sm,sm-city-mindpro,SM City Mindpro,mindanao
cellphone and accessories (soen) pretty angels,CELLPHONE and ACCESSORIES (SOEN) PRETTY ANGELS,xentro,montalban-town-center,Montalban Town Center,metro-manila
cellmax,Cellmax,robinsons,robinsons-palawan,Robinsons Place Palawan,south-luzon
cellmates cellphone accessories,Cellmates Cellphone Accessories,robinsons,robinsons-roxas,Robinsons Place Roxas,visayas
cellfad mobile accessories,CELLFAD MOBILE ACCESSORIES,sm,sm-city-cebu,SM City Cebu,visayas
cellections,CELLECTIONS,ayala,ayala-abreeza,Abreeza,mindanao
celldome cellphone accessories,Celldome Cellphone Accessories,robinsons,robinsons-roxas,Robinsons Place Roxas,visayas
cellcomm,Cellcomm,robinsons,robinsons-ormoc,Robinsons Place Ormoc,visayas
cellboy fix center,CELLBOY FIX CENTER,sm,sm-megamall,SM Megamall,metro-manila
cellboy fix,CELLBOY FIX,sm,sm-center-dagupan,SM Center Dagupan,north-luzon
cellbox,CELLBOX,ayala,ayala-abreeza,Abreeza,mindanao
cell teck cellphone accessories,Cell Teck Cellphone Accessories,robinsons,robinsons-roxas,Robinsons Place Roxas,visayas
cell station,CELL STATION,sm,sm-city-davao,SM City Davao,mindanao
cell sight,Cell Sight,robinsons,robinsons-roxas,Robinsons Place Roxas,visayas
cell kid,CELL-KID,sm,sm-city-north-edsa,SM City North Edsa,metro-manila
cell interface,CELL INTERFACE,sm,sm-city-bacolod,SM City Bacolod,visayas
centrafone mobile inc,"CENTRAFONE MOBILE, INC.",xentro,ab-central,Ab Central,metro-manila
central jewelry,Central Jewelry,ortigas,greenhills,Greenhills,metro-manila
charm by dr j lopez md,Charm by Dr. J. Lopez MD,ortigas,greenhills,Greenhills,metro-manila
chapos grill and sizzlers,CHAPOS GRILL AND SIZZLERS,sm,sm-city-urdaneta-central,SM City Urdaneta Central,north-luzon
chanti gem fine jewelry collection,CHANTI GEM FINE JEWELRY COLLECTION,ayala,ayala-manila-bay,Ayala Malls Manila Bay,metro-manila
chapel of our lady of perpetual hope,CHAPEL OF OUR LADY OF PERPETUAL HOPE,ayala,ayala-marquee,MarQuee Mall,north-luzon
chapes delectables,CHAPES DELECTABLES,sm,sm-city-grand-central,SM City Grand Central,metro-manila
chapes keto cakes and donuts,CHAPES KETO CAKES AND DONUTS,sm,sm-city-north-edsa,SM City North Edsa,metro-manila
chapes keto dream cakes,CHAPES KETO DREAM CAKES,sm,sm-city-fairview,SM City Fairview,metro-manila
chapos grill & sizzlers,Chapo's Grill & Sizzlers,robinsons,robinsons-la-union,Robinsons Place La Union,north-luzon
charging station (3rd),Charging Station (3RD),fishermall,quezonave,Fisher Mall Quezon Avenue,metro-manila
centro department store,CENTRO DEPARTMENT STORE,xentro,ilagan-city-mall-isabela,Ilagan City Mall Isabela,north-luzon
charging station (lgf),Charging Station (LGF),fishermall,quezonave,Fisher Mall Quezon Avenue,metro-manila
charging station (ugf),Charging Station (UGF),fishermall,quezonave,Fisher Mall Quezon Avenue,metro-manila
charina sarte,CHARINA SARTE,ayala,ayala-greenbelt,Greenbelt,metro-manila
charitos delights,Charito's Delights,robinsons,robinsons-tacloban,Robinsons Place Tacloban,visayas
charlene clothing,CHARLENE CLOTHING,ayala,ayala-marquee,MarQuee Mall,north-luzon
charlene clothing co,Charlene Clothing Co.,robinsons,robinsons-starmills,Robinsons Starmills,north-luzon
chantel collections,Chantel Collections,robinsons,robinsons-valencia,Robinsons Place Valencia,mindanao
chansel pizza haus,CHANSEL PIZZA HAUS,sm,sm-city-santa-rosa,SM City Santa Rosa,south-luzon
chang thai tea,CHANG THAI TEA,robinsons,robinsons-sta-rosa,Robinsons Sta. Rosa,south-luzon
champion sports park,Champion Sports Park,filinvest,fora,Fora Mall,south-luzon
chaiwan milktea house,CHAIWAN MILKTEA HOUSE,sm,sm-city-bicutan,SM City Bicutan,metro-manila
chai connection,CHAI CONNECTION,sm,sm-cdo-downtown,SM CDO Downtown Premier,mindanao
chaa,Chaa,robinsons,robinsons-malolos,Robinsons Place Malolos,north-luzon
cha tuk chak thai cafe,CHA TUK CHAK THAI CAFE,sm,sm-city-santa-rosa,SM City Santa Rosa,south-luzon
cg skin solutions,CG SKIN SOLUTIONS,sm,sm-city-sucat,SM City Sucat,metro-manila
cfront quesine,CFRONT QUESINE,sm,sm-city-legazpi,SM City Legazpi,south-luzon
cfg,CFG,ayala,ayala-center-cebu,Ayala Center Cebu,visayas
ceylanka,CEYLANKA 0998-846-3813,robinsons,robinsons-cybergate-cebu,Robinsons Cybergate Cebu,visayas
cess and gab cellphone and accessories store,Cess and Gab Cellphone and Accessories Store,robinsons,robinsons-malabon,Robinsons Town Mall Malabon,metro-manila
cerveseria,Cerveseria,megaworld,forbes-town,Forbes Town,metro-manila
ceo,CEO,robinsons,robinsons-magnolia,Robinsons Magnolia,metro-manila
centro dept store lotto,CENTRO DEPT. STORE LOTTO,xentro,xentro-mall-lemery,XentroMall Lemery,south-luzon
centro dept,CENTRO DEPT,xentro,xentro-mall-santiago,XentroMall Santiago,north-luzon
daiesumi digital cafe,DAIESUMI DIGITAL CAFE,sm,sm-city-north-edsa,SM City North Edsa,metro-manila
daily beer,Daily Beer,megaworld,arcovia-city,Arcovia City,metro-manila
daily bread,DAILY BREAD,sm,sm-city-lucena,SM City Lucena,south-luzon
electromechanical shop,ELECTROMECHANICAL SHOP,xentro,xentro-mall-san-andres,XentroMall San Andres,metro-manila
elarz lechon,Elarz Lechon,robinsons,robinsons-novaliches,Robinsons Novaliches,metro-manila
eldio elcias pasalubong center,Eldio Elcia's Pasalubong Center,megaworld,southwoods-mall,Southwoods Mall,south-luzon
electric cycle,Electric Cycle,ortigas,greenhills,Greenhills,metro-manila
electric massage chair,ELECTRIC MASSAGE CHAIR,robinsons,robinsons-manila,Robinsons Place Manila,metro-manila
electric studio rhythm boxing,ELECTRIC STUDIO RHYTHM BOXING,sm,the-podium,The Podium,metro-manila
electrocomputer data system,ELECTROCOMPUTER DATA SYSTEM,sm,sm-savemore-tacloban,SM Savemore Tacloban,visayas
electronico,Electronico,robinsons,robinsons-palawan,Robinsons Place Palawan,south-luzon
elait,ELAIT,sm,sm-city-sucat,SM City Sucat,metro-manila
elederm skin clinic,Elederm Skin Clinic,robinsons,robinsons-tacloban,Robinsons Place Tacloban,visayas
elenj general (essensa),ELENJ GENERAL (ESSENSA),xentro,sta-ana-public-market,Sta Ana Public Market,metro-manila
elev8 fitness studio,ELEV8 FITNESS STUDIO,sm,the-podium,The Podium,metro-manila
elevate fitness studio,Elevate Fitness Studio,robinsons,robinsons-north-tacloban,Robinsons North Tacloban,visayas
eliahbella aesthetics and skin clinic,ELIAHBELLA AESTHETICS AND SKIN CLINIC,sm,sm-city-tuguegarao,SM City Tuguegarao,north-luzon
elite & aqua mineral,Elite & Aqua Mineral,robinsons,robinsons-galleria-cebu,Robinsons Galleria Cebu,visayas
elait overdoughs,Elait + Overdoughs,megaworld,eastwood-mall,Eastwood Mall,metro-manila
el torogi mrc,EL TOROGI MRC,xentro,xentro-mall-lemery,XentroMall Lemery,south-luzon
eesome,Eesome,megaworld,forbes-town,Forbes Town,metro-manila
eight gig,EIGHT GIG,sm,sm-city-batangas,SM City Batangas,south-luzon
egg (exciting gift goodies),EGG (EXCITING GIFT + GOODIES),waltermart,bacoor,WalterMart Bacoor,south-luzon
egg depot,EGG DEPOT,sm,sm-cherry-shaw,SM Center Shaw,metro-manila
egg exciting gifts goodies,EGG [EXCITING GIFTS + GOODIES],ayala,ayala-manila-bay,Ayala Malls Manila Bay,metro-manila
egg project,THE EGG PROJECT,robinsons,robinsons-manila,Robinsons Place Manila,metro-manila
egg tarts mnl,Egg Tarts Mnl,filinvest,festival-mall,Festival Mall,metro-manila
eggluck,EGGLUCK,robinsons,robinsons-ilocos,Robinsons Place Ilocos,north-luzon
eisor fashion collection,EISOR FASHION COLLECTION,xentro,balagtas-town-center,Balagtas Town Center,north-luzon
el torogi extension ufc telecom,EL TOROGI EXTENSION UFC TELECOM,xentro,xentro-mall-lemery,XentroMall Lemery,south-luzon
ekart raceway,EKART RACEWAY,sm,sm-city-north-edsa,SM City North Edsa,metro-manila
el bonito pizza,El Bonito Pizza,robinsons,robinsons-sta-rosa,Robinsons Sta. Rosa,south-luzon
el chato mexican kitchen,EL CHATO MEXICAN KITCHEN,sm,sm-mall-of-asia,SM Mall of Asia,metro-manila
el corazon,El Corazon,megaworld,uptown-mall,Uptown Mall,metro-manila
el ideal,EL IDEAL,ayala,ayala-capitol-central,Ayala Malls Capitol Central,visayas
el paso cafe,EL PASO CAFÉ,ayala,ayala-harbor-point,Harbor Point,north-luzon
elite cut salon,ELITE CUT SALON,sm,smdc-breeze-mall,SMDC Breeze Mall,metro-manila
elite fitness,Elite Fitness,megaworld,eastwood-mall,Eastwood Mall,metro-manila
elite mnl,Elite Mnl,filinvest,festival-mall,Festival Mall,metro-manila
emperor siomai,Emperor Siomai,xentro,shopking,Shopking,metro-manila
emmans homemade foodeez,Emman's Homemade Foodeez,robinsons,robinsons-valencia,Robinsons Place Valencia,mindanao
empanada bes,EMPANADA BES,robinsons,robinsons-gapan,Robinsons Gapan,north-luzon
empanada de ilocos,EMPANADA DE ILOCOS,robinsons,robinsons-novaliches,Robinsons Novaliches,metro-manila
empanadabes snack bar,EMPANADABES SNACK BAR,sm,sm-city-tarlac,SM City Tarlac,north-luzon
emperador,Emperador,megaworld,san-lorenzo-place-mall,San Lorenzo Place Mall,metro-manila
emperador brandy museum,Emperador Brandy Museum,megaworld,festive-walk-parade,Festive Walk Parade,visayas
emperors siomai,Emperors Siomai,xentro,shopking,Shopking,metro-manila
elixer aesthec center,THE ELIXER AESTHEC CENTER,robinsons,robinsons-butuan,Robinsons Place Butuan,mindanao
emperors tea,Emperor's Tea,robinsons,robinsons-novaliches,Robinsons Novaliches,metro-manila
empire east showroom,Empire East Showroom,megaworld,san-lorenzo-place-mall,San Lorenzo Place Mall,metro-manila
empress beauty skin care essentials,EMPRESS BEAUTY SKIN CARE ESSENTIALS,ayala,ayala-pavilion,Pavilion Mall,south-luzon
empress dining palace,THE EMPRESS DINING PALACE,ayala,ayala-bonifacio-high-street,Bonifacio High Street,metro-manila
emshar,Emshar,robinsons,robinsons-novaliches,Robinsons Novaliches,metro-manila
emsq fragrant,EMSQ Fragrant,robinsons,robinsons-otis,Robinsons Otis,metro-manila
emma lacsons delicacies,EMMA LACSON’S DELICACIES,ayala,ayala-capitol-central,Ayala Malls Capitol Central,visayas
emma canalog,Emma Canalog,ortigas,greenhills,Greenhills,metro-manila
emj cellphone accesories,EMJ CELLPHONE ACCESORIES,robinsons,robinsons-otis,Robinsons Otis,metro-manila
emilias jewelry,EMILIA'S JEWELRY,ayala,ayala-abreeza,Abreeza,mindanao
emerson watch accessories shop,EMERSON WATCH ACCESSORIES SHOP,sm,sm-city-santa-rosa,SM City Santa Rosa,south-luzon
emerald star jewelry,Emerald Star Jewelry,robinsons,robinsons-north-tacloban,Robinsons North Tacloban,visayas
emcor,Emcor,robinsons,robinsons-iloilo,Robinsons Place Iloilo,visayas
elygem ii cellphone accessories 2,ELYGEM II CELLPHONE ACCESSORIES 2,xentro,balagtas-town-center,Balagtas Town Center,north-luzon
elygem cellphone accessories,ELYGEM CELLPHONE ACCESSORIES,xentro,balagtas-town-center,Balagtas Town Center,north-luzon
elverde food,Elverde Food,ortigas,tiendesitas,Tiendesitas,metro-manila
elros barber shop,ELRO'S BARBER SHOP,sm,sm-city-rosales,SM City Rosales,north-luzon
elov chinese drug store,Elov Chinese Drug Store,waltermart,general-trias,WalterMart General Trias,south-luzon
elmo rose cellphone accessories,Elmo-Rose Cellphone Accessories,waltermart,taytay,WalterMart Taytay,metro-manila
elmers massage,ELMER'S MASSAGE,robinsons,robinsons-bacolod,Robinsons Place Bacolod,visayas
elliot bar restaurant,ELLIOT BAR RESTAURANT,sm,sm-city-caloocan,SM City Caloocan,metro-manila
elles salad,Elle's Salad,robinsons,robinsons-valencia,Robinsons Place Valencia,mindanao
elixir aesthetic center,THE ELIXIR AESTHETIC CENTER,robinsons,robinsons-butuan,Robinsons Place Butuan,mindanao
efren watch repair,Efren Watch Repair,robinsons,robinsons-galleria-cebu,Robinsons Galleria Cebu,visayas
edwin lisa,Edwin Lisa,megaworld,lucky-chinatown-imperial-wing,Lucky Chinatown - Imperial Wing,metro-manila
daily cut,THE DAILY CUT,sm,the-podium,The Podium,metro-manila
earth beauty aesthetics,EARTH BEAUTY AESTHETICS,sm,sm-city-santa-rosa,SM City Santa Rosa,south-luzon
e&e takoyaki,E&E Takoyaki,robinsons,robinsons-fuente,Robinsons Fuente,visayas
e&e takuyaki,E&E TAKUYAKI 9177725146,robinsons,robinsons-cybergate-cebu,Robinsons Cybergate Cebu,visayas
e&es takuyaki,E&E's Takuyaki,robinsons,robinsons-galleria-cebu,Robinsons Galleria Cebu,visayas
ear technologies,EAR TECHNOLOGIES,sm,sm-city-baguio,SM City Baguio,north-luzon
earls jewelry,EARL'S JEWELRY,robinsons,robinsons-palawan,Robinsons Place Palawan,south-luzon
earls jewelry & souvenirs,EARL'S JEWELRY & SOUVENIRS,robinsons,robinsons-palawan,Robinsons Place Palawan,south-luzon
earthy kit,EARTHY KIT,sm,sm-city-fairview,SM City Fairview,metro-manila
e g g (exciting gifts & goodies),E.G.G. (Exciting Gifts & Goodies),robinsons,robinsons-lipa,Robinsons Place Lipa,south-luzon
ease off by modish,EASE OFF BY MODISH,sm,sm-city-roxas,SM City Roxas,visayas
east city dental center,East City Dental Center,waltermart,antipolo,WalterMart Antipolo,metro-manila
eastern pacific travel & tours mej fashion store,Eastern Pacific Travel & Tours MEJ FASHION STORE,xentro,xentro-mall-calapan,XentroMall Calapan,south-luzon
eastern terra,EASTERN TERRA,sm,sm-cdo-downtown,SM CDO Downtown Premier,mindanao
eastwing golf,Eastwing Golf,ortigas,estancia,Estancia,metro-manila
eastwood citywalk cinemas,Eastwood Citywalk Cinemas,megaworld,eastwood-city-walk,Eastwood City Walk,metro-manila
e games,E-games,filinvest,festival-mall,Festival Mall,metro-manila
e era,E-ERA,sm,sm-city-baguio,SM City Baguio,north-luzon
eduardo hantic ong,EDUARDO HANTIC ONG,xentro,ab-central,Ab Central,metro-manila
dvogue,D'VOGUE,robinsons,robinsons-ilocos,Robinsons Place Ilocos,north-luzon
dunamis,Dunamis,robinsons,robinsons-iligan,Robinsons Place Iligan,mindanao
dune london,Dune London,araneta,gateway-mall-2,Gateway Mall 2,metro-manila
dunkin donuts my wife noodle fry onoodles,DUNKIN DONUTS MY WIFE NOODLE FRY/ O'NOODLES,xentro,tanay-town-center,Tanay Town Center,south-luzon
dunkin dunots,DUNKIN DUNOTS,robinsons,robinsons-pagadian,Robinsons Pagadian,mindanao
dvendo gachapon,Dvendo Gachapon,robinsons,robinsons-pavia,Robinsons Place Pavia,visayas
dvf dairy farm,DVF DAIRY FARM,sm,sm-city-cabanatuan,SM City Cabanatuan,north-luzon
dwn by script society,DWN BY SCRIPT SOCIETY,sm,sm-city-rosario,SM City Rosario,south-luzon
e cp & accessories ( techie mania),E CP & ACCESSORIES ( Techie Mania),xentro,tanay-town-center,Tanay Town Center,south-luzon
dyna quest,Dyna Quest,ortigas,greenhills,Greenhills,metro-manila
dynamic pc,Dynamic Pc,ortigas,greenhills,Greenhills,metro-manila
dynasty stir fry noodles & dimsum,DYNASTY STIR FRY NOODLES & DIMSUM 93855416870,robinsons,robinsons-butuan,Robinsons Place Butuan,mindanao
e & e takoyaki,E & E TAKOYAKI,robinsons,robinsons-iligan,Robinsons Place Iligan,mindanao
e & es takuyaki,E & E's Takuyaki,robinsons,robinsons-gen-san,Robinsons Place GenSan,mindanao
e bingo boutique,E-BINGO BOUTIQUE,ayala,ayala-the-district-dasmarinas,The District Dasmarinas,south-luzon
eastwood citywalk cinemas snackbar,Eastwood Citywalk Cinemas - Snackbar,megaworld,eastwood-city-walk,Eastwood City Walk,metro-manila
eastwood mall cinemas,Eastwood Mall Cinemas,megaworld,eastwood-mall,Eastwood Mall,metro-manila
eastwood mall cinemas snackbar,Eastwood Mall Cinemas - Snackbar,megaworld,eastwood-mall,Eastwood Mall,metro-manila
edge care plus telecom,EDGE CARE PLUS TELECOM,sm,sm-city-cauayan,SM City Cauayan,north-luzon
ecpay,ECPAY,ayala,ayala-metropoint,Metro Point Mall,metro-manila
eddah,Eddah,robinsons,robinsons-novaliches,Robinsons Novaliches,metro-manila
eden hair & nail station,EDEN HAIR & NAIL STATION,robinsons,robinsons-metro-east,Robinsons Metro East,metro-manila
edengs toy center,EDENG'S TOY CENTER,ayala,ayala-market-market,Market! Market!,metro-manila
edens hair & nail salon,EDEN'S HAIR & NAIL SALON,robinsons,robinsons-metro-east,Robinsons Metro East,metro-manila
edge care plus,EDGE CARE PLUS,sm,sm-center-sangandaan,SM Center Sangandaan,north-luzon
edgecare plus,Edgecare Plus,waltermart,balanga,WalterMart Balanga,north-luzon
eastworld home,EASTWORLD HOME,ayala,ayala-manila-bay,Ayala Malls Manila Bay,metro-manila
edifer electronics,Edifer Electronics,waltermart,guiguinto,WalterMart Guiguinto,north-luzon
edifer enterprises,EDIFER ENTERPRISES,robinsons,robinsons-luisita,Robinsons Luisita,north-luzon
edifier,EDIFIER,sm,sm-megamall,SM Megamall,metro-manila
edita aranez jewelry,EDITA ARANEZ JEWELRY,araneta,farmers-plaza,Farmers Plaza,metro-manila
ednas pasalubong,Edna's Pasalubong,robinsons,galleria-south,Robinsons Galleria South,south-luzon
edoya,Edoya,megaworld,arcovia-city,Arcovia City,metro-manila
eco oil,ECO OIL,robinsons,robinsons-novaliches,Robinsons Novaliches,metro-manila
echt appliance and trading,ECHT APPLIANCE AND TRADING,robinsons,robinsons-tagum,Robinsons Place Tagum,mindanao
echolac,Echolac,megaworld,eastwood-mall,Eastwood Mall,metro-manila
echague bakery,Echague Bakery,fishermall,quezonave,Fisher Mall Quezon Avenue,metro-manila
ecco,ECCO,sm,sm-mall-of-asia,SM Mall of Asia,metro-manila
eca optical clinic world balance,ECA Optical Clinic WORLD BALANCE,xentro,xentro-mall-lemery,XentroMall Lemery,south-luzon
ec hip hop mini gem exhibit ( 9),EC HIP HOP MINI GEM EXHIBIT (#9),xentro,montalban-town-center,Montalban Town Center,metro-manila
ec cafe,EC CAFE | RESTAURANT,sm,sm-center-pulilan,SM Center Pulilan,north-luzon
ebiz western union,EBIZ WESTERN UNION,starmall,san-jose-del-monte,Starmall San Jose del Monte,north-luzon
ebingo,EBINGO,robinsons,robinsons-cainta,Robinsons Cainta,metro-manila
eau thermale avene,EAU THERMALE AVENE,sm,s-maison,S Maison,metro-manila
eau thermale av ne,EAU THERMALE AV?NE,sm,s-maison,S Maison,metro-manila
eatfitly,EATFITLY,sm,sm-center-pasig,SM Center Pasig,metro-manila
eatery happy days,Eatery Happy Days,megaworld,lucky-chinatown-imperial-wing,Lucky Chinatown - Imperial Wing,metro-manila
easy trip digital station,EASY TRIP DIGITAL STATION,robinsons,robinsons-galleria-ortigas,Robinsons Galleria,metro-manila
easy tiger,"Easy ,Tiger",sm,sm-mall-of-asia,SM Mall of Asia,metro-manila
easy soft,Easy Soft,filinvest,festival-mall,Festival Mall,metro-manila
encarnacion furnitures,Encarnacion Furnitures,robinsons,robinsons-roxas,Robinsons Place Roxas,visayas
endless treasures,ENDLESS TREASURES,sm,sm-lanang,SM Lanang,mindanao
engkanto brewery,Engkanto Brewery,megaworld,forbes-town,Forbes Town,metro-manila
eye lab,THE EYE LAB,sm,sm-city-calamba,SM City Calamba,south-luzon
exquisite advanced dental clinic,EXQUISITE ADVANCED DENTAL CLINIC,robinsons,galleria-south,Robinsons Galleria South,south-luzon
extraordineri salon,EXTRAORDINERI SALON,ayala,ayala-serin,Ayala Malls Serin,south-luzon
exzone repair shop,EXZONE REPAIR SHOP,sm,sm-city-lucena,SM City Lucena,south-luzon
eye & optics,Eye & Optics,robinsons,robinsons-santiago,Robinsons Place Santiago,north-luzon
eye city,The Eye City,megaworld,festive-walk-mall-iloilo,Festive Walk Mall,visayas
eye design optical clinic,Eye Design Optical Clinic,robinsons,robinsons-novaliches,Robinsons Novaliches,metro-manila
eye optics,EYE OPTICS,sm,sm-city-cauayan,SM City Cauayan,north-luzon
expressions stationery shop inc,"EXPRESSIONS STATIONERY SHOP, INC.",starmall,edsa-shaw,Starmall EDSA-Shaw,metro-manila
eye q optical solution,EYE-Q OPTICAL SOLUTION,araneta,farmers-plaza,Farmers Plaza,metro-manila
eye republic,EYE REPUBLIC,ayala,ayala-trinoma,Trinoma,metro-manila
eye sports,EYE SPORTS,ayala,ayala-glorietta,Glorietta,metro-manila
eye studio,Eye Studio,robinsons,robinsons-antipolo,Robinsons Place Antipolo,metro-manila
eyebrowdery,THE EYEBROWDERY,sm,sm-megamall,SM Megamall,metro-manila
eyecare deluxe optical clinic,EYECARE DELUXE OPTICAL CLINIC,ayala,ayala-abreeza,Abreeza,mindanao
exquisite advance dental center,EXQUISITE ADVANCE DENTAL CENTER,robinsons,robinsons-novaliches,Robinsons Novaliches,metro-manila
expressions stationery shop,EXPRESSIONS STATIONERY SHOP,starmall,san-jose-del-monte,Starmall San Jose del Monte,north-luzon
enhance cosmetic surgery skin care center,ENHANCE COSMETIC SURGERY SKIN CARE CENTER,sm,sm-city-fairview,SM City Fairview,metro-manila
express cut,EXPRESS CUT,ayala,ayala-market-market,Market! Market!,metro-manila
executive optical aficionado,EXECUTIVE OPTICAL AFICIONADO,xentro,xentro-mall-lemery,XentroMall Lemery,south-luzon
executive optical jrose fashion and beauty products ( elbie pineda ),Executive Optical Jrose Fashion and Beauty Products ( ELBIE PINEDA ),xentro,xentro-mall-calapan,XentroMall Calapan,south-luzon
executive optical mini gem exhibit ( 3),EXECUTIVE OPTICAL MINI GEM EXHIBIT (#3),xentro,montalban-town-center,Montalban Town Center,metro-manila
exhibit,EXHIBIT,xentro,xentro-mall-tumauini,XentroMall Tumauini,north-luzon
exhibit depot,EXHIBIT DEPOT,xentro,xentro-mall-san-andres,XentroMall San Andres,metro-manila
exi health& beauty,Exi Health& Beauty,xentro,mall-of-the-valley,Mall Of The Valley,north-luzon
express relief,Express Relief,robinsons,robinsons-galleria-ortigas,Robinsons Galleria,metro-manila
expressions stationery inc,Expressions Stationery Inc.,robinsons,robinsons-iligan,Robinsons Place Iligan,mindanao
express sincerity,Express Sincerity,robinsons,robinsons-magnolia,Robinsons Magnolia,metro-manila
expresscut,EXPRESSCUT,sm,sm-cherry-antipolo,SM Center Antipolo Downtown,metro-manila
expresse cafe,Expresse Cafe,robinsons,robinsons-bacolod,Robinsons Place Bacolod,visayas
expression,EXPRESSION,robinsons,robinsons-butuan,Robinsons Place Butuan,mindanao
expressions exhibit,EXPRESSIONS EXHIBIT,xentro,ilagan-city-mall-isabela,Ilagan City Mall Isabela,north-luzon
expressions fabric square,EXPRESSIONS FABRIC SQUARE,ayala,ayala-glorietta,Glorietta,metro-manila
eyecrafter,EYECRAFTER,ayala,ayala-abreeza,Abreeza,mindanao
eyepod,THE EYEPOD,sm,sm-megamall,SM Megamall,metro-manila
eyes & shades optical clinic,Eyes & Shades Optical Clinic,robinsons,robinsons-valencia,Robinsons Place Valencia,mindanao
famous belgian,FAMOUS BELGIAN,robinsons,robinsons-la-union,Robinsons Place La Union,north-luzon
fairyland specialty shop,Fairyland Specialty Shop,robinsons,robinsons-imus,Robinsons Place Imus,south-luzon
falcor marketing corporation,FALCOR MARKETING CORPORATION,sm,sm-city-bacolod,SM City Bacolod,visayas
family eye center,Family Eye Center,robinsons,robinsons-cybergate-davao,Robinsons Cybergate Davao,mindanao
family fried chicken,FAMILY FRIED CHICKEN,robinsons,robinsons-metro-east,Robinsons Metro East,metro-manila
family health & beauty corp,FAMILY HEALTH & BEAUTY CORP.,xentro,ab-central,Ab Central,metro-manila
famous belgain waffle,FAMOUS BELGAIN WAFFLE,robinsons,robinsons-starmills,Robinsons Starmills,north-luzon
famous country waffles,FAMOUS COUNTRY WAFFLES,robinsons,opus,Opus Mall,metro-manila
eyezone vision center,EYEZONE VISION CENTER,sm,sm-city-lucena,SM City Lucena,south-luzon
fantasyworld,FANTASYWORLD,sm,sm-city-masinag,SM City Masinag,metro-manila
farmery deli,Farmery Deli,ortigas,estancia,Estancia,metro-manila
farron coffee,FARRON COFFEE,fishermall,malabon,Fisher Mall Malabon,metro-manila
fashion 101,Fashion 101,ortigas,greenhills,Greenhills,metro-manila
fashion 21,FASHION 21,robinsons,robinsons-manila,Robinsons Place Manila,metro-manila
fashion face exhibit,FASHION FACE EXHIBIT,xentro,xentro-mall-santiago,XentroMall Santiago,north-luzon
fairy trail trackless electric train,FAIRY TRAIL TRACKLESS ELECTRIC TRAIN (OPEN),robinsons,robinsons-naga,Robinsons Place Naga,south-luzon
fairy trail,Fairy Trail 9332662016,robinsons,robinsons-santiago,Robinsons Place Santiago,north-luzon
fairy land,Fairy land,robinsons,robinsons-gentrias,Robinsons Place Gen. Trias,south-luzon
facial plus spa,FACIAL PLUS SPA,sm,sm-city-sorsogon,SM City Sorsogon,south-luzon
facial plus,FACIAL PLUS,ayala,ayala-legazpi,Ayala Malls Legazpi,south-luzon
faceshop,THE FACESHOP,robinsons,robinsons-antipolo,Robinsons Place Antipolo,metro-manila
face,FACE,ayala,ayala-serin,Ayala Malls Serin,south-luzon
fabularized cafe,FABULARIZED CAFE,robinsons,robinsons-tagum,Robinsons Place Tagum,mindanao
fabularize smile,FABULARIZE SMILE,robinsons,robinsons-tagum,Robinsons Place Tagum,mindanao
fabrics plus,FABRICS PLUS,sm,sm-city-cebu,SM City Cebu,visayas
fabric life by larrys,FABRIC LIFE BY LARRYS,sm,sm-city-cebu,SM City Cebu,visayas
fab you lush,FAB-YOU-LUSH,robinsons,robinsons-gentrias,Robinsons Place Gen. Trias,south-luzon
faathena gen merchandise,FAATHENA GEN. MERCHANDISE,robinsons,robinsons-novaliches,Robinsons Novaliches,metro-manila
f&m niceday carwash,F&M Niceday Carwash,robinsons,robinsons-antique,Robinsons Place Antique,visayas
f&c jewelry,F&C JEWELRY,ayala,ayala-glorietta,Glorietta,metro-manila
ez text,Ez Text,ortigas,greenhills,Greenhills,metro-manila
ez shop,EZ SHOP,sm,sm-city-cebu,SM City Cebu,visayas
executive optical (fun optics),EXECUTIVE OPTICAL (FUN OPTICS),starmall,edsa-shaw,Starmall EDSA-Shaw,metro-manila
executive optical (az rotunda),Executive Optical (az Rotunda),filinvest,festival-mall,Festival Mall,metro-manila
exclusively his,Exclusively His,megaworld,forbes-town,Forbes Town,metro-manila
esotico jewelry,ESOTICO JEWELRY,sm,sm-mall-of-asia,SM Mall of Asia,metro-manila
ersao,ERSAO,sm,smdc-strip-at-mezza,SMDC Strip at Mezza,metro-manila
erwin g hair salon,ERWIN G HAIR SALON,sm,sm-city-bacolod,SM City Bacolod,visayas
es elle aesthetic,Es Elle Aesthetic,megaworld,lucky-chinatown-mall,Lucky Chinatown Mall,metro-manila
es things specialty shop,ES THINGS SPECIALTY SHOP,sm,sm-city-davao,SM City Davao,mindanao
escape cebu,ESCAPE Cebu,robinsons,robinsons-galleria-cebu,Robinsons Galleria Cebu,visayas
esotico,Esotico,robinsons,robinsons-manila,Robinsons Place Manila,metro-manila
espacio manila artphile,Espacio Manila / Artphile,filinvest,festival-mall,Festival Mall,metro-manila
essens,Essens,waltermart,sta-rosa,WalterMart Sta. Rosa,south-luzon
espieranza,ESPIERANZA,araneta,farmers-plaza,Farmers Plaza,metro-manila
espressions mobile center,ESPRESSIONS MOBILE CENTER,robinsons,robinsons-iligan,Robinsons Place Iligan,mindanao
esprit oshkosh,Esprit / Oshkosh,ortigas,greenhills,Greenhills,metro-manila
esse,ESSE,robinsons,robinsons-tacloban,Robinsons Place Tacloban,visayas
esse parfum,ESSE PARFUM,sm,sm-city-fairview,SM City Fairview,metro-manila
essence derm aesthetic,Essence Derm Aesthetic,megaworld,california-garden-square,California Garden Square,metro-manila
eronic cp and accessories 2,ERONIC CP AND ACCESSORIES 2,xentro,xentro-mall-roxas,XentroMall Roxas,north-luzon
ernies lemonade,ERNIE'S LEMONADE,xentro,xentro-mall-san-andres,XentroMall San Andres,metro-manila
ermenegildo zegna,ERMENEGILDO ZEGNA,ayala,ayala-greenbelt,Greenbelt,metro-manila
erickelle marie frances,Erickelle Marie Frances,robinsons,robinsons-fuente,Robinsons Fuente,visayas
eric kayser,ERIC KAYSER,sm,the-podium,The Podium,metro-manila
ergo home,ERGO HOME,sm,sm-megamall,SM Megamall,metro-manila
er herbal store,ER Herbal Store,robinsons,robinsons-roxas,Robinsons Place Roxas,visayas
er herbal,ER Herbal,robinsons,robinsons-iloilo,Robinsons Place Iloilo,visayas
eomma korean foody,Eomma Korean Foody,filinvest,main-square,Main Square,south-luzon
eo kids and up,EO KIDS AND UP,robinsons,robinsons-iligan,Robinsons Place Iligan,mindanao
eo for kids and up,EO FOR KIDS AND UP 0998-573-1087,robinsons,robinsons-pangasinan,Robinsons Place Pangasinan,north-luzon
eo executives optical,EO EXECUTIVES OPTICAL,robinsons,robinsons-tagum,Robinsons Place Tagum,mindanao
envyblooms skincare clinic,ENVYBLOOMS SKINCARE CLINIC,sm,sm-city-fairview,SM City Fairview,metro-manila
envy me salon & spa,Envy Me Salon & Spa,robinsons,robinsons-iligan,Robinsons Place Iligan,mindanao
enter10,Enter10,megaworld,venice-grand-canal-mall,Venice Grand Canal Mall,metro-manila
ensorcell beauty,Ensorcell Beauty,ortigas,greenhills,Greenhills,metro-manila
enovas modular cabinet trading,ENOVAS MODULAR CABINET TRADING,sm,sm-city-cagayan-de-oro,SM City CDO Uptown,mindanao
essencia skin care spa,ESSENCIA SKIN CARE SPA,sm,sm-city-north-edsa,SM City North Edsa,metro-manila
essensuals by toni guy,ESSENSUALS BY TONI GUY,sm,sm-mall-of-asia,SM Mall of Asia,metro-manila
exclusive computer,EXCLUSIVE COMPUTER,araneta,farmers-plaza,Farmers Plaza,metro-manila
everything nice cakeshop cafe,EVERYTHING NICE CAKESHOP CAFE,sm,sm-city-baguio,SM City Baguio,north-luzon
ever bilena,EVER BILENA,robinsons,robinsons-manila,Robinsons Place Manila,metro-manila
ever eyewear,EVER EYEWEAR,xentro,xentro-mall-san-andres,XentroMall San Andres,metro-manila
ever new melbourne,Ever New Melbourne,filinvest,festival-mall,Festival Mall,metro-manila
everyday coffee roasters,EVERYDAY COFFEE ROASTERS,sm,sm-city-santa-rosa,SM City Santa Rosa,south-luzon
everyday laundry,EVERYDAY LAUNDRY,sm,sm-southmall,SM Southmall,metro-manila
everything but cheese (ebc),Everything But Cheese (EBC),robinsons,robinsons-naga,Robinsons Place Naga,south-luzon
everything yummy,EVERYTHING YUMMY,sm,sm-jmall,SM J Mall,visayas
essenza esthetica,ESSENZA ESTHETICA,sm,sm-center-pasig,SM Center Pasig,metro-manila
evita,Evita,robinsons,robinsons-sta-rosa,Robinsons Sta. Rosa,south-luzon
evita peroni,EVITA PERONI,ayala,ayala-greenbelt,Greenbelt,metro-manila
evo helmet,EVO HELMET,ayala,ayala-market-market,Market! Market!,metro-manila
ew villa medica,EW Villa Medica,megaworld,newport-city,Newport City,metro-manila
excell,EXCELL,sm,sm-city-baguio,SM City Baguio,north-luzon
exchange,Exchange,robinsons,robinsons-ilocos,Robinsons Place Ilocos,north-luzon
events photo booth bicol,Events Photo Booth Bicol,robinsons,robinsons-naga,Robinsons Place Naga,south-luzon
evegate tranquilo wellness massage,EVEGATE TRANQUILO WELLNESS MASSAGE,sm,sm-city-sorsogon,SM City Sorsogon,south-luzon
evans goto,EVAN'S GOTO,robinsons,robinsons-otis,Robinsons Otis,metro-manila
ev dental,EV Dental,robinsons,robinsons-tacloban,Robinsons Place Tacloban,visayas
eurostep footwear,Eurostep Footwear 9178887849,robinsons,robinsons-iligan,Robinsons Place Iligan,mindanao
europak,Europak,filinvest,festival-mall,Festival Mall,metro-manila
euronet,EURONET,ayala,ayala-centrio,Centrio Mall,mindanao
eurocave,EUROCAVE,ayala,ayala-one-bonifacio-high-street,One Bonifacio High Street,metro-manila
eurobake,Eurobake,ortigas,greenhills,Greenhills,metro-manila
euro oriental massage,EURO-ORIENTAL MASSAGE,sm,sm-city-santa-rosa,SM City Santa Rosa,south-luzon
euphony,Euphony,robinsons,robinsons-dasmarinas,Robinsons Place Dasmarinas,south-luzon
eu yan sang,Eu Yan Sang,robinsons,robinsons-magnolia,Robinsons Magnolia,metro-manila
etude casa musica,ETUDE CASA MUSICA,ayala,ayala-solenad,Ayala Malls Nuvali,south-luzon
ettas,ETTAS,sm,sm-jmall,SM J Mall,visayas
esthetique,ESTHETIQUE,sm,sm-city-pampanga,SM City Pampanga,north-luzon
estees toy house,Estee's Toy House,robinsons,robinsons-novaliches,Robinsons Novaliches,metro-manila
est by grand castella,EST BY GRAND CASTELLA,sm,sm-aura,SM Aura,metro-manila
dumpling king asgar store 2,DUMPLING KING ASGAR STORE 2,xentro,montalban-town-center,Montalban Town Center,metro-manila
dumaguete blind massage,Dumaguete Blind Massage,robinsons,robinsons-dumaguete,Robinsons Place Dumaguete,visayas
dulces,DULCES,sm,sm-city-bacolod,SM City Bacolod,visayas
dental specialty inc,DENTAL SPECIALTY INC.,ayala,ayala-the-district-dasmarinas,The District Dasmarinas,south-luzon
dental fix,Dental Fix,megaworld,southwoods-mall,Southwoods Mall,south-luzon
dental hub,The Dental Hub,megaworld,venice-grand-canal-mall,Venice Grand Canal Mall,metro-manila
dental nook centre,Dental Nook Centre,robinsons,robinsons-roxas,Robinsons Place Roxas,visayas
dental partners,Dental Partners,robinsons,robinsons-malolos,Robinsons Place Malolos,north-luzon
dental place,DENTAL PLACE,robinsons,robinsons-gapan,Robinsons Gapan,north-luzon
dental spa,DENTAL SPA,sm,sm-city-iloilo,SM City Iloilo,visayas
dental suite,DENTAL SUITE,robinsons,robinsons-pagadian,Robinsons Pagadian,mindanao
dental design,Dental Design,robinsons,robinsons-lipa,Robinsons Place Lipa,south-luzon
dental wellness,Dental Wellness,robinsons,robinsons-cybergate-cebu,Robinsons Cybergate Cebu,visayas
dental world,Dental World,robinsons,robinsons-tacloban,Robinsons Place Tacloban,visayas
dentaland,DENTALAND,ayala,ayala-center-cebu,Ayala Center Cebu,visayas
dentallounge health hub,DENTALLOUNGE HEALTH HUB,sm,sm-city-tuguegarao,SM City Tuguegarao,north-luzon
dentcare and therabreath center,DENTCARE AND THERABREATH CENTER,sm,sm-city-iloilo,SM City Iloilo,visayas
dentcare plus,DENTCARE PLUS,sm,sm-city-dasmarinas,SM City Dasmariñas,south-luzon
dental district centre,DENTAL DISTRICT CENTRE,sm,sm-city-roxas,SM City Roxas,visayas
dental corner,Dental Corner,robinsons,robinsons-imus,Robinsons Place Imus,south-luzon
deuces coffee,Deuces Coffee,megaworld,newport-city,Newport City,metro-manila
dennis coffee express,DENNIS COFFEE EXPRESS,sm,sm-cdo-downtown,SM CDO Downtown Premier,mindanao
delin optical,Delin Optical,robinsons,robinsons-valencia,Robinsons Place Valencia,mindanao
delsan office,DELSAN OFFICE,ayala,ayala-circuit,Ayala Malls Circuit,metro-manila
delsey juice,Delsey Juice,filinvest,festival-mall,Festival Mall,metro-manila
delsey juices,DELSEY JUICES,sm,sm-city-novaliches,SM City Novaliches,metro-manila
dempsey,DEMPSEY,robinsons,opus,Opus Mall,metro-manila
denim brands depot,DENIM BRANDS DEPOT,ayala,ayala-metropoint,Metro Point Mall,metro-manila
dennis vasquez,Dennis Vasquez,ortigas,greenhills,Greenhills,metro-manila
dental center by dr kimberly ray fajardo dmd,DENTAL CENTER BY DR. KIMBERLY RAY FAJARDO DMD,ayala,ayala-serin,Ayala Malls Serin,south-luzon
dent precisions,DENT PRECISIONS,ayala,ayala-solenad,Ayala Malls Nuvali,south-luzon
dent xp,DENT.XP,robinsons,robinsons-palawan,Robinsons Place Palawan,south-luzon
dentaderm clinic,DENTADERM CLINIC,ayala,ayala-trinoma,Trinoma,metro-manila
dentaholics,DENTAHOLICS,sm,sm-city-pampanga,SM City Pampanga,north-luzon
dental avenue,DENTAL AVENUE,sm,sm-city-baliwag,SM City Baliwag,north-luzon
dental center by dr kim fajardo,Dental Center By Dr. Kim Fajardo,filinvest,fora,Fora Mall,south-luzon
dentist touch,DENTIST TOUCH,sm,sm-city-novaliches,SM City Novaliches,metro-manila
dentista group,DENTISTA GROUP,ayala,ayala-harbor-point,Harbor Point,north-luzon
dentista ko,Dentista Ko,robinsons,robinsons-malolos,Robinsons Place Malolos,north-luzon
dermtrends,DERMTRENDS,sm,sm-city-san-lazaro,SM City San Lazaro,metro-manila
dermax laser center,DERMAX LASER CENTER,ayala,ayala-solenad,Ayala Malls Nuvali,south-luzon
dermis luxury skin specialst and aesthetic center,DERMIS LUXURY SKIN SPECIALST AND AESTHETIC CENTER,sm,smdc-fame-mall,SMDC Fame Mall,metro-manila
dermo republiq,DERMO REPUBLIQ,sm,sm-city-masinag,SM City Masinag,metro-manila
dermphil skin clinic,DERMPHIL SKIN CLINIC,ayala,ayala-pavilion,Pavilion Mall,south-luzon
dermstrata atelier,DERMSTRATA ATELIER,robinsons,robinsons-galleria-ortigas,Robinsons Galleria,metro-manila
dermstrata premier,DERMSTRATA PREMIER,ayala,ayala-manila-bay,Ayala Malls Manila Bay,metro-manila
deserie,Deserie,waltermart,sucat,WalterMart Sucat,metro-manila
dentista ko clinic,Dentista Ko Clinic,waltermart,guiguinto,WalterMart Guiguinto,north-luzon
design project digital embroidery services,Design Project Digital Embroidery Services,robinsons,robinsons-iloilo,Robinsons Place Iloilo,visayas
designer blooms,DESIGNER BLOOMS,ayala,ayala-glorietta,Glorietta,metro-manila
deskanso cafe,Deskanso Cafe,robinsons,robinsons-tacloban,Robinsons Place Tacloban,visayas
dessert factory,THE DESSERT FACTORY,ayala,ayala-center-cebu,Ayala Center Cebu,visayas
dessert factory restaurant and bakery,The Dessert Factory Restaurant And Bakery,filinvest,il-corso,IL Corso,visayas
dessert museum,THE DESSERT MUSEUM,sm,s-maison,S Maison,metro-manila
dermax,Dermax,filinvest,festival-mall,Festival Mall,metro-manila
dermatrium skin care,DERMATRIUM SKIN CARE,sm,sm-city-legazpi,SM City Legazpi,south-luzon
dermatology clinic,DERMATOLOGY CLINIC,robinsons,robinsons-galleria-ortigas,Robinsons Galleria,metro-manila
dermastrasse,Dermastrasse,fishermall,quezonave,Fisher Mall Quezon Avenue,metro-manila
dermacircles,DERMACIRCLES,sm,sm-city-butuan,SM City Butuan,mindanao
dermacare,Dermacare,megaworld,newport-city,Newport City,metro-manila
derma esthetica,Derma Esthetica,ortigas,greenhills,Greenhills,metro-manila
derma concepts,DERMA CONCEPTS,sm,sm-city-masinag,SM City Masinag,metro-manila
derma bloom skin clinic,Derma Bloom Skin Clinic,robinsons,robinsons-tuguegarao,Robinsons Place Tuguegarao,north-luzon
derm station,DERM STATION,sm,sm-city-lucena,SM City Lucena,south-luzon
department of social welfare and development (dswd),Department Of Social Welfare And Development (dswd),filinvest,main-square,Main Square,south-luzon
department of migrant workers,DEPARTMENT OF MIGRANT WORKERS,robinsons,robinsons-iloilo,Robinsons Place Iloilo,visayas
department of labor and employment (dole),Department Of Labor And Employment (dole),filinvest,main-square,Main Square,south-luzon
deoluxe massage and body spa,DEOLUXE MASSAGE AND BODY SPA,sm,sm-cdo-downtown,SM CDO Downtown Premier,mindanao
deogold,DEOGOLD,robinsons,robinsons-cagayan-de-oro,Robinsons Cagayan de Oro,mindanao
deoglow skinnovation,Deoglow Skinnovation,megaworld,san-lorenzo-place-mall,San Lorenzo Place Mall,metro-manila
dentspec,DENTSPEC,sm,sm-city-cebu,SM City Cebu,visayas
delightful creation,Delightful Creation,waltermart,bacoor,WalterMart Bacoor,south-luzon
deli by chele,Deli by Chele,robinsons,robinsons-magnolia,Robinsons Magnolia,metro-manila
defender,DEFENDER,sm,sm-mall-of-asia,SM Mall of Asia,metro-manila
darling foods,DARLING FOODS,sm,sm-city-cagayan-de-oro,SM City CDO Uptown,mindanao
daneco inc,DANECO INC.,robinsons,robinsons-tagum,Robinsons Place Tagum,mindanao
dannahs decor,DANNAH'S DECOR,ayala,ayala-market-market,Market! Market!,metro-manila
dannys delicacies,Danny's Delicacies,robinsons,robinsons-ormoc,Robinsons Place Ormoc,visayas
dans,DANS,sm,sm-megamall,SM Megamall,metro-manila
dans bike shop,DAN'S BIKE SHOP,sm,sm-megamall,SM Megamall,metro-manila
darios perfume,Dario's Perfume,waltermart,candelaria,WalterMart Candelaria,south-luzon
das burgery,DAS BURGERY,ayala,ayala-capitol-central,Ayala Malls Capitol Central,visayas
daves funhouse,DAVE'S FUNHOUSE,robinsons,robinsons-bacolod,Robinsons Place Bacolod,visayas
dasmarinas satellite office,DASMARINAS SATELLITE OFFICE,robinsons,robinsons-dasmarinas,Robinsons Place Dasmarinas,south-luzon
dataview,DATAVIEW,sm,sm-city-north-edsa,SM City North Edsa,metro-manila
daud macapaar cellphones,DAUD MACAPAAR CELLPHONES,xentro,sta-ana-public-market,Sta Ana Public Market,metro-manila
daud macapaar cp,DAUD MACAPAAR CP,xentro,morong-centerpoint,Morong Centerpoint,metro-manila
davao doctors care center,DAVAO DOCTORS CARE CENTER,sm,sm-city-davao,SM City Davao,mindanao
dave & busters,DAVE & BUSTER'S,robinsons,opus,Opus Mall,metro-manila
danbhels fitness gym,DANBHELS FITNESS GYM,sm,sm-center-pulilan,SM Center Pulilan,north-luzon
dalubhasa,Dalubhasa,ortigas,greenhills,Greenhills,metro-manila
dalton jewelry,Dalton Jewelry,robinsons,robinsons-gen-san,Robinsons Place GenSan,mindanao
dalmore cigar lounge,Dalmore Cigar Lounge,megaworld,uptown-parade,Uptown Parade,metro-manila
dallida korean mart,DALLIDA KOREAN MART,sm,sm-city-santa-rosa,SM City Santa Rosa,south-luzon
dakasi hot star,DAKASI HOT STAR,sm,sm-city-calamba,SM City Calamba,south-luzon
dakasi & hot star,Dakasi & Hot Star,megaworld,twin-lakes,Twin Lakes,south-luzon
daiso snowpy,DAISO Snowpy,xentro,xentro-mall-calapan,XentroMall Calapan,south-luzon
daiso saizen,Daiso/Saizen,robinsons,robinsons-antique,Robinsons Place Antique,visayas
daiso japan temporary space,DAISO JAPAN TEMPORARY SPACE,robinsons,robinsons-otis,Robinsons Otis,metro-manila
daisees bakeshop,DAISEE'S BAKESHOP,sm,sm-center-las-pinas,SM Center Las Piñas,metro-manila
dairy queen cart,Dairy Queen Cart,filinvest,festival-mall,Festival Mall,metro-manila
dainty tea house and cafe,DAINTY TEA HOUSE AND CAFE,sm,sm-city-telabastagan,SM City Telabastagan,north-luzon
dainty restaurant,DAINTY RESTAURANT,sm,sm-city-clark,SM City Clark,north-luzon
daily tech,DAILY TECH,waltermart,north-edsa,WalterMart North EDSA,metro-manila
daily joe coffee shop,DAILY JOE COFFEE SHOP,sm,sm-city-sorsogon,SM City Sorsogon,south-luzon
daily drive,The Daily Drive,megaworld,festive-walk-mall-iloilo,Festive Walk Mall,visayas
davedent dental services,DAVEDENT DENTAL SERVICES,ayala,ayala-manila-bay,Ayala Malls Manila Bay,metro-manila
david & gian enterprises swift mighty meaty,DAVID & GIAN ENTERPRISES/ SWIFT MIGHTY MEATY,xentro,tanay-town-center,Tanay Town Center,south-luzon
deecom express,DEECOM EXPRESS,sm,sm-city-mindpro,SM City Mindpro,mindanao
dear manok,Dear Manok,robinsons,robinsons-iligan,Robinsons Place Iligan,mindanao
de jesus eye center,De Jesus Eye Center,robinsons,robinsons-santiago,Robinsons Place Santiago,north-luzon
de le mere,De Le Mere,robinsons,robinsons-tacloban,Robinsons Place Tacloban,visayas
de levante perfume,DE LEVANTE PERFUME,robinsons,robinsons-las-pinas,Robinsons Place Las Pinas,metro-manila
de original jamaican pattie johnn lemon,DE ORIGINAL JAMAICAN PATTIE+JOHNN LEMON,ayala,ayala-circuit,Ayala Malls Circuit,metro-manila
dean and deluca,DEAN AND DELUCA,ayala,ayala-vertis,Ayala Malls Vertis North,metro-manila
dear alice,Dear Alice,megaworld,three-central,Three Central Mall,metro-manila
dear self,DEAR SELF,sm,sm-city-baguio,SM City Baguio,north-luzon
david dental,David Dental,robinsons,robinsons-antipolo,Robinsons Place Antipolo,metro-manila
decatorias,Decatorias,robinsons,robinsons-tuguegarao,Robinsons Place Tuguegarao,north-luzon
decor premier,DECOR PREMIER,sm,sm-city-north-edsa,SM City North Edsa,metro-manila
decor riel,Decor Riel,filinvest,festival-mall,Festival Mall,metro-manila
decos la paz batchoy,Deco's La Paz Batchoy,robinsons,robinsons-iloilo,Robinsons Place Iloilo,visayas
decos original lapaz batchoy,Deco's Original Lapaz Batchoy,robinsons,robinsons-jaro,Robinsons Place Jaro,visayas
deeco,DEECO,araneta,farmers-plaza,Farmers Plaza,metro-manila
ddoddo korean cuisine restaurant,DDODDO KOREAN CUISINE RESTAURANT,sm,sm-cherry-shaw,SM Center Shaw,metro-manila
dd backyard hydroponic farm,DD BACKYARD HYDROPONIC FARM,sm,sm-city-tuguegarao,SM City Tuguegarao,north-luzon
dc shop,Dc Shop,filinvest,festival-mall,Festival Mall,metro-manila
dc derm cosmetic,DC DERM Cosmetic,waltermart,bacoor,WalterMart Bacoor,south-luzon
dc delights,DC DELIGHTS,sm,s-maison,S Maison,metro-manila
dc coffee lover,DC COFFEE LOVER,sm,sm-city-fairview,SM City Fairview,metro-manila
dc,DC,ayala,ayala-centrio,Centrio Mall,mindanao
dbtk (dont blame the kids),DBTK (Don’t Blame The Kids),ortigas,greenhills,Greenhills,metro-manila
dbci gadgets accessories,DBCI GADGETS ACCESSORIES,robinsons,robinsons-butuan,Robinsons Place Butuan,mindanao
dbci gadgets,DBCI GADGETS,sm,sm-center-ormoc,SM Center Ormoc,visayas
db express,DB EXPRESS,sm,sm-city-calamba,SM City Calamba,south-luzon
dazzling nails,Dazzling Nails,robinsons,robinsons-tacloban,Robinsons Place Tacloban,visayas
daykey donut,Daykey Donut,megaworld,uptown-mall,Uptown Mall,metro-manila
day one bar and restaurant,DAY.ONE BAR AND RESTAURANT,sm,sm-city-olongapo-central,SM City Olongapo Central,north-luzon
dawg snackhouse,Dawg Snackhouse,robinsons,robinsons-north-tacloban,Robinsons North Tacloban,visayas
davids tea house express,DAVIDS TEA HOUSE EXPRESS,sm,sm-city-grand-central,SM City Grand Central,metro-manila
davids salon & topten nails,DAVID'S SALON & TOPTEN NAILS,robinsons,robinsons-la-union,Robinsons Place La Union,north-luzon
detailed x quisite,DETAILED X QUISITE,sm,sm-city-iloilo,SM City Iloilo,visayas
dev hub center for intervention,DEV HUB CENTER FOR INTERVENTION,sm,sm-cherry-antipolo,SM Center Antipolo Downtown,metro-manila
dulceana boutique,Dulceana Boutique,robinsons,robinsons-cagayan-de-oro,Robinsons Cagayan de Oro,mindanao
dothy maos pizzahaus,DOTHY MAOS PIZZAHAUS,sm,sm-city-naga,SM City Naga,south-luzon
doner durum,Doner Durum,robinsons,robinsons-los-banos,Robinsons Town Mall Los Banos,south-luzon
doodskie,Doodskie,robinsons,robinsons-iloilo,Robinsons Place Iloilo,visayas
doogee,DOOGEE,sm,sm-city-north-edsa,SM City North Edsa,metro-manila
doqaus,DOQAUS,sm,sm-city-pampanga,SM City Pampanga,north-luzon
doroci,DOROCI,sm,sm-city-novaliches,SM City Novaliches,metro-manila
dot zero hair studio,Dot Zero Hair Studio,filinvest,festival-mall,Festival Mall,metro-manila
dotonbori ramen,DOTONBORI RAMEN,ayala,ayala-center-cebu,Ayala Center Cebu,visayas
don machiattos,Don Machiatto's,robinsons,robinsons-valencia,Robinsons Place Valencia,mindanao
dotpad mobile phone,DOTPAD MOBILE PHONE,starmall,alabang,Starmall Alabang,metro-manila
dough story,THE DOUGH STORY,sm,sm-city-davao,SM City Davao,mindanao
doughmain,DOUGHMAIN,sm,sm-city-north-edsa,SM City North Edsa,metro-manila
doughnut,DOUGHNUT,ayala,ayala-trinoma,Trinoma,metro-manila
doys homemade delicacies,DOY'S HOMEMADE DELICACIES,sm,sm-city-davao,SM City Davao,mindanao
dr a g salazar dental orthodontic clinic,DR. A.G SALAZAR DENTAL ORTHODONTIC CLINIC,robinsons,robinsons-galleria-ortigas,Robinsons Galleria,metro-manila
don ricardos chocolate shop,DON RICARDOS CHOCOLATE SHOP,sm,sm-city-general-santos,SM City General Santos,mindanao
don juan boodle ihaw ihaw atbp,DON JUAN BOODLE IHAW-IHAW ATBP,sm,sm-city-lipa,SM City Lipa,south-luzon
developed parking,Developed Parking,xentro,shopking,Shopking,metro-manila
doktor relos service center co,Doktor Relos Service Center Co.,waltermart,balayan,WalterMart Balayan,south-luzon
doghauz hotdog toppings,DOGHAUZ HOTDOG TOPPINGS 9911845655,robinsons,robinsons-butuan,Robinsons Place Butuan,mindanao
dogs & the city,Dogs & The City,robinsons,robinsons-manila,Robinsons Place Manila,metro-manila
dogs and the city pet store,DOGS AND THE CITY PET STORE,sm,sm-mall-of-asia,SM Mall of Asia,metro-manila
dogs spa,The Dog's Spa,fishermall,quezonave,Fisher Mall Quezon Avenue,metro-manila
dojo,THE DOJO,robinsons,opus,Opus Mall,metro-manila
doki doki takoyaki and sunakku food stop,DOKI-DOKI TAKOYAKI AND SUNAKKU FOOD STOP,sm,sm-city-sorsogon,SM City Sorsogon,south-luzon
dole,DOLE,sm,sm-city-cebu,SM City Cebu,visayas
don juan,Don Juan,ortigas,greenhills,Greenhills,metro-manila
dom lenes ilocos empanada,DOM LENES ILOCOS EMPANADA,sm,sm-city-cauayan,SM City Cauayan,north-luzon
domain internet cafe,DOMAIN INTERNET CAFE,ayala,ayala-centrio,Centrio Mall,mindanao
domlenes empanada,DOMLENES EMPANADA,robinsons,robinsons-tuguegarao,Robinsons Place Tuguegarao,north-luzon
don churros,Don Churros,robinsons,robinsons-ilocos,Robinsons Place Ilocos,north-luzon
don de dieu salon,Don De Dieu Salon,robinsons,robinsons-jaro,Robinsons Place Jaro,visayas
don henricos,DON HENRICOS,sm,sm-city-baguio,SM City Baguio,north-luzon
dr a repair center,Dr.a Repair Center,ortigas,greenhills,Greenhills,metro-manila
dr alvin,Dr. Alvin,filinvest,festival-mall,Festival Mall,metro-manila
dr crb aesthetic laser clinic,DR CRB AESTHETIC LASER CLINIC,sm,sm-city-cebu,SM City Cebu,visayas
drip room aesthetics,THE DRIP ROOM AESTHETICS,sm,sm-city-legazpi,SM City Legazpi,south-luzon
dreamland,Dreamland,ortigas,greenhills,Greenhills,metro-manila
dreamland massage chair,DREAMLAND MASSAGE CHAIR 0969 392 1620,robinsons,robinsons-sta-rosa,Robinsons Sta. Rosa,south-luzon
dreamwave hotel papa roberts lechon,DREAMWAVE HOTEL PAPA ROBERT'S LECHON,xentro,xentro-mall-lemery,XentroMall Lemery,south-luzon
dreiland ice cream,DREILAND ICE CREAM,sm,sm-city-dasmarinas,SM City Dasmariñas,south-luzon
dri,Dri+,megaworld,southwoods-mall,Southwoods Mall,south-luzon
drink sls,Drink SLS,megaworld,festive-walk-parade,Festive Walk Parade,visayas
drive & jump,DRIVE & JUMP,xentro,montalban-town-center,Montalban Town Center,metro-manila
dr esthe,Dr. Esthe,filinvest,festival-mall,Festival Mall,metro-manila
drybrush gallery,DRYBRUSH GALLERY,sm,moa-square,MOA Square,metro-manila
ds interior,DS INTERIOR,waltermart,makati,WalterMart Makati,metro-manila
ds windows,DS WINDOWS,robinsons,robinsons-metro-east,Robinsons Metro East,metro-manila
dswd provincial extension office zambales services,DSWD PROVINCIAL EXTENSION OFFICE ZAMBALES SERVICES,sm,sm-city-olongapo-downtown,SM City Olongapo Downtown,north-luzon
dti otop,DTI OToP,robinsons,robinsons-pagadian,Robinsons Pagadian,mindanao
ducks unlimited,Ducks Unlimited,ortigas,greenhills,Greenhills,metro-manila
dreamlab,DREAMLAB,ayala,ayala-circuit,Ayala Malls Circuit,metro-manila
dreame,DREAME,sm,moa-square,MOA Square,metro-manila
dream world arcade,Dream World Arcade,megaworld,southwoods-mall,Southwoods Mall,south-luzon
dream cream pastries,DREAM CREAM PASTRIES,sm,sm-city-roxas,SM City Roxas,visayas
drakes restaurant & bar,Drake's Restaurant & Bar,robinsons,robinsons-tacloban,Robinsons Place Tacloban,visayas
dragons gem health care,Dragon's Gem Health Care,robinsons,robinsons-imus,Robinsons Place Imus,south-luzon
dragonforge,THE DRAGONFORGE,ayala,ayala-up-town-center,U. P. Town Center,metro-manila
dragon dumplings,DRAGON DUMPLINGS,sm,sm-city-davao,SM City Davao,mindanao
draftsmans digital printing services,DRAFTSMAN'S DIGITAL PRINTING SERVICES,robinsons,robinsons-novaliches,Robinsons Novaliches,metro-manila
draft restaurant and brewery,Draft Restaurant and Brewery,megaworld,uptown-parade,Uptown Parade,metro-manila
draft coffee by lews,Draft Coffee by Lew’s,ortigas,greenhills,Greenhills,metro-manila
dr wine,Dr. Wine,megaworld,forbes-town,Forbes Town,metro-manila
dr tooth dental smile clinic,Dr. Tooth Dental Smile Clinic,robinsons,robinsons-novaliches,Robinsons Novaliches,metro-manila
dr textus gadgets accessories store,DR TEXTUS GADGETS ACCESSORIES STORE,sm,sm-city-iloilo,SM City Iloilo,visayas
dr ouanos dental clinic,DR. OUANO’S DENTAL CLINIC,sm,sm-city-consolacion,SM City Consolacion,visayas
dr leather,Dr. Leather,megaworld,eastwood-city-walk,Eastwood City Walk,metro-manila
dr john sidney s ricamora,Dr. John Sidney S. Ricamora,robinsons,robinsons-galleria-cebu,Robinsons Galleria Cebu,visayas
doggo,Doggo,filinvest,festival-mall,Festival Mall,metro-manila
dogaholics,Dogaholics,ortigas,tiendesitas,Tiendesitas,metro-manila
dog city,DOG CITY,sm,sm-cherry-shaw,SM Center Shaw,metro-manila
digital premium,DIGITAL PREMIUM,sm,sm-city-bacolod,SM City Bacolod,visayas
digi tech,Digi Tech,fishermall,quezonave,Fisher Mall Quezon Avenue,metro-manila
digi techpoint,DIGI TECHPOINT,sm,sm-city-sucat,SM City Sucat,metro-manila
digibyte internet cafe,DIGIBYTE INTERNET CAFE,sm,sm-city-bicutan,SM City Bicutan,metro-manila
digiplanet,Digiplanet,ortigas,estancia,Estancia,metro-manila
digistamp,Digistamp,robinsons,robinsons-galleria-cebu,Robinsons Galleria Cebu,visayas
digital depot,Digital Depot,robinsons,robinsons-north-tacloban,Robinsons North Tacloban,visayas
digiworks,DIGIWORKS 0955-756-1385 (NEW),robinsons,robinsons-antique,Robinsons Place Antique,visayas
dinko bakery supplies,DINKO BAKERY SUPPLIES,sm,sm-city-naga,SM City Naga,south-luzon
digos apple products,DIGOS APPLE PRODUCTS,robinsons,robinsons-gen-san,Robinsons Place GenSan,mindanao
dillingers prohibition,DILLINGERS/PROHIBITION,ayala,ayala-greenbelt,Greenbelt,metro-manila
dimsum dimsum,DIMSUM DIMSUM,waltermart,pasay,WalterMart Pasay,metro-manila
dimsum place,The Dimsum Place,fishermall,quezonave,Fisher Mall Quezon Avenue,metro-manila
dimsum republic,Dimsum Republic,fishermall,quezonave,Fisher Mall Quezon Avenue,metro-manila
dimsum republic hongkong style fried noodles,DIMSUM REPUBLIC HONGKONG STYLE FRIED NOODLES (NEW),robinsons,robinsons-naga,Robinsons Place Naga,south-luzon
digi computer land pnb,Digi Computer Land PNB,xentro,xentro-mall-calapan,XentroMall Calapan,south-luzon
digi boss,DIGI BOSS,sm,sm-city-urdaneta-central,SM City Urdaneta Central,north-luzon
difam,Difam,ortigas,greenhills,Greenhills,metro-manila
diandra denise,Diandra Denise,robinsons,robinsons-lipa,Robinsons Place Lipa,south-luzon
diana stadler,Diana Stadler,araneta,gateway-mall,Gateway Mall,metro-manila
diana binoya cahayag,Diana Binoya Cahayag 0909-407-5343,robinsons,robinsons-cybergate-cebu,Robinsons Cybergate Cebu,visayas
diamonds and lilies,DIAMONDS AND LILIES,sm,sm-city-mindpro,SM City Mindpro,mindanao
diamond star,Diamond Star,robinsons,robinsons-tacloban,Robinsons Place Tacloban,visayas
diamond rent a car,DIAMOND RENT-A-CAR,sm,sm-city-davao,SM City Davao,mindanao
diamond palace,DIAMOND PALACE,sm,sm-lanang,SM Lanang,mindanao
diamond life,DIAMOND LIFE,robinsons,robinsons-galleria-ortigas,Robinsons Galleria,metro-manila
diamond finery,THE DIAMOND FINERY,ayala,ayala-greenbelt,Greenbelt,metro-manila
dialog telecom,DIALOG TELECOM,sm,sm-city-north-edsa,SM City North Edsa,metro-manila
dfa regional consular office,DFA REGIONAL CONSULAR OFFICE,ayala,ayala-marquee,MarQuee Mall,north-luzon
df dacanay dental center,DF DACANAY DENTAL CENTER,sm,sm-center-pasig,SM Center Pasig,metro-manila
dexter laundry,Dexter Laundry,megaworld,eastwood-cyber-mall,Eastwood Cyber Mall,metro-manila
devia,DEVIA,sm,sm-city-bacolod,SM City Bacolod,visayas
dingers,DINGERS,sm,sm-city-manila,SM City Manila,metro-manila
dino adventure,Dino Adventure,filinvest,festival-mall,Festival Mall,metro-manila
dodolon world,Dodolon World,robinsons,robinsons-dasmarinas,Robinsons Place Dasmarinas,south-luzon
do eat cotton candy,DO EAT COTTON CANDY,sm,sm-megamall,SM Megamall,metro-manila
dj jewelry store,DJ JEWELRY STORE,sm,sm-city-cabanatuan,SM City Cabanatuan,north-luzon
dj kool loca,DJ Kool Loca,robinsons,robinsons-palawan,Robinsons Place Palawan,south-luzon
dkny,DKNY,ayala,ayala-trinoma,Trinoma,metro-manila
dlro lto san roque retrouvaille center,DLRO LTO SAN ROQUE RETROUVAILLE CENTER,sm,sm-city-cagayan-de-oro,SM City CDO Uptown,mindanao
dm extreme cellphone accessories,DM EXTREME CELLPHONE ACCESSORIES,xentro,balagtas-town-center,Balagtas Town Center,north-luzon
dna therapy,DNA THERAPY,sm,sm-city-san-lazaro,SM City San Lazaro,metro-manila
do it best (handy man) vendocorp,DO IT BEST (HANDY MAN) VENDOCORP,xentro,montalban-town-center,Montalban Town Center,metro-manila
dino dig,DINO DIG,sm,sm-city-fairview,SM City Fairview,metro-manila
do marketing,DO MARKETING 0945-8454967,robinsons,robinsons-sta-rosa,Robinsons Sta. Rosa,south-luzon
do thirsty,Do Thirsty,robinsons,robinsons-malolos,Robinsons Place Malolos,north-luzon
dobbo,DOBBO,sm,sm-city-cauayan,SM City Cauayan,north-luzon
doc ferds animal wellness center,DOC FERDS ANIMAL WELLNESS CENTER,ayala,ayala-up-town-center,U. P. Town Center,metro-manila
doc onin dental services,DOC ONIN DENTAL SERVICES,sm,sm-marketmall-dasmarinas,SM Marketmall Dasmarinas,south-luzon
doctors alley,Doctor's Alley,robinsons,robinsons-metro-east,Robinsons Metro East,metro-manila
dizzle kitchen,Dizzle Kitchen,filinvest,festival-mall,Festival Mall,metro-manila
dizon furnitures,Dizon Furnitures,ortigas,estancia,Estancia,metro-manila
dizon farm,DIZON FARM,ayala,ayala-market-market,Market! Market!,metro-manila
diy adessa,"DIY, ADESSA",xentro,xentro-mall-cabagan,XentroMall Cabagan,north-luzon
dix gadget repair shop,DIX GADGET REPAIR SHOP,sm,sm-city-san-jose-del-monte,SM City San Jose Del Monte,north-luzon
divine sweets bakery and cafe,DIVINE SWEETS BAKERY AND CAFE,sm,sm-city-puerto-princesa,SM City Puerto Princesa,south-luzon
divine sweets,Divine Sweets,robinsons,robinsons-palawan,Robinsons Place Palawan,south-luzon
divine indulgence,DIVINE INDULGENCE,sm,sm-city-baguio,SM City Baguio,north-luzon
divine grace medical center,DIVINE GRACE MEDICAL CENTER,sm,sm-center-imus,SM Center Imus,south-luzon
divas kaffe,DIVAS KAFFE,sm,sm-city-clark,SM City Clark,north-luzon
dito telecom,DITO Telecom,megaworld,forbes-town,Forbes Town,metro-manila
dito telcommunity,DITO TELCOMMUNITY,robinsons,galleria-south,Robinsons Galleria South,south-luzon
district 8,District 8,ortigas,greenhills,Greenhills,metro-manila
diskubre pet shop,DISKUBRE PET SHOP,sm,sm-city-baguio,SM City Baguio,north-luzon
dishee,D’ISHEE,megaworld,venice-grand-canal-mall,Venice Grand Canal Mall,metro-manila
dipping dumpling,DIPPING DUMPLING,sm,sm-cherry-shaw,SM Center Shaw,metro-manila
dion & mary,DION & MARY,araneta,ali-mall,Ali Mall,metro-manila
cakes eatcetera,CAKES EATCETERA,sm,sm-city-roxas,SM City Roxas,visayas
cakes by mark,CAKES BY MARK,sm,sm-city-mindpro,SM City Mindpro,mindanao
cakeistry,CAKEISTRY,ayala,ayala-centrio,Centrio Mall,mindanao
anthonys salon for men,ANTHONYS SALON FOR MEN,sm,smdc-strip-at-shore,SMDC Strip at Shore,metro-manila
anshally,Anshally,robinsons,robinsons-novaliches,Robinsons Novaliches,metro-manila
anta kids,Anta Kids,megaworld,venice-grand-canal-mall,Venice Grand Canal Mall,metro-manila
anta superstore,ANTA Superstore,robinsons,robinsons-tacloban,Robinsons Place Tacloban,visayas
antepara,Antepara,megaworld,lucky-chinatown-mall,Lucky Chinatown Mall,metro-manila
antepara247,ANTEPARA247,araneta,ali-mall,Ali Mall,metro-manila
anthem,ANTHEM,robinsons,opus,Opus Mall,metro-manila
antihero,AntiHero,ortigas,greenhills,Greenhills,metro-manila
annyeong samgyupsal,Annyeong Samgyupsal,robinsons,robinsons-tuguegarao,Robinsons Place Tuguegarao,north-luzon
antillan living,ANTILLAN LIVING,ayala,ayala-solenad,Ayala Malls Nuvali,south-luzon
antiques fair,Antiques Fair,filinvest,festival-mall,Festival Mall,metro-manila
antonas breads and pastries shop,ANTONAS BREADS AND PASTRIES SHOP,sm,sm-city-lucena,SM City Lucena,south-luzon
antonias fun and rides,Antonia's Fun and Rides,robinsons,robinsons-iligan,Robinsons Place Iligan,mindanao
antonias fund and rides,Antonia's Fund and Rides,robinsons,robinsons-tagum,Robinsons Place Tagum,mindanao
antro,ANTRO,ayala,ayala-solenad,Ayala Malls Nuvali,south-luzon
anothersole,Anothersole,ortigas,greenhills,Greenhills,metro-manila
annyeong corn dog,Annyeong Corn Dog 9303454316,robinsons,robinsons-santiago,Robinsons Place Santiago,north-luzon
aniiq cellphone accessories,Aniiq Cellphone Accessories,robinsons,robinsons-jaro,Robinsons Place Jaro,visayas
annabelle,ANNABELLE,robinsons,robinsons-starmills,Robinsons Starmills,north-luzon
animal distrik,ANIMAL DISTRIK,robinsons,robinsons-pagadian,Robinsons Pagadian,mindanao
animal house,ANIMAL HOUSE,ayala,ayala-market-market,Market! Market!,metro-manila
anime landia,Anime Landia,robinsons,robinsons-tacloban,Robinsons Place Tacloban,visayas
anime lobby,ANIME LOBBY,sm,sm-city-puerto-princesa,SM City Puerto Princesa,south-luzon
anko,Anko,araneta,gateway-mall,Gateway Mall,metro-manila
annabel lee cafe,Annabel Lee Café,ortigas,estancia,Estancia,metro-manila
annas cellphone & accessories,Anna's Cellphone & Accessories,robinsons,robinsons-novaliches,Robinsons Novaliches,metro-manila
anns home,ANNS HOME,sm,sm-city-batangas,SM City Batangas,south-luzon
anne juleth,Anne Juleth,ortigas,greenhills,Greenhills,metro-manila
annes posh,Anne's Posh,robinsons,robinsons-north-tacloban,Robinsons North Tacloban,visayas
annie brilliant jewelry,Annie Brilliant Jewelry,filinvest,festival-mall,Festival Mall,metro-manila
anniepie,Anniepie,robinsons,robinsons-tagum,Robinsons Place Tagum,mindanao
annies,ANNIE'S,ayala,ayala-center-cebu,Ayala Center Cebu,visayas
annindofu tokyo,Annindofu Tokyo,megaworld,lucky-chinatown-imperial-wing,Lucky Chinatown - Imperial Wing,metro-manila
anx kabayan pawnshop farron cafe,ANX KABAYAN PAWNSHOP FARRON CAFÉ,xentro,montalban-town-center,Montalban Town Center,metro-manila
anyhow,AnyHow,robinsons,robinsons-magnolia,Robinsons Magnolia,metro-manila
aorus,AORUS,sm,sm-city-mindpro,SM City Mindpro,mindanao
aquakflash,AQUAKFLASH,robinsons,robinsons-pagadian,Robinsons Pagadian,mindanao
apple skin solutions,APPLE SKIN SOLUTIONS,sm,sm-city-fairview,SM City Fairview,metro-manila
aqua,AQUA,robinsons,robinsons-galleria-ortigas,Robinsons Galleria,metro-manila
aqua flask kids,AQUA FLASK KIDS,robinsons,robinsons-ilocos,Robinsons Place Ilocos,north-luzon
aqua minerale,Aqua Minerale,megaworld,lucky-chinatown-mall,Lucky Chinatown Mall,metro-manila
aquabest laundrybest,AQUABEST - LAUNDRYBEST,sm,smdc-strip-at-grass,SMDC Strip at Grass,metro-manila
aquagem,Aquagem,robinsons,robinsons-iligan,Robinsons Place Iligan,mindanao
aquila medical clinic,AQUILA MEDICAL CLINIC,robinsons,robinsons-butuan,Robinsons Place Butuan,mindanao
aozora japanese bistro,AOZORA JAPANESE BISTRO,ayala,ayala-serin,Ayala Malls Serin,south-luzon
ar beauty,AR BEAUTY,sm,sm-city-rosario,SM City Rosario,south-luzon
ar gadgets,AR Gadgets,ortigas,greenhills,Greenhills,metro-manila
ar jems jewelry shop,AR Jems Jewelry Shop,robinsons,robinsons-jaro,Robinsons Place Jaro,visayas
araya ramen and sushi bar,ARAYA RAMEN AND SUSHI BAR,sm,sm-city-sucat,SM City Sucat,metro-manila
arcade for fun,ARCADE FOR FUN,sm,smdc-breeze-mall,SMDC Breeze Mall,metro-manila
arcadia ph,Arcadia PH,megaworld,venice-grand-canal-mall,Venice Grand Canal Mall,metro-manila
apple service center,APPLE SERVICE CENTER,sm,sm-city-cebu,SM City Cebu,visayas
app store,APP STORE,ayala,ayala-centrio,Centrio Mall,mindanao
apostrophe cafe,APOSTROPHE CAFE,ayala,ayala-centrio,Centrio Mall,mindanao
apostrophe,Apostrophe,robinsons,robinsons-galleria-cebu,Robinsons Galleria Cebu,visayas
apostol skin med plus,APOSTOL SKIN MED PLUS,sm,sm-city-tarlac,SM City Tarlac,north-luzon
apollo barber lounge,Apollo Barber Lounge,megaworld,eastwood-city-walk,Eastwood City Walk,metro-manila
apo ni lola durian delicacies,APO NI LOLA DURIAN DELICACIES,ayala,ayala-abreeza,Abreeza,mindanao
apiados watch repair,APIADOS WATCH REPAIR,sm,sm-city-tuguegarao,SM City Tuguegarao,north-luzon
aphrodite naturals,APHRODITE NATURALS,robinsons,galleria-south,Robinsons Galleria South,south-luzon
apex dental,APEX Dental,robinsons,robinsons-fuente,Robinsons Fuente,visayas
apero,Apero,megaworld,clubhouse-temple-drive,The Clubhouse at Temple Drive,metro-manila
aperitif cafe,Aperitif Cafe,megaworld,forbes-town,Forbes Town,metro-manila
aperitif,Aperitif,filinvest,festival-mall,Festival Mall,metro-manila
apd travel tours services,APD TRAVEL TOURS SERVICES,sm,sm-city-molino,SM City Molino,south-luzon
apd travel & tours,APD TRAVEL & TOURS,sm,sm-city-rosario,SM City Rosario,south-luzon
apartment 8 clothing,APARTMENT 8 CLOTHING,sm,sm-city-davao,SM City Davao,mindanao
aozora japanese restaurant,Aozora Japanese Restaurant,megaworld,twin-lakes,Twin Lakes,south-luzon
animal care specialist company,Animal Care Specialist Company,ortigas,tiendesitas,Tiendesitas,metro-manila
aniiq,Aniiq,robinsons,robinsons-iloilo,Robinsons Place Iloilo,visayas
baan kids spa,Baan Kids Spa,megaworld,mactan-newtown,Mactan Newtown,visayas
amian coffee ph,AMIAN COFFEE PH,sm,sm-city-laoag,SM City Laoag,north-luzon
american ribs & wings,AMERICAN RIBS & WINGS,robinsons,robinsons-las-pinas,Robinsons Place Las Pinas,metro-manila
american tourister open shop level 2 8536 7938 gcash,AMERICAN TOURISTER OPEN Shop Level 2 (Pedro Gil Wing) 8536-7938 GCash,robinsons,robinsons-manila,Robinsons Place Manila,metro-manila
ameu,AMEU,xentro,balagtas-town-center,Balagtas Town Center,north-luzon
ameu cai cellphone & accessories ii ( colina),AMEU CAI CELLPHONE & ACCESSORIES II ( COLINA),xentro,montalban-town-center,Montalban Town Center,metro-manila
ami its itech,AMI/ ITS/ ITECH,xentro,northstar-mall,Northstar Mall,north-luzon
ami jewels,Ami Jewels,ortigas,greenhills,Greenhills,metro-manila
amigos onlayn printing,Amigo’s Onlayn Printing,filinvest,main-square,Main Square,south-luzon
american premium outlet,AMERICAN PREMIUM OUTLET,ayala,ayala-harbor-point,Harbor Point,north-luzon
amikar,Amikar,robinsons,robinsons-iloilo,Robinsons Place Iloilo,visayas
amk vision link optical tropix,AMK VISION LINK OPTICAL TROPIX,xentro,tanay-town-center,Tanay Town Center,south-luzon
amkor travel and tours,Amkor Travel And Tours,robinsons,robinsons-ormoc,Robinsons Place Ormoc,visayas
ammarah cellphone and accessories shop,AMMARAH CELLPHONE AND ACCESSORIES SHOP,robinsons,robinsons-novaliches,Robinsons Novaliches,metro-manila
amor propio salon,Amor Propio Salon,robinsons,robinsons-luisita,Robinsons Luisita,north-luzon
amora bar & lounge,Amora Bar & Lounge,megaworld,festive-walk-parade,Festive Walk Parade,visayas
american rib & wings,AMERICAN RIB & WINGS,robinsons,robinsons-santiago,Robinsons Place Santiago,north-luzon
american hearing center,AMERICAN HEARING CENTER,sm,the-podium,The Podium,metro-manila
aniesthetix dental implantology center,ANIESTHETIX DENTAL IMPLANTOLOGY CENTER,sm,smdc-strip-at-mezza,SMDC Strip at Mezza,metro-manila
amazing star,Amazing Star,ortigas,greenhills,Greenhills,metro-manila
amari luxe,AMARI LUXE,sm,sm-city-tanza,SM City Tanza,south-luzon
amari luxe aesthetic and wellness clinic,AMARI LUXE AESTHETIC AND WELLNESS CLINIC,robinsons,robinsons-galleria-ortigas,Robinsons Galleria,metro-manila
amarra,AMARRA,sm,sm-center-las-pinas,SM Center Las Piñas,metro-manila
amars cellphone accessories shop,Amar's Cellphone Accessories Shop,robinsons,robinsons-roxas,Robinsons Place Roxas,visayas
amazing discoveries travel and tours,THE AMAZING DISCOVERIES TRAVEL AND TOURS,sm,sm-city-roxas,SM City Roxas,visayas
amazing hands with blind therapist,AMAZING HANDS WITH BLIND THERAPIST,ayala,ayala-marquee,MarQuee Mall,north-luzon
amazing touch,AMAZING TOUCH,ayala,ayala-trinoma,Trinoma,metro-manila
american eye center,AMERICAN EYE CENTER,sm,the-podium,The Podium,metro-manila
ambassador home & electronics centre,AMBASSADOR HOME & ELECTRONICS CENTRE,ayala,ayala-glorietta,Glorietta,metro-manila
amber graceal dance studio,AMBER GRACEAL DANCE STUDIO,ayala,ayala-legazpi,Ayala Malls Legazpi,south-luzon
ambrosiya,AMBROSIYA,robinsons,robinsons-pagadian,Robinsons Pagadian,mindanao
amelie jewelry studios,AMELIE JEWELRY STUDIOS,sm,sm-city-san-jose-del-monte,SM City San Jose Del Monte,north-luzon
amelitos,AMELITO'S,robinsons,robinsons-malolos,Robinsons Place Malolos,north-luzon
amerah jewelry & pearls,Amerah Jewelry & Pearls,araneta,gateway-mall-2,Gateway Mall 2,metro-manila
amoretto fine jewelry,Amoretto Fine Jewelry,megaworld,california-garden-square,California Garden Square,metro-manila
amps volts,AMPS VOLTS,sm,sm-city-fairview,SM City Fairview,metro-manila
amuma hair bar,AMUMA HAIR BAR,sm,sm-cdo-downtown,SM CDO Downtown Premier,mindanao
angels skin care salon,Angels' Skin Care Salon,megaworld,eastwood-cyber-mall,Eastwood Cyber Mall,metro-manila
angel jasmine merchandise,ANGEL JASMINE MERCHANDISE,xentro,xentro-mall-roxas,XentroMall Roxas,north-luzon
angel k kakanin & merienda,Angel-K Kakanin & Merienda,robinsons,robinsons-cybergate-davao,Robinsons Cybergate Davao,mindanao
angel k kakanin atbp,Angel K Kakanin Atbp,robinsons,robinsons-gen-san,Robinsons Place GenSan,mindanao
angeles electric company,ANGELES ELECTRIC COMPANY,robinsons,robinsons-angeles,Robinsons Angeles,north-luzon
angelines general merchandise,ANGELINES GENERAL MERCHANDISE,xentro,tanay-town-center,Tanay Town Center,south-luzon
angels feet,ANGEL'S FEET,ayala,ayala-market-market,Market! Market!,metro-manila
angies jewelry,Angie's Jewelry,robinsons,robinsons-santiago,Robinsons Place Santiago,north-luzon
amy fruits galore,AMY FRUITS GALORE,ayala,ayala-market-market,Market! Market!,metro-manila
angkan,ANGKAN,sm,the-podium,The Podium,metro-manila
angkan coffee,Angkan Coffee,ortigas,estancia,Estancia,metro-manila
angkols pungko pungko,Angkols Pungko-pungko,filinvest,festival-mall,Festival Mall,metro-manila
anglo eye care,Anglo Eye Care,robinsons,robinsons-bacolod,Robinsons Place Bacolod,visayas
anglo eye care center,ANGLO EYE CARE CENTER,ayala,ayala-capitol-central,Ayala Malls Capitol Central,visayas
angus pares,ANGUS PARES,sm,sm-city-grand-central,SM City Grand Central,metro-manila
ang nanay,ANG NANAY,robinsons,robinsons-palawan,Robinsons Place Palawan,south-luzon
ang karenderia sa cagayan,ANG KARENDERIA SA CAGAYAN,robinsons,robinsons-cagayan-de-oro,Robinsons Cagayan de Oro,mindanao
anew,Anew,ortigas,greenhills,Greenhills,metro-manila
aneco,ANECO 9079115440,robinsons,robinsons-butuan,Robinsons Place Butuan,mindanao
aneal nail spa & beauty lounge,Aneal Nail Spa & Beauty Lounge,robinsons,robinsons-jaro,Robinsons Place Jaro,visayas
andys crunchicken,ANDYS CRUNCHICKEN,sm,sm-city-cebu,SM City Cebu,visayas
androgyne manila,ANDROGYNE MANILA,ayala,ayala-market-market,Market! Market!,metro-manila
andriod zone,ANDRIOD ZONE,xentro,northstar-mall,Northstar Mall,north-luzon
andrews woodcraft furniture,Andrews Woodcraft Furniture,filinvest,festival-mall,Festival Mall,metro-manila
andreas health & beauty products,Andrea's Health & Beauty Products,robinsons,robinsons-imus,Robinsons Place Imus,south-luzon
andre gemstone,Andre Gemstone,robinsons,robinsons-naga,Robinsons Place Naga,south-luzon
andoks rice in a box,ANDOKS RICE IN A BOX,xentro,tanay-town-center,Tanay Town Center,south-luzon
andante,ANDANTE,ayala,one-ayala-mall,One Ayala,metro-manila
ancels gadget & accessories shop,ANCEL'S GADGET & ACCESSORIES SHOP,araneta,ali-mall,Ali Mall,metro-manila
anastasia lee cakes,ANASTASIA LEE CAKES,sm,sm-cdo-downtown,SM CDO Downtown Premier,mindanao
analog,Analog,ortigas,greenhills,Greenhills,metro-manila
ana maria bakeshop,ANA MARIA BAKESHOP,robinsons,robinsons-dumaguete,Robinsons Place Dumaguete,visayas
arce haus,Arce Haus,robinsons,robinsons-magnolia,Robinsons Magnolia,metro-manila
architectural audio,ARCHITECTURAL AUDIO,ayala,ayala-greenbelt,Greenbelt,metro-manila
areej,AREEJ,ayala,ayala-market-market,Market! Market!,metro-manila
automobile association philippines,AUTOMOBILE ASSOCIATION PHILIPPINES,robinsons,robinsons-manila,Robinsons Place Manila,metro-manila
authorized lotto agent,Authorized Lotto Agent,robinsons,robinsons-la-union,Robinsons Place La Union,north-luzon
auto care carwash services,Auto-Care Carwash Services,robinsons,robinsons-tagum,Robinsons Place Tagum,mindanao
auto center,AUTO CENTER,sm,sm-city-tanza,SM City Tanza,south-luzon
autogu,AUTOGU,sm,sm-cdo-downtown,SM CDO Downtown Premier,mindanao
autolandia,Autolandia,robinsons,robinsons-sta-rosa,Robinsons Sta. Rosa,south-luzon
automobile association of the philippines inc,"Automobile Association Of The Philippines, Inc.",robinsons,robinsons-starmills,Robinsons Starmills,north-luzon
autor and dela cruz dental clinic (former carolyne bucao),Autor and Dela Cruz Dental Clinic (former Carolyne Bucao) 9183806769,robinsons,robinsons-cybergate-cebu,Robinsons Cybergate Cebu,visayas
auro chocolate cafe,AURO CHOCOLATE CAFE,sm,moa-square,MOA Square,metro-manila
av stamping services,AV STAMPING SERVICES,sm,sm-city-roxas,SM City Roxas,visayas
avecom printing services,AVECOM PRINTING SERVICES,robinsons,galleria-south,Robinsons Galleria South,south-luzon
aveda,AVEDA,ayala,ayala-greenbelt,Greenbelt,metro-manila
avene,AVENE,ayala,ayala-greenbelt,Greenbelt,metro-manila
aveneto pasta and pizza,AVENETO PASTA AND PIZZA,sm,sm-mall-of-asia,SM Mall of Asia,metro-manila
aventus clinic,Aventus Clinic,robinsons,robinsons-cybergate-cebu,Robinsons Cybergate Cebu,visayas
austin land,AUSTIN LAND,sm,sm-city-bacoor,SM City Bacoor,south-luzon
aureva,Aureva,megaworld,alabang-west-parade,Alabang West Parade,metro-manila
arellano dental clinic,Arellano Dental Clinic,robinsons,robinsons-tuguegarao,Robinsons Place Tuguegarao,north-luzon
atm psbank,ATM - PSBANK,robinsons,robinsons-malabon,Robinsons Town Mall Malabon,metro-manila
athletes foot,The Athlete's Foot,robinsons,robinsons-magnolia,Robinsons Magnolia,metro-manila
athletica gymnastics,Athletica Gymnastics,ortigas,the-strip,The Strip,metro-manila
athletics hub,ATHLETICS HUB,robinsons,robinsons-gapan,Robinsons Gapan,north-luzon
atm bdo,ATM - BDO,robinsons,robinsons-malabon,Robinsons Town Mall Malabon,metro-manila
atm bpi,ATM - BPI,robinsons,robinsons-malabon,Robinsons Town Mall Malabon,metro-manila
atm pnb,ATM - PNB,robinsons,robinsons-malabon,Robinsons Town Mall Malabon,metro-manila
ato gaido,Ato Gaido,megaworld,eastwood-city-walk,Eastwood City Walk,metro-manila
aurelios empanada,AURELIO'S EMPANADA,robinsons,robinsons-santiago,Robinsons Place Santiago,north-luzon
au beau blanc,Au Beau Blanc,megaworld,clubhouse-temple-drive,The Clubhouse at Temple Drive,metro-manila
au beau blanc cleaners,AU BEAU BLANC CLEANERS,sm,sm-aura,SM Aura,metro-manila
augen beauty lounge,AUGEN BEAUTY LOUNGE,sm,sm-city-sucat,SM City Sucat,metro-manila
aunt ludi bakeshoppe,AUNT LUDI BAKESHOPPE,sm,sm-city-general-santos,SM City General Santos,mindanao
aunt sallys laundry service,AUNT SALLY'S LAUNDRY SERVICE,ayala,ayala-the-30th,Ayala Malls The 30th,metro-manila
aura salon,AURA SALON,ayala,ayala-up-town-center,U. P. Town Center,metro-manila
aventus medical care inc,AVENTUS MEDICAL CARE INC,sm,sm-city-clark,SM City Clark,north-luzon
avia international club,Avia International Club,megaworld,newport-city,Newport City,metro-manila
avimms,AVIMMS,robinsons,robinsons-dasmarinas,Robinsons Place Dasmarinas,south-luzon
aziza,Aziza,megaworld,venice-grand-canal-mall,Venice Grand Canal Mall,metro-manila
az powered,AZ POWERED,sm,sm-city-pampanga,SM City Pampanga,north-luzon
azabu,Azabu,robinsons,robinsons-galleria-cebu,Robinsons Galleria Cebu,visayas
azcor,AZCOR,sm,sm-megamall,SM Megamall,metro-manila
azela,AZELA,robinsons,robinsons-manila,Robinsons Place Manila,metro-manila
azhleya cellphone & accessories shop,AZHLEYA CELLPHONE & ACCESSORIES SHOP,robinsons,robinsons-novaliches,Robinsons Novaliches,metro-manila
azilep trading,Azilep Trading,robinsons,robinsons-novaliches,Robinsons Novaliches,metro-manila
azons boneless lechon,Azon's Boneless Lechon,robinsons,robinsons-tagum,Robinsons Place Tagum,mindanao
avimms massage therapy & reflexology service,AVIMMS MASSAGE THERAPY & REFLEXOLOGY SERVICE,ayala,ayala-pavilion,Pavilion Mall,south-luzon
azucar,AZUCAR,ayala,ayala-greenbelt,Greenbelt,metro-manila
b fashion & apparel,B FASHION & APPAREL,robinsons,robinsons-otis,Robinsons Otis,metro-manila
b1t1,B1T1,robinsons,robinsons-gentrias,Robinsons Place Gen. Trias,south-luzon
b7 amusement egames nm cellphone ii,B7 AMUSEMENT EGAMES NM Cellphone II,xentro,xentro-mall-calapan,XentroMall Calapan,south-luzon
b7 amusement nm cellphone,B7 AMUSEMENT NM Cellphone,xentro,xentro-mall-calapan,XentroMall Calapan,south-luzon
b7 bingo angels gadget,B7 BINGO ANGELS GADGET,xentro,xentro-mall-lemery,XentroMall Lemery,south-luzon
ayz health and beauty,AYZ HEALTH AND BEAUTY,xentro,xentro-mall-santiago,XentroMall Santiago,north-luzon
ayumi elite,Ayumi Elite,megaworld,uptown-parade,Uptown Parade,metro-manila
aysee,Aysee,ortigas,tiendesitas,Tiendesitas,metro-manila
ayas cellphone accessories store,AYAS CELLPHONE ACCESSORIES STORE,sm,sm-city-consolacion,SM City Consolacion,visayas
ayans lugawan,AYAN'S LUGAWAN,ayala,ayala-fairview-mall,Fairview Terraces,metro-manila
ayame japanese restaurant,Ayame Japanese Restaurant,filinvest,il-corso,IL Corso,visayas
ayala land premier,AYALA LAND PREMIER,ayala,ayala-greenbelt,Greenbelt,metro-manila
ayaah mobile phones and accessories shop,AYAAH MOBILE PHONES AND ACCESSORIES SHOP,robinsons,robinsons-novaliches,Robinsons Novaliches,metro-manila
axels rbm souvinier & gift shop,AXEL'S RBM SOUVINIER & GIFT SHOP,ayala,ayala-harbor-point,Harbor Point,north-luzon
axels rbm,AXELS RBM,robinsons,robinsons-starmills,Robinsons Starmills,north-luzon
axel laundry water,AXEL LAUNDRY WATER,sm,smdc-strip-at-princeton,SMDC Strip at Princeton,metro-manila
awra beauty and infusion spa,AWRA Beauty and Infusion Spa,robinsons,robinsons-ilocos,Robinsons Place Ilocos,north-luzon
awesam smile dental clinic,Awesam Smile Dental Clinic,megaworld,venice-grand-canal-mall,Venice Grand Canal Mall,metro-manila
avocadorian,AVOCADORIAN,robinsons,robinsons-pagadian,Robinsons Pagadian,mindanao
avocado slurp,AVOCADO SLURP,robinsons,robinsons-gen-san,Robinsons Place GenSan,mindanao
avocado and mango delights,AVOCADO AND MANGO DELIGHTS,sm,sm-city-general-santos,SM City General Santos,mindanao
avocadaria,AVOCADARIA,robinsons,robinsons-la-union,Robinsons Place La Union,north-luzon
athena travel tours,Athena Travel Tours,robinsons,robinsons-pangasinan,Robinsons Place Pangasinan,north-luzon
athalias cakes & pastries,Athalia's Cakes & Pastries,robinsons,robinsons-cybergate-davao,Robinsons Cybergate Davao,mindanao
ate nenes shakes,ATE NENE'S SHAKES,sm,sm-city-tanza,SM City Tanza,south-luzon
arturos,ARTURO'S,sm,sm-cdo-downtown,SM CDO Downtown Premier,mindanao
art of scent,Art of Scent,megaworld,newport-city,Newport City,metro-manila
art point gallery,Art Point Gallery,ortigas,greenhills,Greenhills,metro-manila
art68 coffee corner,Art68 Coffee Corner,robinsons,robinsons-novaliches,Robinsons Novaliches,metro-manila
artasia,ARTASIA,sm,sm-megamall,SM Megamall,metro-manila
artboom,Artboom,megaworld,eastwood-mall,Eastwood Mall,metro-manila
artistitch,ARTISTITCH,sm,sm-city-cebu,SM City Cebu,visayas
arx,ARX,robinsons,robinsons-galleria-ortigas,Robinsons Galleria,metro-manila
ashiq zone gadget trading,Ashiq Zone Gadget Trading,robinsons,robinsons-north-tacloban,Robinsons North Tacloban,visayas
arya persian,Arya Persian,robinsons,robinsons-magnolia,Robinsons Magnolia,metro-manila
arya persian restaurant,ARYA PERSIAN RESTAURANT,robinsons,robinsons-manila,Robinsons Place Manila,metro-manila
aryas coffee and tea,ARYAS COFFEE AND TEA,sm,sm-city-mindpro,SM City Mindpro,mindanao
aseptique,ASEPTIQUE,sm,sm-city-lipa,SM City Lipa,south-luzon
aserehe money changer,Aserehe Money Changer,waltermart,dasmarinas,WalterMart Dasmariñas,south-luzon
ash letrato inc,"Ash Letrato, Inc.",robinsons,robinsons-galleria-ortigas,Robinsons Galleria,metro-manila
art of love tattoo,Art Of Love Tattoo,megaworld,eastwood-city-walk,Eastwood City Walk,metro-manila
art monster,ART MONSTER,sm,sm-megamall,SM Megamall,metro-manila
art lounge,ART LOUNGE,sm,the-podium,The Podium,metro-manila
art haven gallery,ART HAVEN GALLERY,ayala,ayala-up-town-center,U. P. Town Center,metro-manila
art circle,The Art Circle,robinsons,robinsons-galleria-ortigas,Robinsons Galleria,metro-manila
art anton gallery,ART ANTON GALLERY,sm,s-maison,S Maison,metro-manila
arroz caldo republic,Arroz Caldo Republic,robinsons,robinsons-naga,Robinsons Place Naga,south-luzon
arrowland by gandiva archery,ARROWLAND BY GANDIVA ARCHERY,sm,sm-megamall,SM Megamall,metro-manila
arrow fix,ARROW FIX,robinsons,robinsons-palawan,Robinsons Place Palawan,south-luzon
arraboo ph,ARRABOO PH,sm,sm-city-urdaneta-central,SM City Urdaneta Central,north-luzon
arq living,ARQ Living,robinsons,robinsons-magnolia,Robinsons Magnolia,metro-manila
aromacology sensi,AROMACOLOGY SENSI,sm,sm-city-davao,SM City Davao,mindanao
armourtech phone accents,ARMOURTECH PHONE ACCENTS,ayala,ayala-capitol-central,Ayala Malls Capitol Central,visayas
armorica by breton,ARMORICA BY BRETON,ayala,ayala-greenbelt,Greenbelt,metro-manila
aristocrat,Aristocrat,robinsons,robinsons-manila,Robinsons Place Manila,metro-manila
aries services,ARIES SERVICES 0916-730-3522,robinsons,robinsons-sta-rosa,Robinsons Sta. Rosa,south-luzon
ari beauty and spa,Ari Beauty and Spa,megaworld,venice-grand-canal-mall,Venice Grand Canal Mall,metro-manila
asher jewels,ASHER JEWELS,sm,sm-city-caloocan,SM City Caloocan,metro-manila
ashley furniture,Ashley Furniture,robinsons,robinsons-magnolia,Robinsons Magnolia,metro-manila
ate by tatah,Ate By Tatah,robinsons,robinsons-galleria-cebu,Robinsons Galleria Cebu,visayas
asu trading,ASU Trading,robinsons,robinsons-manila,Robinsons Place Manila,metro-manila
asian spice,Asian Spice (Temporarily Closed),robinsons,robinsons-santiago,Robinsons Place Santiago,north-luzon
aslane cellphone & accessories,ASLANE CELLPHONE & ACCESSORIES 0950-864-1523,robinsons,robinsons-cagayan-de-oro,Robinsons Cagayan de Oro,mindanao
aslania shoes corner,Aslania Shoes Corner,robinsons,robinsons-novaliches,Robinsons Novaliches,metro-manila
aspire health solutions,Aspire Health Solutions,megaworld,festive-walk-parade,Festive Walk Parade,visayas
astons specialities,ASTONS SPECIALITIES,sm,sm-megamall,SM Megamall,metro-manila
astroballoons,ASTROBALLOONS,sm,sm-city-davao,SM City Davao,mindanao
asuncion optical,ASUNCION OPTICAL,ayala,ayala-the-district-dasmarinas,The District Dasmarinas,south-luzon
ashley mixx,Ashley Mixx,filinvest,fora,Fora Mall,south-luzon
asures by carla,ASURES BY CARLA,robinsons,robinsons-butuan,Robinsons Place Butuan,mindanao
asus experience zone,THE ASUS EXPERIENCE ZONE,sm,sm-megamall,SM Megamall,metro-manila
asy and ysas party needs,ASY AND YSA'S PARTY NEEDS,ayala,ayala-market-market,Market! Market!,metro-manila
ata martial arts studio,ATA Martial Arts Studio,megaworld,alabang-west-parade,Alabang West Parade,metro-manila
atc massage,ATC MASSAGE,robinsons,robinsons-metro-east,Robinsons Metro East,metro-manila
atc massage chair service,ATC MASSAGE CHAIR SERVICE (NEW),robinsons,robinsons-naga,Robinsons Place Naga,south-luzon
asian skin clinic,Asian Skin Clinic,megaworld,venice-grand-canal-mall,Venice Grand Canal Mall,metro-manila
asian pieces arts & antiques shop,"ASIAN PIECES, ARTS & ANTIQUE'S SHOP",ayala,ayala-capitol-central,Ayala Malls Capitol Central,visayas
asian noodle master,Asian Noodle Master,robinsons,robinsons-malolos,Robinsons Place Malolos,north-luzon
asian massage,ASIAN MASSAGE,sm,sm-city-puerto-princesa,SM City Puerto Princesa,south-luzon
asian institute of computer studies purple line,ASIAN INSTITUTE OF COMPUTER STUDIES PURPLE LINE,xentro,tanay-town-center,Tanay Town Center,south-luzon
asian institute of computer studies,ASIAN INSTITUTE OF COMPUTER STUDIES,xentro,montalban-town-center,Montalban Town Center,metro-manila
asian hawker,ASIAN HAWKER,starmall,alabang,Starmall Alabang,metro-manila
asian food house,Asian Food House,megaworld,lucky-chinatown-imperial-wing,Lucky Chinatown - Imperial Wing,metro-manila
asian derma clinic cherry mobile,ASIAN DERMA CLINIC CHERRY MOBILE,xentro,montalban-town-center,Montalban Town Center,metro-manila
asian derma clinic,ASIAN DERMA CLINIC,starmall,san-jose-del-monte,Starmall San Jose del Monte,north-luzon
asian base dental group,Asian Base Dental Group,robinsons,robinsons-manila,Robinsons Place Manila,metro-manila
asiamex,ASIAMEX,ayala,ayala-market-market,Market! Market!,metro-manila
asiaco,Asiaco,robinsons,robinsons-magnolia,Robinsons Magnolia,metro-manila
ashtel phil,Ashtel Phil,ortigas,greenhills,Greenhills,metro-manila
ashrey diagnostic center,Ashrey Diagnostic Center,megaworld,venice-grand-canal-mall,Venice Grand Canal Mall,metro-manila
ashley nicolette,Ashley Nicolette,robinsons,robinsons-novaliches,Robinsons Novaliches,metro-manila
ashley mixx bazaar,Ashley Mixx Bazaar,filinvest,main-square,Main Square,south-luzon
amara fleur,AMARA FLEUR,sm,sm-city-pampanga,SM City Pampanga,north-luzon
amang grill,Amang Grill,waltermart,erodriguez,WalterMart E.Rodriguez,metro-manila
amaia steps two capitol central showroom,AMAIA STEPS TWO CAPITOL CENTRAL SHOWROOM,ayala,ayala-capitol-central,Ayala Malls Capitol Central,visayas
abenson appliance,ABENSON APPLIANCE,waltermart,erodriguez,WalterMart E.Rodriguez,metro-manila
abc decor centre,ABC DECOR CENTRE,sm,sm-city-north-edsa,SM City North Edsa,metro-manila
abdg,ABDG,sm,sm-city-fairview,SM City Fairview,metro-manila
abdul azis cellphone and accessories store,ABDUL-AZIS CELLPHONE AND ACCESSORIES STORE,robinsons,robinsons-novaliches,Robinsons Novaliches,metro-manila
abee barbeque corner,ABEE BARBEQUE CORNER,ayala,ayala-market-market,Market! Market!,metro-manila
abel iloko,ABEL ILOKO,ayala,ayala-market-market,Market! Market!,metro-manila
abel ulaye jcm exhibit depot,ABEL ULAYE JCM Exhibit Depot,xentro,xentro-mall-calapan,XentroMall Calapan,south-luzon
abenson appliances,ABENSON APPLIANCES,xentro,mall-of-the-valley,Mall Of The Valley,north-luzon
abbas orchard,The Abba's Orchard,ortigas,greenhills,Greenhills,metro-manila
abenson genelyn cellphone and accessories,ABENSON Genelyn Cellphone and accessories,xentro,montalban-town-center,Montalban Town Center,metro-manila
abenson victorious,"ABENSON, VICTORIOUS",xentro,xentro-mall-cabagan,XentroMall Cabagan,north-luzon
abesamis dental clinic,Abesamis Dental Clinic,filinvest,festival-mall,Festival Mall,metro-manila
abracadabra,Abracadabra,ortigas,greenhills,Greenhills,metro-manila
abraham cellshop,ABRAHAM CELLSHOP,xentro,balagtas-town-center,Balagtas Town Center,north-luzon
abrey photocopy corp,ABREY PHOTOCOPY CORP.,xentro,montalban-town-center,Montalban Town Center,metro-manila
abbas orchard montessori,Abba's Orchard Montessori,megaworld,venice-grand-canal-mall,Venice Grand Canal Mall,metro-manila
abaton,Abaton,ortigas,greenhills,Greenhills,metro-manila
ad lynx,AD LYNX,sm,sm-city-santa-rosa,SM City Santa Rosa,south-luzon
a touch of elegance,A TOUCH OF ELEGANCE,ayala,ayala-glorietta,Glorietta,metro-manila
a la mode,A LA MODE,sm,sm-seaside-city-cebu,SM Seaside City Cebu,visayas
a moleta sign & crafts,A. MOLETA SIGN & CRAFTS,robinsons,robinsons-iloilo,Robinsons Place Iloilo,visayas
a new way to smile dental clinic,A NEW WAY TO SMILE DENTAL CLINIC,sm,sm-city-masinag,SM City Masinag,metro-manila
a remax,A-REMAX,robinsons,robinsons-palawan,Robinsons Place Palawan,south-luzon
a salonga music center school,A SALONGA MUSIC CENTER SCHOOL,sm,sm-city-cebu,SM City Cebu,visayas
a t m fruit corner,A.T.M. FRUIT CORNER,ayala,ayala-market-market,Market! Market!,metro-manila
a z gadgets,A-Z GADGETS,robinsons,robinsons-las-pinas,Robinsons Place Las Pinas,metro-manila
abalone,ABALONE,sm,sm-city-mindpro,SM City Mindpro,mindanao
a&g,A&G,robinsons,robinsons-tacloban,Robinsons Place Tacloban,visayas
a&ron massage chair,A&RON MASSAGE CHAIR,robinsons,robinsons-cainta,Robinsons Cainta,metro-manila
a2z driving school,A2Z Driving School,robinsons,robinsons-dasmarinas,Robinsons Place Dasmarinas,south-luzon
a5 collection,A5 Collection,robinsons,robinsons-novaliches,Robinsons Novaliches,metro-manila
a888 watch repair,A888 Watch Repair,robinsons,robinsons-los-banos,Robinsons Town Mall Los Banos,south-luzon
abaga cellphone,ABAGA CELLPHONE,xentro,xentro-mall-cabagan,XentroMall Cabagan,north-luzon
abrillo furniture,ABRILLO FURNITURE,sm,sm-city-cagayan-de-oro,SM City CDO Uptown,mindanao
abubot,ABUBOT,sm,sm-city-north-edsa,SM City North Edsa,metro-manila
ac 632,AC + 632,ayala,ayala-greenbelt,Greenbelt,metro-manila
across,ACROSS,sm,sm-city-marilao,SM City Marilao,north-luzon
acom consumer finance,ACOM Consumer Finance,waltermart,bicutan,WalterMart Bicutan,metro-manila
acom consumer finance corporation,ACOM Consumer Finance Corporation,waltermart,sta-maria,WalterMart Sta. Maria,north-luzon
acom consumer finance corporaton,ACOM CONSUMER FINANCE CORPORATON,starmall,alabang,Starmall Alabang,metro-manila
acom consumer finance incorporated,ACOM Consumer Finance Incorporated,waltermart,gapan,WalterMart Gapan,north-luzon
acquasuisse,Acquasuisse,robinsons,robinsons-manila,Robinsons Place Manila,metro-manila
acquasuisse perfume bar,ACQUASUISSE PERFUME BAR,ayala,ayala-abreeza,Abreeza,mindanao
activate sports center,ACTIVATE SPORTS CENTER,sm,smdc-light-mall,SMDC Light Mall,metro-manila
acami massage,Acami Massage,ortigas,greenhills,Greenhills,metro-manila
active eyewear,ACTIVE EYEWEAR,sm,sm-city-taytay,SM City Taytay,metro-manila
active fun,ACTIVE FUN,sm,sm-megamall,SM Megamall,metro-manila
active hearing,Active Hearing,robinsons,robinsons-lipa,Robinsons Place Lipa,south-luzon
active vision,Active Vision,robinsons,robinsons-malolos,Robinsons Place Malolos,north-luzon
acts church,Acts Church,filinvest,festival-mall,Festival Mall,metro-manila
acts manila,Acts Manila,megaworld,greenhouse-village-square,The Greenhouse at Village Square,metro-manila
acom,ACOM,starmall,edsa-shaw,Starmall EDSA-Shaw,metro-manila
acms medical and diagnostic services,ACMS MEDICAL AND DIAGNOSTIC SERVICES,sm,sm-city-trece-martires,SM City Trece Martires,south-luzon
acg medical clinic,ACG Medical Clinic,robinsons,robinsons-galleria-cebu,Robinsons Galleria Cebu,visayas
aceshield cellphone accessories,ACESHIELD CELLPHONE ACCESSORIES,sm,sm-city-north-edsa,SM City North Edsa,metro-manila
acefast,ACEFAST,sm,sm-mall-of-asia,SM Mall of Asia,metro-manila
acebedo panol optical,ACEBEDO PANOL OPTICAL,robinsons,robinsons-tuguegarao,Robinsons Place Tuguegarao,north-luzon
acebedo,Acebedo,robinsons,robinsons-tacloban,Robinsons Place Tacloban,visayas
ace hardware warehouse,ACE HARDWARE WAREHOUSE,xentro,mall-of-the-valley,Mall Of The Valley,north-luzon
ace fashion,ACE FASHION 9209267708,robinsons,robinsons-butuan,Robinsons Place Butuan,mindanao
ace express,ACE EXPRESS,sm,smdc-jazz-mall,SMDC Jazz Mall,metro-manila
ace cream,Ace Cream,filinvest,main-square,Main Square,south-luzon
ace builders center,ACE BUILDERS CENTER,sm,sm-city-fairview,SM City Fairview,metro-manila
acdi multipurpose cooperative,ACDI Multipurpose Cooperative,robinsons,robinsons-luisita,Robinsons Luisita,north-luzon
acdc learning center,ACDC LEARNING CENTER,ayala,ayala-the-district-imus,The District Imus,south-luzon
accenture,ACCENTURE,ayala,ayala-the-district-imus,The District Imus,south-luzon
accent hub,Accent Hub,filinvest,festival-mall,Festival Mall,metro-manila
acami massage spa,ACAMI MASSAGE SPA,sm,smdc-strip-at-shore,SMDC Strip at Shore,metro-manila
a l valencia dental clinic,A L VALENCIA DENTAL CLINIC,sm,sm-city-lucena,SM City Lucena,south-luzon
a create,A-CREATE,sm,sm-city-baliwag,SM City Baliwag,north-luzon
a bernardo jewelry,A.bernardo Jewelry,ortigas,greenhills,Greenhills,metro-manila
2nd time around,2ND TIME AROUND,sm,sm-city-cebu,SM City Cebu,visayas
2823 cherry mobile,2823 CHERRY MOBILE,xentro,xentro-mall-roxas,XentroMall Roxas,north-luzon
2d samgyup saranghae,2D Samgyup Saranghae,megaworld,festive-walk-parade,Festive Walk Parade,visayas
2go express,2go Express,filinvest,festival-mall,Festival Mall,metro-manila
2go express tara balls,2GO EXPRESS Tara Balls,xentro,montalban-town-center,Montalban Town Center,metro-manila
2nd street oyster,2ND STREET OYSTER,sm,sm-megamall,SM Megamall,metro-manila
2nd street oysters,2nd Street Oysters,megaworld,alabang-west-parade,Alabang West Parade,metro-manila
3 barkeeteers,3 Barkeeteers,ortigas,tiendesitas,Tiendesitas,metro-manila
3geeks,3geeks,ortigas,greenhills,Greenhills,metro-manila
31st streetbar and restaurant,31ST STREETBAR AND RESTAURANT,robinsons,robinsons-novaliches,Robinsons Novaliches,metro-manila
360 barbers & beauty salon,360 BARBERS & BEAUTY SALON,robinsons,robinsons-gapan,Robinsons Gapan,north-luzon
360 fitness,360 Fitness,xentro,shopking,Shopking,metro-manila
360 pharmacy,360 Pharmacy,filinvest,il-corso,IL Corso,visayas
37 degrees coffee,37 Degrees Coffee,robinsons,robinsons-antique,Robinsons Place Antique,visayas
3d dental clinic,3D DENTAL CLINIC,ayala,ayala-feliz,Ayala Malls Feliz,metro-manila
2823 cellphone & accessories jhenzan cellphone (norania 2),2823 CELLPHONE & ACCESSORIES JHENZAN CELLPHONE (NORANIA 2),xentro,tanay-town-center,Tanay Town Center,south-luzon
2823,2823,xentro,ab-central,Ab Central,metro-manila
27c realty,27C REALTY,robinsons,robinsons-galleria-ortigas,Robinsons Galleria,metro-manila
2358 korean exquisite ca exhibit network,2358 KOREAN EXQUISITE CA EXHIBIT NETWORK,xentro,montalban-town-center,Montalban Town Center,metro-manila
220 taps n tiles,220 TAPS N' TILES,sm,sm-mall-of-asia,SM Mall of Asia,metro-manila
205,205,ayala,ayala-bonifacio-high-street,Bonifacio High Street,metro-manila
2 els toy mart,2 El's Toy Mart,megaworld,festive-walk-mall-iloilo,Festive Walk Mall,visayas
1click internet shop,1CLICK INTERNET SHOP,robinsons,robinsons-iloilo,Robinsons Place Iloilo,visayas
19th street coffee shop,19TH STREET COFFEE SHOP,ayala,ayala-capitol-central,Ayala Malls Capitol Central,visayas
1870 cookie cartel,1870 Cookie Cartel,megaworld,venice-grand-canal-mall,Venice Grand Canal Mall,metro-manila
18 days coffee,18 DAYS COFFEE,ayala,ayala-solenad,Ayala Malls Nuvali,south-luzon
1624 noodle bar,1624 Noodle Bar,ortigas,greenhills,Greenhills,metro-manila
121 grill and restaurant,121 Grill and Restaurant,megaworld,eastwood-city-walk,Eastwood City Walk,metro-manila
12 monkeys music hall & pub,12 Monkeys Music Hall & Pub,ortigas,estancia,Estancia,metro-manila
10yenking,10YenKing,robinsons,robinsons-magnolia,Robinsons Magnolia,metro-manila
102 izakaya,102 IZAKAYA,ayala,ayala-glorietta,Glorietta,metro-manila
10 by tsukemen,10 by Tsukemen,robinsons,robinsons-magnolia,Robinsons Magnolia,metro-manila
3g planet,3g Planet,filinvest,festival-mall,Festival Mall,metro-manila
3m pizza,3M PIZZA,robinsons,robinsons-novaliches,Robinsons Novaliches,metro-manila
a & s miscellaneous fabric center,A & S MISCELLANEOUS FABRIC CENTER,ayala,ayala-glorietta,Glorietta,metro-manila
8th ways spa,8th Ways Spa,megaworld,festive-walk-mall-iloilo,Festive Walk Mall,visayas
80 degrees ktv,80 DEGREES KTV,sm,sm-city-cagayan-de-oro,SM City CDO Uptown,mindanao
808,THE 808,sm,the-podium,The Podium,metro-manila
8a performance,8A PERFORMANCE,araneta,ali-mall,Ali Mall,metro-manila
8cuts burger,8Cuts Burger,ortigas,greenhills,Greenhills,metro-manila
8th lane,8TH LANE,ayala,ayala-market-market,Market! Market!,metro-manila
8th street spa,8TH STREET SPA,sm,sm-city-iloilo,SM City Iloilo,visayas
9 silog,9 SILOG,sm,sm-city-trece-martires,SM City Trece Martires,south-luzon
4 med enterprises ( aficionado) ca exhibits ( property pro ),4 MED ENTERPRISES ( AFICIONADO) CA EXHIBITS ( PROPERTY PRO ),xentro,montalban-town-center,Montalban Town Center,metro-manila
99 ranch,99 Ranch,megaworld,venice-grand-canal-mall,Venice Grand Canal Mall,metro-manila
99 ranch store,99 Ranch Store,waltermart,macapagal,WalterMart Macapagal,metro-manila
a & b textile,A & B TEXTILE,araneta,ali-mall,Ali Mall,metro-manila
a & j cellphone accessories,A & J CELLPHONE ACCESSORIES,robinsons,robinsons-iligan,Robinsons Place Iligan,mindanao
a & r beauty,A & R Beauty,robinsons,robinsons-gentrias,Robinsons Place Gen. Trias,south-luzon
a & ron massage chair,A & RON MASSAGE CHAIR,robinsons,robinsons-cainta,Robinsons Cainta,metro-manila
8 zettabytes,8 Zettabytes,ortigas,greenhills,Greenhills,metro-manila
8 seconds,8 SECONDS,robinsons,robinsons-manila,Robinsons Place Manila,metro-manila
8 cuts burgers,8 CUTS BURGERS,ayala,ayala-serendra,Shops at Serendra,metro-manila
8 cuts burger,8 Cuts Burger,megaworld,uptown-mall,Uptown Mall,metro-manila
789 fresh mart,789 Fresh Mart,megaworld,venice-grand-canal-mall,Venice Grand Canal Mall,metro-manila
712 insideout travel tours,712 INSIDEOUT TRAVEL TOURS,sm,sm-cdo-downtown,SM CDO Downtown Premier,mindanao
70s kimchi,70’s Kimchi,filinvest,festival-mall,Festival Mall,metro-manila
7 soles,7 Soles,robinsons,robinsons-gentrias,Robinsons Place Gen. Trias,south-luzon
7 luxe,7 Luxe,filinvest,festival-mall,Festival Mall,metro-manila
7 for all mankind,7 FOR ALL MANKIND,ayala,ayala-greenbelt,Greenbelt,metro-manila
7 eleven rasta,7 ELEVEN RASTA,xentro,xentro-mall-lemery,XentroMall Lemery,south-luzon
7 brothers cellphone gallery,7 BROTHERS CELLPHONE GALLERY,robinsons,robinsons-novaliches,Robinsons Novaliches,metro-manila
5peaches inc,"5PEACHES, INC.",xentro,ab-central,Ab Central,metro-manila
511 tactical series,511 TACTICAL SERIES,sm,sm-mall-of-asia,SM Mall of Asia,metro-manila
50 second,50 SECOND,robinsons,robinsons-novaliches,Robinsons Novaliches,metro-manila
50 50 burger steaks,50/50 BURGER STEAKS,robinsons,opus,Opus Mall,metro-manila
4ns fone,4N'S FONE,xentro,balagtas-town-center,Balagtas Town Center,north-luzon
aczesoriz,Aczesoriz,robinsons,robinsons-ilocos,Robinsons Place Ilocos,north-luzon
ada cellphone and accessories,ADA Cellphone and Accessories,robinsons,robinsons-galleria-cebu,Robinsons Galleria Cebu,visayas
amah mee ya,Amah Mee Ya,megaworld,mactan-newtown,Mactan Newtown,visayas
alice orig pancit malabon,Alice Orig Pancit Malabon 9985474866,robinsons,robinsons-santiago,Robinsons Place Santiago,north-luzon
alessi,ALESSI,ayala,ayala-greenbelt,Greenbelt,metro-manila
alexander fragrance,ALEXANDER FRAGRANCE,ayala,ayala-trinoma,Trinoma,metro-manila
alexis,Alexis,robinsons,robinsons-galleria-ortigas,Robinsons Galleria,metro-manila
alfredo watch repair,Alfredo Watch Repair,robinsons,robinsons-fuente,Robinsons Fuente,visayas
alfredulla,ALFREDULLA,sm,sm-mall-of-asia,SM Mall of Asia,metro-manila
ali footwear,Ali Footwear,robinsons,robinsons-novaliches,Robinsons Novaliches,metro-manila
alistair,Alistair,robinsons,robinsons-novaliches,Robinsons Novaliches,metro-manila
alegria,ALEGRIA,ayala,ayala-bonifacio-high-street,Bonifacio High Street,metro-manila
alizidney,ALIZIDNEY,robinsons,robinsons-iligan,Robinsons Place Iligan,mindanao
alkimia by mumbakki,ALKIMIA BY MUMBAKKI (0946-138-4463),robinsons,robinsons-metro-east,Robinsons Metro East,metro-manila
all aboard xp by gaming library,All aBoard XP by Gaming Library,megaworld,uptown-mall,Uptown Mall,metro-manila
all about women ob gyne sub specialty clinic,ALL ABOUT WOMEN OB-GYNE SUB-SPECIALTY CLINIC,sm,sm-city-cebu,SM City Cebu,visayas
all bank,ALL BANK,starmall,alabang,Starmall Alabang,metro-manila
all core pilates,ALL CORE PILATES,sm,the-podium,The Podium,metro-manila
alemar graphics ads,ALEMAR GRAPHICS ADS,sm,sm-city-iloilo,SM City Iloilo,visayas
aleah cellphone & accessories store,ALEAH CELLPHONE & ACCESSORIES STORE,robinsons,robinsons-novaliches,Robinsons Novaliches,metro-manila
adamas,Adamas,ortigas,greenhills,Greenhills,metro-manila
alcantara and associates law office,ALCANTARA AND ASSOCIATES LAW OFFICE,sm,sm-cdo-downtown,SM CDO Downtown Premier,mindanao
alandoni cellphone accessories (enshes),ALANDONI CELLPHONE ACCESSORIES (ENSHES),xentro,tanay-town-center,Tanay Town Center,south-luzon
alas nail spa,Alas Nail Spa,megaworld,california-garden-square,California Garden Square,metro-manila
albarando & laboga dental clinic (032) 479 9319,Albarando & Laboga Dental Clinic (032)479-9319,robinsons,robinsons-cybergate-cebu,Robinsons Cybergate Cebu,visayas
alberto geox,Alberto/Geox,robinsons,robinsons-dumaguete,Robinsons Place Dumaguete,visayas
alberto officine,Alberto/Officine,robinsons,robinsons-roxas,Robinsons Place Roxas,visayas
alberto terra & agua,Alberto/Terra & Agua,robinsons,robinsons-iloilo,Robinsons Place Iloilo,visayas
alcaras,ALCARAS,xentro,xentro-mall-cabagan,XentroMall Cabagan,north-luzon
aldrew 88 footwear & gen merchandise mus ab ii cellphone & accessories,ALDREW 88 FOOTWEAR & GEN. MERCHANDISE MUS AB II CELLPHONE & ACCESSORIES,xentro,tanay-town-center,Tanay Town Center,south-luzon
alchemy,Alchemy,robinsons,robinsons-magnolia,Robinsons Magnolia,metro-manila
alchemy fiber,ALCHEMY FIBER,robinsons,robinsons-magnolia,Robinsons Magnolia,metro-manila
alcoan driving school,ALCOAN DRIVING SCHOOL,robinsons,robinsons-palawan,Robinsons Place Palawan,south-luzon
alcoves,THE ALCOVES,ayala,ayala-center-cebu,Ayala Center Cebu,visayas
aldave dental implant and esthetic dentistry and medical,ALDAVE DENTAL IMPLANT AND ESTHETIC DENTISTRY AND MEDICAL,sm,sm-city-north-edsa,SM City North Edsa,metro-manila
aldo accessories,Aldo Accessories,robinsons,robinsons-manila,Robinsons Place Manila,metro-manila
all day convenience store,ALL DAY CONVENIENCE STORE,starmall,edsa-shaw,Starmall EDSA-Shaw,metro-manila
all day convenience store gfl,ALL DAY CONVENIENCE STORE GFL,starmall,san-jose-del-monte,Starmall San Jose del Monte,north-luzon
all day convenience store ugf,ALL DAY CONVENIENCE STORE UGF,starmall,san-jose-del-monte,Starmall San Jose del Monte,north-luzon
alter cesh,Alter Cesh,ortigas,greenhills,Greenhills,metro-manila
alpha bazaar,Alpha Bazaar,robinsons,robinsons-dasmarinas,Robinsons Place Dasmarinas,south-luzon
alpha lifestyle,ALPHA LIFESTYLE,sm,sm-city-north-edsa,SM City North Edsa,metro-manila
alpina lounge & wellness,Alpina Lounge & Wellness,megaworld,uptown-parade,Uptown Parade,metro-manila
alres,ALRES,sm,sm-city-santa-rosa,SM City Santa Rosa,south-luzon
alshaymah cellphone & accessories,ALSHAYMAH CELLPHONE & ACCESSORIES,robinsons,robinsons-novaliches,Robinsons Novaliches,metro-manila
alter and more,ALTER AND MORE,sm,sm-city-lucena,SM City Lucena,south-luzon
alteration plus,Alteration Plus,robinsons,robinsons-manila,Robinsons Place Manila,metro-manila
all day supermarket,ALL DAY SUPERMARKET,starmall,edsa-shaw,Starmall EDSA-Shaw,metro-manila
alteresi,ALTERESI,ayala,ayala-market-market,Market! Market!,metro-manila
alterrific,Alterrific,robinsons,robinsons-magnolia,Robinsons Magnolia,metro-manila
althea footwear and general merchandise,ALTHEA FOOTWEAR AND GENERAL MERCHANDISE,xentro,ab-central,Ab Central,metro-manila
alto peak chocolate,ALTO PEAK CHOCOLATE,sm,sm-center-ormoc,SM Center Ormoc,visayas
alya pasta,Alya Pasta,robinsons,robinsons-magnolia,Robinsons Magnolia,metro-manila
am pm by alchemista,AM + PM BY ALCHEMISTA,sm,s-maison,S Maison,metro-manila
alpas dental care center,ALPAS DENTAL CARE CENTER,sm,sm-city-trece-martires,SM City Trece Martires,south-luzon
almeda optical,ALMEDA OPTICAL,ayala,ayala-glorietta,Glorietta,metro-manila
allyna footwear,ALLYNA FOOTWEAR,robinsons,robinsons-novaliches,Robinsons Novaliches,metro-manila
alltoys,ALLTOYS,starmall,talisay,Starmall Talisay Cebu,visayas
allsectech manila inc,"ALLSECTECH MANILA, INC",ayala,ayala-market-market,Market! Market!,metro-manila
allianz pnb satellite exhibit 2024,ALLIANZ PNB SATELLITE EXHIBIT 2024,robinsons,robinsons-ilocos,Robinsons Place Ilocos,north-luzon
allianz pnb life,ALLIANZ PNB LIFE,robinsons,robinsons-tuguegarao,Robinsons Place Tuguegarao,north-luzon
allianz pnb,ALLIANZ PNB,sm,sm-cdo-downtown,SM CDO Downtown Premier,mindanao
allhome appliances,ALLHOME APPLIANCES,starmall,edsa-shaw,Starmall EDSA-Shaw,metro-manila
allday supermarket,ALLDAY SUPERMARKET,starmall,alabang,Starmall Alabang,metro-manila
allday convenience store,ALLDAY CONVENIENCE STORE,starmall,alabang,Starmall Alabang,metro-manila
allbank,ALLBANK,starmall,san-jose-del-monte,Starmall San Jose del Monte,north-luzon
all4u unlimited grill and shabu shabu,ALL4U UNLIMITED GRILL AND SHABU SHABU,sm,sm-city-fairview,SM City Fairview,metro-manila
all you knead,ALL YOU KNEAD,sm,sm-city-legazpi,SM City Legazpi,south-luzon
all sports,ALL SPORTS,starmall,san-jose-del-monte,Starmall San Jose del Monte,north-luzon
all home,ALL HOME,starmall,san-jose-del-monte,Starmall San Jose del Monte,north-luzon
all flip flops pop up shop,ALL FLIP FLOPS POP-UP SHOP,sm,sm-city-taytay,SM City Taytay,metro-manila
al norain,Al-Norain,robinsons,robinsons-novaliches,Robinsons Novaliches,metro-manila
al halal,Al Halal,filinvest,festival-mall,Festival Mall,metro-manila
al hafiz,Al-Hafiz,robinsons,robinsons-iligan,Robinsons Place Iligan,mindanao
affinity dental clinic,AFFINITY DENTAL CLINIC,ayala,ayala-one-bonifacio-high-street,One Bonifacio High Street,metro-manila
aesop,AESOP,ayala,ayala-greenbelt,Greenbelt,metro-manila
aesthetica dental and implant dental cente,Aesthetica Dental and Implant Dental Cente 0906-412-99574,robinsons,robinsons-cybergate-cebu,Robinsons Cybergate Cebu,visayas
aesthetiq wellness & spa,Aesthetiq Wellness & Spa,robinsons,robinsons-malolos,Robinsons Place Malolos,north-luzon
afficionado germany,AFFICIONADO GERMANY,araneta,ali-mall,Ali Mall,metro-manila
afficionado perfumes,Afficionado Perfumes,robinsons,robinsons-fuente,Robinsons Fuente,visayas
affinity dental,Affinity Dental,ortigas,estancia,Estancia,metro-manila
afg la casa empanadas,AFG LA CASA EMPANADAS,ayala,ayala-market-market,Market! Market!,metro-manila
agencia de tarlac pawnshop inc,"AGENCIA DE TARLAC PAWNSHOP, INC.",xentro,ab-central,Ab Central,metro-manila
aficianado,AFICIANADO,robinsons,robinsons-pagadian,Robinsons Pagadian,mindanao
aficionado (open,Aficionado (OPEN,robinsons,robinsons-iloilo,Robinsons Place Iloilo,visayas
after market,After Market,ortigas,greenhills,Greenhills,metro-manila
after you,After You,filinvest,festival-mall,Festival Mall,metro-manila
afters,AFTERS,sm,sm-city-butuan,SM City Butuan,mindanao
agave mexican cantina,Agave Mexican Cantina,megaworld,eastwood-city-walk,Eastwood City Walk,metro-manila
aerostar,AEROSTAR,robinsons,robinsons-galleria-ortigas,Robinsons Galleria,metro-manila
aer,AER,robinsons,robinsons-magnolia,Robinsons Magnolia,metro-manila
aelisse wellness spa,AELISSE WELLNESS SPA,sm,sm-city-iloilo,SM City Iloilo,visayas
adventure,THE ADVENTURE,sm,sm-city-north-edsa,SM City North Edsa,metro-manila
advance chiropractic clinic,ADVANCE CHIROPRACTIC CLINIC,sm,sm-city-bacolod,SM City Bacolod,visayas
advance bone,Advance Bone,robinsons,robinsons-cybergate-cebu,Robinsons Cybergate Cebu,visayas
ads watch and jewelry accessories,ADS Watch And Jewelry Accessories,robinsons,robinsons-antique,Robinsons Place Antique,visayas
ads smoothies and pastries,ADS SMOOTHIES AND PASTRIES,robinsons,robinsons-roxas,Robinsons Place Roxas,visayas
adora,ADORA,ayala,ayala-greenbelt,Greenbelt,metro-manila
adobo connection,Adobo Connection,robinsons,robinsons-ilocos,Robinsons Place Ilocos,north-luzon
adionet,ADIONET,robinsons,robinsons-butuan,Robinsons Place Butuan,mindanao
adidas temporarily closed,ADIDAS TEMPORARILY CLOSED,robinsons,robinsons-manila,Robinsons Place Manila,metro-manila
adidas nbhd,ADIDAS NBHD,ayala,ayala-up-town-center,U. P. Town Center,metro-manila
addsome,Addsome,ortigas,greenhills,Greenhills,metro-manila
addas confectionery,ADDAS CONFECTIONERY,sm,sm-center-sangandaan,SM Center Sangandaan,north-luzon
adc herrero general merchandise,ADC HERRERO GENERAL MERCHANDISE,araneta,ali-mall,Ali Mall,metro-manila
adams quest,ADAM'S QUEST,sm,sm-city-north-edsa,SM City North Edsa,metro-manila
agencia de tarlac,AGENCIA DE TARLAC,xentro,ab-central,Ab Central,metro-manila
agies,Agies,ortigas,greenhills,Greenhills,metro-manila
al dente pasta & aperitivo bar,Al Dente Pasta & Aperitivo Bar,megaworld,forbes-town,Forbes Town,metro-manila
ajt gadget manila,AJT / Gadget Manila,ortigas,greenhills,Greenhills,metro-manila
airwave,Airwave,waltermart,gapan,WalterMart Gapan,north-luzon
aivee cafe,AIVEE CAFÉ,ayala,ayala-vertis,Ayala Malls Vertis North,metro-manila
aivee institute,Aivee Institute,megaworld,forbes-town,Forbes Town,metro-manila
aj tin,AJ-Tin,robinsons,robinsons-novaliches,Robinsons Novaliches,metro-manila
ajf boutique seagle telecom inc (globe),AJF BOUTIQUE SEAGLE TELECOM INC. (GLOBE),xentro,tanay-town-center,Tanay Town Center,south-luzon
ajiichiban,Ajiichiban,ortigas,greenhills,Greenhills,metro-manila
akaigawa,Akaigawa,filinvest,festival-mall,Festival Mall,metro-manila
ah fong asian cuisine,AH FONG ASIAN CUISINE,sm,sm-city-cagayan-de-oro,SM City CDO Uptown,mindanao
akamon,AKAMON,sm,sm-city-iloilo,SM City Iloilo,visayas
akamon ramen bar,Akamon Ramen Bar,megaworld,festive-walk-mall-iloilo,Festive Walk Mall,visayas
akashiyaki,AKASHIYAKI,sm,sm-cherry-shaw,SM Center Shaw,metro-manila
akh antonios bar n grill,AKH ANTONIOS BAR N GRILL,sm,sm-city-davao,SM City Davao,mindanao
akimitsu tendon,AKIMITSU TENDON,robinsons,robinsons-manila,Robinsons Place Manila,metro-manila
akita,AKITA,ayala,ayala-up-town-center,U. P. Town Center,metro-manila
airwalk outland,Airwalk Outland,robinsons,robinsons-bacolod,Robinsons Place Bacolod,visayas
air wheels,Air Wheels,robinsons,robinsons-galleria-ortigas,Robinsons Galleria,metro-manila
air asia,Air Asia,filinvest,festival-mall,Festival Mall,metro-manila
air 21,AIR 21,sm,sm-city-north-edsa,SM City North Edsa,metro-manila
aimens,AIMEN'S,xentro,mall-of-the-valley,Mall Of The Valley,north-luzon
aim dental avenue,AIM Dental Avenue,robinsons,robinsons-cybergate-davao,Robinsons Cybergate Davao,mindanao
aiken explore travel and tours,AIKEN EXPLORE TRAVEL AND TOURS,robinsons,robinsons-gapan,Robinsons Gapan,north-luzon
aigoo,Aigoo (OPEN),robinsons,robinsons-iloilo,Robinsons Place Iloilo,visayas
aicing embellish,Aicing Embellish,robinsons,robinsons-iligan,Robinsons Place Iligan,mindanao
aia philippines,AIA PHILIPPINES,robinsons,robinsons-manila,Robinsons Place Manila,metro-manila
aia,AIA,robinsons,robinsons-galleria-ortigas,Robinsons Galleria,metro-manila
ai ren tang chinese drugstore,Ai Ren Tang Chinese Drugstore,megaworld,lucky-chinatown-imperial-wing,Lucky Chinatown - Imperial Wing,metro-manila
ai nails & body talk,AI NAILS & BODY TALK,sm,sm-center-pulilan,SM Center Pulilan,north-luzon
ai helmet depot,AI Helmet Depot,robinsons,robinsons-naga,Robinsons Place Naga,south-luzon
ahrome cafe,Ahrome Cafe,megaworld,california-garden-square,California Garden Square,metro-manila
ahead,Ahead,ortigas,greenhills,Greenhills,metro-manila
ah mah,Ah Mah,robinsons,robinsons-magnolia,Robinsons Magnolia,metro-manila
baa baa thai milktea,Baa Baa Thai Milktea,megaworld,venice-grand-canal-mall,Venice Grand Canal Mall,metro-manila
baan spa,Baan Spa,megaworld,mactan-newtown,Mactan Newtown,visayas
cake out cakeshop,CAKE-OUT CAKESHOP,ayala,ayala-abreeza,Abreeza,mindanao
boszgadgets,BOSZGADGETS,sm,sm-southmall,SM Southmall,metro-manila
bos chow,BOS CHOW,sm,sm-city-tuguegarao,SM City Tuguegarao,north-luzon
bos daily,Bo’s Daily,filinvest,il-corso,IL Corso,visayas
bos shoes & bag repair shop,Bo's Shoes & Bag Repair Shop,megaworld,alabang-west-parade,Alabang West Parade,metro-manila
boss,Boss,megaworld,newport-city,Newport City,metro-manila
boss cat rocket cafe,Boss Cat Rocket Cafe,megaworld,newport-city,Newport City,metro-manila
boss pets,Boss Pets,filinvest,festival-mall,Festival Mall,metro-manila
botchoks rice meal,BOTCHOKS RICE MEAL,xentro,mall-of-the-valley,Mall Of The Valley,north-luzon
borough medical care institute,BOROUGH MEDICAL CARE INSTITUTE,sm,sm-mall-of-asia,SM Mall of Asia,metro-manila
boteyju,BOTEYJU,robinsons,robinsons-santiago,Robinsons Place Santiago,north-luzon
bottega veneta,BOTTEGA VENETA,ayala,ayala-greenbelt,Greenbelt,metro-manila
bottoms up,BOTTOMS UP,sm,sm-city-legazpi,SM City Legazpi,south-luzon
boulangerie 22,Boulangerie 22,robinsons,robinsons-manila,Robinsons Place Manila,metro-manila
bourbon street,Bourbon Street,megaworld,festive-walk-mall-iloilo,Festive Walk Mall,visayas
bowl master,Bowl Master,robinsons,robinsons-magnolia,Robinsons Magnolia,metro-manila
borough medical clinic,BOROUGH MEDICAL CLINIC,ayala,ayala-harbor-point,Harbor Point,north-luzon
bored and hungry,BORED AND HUNGRY (0916 631 6835),robinsons,robinsons-magnolia,Robinsons Magnolia,metro-manila
boo koh,Boo Koh 0976 387 2786,robinsons,robinsons-magnolia,Robinsons Magnolia,metro-manila
book n save travel and tours,BOOK N SAVE TRAVEL AND TOURS,sm,sm-city-santa-rosa,SM City Santa Rosa,south-luzon
boodle fiesta,BOODLE FIESTA,sm,sm-center-san-pedro,SM Center San Pedro,south-luzon
boogies pet,Boogies Pet,waltermart,dasmarinas,WalterMart Dasmariñas,south-luzon
boogies pet supplies,BOOGIES PET SUPPLIES,waltermart,naic,WalterMart Naic,south-luzon
book king kings coffee & tea,Book King/King's Coffee & Tea,robinsons,robinsons-malabon,Robinsons Town Mall Malabon,metro-manila
book king stationery,BOOK KING STATIONERY,sm,sm-city-sucat,SM City Sucat,metro-manila
book latte,Book Latte,megaworld,festive-walk-parade,Festive Walk Parade,visayas
book one,Book One 0917-848-7285,robinsons,robinsons-angeles,Robinsons Angeles,north-luzon
bored & hungry,BORED & HUNGRY,robinsons,opus,Opus Mall,metro-manila
boom sisig,Boom Sisig,robinsons,robinsons-naga,Robinsons Place Naga,south-luzon
booost,BOOOST,sm,sm-city-trece-martires,SM City Trece Martires,south-luzon
booster juice,Booster Juice,robinsons,robinsons-santiago,Robinsons Place Santiago,north-luzon
booze and barbers,BOOZE AND BARBERS,robinsons,robinsons-la-union,Robinsons Place La Union,north-luzon
boozy,Boozy,megaworld,clubhouse-temple-drive,The Clubhouse at Temple Drive,metro-manila
boq,BOQ,robinsons,robinsons-cagayan-de-oro,Robinsons Cagayan de Oro,mindanao
bowling billiards,BOWLING BILLIARDS,sm,sm-megamall,SM Megamall,metro-manila
box88 coffee house,Box88 Coffee House,robinsons,robinsons-pavia,Robinsons Place Pavia,visayas
boy kanin,BOY KANIN,xentro,sta-ana-public-market,Sta Ana Public Market,metro-manila
brew x press,BREW X PRESS,sm,sm-center-pulilan,SM Center Pulilan,north-luzon
breadworths bakery cafe,Breadworths Bakery Cafe,robinsons,robinsons-dumaguete,Robinsons Place Dumaguete,visayas
breahs crepes,Breah's Crepes,robinsons,robinsons-valencia,Robinsons Place Valencia,mindanao
breakthrough,BREAKTHROUGH,sm,sm-city-iloilo,SM City Iloilo,visayas
brents wonder rides,BRENTS WONDER RIDES (TEMPORARY CLOSED),robinsons,robinsons-gapan,Robinsons Gapan,north-luzon
brew break,BREW BREAK,sm,sm-city-butuan,SM City Butuan,mindanao
brew life,BREW LIFE,robinsons,robinsons-gen-san,Robinsons Place GenSan,mindanao
brewbox,Brewbox,robinsons,robinsons-dumaguete,Robinsons Place Dumaguete,visayas
boy meets grill,Boy Meets Grill,megaworld,mactan-newtown,Mactan Newtown,visayas
brewing genie,BREWING GENIE,robinsons,robinsons-north-tacloban,Robinsons North Tacloban,visayas
brewing point neighborhood cafe,BREWING POINT NEIGHBORHOOD CAFE,sm,sm-city-fairview,SM City Fairview,metro-manila
bria homes inc,"BRIA HOMES, INC.",starmall,alabang,Starmall Alabang,metro-manila
brick corner bar & bistro,Brick Corner Bar & Bistro,megaworld,forbes-town,Forbes Town,metro-manila
brick wall,Brick Wall,megaworld,uptown-parade,Uptown Parade,metro-manila
brick wood ph,Brick Wood PH,megaworld,alabang-west-parade,Alabang West Parade,metro-manila
breadworth bakery cafe,Breadworth Bakery Cafe,filinvest,dumaguete,Filinvest Malls Dumaguete,visayas
breadboxed,BREADBOXED,robinsons,robinsons-las-pinas,Robinsons Place Las Pinas,metro-manila
bread talk,BREAD TALK,robinsons,robinsons-galleria-ortigas,Robinsons Galleria,metro-manila
bread of life,BREAD OF LIFE,ayala,ayala-manila-bay,Ayala Malls Manila Bay,metro-manila
bread funatics,BREAD FUNATICS,sm,sm-seaside-city-cebu,SM Seaside City Cebu,visayas
bread basket,BREAD BASKET,sm,sm-city-roxas,SM City Roxas,visayas
bratinhella,Bratinhella,fishermall,quezonave,Fisher Mall Quezon Avenue,metro-manila
brandsmart,Brandsmart,robinsons,robinsons-starmills,Robinsons Starmills,north-luzon
brandieshoppe,BRANDIESHOPPE,sm,sm-city-santa-rosa,SM City Santa Rosa,south-luzon
branded for less,Branded for Less,robinsons,robinsons-gentrias,Robinsons Place Gen. Trias,south-luzon
brand avenue apparels,Brand Avenue Apparels,robinsons,robinsons-north-tacloban,Robinsons North Tacloban,visayas
bradford,Bradford,filinvest,festival-mall,Festival Mall,metro-manila
bplo,BPLO,starmall,alabang,Starmall Alabang,metro-manila
bpi express teller,BPI EXPRESS TELLER,sm,sm-city-caloocan,SM City Caloocan,metro-manila
bpi atm center,BPI ATM Center,megaworld,eastwood-cyber-mall,Eastwood Cyber Mall,metro-manila
boysen,BOYSEN,sm,sm-mall-of-asia,SM Mall of Asia,metro-manila
boy zugba temporarily closed,BOY ZUGBA TEMPORARILY CLOSED,robinsons,robinsons-valencia,Robinsons Place Valencia,mindanao
boodle express,Boodle Express,filinvest,festival-mall,Festival Mall,metro-manila
boni beauty,Boni Beauty,megaworld,forbes-town,Forbes Town,metro-manila
babes children world,Babes Children World,ortigas,greenhills,Greenhills,metro-manila
blue seas seafood restaurant,BLUE SEAS SEAFOOD RESTAURANT,robinsons,robinsons-las-pinas,Robinsons Place Las Pinas,metro-manila
bloomingdales,BLOOMINGDALES,sm,sm-megamall,SM Megamall,metro-manila
blooms and bears flowers and gift shop,BLOOMS AND BEARS FLOWERS AND GIFT SHOP,sm,sm-city-bacolod,SM City Bacolod,visayas
blue kitchen,BLUE KITCHEN,robinsons,opus,Opus Mall,metro-manila
blue lagoon water station,BLUE LAGOON WATER STATION,sm,smdc-strip-at-mezza,SMDC Strip at Mezza,metro-manila
blue lite,BLUE LITE,robinsons,robinsons-antipolo,Robinsons Place Antipolo,metro-manila
blue posts boiling crabs shrimps,BLUE POSTS BOILING CRABS SHRIMPS,sm,sm-city-davao,SM City Davao,mindanao
blue water day spa,Blue Water Day Spa,ortigas,estancia,Estancia,metro-manila
bloc by junie sierra & co,THE BLOC BY JUNIE SIERRA & CO.,ayala,ayala-bonifacio-high-street,Bonifacio High Street,metro-manila
blue wonder coffee,Blue Wonder Coffee,ortigas,estancia,Estancia,metro-manila
bluebox,Bluebox,robinsons,robinsons-santiago,Robinsons Place Santiago,north-luzon
bluejay coffee,BLUEJAY COFFEE,sm,sm-city-iloilo,SM City Iloilo,visayas
blueprint express,Blueprint Express,robinsons,robinsons-dasmarinas,Robinsons Place Dasmarinas,south-luzon
blueridge media entertainment,BLUERIDGE MEDIA ENTERTAINMENT,xentro,northstar-mall,Northstar Mall,north-luzon
blueridge snack bar,BLUERIDGE SNACK BAR,xentro,northstar-mall,Northstar Mall,north-luzon
blooming days flowers & plants,BLOOMING DAYS FLOWERS & PLANTS,ayala,ayala-market-market,Market! Market!,metro-manila
blk boutique,BLK Boutique,robinsons,galleria-south,Robinsons Galleria South,south-luzon
bongs pet shop station,Bong's Pet Shop Station,ortigas,tiendesitas,Tiendesitas,metro-manila
blackbelle tattoo shop,BLACKBELLE TATTOO SHOP,robinsons,robinsons-novaliches,Robinsons Novaliches,metro-manila
bl petshop,BL Petshop,robinsons,robinsons-malolos,Robinsons Place Malolos,north-luzon
bl petshop salon,BL PETSHOP SALON,sm,sm-city-pampanga,SM City Pampanga,north-luzon
black pearl by sea of spa,BLACK PEARL BY SEA OF SPA,sm,sm-city-bf-paranaque,SM City BF Parañaque,metro-manila
black pearl cosmetics,BLACK PEARL COSMETICS,ayala,ayala-malls-central-bloc,Ayala Malls Central Bloc,visayas
black pearl johnn lemon,BLACK PEARL/JOHNN LEMON,ayala,ayala-cloverleaf,Ayala Malls Cloverleaf,metro-manila
blackbeards seafood island bikers cafe,BLACKBEARD'S SEAFOOD ISLAND BIKERS CAFE,sm,sm-by-the-bay,SM By the Bay,metro-manila
blackscoop cafe,BLACKSCOOP CAFE,robinsons,robinsons-tuguegarao,Robinsons Place Tuguegarao,north-luzon
blk 5 caf,BLK 5 CAF…,sm,sm-city-tuguegarao,SM City Tuguegarao,north-luzon
blackstem tea & coffee,BlackStem Tea & Coffee,megaworld,eastwood-city-walk,Eastwood City Walk,metro-manila
blemish free natures skin care,BLEMISH FREE NATURES SKIN CARE,sm,sm-city-davao,SM City Davao,mindanao
blended coffee tea frap,BLENDED COFFEE TEA FRAP,xentro,sta-ana-public-market,Sta Ana Public Market,metro-manila
blink,BLINK,sm,sm-mall-of-asia,SM Mall of Asia,metro-manila
blissful glam nail spa,BLISSFUL GLAM NAIL SPA,ayala,ayala-abreeza,Abreeza,mindanao
blk,BLK,robinsons,opus,Opus Mall,metro-manila
bluetech,Bluetech,waltermart,guiguinto,WalterMart Guiguinto,north-luzon
blush spa,BLUSH SPA,robinsons,robinsons-pagadian,Robinsons Pagadian,mindanao
blvck cafe,BLVCK CAFE,sm,sm-by-the-bay,SM By the Bay,metro-manila
bonage skin care,Bonage Skin Care,robinsons,robinsons-lipa,Robinsons Place Lipa,south-luzon
bokki express,BOKKI EXPRESS,robinsons,robinsons-gapan,Robinsons Gapan,north-luzon
bon appetea,BON APPETEA,sm,sm-city-davao,SM City Davao,mindanao
bon chon,Bon Chon,ortigas,greenhills,Greenhills,metro-manila
bon voyage,Bon Voyage,waltermart,makati,WalterMart Makati,metro-manila
bon voyage international travel & tours,Bon Voyage International Travel & Tours,filinvest,festival-mall,Festival Mall,metro-manila
bon voyage international travel & tours inc,"Bon Voyage International Travel & Tours, Inc.",robinsons,robinsons-imus,Robinsons Place Imus,south-luzon
bonbon dorayaki bites,Bonbon Dorayaki Bites,waltermart,malolos,WalterMart Malolos,north-luzon
bmci diagnostic clinic,BMCI DIAGNOSTIC CLINIC,robinsons,robinsons-galleria-ortigas,Robinsons Galleria,metro-manila
bondee tea house,BONDEE TEA HOUSE,sm,sm-city-cabanatuan,SM City Cabanatuan,north-luzon
bone and bowl,BONE AND BOWL,sm,sm-city-urdaneta-central,SM City Urdaneta Central,north-luzon
bong bongs,BONG BONGS,ayala,ayala-capitol-central,Ayala Malls Capitol Central,visayas
bong bongs open,Bong-Bongs OPEN,robinsons,robinsons-iloilo,Robinsons Place Iloilo,visayas
bong villanueva salon,Bong Villanueva Salon,robinsons,robinsons-palawan,Robinsons Place Palawan,south-luzon
bongbong delicacies,BONGBONG DELICACIES,ayala,ayala-capitol-central,Ayala Malls Capitol Central,visayas
bok cellphone accessories shop,BOK CELLPHONE ACCESSORIES SHOP,robinsons,robinsons-novaliches,Robinsons Novaliches,metro-manila
bohol bee farm (032) 260 7304 0998 563 6149,BOHOL BEE FARM (032)260-7304/0998-563-6149,robinsons,robinsons-cybergate-cebu,Robinsons Cybergate Cebu,visayas
boho dreams,Boho Dreams,filinvest,festival-mall,Festival Mall,metro-manila
bodytech greenwich to go,BODYTECH GREENWICH TO GO,xentro,xentro-mall-lemery,XentroMall Lemery,south-luzon
body mechanic,Body Mechanic,ortigas,estancia,Estancia,metro-manila
body basics,Body Basics,robinsons,robinsons-angeles,Robinsons Angeles,north-luzon
boc,BOC,megaworld,newport-city,Newport City,metro-manila
bobs footwear (bibo),BOB'S FOOTWEAR (BIBO),xentro,xentro-mall-tumauini,XentroMall Tumauini,north-luzon
bobs footwear (bibo shoes ) dayamona,BOB'S FOOTWEAR (BIBO SHOES ) DAYAMONA,xentro,montalban-town-center,Montalban Town Center,metro-manila
bobs footwear,BOB'S FOOTWEAR,xentro,xentro-mall-roxas,XentroMall Roxas,north-luzon
bobcor blind massage,Bobcor Blind Massage,waltermart,sta-rosa,WalterMart Sta. Rosa,south-luzon
boba in a cup,BOBA IN A CUP,robinsons,robinsons-novaliches,Robinsons Novaliches,metro-manila
bob marlin restaurant,Bob Marlin Restaurant,robinsons,robinsons-naga,Robinsons Place Naga,south-luzon
bob cellphone and accessories shop,BOB CELLPHONE AND ACCESSORIES SHOP,robinsons,robinsons-novaliches,Robinsons Novaliches,metro-manila
board game madness,BOARD GAME MADNESS,robinsons,robinsons-metro-east,Robinsons Metro East,metro-manila
bny hip shop,BNY HIP SHOP,starmall,edsa-shaw,Starmall EDSA-Shaw,metro-manila
bnr mobile phone accessories,BNR MOBILE PHONE ACCESSORIES,sm,sm-hypermarket-sucat-lopez,SM Hypermarket Sucat Lopez,metro-manila
bricksland,BRICKSLAND,robinsons,robinsons-palawan,Robinsons Place Palawan,south-luzon
brickyard,THE BRICKYARD,ayala,ayala-vertis,Ayala Malls Vertis North,metro-manila
bridge,BRIDGE,sm,sm-city-marilao,SM City Marilao,north-luzon
byrons backribs grill house,BYRONS BACKRIBS GRILL HOUSE,ayala,ayala-capitol-central,Ayala Malls Capitol Central,visayas
buu buu frozen yogurt,BUU BUU FROZEN YOGURT,robinsons,robinsons-gapan,Robinsons Gapan,north-luzon
buzz & brew,Buzz & Brew,megaworld,venice-grand-canal-mall,Venice Grand Canal Mall,metro-manila
buzz superdrinks,Buzz Superdrinks,megaworld,lucky-chinatown-mall,Lucky Chinatown Mall,metro-manila
buzzz ice cream,The Buzzz Ice Cream,robinsons,robinsons-galleria-ortigas,Robinsons Galleria,metro-manila
bvlgari,BVLGARI,ayala,ayala-greenbelt,Greenbelt,metro-manila
bw bakeshop,BW Bakeshop,waltermart,antipolo,WalterMart Antipolo,metro-manila
byte matic,Byte Matic,robinsons,robinsons-gentrias,Robinsons Place Gen. Trias,south-luzon
buttery co,BUTTERY CO,sm,sm-megamall,SM Megamall,metro-manila
bytematic,BYTEMATIC,sm,sm-city-grand-central,SM City Grand Central,metro-manila
c concepcion & orthodontic clinic,C. Concepcion & Orthodontic Clinic,filinvest,festival-mall,Festival Mall,metro-manila
c eats refreshments,C Eats Refreshments,robinsons,robinsons-fuente,Robinsons Fuente,visayas
c phones 2823 ec hip hop,C-PHONES 2823 EC HIP HOP,xentro,montalban-town-center,Montalban Town Center,metro-manila
c salon,C-SALON,robinsons,robinsons-galleria-ortigas,Robinsons Galleria,metro-manila
c sarabia optical,C SARABIA OPTICAL,sm,sm-city-bacolod,SM City Bacolod,visayas
butuan lechon and seafoods grill,BUTUAN LECHON AND SEAFOODS GRILL,sm,sm-city-butuan,SM City Butuan,mindanao
butterboy,BUTTERBOY,sm,sm-mall-of-asia,SM Mall of Asia,metro-manila
brielles bread and pastry shop,BRIELLE'S BREAD AND PASTRY SHOP,sm,sm-city-baliwag,SM City Baliwag,north-luzon
burnt edges by shrimp bucket,Burnt Edges By Shrimp Bucket,megaworld,three-central,Three Central Mall,metro-manila
burger machine,Burger Machine,robinsons,robinsons-novaliches,Robinsons Novaliches,metro-manila
burger nook,Burger Nook,robinsons,robinsons-imus,Robinsons Place Imus,south-luzon
burger queen,Burger Queen,waltermart,baliwag,WalterMart Baliwag,north-luzon
burgerbomb,Burgerbomb,waltermart,malolos,WalterMart Malolos,north-luzon
burgoo,BURGOO,sm,sm-southmall,SM Southmall,metro-manila
burgoo american bar & restaurant,BURGOO AMERICAN BAR & RESTAURANT,ayala,ayala-the-district-imus,The District Imus,south-luzon
burp co,THE BURP CO,sm,sm-city-davao,SM City Davao,mindanao
butter grill,BUTTER GRILL,sm,sm-city-caloocan,SM City Caloocan,metro-manila
burrow,BURROW,sm,sm-city-consolacion,SM City Consolacion,visayas
burrp tees,Burrp Tees,filinvest,festival-mall,Festival Mall,metro-manila
butcher boy,Butcher Boy,megaworld,alabang-west-parade,Alabang West Parade,metro-manila
buting ting general merchandise,BUTING-TING GENERAL MERCHANDISE,ayala,ayala-market-market,Market! Market!,metro-manila
butot balat,Buto't Balat,megaworld,festive-walk-mall-iloilo,Festive Walk Mall,visayas
butter ensaymadas,BUTTER ENSAYMADAS,sm,s-maison,S Maison,metro-manila
c square telecom,C Square Telecom,ortigas,greenhills,Greenhills,metro-manila
c suites,C Suites,megaworld,mactan-newtown,Mactan Newtown,visayas
c&g consulting inc,C&G Consulting Inc.,robinsons,robinsons-galleria-cebu,Robinsons Galleria Cebu,visayas
cafesiklista cafe,CAFESIKLISTA CAFÉ,sm,sm-city-lucena,SM City Lucena,south-luzon
cafe klara,CAFÉ KLARA,sm,sm-city-pampanga,SM City Pampanga,north-luzon
cafe kulture,Cafe Kulture,ortigas,greenhills,Greenhills,metro-manila
cafe noelle,CAFE NOELLE,sm,sm-city-clark,SM City Clark,north-luzon
cafe nori,Cafe Nori,robinsons,robinsons-palawan,Robinsons Place Palawan,south-luzon
cafe vanleroe,CAFE VANLEROE,waltermart,taytay,WalterMart Taytay,metro-manila
cafe vivian,CAFE VIVIAN,sm,sm-city-batangas,SM City Batangas,south-luzon
caffe freddo,CAFFE FREDDO,ayala,ayala-bonifacio-high-street,Bonifacio High Street,metro-manila
c&m collection,C&M COLLECTION,robinsons,robinsons-novaliches,Robinsons Novaliches,metro-manila
caffe la tea,CAFFE LA TEA,robinsons,robinsons-gapan,Robinsons Gapan,north-luzon
caifu massage chair,Caifu Massage Chair,robinsons,robinsons-imus,Robinsons Place Imus,south-luzon
cake & cakes bakeshop,CAKE & CAKES BAKESHOP,waltermart,bacoor,WalterMart Bacoor,south-luzon
cake and cakes,Cake And Cakes,filinvest,festival-mall,Festival Mall,metro-manila
cake co,CAKE CO,robinsons,robinsons-pagadian,Robinsons Pagadian,mindanao
cake frost,CAKE FROST,xentro,morong-centerpoint,Morong Centerpoint,metro-manila
cafe hola,CAFE HOLA,robinsons,robinsons-antipolo,Robinsons Place Antipolo,metro-manila
cafe france,CAFE FRANCE,sm,sm-megamall,SM Megamall,metro-manila
cafe dulcinea,CAFÉ DULCINEA,sm,sm-city-north-edsa,SM City North Edsa,metro-manila
cafe de acacia,Cafe de Acacia,robinsons,robinsons-tacloban,Robinsons Place Tacloban,visayas
cafe bombom,CAFÉ BOMBOM,sm,sm-city-fairview,SM City Fairview,metro-manila
cafe bobs,CAFE BOB'S,ayala,ayala-capitol-central,Ayala Malls Capitol Central,visayas
cafe bnb,Cafe Bnb,filinvest,festival-mall,Festival Mall,metro-manila
cafe aroma,Cafe Aroma,megaworld,festive-walk-parade,Festive Walk Parade,visayas
cafe anita,Cafe Anita (Temporary Closed),robinsons,robinsons-ilocos,Robinsons Place Ilocos,north-luzon
cafe adriaticoabe,CAFE ADRIATICOABE,sm,sm-mall-of-asia,SM Mall of Asia,metro-manila
cafe 17,Cafe 17,megaworld,mckinley-west,McKinley West,metro-manila
caeg dental clinic,Caeg Dental Clinic,waltermart,makati,WalterMart Makati,metro-manila
cable star,CABLE STAR,sm,sm-city-iloilo,SM City Iloilo,visayas
cabanal salarza optical,Cabañal-Salarza Optical,robinsons,robinsons-gen-san,Robinsons Place GenSan,mindanao
cabalen plus,CABALEN PLUS,sm,sm-megamall,SM Megamall,metro-manila
cabalen bingo,CABALEN BINGO,robinsons,robinsons-starmills,Robinsons Starmills,north-luzon
ca chinese restaurant,CA CHINESE RESTAURANT,sm,sm-city-laoag,SM City Laoag,north-luzon
burger joint,THE BURGER JOINT,ayala,ayala-malls-central-bloc,Ayala Malls Central Bloc,visayas
burger avenue mister donut,BURGER AVENUE MISTER DONUT,xentro,xentro-mall-lemery,XentroMall Lemery,south-luzon
burger assembly,BURGER ASSEMBLY,sm,sm-city-bicutan,SM City Bicutan,metro-manila
bubble tea,BUBBLE TEA,sm,sm-cdo-downtown,SM CDO Downtown Premier,mindanao
brunch bureau,BRUNCH BUREAU,sm,s-maison,S Maison,metro-manila
bruno barbers,Bruno Barbers,megaworld,southwoods-mall,Southwoods Mall,south-luzon
brunos,BRUNO'S,sm,sm-city-bacolod,SM City Bacolod,visayas
brytchzone,Brytchzone,robinsons,robinsons-iligan,Robinsons Place Iligan,mindanao
btla,BTLA,megaworld,eastwood-mall,Eastwood Mall,metro-manila
bubble optical clinic,Bubble Optical Clinic,robinsons,robinsons-gen-san,Robinsons Place GenSan,mindanao
bubblez,Bubblez,filinvest,il-corso,IL Corso,visayas
buffalo ave,BUFFALO AVE,robinsons,robinsons-antipolo,Robinsons Place Antipolo,metro-manila
bubbly pops,BUBBLY POPS,sm,sm-mall-of-asia,SM Mall of Asia,metro-manila
buco loco,BUCO LOCO,robinsons,robinsons-gapan,Robinsons Gapan,north-luzon
buddys pancit,BUDDY'S PANCIT,ayala,ayala-market-market,Market! Market!,metro-manila
budz cafe,BUDZ CAFÉ,sm,sm-cdo-downtown,SM CDO Downtown Premier,mindanao
buenas sausage and fries,BUENAS SAUSAGE AND FRIES,robinsons,robinsons-pangasinan,Robinsons Place Pangasinan,north-luzon
buenas sausages,Buenas Sausages 0917 469 2766,robinsons,robinsons-sta-rosa,Robinsons Sta. Rosa,south-luzon
brows optical,BROWS OPTICAL,robinsons,robinsons-butuan,Robinsons Place Butuan,mindanao
brows,Brows,megaworld,lucky-chinatown-mall,Lucky Chinatown Mall,metro-manila
browhaus strip,BROWHAUS / STRIP,sm,s-maison,S Maison,metro-manila
brotzeit,Brotzeit,megaworld,alabang-west-parade,Alabang West Parade,metro-manila
broth n bowls,Broth N Bowls,megaworld,festive-walk-parade,Festive Walk Parade,visayas
brochiere computers,BROCHIERE COMPUTERS,ayala,ayala-market-market,Market! Market!,metro-manila
broadway gems squezzy lemon,BROADWAY GEMS Squezzy Lemon,xentro,xentro-mall-lemery,XentroMall Lemery,south-luzon
brix laptop repair service,BRIX LAPTOP REPAIR SERVICE,ayala,ayala-metropoint,Metro Point Mall,metro-manila
bristol,BRISTOL,ayala,ayala-market-market,Market! Market!,metro-manila
brique modern kitchen,BRIQUE MODERN KITCHEN,sm,sm-seaside-city-cebu,SM Seaside City Cebu,visayas
brillo jewellers,Brillo Jewellers,ortigas,greenhills,Greenhills,metro-manila
brilliante jewelers,Brilliante Jewelers,robinsons,robinsons-ormoc,Robinsons Place Ormoc,visayas
brilliant cut jewelry shop,BRILLIANT CUT JEWELRY SHOP,araneta,ali-mall,Ali Mall,metro-manila
brilliant cebu english academy,Brilliant Cebu English Academy,robinsons,robinsons-galleria-cebu,Robinsons Galleria Cebu,visayas
brilla,BRILLA,robinsons,robinsons-metro-east,Robinsons Metro East,metro-manila
brightsmile dental clinic,BRIGHTSMILE DENTAL CLINIC,robinsons,robinsons-valencia,Robinsons Place Valencia,mindanao
bright side optical clinic,BRIGHT SIDE OPTICAL CLINIC,xentro,sta-ana-public-market,Sta Ana Public Market,metro-manila
buff spa,BUFF SPA,sm,sm-city-manila,SM City Manila,metro-manila
buffalo avenue temporarily closed,BUFFALO AVENUE TEMPORARILY CLOSED,robinsons,robinsons-novaliches,Robinsons Novaliches,metro-manila
bureau og immigration,BUREAU OG IMMIGRATION,robinsons,robinsons-gen-san,Robinsons Place GenSan,mindanao
bump n spin,BUMP N' SPIN,robinsons,robinsons-ilocos,Robinsons Place Ilocos,north-luzon
bulacan products,BULACAN PRODUCTS,ayala,ayala-market-market,Market! Market!,metro-manila
bulacan sweets,BULACAN SWEETS,sm,sm-city-north-edsa,SM City North Edsa,metro-manila
bulawan panaderya,BULAWAN PANADERYA,sm,sm-cherry-antipolo,SM Center Antipolo Downtown,metro-manila
bully boy,Bully Boy,ortigas,greenhills,Greenhills,metro-manila
bum,Bum,robinsons,robinsons-santiago,Robinsons Place Santiago,north-luzon
bump all you can,BUMP ALL YOU CAN,robinsons,robinsons-tuguegarao,Robinsons Place Tuguegarao,north-luzon
bunny banana temporarily closed,BUNNY BANANA TEMPORARILY CLOSED,robinsons,robinsons-novaliches,Robinsons Novaliches,metro-manila
buffalo wild wings,BUFFALO WILD WINGS,sm,s-maison,S Maison,metro-manila
buns burger bombs,Buns Burger Bombs,robinsons,robinsons-galleria-cebu,Robinsons Galleria Cebu,visayas
bunsikjip,Bunsikjip,megaworld,lucky-chinatown-imperial-wing,Lucky Chinatown - Imperial Wing,metro-manila
burberry,BURBERRY,ayala,ayala-greenbelt,Greenbelt,metro-manila
burda,Burda,robinsons,robinsons-starmills,Robinsons Starmills,north-luzon
bureau of internal revenue,BUREAU OF INTERNAL REVENUE,fishermall,quezonave,Fisher Mall Quezon Avenue,metro-manila
bureau of quarantine (boq),BUREAU OF QUARANTINE (BOQ),robinsons,robinsons-manila,Robinsons Place Manila,metro-manila
bulacan lugaw kitchen,Bulacan Lugaw Kitchen,megaworld,san-lorenzo-place-mall,San Lorenzo Place Mall,metro-manila
bukofrio,BUKOFRIO,ayala,ayala-legazpi,Ayala Malls Legazpi,south-luzon
buko station,Buko Station,robinsons,robinsons-north-tacloban,Robinsons North Tacloban,visayas
buko pilipino,Buko Pilipino,robinsons,robinsons-dumaguete,Robinsons Place Dumaguete,visayas
buko ni juan,Buko Ni Juan,robinsons,robinsons-antipolo,Robinsons Place Antipolo,metro-manila
buko mo,BUKO MO!,robinsons,robinsons-novaliches,Robinsons Novaliches,metro-manila
buko maxx,BUKO MAXX,xentro,balagtas-town-center,Balagtas Town Center,north-luzon
buko madness,BUKO MADNESS,xentro,montalban-town-center,Montalban Town Center,metro-manila
buko king,BUKO KING,sm,sm-city-iloilo,SM City Iloilo,visayas
buko juan & juan chow,BUKO JUAN & JUAN CHOW,robinsons,galleria-south,Robinsons Galleria South,south-luzon
buko express pies & sweets,BUKO EXPRESS PIES & SWEETS,robinsons,galleria-south,Robinsons Galleria South,south-luzon
buko bravo,Buko Bravo,robinsons,robinsons-otis,Robinsons Otis,metro-manila
builtamart,BUILTAMART,sm,smdc-fame-mall,SMDC Fame Mall,metro-manila
bugsys,Bugsy's,megaworld,paseo-center,Paseo Center,metro-manila
bugsay seafood restaurant,BUGSAY SEAFOOD RESTAURANT,sm,sm-cdo-downtown,SM CDO Downtown Premier,mindanao
bugs bunny barber shop,BUGS BUNNY BARBER SHOP,xentro,montalban-town-center,Montalban Town Center,metro-manila
buffet,Buffet 101 0917 845 9989 (OPEN),robinsons,robinsons-magnolia,Robinsons Magnolia,metro-manila
bj twin shawarma,BJ TWIN SHAWARMA,robinsons,robinsons-gapan,Robinsons Gapan,north-luzon
bj shawarma house,BJ SHAWARMA HOUSE,robinsons,robinsons-gapan,Robinsons Gapan,north-luzon
bizu,Bizu,ortigas,greenhills,Greenhills,metro-manila
barkin blends,Barkin' Blends,ortigas,the-strip,The Strip,metro-manila
barikata ramen bar,BARIKATA RAMEN BAR,sm,sm-seaside-city-cebu,SM Seaside City Cebu,visayas
barista coffee beans,BARISTA COFFEE BEANS,sm,sm-megamall,SM Megamall,metro-manila
baristart coffee,Baristart Coffee,ortigas,greenhills,Greenhills,metro-manila
bark & beyond,Bark & Beyond,ortigas,tiendesitas,Tiendesitas,metro-manila
bark haus,Bark Haus,ortigas,estancia,Estancia,metro-manila
barkhaus,Barkhaus,megaworld,eastwood-mall,Eastwood Mall,metro-manila
barking fellas,BARKING FELLAS,sm,sm-city-fairview,SM City Fairview,metro-manila
bare skin waxing studio,BARE SKIN WAXING STUDIO,sm,sm-mall-of-asia,SM Mall of Asia,metro-manila
barkyard pet salon 09707766167,BARKYARD PET SALON '09707766167 (NEW),robinsons,robinsons-bacolod,Robinsons Place Bacolod,visayas
barn kitchen,The Barn Kitchen,ortigas,estancia,Estancia,metro-manila
baron,The Baron,robinsons,robinsons-iloilo,Robinsons Place Iloilo,visayas
baron barbershop,THE BARON BARBERSHOP,sm,sm-city-iloilo,SM City Iloilo,visayas
barphones,BARPHONES,sm,sm-city-san-mateo,SM City San Mateo,metro-manila
basa books,BASA BOOKS,ayala,ayala-centrio,Centrio Mall,mindanao
bargain exchange,Bargain Exchange,robinsons,robinsons-novaliches,Robinsons Novaliches,metro-manila
bare fitness,Bare Fitness,megaworld,forbes-town,Forbes Town,metro-manila
beanleaf coffee tea,BEANLEAF COFFEE TEA,sm,sm-city-puerto-princesa,SM City Puerto Princesa,south-luzon
banh pho,Banh Pho,robinsons,robinsons-palawan,Robinsons Place Palawan,south-luzon
bangkok kitchen,BANGKOK KITCHEN,sm,sm-jmall,SM J Mall,visayas
bangs prime salon and t&j salon professionals,BANG’S PRIME SALON AND T&J SALON PROFESSIONALS,ayala,ayala-solenad,Ayala Malls Nuvali,south-luzon
bangus,Bangus,ortigas,greenhills,Greenhills,metro-manila
bangus restaurant,BANGUS RESTAURANT,sm,sm-mall-of-asia,SM Mall of Asia,metro-manila
banh hi kitchen,BANH HI KITCHEN,robinsons,robinsons-iligan,Robinsons Place Iligan,mindanao
banh mi kitchen ca phe,BANH MI KITCHEN CA PHE,sm,sm-city-manila,SM City Manila,metro-manila
banila co,Banila Co,filinvest,festival-mall,Festival Mall,metro-manila
barbie and jhen fashion diva minigem exhibit (21),BARBIE AND JHEN : FASHION DIVA MINIGEM EXHIBIT (21),xentro,montalban-town-center,Montalban Town Center,metro-manila
bank of the philippines,Bank of the Philippines,robinsons,robinsons-imus,Robinsons Place Imus,south-luzon
bap bowls,Bap Bowls,robinsons,robinsons-magnolia,Robinsons Magnolia,metro-manila
bar oku,BAR OKU,robinsons,opus,Opus Mall,metro-manila
bar shu,BAR SHU,robinsons,opus,Opus Mall,metro-manila
barber shop,THE BARBER SHOP (0991-252-9469),robinsons,robinsons-metro-east,Robinsons Metro East,metro-manila
barbero blues,BARBERO BLUES,sm,sm-city-fairview,SM City Fairview,metro-manila
basekamp,BASEKAMP,robinsons,robinsons-palawan,Robinsons Place Palawan,south-luzon
basics and organic,Basics And Organic,megaworld,eastwood-mall,Eastwood Mall,metro-manila
basics and organics,Basics And Organics,filinvest,festival-mall,Festival Mall,metro-manila
bdo one network,BDO One Network,waltermart,makiling,WalterMart Makiling,south-luzon
bcg digital generation,BCG DIGITAL GENERATION,sm,sm-city-bacolod,SM City Bacolod,visayas
bcn by las flores,BCN BY LAS FLORES,sm,s-maison,S Maison,metro-manila
bdo cash hub,BDO Cash Hub,waltermart,antipolo,WalterMart Antipolo,metro-manila
bdo consumer lending,BDO Consumer Lending,waltermart,makiling,WalterMart Makiling,south-luzon
bdo dunkin donut,BDO DUNKIN DONUT,xentro,xentro-mall-lemery,XentroMall Lemery,south-luzon
bdo network bank,BDO NETWORK BANK,robinsons,robinsons-iloilo,Robinsons Place Iloilo,visayas
bdo unibank inc,BDO Unibank Inc.,waltermart,makiling,WalterMart Makiling,south-luzon
bassack yellow chicken food house,BASSACK YELLOW CHICKEN FOOD HOUSE,sm,sm-city-telabastagan,SM City Telabastagan,north-luzon
be polished,BE POLISHED,fishermall,malabon,Fisher Mall Malabon,metro-manila
be u simply fab,BE-U @Simply Fab,robinsons,robinsons-fuente,Robinsons Fuente,visayas
bead bugz,BEAD BUGZ,ayala,ayala-capitol-central,Ayala Malls Capitol Central,visayas
bead shop,THE BEAD SHOP,ayala,ayala-glorietta,Glorietta,metro-manila
beajeanne pasalubong shoppe,Beajeanne Pasalubong Shoppe,waltermart,capas,WalterMart Capas,north-luzon
bean ukid,Bean-Ukid,robinsons,robinsons-valencia,Robinsons Place Valencia,mindanao
bc26 kiosk,BC26 KIOSK,araneta,farmers-plaza,Farmers Plaza,metro-manila
bbrows & nails spa,B’brows & Nails Spa,filinvest,main-square,Main Square,south-luzon
bbq king temporarily closed,BBQ KING TEMPORARILY CLOSED,robinsons,robinsons-butuan,Robinsons Place Butuan,mindanao
bbk bibingka & coffee,BBK BIBINGKA & COFFEE,sm,sm-city-trece-martires,SM City Trece Martires,south-luzon
bbbe accessories,BBBE ACCESSORIES,robinsons,robinsons-novaliches,Robinsons Novaliches,metro-manila
bazinga,BAZINGA,robinsons,robinsons-dumaguete,Robinsons Place Dumaguete,visayas
bazaar del mundo,Bazaar Del Mundo,robinsons,robinsons-gen-san,Robinsons Place GenSan,mindanao
bay6 salon,BAY6 SALON,robinsons,robinsons-novaliches,Robinsons Novaliches,metro-manila
bawais vietnamese kitchen,BAWAIS VIETNAMESE KITCHEN,sm,sm-city-north-edsa,SM City North Edsa,metro-manila
bawais,Bawai's,ortigas,greenhills,Greenhills,metro-manila
bausa massage,Bausa Massage,robinsons,robinsons-imus,Robinsons Place Imus,south-luzon
battery man,BATTERY MAN,sm,sm-city-santa-rosa,SM City Santa Rosa,south-luzon
batinga animal medical center,BATINGA ANIMAL MEDICAL CENTER,sm,sm-city-cagayan-de-oro,SM City CDO Uptown,mindanao
bath & body works,BATH & BODY WORKS,sm,sm-mall-of-asia,SM Mall of Asia,metro-manila
baterya ph,Baterya Ph,filinvest,festival-mall,Festival Mall,metro-manila
batar shoes trading,BATAR SHOES TRADING,robinsons,robinsons-novaliches,Robinsons Novaliches,metro-manila
basteakoy fruit overload slushie,BASTEAKOY FRUIT OVERLOAD SLUSHIE,sm,sm-city-naga,SM City Naga,south-luzon
banco de oro uniword inc,"BANCO DE ORO UNIWORD, INC.",xentro,ab-central,Ab Central,metro-manila
banco de oro mus ab cellphone,BANCO DE ORO MUS AB CELLPHONE,xentro,tanay-town-center,Tanay Town Center,south-luzon
banco de oro (bdo),BANCO DE ORO (BDO),sm,sm-city-tuguegarao,SM City Tuguegarao,north-luzon
bag rx,Bag RX,robinsons,robinsons-magnolia,Robinsons Magnolia,metro-manila
bad bowl,Bad Bowl (TEMPORARILY CLOSED),robinsons,robinsons-magnolia,Robinsons Magnolia,metro-manila
bad boys wingz,BAD BOYS WINGZ,ayala,ayala-center-cebu,Ayala Center Cebu,visayas
badu,BADU,xentro,xentro-mall-cabagan,XentroMall Cabagan,north-luzon
badu boutique,BADU BOUTIQUE,xentro,xentro-mall-tumauini,XentroMall Tumauini,north-luzon
bag genie vintage & collectibles,THE BAG GENIE VINTAGE  & COLLECTIBLES,ayala,ayala-feliz,Ayala Malls Feliz,metro-manila
bag of beans,Bag Of Beans,robinsons,robinsons-tagaytay,Robinsons Tagaytay,south-luzon
bag tag,BAG TAG,ayala,ayala-market-market,Market! Market!,metro-manila
bahay kubo sizzlers and resto bar,BAHAY KUBO SIZZLERS AND RESTO BAR,xentro,northstar-mall,Northstar Mall,north-luzon
bagful of glitter,Bagful of Glitter 0917 882 0906 (NEW),robinsons,robinsons-magnolia,Robinsons Magnolia,metro-manila
bagnet and beyond,Bagnet and Beyond,robinsons,robinsons-tacloban,Robinsons Place Tacloban,visayas
bags to riches,BAGS TO RICHES,ayala,ayala-market-market,Market! Market!,metro-manila
baguio,BAGUIO,ayala,ayala-market-market,Market! Market!,metro-manila
baguio bingo,BAGUIO BINGO,sm,sm-city-baguio,SM City Baguio,north-luzon
baguio country club,BAGUIO COUNTRY CLUB,sm,sm-city-baguio,SM City Baguio,north-luzon
bad bird & tsukemen ramen,Bad Bird & Tsukemen Ramen,megaworld,alabang-west-parade,Alabang West Parade,metro-manila
bad bird,BAD BIRD,sm,sm-megamall,SM Megamall,metro-manila
baculi valconcha optical,BACULI-VALCONCHA OPTICAL,starmall,alabang,Starmall Alabang,metro-manila
bacsilog,Bacsilog,robinsons,robinsons-palawan,Robinsons Place Palawan,south-luzon
bacoor city treasurers office,Bacoor City Treasurer’s Office,filinvest,main-square,Main Square,south-luzon
bacolod chk n bbq house,BACOLOD CHK-N-BBQ HOUSE,sm,sm-mall-of-asia,SM Mall of Asia,metro-manila
backyard barbecue smoke and grill,BACKYARD BARBECUE SMOKE AND GRILL,sm,sm-cdo-downtown,SM CDO Downtown Premier,mindanao
bacani,Bacani,waltermart,muntinlupa,WalterMart Muntinlupa,metro-manila
babymama,Babymama,megaworld,alabang-west-parade,Alabang West Parade,metro-manila
babybond ultrasound,BABYBOND ULTRASOUND,sm,sm-city-north-edsa,SM City North Edsa,metro-manila
baby ultrasound co,Baby Ultrasound Co.,robinsons,robinsons-manila,Robinsons Place Manila,metro-manila
baby play,BABY PLAY,sm,sm-city-fairview,SM City Fairview,metro-manila
baby mochie,Baby Mochie,robinsons,robinsons-iligan,Robinsons Place Iligan,mindanao
baby charm,Baby Charm 0917-530-3888,robinsons,robinsons-angeles,Robinsons Angeles,north-luzon
babots fruitas farm,BABOTS FRUITAS FARM,sm,sm-city-clark,SM City Clark,north-luzon
baboo toys,BABOO TOYS 9770651477,robinsons,robinsons-cybergate-cebu,Robinsons Cybergate Cebu,visayas
babes lechon,BABES LECHON,robinsons,robinsons-gapan,Robinsons Gapan,north-luzon
baguio pet habitat,BAGUIO PET HABITAT,sm,sm-city-baguio,SM City Baguio,north-luzon
bahn mi kitchen,BAHN MI KITCHEN 0917-550-0385,robinsons,robinsons-cybergate-cebu,Robinsons Cybergate Cebu,visayas
banana peel flip flops,Banana Peel Flip Flops,robinsons,robinsons-malabon,Robinsons Town Mall Malabon,metro-manila
baliwag lechon,BALIWAG LECHON,robinsons,robinsons-galleria-ortigas,Robinsons Galleria,metro-manila
balenciaga,BALENCIAGA,ayala,ayala-greenbelt,Greenbelt,metro-manila
bali thai massage & wellness spa,BALI-THAI MASSAGE & WELLNESS SPA,ayala,ayala-the-district-imus,The District Imus,south-luzon
balikatan massage clinic,BALIKATAN MASSAGE CLINIC,ayala,ayala-circuit,Ayala Malls Circuit,metro-manila
balikbayan handicrafts,BALIKBAYAN HANDICRAFTS,ayala,ayala-manila-bay,Ayala Malls Manila Bay,metro-manila
balispaholics,Balispaholics,robinsons,robinsons-antipolo,Robinsons Place Antipolo,metro-manila
baliwag,BALIWAG,fishermall,malabon,Fisher Mall Malabon,metro-manila
ballet center,BALLET CENTER,ayala,ayala-center-cebu,Ayala Center Cebu,visayas
bahnmi kitchen bmkn,Bahnmi Kitchen - Bmkn,ortigas,greenhills,Greenhills,metro-manila
ballet manila,Ballet Manila,fishermall,quezonave,Fisher Mall Quezon Avenue,metro-manila
ballet philippines,BALLET PHILIPPINES,sm,sm-aura,SM Aura,metro-manila
balls more,BALLS MORE,sm,sm-city-cauayan,SM City Cauayan,north-luzon
bamboo bags,Bamboo Bags,robinsons,robinsons-malolos,Robinsons Place Malolos,north-luzon
bambu,Bambu,robinsons,robinsons-ilocos,Robinsons Place Ilocos,north-luzon
bambu desserts drinks,BAMBU DESSERTS DRINKS,sm,sm-mall-of-asia,SM Mall of Asia,metro-manila
balai ilonggo,Balai Ilonggo,megaworld,festive-walk-mall-iloilo,Festive Walk Mall,visayas
balai,BALAI,sm,sm-city-laoag,SM City Laoag,north-luzon
baks pc,BAKS PC,araneta,farmers-plaza,Farmers Plaza,metro-manila
baking crew,The Baking Crew,megaworld,paseo-center,Paseo Center,metro-manila
bakers plaza,Baker's Plaza,robinsons,robinsons-naga,Robinsons Place Naga,south-luzon
bakers ph,Bakers Ph,robinsons,robinsons-ilocos,Robinsons Place Ilocos,north-luzon
bakers percent bakeshop,BAKERS PERCENT BAKESHOP,sm,sm-center-tuguegarao-downtown,SM Center Tuguegarao Downtown,north-luzon
bakers champ,BAKERS CHAMP,sm,sm-city-pampanga,SM City Pampanga,north-luzon
baker j,Baker J,filinvest,festival-mall,Festival Mall,metro-manila
baker bob,Baker Bob,robinsons,robinsons-fuente,Robinsons Fuente,visayas
baked by baby,BAKED BY BABY,sm,sm-city-naga,SM City Naga,south-luzon
bake n churn,Bake N' Churn,waltermart,tanauan,WalterMart Tanauan,south-luzon
bake and churn,BAKE AND CHURN,sm,sm-city-pampanga,SM City Pampanga,north-luzon
baka express,BAKA EXPRESS,robinsons,robinsons-sta-rosa,Robinsons Sta. Rosa,south-luzon
baiprints hub graphics & advertising,Baiprints Hub Graphics & Advertising,robinsons,robinsons-north-tacloban,Robinsons North Tacloban,visayas
bainor footwear (8 12 sqm) ca exhibits ( property pro ),Bainor Footwear (8.12 SQM) CA EXHIBITS ( PROPERTY PRO ),xentro,montalban-town-center,Montalban Town Center,metro-manila
bainor cp accessories ( 7 60 sqm) ca exhibits ( property pro ),Bainor CP Accessories ( 7.60 SQM) CA EXHIBITS ( PROPERTY PRO ),xentro,montalban-town-center,Montalban Town Center,metro-manila
beanleaf coffee & tea,Beanleaf Coffee & Tea,robinsons,robinsons-la-union,Robinsons Place La Union,north-luzon
beany coffee,BEANY COFFEE,sm,sm-city-urdaneta-central,SM City Urdaneta Central,north-luzon
bizaare hbc,BIZAARE HBC,xentro,xentro-mall-lemery,XentroMall Lemery,south-luzon
bike my way,BIKE MY WAY,sm,sm-by-the-bay,SM By the Bay,metro-manila
big mummys,Big Mummy's,robinsons,robinsons-tagaytay,Robinsons Tagaytay,south-luzon
big paws,Big Paws,ortigas,tiendesitas,Tiendesitas,metro-manila
big picture,The Big Picture,waltermart,san-fernando,WalterMart San Fernando,north-luzon
big r lessors,BIG R LESSORS,ayala,ayala-market-market,Market! Market!,metro-manila
bigboys,Bigboys,ortigas,greenhills,Greenhills,metro-manila
bigoli,BIGOLI,ayala,ayala-trinoma,Trinoma,metro-manila
bikes & coffee manila,Bikes & Coffee Manila,megaworld,uptown-parade,Uptown Parade,metro-manila
big joy kids,BIG JOY KIDS,ayala,ayala-market-market,Market! Market!,metro-manila
bikoi bikes,BIKOI BIKES,sm,sm-city-mindpro,SM City Mindpro,mindanao
billiards,BILLIARDS,xentro,morong-centerpoint,Morong Centerpoint,metro-manila
bills lounge,Bill's Lounge,megaworld,eastwood-city-walk,Eastwood City Walk,metro-manila
billyard sports & music bar,Billyard Sports & Music Bar,megaworld,greenhouse-village-square,The Greenhouse at Village Square,metro-manila
billyard sports bar,Billyard Sports Bar,megaworld,greenhouse-village-square,The Greenhouse at Village Square,metro-manila
binalot kerrimo,BINALOT KERRIMO,xentro,xentro-mall-lemery,XentroMall Lemery,south-luzon
big mommas artisan pies co,BIG MOMMAS ARTISAN PIES CO,sm,sm-city-santa-rosa,SM City Santa Rosa,south-luzon
big joy,Big Joy,filinvest,festival-mall,Festival Mall,metro-manila
beard papas,BEARD PAPA'S,robinsons,robinsons-antipolo,Robinsons Place Antipolo,metro-manila
bibo shoes sandugo,Bibo Shoes SANDUGO,xentro,xentro-mall-calapan,XentroMall Calapan,south-luzon
bibingka mnl,Bibingka MNL,robinsons,robinsons-magnolia,Robinsons Magnolia,metro-manila
bibingkintan,Bibingkintan,robinsons,robinsons-naga,Robinsons Place Naga,south-luzon
bibingkyut,BIBINGKYUT,xentro,xentro-mall-santiago,XentroMall Santiago,north-luzon
bibo (fun choice),BIBO (FUN CHOICE),xentro,northstar-mall,Northstar Mall,north-luzon
bibo shoes melvino,BIBO SHOES MELVINO,xentro,xentro-mall-lemery,XentroMall Lemery,south-luzon
bibo shoes red diamond ii,BIBO SHOES RED DIAMOND II,xentro,tanay-town-center,Tanay Town Center,south-luzon
big & small & chicco,Big & Small & Chicco,megaworld,eastwood-mall,Eastwood Mall,metro-manila
big jewelry creation,BIG JEWELRY CREATION,sm,sm-seaside-city-cebu,SM Seaside City Cebu,visayas
big bee,The Big Bee,megaworld,newport-city,Newport City,metro-manila
big belly burgers,Big Belly Burgers,megaworld,forbes-town,Forbes Town,metro-manila
big boss barbers,Big Boss Barbers,megaworld,venice-grand-canal-mall,Venice Grand Canal Mall,metro-manila
big boys,Big Boys,filinvest,festival-mall,Festival Mall,metro-manila
big boys toy store,BIG BOYS TOY STORE,ayala,ayala-glorietta,Glorietta,metro-manila
big boys toyshoppe,Big Boy's Toyshoppe,fishermall,quezonave,Fisher Mall Quezon Avenue,metro-manila
binan fast food,BIÑAN FAST FOOD,sm,sm-city-daet,SM City Daet,south-luzon
bing gift shop,BING GIFT SHOP,xentro,balagtas-town-center,Balagtas Town Center,north-luzon
bingchun tea,BINGCHUN TEA,robinsons,robinsons-cainta,Robinsons Cainta,metro-manila
biryanist,Biryanist,megaworld,newport-city,Newport City,metro-manila
bir notarial & photocopying,BIR Notarial & Photocopying,fishermall,quezonave,Fisher Mall Quezon Avenue,metro-manila
bir rd038,BIR RD038,fishermall,quezonave,Fisher Mall Quezon Avenue,metro-manila
bird boss the new bird of the block,BIRD BOSS THE NEW BIRD OF THE BLOCK,sm,the-podium,The Podium,metro-manila
birkenstock (pop up),Birkenstock (pop Up),filinvest,festival-mall,Festival Mall,metro-manila
biryani boys,BIRYANI BOYS,sm,sm-city-manila,SM City Manila,metro-manila
biryani house restaurant,BIRYANI HOUSE RESTAURANT,sm,sm-city-general-santos,SM City General Santos,mindanao
bistro ravioli,BISTRO RAVIOLI,sm,sm-mall-of-asia,SM Mall of Asia,metro-manila
bingo,BINGO,sm,sm-lanang,SM Lanang,mindanao
bistro remedios,BISTRO REMEDIOS,sm,sm-city-north-edsa,SM City North Edsa,metro-manila
bite king snackbar,BITE KING SNACKBAR,sm,sm-city-bataan,SM City Bataan,north-luzon
biu,Biu!,filinvest,festival-mall,Festival Mall,metro-manila
biyahe juan,Biyahe Juan,megaworld,festive-walk-mall-iloilo,Festive Walk Mall,visayas
biyaya kofi,Biyaya Kofi,ortigas,the-strip,The Strip,metro-manila
bizaare exhibit zar clothing collection,BIZAARE EXHIBIT ZAR CLOTHING COLLECTION,xentro,montalban-town-center,Montalban Town Center,metro-manila
bir,BIR,fishermall,malabon,Fisher Mall Malabon,metro-manila
biovitalis institute by centro holistico,BIOVITALIS INSTITUTE BY CENTRO HOLISTICO,sm,s-maison,S Maison,metro-manila
biofresh,Biofresh,megaworld,southwoods-mall,Southwoods Mall,south-luzon
binuhat arts crafts,BINUHAT ARTS CRAFTS,sm,sm-city-butuan,SM City Butuan,mindanao
bingomania,BINGOMANIA,starmall,alabang,Starmall Alabang,metro-manila
bingo xtreme,Bingo Xtreme,filinvest,festival-mall,Festival Mall,metro-manila
bingo sa nova,BINGO SA NOVA,sm,sm-city-novaliches,SM City Novaliches,metro-manila
bingo plaza,BINGO PLAZA,sm,sm-city-sta-mesa,SM City Sta. Mesa,metro-manila
bingo palace,Bingo Palace,robinsons,robinsons-pangasinan,Robinsons Place Pangasinan,north-luzon
bingo manila,BINGO MANILA,starmall,edsa-shaw,Starmall EDSA-Shaw,metro-manila
bingo gallery,BINGO GALLERY,sm,sm-city-cagayan-de-oro,SM City CDO Uptown,mindanao
bingo extreme,Bingo Extreme,megaworld,festive-walk-parade,Festive Walk Parade,visayas
bingo empress,BINGO EMPRESS,sm,sm-city-lucena,SM City Lucena,south-luzon
bingo dinero,BINGO DINERO,sm,sm-city-cebu,SM City Cebu,visayas
bingo city,BINGO CITY,sm,sm-city-fairview,SM City Fairview,metro-manila
bingo boutique,Bingo Boutique,megaworld,lucky-chinatown-prosperity-wing,Lucky Chinatown - Prosperity Wing,metro-manila
bingo bee bingo bonanza,"BINGO BEE, BINGO BONANZA",xentro,xentro-mall-cabagan,XentroMall Cabagan,north-luzon
bibingka manila,BIBINGKA MANILA,sm,sm-center-pasig,SM Center Pasig,metro-manila
bianang delicacies,BIANANG DELICACIES,waltermart,arayat,WalterMart Arayat,north-luzon
bhf jewelry & cash loan,BHF Jewelry & Cash Loan,robinsons,robinsons-luisita,Robinsons Luisita,north-luzon
bella glowing skin,Bella Glowing Skin,robinsons,robinsons-gentrias,Robinsons Place Gen. Trias,south-luzon
beef pares house,BEEF PARES HOUSE,robinsons,robinsons-galleria-ortigas,Robinsons Galleria,metro-manila
beginnings the ring store,BEGINNINGS THE RING STORE,sm,sm-mall-of-asia,SM Mall of Asia,metro-manila
being juice,Being Juice,robinsons,robinsons-magnolia,Robinsons Magnolia,metro-manila
belaggio bingo,Belaggio Bingo,fishermall,quezonave,Fisher Mall Quezon Avenue,metro-manila
bella beta,BELLA BETA,xentro,tanay-town-center,Tanay Town Center,south-luzon
bella blossom flower shop,BELLA-BLOSSOM FLOWER SHOP,sm,sm-center-tuguegarao-downtown,SM Center Tuguegarao Downtown,north-luzon
bella mecanica salon,BELLA MECANICA SALON,sm,sm-city-butuan,SM City Butuan,mindanao
bench & bench body,Bench & Bench Body,megaworld,uptown-mall,Uptown Mall,metro-manila
belle ville pancake cafe,BELLE-VILLE PANCAKE CAFÉ,sm,sm-city-fairview,SM City Fairview,metro-manila
bellecrown salon,BELLECROWN SALON,sm,sm-cherry-congressional,SM Center Congressional,metro-manila
bellemoire,Bellemoire,filinvest,festival-mall,Festival Mall,metro-manila
bellezza skin care and spa,BELLEZZA SKIN CARE AND SPA,robinsons,robinsons-novaliches,Robinsons Novaliches,metro-manila
bellus international,Bellus International,ortigas,estancia,Estancia,metro-manila
belly bob,BELLY BOB,robinsons,robinsons-metro-east,Robinsons Metro East,metro-manila
bee healthy,Bee Healthy,robinsons,robinsons-gentrias,Robinsons Place Gen. Trias,south-luzon
bee & co,Bee & Co.,filinvest,festival-mall,Festival Mall,metro-manila
becs salon & spa,BEC'S SALON & SPA,sm,sm-city-bacolod,SM City Bacolod,visayas
beauwarts,Beauwarts,ortigas,greenhills,Greenhills,metro-manila
beauty palace salon and nail spa,BEAUTY PALACE SALON AND NAIL SPA,ayala,ayala-the-district-imus,The District Imus,south-luzon
beauty goals,BEAUTY GOALS,robinsons,robinsons-gapan,Robinsons Gapan,north-luzon
beauty getaway wellness spa,BEAUTY GETAWAY WELLNESS SPA,sm,sm-city-roxas,SM City Roxas,visayas
beauty getaway,BEAUTY GETAWAY,ayala,ayala-malls-central-bloc,Ayala Malls Central Bloc,visayas
beauty eves cosmetics,Beauty Eve's Cosmetics,waltermart,trece-martires,WalterMart Trece Martires,south-luzon
beauty bar dashing diva,BEAUTY BAR / DASHING DIVA,ayala,ayala-glorietta,Glorietta,metro-manila
beauty and wellness,Beauty and Wellness,robinsons,robinsons-north-tacloban,Robinsons North Tacloban,visayas
beautify by beautederm,Beautify by Beautederm,robinsons,robinsons-metro-east,Robinsons Metro East,metro-manila
beauche mini gem exhibit ( near uno factory ),BEAUCHE MINI GEM EXHIBIT ( NEAR UNO FACTORY ),xentro,montalban-town-center,Montalban Town Center,metro-manila
beats & ticks,BEATS & TICKS 0916-337-0969,robinsons,robinsons-pangasinan,Robinsons Place Pangasinan,north-luzon
beatrix lotto outlet,BEATRIX LOTTO OUTLET,robinsons,robinsons-antipolo,Robinsons Place Antipolo,metro-manila
beas bibingka,BEA'S BIBINGKA,sm,sm-center-las-pinas,SM Center Las Piñas,metro-manila
bearhuggs,BEARHUGGS,sm,sm-city-north-edsa,SM City North Edsa,metro-manila
benanth,BENANTH,sm,sm-city-mindpro,SM City Mindpro,mindanao
bench beauty,BENCH BEAUTY,sm,sm-megamall,SM Megamall,metro-manila
bhdc barrera hernandez dental diagnostics,BHDC BARRERA-HERNANDEZ DENTAL DIAGNOSTICS,sm,sm-center-sangandaan,SM Center Sangandaan,north-luzon
bestfriend pawever,Bestfriend Pawever,robinsons,robinsons-imus,Robinsons Place Imus,south-luzon
best cool bicycle,BEST COOL BICYCLE,robinsons,robinsons-gapan,Robinsons Gapan,north-luzon
best fried noodles temporarily closed,Best Fried Noodles TEMPORARILY CLOSED,robinsons,robinsons-galleria-cebu,Robinsons Galleria Cebu,visayas
best lolama,Best Lolama,robinsons,robinsons-dasmarinas,Robinsons Place Dasmarinas,south-luzon
best nephro specialist corporation,Best Nephro Specialist Corporation,robinsons,robinsons-las-pinas,Robinsons Place Las Pinas,metro-manila
best print,Best Print,fishermall,quezonave,Fisher Mall Quezon Avenue,metro-manila
best toys,Best Toys,ortigas,greenhills,Greenhills,metro-manila
beth charms and accessories mini gem exhibit 12 ( fc created space 10 ),BETH CHARMS AND ACCESSORIES MINI GEM EXHIBIT #12 ( FC created space # 10 ),xentro,montalban-town-center,Montalban Town Center,metro-manila
bench fix salon (pedro gil),Bench Fix Salon (Pedro Gil),robinsons,robinsons-manila,Robinsons Place Manila,metro-manila
better burger,BETTER BURGER,sm,sm-jmall,SM J Mall,visayas
bettinas fashion boutique,BETTINA'S FASHION BOUTIQUE (OPEN),robinsons,robinsons-otis,Robinsons Otis,metro-manila
bettinas fashion boutique temporarily closed,BETTINAS FASHION BOUTIQUE TEMPORARILY CLOSED,robinsons,robinsons-otis,Robinsons Otis,metro-manila
between days,BETWEEN DAYS,robinsons,robinsons-magnolia,Robinsons Magnolia,metro-manila
beyond polish,BEYOND POLISH,sm,sm-city-santa-rosa,SM City Santa Rosa,south-luzon
bf potato fries,BF POTATO FRIES,xentro,ilagan-city-mall-isabela,Ilagan City Mall Isabela,north-luzon
beso beso,Beso-Beso,robinsons,robinsons-santiago,Robinsons Place Santiago,north-luzon
bertmarks,BERTMARKS,ayala,ayala-market-market,Market! Market!,metro-manila
berovan medical supplies,Berovan Medical Supplies,robinsons,robinsons-dasmarinas,Robinsons Place Dasmarinas,south-luzon
bernardos watch repair,Bernardo's Watch Repair,robinsons,robinsons-novaliches,Robinsons Novaliches,metro-manila
bernabest siomai house,BERNABEST SIOMAI HOUSE,sm,sm-city-north-edsa,SM City North Edsa,metro-manila
berlein,BERLEIN,sm,sm-mall-of-asia,SM Mall of Asia,metro-manila
berches,Berches,ortigas,greenhills,Greenhills,metro-manila
beppos barbershop,Beppo's Barbershop,fishermall,quezonave,Fisher Mall Quezon Avenue,metro-manila
bensons graphic arts,BENSONS GRAPHIC ARTS,sm,sm-city-taytay,SM City Taytay,metro-manila
bens x meshiya,Ben's x Meshiya,megaworld,southwoods-mall,Southwoods Mall,south-luzon
bens kitchen,BEN'S KITCHEN,ayala,ayala-harbor-point,Harbor Point,north-luzon
bens halo halo ice cream,Ben’s Halo-halo Ice Cream,filinvest,festival-mall,Festival Mall,metro-manila
benlife,BENLIFE,sm,sm-lanang,SM Lanang,mindanao
benibana beauty hub,Benibana Beauty Hub,megaworld,three-central,Three Central Mall,metro-manila
bench watchman,BENCH WATCHMAN,xentro,xentro-mall-lemery,XentroMall Lemery,south-luzon
bench uno siopao house,Bench Uno Siopao House,xentro,xentro-mall-calapan,XentroMall Calapan,south-luzon
bench herbench,Bench + Herbench,megaworld,eastwood-mall,Eastwood Mall,metro-manila
fashion mobile,FASHION MOBILE,sm,sm-city-general-santos,SM City General Santos,mindanao
fashion plate,FASHION PLATE,xentro,xentro-mall-santiago,XentroMall Santiago,north-luzon
fashion plate rsc,THE FASHION PLATE/RSC,xentro,northstar-mall,Northstar Mall,north-luzon
la casa empanadas,LA CASA EMPANADAS,sm,sm-city-north-edsa,SM City North Edsa,metro-manila
l1 104 01a 2 noodle house rose mary cellphone,L1- 104 -01A -2 Noodle House ROSE MARY CELLPHONE,xentro,montalban-town-center,Montalban Town Center,metro-manila
l1 104 01a 3 lemon express minigem exhibit (30),L1- 104 -01A -3 Lemon Express MINIGEM EXHIBIT (30),xentro,montalban-town-center,Montalban Town Center,metro-manila
l1 104 01a 4 master siomai minigem exhibit (20),L1- 104 - 01A -4 MASTER SIOMAI MINIGEM EXHIBIT (20),xentro,montalban-town-center,Montalban Town Center,metro-manila
la birria tacos & nachos,LA BIRRIA TACOS & NACHOS,sm,sm-center-pasig,SM Center Pasig,metro-manila
la birria tacos nachos,LA BIRRIA TACOS NACHOS,sm,sm-city-bicutan,SM City Bicutan,metro-manila
la casa empanada,La Casa Empanada,filinvest,festival-mall,Festival Mall,metro-manila
la casetta de britt restaurant,LA CASETTA DE BRITT RESTAURANT,sm,sm-city-taytay,SM City Taytay,metro-manila
l royale,L' Royale,robinsons,robinsons-dumaguete,Robinsons Place Dumaguete,visayas
la chambre de beaute beauty salon,LA CHAMBRE DE BEAUTE BEAUTY SALON,robinsons,robinsons-cagayan-de-oro,Robinsons Cagayan de Oro,mindanao
la chicks hot chicken,La Chicks Hot Chicken,filinvest,festival-mall,Festival Mall,metro-manila
la estetica,LA ESTETICA,sm,sm-city-bacolod,SM City Bacolod,visayas
la europa ceramica,LA EUROPA CERAMICA,sm,moa-square,MOA Square,metro-manila
la fiesta filipino cuisine,LA FIESTA FILIPINO CUISINE,sm,sm-by-the-bay,SM By the Bay,metro-manila
la floreria,LA FLORERIA,ayala,ayala-market-market,Market! Market!,metro-manila
l sea dimsum and noodle house,L SEA DIMSUM AND NOODLE HOUSE,sm,sm-city-bacolod,SM City Bacolod,visayas
l o f t,L.O.F.T.,robinsons,robinsons-tuguegarao,Robinsons Place Tuguegarao,north-luzon
kuya js restaurant,Kuya J's Restaurant,robinsons,robinsons-imus,Robinsons Place Imus,south-luzon
kyocera mita,KYOCERA MITA,sm,sm-city-north-edsa,SM City North Edsa,metro-manila
kuya korea,KUYA KOREA,sm,sm-city-manila,SM City Manila,metro-manila
kuysen,KUYSEN,sm,sm-megamall,SM Megamall,metro-manila
kuzina guadalupe,KUZINA GUADALUPE,sm,sm-seaside-city-cebu,SM Seaside City Cebu,visayas
kvik,KVIK,sm,sm-megamall,SM Megamall,metro-manila
kylas bistro,Kyla's Bistro,robinsons,robinsons-iligan,Robinsons Place Iligan,mindanao
kylie cellphone and accessories shop,KYLIE CELLPHONE AND ACCESSORIES SHOP,robinsons,robinsons-novaliches,Robinsons Novaliches,metro-manila
kyoda1,KYODA1,ayala,ayala-vertis,Ayala Malls Vertis North,metro-manila
l foods corporation,L FOODS CORPORATION,xentro,ab-central,Ab Central,metro-manila
kyoken travel tours,KYOKEN TRAVEL TOURS,sm,sm-city-bacolod,SM City Bacolod,visayas
kyushu ramen,KYUSHU RAMEN,ayala,ayala-cloverleaf,Ayala Malls Cloverleaf,metro-manila
l & y mobile phone & computer accessories,L & Y Mobile Phone & Computer Accessories,robinsons,robinsons-iligan,Robinsons Place Iligan,mindanao
l a eatery,L. A EATERY,robinsons,robinsons-novaliches,Robinsons Novaliches,metro-manila
l a music & sports center,L.A. MUSIC & SPORTS CENTER,sm,sm-city-olongapo-central,SM City Olongapo Central,north-luzon
l entrecote,L' Entrecote,megaworld,forbes-town,Forbes Town,metro-manila
la halo halo,LA HALO HALO,robinsons,robinsons-pagadian,Robinsons Pagadian,mindanao
la hanan,LA HANAN,sm,sm-city-naga,SM City Naga,south-luzon
la kuseana,LA KUSEANA,sm,sm-lanang,SM Lanang,mindanao
lahlahlah,LAHLAHLAH,robinsons,opus,Opus Mall,metro-manila
lady carat,Lady Carat,araneta,gateway-mall-2,Gateway Mall 2,metro-manila
lady grace,Lady Grace,fishermall,quezonave,Fisher Mall Quezon Avenue,metro-manila
ladybelle nail and body spa,LADYBELLE NAIL AND BODY SPA,sm,sm-city-masinag,SM City Masinag,metro-manila
lagalag,LAGALAG,sm,sm-city-north-edsa,SM City North Edsa,metro-manila
lago de dalahican,Lago De Dalahican,robinsons,robinsons-gentrias,Robinsons Place Gen. Trias,south-luzon
lagrima,Lagrima,megaworld,paseo-center,Paseo Center,metro-manila
laizah beauty,LAIZAH BEAUTY,robinsons,robinsons-naga,Robinsons Place Naga,south-luzon
la kusina,LA KUSINA,xentro,xentro-mall-roxas,XentroMall Roxas,north-luzon
lala annies sizzling food house,Lala Annie's Sizzling Food House,robinsons,robinsons-valencia,Robinsons Place Valencia,mindanao
lalaines fashion boutique,Lalaine's Fashion Boutique,robinsons,robinsons-sta-rosa,Robinsons Sta. Rosa,south-luzon
lalaurs beauty products,Lalaurs Beauty Products,robinsons,robinsons-jaro,Robinsons Place Jaro,visayas
lam ay furniture,LAM-AY FURNITURE,ayala,ayala-market-market,Market! Market!,metro-manila
lamier jewelry,Lamier Jewelry,ortigas,greenhills,Greenhills,metro-manila
lanas sweet delights,LANAS SWEET DELIGHTS,sm,sm-city-legazpi,SM City Legazpi,south-luzon
lady annes tarts & pastries,LADY ANNE'S TARTS & PASTRIES,sm,sm-city-bacolod,SM City Bacolod,visayas
lactation treats,LACTATION TREATS,sm,sm-city-baliwag,SM City Baliwag,north-luzon
lacoste sports,LACOSTE SPORTS,ayala,ayala-center-cebu,Ayala Center Cebu,visayas
lacoste outlet,Lacoste Outlet,robinsons,robinsons-starmills,Robinsons Starmills,north-luzon
lacoste live,LACOSTE LIVE,ayala,ayala-glorietta,Glorietta,metro-manila
lacoste footwear,LACOSTE FOOTWEAR,sm,sm-city-pampanga,SM City Pampanga,north-luzon
lachis,LACHIS,sm,sm-city-davao,SM City Davao,mindanao
lab by the eyebrowdery,LAB BY THE EYEBROWDERY,ayala,ayala-feliz,Ayala Malls Feliz,metro-manila
la treats,La Treats,robinsons,robinsons-pangasinan,Robinsons Place Pangasinan,north-luzon
la rizza clinica dentista,La Rizza Clinica Dentista,robinsons,robinsons-manila,Robinsons Place Manila,metro-manila
la provence,LA PROVENCE,ayala,ayala-bonifacio-high-street,Bonifacio High Street,metro-manila
la perfecta wellness spa,La Perfecta Wellness Spa,robinsons,robinsons-north-tacloban,Robinsons North Tacloban,visayas
la perfecta,La Perfecta,robinsons,robinsons-tacloban,Robinsons Place Tacloban,visayas
la oriental wellness spa,LA ORIENTAL WELLNESS SPA,sm,sm-city-laoag,SM City Laoag,north-luzon
la nilad coffee,LA NILAD COFFEE,sm,sm-city-clark,SM City Clark,north-luzon
la maison,La Maison,ortigas,estancia,Estancia,metro-manila
la lola,LA LOLA,robinsons,robinsons-antipolo,Robinsons Place Antipolo,metro-manila
kuya js restaurant iguanas,KUYA J's Restaurant IGUANAS,xentro,xentro-mall-calapan,XentroMall Calapan,south-luzon
kuya berts pares house,KUYA BERT'S PARES HOUSE,robinsons,robinsons-galleria-ortigas,Robinsons Galleria,metro-manila
lightbox studios,LIGHTBOX STUDIOS,sm,sm-city-bf-paranaque,SM City BF Parañaque,metro-manila
kong vr,Kong Vr,filinvest,festival-mall,Festival Mall,metro-manila
kogi vegi,KOGI VEGI,sm,sm-city-iloilo,SM City Iloilo,visayas
koi,Koi,megaworld,venice-grand-canal-mall,Venice Grand Canal Mall,metro-manila
komoro japanese dining,KOMORO JAPANESE DINING,sm,sm-southmall,SM Southmall,metro-manila
komoro soba,KOMORO SOBA,sm,sm-megamall,SM Megamall,metro-manila
konbini karaage,Konbini Karaage,robinsons,robinsons-magnolia,Robinsons Magnolia,metro-manila
konbini store,Konbini Store,robinsons,robinsons-magnolia,Robinsons Magnolia,metro-manila
konsis shawarma,KONSI'S SHAWARMA,xentro,montalban-town-center,Montalban Town Center,metro-manila
kobe clinic,Kobe Clinic,filinvest,festival-mall,Festival Mall,metro-manila
konvy,KONVY,robinsons,robinsons-galleria-ortigas,Robinsons Galleria,metro-manila
kooke house pop up store,KOOKE HOUSE POP UP STORE,robinsons,robinsons-ilocos,Robinsons Place Ilocos,north-luzon
koomi temporarily closed,Koomi TEMPORARILY CLOSED,robinsons,robinsons-la-union,Robinsons Place La Union,north-luzon
kopi by jims recipe,Kopi by Jim's Recipe,ortigas,greenhills,Greenhills,metro-manila
koreana look,KOREANA LOOK,robinsons,robinsons-pagadian,Robinsons Pagadian,mindanao
korn,KORN,robinsons,robinsons-lipa,Robinsons Place Lipa,south-luzon
kochi cafe,KOCHI CAFE,sm,sm-city-sorsogon,SM City Sorsogon,south-luzon
knead brew bakery cafe,KNEAD BREW BAKERY CAFÉ,sm,sm-city-batangas,SM City Batangas,south-luzon
kuv derma clinic expansion fegis ii,KUV DERMA CLINIC EXPANSION FEGI'S II,xentro,montalban-town-center,Montalban Town Center,metro-manila
kiwami,KIWAMI,ayala,ayala-bonifacio-high-street,Bonifacio High Street,metro-manila
kitchen by the coffee bean tea leaf,KITCHEN BY THE COFFEE BEAN TEA LEAF,sm,sm-city-santa-rosa,SM City Santa Rosa,south-luzon
kitchen table,Kitchen Table,ortigas,tiendesitas,Tiendesitas,metro-manila
kitchenaid,KITCHENAID,ayala,ayala-vertis,Ayala Malls Vertis North,metro-manila
kitchenaid experience center,KITCHENAID EXPERIENCE CENTER,sm,sm-megamall,SM Megamall,metro-manila
kitchentable by bng,KITCHENTABLE BY BnG,sm,sm-center-pasig,SM Center Pasig,metro-manila
kitchn,THE KITCHN,sm,sm-lanang,SM Lanang,mindanao
kizuna,Kizuna,robinsons,robinsons-galleria-cebu,Robinsons Galleria Cebu,visayas
knd fonehaus,KND Fonehaus,robinsons,robinsons-starmills,Robinsons Starmills,north-luzon
klad,Klad,araneta,gateway-mall,Gateway Mall,metro-manila
kleen o matic,Kleen O Matic,waltermart,balanga,WalterMart Balanga,north-luzon
klen laundromat,Klen Laundromat,megaworld,venice-grand-canal-mall,Venice Grand Canal Mall,metro-manila
klm advanced dental center,KLM Advanced Dental Center,robinsons,galleria-south,Robinsons Galleria South,south-luzon
klm dental,KLM Dental,waltermart,dasmarinas,WalterMart Dasmariñas,south-luzon
knc printz,KNC PRINTZ,sm,sm-center-ormoc,SM Center Ormoc,visayas
korte,Korte,robinsons,robinsons-butuan,Robinsons Place Butuan,mindanao
korte ni bella mechanica,KORTE NI BELLA MECHANICA,robinsons,robinsons-butuan,Robinsons Place Butuan,mindanao
kowloon house jr,"KOWLOON HOUSE, JR.",ayala,ayala-market-market,Market! Market!,metro-manila
kuppa coffee tea,KUPPA COFFEE TEA,sm,sm-city-bacolod,SM City Bacolod,visayas
kuka,KUKA,sm,sm-city-north-edsa,SM City North Edsa,metro-manila
kukugalbi restaurant,KUKUGALBI RESTAURANT,sm,smdc-grace-mall,SMDC Grace Mall,metro-manila
kuletz,Kuletz,robinsons,robinsons-cagayan-de-oro,Robinsons Cagayan de Oro,mindanao
kumon robinsons otis center,KUMON ROBINSONS OTIS CENTER,robinsons,robinsons-otis,Robinsons Otis,metro-manila
kumpares,KUMPARES,ayala,ayala-market-market,Market! Market!,metro-manila
kung fu master cooking,Kung Fu Master Cooking,megaworld,mckinley-west,McKinley West,metro-manila
kurbang lokal,Kurbang Lokal,megaworld,lucky-chinatown-mall,Lucky Chinatown Mall,metro-manila
kraken takoyaki,Kraken Takoyaki,megaworld,uptown-mall,Uptown Mall,metro-manila
kureji,KUREJI,sm,sm-city-baguio,SM City Baguio,north-luzon
kurimi,KURIMI,robinsons,robinsons-pagadian,Robinsons Pagadian,mindanao
kusina manyaman,KUSINA MANYAMAN,sm,sm-city-clark,SM City Clark,north-luzon
kusina ni sendang,KUSINA NI SENDANG,sm,sm-city-pampanga,SM City Pampanga,north-luzon
kusina tsina,KUSINA TSINA,sm,sm-city-iloilo,SM City Iloilo,visayas
kuv derma clinic ca exhibits ( property pro ),KUV DERMA CLINIC CA EXHIBITS ( PROPERTY PRO ),xentro,montalban-town-center,Montalban Town Center,metro-manila
kublai khan,KUBLAI KHAN,ayala,ayala-center-cebu,Ayala Center Cebu,visayas
kuanzhai alley,KUANZHAI ALLEY,waltermart,macapagal,WalterMart Macapagal,metro-manila
kuanzhai,KUANZHAI,waltermart,pasay,WalterMart Pasay,metro-manila
ktv playbox,KTV PLAYBOX,fishermall,malabon,Fisher Mall Malabon,metro-manila
ktlystph clothings,Ktlystph Clothings,ortigas,greenhills,Greenhills,metro-manila
kt drinks,KT Drinks,robinsons,robinsons-magnolia,Robinsons Magnolia,metro-manila
ksyn fitness gym,KSYN Fitness Gym,megaworld,alabang-west-parade,Alabang West Parade,metro-manila
ksl beauty products,KSL BEAUTY PRODUCTS,robinsons,robinsons-valencia,Robinsons Place Valencia,mindanao
kskin,Kskin,ortigas,greenhills,Greenhills,metro-manila
krizie ice jelly,KRIZIE ICE JELLY,sm,sm-city-bacolod,SM City Bacolod,visayas
kristine jewellery,Kristine Jewellery,megaworld,newport-city,Newport City,metro-manila
kristine,KRISTINE,sm,sm-megamall,SM Megamall,metro-manila
kristenzz open,Kristenzz OPEN,robinsons,robinsons-iloilo,Robinsons Place Iloilo,visayas
kristenzz,Kristenzz,robinsons,robinsons-bacolod,Robinsons Place Bacolod,visayas
krispy ice cream,KRISPY ICE CREAM,sm,sm-city-sorsogon,SM City Sorsogon,south-luzon
krazy mushroom,Krazy Mushroom,megaworld,san-lorenzo-place-mall,San Lorenzo Place Mall,metro-manila
krapow,KRAPOW,sm,moa-square,MOA Square,metro-manila
lanchi,Lanchi,robinsons,robinsons-novaliches,Robinsons Novaliches,metro-manila
land bank,Land Bank,robinsons,robinsons-novaliches,Robinsons Novaliches,metro-manila
land registration authority,LAND REGISTRATION AUTHORITY,sm,sm-aura,SM Aura,metro-manila
lemon zone,Lemon Zone,robinsons,robinsons-naga,Robinsons Place Naga,south-luzon
lemon jess,LEMON JESS,sm,sm-city-daet,SM City Daet,south-luzon
lemon life,Lemon Life,robinsons,robinsons-la-union,Robinsons Place La Union,north-luzon
lemon made,LEMON MADE,robinsons,robinsons-gapan,Robinsons Gapan,north-luzon
lemon pa more,Lemon Pa More,robinsons,robinsons-antipolo,Robinsons Place Antipolo,metro-manila
lemon station,Lemon Station,robinsons,robinsons-galleria-ortigas,Robinsons Galleria,metro-manila
lemon twist,LEMON TWIST,robinsons,robinsons-pagadian,Robinsons Pagadian,mindanao
lemonaze,LEMONAZE,sm,sm-city-sucat,SM City Sucat,metro-manila
lemon hub sunsai,LEMON HUB SUNSAI,robinsons,robinsons-ilocos,Robinsons Place Ilocos,north-luzon
lemoncha,Lemoncha,megaworld,lucky-chinatown-prosperity-wing,Lucky Chinatown - Prosperity Wing,metro-manila
lemonjuju,Lemonjuju,robinsons,robinsons-pavia,Robinsons Place Pavia,visayas
lemonzest,LEMONZEST,sm,sm-city-general-santos,SM City General Santos,mindanao
lemonzilla freshly squeezed lemonade,LEMONZILLA FRESHLY SQUEEZED LEMONADE,sm,sm-lanang,SM Lanang,mindanao
lenin computer systems inc,LENIN COMPUTER SYSTEMS INC,sm,sm-city-mindpro,SM City Mindpro,mindanao
lens crafter shop,THE LENS CRAFTER SHOP,sm,sm-city-cebu,SM City Cebu,visayas
lemon jar samgyeopsalemon,LEMON JAR SAMGYEOPSALEMON,sm,sm-city-olongapo-central,SM City Olongapo Central,north-luzon
lemon greens,LEMON GREENS,sm,sm-city-urdaneta-central,SM City Urdaneta Central,north-luzon
landbank,LANDBANK,sm,sm-city-sorsogon,SM City Sorsogon,south-luzon
lemeur,Lemeur,ortigas,greenhills,Greenhills,metro-manila
ledesma audiological center,LEDESMA AUDIOLOGICAL CENTER,sm,sm-city-davao,SM City Davao,mindanao
lee eun young nature care center,LEE EUN YOUNG NATURE CARE CENTER,sm,sm-lanang,SM Lanang,mindanao
lee wrangler us polo,LEE / WRANGLER / US POLO,araneta,farmers-plaza,Farmers Plaza,metro-manila
legrand,Legrand,ortigas,greenhills,Greenhills,metro-manila
leica,LEICA,ayala,ayala-greenbelt,Greenbelt,metro-manila
leisure hopper,Leisure Hopper,filinvest,fora,Fora Mall,south-luzon
lemon 101,LEMON 101,ayala,ayala-capitol-central,Ayala Malls Capitol Central,visayas
lemon express,Lemon Express,filinvest,festival-mall,Festival Mall,metro-manila
lemon blend,Lemon Blend 9959386824,robinsons,robinsons-santiago,Robinsons Place Santiago,north-luzon
lemon burst,Lemon Burst,robinsons,robinsons-tacloban,Robinsons Place Tacloban,visayas
lemon cali,LEMON CALI,sm,sm-city-batangas,SM City Batangas,south-luzon
lemon co juicery,THE LEMON CO JUICERY,sm,sm-jmall,SM J Mall,visayas
lemon dew,LEMON DEW,sm,sm-city-butuan,SM City Butuan,mindanao
lemon drop,LEMON DROP,robinsons,robinsons-tagum,Robinsons Place Tagum,mindanao
lenslab eyecare specialist,Lenslab EyeCare Specialist,robinsons,robinsons-galleria-cebu,Robinsons Galleria Cebu,visayas
leo dosirak,LEO DOSIRAK,sm,sm-city-trece-martires,SM City Trece Martires,south-luzon
leo pizza,LEO PIZZA,sm,sm-city-fairview,SM City Fairview,metro-manila
licanto takoyaki,LICANTO TAKOYAKI,robinsons,robinsons-imus,Robinsons Place Imus,south-luzon
li am dimsum,LI AM DIMSUM,robinsons,robinsons-gen-san,Robinsons Place GenSan,mindanao
li ning,LI-NING,ayala,ayala-glorietta,Glorietta,metro-manila
liam cars,Liam Cars,robinsons,robinsons-dasmarinas,Robinsons Place Dasmarinas,south-luzon
liams & louis gourmet,Liam's & Louis Gourmet,ortigas,the-strip,The Strip,metro-manila
liberty diamonds,Liberty Diamonds,waltermart,arayat,WalterMart Arayat,north-luzon
licanto food corner (,LICANTO FOOD CORNER (,robinsons,robinsons-imus,Robinsons Place Imus,south-luzon
liege manila,Liege Manila,filinvest,festival-mall,Festival Mall,metro-manila
leondell,LEONDELL,xentro,xentro-mall-cabagan,XentroMall Cabagan,north-luzon
liempao goto king tapa king bbq,LIEMPAO/GOTO KING/TAPA KING/ BBQ,xentro,xentro-mall-san-andres,XentroMall San Andres,metro-manila
life 4 cuts,LIFE 4 CUTS,robinsons,robinsons-santiago,Robinsons Place Santiago,north-luzon
life extension,LIFE EXTENSION,sm,sm-city-iloilo,SM City Iloilo,visayas
life extension by confluence health and wellness products,LIFE EXTENSION BY CONFLUENCE HEALTH AND WELLNESS PRODUCTS,sm,sm-city-bacolod,SM City Bacolod,visayas
life for cuts,LIFE FOR CUTS,robinsons,galleria-south,Robinsons Galleria South,south-luzon
life n arts,LIFE ‘N ARTS,ayala,ayala-solenad,Ayala Malls Nuvali,south-luzon
lhuillier,LHUILLIER,xentro,xentro-mall-cabagan,XentroMall Cabagan,north-luzon
lgd key shop,LGD KEY SHOP,robinsons,robinsons-tagum,Robinsons Place Tagum,mindanao
lg,LG,sm,sm-city-north-edsa,SM City North Edsa,metro-manila
lfafa massage chair,Lfafa Massage Chair,fishermall,malabon,Fisher Mall Malabon,metro-manila
lfafa enterprises,Lfafa Enterprises,robinsons,robinsons-ormoc,Robinsons Place Ormoc,visayas
lfafa enterprise (massage chairs),Lfafa Enterprise (Massage Chairs),robinsons,robinsons-valencia,Robinsons Place Valencia,mindanao
lfafa enterprise,LFAFA Enterprise,fishermall,quezonave,Fisher Mall Quezon Avenue,metro-manila
lfafa enteprise,Lfafa Enteprise,robinsons,robinsons-north-tacloban,Robinsons North Tacloban,visayas
leyte paperworld,LEYTE PAPERWORLD,sm,sm-savemore-tacloban,SM Savemore Tacloban,visayas
leysa,Leysa,filinvest,festival-mall,Festival Mall,metro-manila
leylams shawarma,Leylam's Shawarma,robinsons,robinsons-ilocos,Robinsons Place Ilocos,north-luzon
lexstar graphics arts,Lexstar Graphics Arts,filinvest,festival-mall,Festival Mall,metro-manila
levie lifestyle clinic,LEVIE LIFESTYLE CLINIC,sm,sm-southmall,SM Southmall,metro-manila
letterbee,LETTERBEE,sm,sm-city-consolacion,SM City Consolacion,visayas
lets face it going straight,LETS FACE IT GOING STRAIGHT,sm,sm-city-sucat,SM City Sucat,metro-manila
lessive laundromat,Lessive Laundromat,robinsons,robinsons-jaro,Robinsons Place Jaro,visayas
leonora p carreon,LEONORA P. CARREON,xentro,ab-central,Ab Central,metro-manila
lechoneria,Lechoneria,robinsons,robinsons-galleria-ortigas,Robinsons Galleria,metro-manila
lechon house,LECHON HOUSE,robinsons,robinsons-la-union,Robinsons Place La Union,north-luzon
lechon h,LECHON H,sm,sm-city-bacolod,SM City Bacolod,visayas
lasquite dental and medical clinic,LASQUITE DENTAL AND MEDICAL CLINIC,sm,sm-city-san-pablo,SM City San Pablo,south-luzon
laser madness,Laser Madness,filinvest,festival-mall,Festival Mall,metro-manila
laserase m d,Laserase M.D.,waltermart,malolos,WalterMart Malolos,north-luzon
laserase md,Laserase MD,robinsons,robinsons-malolos,Robinsons Place Malolos,north-luzon
lash lounge,LASH LOUNGE,robinsons,robinsons-north-tacloban,Robinsons North Tacloban,visayas
lashgasm,LASHGASM,sm,sm-jmall,SM J Mall,visayas
lashious,LASHIOUS,sm,sm-city-bacoor,SM City Bacoor,south-luzon
last scoop ice cream,LAST SCOOP ICE CREAM,sm,sm-city-pampanga,SM City Pampanga,north-luzon
lazboy,LAZBOY,ayala,ayala-manila-bay,Ayala Malls Manila Bay,metro-manila
laundry district,The Laundry District,megaworld,california-garden-square,California Garden Square,metro-manila
laundry room,THE LAUNDRY ROOM,sm,smdc-strip-at-grass,SMDC Strip at Grass,metro-manila
laundrybest,LAUNDRYBEST,sm,smdc-strip-at-sea,SMDC Strip at Sea,metro-manila
laundryhood,LAUNDRYHOOD,ayala,ayala-abreeza,Abreeza,mindanao
laxare nail & day spa,Laxare Nail & Day Spa,filinvest,festival-mall,Festival Mall,metro-manila
lay bare ((02) 8477 3532 0922 872 3648),LAY BARE ((02) 8477-3532 / 0922-872-3648),robinsons,robinsons-metro-east,Robinsons Metro East,metro-manila
las fresas,LAS FRESAS,robinsons,robinsons-palawan,Robinsons Place Palawan,south-luzon
larrazabal eye,LARRAZABAL EYE,sm,s-maison,S Maison,metro-manila
larichie pasalubong,Larichie Pasalubong,robinsons,robinsons-novaliches,Robinsons Novaliches,metro-manila
large screen format,LARGE SCREEN FORMAT,sm,sm-seaside-city-cebu,SM Seaside City Cebu,visayas
laragway,Laragway,filinvest,festival-mall,Festival Mall,metro-manila
1,1,robinsons,robinsons-manila,Robinsons Place Manila,metro-manila
lapilar jewellery,LAPILAR JEWELLERY,ayala,ayala-market-market,Market! Market!,metro-manila
lapids chicharon,LAPID'S CHICHARON,xentro,ab-central,Ab Central,metro-manila
lapid dental clinic,Lapid Dental Clinic,robinsons,robinsons-magnolia,Robinsons Magnolia,metro-manila
lao taipei,Lao Taipei,ortigas,greenhills,Greenhills,metro-manila
lanuza dental clinic,LANUZA DENTAL CLINIC,xentro,xentro-mall-roxas,XentroMall Roxas,north-luzon
landmark supermarket,Landmark Supermarket,filinvest,festival-mall,Festival Mall,metro-manila
landmark department store,Landmark Department Store,filinvest,festival-mall,Festival Mall,metro-manila
landmark banks,LANDMARK - BANKS,ayala,ayala-trinoma,Trinoma,metro-manila
landers,Landers,megaworld,uptown-parade,Uptown Parade,metro-manila
lander,Lander,ortigas,greenhills,Greenhills,metro-manila
landcell,Landcell,ortigas,greenhills,Greenhills,metro-manila
laybare plus,LAYBARE PLUS,robinsons,opus,Opus Mall,metro-manila
lazer arena,LAZER ARENA,sm,sm-mall-of-asia,SM Mall of Asia,metro-manila
lechon factory,LECHON FACTORY,starmall,alabang,Starmall Alabang,metro-manila
le vibe ph,LE VIBE PH,robinsons,robinsons-gapan,Robinsons Gapan,north-luzon
le katsu mnl street katsu,LE KATSU MNL STREET KATSU,sm,sm-cherry-antipolo,SM Center Antipolo Downtown,metro-manila
le petit bizu,Le Petit Bizu 9062284170,robinsons,robinsons-magnolia,Robinsons Magnolia,metro-manila
le petit bouquet manille,LE PETIT BOUQUET MANILLE,sm,sm-city-san-lazaro,SM City San Lazaro,metro-manila
le salon de coiffure,Le Salon De Coiffure,robinsons,robinsons-antique,Robinsons Place Antique,visayas
le temps,Le Temps,megaworld,newport-city,Newport City,metro-manila
le temps pandora,LE TEMPS PANDORA,sm,sm-mall-of-asia,SM Mall of Asia,metro-manila
lea salon,LEA Salon,megaworld,california-garden-square,California Garden Square,metro-manila
lazer musical instruments,LAZER MUSICAL INSTRUMENTS,ayala,ayala-market-market,Market! Market!,metro-manila
leap grip,Leap Grip,filinvest,festival-mall,Festival Mall,metro-manila
learning hub,Learning Hub,filinvest,festival-mall,Festival Mall,metro-manila
learning jungle,Learning Jungle,megaworld,forbes-town,Forbes Town,metro-manila
leaveland b club zar clothing collection,LEAVELAND/ B CLUB ZAR CLOTHING COLLECTION,xentro,montalban-town-center,Montalban Town Center,metro-manila
leaveland boutique mobile planet,Leaveland Boutique MOBILE PLANET,xentro,xentro-mall-calapan,XentroMall Calapan,south-luzon
lechon belly kitchen salo,Lechon Belly Kitchen/Salo,ortigas,greenhills,Greenhills,metro-manila
le katsu manila,LE KATSU MANILA,robinsons,robinsons-pangasinan,Robinsons Place Pangasinan,north-luzon
le dessert,Le Dessert,robinsons,robinsons-palawan,Robinsons Place Palawan,south-luzon
le derion flowers,LE DERION FLOWERS,sm,sm-city-iloilo,SM City Iloilo,visayas
le ching tea house,Le Ching Tea House,ortigas,greenhills,Greenhills,metro-manila
le cafe temporarily closed,LE CAFE TEMPORARILY CLOSED,robinsons,robinsons-valencia,Robinsons Place Valencia,mindanao
ldm driving institute inc,LDM DRIVING INSTITUTE INC.,robinsons,robinsons-novaliches,Robinsons Novaliches,metro-manila
ldm driving institute,LDM DRIVING INSTITUTE,sm,sm-city-north-edsa,SM City North Edsa,metro-manila
lca cellphone & accessories,LCA Cellphone & Accessories,robinsons,robinsons-gen-san,Robinsons Place GenSan,mindanao
lbc step up,LBC STEP UP,xentro,xentro-mall-lemery,XentroMall Lemery,south-luzon
lbc mr quickie,"LBC, MR. QUICKIE",xentro,xentro-mall-cabagan,XentroMall Cabagan,north-luzon
lbc jcm exhibit depot,LBC JCM Exhibit Depot,xentro,xentro-mall-calapan,XentroMall Calapan,south-luzon
lbc express just gift incorporated,LBC EXPRESS JUST GIFT INCORPORATED,xentro,tanay-town-center,Tanay Town Center,south-luzon
lbc express inc siopao house,"LBC EXPRESS, INC. SIOPAO HOUSE",xentro,montalban-town-center,Montalban Town Center,metro-manila
lbc express inc,"LBC Express, Inc.",robinsons,robinsons-cagayan-de-oro,Robinsons Cagayan de Oro,mindanao
lazy panda massage chair,LAZY PANDA MASSAGE CHAIR,robinsons,robinsons-cagayan-de-oro,Robinsons Cagayan de Oro,mindanao
lazerarena,LAZERARENA,sm,sm-megamall,SM Megamall,metro-manila
lazer xtreme,LAZER XTREME,ayala,ayala-market-market,Market! Market!,metro-manila
kitchen by the coffee bean & tea leaf,Kitchen by The Coffee Bean & Tea Leaf,megaworld,newport-city,Newport City,metro-manila
kit keeping it together,KIT - KEEPING IT TOGETHER,ayala,ayala-up-town-center,U. P. Town Center,metro-manila
kit,KIT,ortigas,estancia,Estancia,metro-manila
juan whey,Juan Whey,megaworld,lucky-chinatown-mall,Lucky Chinatown Mall,metro-manila
jrose fine jewelry,JROSE FINE JEWELRY,sm,sm-lanang,SM Lanang,mindanao
js diamond jewellery,JS DIAMOND JEWELLERY,sm,sm-city-dasmarinas,SM City Dasmariñas,south-luzon
jte health massage,JTE HEALTH MASSAGE,sm,sm-city-clark,SM City Clark,north-luzon
jtech cellphone,JTECH CELLPHONE,sm,sm-city-mindpro,SM City Mindpro,mindanao
jts manukan grille,JT'S MANUKAN GRILLE,ayala,ayala-solenad,Ayala Malls Nuvali,south-luzon
juan spa,JUAN SPA,xentro,montalban-town-center,Montalban Town Center,metro-manila
juana stick,Juana Stick,xentro,shopking,Shopking,metro-manila
jr techno stuff enterprise mini gem exhibit 6 ( between papa prints ),JR TECHNO STUFF ENTERPRISE MINI GEM EXHIBIT #6 ( BETWEEN PAPA PRINTS ),xentro,montalban-town-center,Montalban Town Center,metro-manila
juander buko,Juander Buko,robinsons,robinsons-novaliches,Robinsons Novaliches,metro-manila
juanitos buko station,Juanito’s Buko Station,filinvest,main-square,Main Square,south-luzon
jubilum cellphone repair hub,JUBILUM CELLPHONE REPAIR HUB,sm,sm-city-santa-rosa,SM City Santa Rosa,south-luzon
juddies bulalohan,JUDDIES BULALOHAN,sm,sm-city-sto-tomas,SM City Sto. Tomas,south-luzon
judes ticketing agency,JUDES TICKETING AGENCY,sm,sm-city-consolacion,SM City Consolacion,visayas
juevens,Jueven's,sm,sm-hypermarket-sucat-lopez,SM Hypermarket Sucat Lopez,metro-manila
jrm,JRM,robinsons,robinsons-dasmarinas,Robinsons Place Dasmarinas,south-luzon
jr jump,JR. JUMP,robinsons,robinsons-gapan,Robinsons Gapan,north-luzon
k&company,K&COMPANY,robinsons,opus,Opus Mall,metro-manila
jorainah footwear smart communications,JORAINAH FOOTWEAR SMART COMMUNICATIONS,xentro,montalban-town-center,Montalban Town Center,metro-manila
jonaina footwear skk mobile,JONAINA FOOTWEAR SKK Mobile,xentro,montalban-town-center,Montalban Town Center,metro-manila
joneco tech,Joneco Tech,filinvest,dumaguete,Filinvest Malls Dumaguete,visayas
joniels cake and pastries,JONIEL'S CAKE AND PASTRIES,robinsons,robinsons-tagum,Robinsons Place Tagum,mindanao
jonies,JONIE'S,ayala,ayala-center-cebu,Ayala Center Cebu,visayas
jons lechon house,jon's lechon house,robinsons,robinsons-imus,Robinsons Place Imus,south-luzon
jorainah footwear (dresses) rcbc,JORAINAH FOOTWEAR (Dresses) RCBC,xentro,montalban-town-center,Montalban Town Center,metro-manila
jories art gallery,JORIE'S ART GALLERY,ayala,ayala-market-market,Market! Market!,metro-manila
jpy juan,JPY Juan,robinsons,robinsons-naga,Robinsons Place Naga,south-luzon
jose filipino kitchen,JOSE FILIPINO KITCHEN,sm,sm-jmall,SM J Mall,visayas
joseph drugstore,JOSEPH DRUGSTORE,xentro,ilagan-city-mall-isabela,Ilagan City Mall Isabela,north-luzon
journey to australia,Journey to Australia,robinsons,robinsons-galleria-ortigas,Robinsons Galleria,metro-manila
joy bakes,Joy Bakes,robinsons,robinsons-magnolia,Robinsons Magnolia,metro-manila
joy juice,Joy Juice,megaworld,paseo-center,Paseo Center,metro-manila
jp sabater,Jp Sabater,filinvest,festival-mall,Festival Mall,metro-manila
juevens 3 season,Jueven's 3 Season (TEMPORARILY CLOSED),robinsons,robinsons-metro-east,Robinsons Metro East,metro-manila
juevens bibingka,JUEVENS BIBINGKA,robinsons,robinsons-novaliches,Robinsons Novaliches,metro-manila
juice boost,JUICE BOOST,sm,sm-city-cagayan-de-oro,SM City CDO Uptown,mindanao
k & co,K & CO,sm,s-maison,S Maison,metro-manila
justine eatery,Justine Eatery,robinsons,robinsons-novaliches,Robinsons Novaliches,metro-manila
justines world,JUSTINE'S WORLD,robinsons,robinsons-starmills,Robinsons Starmills,north-luzon
jveetech,JVEETECH,sm,sm-city-clark,SM City Clark,north-luzon
jvr,JVR,robinsons,robinsons-dasmarinas,Robinsons Place Dasmarinas,south-luzon
jwls n chrms,JWLS N CHRMS,robinsons,robinsons-novaliches,Robinsons Novaliches,metro-manila
jyusu,JYUSU 0907-654-1144,robinsons,robinsons-pangasinan,Robinsons Place Pangasinan,north-luzon
k & f accessories,K & F ACCESSORIES,robinsons,robinsons-valencia,Robinsons Place Valencia,mindanao
juice cubi,JUICE CUBI,sm,nu-mall-of-asia-building,NU MALL OF ASIA BUILDING,metro-manila
k beauty & skin clinic,K Beauty & Skin Clinic,robinsons,galleria-south,Robinsons Galleria South,south-luzon
k blossom beauty studio company,K BLOSSOM BEAUTY STUDIO COMPANY,sm,sm-city-olongapo-central,SM City Olongapo Central,north-luzon
k less baby needs 4less,K-Less Baby Needs 4Less,robinsons,robinsons-naga,Robinsons Place Naga,south-luzon
k po food mart,K-PO Food Mart,megaworld,eastwood-cyber-mall,Eastwood Cyber Mall,metro-manila
k s i,K S I,sm,sm-city-sta-mesa,SM City Sta. Mesa,metro-manila
k street ph,K-Street PH,robinsons,robinsons-imus,Robinsons Place Imus,south-luzon
justgold jewellery,JUSTGOLD JEWELLERY,sm,sm-city-bacolod,SM City Bacolod,visayas
just gifts,Just Gifts,robinsons,robinsons-novaliches,Robinsons Novaliches,metro-manila
just a minute,Just A Minute,robinsons,robinsons-jaro,Robinsons Place Jaro,visayas
jus jerrys,JUS JERRYS,sm,sm-center-imus,SM Center Imus,south-luzon
jure documentation and notarial services,Jure Documentation And Notarial Services,filinvest,main-square,Main Square,south-luzon
junliz,Junliz,robinsons,robinsons-novaliches,Robinsons Novaliches,metro-manila
june eatery,June Eatery,megaworld,forbes-town,Forbes Town,metro-manila
jump for joy,JUMP FOR JOY,ayala,ayala-the-district-imus,The District Imus,south-luzon
julshe cellphone accessories,JULSHE CELLPHONE ACCESSORIES,robinsons,robinsons-metro-east,Robinsons Metro East,metro-manila
julsche cellphone accessories,Julsche Cellphone Accessories,robinsons,robinsons-metro-east,Robinsons Metro East,metro-manila
julies food house,Julie's Food House,megaworld,mactan-newtown,Mactan Newtown,visayas
julien and jorel,Julien And Jorel,filinvest,festival-mall,Festival Mall,metro-manila
juliana,JULIANA,ayala,ayala-market-market,Market! Market!,metro-manila
julian eatery,Julian Eatery,robinsons,robinsons-tacloban,Robinsons Place Tacloban,visayas
jujuice fruity blendz fruit juice bar,JUJUICE FRUITY BLENDZ FRUIT JUICE BAR,robinsons,robinsons-ilocos,Robinsons Place Ilocos,north-luzon
juicy lemon,Juicy Lemon,robinsons,robinsons-santiago,Robinsons Place Santiago,north-luzon
juices shakes by thirsty,JUICES SHAKES BY THIRSTY,sm,sm-city-cebu,SM City Cebu,visayas
jonaina footwear dingding mobile,JONAINA FOOTWEAR Dingding Mobile,xentro,montalban-town-center,Montalban Town Center,metro-manila
jonaima footwear,Jonaima Footwear,robinsons,robinsons-novaliches,Robinsons Novaliches,metro-manila
jolyns enterprise,JOLYN'S ENTERPRISE (NEW),robinsons,robinsons-angeles,Robinsons Angeles,north-luzon
jipan cafe,Jipan Cafe,ortigas,estancia,Estancia,metro-manila
jieya & cos jewelry shop,Jieya & Co's Jewelry Shop,megaworld,southwoods-mall,Southwoods Mall,south-luzon
jig and josh imaging center,JIG AND JOSH IMAGING CENTER,xentro,morong-centerpoint,Morong Centerpoint,metro-manila
jigs & josh imaging center,JIGS & JOSH IMAGING CENTER,xentro,morong-centerpoint,Morong Centerpoint,metro-manila
jimmy choo,JIMMY CHOO,ayala,ayala-greenbelt,Greenbelt,metro-manila
jin ju k foods,Jin-Ju K Foods,robinsons,robinsons-tagum,Robinsons Place Tagum,mindanao
jipan,JIPAN,ayala,ayala-glorietta,Glorietta,metro-manila
jisu life,Jisu Life,filinvest,festival-mall,Festival Mall,metro-manila
jmags,Jmags,robinsons,robinsons-cybergate-cebu,Robinsons Cybergate Cebu,visayas
jiyu wellness,JIYU WELLNESS,sm,sm-city-fairview,SM City Fairview,metro-manila
jjampponggwan,JJAMPPONGGWAN,megaworld,venice-grand-canal-mall,Venice Grand Canal Mall,metro-manila
jjb hanns,JJB Hanns,robinsons,robinsons-novaliches,Robinsons Novaliches,metro-manila
jjcl drug testing,JJCL DRUG TESTING,sm,sm-city-manila,SM City Manila,metro-manila
jk grill unlimited k bbq,Jk Grill Unlimited K-bbq,filinvest,main-square,Main Square,south-luzon
jm peanut world,JM PEANUT WORLD,ayala,ayala-market-market,Market! Market!,metro-manila
jies temporarily closed,Jie's TEMPORARILY CLOSED,robinsons,robinsons-pangasinan,Robinsons Place Pangasinan,north-luzon
jiang nan hot pot,Jiang Nan Hot Pot,megaworld,paseo-center,Paseo Center,metro-manila
jian cellshop,JIAN CELLSHOP,robinsons,robinsons-valencia,Robinsons Place Valencia,mindanao
jian axel sisig station,JIAN AXEL SISIG STATION,robinsons,galleria-south,Robinsons Galleria South,south-luzon
jhs electric shop,JHS ELECTRIC SHOP,sm,sm-lanang,SM Lanang,mindanao
jh enterprises,JH ENTERPRISES,xentro,mall-of-the-valley,Mall Of The Valley,north-luzon
jgr drug testing and medical center,JGR Drug Testing And Medical Center,robinsons,robinsons-gen-san,Robinsons Place GenSan,mindanao
jgkb cellphone accessories,JGKB Cellphone Accessories,robinsons,robinsons-otis,Robinsons Otis,metro-manila
jf buchi bread,JF BUCHI BREAD,sm,sm-city-cauayan,SM City Cauayan,north-luzon
jezreel anonuevo,JEZREEL ANONUEVO,xentro,ab-central,Ab Central,metro-manila
jewels rtw extension,JEWELS RTW EXTENSION,xentro,xentro-mall-roxas,XentroMall Roxas,north-luzon
jewels rtw,JEWELS RTW,xentro,xentro-mall-roxas,XentroMall Roxas,north-luzon
jewels exhibit,JEWELS EXHIBIT,xentro,sta-ana-public-market,Sta Ana Public Market,metro-manila
jewels cotton candy,JEWEL'S COTTON CANDY,robinsons,robinsons-gen-san,Robinsons Place GenSan,mindanao
jewels collection,JEWELS COLLECTION,sm,sm-city-dasmarinas,SM City Dasmariñas,south-luzon
jewels by allison,JEWELS BY ALLISON,ayala,ayala-abreeza,Abreeza,mindanao
jewelrich princess toys and clothes,JEWELRICH PRINCESS TOYS AND CLOTHES,xentro,montalban-town-center,Montalban Town Center,metro-manila
jm shawarama,JM Shawarama,robinsons,robinsons-ormoc,Robinsons Place Ormoc,visayas
jmc personalized printing,Jmc Personalized Printing,filinvest,festival-mall,Festival Mall,metro-manila
jolos barbershop,Jolo's Barbershop,waltermart,muntinlupa,WalterMart Muntinlupa,metro-manila
johnica musical instruments,JOHNICA MUSICAL INSTRUMENTS (NEW),robinsons,robinsons-iloilo,Robinsons Place Iloilo,visayas
joeys restaurant cafe,JOEYS RESTAURANT CAFE,sm,sm-megacenter-cabanatuan,SM Megacenter Cabanatuan,north-luzon
johans pet hub,JOHAN’S PET HUB,ayala,ayala-the-district-dasmarinas,The District Dasmarinas,south-luzon
john & rj cellphone,John & RJ Cellphone,robinsons,robinsons-los-banos,Robinsons Town Mall Los Banos,south-luzon
john and mae key duplication,JOHN AND MAE KEY DUPLICATION,robinsons,robinsons-valencia,Robinsons Place Valencia,mindanao
john briann,John Briann,robinsons,robinsons-manila,Robinsons Place Manila,metro-manila
john carl com general merchandise ca exhibits ( property pro ),JOHN CARL COM GENERAL MERCHANDISE CA EXHIBITS ( PROPERTY PRO ),xentro,montalban-town-center,Montalban Town Center,metro-manila
johnnys pizza,JOHNNY'S PIZZA,sm,sm-city-bacolod,SM City Bacolod,visayas
jmg,JMG,megaworld,venice-grand-canal-mall,Venice Grand Canal Mall,metro-manila
johnri trading,Johnri Trading,fishermall,quezonave,Fisher Mall Quezon Avenue,metro-manila
johnsons fitness & wellness,Johnsons Fitness & Wellness,ortigas,estancia,Estancia,metro-manila
johnyee campsite,JOHNYEE CAMPSITE,ayala,ayala-feliz,Ayala Malls Feliz,metro-manila
jollibee auto sonix watch store,Jollibee Auto Sonix Watch Store,xentro,xentro-mall-calapan,XentroMall Calapan,south-luzon
jollibee mini gem exhibit (29),JOLLIBEE MINI GEM EXHIBIT (29),xentro,montalban-town-center,Montalban Town Center,metro-manila
jollibee stockroom,JOLLIBEE STOCKROOM,xentro,montalban-town-center,Montalban Town Center,metro-manila
joel yu,Joel Yu 0917-328-0823/0916-620-1271,robinsons,robinsons-cybergate-cebu,Robinsons Cybergate Cebu,visayas
jockey satellite,Jockey Satellite,filinvest,festival-mall,Festival Mall,metro-manila
joaqui and jacqui cellphone accessories repair,Joaqui and Jacqui Cellphone Accessories Repair,megaworld,festive-walk-mall-iloilo,Festive Walk Mall,visayas
joans jewelry shop,Joan's Jewelry Shop,robinsons,robinsons-tuguegarao,Robinsons Place Tuguegarao,north-luzon
joachims steamstick,JOACHIMS STEAMSTICK,sm,sm-city-roxas,SM City Roxas,visayas
jo frango piri piri,JO FRANGO PIRI PIRI,ayala,ayala-marquee,MarQuee Mall,north-luzon
jng mobile phone repair services,JNG MOBILE PHONE REPAIR SERVICES,sm,sm-city-batangas,SM City Batangas,south-luzon
jmy foreign exchange,JMY Foreign Exchange,robinsons,robinsons-tagaytay,Robinsons Tagaytay,south-luzon
jms watch repair,JMS WATCH REPAIR,sm,sm-city-dasmarinas,SM City Dasmariñas,south-luzon
jms watch accessories,JMS WATCH ACCESSORIES,sm,sm-city-dasmarinas,SM City Dasmariñas,south-luzon
jms music studio,Jms Music Studio,filinvest,fora,Fora Mall,south-luzon
jmoa,JMOA,ortigas,greenhills,Greenhills,metro-manila
jmn hobby shop,JMN Hobby Shop,fishermall,quezonave,Fisher Mall Quezon Avenue,metro-manila
jmj cellphone 1,JMJ CELLPHONE 1,xentro,xentro-mall-santiago,XentroMall Santiago,north-luzon
jmj (smell me),JMJ (Smell Me),robinsons,robinsons-jaro,Robinsons Place Jaro,visayas
jmj,JMJ,robinsons,robinsons-galleria-ortigas,Robinsons Galleria,metro-manila
jmg massage,JMG Massage,robinsons,robinsons-metro-east,Robinsons Metro East,metro-manila
k z one mobile gadgets repair & services,K.Z. One Mobile Gadgets Repair & Services,robinsons,robinsons-roxas,Robinsons Place Roxas,visayas
kaban,Kaban,robinsons,robinsons-dumaguete,Robinsons Place Dumaguete,visayas
kisan lu,KISAN LU,sm,sm-city-davao,SM City Davao,mindanao
kiddie patrol ride,KIDDIE PATROL RIDE,robinsons,robinsons-tuguegarao,Robinsons Place Tuguegarao,north-luzon
kid n around (balloon wheel),Kid n around (Balloon Wheel),robinsons,galleria-south,Robinsons Galleria South,south-luzon
kid zone,KID ZONE,ayala,ayala-abreeza,Abreeza,mindanao
kiddie animal ride,KIDDIE ANIMAL RIDE,robinsons,robinsons-tuguegarao,Robinsons Place Tuguegarao,north-luzon
kiddie carts,KIDDIE CARTS,sm,sm-city-general-santos,SM City General Santos,mindanao
kiddie club,Kiddie Club,megaworld,lucky-chinatown-mall,Lucky Chinatown Mall,metro-manila
kiddie funland,Kiddie Funland,robinsons,robinsons-tacloban,Robinsons Place Tacloban,visayas
kiddie ride,KIDDIE RIDE,robinsons,robinsons-ilocos,Robinsons Place Ilocos,north-luzon
kicks factory,KICKS FACTORY,ayala,ayala-centrio,Centrio Mall,mindanao
kiddie rides,KIDDIE RIDES,robinsons,robinsons-starmills,Robinsons Starmills,north-luzon
kiddie trampoline,KIDDIE TRAMPOLINE,xentro,xentro-mall-roxas,XentroMall Roxas,north-luzon
kiddies magic funplay,KIDDIES MAGIC FUNPLAY,sm,sm-city-fairview,SM City Fairview,metro-manila
kiddos playground,KIDDOS PLAYGROUND,robinsons,robinsons-ilocos,Robinsons Place Ilocos,north-luzon
kids at play,Kids at Play,robinsons,robinsons-antipolo,Robinsons Place Antipolo,metro-manila
kids at play kiddiezone,KIDS AT PLAY KIDDIEZONE,sm,sm-city-east-ortigas,SM City East Ortigas,metro-manila
kid n around,Kid n around,robinsons,galleria-south,Robinsons Galleria South,south-luzon
khun thai tea,KHUN THAI TEA,sm,sm-mall-of-asia,SM Mall of Asia,metro-manila
kadiwa public market,KADIWA PUBLIC MARKET,sm,sm-marketmall-dasmarinas,SM Marketmall Dasmarinas,south-luzon
keyphone cellphone and accessories shop,Keyphone Cellphone and Accessories Shop,robinsons,robinsons-starmills,Robinsons Starmills,north-luzon
kettle lorn,KETTLE LORN,robinsons,robinsons-tagum,Robinsons Place Tagum,mindanao
kevins toys and library,Kevin's Toys and Library,robinsons,robinsons-roxas,Robinsons Place Roxas,visayas
kevlo,KEVLO,ayala,ayala-malls-central-bloc,Ayala Malls Central Bloc,visayas
key cards,Key Cards,fishermall,quezonave,Fisher Mall Quezon Avenue,metro-manila
key coffee kissaten,KEY COFFEE KISSATEN,robinsons,opus,Opus Mall,metro-manila
key express,KEY EXPRESS,sm,sm-city-sta-mesa,SM City Sta. Mesa,metro-manila
keys roast firefly,KEYS ROAST FIREFLY,xentro,xentro-mall-lemery,XentroMall Lemery,south-luzon
khumbu enterprises inc,"KHUMBU ENTERPRISES, INC.",xentro,ab-central,Ab Central,metro-manila
keys unlimited and watch repair,KEYS UNLIMITED AND WATCH REPAIR,robinsons,robinsons-tuguegarao,Robinsons Place Tuguegarao,north-luzon
kg lcd and battery,Kg Lcd And Battery,filinvest,festival-mall,Festival Mall,metro-manila
khai asia pearl,Khai Asia Pearl,ortigas,greenhills,Greenhills,metro-manila
khay jewelry,Khay Jewelry,robinsons,robinsons-ilocos,Robinsons Place Ilocos,north-luzon
khay kiddie playhouse,KHAY KIDDIE PLAYHOUSE,robinsons,robinsons-ilocos,Robinsons Place Ilocos,north-luzon
khua thai,Khua Thai,filinvest,festival-mall,Festival Mall,metro-manila
kids ink,KIDS INK,ayala,ayala-trinoma,Trinoma,metro-manila
kids playtown,KIDS PLAYTOWN,robinsons,robinsons-tuguegarao,Robinsons Place Tuguegarao,north-luzon
kids venue art play center,KIDS VENUE ART PLAY CENTER,sm,sm-megacenter-cabanatuan,SM Megacenter Cabanatuan,north-luzon
kings road veterinary clinic,KING'S ROAD VETERINARY CLINIC,ayala,ayala-the-district-imus,The District Imus,south-luzon
king deli,KING DELI,ayala,ayala-cloverleaf,Ayala Malls Cloverleaf,metro-manila
king kabab shawarma,KING KABAB SHAWARMA,xentro,xentro-mall-calapan,XentroMall Calapan,south-luzon
king kababs shawarma,KING KABAB'S SHAWARMA,xentro,xentro-mall-san-andres,XentroMall San Andres,metro-manila
kings chicharon,KING'S CHICHARON,robinsons,robinsons-palawan,Robinsons Place Palawan,south-luzon
kings cup blends,King's Cup Blends,robinsons,robinsons-gentrias,Robinsons Place Gen. Trias,south-luzon
kings pasalubong,KING'S PASALUBONG,robinsons,robinsons-palawan,Robinsons Place Palawan,south-luzon
kingsmen,Kingsmen,filinvest,festival-mall,Festival Mall,metro-manila
kidsneyland play center,KIDSNEYLAND PLAY CENTER,ayala,ayala-marikina,Ayala Malls Marikina,metro-manila
kingsmen bespoke,KINGSMEN BESPOKE,sm,the-podium,The Podium,metro-manila
kio sk,KIO SK,robinsons,robinsons-pagadian,Robinsons Pagadian,mindanao
kipps chicken,KIPPS CHICKEN,sm,sm-southmall,SM Southmall,metro-manila
kirby telecom,KIRBY TELECOM,xentro,sta-ana-public-market,Sta Ana Public Market,metro-manila
kirks house of desserts,KIRKS HOUSE OF DESSERTS,sm,sm-city-butuan,SM City Butuan,mindanao
kirmz b hub,Kirm'Z B Hub,waltermart,candelaria,WalterMart Candelaria,south-luzon
king chefs seafood restaurant,King Chef's Seafood Restaurant,megaworld,lucky-chinatown-mall,Lucky Chinatown Mall,metro-manila
king bee,KING BEE,sm,sm-city-masinag,SM City Masinag,metro-manila
kinder space playgroup tutorial center,KINDER SPACE PLAYGROUP TUTORIAL CENTER,sm,smdc-strip-at-grass,SMDC Strip at Grass,metro-manila
kinder space,Kinder Space,megaworld,san-lorenzo-place-mall,San Lorenzo Place Mall,metro-manila
kimseamixx food haus,KIMSEAMIXX FOOD HAUS,sm,sm-city-manila,SM City Manila,metro-manila
kims silver,KIM'S SILVER,xentro,xentro-mall-lemery,XentroMall Lemery,south-luzon
kimizia,KIMIZIA,robinsons,robinsons-novaliches,Robinsons Novaliches,metro-manila
kimi,KIMI,ayala,ayala-market-market,Market! Market!,metro-manila
kimbap & bulgogi,KIMBAP & BULGOGI,ayala,ayala-market-market,Market! Market!,metro-manila
kimbap,KImbap,robinsons,robinsons-dasmarinas,Robinsons Place Dasmarinas,south-luzon
kim alvin petshop,Kim Alvin Petshop,ortigas,tiendesitas,Tiendesitas,metro-manila
kilometer five car care center,KILOMETER FIVE CAR CARE CENTER,ayala,ayala-pavilion,Pavilion Mall,south-luzon
kikai hair salon,KIKAI HAIR SALON,sm,sm-center-lemery,SM Center Lemery,south-luzon
kidzia kiddie playground,KIDZIA KIDDIE PLAYGROUND,sm,sm-city-san-fernando-downtown,SM City San Fernando Downtown,north-luzon
kidz play,KIDZ@PLAY,robinsons,robinsons-santiago,Robinsons Place Santiago,north-luzon
kidvincible theraphy and learning center,Kidvincible Theraphy And Learning Center,filinvest,main-square,Main Square,south-luzon
kidventure,Kidventure,ortigas,estancia,Estancia,metro-manila
kettle korn pop n mix,KETTLE KORN POP N MIX,sm,sm-mall-of-asia,SM Mall of Asia,metro-manila
kettle,Kettle,ortigas,greenhills,Greenhills,metro-manila
kessel lutong bahay,Kessel Lutong Bahay,filinvest,main-square,Main Square,south-luzon
kao day & night club,KAO Day & Night Club,megaworld,newport-city,Newport City,metro-manila
kamir,KAMIR,sm,sm-city-clark,SM City Clark,north-luzon
kamote ni juan,Kamote ni Juan,robinsons,robinsons-galleria-ortigas,Robinsons Galleria,metro-manila
kanegosyo center by cebuana lhuillier,KANEGOSYO CENTER BY CEBUANA LHUILLIER,sm,sm-cherry-antipolo,SM Center Antipolo Downtown,metro-manila
kang ho dong 678,KANG HO-DONG 678,sm,sm-by-the-bay,SM By the Bay,metro-manila
kangkong chips original,KANGKONG CHIPS ORIGINAL,sm,sm-center-las-pinas,SM Center Las Piñas,metro-manila
kanlungan cafe,KANLUNGAN CAFE,sm,sm-city-trece-martires,SM City Trece Martires,south-luzon
kape ilokano,KAPE ILOKANO,sm,smdc-strip-at-trees,SMDC Strip at Trees,metro-manila
karuizawa shirt,KARUIZAWA SHIRT,ayala,ayala-one-bonifacio-high-street,One Bonifacio High Street,metro-manila
kape pot,KAPE POT,sm,sm-city-pampanga,SM City Pampanga,north-luzon
kappu poteto,KAPPU POTET’O,sm,sm-city-trece-martires,SM City Trece Martires,south-luzon
karat gold,KARAT GOLD,sm,sm-megamall,SM Megamall,metro-manila
karayama,KARAYAMA,sm,sm-city-north-edsa,SM City North Edsa,metro-manila
kardmoto,KARDMOTO,sm,sm-city-marilao,SM City Marilao,north-luzon
karels canes,KARELS CANES,xentro,xentro-mall-cabagan,XentroMall Cabagan,north-luzon
kamina boutique,Kamina Boutique,robinsons,robinsons-dasmarinas,Robinsons Place Dasmarinas,south-luzon
kambal pandesal,KAMBAL PANDESAL,sm,smdc-strip-at-sea,SMDC Strip at Sea,metro-manila
kakka dairy bar,KAKKA DAIRY BAR,ayala,ayala-center-cebu,Ayala Center Cebu,visayas
kakao optical,KAKAO OPTICAL,sm,sm-city-fairview,SM City Fairview,metro-manila
kakaninja,KAKANINJA,sm,sm-city-tuguegarao,SM City Tuguegarao,north-luzon
kakanin ni jillian,KAKANIN NI JILLIAN,robinsons,robinsons-palawan,Robinsons Place Palawan,south-luzon
kaizen exhibit,KAIZEN EXHIBIT,robinsons,robinsons-metro-east,Robinsons Metro East,metro-manila
kaizen (exhibit),KAIZEN (Exhibit),robinsons,robinsons-metro-east,Robinsons Metro East,metro-manila
kaitenyaki japanese dessert,KAITENYAKI JAPANESE DESSERT,robinsons,robinsons-las-pinas,Robinsons Place Las Pinas,metro-manila
kaitenyaki,KAITENYAKI,sm,sm-city-sucat,SM City Sucat,metro-manila
kaiser medical clinic,Kaiser Medical Clinic,robinsons,robinsons-manila,Robinsons Place Manila,metro-manila
kain,KAIN,robinsons,robinsons-manila,Robinsons Place Manila,metro-manila
kaila bags ( double happiness ent ) ca exhibits ( property pro ),KAILA BAGS ( DOUBLE HAPPINESS ENT. ) CA EXHIBITS ( PROPERTY PRO ),xentro,montalban-town-center,Montalban Town Center,metro-manila
kai neo restaurant,KAI NEO RESTAURANT,ayala,ayala-greenbelt,Greenbelt,metro-manila
kai coffee,KAI COFFEE,robinsons,robinsons-pagadian,Robinsons Pagadian,mindanao
kaffa haus,The Kaffa Haus,robinsons,robinsons-roxas,Robinsons Place Roxas,visayas
kadlagan climbing equipment,KADLAGAN CLIMBING EQUIPMENT,sm,sm-city-naga,SM City Naga,south-luzon
karen and jay cellphone and accessories,KAREN AND JAY CELLPHONE AND ACCESSORIES,robinsons,robinsons-tagum,Robinsons Place Tagum,mindanao
kata dental center matheaus food stall bentelog,KATA DENTAL CENTER MATHEAU’S FOOD STALL/ BENTELOG,xentro,tanay-town-center,Tanay Town Center,south-luzon
kerastase prestige salon,KERASTASE PRESTIGE SALON,sm,sm-aura,SM Aura,metro-manila
kenny rogers (02),Kenny Rogers (02) 8961-5773 / 09175966342,robinsons,robinsons-magnolia,Robinsons Magnolia,metro-manila
keneth gold & silver jewelry store yaacob masigay cp,KENETH GOLD & SILVER JEWELRY STORE YAACOB MASIGAY CP,xentro,tanay-town-center,Tanay Town Center,south-luzon
kenjies takoyaki,KENJIE'S TAKOYAKI,robinsons,robinsons-santiago,Robinsons Place Santiago,north-luzon
kenko naicha tea lounge,KENKO NAICHA TEA LOUNGE,ayala,ayala-centrio,Centrio Mall,mindanao
kenneth cole,KENNETH COLE,sm,sm-mall-of-asia,SM Mall of Asia,metro-manila
kenneth gold bainor slippers,KENNETH GOLD BAINOR SLIPPERS,xentro,montalban-town-center,Montalban Town Center,metro-manila
kennny rogers,KENNNY ROGERS,robinsons,robinsons-pagadian,Robinsons Pagadian,mindanao
kenshayne food cart,Kenshayne Food Cart,robinsons,robinsons-pavia,Robinsons Place Pavia,visayas
katamino (teezone) express repair (m lazo cellphone accessories and repair clinic),KATAMINO (TEEZONE) EXPRESS REPAIR (M. Lazo Cellphone Accessories and Repair Clinic),xentro,xentro-mall-lemery,XentroMall Lemery,south-luzon
kenshin,KENSHIN,sm,smdc-light-mall,SMDC Light Mall,metro-manila
kenshin japanese izakaya restaurant,KENSHIN JAPANESE IZAKAYA RESTAURANT,sm,sm-southmall,SM Southmall,metro-manila
kentucky fried chicken (kfc),Kentucky Fried Chicken (kfc),filinvest,festival-mall,Festival Mall,metro-manila
kenzo,KENZO,ayala,ayala-greenbelt,Greenbelt,metro-manila
keopi,KEOPI,robinsons,robinsons-pagadian,Robinsons Pagadian,mindanao
keralty tophealth,KERALTY TOPHEALTH,sm,sm-city-san-lazaro,SM City San Lazaro,metro-manila
kenangan coffee,KENANGAN COFFEE,sm,sm-city-east-ortigas,SM City East Ortigas,metro-manila
kemans,Keman's,robinsons,robinsons-tagum,Robinsons Place Tagum,mindanao
kelseys cafe & restaurant,Kelsey's Cafe & Restaurant,robinsons,robinsons-iligan,Robinsons Place Iligan,mindanao
kellie trinket,KELLIE TRINKET,waltermart,taytay,WalterMart Taytay,metro-manila
kebabulous,KEBABULOUS,sm,sm-cdo-downtown,SM CDO Downtown Premier,mindanao
kct shop,KCT Shop,megaworld,southwoods-mall,Southwoods Mall,south-luzon
kcp pizza,KCP PIZZA,sm,sm-by-the-bay,SM By the Bay,metro-manila
kc kiddie carts,KC KIDDIE CARTS,sm,sm-city-pampanga,SM City Pampanga,north-luzon
kazemi skin face body,KAZEMI SKIN.FACE.BODY,ayala,ayala-glorietta,Glorietta,metro-manila
kaysan bar & restaurant,KAYSAN BAR & RESTAURANT 0905 420 2668,robinsons,robinsons-sta-rosa,Robinsons Sta. Rosa,south-luzon
kaya restaurant,KAYA RESTAURANT,ayala,ayala-glorietta,Glorietta,metro-manila
kaya korean restaurant,Kaya Korean Restaurant,robinsons,robinsons-magnolia,Robinsons Magnolia,metro-manila
kawaiice,KAWAIICE,robinsons,robinsons-galleria-ortigas,Robinsons Galleria,metro-manila
kawai fashion eye wear center bainor cellphone repair and gadget,KAWAI FASHION EYE WEAR CENTER BAINOR CELLPHONE REPAIR AND GADGET,xentro,montalban-town-center,Montalban Town Center,metro-manila
kawa ramen,Kawa Ramen,megaworld,venice-grand-canal-mall,Venice Grand Canal Mall,metro-manila
katrina,Katrina,ortigas,greenhills,Greenhills,metro-manila
kate spade,KATE SPADE,ayala,ayala-greenbelt,Greenbelt,metro-manila
lifecycle,Lifecycle,ortigas,greenhills,Greenhills,metro-manila
lilorbits mini donuts,Lil'Orbits Mini-Donuts,robinsons,robinsons-iligan,Robinsons Place Iligan,mindanao
jewelholic,Jewelholic,filinvest,festival-mall,Festival Mall,metro-manila
mc donalds dessert kiosk funhouses corporation 2,MC DONALD'S DESSERT KIOSK FUNHOUSES CORPORATION 2,xentro,tanay-town-center,Tanay Town Center,south-luzon
mazza,Mazza,megaworld,eastwood-city-walk,Eastwood City Walk,metro-manila
mb life,MB Life,megaworld,lucky-chinatown-prosperity-wing,Lucky Chinatown - Prosperity Wing,metro-manila
mb petgrooming pet shop,MB PETGROOMING PET SHOP,robinsons,robinsons-novaliches,Robinsons Novaliches,metro-manila
mbt fashion,MBT Fashion,robinsons,robinsons-ilocos,Robinsons Place Ilocos,north-luzon
mc donalds 2nd flr,MC DONALDS 2nd flr,xentro,xentro-mall-santiago,XentroMall Santiago,north-luzon
mc donalds blue point,MC DONALDS BLUE POINT,xentro,xentro-mall-lemery,XentroMall Lemery,south-luzon
mc donalds dessert station,Mc Donald's Dessert Station,fishermall,quezonave,Fisher Mall Quezon Avenue,metro-manila
mayongs bakeshop snackhouse,MAYONGS BAKESHOP SNACKHOUSE,sm,sm-center-ormoc,SM Center Ormoc,visayas
mc donalds kiosk,MC DONALDS KIOSK,xentro,xentro-mall-santiago,XentroMall Santiago,north-luzon
mc home depot,MC Home Depot,megaworld,uptown-parade,Uptown Parade,metro-manila
mc money changer,MC Money Changer,robinsons,robinsons-fuente,Robinsons Fuente,visayas
mc sports,MC SPORTS,sm,sm-city-tuguegarao,SM City Tuguegarao,north-luzon
mccoys pizza house,MCCOY'S PIZZA HOUSE,sm,sm-city-puerto-princesa,SM City Puerto Princesa,south-luzon
mcdonalds dessert and fries center,MCDONALDS DESSERT AND FRIES CENTER,starmall,san-jose-del-monte,Starmall San Jose del Monte,north-luzon
maytech,Maytech,filinvest,festival-mall,Festival Mall,metro-manila
mayongs bakeshop & snackhouse,Mayong's Bakeshop & Snackhouse,robinsons,robinsons-ormoc,Robinsons Place Ormoc,visayas
mats donut,MAT'S DONUT,sm,sm-center-pulilan,SM Center Pulilan,north-luzon
max wax,Max Wax,robinsons,robinsons-magnolia,Robinsons Magnolia,metro-manila
mauarte fashion accessories shop,MAUARTE FASHION ACCESSORIES SHOP,fishermall,malabon,Fisher Mall Malabon,metro-manila
maurizios,MAURIZIOS,sm,sm-city-mindpro,SM City Mindpro,mindanao
mauros grille restaurant,MAURO'S GRILLE RESTAURANT,sm,sm-city-fairview,SM City Fairview,metro-manila
max mara,MAX MARA,ayala,ayala-greenbelt,Greenbelt,metro-manila
max n case,Max n Case,robinsons,robinsons-valencia,Robinsons Place Valencia,mindanao
max rider,MAX RIDER,sm,sm-seaside-city-cebu,SM Seaside City Cebu,visayas
maxi care,MAXI CARE,robinsons,galleria-south,Robinsons Galleria South,south-luzon
mayon clinical laboratory medical services,MAYON CLINICAL LABORATORY MEDICAL SERVICES,sm,smdc-mplace-mall,SMDC Mplace Mall,metro-manila
maxicare ((02) 7798 7739),MAXICARE ((02) 7798-7739),robinsons,robinsons-metro-east,Robinsons Metro East,metro-manila
maxicare primary care center,Maxicare Primary Care Center 0917-848-6366,robinsons,robinsons-cybergate-cebu,Robinsons Cybergate Cebu,visayas
maxicollector,Maxicollector,ortigas,greenhills,Greenhills,metro-manila
maximum power smile dental,Maximum Power Smile Dental,robinsons,robinsons-galleria-ortigas,Robinsons Galleria,metro-manila
maxs chicken,Max's Chicken,robinsons,robinsons-valencia,Robinsons Place Valencia,mindanao
mayet dela rosa jewelry,Mayet Dela Rosa Jewelry,robinsons,robinsons-starmills,Robinsons Starmills,north-luzon
mcdonalds dessert center and fries,MCDONALDS DESSERT CENTER AND FRIES,sm,sm-mall-of-asia,SM Mall of Asia,metro-manila
mcdonalds dessert counter,McDonald's Dessert Counter,megaworld,lucky-chinatown-prosperity-wing,Lucky Chinatown - Prosperity Wing,metro-manila
mcdonalds drive thru,MCDONALD'S DRIVE THRU,robinsons,robinsons-novaliches,Robinsons Novaliches,metro-manila
media central,MEDIA CENTRAL,sm,sm-city-tarlac,SM City Tarlac,north-luzon
meat me,Meat Me,megaworld,arcovia-city,Arcovia City,metro-manila
meatogether,Meatogether 0917-657-4888,robinsons,robinsons-magnolia,Robinsons Magnolia,metro-manila
meatogether by tong yang,MEATOGETHER BY TONG YANG,sm,smdc-jazz-mall,SMDC Jazz Mall,metro-manila
meatsumo,MEATSUMO,sm,sm-city-valenzuela,SM City Valenzuela,metro-manila
medexcel healthcare,Medexcel Healthcare,robinsons,robinsons-malabon,Robinsons Town Mall Malabon,metro-manila
media box,MEDIA BOX,sm,sm-city-north-edsa,SM City North Edsa,metro-manila
mediaprint,Mediaprint,megaworld,venice-grand-canal-mall,Venice Grand Canal Mall,metro-manila
mcdonalds fries and sundae stand,Mcdonald's Fries and Sundae Stand,robinsons,robinsons-dasmarinas,Robinsons Place Dasmarinas,south-luzon
medicard clinic,Medicard Clinic,megaworld,festive-walk-parade,Festive Walk Parade,visayas
medicard lifestyle center,Medicard Lifestyle Center,megaworld,uptown-mall,Uptown Mall,metro-manila
medico global,Medico Global,ortigas,greenhills,Greenhills,metro-manila
medispa,MEDISPA,sm,sm-city-mindpro,SM City Mindpro,mindanao
medley modern mediterranean,MEDLEY MODERN MEDITERRANEAN,ayala,ayala-bonifacio-high-street,Bonifacio High Street,metro-manila
meet your ribs,MEET YOUR RIBS,sm,sm-city-olongapo-central,SM City Olongapo Central,north-luzon
meat depot,MEAT DEPOT,ayala,ayala-vertis,Ayala Malls Vertis North,metro-manila
me&u,ME&U,robinsons,robinsons-manila,Robinsons Place Manila,metro-manila
me u gift shop,ME U GIFT SHOP,sm,sm-city-cebu,SM City Cebu,visayas
me mobile stop and shop trading co,ME MOBILE STOP AND SHOP TRADING CO.,araneta,ali-mall,Ali Mall,metro-manila
me & my mom,Me & My Mom,robinsons,robinsons-tuguegarao,Robinsons Place Tuguegarao,north-luzon
mds consulting,MDS Consulting,robinsons,robinsons-dasmarinas,Robinsons Place Dasmarinas,south-luzon
mdm cellphone and accessories shop,MDM CELLPHONE AND ACCESSORIES SHOP,robinsons,robinsons-novaliches,Robinsons Novaliches,metro-manila
mda scent station,MDA SCENT STATION,sm,sm-city-north-edsa,SM City North Edsa,metro-manila
md glow aesthetic and wellness clinic,MD GLOW AESTHETIC AND WELLNESS CLINIC,sm,sm-city-laoag,SM City Laoag,north-luzon
md aesthetique,MD Aesthetique,ortigas,estancia,Estancia,metro-manila
mcs boutique,MC's Boutique,robinsons,robinsons-novaliches,Robinsons Novaliches,metro-manila
mcr dental,MCR Dental,megaworld,california-garden-square,California Garden Square,metro-manila
mcm salon,MCM SALON,sm,sm-city-cagayan-de-oro,SM City CDO Uptown,mindanao
mcl cebu dental wellness centre,MCL-Cebu Dental Wellness Centre 0933-200-7932,robinsons,robinsons-cybergate-cebu,Robinsons Cybergate Cebu,visayas
mckinley whisky park,McKinley Whisky Park,megaworld,mckinley-west,McKinley West,metro-manila
mcjim leather gallery,McJim Leather Gallery,robinsons,robinsons-manila,Robinsons Place Manila,metro-manila
mcjim,Mcjim,robinsons,robinsons-magnolia,Robinsons Magnolia,metro-manila
matt health and beauty shop,MATT HEALTH AND BEAUTY SHOP,xentro,balagtas-town-center,Balagtas Town Center,north-luzon
mathilda,MATHILDA,xentro,xentro-mall-santiago,XentroMall Santiago,north-luzon
lils hobby center,LIL'S HOBBY CENTER,ayala,ayala-glorietta,Glorietta,metro-manila
marizzang,MariZzang,megaworld,uptown-mall,Uptown Mall,metro-manila
margots luxury boutique,Margot's Luxury Boutique,ortigas,greenhills,Greenhills,metro-manila
mariae souvenir and novelty shop,MARIAE SOUVENIR AND NOVELTY SHOP,sm,sm-city-naga,SM City Naga,south-luzon
marianas nails & lashes,MARIANA'S NAILS & LASHES (new),robinsons,robinsons-palawan,Robinsons Place Palawan,south-luzon
marie flower shop,MARIE FLOWER SHOP,sm,sm-city-naga,SM City Naga,south-luzon
marie t jose dental clinic,MARIE T JOSE DENTAL CLINIC,sm,sm-city-baguio,SM City Baguio,north-luzon
marina tuna,MARINA TUNA,sm,sm-lanang,SM Lanang,mindanao
marked unlock,Marked Unlock,waltermart,paniqui,WalterMart Paniqui,north-luzon
margarette delicacies,MARGARETTE DELICACIES,xentro,xentro-mall-san-andres,XentroMall San Andres,metro-manila
market finds,MARKET FINDS,ayala,ayala-marikina,Ayala Malls Marikina,metro-manila
market square,MARKET SQUARE,ayala,ayala-market-market,Market! Market!,metro-manila
markline,Markline,filinvest,festival-mall,Festival Mall,metro-manila
marks pepper meal,MARKS PEPPER MEAL,sm,sm-city-consolacion,SM City Consolacion,visayas
marlea dental clinic,MARLEA DENTAL CLINIC,sm,sm-city-santa-rosa,SM City Santa Rosa,south-luzon
marlons creations salon,MARLONS CREATIONS SALON,ayala,ayala-abreeza,Abreeza,mindanao
margies kitchen,MARGIES KITCHEN,sm,sm-city-butuan,SM City Butuan,mindanao
margans news & magazines,MARGAN'S NEWS & MAGAZINES,ayala,ayala-abreeza,Abreeza,mindanao
mathe magis,Mathe Magis,ortigas,greenhills,Greenhills,metro-manila
marc by marc jacob,MARC BY MARC JACOB,ayala,ayala-greenbelt,Greenbelt,metro-manila
many unlimited topokki buffet,MANY UNLIMITED TOPOKKI BUFFET,sm,sm-city-north-edsa,SM City North Edsa,metro-manila
mapua malayan digital college,MAPUA-MALAYAN DIGITAL COLLEGE,ayala,ayala-capitol-central,Ayala Malls Capitol Central,visayas
maq barbershop,MAQ BARBERSHOP,sm,sm-city-iloilo,SM City Iloilo,visayas
mar fashion accessories,MAR FASHION ACCESSORIES,araneta,farmers-plaza,Farmers Plaza,metro-manila
mar sizzling hub,Mar Sizzling Hub,robinsons,robinsons-imus,Robinsons Place Imus,south-luzon
marc ann fashion collection,Marc Ann Fashion Collection,araneta,farmers-plaza,Farmers Plaza,metro-manila
marc santos,MARC SANTOS,xentro,ab-central,Ab Central,metro-manila
mardoneys,MARDONEYS,sm,sm-city-cagayan-de-oro,SM City CDO Uptown,mindanao
marcella myx,MARCELLA MYX,ayala,ayala-feliz,Ayala Malls Feliz,metro-manila
marcianas palabok supreme and puto pandan,MARCIANAS PALABOK SUPREME AND PUTO PANDAN,sm,sm-city-fairview,SM City Fairview,metro-manila
marco pollo cafe,Marco Pollo Cafe,robinsons,robinsons-north-tacloban,Robinsons North Tacloban,visayas
marcos lugawan,MARCO'S LUGAWAN,sm,sm-center-pulilan,SM Center Pulilan,north-luzon
marcus pizza,MARCUS PIZZA,robinsons,robinsons-novaliches,Robinsons Novaliches,metro-manila
mardesh,MARDESH,robinsons,robinsons-gen-san,Robinsons Place GenSan,mindanao
marlyn verdad accessories (9 20) ca exhibits ( property pro ),Marlyn Verdad accessories (9.20) CA EXHIBITS ( PROPERTY PRO ),xentro,montalban-town-center,Montalban Town Center,metro-manila
marmon,Marmon,robinsons,robinsons-novaliches,Robinsons Novaliches,metro-manila
marquins,MARQUINS,araneta,ali-mall,Ali Mall,metro-manila
master soimai,Master Soimai,robinsons,robinsons-naga,Robinsons Place Naga,south-luzon
masskara chicken inasal,Masskara Chicken Inasal,megaworld,festive-walk-mall-iloilo,Festive Walk Mall,visayas
master feng shui ang,MASTER FENG SHUI ANG,araneta,ali-mall,Ali Mall,metro-manila
master gawlu,Master Gawlu,robinsons,robinsons-malabon,Robinsons Town Mall Malabon,metro-manila
master siomai ( 6332),MASTER SIOMAI (+6332) 505-2384,robinsons,robinsons-cybergate-cebu,Robinsons Cybergate Cebu,visayas
master siomai (1f),MASTER SIOMAI (1F),fishermall,malabon,Fisher Mall Malabon,metro-manila
master siomai mister donut,MASTER SIOMAI Mister Donut,xentro,montalban-town-center,Montalban Town Center,metro-manila
master tan fried chicken,Master Tan Fried Chicken,megaworld,lucky-chinatown-imperial-wing,Lucky Chinatown - Imperial Wing,metro-manila
marry me,MARRY ME,ayala,ayala-market-market,Market! Market!,metro-manila
masters key retail opc,MASTERS KEY RETAIL OPC,sm,sm-city-rosario,SM City Rosario,south-luzon
masy,MASY,robinsons,robinsons-novaliches,Robinsons Novaliches,metro-manila
matcha mama,Matcha Mama,ortigas,greenhills,Greenhills,metro-manila
matcha super,Matcha Super,ortigas,greenhills,Greenhills,metro-manila
matchadachi,Matchadachi,robinsons,robinsons-malolos,Robinsons Place Malolos,north-luzon
matees soft serve ice cream & frozen yogurt,MATEE'S SOFT SERVE ICE CREAM & FROZEN YOGURT,robinsons,robinsons-lipa,Robinsons Place Lipa,south-luzon
massimo dutti,MASSIMO DUTTI,ayala,ayala-greenbelt,Greenbelt,metro-manila
massage venue,MASSAGE VENUE,ayala,ayala-market-market,Market! Market!,metro-manila
massage to go,MASSAGE TO GO,robinsons,robinsons-tuguegarao,Robinsons Place Tuguegarao,north-luzon
masil charcoal grill restaurant,MASIL CHARCOAL GRILL RESTAURANT,sm,sm-megamall,SM Megamall,metro-manila
mascot pets,MASCOT PETS,sm,sm-city-cebu,SM City Cebu,visayas
masatami shave ice,MASATAMI SHAVE ICE,sm,sm-mall-of-asia,SM Mall of Asia,metro-manila
masa food corner,MASA FOOD CORNER 9482764228,robinsons,robinsons-butuan,Robinsons Place Butuan,mindanao
marys gift collection,MARY'S GIFT COLLECTION,ayala,ayala-market-market,Market! Market!,metro-manila
maryans photocopier,Maryan's Photocopier,robinsons,robinsons-galleria-cebu,Robinsons Galleria Cebu,visayas
mary pauline,Mary Pauline,robinsons,robinsons-dasmarinas,Robinsons Place Dasmarinas,south-luzon
marwhel,Marwhel,robinsons,robinsons-malabon,Robinsons Town Mall Malabon,metro-manila
marugo takoyaki,MARUGO TAKOYAKI,robinsons,robinsons-tuguegarao,Robinsons Place Tuguegarao,north-luzon
maruca,Maruca,megaworld,newport-city,Newport City,metro-manila
martines churros corner toyota caravan,Martine's Churros Corner Toyota Caravan,xentro,xentro-mall-calapan,XentroMall Calapan,south-luzon
martabak cafe,MARTABAK CAFE,sm,sm-mall-of-asia,SM Mall of Asia,metro-manila
mart,The Mart,megaworld,mactan-newtown,Mactan Newtown,visayas
marshall driving school,MARSHALL DRIVING SCHOOL,sm,sm-city-trece-martires,SM City Trece Martires,south-luzon
meetrovi,MEETROVI,sm,sm-city-general-santos,SM City General Santos,mindanao
meg,Meg,ortigas,greenhills,Greenhills,metro-manila
mega cellular,MEGA CELLULAR,ayala,ayala-market-market,Market! Market!,metro-manila
miles cartruck,Miles Cartruck,robinsons,robinsons-lipa,Robinsons Place Lipa,south-luzon
mikhada takoyaki,MIKHADA TAKOYAKI,robinsons,robinsons-manila,Robinsons Place Manila,metro-manila
milagrosa restaurant,Milagrosa Restaurant,robinsons,robinsons-tuguegarao,Robinsons Place Tuguegarao,north-luzon
milano & design,Milano & Design,megaworld,uptown-mall,Uptown Mall,metro-manila
milas pastries & snacks,MILA’S PASTRIES & SNACKS,ayala,ayala-capitol-central,Ayala Malls Capitol Central,visayas
milas pastries and snacks,MILAS PASTRIES AND SNACKS,sm,sm-city-bacolod,SM City Bacolod,visayas
milas tokwat baboy,MILA'S TOKWAT BABOY,sm,sm-city-clark,SM City Clark,north-luzon
milk cream,MILK CREAM,sm,sm-city-tuguegarao,SM City Tuguegarao,north-luzon
mikana,Mikana,filinvest,festival-mall,Festival Mall,metro-manila
milk pot,MILK POT,sm,sm-city-laoag,SM City Laoag,north-luzon
milk qq,Milk QQ (Temporarily Closed),robinsons,robinsons-metro-east,Robinsons Metro East,metro-manila
milktea square,Milktea Square,robinsons,robinsons-sta-rosa,Robinsons Sta. Rosa,south-luzon
milky dangooo,MILKY DANGOOO,sm,sm-city-pampanga,SM City Pampanga,north-luzon
mimiko,Mimiko,ortigas,greenhills,Greenhills,metro-manila
mimis fashion,MIMIS FASHION,xentro,mall-of-the-valley,Mall Of The Valley,north-luzon
mikayla,MIKAYLA,sm,sm-city-molino,SM City Molino,south-luzon
mijj gadgets repair,MIJJ GADGETS REPAIR,sm,sm-city-pampanga,SM City Pampanga,north-luzon
mega cellular network,Mega Cellular Network,filinvest,festival-mall,Festival Mall,metro-manila
microcadd,MICROCADD,sm,sm-city-north-edsa,SM City North Edsa,metro-manila
mhk korean food,MHK KOREAN FOOD,robinsons,robinsons-north-tacloban,Robinsons North Tacloban,visayas
mi panda,MI PANDA 0917 841 0027,robinsons,robinsons-sta-rosa,Robinsons Sta. Rosa,south-luzon
mi service center,MI SERVICE CENTER,sm,sm-city-manila,SM City Manila,metro-manila
michael kors,MICHAEL KORS,ayala,ayala-greenbelt,Greenbelt,metro-manila
michelles homemade,Michelle's Homemade,megaworld,lucky-chinatown-mall,Lucky Chinatown Mall,metro-manila
micovidi,Micovidi,robinsons,robinsons-fuente,Robinsons Fuente,visayas
micu dentail clinic,MICU DENTAIL CLINIC,robinsons,robinsons-galleria-ortigas,Robinsons Galleria,metro-manila
miguelitoss ice cream,MIGUELITOS'S ICE CREAM,robinsons,robinsons-iligan,Robinsons Place Iligan,mindanao
midio,Midio,robinsons,robinsons-valencia,Robinsons Place Valencia,mindanao
mietubl philippines,MIETUBL PHILIPPINES,robinsons,robinsons-gapan,Robinsons Gapan,north-luzon
mighty hands,Mighty Hands,megaworld,southwoods-mall,Southwoods Mall,south-luzon
miguelito ice cream,Miguelito' Ice Cream,robinsons,robinsons-valencia,Robinsons Place Valencia,mindanao
miguelitos avocado locco,MIGUELITO'S AVOCADO LOCCO,robinsons,galleria-south,Robinsons Galleria South,south-luzon
miguelitos diner,MIGUELITO'S DINER,robinsons,robinsons-antipolo,Robinsons Place Antipolo,metro-manila
mimosa wellness,Mimosa Wellness,ortigas,estancia,Estancia,metro-manila
minajens tapsihan,MinaJens Tapsihan,xentro,montalban-town-center,Montalban Town Center,metro-manila
mind champs international preschool,MIND CHAMPS INTERNATIONAL PRESCHOOL,sm,s-maison,S Maison,metro-manila
miquesi salon,Miquesi Salon,megaworld,forbes-town,Forbes Town,metro-manila
minicare gadget repair,MINICARE GADGET REPAIR,sm,sm-city-trece-martires,SM City Trece Martires,south-luzon
minigem exhibit (13),MINIGEM EXHIBIT (13),xentro,montalban-town-center,Montalban Town Center,metro-manila
minlou,Minlou,filinvest,festival-mall,Festival Mall,metro-manila
minlou home,MINLOU HOME,araneta,ali-mall,Ali Mall,metro-manila
mins korean grilling station,MIN'S KOREAN GRILLING STATION,sm,sm-center-pulilan,SM Center Pulilan,north-luzon
minute fried,Minute Fried,robinsons,robinsons-galleria-cebu,Robinsons Galleria Cebu,visayas
miquits therapeutic blind massage,MIQUITS THERAPEUTIC BLIND MASSAGE,sm,sm-city-bacolod,SM City Bacolod,visayas
mind werks,Mind Werks,fishermall,quezonave,Fisher Mall Quezon Avenue,metro-manila
mira stationers,MIRA STATIONERS,robinsons,opus,Opus Mall,metro-manila
mirangcurl korea salon,MIRANGCURL KOREA SALON,ayala,ayala-malls-central-bloc,Ayala Malls Central Bloc,visayas
miratap,Miratap,ortigas,greenhills,Greenhills,metro-manila
mirrored his & hers studio,MIRRORED HIS & HERS STUDIO,sm,smdc-fame-mall,SMDC Fame Mall,metro-manila
mirrors salon & spa,MIRRORS SALON & SPA,robinsons,robinsons-north-tacloban,Robinsons North Tacloban,visayas
miruu,MIRUU,robinsons,robinsons-manila,Robinsons Place Manila,metro-manila
mini stop premiere development bank,MINI STOP PREMIERE DEVELOPMENT BANK,xentro,montalban-town-center,Montalban Town Center,metro-manila
mini shabu shabu,MINI SHABU-SHABU,sm,sm-city-baguio,SM City Baguio,north-luzon
mini gem exhibit 31,MINI GEM EXHIBIT #31,xentro,montalban-town-center,Montalban Town Center,metro-manila
mini gem exhibit 3 (19),MINI GEM EXHIBIT 3 (19),xentro,montalban-town-center,Montalban Town Center,metro-manila
mini gem exhibit 2 (19),MINI GEM EXHIBIT 2 (19),xentro,montalban-town-center,Montalban Town Center,metro-manila
mini gem exhibit (2) jaitel fashion,MINI GEM EXHIBIT (2) JAITEL FASHION,xentro,montalban-town-center,Montalban Town Center,metro-manila
mini gem exhibit (19) mickquels toys and childrens wear,MINI GEM EXHIBIT (19) MICKQUELS TOYS AND CHILDREN'S WEAR,xentro,montalban-town-center,Montalban Town Center,metro-manila
mini donuts,Mini Donuts,robinsons,robinsons-ilocos,Robinsons Place Ilocos,north-luzon
mini centro,MINI CENTRO,sm,sm-city-fairview,SM City Fairview,metro-manila
mini bites donuts,MINI BITES DONUTS,robinsons,robinsons-gentrias,Robinsons Place Gen. Trias,south-luzon
mingoys paellas,MINGOY'S PAELLAS,sm,sm-southmall,SM Southmall,metro-manila
mingfu asian cuisine,Mingfu Asian Cuisine,robinsons,robinsons-galleria-cebu,Robinsons Galleria Cebu,visayas
mined polished jewelry depot,MINED POLISHED JEWELRY DEPOT,sm,sm-city-baguio,SM City Baguio,north-luzon
mindwerks the toy shop,Mindwerks The Toy Shop,filinvest,festival-mall,Festival Mall,metro-manila
mindpro supermarket,MINDPRO SUPERMARKET,sm,sm-city-mindpro,SM City Mindpro,mindanao
mindanao gorilla auto detail,MINDANAO GORILLA AUTO DETAIL,sm,sm-lanang,SM Lanang,mindanao
mindanao basket,THE MINDANAO BASKET,sm,sm-city-cagayan-de-oro,SM City CDO Uptown,mindanao
mhj enterprise,MHJ ENTERPRISE,ayala,ayala-market-market,Market! Market!,metro-manila
mhinnie footwear,MHINNIE FOOTWEAR,robinsons,robinsons-novaliches,Robinsons Novaliches,metro-manila
mhels putobumbong,Mhel’s Putobumbong,robinsons,robinsons-iloilo,Robinsons Place Iloilo,visayas
mendokoro ramenba,MENDOKORO RAMENBA,sm,moa-square,MOA Square,metro-manila
melos,Melo's,megaworld,forbes-town,Forbes Town,metro-manila
melrose boardshop,MELROSE BOARDSHOP,sm,sm-seaside-city-cebu,SM Seaside City Cebu,visayas
melyn skincare body spa,MELYN SKINCARE BODY SPA,sm,sm-city-novaliches,SM City Novaliches,metro-manila
memo express cp,MEMO EXPRESS CP,xentro,xentro-mall-santiago,XentroMall Santiago,north-luzon
memoxpress ey,"MEMOXPRESS, EY",xentro,xentro-mall-cabagan,XentroMall Cabagan,north-luzon
men in blooms,MEN IN BLOOMS,ayala,ayala-market-market,Market! Market!,metro-manila
mendrez temporarily closed,Mendrez TEMPORARILY CLOSED,robinsons,robinsons-manila,Robinsons Place Manila,metro-manila
mer nels cake house,MER-NELS CAKE HOUSE,sm,sm-city-calamba,SM City Calamba,south-luzon
menel angelu foods ( angelu mixed rice ) robinsons dept exhibit,MENEL ANGELU FOODS ( ANGELU MIXED RICE ) ROBINSONS DEPT. EXHIBIT,xentro,xentro-mall-calapan,XentroMall Calapan,south-luzon
mens depot by davids,Men's Depot by David's,ortigas,greenhills,Greenhills,metro-manila
mentore coffee bar,MENTORE COFFEE BAR,ayala,ayala-glorietta,Glorietta,metro-manila
menya kokoro,Menya Kokoro,megaworld,uptown-mall,Uptown Mall,metro-manila
menya noodle & bento bar,Menya Noodle & Bento Bar,ortigas,greenhills,Greenhills,metro-manila
meo asia,Meo Asia,robinsons,robinsons-antipolo,Robinsons Place Antipolo,metro-manila
melonpan ice,MELONPAN ICE,sm,sm-mall-of-asia,SM Mall of Asia,metro-manila
melissa clube,MELISSA CLUBE,robinsons,robinsons-manila,Robinsons Place Manila,metro-manila
melirose,Melirose,ortigas,greenhills,Greenhills,metro-manila
mele marie,MELE + MARIE,sm,s-maison,S Maison,metro-manila
mejico skin facial & day spa manjaru,Mejico Skin Facial & Day Spa MANJARU,xentro,xentro-mall-calapan,XentroMall Calapan,south-luzon
meiying food & refreshment,Meiying Food & Refreshment,megaworld,lucky-chinatown-imperial-wing,Lucky Chinatown - Imperial Wing,metro-manila
meinas scalp treatment center,MEINAS SCALP TREATMENT CENTER,sm,sm-city-north-edsa,SM City North Edsa,metro-manila
meinas professional,Meinas Professional,ortigas,greenhills,Greenhills,metro-manila
mei lin,MEI LIN,sm,smdc-jazz-mall,SMDC Jazz Mall,metro-manila
megaworld showroom,Megaworld Showroom,megaworld,three-central,Three Central Mall,metro-manila
megaworld prime office,Megaworld Prime Office,megaworld,eastwood-city-walk,Eastwood City Walk,metro-manila
megaworld platinum,Megaworld Platinum,megaworld,newport-city,Newport City,metro-manila
megatech,MEGATECH,xentro,xentro-mall-santiago,XentroMall Santiago,north-luzon
megamelt,MEGAMELT,sm,sm-city-novaliches,SM City Novaliches,metro-manila
megabit,Megabit,robinsons,robinsons-antique,Robinsons Place Antique,visayas
mega one,MEGA ONE,robinsons,robinsons-manila,Robinsons Place Manila,metro-manila
mega fitness center,MEGA FITNESS CENTER,sm,sm-city-mindpro,SM City Mindpro,mindanao
meogja,MEOGJA,robinsons,robinsons-metro-east,Robinsons Metro East,metro-manila
mercury drug corporation aficionado,MERCURY DRUG CORPORATION AFICIONADO,xentro,montalban-town-center,Montalban Town Center,metro-manila
mhelith bulalohan,Mhelith Bulalohan,robinsons,robinsons-novaliches,Robinsons Novaliches,metro-manila
mexicanos,Mexicanos,robinsons,robinsons-la-union,Robinsons Place La Union,north-luzon
metro wanderer travel services,METRO WANDERER TRAVEL SERVICES,sm,sm-city-masinag,SM City Masinag,metro-manila
metrofone,Metrofone,waltermart,the-junction,WalterMart The Junction,metro-manila
metrospecs,METROSPECS,robinsons,robinsons-north-tacloban,Robinsons North Tacloban,visayas
metrowaki,Metrowaki,robinsons,robinsons-metro-east,Robinsons Metro East,metro-manila
meuble,MEUBLE,robinsons,robinsons-ilocos,Robinsons Place Ilocos,north-luzon
mexicali,MEXICALI,sm,sm-megamall,SM Megamall,metro-manila
mexikanto,Mexikanto,robinsons,robinsons-galleria-ortigas,Robinsons Galleria,metro-manila
mercury drug treats of l a,Mercury Drug TREATS OF L.A,xentro,xentro-mall-calapan,XentroMall Calapan,south-luzon
mexita pizza,MEXITA PIZZA,sm,sm-city-legazpi,SM City Legazpi,south-luzon
mey lin,MEY LIN,sm,sm-megamall,SM Megamall,metro-manila
mf beauty secrets,MF BEAUTY SECRETS,sm,sm-city-sucat,SM City Sucat,metro-manila
mg,Mg,filinvest,festival-mall,Festival Mall,metro-manila
mg gateway,MG GATEWAY,robinsons,robinsons-butuan,Robinsons Place Butuan,mindanao
mg gateway temporarily closed,MG Gateway TEMPORARILY CLOSED,robinsons,robinsons-dumaguete,Robinsons Place Dumaguete,visayas
metro star department store,METRO STAR DEPARTMENT STORE,xentro,montalban-town-center,Montalban Town Center,metro-manila
metro sanitas keralty,Metro Sanitas / Keralty,filinvest,festival-mall,Festival Mall,metro-manila
metro rapid transit service inc,METRO RAPID TRANSIT SERVICE INC,sm,sm-seaside-city-cebu,SM Seaside City Cebu,visayas
metro dept,METRO DEPT.,xentro,northstar-mall,Northstar Mall,north-luzon
metanoia christian ministries,METANOIA CHRISTIAN MINISTRIES,ayala,ayala-the-30th,Ayala Malls The 30th,metro-manila
messiah,Messiah,ortigas,greenhills,Greenhills,metro-manila
message sent,Message Sent,ortigas,greenhills,Greenhills,metro-manila
mesa steak sizzlers,MESA STEAK SIZZLERS,ayala,ayala-trinoma,Trinoma,metro-manila
merzci pasalubong center,MERZCI PASALUBONG CENTER,sm,sm-city-bacolod,SM City Bacolod,visayas
merzci pasalubong,MERZCI PASALUBONG,ayala,ayala-capitol-central,Ayala Malls Capitol Central,visayas
merzci,Merzci,robinsons,robinsons-pavia,Robinsons Place Pavia,visayas
mers paluto,Mers Paluto,megaworld,mactan-newtown,Mactan Newtown,visayas
merriam & webster bookstore,MERRIAM & WEBSTER BOOKSTORE,starmall,san-jose-del-monte,Starmall San Jose del Monte,north-luzon
merlgen euro designs,MERLGEN EURO DESIGNS,sm,sm-lanang,SM Lanang,mindanao
merkado supermarket,MERKADO SUPERMARKET,ayala,ayala-vertis,Ayala Malls Vertis North,metro-manila
merienda by pan de manila,MERIENDA BY PAN DE MANILA,sm,sm-city-batangas,SM City Batangas,south-luzon
mercury torque,MERCURY TORQUE,xentro,xentro-mall-lemery,XentroMall Lemery,south-luzon
manulife,Manulife,robinsons,robinsons-naga,Robinsons Place Naga,south-luzon
mantaring,MANTARING,ayala,ayala-center-cebu,Ayala Center Cebu,visayas
manong samalamig,Manong Samalamig,robinsons,robinsons-santiago,Robinsons Place Santiago,north-luzon
ls pascual,LS Pascual,robinsons,robinsons-magnolia,Robinsons Magnolia,metro-manila
lovemarie beauty lounge,LOVEMARIE BEAUTY LOUNGE,sm,sm-center-tuguegarao-downtown,SM Center Tuguegarao Downtown,north-luzon
lowcal salad & wraps,LOWCAL SALAD & WRAPS 0923-858-5216,robinsons,robinsons-cybergate-cebu,Robinsons Cybergate Cebu,visayas
loyola k 12 tutorial services,LOYOLA K-12 TUTORIAL SERVICES,sm,smdc-strip-at-blue,SMDC Strip at Blue,metro-manila
lra,LRA,robinsons,robinsons-dasmarinas,Robinsons Place Dasmarinas,south-luzon
ls blooms,LS BLOOMS,sm,sm-city-rosario,SM City Rosario,south-luzon
ls blooms flower shop,LS BLOOMS FLOWER SHOP,robinsons,galleria-south,Robinsons Galleria South,south-luzon
ls pascual optical,LS Pascual Optical,robinsons,robinsons-gentrias,Robinsons Place Gen. Trias,south-luzon
love marie beauty & brow salon,LOVE MARIE BEAUTY & BROW SALON,robinsons,robinsons-tuguegarao,Robinsons Place Tuguegarao,north-luzon
lsc watch repair,LSC Watch Repair,robinsons,robinsons-metro-east,Robinsons Metro East,metro-manila
lspascual optical,LSPASCUAL OPTICAL,sm,sm-city-bicutan,SM City Bicutan,metro-manila
lucelle,Lucelle 9454728556,robinsons,robinsons-magnolia,Robinsons Magnolia,metro-manila
lucky boba,Lucky Boba,robinsons,robinsons-tagaytay,Robinsons Tagaytay,south-luzon
lucky chao,Lucky Chao,megaworld,lucky-chinatown-mall,Lucky Chinatown Mall,metro-manila
lucky charm,Lucky Charm,robinsons,robinsons-ilocos,Robinsons Place Ilocos,north-luzon
lovehouse beauty studio,LOVEHOUSE BEAUTY STUDIO,robinsons,robinsons-north-tacloban,Robinsons North Tacloban,visayas
love marie,LOVE MARIE,robinsons,robinsons-santiago,Robinsons Place Santiago,north-luzon
luxe lounge,LUXE LOUNGE,ayala,ayala-circuit,Ayala Malls Circuit,metro-manila
lotus cafe,LOTUS CAFÉ,sm,sm-city-novaliches,SM City Novaliches,metro-manila
los pedritos (075),LOS PEDRITOS (075) 654-6099,robinsons,robinsons-pangasinan,Robinsons Place Pangasinan,north-luzon
los tacos,Los Tacos,megaworld,uptown-mall,Uptown Mall,metro-manila
lost,LOST,sm,sm-city-north-edsa,SM City North Edsa,metro-manila
lost bread,THE LOST BREAD,sm,sm-city-dasmarinas,SM City Dasmariñas,south-luzon
lotsa pizza,LOTS'A PIZZA (TEMPORARILY CLOSED),robinsons,robinsons-angeles,Robinsons Angeles,north-luzon
lotto keno,LOTTO/KENO,xentro,balagtas-town-center,Balagtas Town Center,north-luzon
louelli travel & tours,Louelli Travel & Tours,robinsons,robinsons-naga,Robinsons Place Naga,south-luzon
love house,Love House,robinsons,robinsons-tacloban,Robinsons Place Tacloban,visayas
louies dermatology,LOUIE'S DERMATOLOGY,robinsons,robinsons-galleria-ortigas,Robinsons Galleria,metro-manila
louis vuitton,LOUIS VUITTON,ayala,ayala-greenbelt,Greenbelt,metro-manila
loulou nail spa & salon,Loulou Nail Spa & Salon,filinvest,festival-mall,Festival Mall,metro-manila
lourmon garden,LOURMON GARDEN,sm,sm-city-davao,SM City Davao,mindanao
love & diamonds,Love & Diamonds,robinsons,robinsons-galleria-cebu,Robinsons Galleria Cebu,visayas
love brows brow aesthetic studio,LOVE BROWS BROW AESTHETIC STUDIO,sm,sm-city-sorsogon,SM City Sorsogon,south-luzon
lucky chinatown cinemas,Lucky Chinatown Cinemas,megaworld,lucky-chinatown-mall,Lucky Chinatown Mall,metro-manila
lucky chinatown cinemas snackbar,Lucky Chinatown Cinemas - Snackbar,megaworld,lucky-chinatown-mall,Lucky Chinatown Mall,metro-manila
lucky joy,LUCKY JOY,robinsons,robinsons-santiago,Robinsons Place Santiago,north-luzon
lunula salon & spa,Lunula Salon & Spa,robinsons,robinsons-magnolia,Robinsons Magnolia,metro-manila
luminous espresso industry,Luminous Espresso Industry,filinvest,il-corso,IL Corso,visayas
lumpia express,Lumpia Express,robinsons,robinsons-dasmarinas,Robinsons Place Dasmarinas,south-luzon
lumpia natics by magsies,LUMPIA.NATICS BY MAGSIE’S,ayala,ayala-market-market,Market! Market!,metro-manila
lumpiaholic,LUMPIAHOLIC,sm,sm-city-general-santos,SM City General Santos,mindanao
luna,LUNA,ayala,ayala-centrio,Centrio Mall,mindanao
lunas ilonggo legacy,Luna's Ilonggo Legacy,megaworld,festive-walk-mall-iloilo,Festive Walk Mall,visayas
lush fresh handmade cosmetics,LUSH FRESH HANDMADE COSMETICS,sm,sm-mall-of-asia,SM Mall of Asia,metro-manila
lucky pick lotto,Lucky Pick lotto,robinsons,robinsons-tacloban,Robinsons Place Tacloban,visayas
lustre salon & wellness,LUSTRE SALON & WELLNESS,robinsons,robinsons-las-pinas,Robinsons Place Las Pinas,metro-manila
lutong bahay ni manang,LUTONG BAHAY NI MANANG,robinsons,robinsons-la-union,Robinsons Place La Union,north-luzon
luvyah korean potato hotdogs corndogs,LUVYAH KOREAN POTATO HOTDOGS CORNDOGS,sm,sm-city-bataan,SM City Bataan,north-luzon
lux skin essentials,LUX SKIN ESSENTIALS,xentro,sta-ana-public-market,Sta Ana Public Market,metro-manila
luxallure aesthetic clinic,LUXALLURE AESTHETIC CLINIC,robinsons,robinsons-starmills,Robinsons Starmills,north-luzon
luxe at twelfth,LUXE AT TWELFTH,ayala,ayala-capitol-central,Ayala Malls Capitol Central,visayas
luminosa aesthetic & wellness center,Luminosa Aesthetic & Wellness Center,megaworld,southwoods-mall,Southwoods Mall,south-luzon
luminisce holistic skin innovations,LUMINISCE HOLISTIC SKIN INNOVATIONS,sm,the-podium,The Podium,metro-manila
lumina homes,LUMINA HOMES,starmall,alabang,Starmall Alabang,metro-manila
lumiere anti aging and skin spa,Lumiere Anti-aging and Skin Spa,megaworld,uptown-parade,Uptown Parade,metro-manila
lumbenos barong & gown collection 377 93,LUMBENOS BARONG & GOWN COLLECTION 377.93,ayala,ayala-market-market,Market! Market!,metro-manila
lulu forex,Lulu Forex,robinsons,robinsons-las-pinas,Robinsons Place Las Pinas,metro-manila
luka ferruccio,LUKA FERRUCCIO,sm,sm-city-bicutan,SM City Bicutan,metro-manila
lugaw to go,LUGAW TO GO,robinsons,robinsons-santiago,Robinsons Place Santiago,north-luzon
lugaw plus,LUGAW PLUS,ayala,ayala-feliz,Ayala Malls Feliz,metro-manila
lugaw one,Lugaw One,filinvest,fora,Fora Mall,south-luzon
lugaw ni bossing,Lugaw ni Bossing,robinsons,robinsons-tacloban,Robinsons Place Tacloban,visayas
lugaw ni bosing,Lugaw ni Bosing,robinsons,robinsons-butuan,Robinsons Place Butuan,mindanao
lugaw king,LUGAW KING,sm,sm-city-manila,SM City Manila,metro-manila
lugaw house minigem ( 44),LUGAW HOUSE MINIGEM (#44),xentro,montalban-town-center,Montalban Town Center,metro-manila
luez printing services,Luez Printing Services,robinsons,robinsons-novaliches,Robinsons Novaliches,metro-manila
luez printing,LUEZ PRINTING,robinsons,robinsons-starmills,Robinsons Starmills,north-luzon
lueur,LUEUR,robinsons,opus,Opus Mall,metro-manila
los churreros churros,LOS CHURREROS CHURROS,robinsons,robinsons-metro-east,Robinsons Metro East,metro-manila
lormalifecheck,LORMALIFECHECK,robinsons,robinsons-la-union,Robinsons Place La Union,north-luzon
lorenzo jewelry,LORENZO JEWELRY,sm,sm-city-north-edsa,SM City North Edsa,metro-manila
little saigon,LITTLE SAIGON,sm,sm-city-laoag,SM City Laoag,north-luzon
little golden nuggets,Little Golden Nuggets,ortigas,tiendesitas,Tiendesitas,metro-manila
little green,Little Green 9190837902,robinsons,robinsons-magnolia,Robinsons Magnolia,metro-manila
little moms donut factory,Little Mom's Donut Factory,robinsons,robinsons-novaliches,Robinsons Novaliches,metro-manila
little moms donuts,LITTLE MOM'S DONUTS,robinsons,robinsons-otis,Robinsons Otis,metro-manila
little orlys,LITTLE ORLY'S,sm,sm-city-pampanga,SM City Pampanga,north-luzon
little prince,Little Prince,megaworld,festive-walk-parade,Festive Walk Parade,visayas
little yoo daebak,LITTLE YOO DAEBAK,sm,sm-city-davao,SM City Davao,mindanao
ljc beauty & wellness shop (sto nino de cebu) hexi health xc health & beauty shop,LJC BEAUTY & WELLNESS SHOP (STO. NIÑO DE CEBU) HEXI HEALTH -XC HEALTH & BEAUTY SHOP,xentro,tanay-town-center,Tanay Town Center,south-luzon
livestock,Livestock,megaworld,uptown-parade,Uptown Parade,metro-manila
living life well medical center,LIVING LIFE WELL MEDICAL CENTER,sm,sm-megamall,SM Megamall,metro-manila
living space by rds,Living Space by RDS,robinsons,robinsons-magnolia,Robinsons Magnolia,metro-manila
liwanag house,LIWANAG HOUSE,robinsons,robinsons-galleria-ortigas,Robinsons Galleria,metro-manila
liz beauty lounge,Liz Beauty Lounge,megaworld,southwoods-mall,Southwoods Mall,south-luzon
lj bikes,LJ Bikes,waltermart,malolos,WalterMart Malolos,north-luzon
little flour cafe,Little Flour Cafe,ortigas,greenhills,Greenhills,metro-manila
little flour,Little Flour,megaworld,newport-city,Newport City,metro-manila
little farmers coffee brim,LITTLE FARMERS COFFEE BRIM,ayala,ayala-the-30th,Ayala Malls The 30th,metro-manila
little corner breadshop,THE LITTLE CORNER BREADSHOP,ayala,ayala-solenad,Ayala Malls Nuvali,south-luzon
lito sy studio,LITO SY STUDIO,sm,sm-city-davao,SM City Davao,mindanao
lithe,Lithe,megaworld,alabang-west-parade,Alabang West Parade,metro-manila
lit,LIT,ayala,ayala-serendra,Shops at Serendra,metro-manila
listening room,THE LISTENING ROOM,sm,sm-megamall,SM Megamall,metro-manila
listen apparel,LISTEN APPAREL,robinsons,robinsons-otis,Robinsons Otis,metro-manila
lipa city travels & tours,LIPA CITY TRAVELS & TOURS,robinsons,robinsons-lipa,Robinsons Place Lipa,south-luzon
ling nam express,Ling Nam Express,robinsons,robinsons-magnolia,Robinsons Magnolia,metro-manila
line clover d trading inc,Line Clover D Trading Inc,megaworld,eastwood-cyber-mall,Eastwood Cyber Mall,metro-manila
limjoe lemony juice station,LIMJOE LEMONY JUICE STATION,sm,sm-southmall,SM Southmall,metro-manila
limitless,Limitless,megaworld,newport-city,Newport City,metro-manila
limapulo,LIMAPULO,sm,sm-mall-of-asia,SM Mall of Asia,metro-manila
lim dental clinic,Lim Dental Clinic,waltermart,sucat,WalterMart Sucat,metro-manila
lily & co,LILY & CO.,ayala,ayala-marquee,MarQuee Mall,north-luzon
lj lugawan,LJ LUGAWAN,sm,sm-city-pampanga,SM City Pampanga,north-luzon
ljm,LJM,robinsons,robinsons-lipa,Robinsons Place Lipa,south-luzon
looks by optika eccelente,LOOKS BY OPTIKA ECCELENTE,sm,smdc-mplace-mall,SMDC Mplace Mall,metro-manila
lolo pinoy grill,Lolo Pinoy Grill,megaworld,mactan-newtown,Mactan Newtown,visayas
lola nenas,LOLA NENA'S,sm,sm-megamall,SM Megamall,metro-manila
lola soap,LOLA SOAP,sm,sm-city-davao,SM City Davao,mindanao
lolas boutique,LOLA’S BOUTIQUE,ayala,ayala-feliz,Ayala Malls Feliz,metro-manila
loliths empanada,Lolith's Empanada,robinsons,robinsons-malolos,Robinsons Place Malolos,north-luzon
lollipastillas,LOLLIPASTILLAS,sm,sm-city-pampanga,SM City Pampanga,north-luzon
lolo at lola internet cafe,Lolo at Lola Internet Cafe,robinsons,robinsons-imus,Robinsons Place Imus,south-luzon
lom key specialist,LOM Key Specialist,ortigas,greenhills,Greenhills,metro-manila
ljtc,LJTC,xentro,northstar-mall,Northstar Mall,north-luzon
london eyelash extensions,LONDON EYELASH EXTENSIONS,sm,sm-lanang,SM Lanang,mindanao
lonely owl,Lonely Owl,megaworld,lucky-chinatown-imperial-wing,Lucky Chinatown - Imperial Wing,metro-manila
long live play,Long Live Play,ortigas,estancia,Estancia,metro-manila
longchamp,LONGCHAMP,ayala,ayala-greenbelt,Greenbelt,metro-manila
look buko rocks,THE LOOK Buko Rocks,xentro,xentro-mall-calapan,XentroMall Calapan,south-luzon
look treats of la,THE LOOK TREATS OF LA,xentro,xentro-mall-lemery,XentroMall Lemery,south-luzon
lola caf,LOLA CAF?,sm,s-maison,S Maison,metro-manila
lola belens,LOLA BELEN’S,ayala,ayala-marquee,MarQuee Mall,north-luzon
lokal,Lokal,megaworld,eastwood-city-walk,Eastwood City Walk,metro-manila
log,LOG,sm,sm-center-lemery,SM Center Lemery,south-luzon
loewe,LOEWE,ayala,ayala-greenbelt,Greenbelt,metro-manila
locknlock,LocknLock,megaworld,eastwood-mall,Eastwood Mall,metro-manila
lock n lock,Lock N Lock,ortigas,greenhills,Greenhills,metro-manila
lock and lock,Lock and Lock,fishermall,quezonave,Fisher Mall Quezon Avenue,metro-manila
loccitane en provence,L’occitane En Provence,robinsons,robinsons-manila,Robinsons Place Manila,metro-manila
loc&stor,Loc&Stor,megaworld,newport-city,Newport City,metro-manila
loalde & 18myles,Loalde & 18Myles,megaworld,festive-walk-mall-iloilo,Festive Walk Mall,visayas
load up station,LOAD UP STATION,robinsons,robinsons-galleria-ortigas,Robinsons Galleria,metro-manila
load na,LOAD NA,araneta,farmers-plaza,Farmers Plaza,metro-manila
lnd,LND,robinsons,robinsons-gentrias,Robinsons Place Gen. Trias,south-luzon
lllaollao,Lllaollao,robinsons,robinsons-galleria-ortigas,Robinsons Galleria,metro-manila
llanillo romero optical clinic,LLANILLO-ROMERO OPTICAL CLINIC,sm,sm-city-cagayan-de-oro,SM City CDO Uptown,mindanao
lkaisei japanese restaurant,LKAISEI JAPANESE RESTAURANT,sm,sm-city-bacolod,SM City Bacolod,visayas
luxe escape spa,Luxe Escape Spa,megaworld,alabang-west-parade,Alabang West Parade,metro-manila
luxe parfum and scents,LUXE PARFUM AND SCENTS,sm,sm-city-dasmarinas,SM City Dasmariñas,south-luzon
mannys spices,Manny's Spices,robinsons,robinsons-bacolod,Robinsons Place Bacolod,visayas
manang sayong,Manang Sayong,megaworld,mactan-newtown,Mactan Newtown,visayas
mamemo corner and booyaka records,Mamemo Corner and Booyaka Records,megaworld,greenhouse-village-square,The Greenhouse at Village Square,metro-manila
mamitas pizza,MAMITA'S PIZZA,sm,sm-city-daet,SM City Daet,south-luzon
mamma mia,Mamma Mia,megaworld,uptown-mall,Uptown Mall,metro-manila
mamolo dental clinic,Mamolo Dental Clinic,robinsons,robinsons-dasmarinas,Robinsons Place Dasmarinas,south-luzon
man go juan,Man-Go Juan,waltermart,balayan,WalterMart Balayan,south-luzon
manam comfort food,MANAM COMFORT FOOD,robinsons,robinsons-manila,Robinsons Place Manila,metro-manila
mandara spa relaxation,THE MANDARA SPA RELAXATION,sm,s-maison,S Maison,metro-manila
mamas & papas,MAMAS & PAPAS,robinsons,opus,Opus Mall,metro-manila
mandarin,Mandarin,robinsons,robinsons-lipa,Robinsons Place Lipa,south-luzon
mandarin sky express,MANDARIN SKY EXPRESS,ayala,ayala-market-market,Market! Market!,metro-manila
mandaue foam and home store,MANDAUE FOAM AND HOME STORE,robinsons,robinsons-la-union,Robinsons Place La Union,north-luzon
mandotory cut,Mandotory Cut,robinsons,robinsons-naga,Robinsons Place Naga,south-luzon
mang chaa,Mang Chaa,robinsons,robinsons-pangasinan,Robinsons Place Pangasinan,north-luzon
mang domeng bibingka,Mang Domeng Bibingka,waltermart,carmona,WalterMart Carmona,south-luzon
mamastill atbp,MAMASTILL ATBP,sm,sm-city-general-santos,SM City General Santos,mindanao
mamangs wood fired pizzeria,MAMANGS WOOD FIRED PIZZERIA,sm,sm-city-santa-rosa,SM City Santa Rosa,south-luzon
luxe premiere,Luxe Premiere,ortigas,greenhills,Greenhills,metro-manila
makkiramen restaurant,MAKKIRAMEN RESTAURANT,sm,sm-city-olongapo-central,SM City Olongapo Central,north-luzon
makati projections,MAKATI PROJECTIONS,ayala,ayala-glorietta,Glorietta,metro-manila
make it kwek,Make-It-Kwek,robinsons,robinsons-antipolo,Robinsons Place Antipolo,metro-manila
make room & more,MAKE ROOM & MORE,ayala,ayala-glorietta,Glorietta,metro-manila
makiko,MAKIKO,ayala,ayala-the-30th,Ayala Malls The 30th,metro-manila
makimura ramen bar express,MAKIMURA RAMEN BAR EXPRESS,sm,sm-city-pampanga,SM City Pampanga,north-luzon
makiramen,MAKIRAMEN,sm,sm-city-bataan,SM City Bataan,north-luzon
malayan bank,Malayan Bank,robinsons,robinsons-iloilo,Robinsons Place Iloilo,visayas
mamacita,Mamacita,megaworld,forbes-town,Forbes Town,metro-manila
malbcoff,Malbcoff,ortigas,greenhills,Greenhills,metro-manila
malubianbian spicy restaurant,MALUBIANBIAN SPICY RESTAURANT,sm,smdc-strip-at-shore,SMDC Strip at Shore,metro-manila
mama bears garden,Mama Bears Garden,waltermart,tanauan,WalterMart Tanauan,south-luzon
mama jacqs kitchen,Mama Jacq's Kitchen,robinsons,robinsons-angeles,Robinsons Angeles,north-luzon
mama sarahs lettuce garden,Mama Sarah's Lettuce Garden,robinsons,robinsons-naga,Robinsons Place Naga,south-luzon
mamacai,MAMACAI,sm,nu-mall-of-asia-building,NU MALL OF ASIA BUILDING,metro-manila
mang domengs bibingka,Mang Domeng's Bibingka,waltermart,cabuyao,WalterMart Cabuyao,south-luzon
mang inasal beauche,MANG INASAL BEAUCHE,xentro,xentro-mall-lemery,XentroMall Lemery,south-luzon
mang inasal kerrimo,Mang Inasal KERRIMO,xentro,xentro-mall-calapan,XentroMall Calapan,south-luzon
manila goldsmiths co,MANILA GOLDSMITHS CO,sm,sm-megamall,SM Megamall,metro-manila
manic beauty,Manic Beauty,robinsons,robinsons-galleria-ortigas,Robinsons Galleria,metro-manila
manila bankers insurance,MANILA BANKER'S INSURANCE,robinsons,robinsons-manila,Robinsons Place Manila,metro-manila
manila bankers life,MANILA BANKER'S LIFE,robinsons,robinsons-galleria-ortigas,Robinsons Galleria,metro-manila
manila bankers life insurance corp,MANILA BANKERS LIFE INSURANCE CORP,robinsons,robinsons-lipa,Robinsons Place Lipa,south-luzon
manila diamond,Manila Diamond,ortigas,estancia,Estancia,metro-manila
manila dokha medwakh,Manila Dokha Medwakh,fishermall,quezonave,Fisher Mall Quezon Avenue,metro-manila
manjaru ayz health and beauty shop,MANJARU AYZ HEALTH AND BEAUTY SHOP,xentro,xentro-mall-calapan,XentroMall Calapan,south-luzon
mang inasal minigem exhibit (4),MANG INASAL MINIGEM EXHIBIT (4),xentro,montalban-town-center,Montalban Town Center,metro-manila
manjaru mini gem exhibit ( 40),MANJARU MINI GEM Exhibit (#40),xentro,montalban-town-center,Montalban Town Center,metro-manila
manjaru outdoor shop,MANJARU OUTDOOR SHOP,xentro,ab-central,Ab Central,metro-manila
manjaru outdoors inc,MANJARU OUTDOORS INC.,starmall,edsa-shaw,Starmall EDSA-Shaw,metro-manila
manjos cafe,MANJOS CAFE,sm,sm-city-cagayan-de-oro,SM City CDO Uptown,mindanao
manna garden,MANNA GARDEN,sm,sm-lanang,SM Lanang,mindanao
manny and pie calayan clinic,Manny And Pie Calayan Clinic,filinvest,festival-mall,Festival Mall,metro-manila
manic,MANIC,sm,sm-city-pampanga,SM City Pampanga,north-luzon
mango superstore,MANGO SUPERSTORE,sm,sm-mall-of-asia,SM Mall of Asia,metro-manila
mango ong,Mango-Ong,robinsons,robinsons-manila,Robinsons Place Manila,metro-manila
mango mango touch,Mango/Mango Touch,robinsons,robinsons-magnolia,Robinsons Magnolia,metro-manila
mango mango man,MANGO MANGO MAN,sm,sm-city-clark,SM City Clark,north-luzon
mango float supreme,Mango Float Supreme,megaworld,lucky-chinatown-mall,Lucky Chinatown Mall,metro-manila
mango delight original,MANGO DELIGHT ORIGINAL,sm,sm-city-sorsogon,SM City Sorsogon,south-luzon
mangkok avenue,Mangkok Avenue,robinsons,robinsons-malolos,Robinsons Place Malolos,north-luzon
mangan restaurant,MANGAN RESTAURANT,robinsons,robinsons-manila,Robinsons Place Manila,metro-manila
mang tomas pinoy sorbetes,MANG TOMAS PINOY SORBETES,ayala,ayala-manila-bay,Ayala Malls Manila Bay,metro-manila
mang tinapay,MANG TINAPAY,sm,sm-city-north-edsa,SM City North Edsa,metro-manila
mang sorbetes,MANG SORBETES,robinsons,robinsons-ormoc,Robinsons Place Ormoc,visayas
mang rudys,MANG RUDY'S,ayala,ayala-circuit,Ayala Malls Circuit,metro-manila
mang pakpak,Mang Pakpak,megaworld,festive-walk-mall-iloilo,Festive Walk Mall,visayas
mang inasal virmas food channel cake frost,MANG INASAL VIRMA’S FOOD CHANNEL/ CAKE FROST,xentro,tanay-town-center,Tanay Town Center,south-luzon
mang inasal stock room nelsas lumpia,MANG INASAL STOCK ROOM NELSAS LUMPIA,xentro,montalban-town-center,Montalban Town Center,metro-manila
mang inasal philippines inc,"MANG INASAL PHILIPPINES, INC.",xentro,ab-central,Ab Central,metro-manila
majesty driving school,MAJESTY DRIVING SCHOOL,sm,sm-city-fairview,SM City Fairview,metro-manila
majestic ham,Majestic Ham,ortigas,estancia,Estancia,metro-manila
majeids carpet,Majeid’s Carpet,filinvest,festival-mall,Festival Mall,metro-manila
m s money changer,M.S MONEY CHANGER 0917-658-6936,robinsons,robinsons-cybergate-cebu,Robinsons Cybergate Cebu,visayas
m herrero general merchandise,M. Herrero General Merchandise,robinsons,robinsons-novaliches,Robinsons Novaliches,metro-manila
m lhuiller,M Lhuiller,robinsons,robinsons-iligan,Robinsons Place Iligan,mindanao
m lhuillier jeweler,M Lhuillier Jeweler,robinsons,robinsons-galleria-cebu,Robinsons Galleria Cebu,visayas
m lhuillier pawnshop,M. LHUILLIER PAWNSHOP,ayala,ayala-marquee,MarQuee Mall,north-luzon
m m creations,M M CREATIONS,sm,sm-city-sorsogon,SM City Sorsogon,south-luzon
m r ginger detox drinks,M.R. GINGER DETOX DRINKS,ayala,ayala-marquee,MarQuee Mall,north-luzon
m stone,M STONE,sm,sm-city-cagayan-de-oro,SM City CDO Uptown,mindanao
mac beth,Mac Beth 9154811681,robinsons,robinsons-santiago,Robinsons Place Santiago,north-luzon
m y shoes,M+Y Shoes,robinsons,robinsons-otis,Robinsons Otis,metro-manila
ma ay,Ma-ay,filinvest,festival-mall,Festival Mall,metro-manila
ma chicken mami house,MA CHICKEN MAMI HOUSE,ayala,ayala-trinoma,Trinoma,metro-manila
ma dao,MA DAO,sm,sm-mall-of-asia,SM Mall of Asia,metro-manila
ma sculptra skin laser & aesthetic center,Ma Sculptra Skin Laser & Aesthetic Center,megaworld,eastwood-city-walk,Eastwood City Walk,metro-manila
maanyag,MAANYAG,ayala,ayala-center-cebu,Ayala Center Cebu,visayas
m h burton,M.h Burton,filinvest,festival-mall,Festival Mall,metro-manila
m g legaspi food center ( sisig stop ) handyman exhibit thematic,M.G Legaspi Food Center ( SISIG STOP ) HANDYMAN EXHIBIT THEMATIC,xentro,xentro-mall-calapan,XentroMall Calapan,south-luzon
m g legaspi food center ( bagnet sarap ) robinsons dept exhibit,M.G Legaspi Food Center ( BAGNET SARAP ) ROBINSONS DEPT. EXHIBIT,xentro,xentro-mall-calapan,XentroMall Calapan,south-luzon
m and d quick check medical exam clinic,M AND D QUICK CHECK MEDICAL EXAM CLINIC,sm,sm-city-clark,SM City Clark,north-luzon
lz scents studio by lz perfumery shop,LZ Scents Studio by LZ Perfumery Shop,robinsons,robinsons-naga,Robinsons Place Naga,south-luzon
lyric instrument,Lyric Instrument,filinvest,festival-mall,Festival Mall,metro-manila
lynx design,LYNX DESIGN,sm,sm-city-olongapo-downtown,SM City Olongapo Downtown,north-luzon
lynx,Lynx,ortigas,greenhills,Greenhills,metro-manila
lynderm facial center and day spa,Lynderm Facial Center And Day Spa,waltermart,cabuyao,WalterMart Cabuyao,south-luzon
lyn,LYN,sm,sm-mall-of-asia,SM Mall of Asia,metro-manila
lyle general merchandise mini gem exhibit 12 ( created space 21 ),LYLE GENERAL MERCHANDISE MINI GEM EXHIBIT #12 ( created space # 21 ),xentro,montalban-town-center,Montalban Town Center,metro-manila
lydia amor,Lydia Amor,robinsons,robinsons-novaliches,Robinsons Novaliches,metro-manila
luz castalone staffhouse sto nino de cebu) gulaman factory,LUZ CASTALONE STAFFHOUSE/ Sto. Niño de Cebu) GULAMAN FACTORY,xentro,tanay-town-center,Tanay Town Center,south-luzon
luxurious nails,Luxurious Nails,robinsons,robinsons-lipa,Robinsons Place Lipa,south-luzon
luxuri pets by aivee,Luxuri Pets By Aivee,megaworld,forbes-town,Forbes Town,metro-manila
luxuri manila,Luxuri Manila,megaworld,forbes-town,Forbes Town,metro-manila
luxederm face and body,LuxeDerm Face and Body,robinsons,robinsons-la-union,Robinsons Place La Union,north-luzon
maba road safety kiddie park,MABA Road Safety Kiddie Park,robinsons,robinsons-sta-rosa,Robinsons Sta. Rosa,south-luzon
mac cellphone and accessories,MAC CELLPHONE AND ACCESSORIES,robinsons,robinsons-gapan,Robinsons Gapan,north-luzon
maja coffee & donuts,Maja Coffee & Donuts,megaworld,southwoods-mall,Southwoods Mall,south-luzon
mahiwaga cafe,MAHIWAGA CAFE,sm,sm-city-caloocan,SM City Caloocan,metro-manila
mag sugba ta seafood grill,MAG SUGBA TA SEAFOOD GRILL,sm,sm-city-cagayan-de-oro,SM City CDO Uptown,mindanao
magic melt,MAGIC MELT,sm,sm-city-cebu,SM City Cebu,visayas
magic tracklesstrain,Magic TracklessTrain,robinsons,robinsons-tacloban,Robinsons Place Tacloban,visayas
magure izakaya,Magure Izakaya,megaworld,lucky-chinatown-imperial-wing,Lucky Chinatown - Imperial Wing,metro-manila
magure restaurant,MAGURE RESTAURANT,sm,sm-city-north-edsa,SM City North Edsa,metro-manila
mah,MAH,robinsons,robinsons-manila,Robinsons Place Manila,metro-manila
mahiwagang kape,Mahiwagang Kape,robinsons,robinsons-galleria-ortigas,Robinsons Galleria,metro-manila
macao imperial,Macao Imperial,robinsons,robinsons-tacloban,Robinsons Place Tacloban,visayas
mai en joi bags & accessories 2823 cellphone,MAI EN JOI BAGS & ACCESSORIES 2823 CELLPHONE,xentro,montalban-town-center,Montalban Town Center,metro-manila
mai pao,MAI PAO,sm,sm-city-general-santos,SM City General Santos,mindanao
mairah footwear store,MAIRAH FOOTWEAR STORE,robinsons,robinsons-novaliches,Robinsons Novaliches,metro-manila
maison de beaute,MAISON DE BEAUTE,ayala,ayala-serendra,Shops at Serendra,metro-manila
maison margiela,MAISON MARGIELA,robinsons,opus,Opus Mall,metro-manila
maisys coffee cut,Maisy's Coffee Cut (open),robinsons,robinsons-bacolod,Robinsons Place Bacolod,visayas
madsun travel & tours,MADSUN TRAVEL & TOURS,robinsons,robinsons-las-pinas,Robinsons Place Las Pinas,metro-manila
madrone,Madrone,megaworld,mckinley-west,McKinley West,metro-manila
madisons skin body experts,MADISONS SKIN BODY EXPERTS,sm,sm-city-laoag,SM City Laoag,north-luzon
madeca,MADECA,sm,the-podium,The Podium,metro-manila
made for u,MADE FOR U,ayala,ayala-glorietta,Glorietta,metro-manila
made by pearl,MADE BY PEARL,sm,sm-city-pampanga,SM City Pampanga,north-luzon
made 2 measure,MADE 2 MEASURE,sm,sm-city-taytay,SM City Taytay,metro-manila
madcafe,MADCAFE,sm,sm-city-grand-central,SM City Grand Central,metro-manila
madc dental clinic,MADC DENTAL CLINIC,sm,sm-city-cagayan-de-oro,SM City CDO Uptown,mindanao
mad marks creamery & good eats,MAD MARK'S CREAMERY & GOOD EATS,ayala,ayala-up-town-center,U. P. Town Center,metro-manila
mad arrow,MAD ARROW,sm,sm-city-cauayan,SM City Cauayan,north-luzon
macrowash laundry,MACROWASH LAUNDRY,sm,sm-city-consolacion,SM City Consolacion,visayas
macrosales mini gem exhibit 12 ( fc created space 19 ),MACROSALES MINI GEM EXHIBIT #12 ( FC created space # 19 ),xentro,montalban-town-center,Montalban Town Center,metro-manila
macondara cp,MACONDARA CP,xentro,xentro-mall-roxas,XentroMall Roxas,north-luzon
mackim prints inc,MACKIM PRINTS INC,sm,sm-city-dasmarinas,SM City Dasmariñas,south-luzon
macarampat,MACARAMPAT,xentro,mall-of-the-valley,Mall Of The Valley,north-luzon
macao imperial tea (075),MACAO IMPERIAL TEA (075) 615-0610,robinsons,robinsons-pangasinan,Robinsons Place Pangasinan,north-luzon
jewelmer joaillerie,JEWELMER JOAILLERIE,sm,sm-megamall,SM Megamall,metro-manila
jev & jean cellphone and accessories store,Jev & Jean Cellphone And Accessories Store,robinsons,robinsons-tagum,Robinsons Place Tagum,mindanao
fashion square,Fashion Square 9533153345,robinsons,robinsons-santiago,Robinsons Place Santiago,north-luzon
giardini del sole,GIARDINI DEL SOLE,sm,sm-seaside-city-cebu,SM Seaside City Cebu,visayas
gforce dance center,Gforce Dance Center,filinvest,festival-mall,Festival Mall,metro-manila
ggi massage wellness centre,GGI MASSAGE WELLNESS CENTRE,sm,sm-seaside-city-cebu,SM Seaside City Cebu,visayas
gh minicon,GH Minicon,ortigas,greenhills,Greenhills,metro-manila
gh mobile phones and accessories store,GH MOBILE PHONES AND ACCESSORIES STORE,sm,sm-city-iloilo,SM City Iloilo,visayas
ghostrecon cyberhub internet,GHOSTRECON CYBERHUB INTERNET,sm,sm-city-davao,SM City Davao,mindanao
giant,GIANT,ortigas,greenhills,Greenhills,metro-manila
gibi house,GIBI HOUSE,starmall,alabang,Starmall Alabang,metro-manila
getaway body nails spa,THE GETAWAY BODY NAILS SPA,sm,sm-city-sta-mesa,SM City Sta. Mesa,metro-manila
gibi stay healthy marketing,GIBI STAY HEALTHY MARKETING,xentro,montalban-town-center,Montalban Town Center,metro-manila
gidcels travel tours,GIDCELS TRAVEL TOURS,sm,sm-city-iloilo,SM City Iloilo,visayas
giftbox ph,GIFTBOX.PH,araneta,farmers-plaza,Farmers Plaza,metro-manila
giga matrix,GIGA MATRIX,robinsons,robinsons-palawan,Robinsons Place Palawan,south-luzon
giga natural,GIGA Natural,robinsons,robinsons-ilocos,Robinsons Place Ilocos,north-luzon
gigabyte,GIGABYTE,sm,sm-city-north-edsa,SM City North Edsa,metro-manila
getwell health system,Getwell Health System,fishermall,malabon,Fisher Mall Malabon,metro-manila
get technologies,GET TECHNOLOGIES,robinsons,robinsons-palawan,Robinsons Place Palawan,south-luzon
gems & jewels,GEMS & JEWELS,ayala,ayala-pavilion,Pavilion Mall,south-luzon
generika ketai cellphone repair 1,GENERIKA KETAI CELLPHONE REPAIR 1,xentro,montalban-town-center,Montalban Town Center,metro-manila
gems jewel by carla,GEMS JEWEL BY CARLA,sm,sm-city-butuan,SM City Butuan,mindanao
gemstone jewellery,GEMSTONE JEWELLERY,sm,sm-city-cagayan-de-oro,SM City CDO Uptown,mindanao
gen korean bbq house,GEN KOREAN BBQ HOUSE,sm,sm-by-the-bay,SM By the Bay,metro-manila
gene m gozum,Gene M. Gozum,robinsons,robinsons-manila,Robinsons Place Manila,metro-manila
general photo,GENERAL PHOTO,ayala,ayala-glorietta,Glorietta,metro-manila
generics pharmacy mdh key access duplication and accesories,THE GENERICS PHARMACY MDH Key Access Duplication and Accesories,xentro,xentro-mall-calapan,XentroMall Calapan,south-luzon
genoveza sabor ilonggo pasalubong center,GENOVEZA SABOR ILONGGO PASALUBONG CENTER,sm,sm-city-iloilo,SM City Iloilo,visayas
gerrys grill temporarily closed,Gerry's Grill TEMPORARILY CLOSED,robinsons,robinsons-tuguegarao,Robinsons Place Tuguegarao,north-luzon
gentext telecom,Gentext Telecom,robinsons,robinsons-starmills,Robinsons Starmills,north-luzon
geocon by gadget get,Geocon By Gadget Get,ortigas,greenhills,Greenhills,metro-manila
george & onnies,George & Onnie’s,megaworld,mckinley-west,McKinley West,metro-manila
george and onnies filipino restaurant,GEORGE AND ONNIE'S FILIPINO RESTAURANT,sm,sm-megamall,SM Megamall,metro-manila
geri,Geri,megaworld,venice-grand-canal-mall,Venice Grand Canal Mall,metro-manila
gerrs grill,GERR'S GRILL,robinsons,robinsons-pagadian,Robinsons Pagadian,mindanao
gigagadgets,GIGAGADGETS,sm,sm-city-fairview,SM City Fairview,metro-manila
gigahertz satellite,Gigahertz Satellite,filinvest,festival-mall,Festival Mall,metro-manila
gigatech,GIGATECH,robinsons,robinsons-butuan,Robinsons Place Butuan,mindanao
gladex travel services,GLADEX TRAVEL SERVICES,sm,sm-city-manila,SM City Manila,metro-manila
gizmo central 2,Gizmo Central 2,ortigas,greenhills,Greenhills,metro-manila
gjl optical,GJL OPTICAL,robinsons,robinsons-novaliches,Robinsons Novaliches,metro-manila
gjl optical supplies,GJL OPTICAL SUPPLIES,robinsons,robinsons-novaliches,Robinsons Novaliches,metro-manila
glad king,Glad King,robinsons,robinsons-galleria-ortigas,Robinsons Galleria,metro-manila
gladex travel & tours,Gladex Travel & Tours,megaworld,lucky-chinatown-mall,Lucky Chinatown Mall,metro-manila
gladex travel and tours,GLADEX TRAVEL AND TOURS,robinsons,robinsons-manila,Robinsons Place Manila,metro-manila
glam aesthetic,GLAM AESTHETIC,robinsons,robinsons-bacolod,Robinsons Place Bacolod,visayas
gigatech mobile shop,GIGATECH MOBILE SHOP,sm,sm-city-butuan,SM City Butuan,mindanao
glam feet,Glam Feet,robinsons,robinsons-novaliches,Robinsons Novaliches,metro-manila
glam u salon,GLAM U SALON,sm,sm-city-consolacion,SM City Consolacion,visayas
glamour lounge,GLAMOUR LOUNGE,robinsons,robinsons-pagadian,Robinsons Pagadian,mindanao
glamoureux hair salon,GLAMOUREUX HAIR SALON,ayala,ayala-legazpi,Ayala Malls Legazpi,south-luzon
glenas enterprises,GLENAS ENTERPRISES,sm,sm-center-pasig,SM Center Pasig,metro-manila
glenn electronics erald food express (donnavelle street food),GLENN ELECTRONICS ERALD FOOD EXPRESS (DONNAVELLE STREET FOOD),xentro,tanay-town-center,Tanay Town Center,south-luzon
givenchy,GIVENCHY,ayala,ayala-greenbelt,Greenbelt,metro-manila
gitagum,Gitagum,robinsons,robinsons-iligan,Robinsons Place Iligan,mindanao
girls en gals (bny),GIRLS EN GALS (BNY),araneta,farmers-plaza,Farmers Plaza,metro-manila
girbaud,Girbaud,robinsons,robinsons-pangasinan,Robinsons Place Pangasinan,north-luzon
gionee gadget protekt,GIONEE/GADGET PROTEKT,ayala,ayala-center-cebu,Ayala Center Cebu,visayas
ginza sushi,GINZA SUSHI,ayala,ayala-manila-bay,Ayala Malls Manila Bay,metro-manila
gintong sining art center,Gintong Sining Art Center,filinvest,festival-mall,Festival Mall,metro-manila
ginos pizza and pasta,GINO'S PIZZA AND PASTA,ayala,ayala-serendra,Shops at Serendra,metro-manila
gingersnap just g,GINGERSNAP / JUST G,ayala,ayala-center-cebu,Ayala Center Cebu,visayas
gingerlily,Gingerlily,ortigas,greenhills,Greenhills,metro-manila
ginger wok rice house,Ginger Wok Rice House,robinsons,robinsons-north-tacloban,Robinsons North Tacloban,visayas
ginger wok,Ginger Wok,robinsons,robinsons-tacloban,Robinsons Place Tacloban,visayas
ging gings fruit stand,GING GING'S FRUIT STAND,ayala,ayala-capitol-central,Ayala Malls Capitol Central,visayas
ginataang bilo bilo mais,GINATAANG BILO BILO MAIS,sm,sm-city-lipa,SM City Lipa,south-luzon
giligans island bar restaurant,GILIGAN'S ISLAND BAR RESTAURANT,starmall,san-jose-del-monte,Starmall San Jose del Monte,north-luzon
gilak kebab,GILAK KEBAB,ayala,ayala-greenbelt,Greenbelt,metro-manila
gigli,GIGLI,ayala,ayala-market-market,Market! Market!,metro-manila
gems empanada,GEM'S EMPANADA,robinsons,robinsons-la-union,Robinsons Place La Union,north-luzon
gem gallery,GEM GALLERY,sm,sm-city-north-edsa,SM City North Edsa,metro-manila
gt fleurs,GT FLEURS,sm,sm-center-pulilan,SM Center Pulilan,north-luzon
gam ja friez,GAM JA FRIEZ,robinsons,robinsons-metro-east,Robinsons Metro East,metro-manila
gallery by gch,THE GALLERY BY GCH,sm,sm-lanang,SM Lanang,mindanao
gallery frames,GALLERY FRAMES,sm,sm-megamall,SM Megamall,metro-manila
gallery genesis,Gallery Genesis,ortigas,estancia,Estancia,metro-manila
gallery nine,GALLERY NINE,sm,sm-megamall,SM Megamall,metro-manila
galo dental,Galo Dental,robinsons,robinsons-iloilo,Robinsons Place Iloilo,visayas
galvan cellphone accessories shop,GALVAN CELLPHONE ACCESSORIES SHOP,xentro,balagtas-town-center,Balagtas Town Center,north-luzon
gambas stuffed toys,Gamba’s Stuffed Toys,filinvest,fora,Fora Mall,south-luzon
galleon,GALLEON,sm,sm-city-bacolod,SM City Bacolod,visayas
game site accessories,Game Site Accessories,filinvest,festival-mall,Festival Mall,metro-manila
game source,Game Source,robinsons,robinsons-manila,Robinsons Place Manila,metro-manila
gamen core,Gamen Core,waltermart,dasmarinas,WalterMart Dasmariñas,south-luzon
gamen core computer laptop repair services,GAMEN CORE COMPUTER LAPTOP REPAIR SERVICES,sm,sm-center-lemery,SM Center Lemery,south-luzon
gameplace,The Gameplace,robinsons,robinsons-lipa,Robinsons Place Lipa,south-luzon
gamequest,Gamequest,ortigas,greenhills,Greenhills,metro-manila
galleria nicolas,GALLERIA NICOLAS,ayala,ayala-greenbelt,Greenbelt,metro-manila
galetote t shirt printing shoppe,GALETOTE T-SHIRT PRINTING SHOPPE,sm,sm-city-puerto-princesa,SM City Puerto Princesa,south-luzon
gelron street foods,GELRON STREET FOODS,sm,sm-city-cabanatuan,SM City Cabanatuan,north-luzon
gadze tech,Gadze Tech,robinsons,robinsons-valencia,Robinsons Place Valencia,mindanao
gadgetcore cellphone & accessories shop,GADGETCORE CELLPHONE & ACCESSORIES SHOP,araneta,ali-mall,Ali Mall,metro-manila
gadgetmate,Gadgetmate,robinsons,galleria-south,Robinsons Galleria South,south-luzon
gadgetologie,Gadgetologie,ortigas,greenhills,Greenhills,metro-manila
gadgets lab,GADGETS LAB,robinsons,robinsons-metro-east,Robinsons Metro East,metro-manila
gadgets station,GADGETS STATION,sm,sm-city-sta-mesa,SM City Sta. Mesa,metro-manila
gadgetway,GADGETWAY,waltermart,sucat,WalterMart Sucat,metro-manila
gaea crystal and gemstone jewelry,GAEA - CRYSTAL AND GEMSTONE JEWELRY,ayala,ayala-glorietta,Glorietta,metro-manila
galetote,Galetote,robinsons,robinsons-palawan,Robinsons Place Palawan,south-luzon
gaille and george,GAILLE AND GEORGE,ayala,ayala-feliz,Ayala Malls Feliz,metro-manila
galeria anna,Galeria Anna,filinvest,festival-mall,Festival Mall,metro-manila
galeria lienzo,GALERIA LIENZO,ayala,ayala-serendra,Shops at Serendra,metro-manila
galerie francesca,GALERIE FRANCESCA,sm,sm-megamall,SM Megamall,metro-manila
galerie raphael,GALERIE RAPHAEL,ayala,ayala-center-cebu,Ayala Center Cebu,visayas
galerie y,GALERIE Y,sm,sm-megamall,SM Megamall,metro-manila
gamesite,Gamesite,filinvest,festival-mall,Festival Mall,metro-manila
gamesite net cafe,GAMESITE NET CAFE,robinsons,robinsons-cainta,Robinsons Cainta,metro-manila
gametime athletics,GAMETIME ATHLETICS,ayala,ayala-market-market,Market! Market!,metro-manila
gdgt zone,GDGT ZONE,sm,sm-savemore-apalit,SM Savemore Apalit,north-luzon
gaudencious lugaw to go,Gaudenciou's Lugaw To Go,robinsons,robinsons-tagum,Robinsons Place Tagum,mindanao
gayles flower shop pampanga,GAYLES FLOWER SHOP PAMPANGA,sm,sm-city-pampanga,SM City Pampanga,north-luzon
gb mobile,GB MOBILE,sm,sm-city-marilao,SM City Marilao,north-luzon
gc collectibles,Gc Collectibles,ortigas,greenhills,Greenhills,metro-manila
gcash atm,GCash ATM,megaworld,lucky-chinatown-mall,Lucky Chinatown Mall,metro-manila
gcf sta rosa worship center,GCF Sta. Rosa Worship Center 0943-7096932,robinsons,robinsons-sta-rosa,Robinsons Sta. Rosa,south-luzon
geewan,GEEWAN,sm,sm-city-naga,SM City Naga,south-luzon
gaming library,GAMING LIBRARY,ayala,ayala-greenbelt,Greenbelt,metro-manila
gegatech,Gegatech,robinsons,robinsons-butuan,Robinsons Place Butuan,mindanao
geh20,GEH20,sm,sm-city-cabanatuan,SM City Cabanatuan,north-luzon
gelato by chef miko,Gelato by Chef Miko,ortigas,greenhills,Greenhills,metro-manila
geleen cellphone and accessories,Geleen Cellphone and Accessories,robinsons,robinsons-imus,Robinsons Place Imus,south-luzon
gelrocks,Gelrocks,robinsons,robinsons-lipa,Robinsons Place Lipa,south-luzon
gelron lugawan,GELRON LUGAWAN,sm,sm-city-cabanatuan,SM City Cabanatuan,north-luzon
gatsu man,Gatsu-Man,megaworld,uptown-mall,Uptown Mall,metro-manila
gatchalian medical center,GATCHALIAN MEDICAL CENTER,sm,sm-center-ormoc,SM Center Ormoc,visayas
gat petshop,GAT Petshop,ortigas,tiendesitas,Tiendesitas,metro-manila
gashapon bandai official,GASHAPON BANDAI OFFICIAL,robinsons,robinsons-manila,Robinsons Place Manila,metro-manila
gasa,GASA,sm,sm-city-butuan,SM City Butuan,mindanao
garys thai massage,Gary's Thai Massage,robinsons,robinsons-ilocos,Robinsons Place Ilocos,north-luzon
garrys thai massage and spa,GARRYS THAI MASSAGE AND SPA,sm,sm-city-laoag,SM City Laoag,north-luzon
garnish,Garnish,robinsons,robinsons-dumaguete,Robinsons Place Dumaguete,visayas
garnet,GARNET,sm,sm-city-san-lazaro,SM City San Lazaro,metro-manila
garden wing cafe,Garden Wing Cafe,megaworld,newport-city,Newport City,metro-manila
garden in pares,Garden In Pares,waltermart,candelaria,WalterMart Candelaria,south-luzon
gaoc dental,GAOC Dental,robinsons,robinsons-magnolia,Robinsons Magnolia,metro-manila
ganso shabuwayganso gyukatsu,GANSO SHABUWAYGANSO GYUKATSU,sm,moa-square,MOA Square,metro-manila
gangji produced hongkong cafe,GANGJI PRODUCED HONGKONG CAFÉ,sm,sm-city-north-edsa,SM City North Edsa,metro-manila
gang nam nail art studio,GANG-NAM NAIL ART STUDIO,starmall,san-jose-del-monte,Starmall San Jose del Monte,north-luzon
gang gang chicken,GANG GANG CHICKEN,robinsons,robinsons-metro-east,Robinsons Metro East,metro-manila
gandang ricky reyes,GANDANG RICKY REYES,ayala,ayala-market-market,Market! Market!,metro-manila
global art philippines,Global Art Philippines,megaworld,alabang-west-parade,Alabang West Parade,metro-manila
global headstart,Global Headstart,fishermall,quezonave,Fisher Mall Quezon Avenue,metro-manila
globe 211,GLOBE 211 (NEW),robinsons,robinsons-dumaguete,Robinsons Place Dumaguete,visayas
grandscape travel tours,GRANDSCAPE TRAVEL TOURS,sm,sm-city-cagayan-de-oro,SM City CDO Uptown,mindanao
grainsmart,GRAINSMART,ayala,ayala-market-market,Market! Market!,metro-manila
gran moshi koshi of tokyo,GRAN MOSHI KOSHI OF TOKYO,ayala,ayala-vertis,Ayala Malls Vertis North,metro-manila
grand hope travel & tours,GRAND HOPE TRAVEL & TOURS,sm,sm-city-cebu,SM City Cebu,visayas
grand hope ventures travel,GRAND HOPE VENTURES TRAVEL,ayala,ayala-center-cebu,Ayala Center Cebu,visayas
grand prg gems inc,"GRAND PRG GEMS, INC.",xentro,ab-central,Ab Central,metro-manila
grandmas sandwich grilled and healthy,GRANDMAS SANDWICH GRILLED AND HEALTHY,sm,sm-city-valenzuela,SM City Valenzuela,metro-manila
graphic,GRAPHIC,ayala,ayala-centrio,Centrio Mall,mindanao
grail,Grail,ortigas,greenhills,Greenhills,metro-manila
graphic gadget store,Graphic Gadget Store,robinsons,robinsons-valencia,Robinsons Place Valencia,mindanao
graphic star,GRAPHIC STAR,ayala,ayala-center-cebu,Ayala Center Cebu,visayas
graphicstar,GRAPHICSTAR,sm,sm-city-cebu,SM City Cebu,visayas
gray enterprise,GRAY ENTERPRISE,ayala,ayala-market-market,Market! Market!,metro-manila
great buddha cafe,THE GREAT BUDDHA CAFE,sm,sm-city-tanza,SM City Tanza,south-luzon
greatdays travel & tours,GREATDAYS TRAVEL & TOURS,robinsons,robinsons-novaliches,Robinsons Novaliches,metro-manila
grail cleaning services,GRAIL CLEANING SERVICES,sm,the-podium,The Podium,metro-manila
graffiti bar,Graffiti Bar,megaworld,eastwood-city-walk,Eastwood City Walk,metro-manila
globe ca exhibit network,GLOBE CA EXHIBIT NETWORK,xentro,montalban-town-center,Montalban Town Center,metro-manila
goto zone,Goto Zone,robinsons,robinsons-dasmarinas,Robinsons Place Dasmarinas,south-luzon
goto de antonio,GOTO DE ANTONIO,sm,sm-city-cauayan,SM City Cauayan,north-luzon
goto king plus,GOTO KING PLUS,sm,sm-city-fairview,SM City Fairview,metro-manila
goto lovers,Goto Lovers,robinsons,robinsons-dasmarinas,Robinsons Place Dasmarinas,south-luzon
goto pilipinas,Goto Pilipinas,waltermart,muntinlupa,WalterMart Muntinlupa,metro-manila
goto tendon,Goto Tendon,ortigas,greenhills,Greenhills,metro-manila
goto topps,GOTO TOPPS,ayala,ayala-marikina,Ayala Malls Marikina,metro-manila
gotsoul mnl,GotSoul MNL,megaworld,forbes-town,Forbes Town,metro-manila
graffitea milk tea house,GRAFFITEA MILK TEA HOUSE,xentro,xentro-mall-calapan,XentroMall Calapan,south-luzon
gotyme atm,Gotyme ATM,megaworld,uptown-mall,Uptown Mall,metro-manila
gpc money changer,GPC MONEY CHANGER,ayala,ayala-malls-central-bloc,Ayala Malls Central Bloc,visayas
grace mini mart,Grace Mini Mart,megaworld,california-garden-square,California Garden Square,metro-manila
grace pharmacy,GRACE PHARMACY,ayala,ayala-capitol-central,Ayala Malls Capitol Central,visayas
gracious angeli travel & tours,Gracious Angeli Travel & Tours 9175061999,robinsons,robinsons-santiago,Robinsons Place Santiago,north-luzon
gracious angeli travel tours,GRACIOUS ANGELI TRAVEL TOURS,sm,sm-city-baguio,SM City Baguio,north-luzon
greattoys online com,Greattoys Online.com,ortigas,greenhills,Greenhills,metro-manila
greekys shawarma,Greekys Shawarma,xentro,shopking,Shopking,metro-manila
green bounty,GREEN BOUNTY,sm,sm-lanang,SM Lanang,mindanao
grillily,Grillily,robinsons,robinsons-las-pinas,Robinsons Place Las Pinas,metro-manila
grent cellphone station accessories,GRENT CELLPHONE STATION ACCESSORIES,sm,sm-center-muntinlupa,SM Center Muntinlupa,metro-manila
grey fashion collection,GREY FASHION COLLECTION,ayala,ayala-market-market,Market! Market!,metro-manila
grill,The Grill,robinsons,robinsons-santiago,Robinsons Place Santiago,north-luzon
grill central,GRILL CENTRAL,robinsons,robinsons-bacolod,Robinsons Place Bacolod,visayas
grill meister,Grill Meister,ortigas,greenhills,Greenhills,metro-manila
grill specialist inc ( gudsilog ),"GRILL SPECIALIST, INC. ( GUDSILOG )",xentro,balagtas-town-center,Balagtas Town Center,north-luzon
growing in christ fellowship,Growing In Christ Fellowship,robinsons,robinsons-otis,Robinsons Otis,metro-manila
green bounty kitchen,THE GREEN BOUNTY KITCHEN,sm,sm-city-davao,SM City Davao,mindanao
grumpy storm,GRUMPY STORM,sm,sm-city-baliwag,SM City Baliwag,north-luzon
grupo barbero,Grupo Barbero,xentro,shopking,Shopking,metro-manila
grwm,Grwm (kiosk),filinvest,festival-mall,Festival Mall,metro-manila
gsis,GSIS,sm,sm-city-north-edsa,SM City North Edsa,metro-manila
gsis gw ps,GSIS GW@PS ( Temporarily closed ),robinsons,robinsons-bacolod,Robinsons Place Bacolod,visayas
gsm jam tools,Gsm Jam Tools,ortigas,greenhills,Greenhills,metro-manila
grent cellphone station,GRENT CELLPHONE STATION,sm,sm-city-calamba,SM City Calamba,south-luzon
gregorias curtains and trims haus,GREGORIAS CURTAINS AND TRIMS HAUS,sm,sm-city-cebu,SM City Cebu,visayas
greetings from taiwan,GREETINGS FROM TAIWAN (9989998816),robinsons,robinsons-magnolia,Robinsons Magnolia,metro-manila
greenwood furniture,Greenwood Furniture,robinsons,robinsons-dasmarinas,Robinsons Place Dasmarinas,south-luzon
greenwood,Greenwood,robinsons,robinsons-dasmarinas,Robinsons Place Dasmarinas,south-luzon
greenwich tk takoyaki,GREENWICH TK TAKOYAKI,xentro,xentro-mall-calapan,XentroMall Calapan,south-luzon
greenwich grw cellphone,GREENWICH GRW CELLPHONE,xentro,montalban-town-center,Montalban Town Center,metro-manila
greenwich cjm ciomai and gulaman pandan enterprises buko express,GREENWICH CJM CIOMAI AND GULAMAN PANDAN ENTERPRISES/ BUKO EXPRESS,xentro,tanay-town-center,Tanay Town Center,south-luzon
greentab open,GREENTAB OPEN,robinsons,robinsons-los-banos,Robinsons Town Mall Los Banos,south-luzon
greenscape petshop and supplies,Greenscape Petshop And Supplies,megaworld,festive-walk-parade,Festive Walk Parade,visayas
greenmart,Greenmart,ortigas,greenhills,Greenhills,metro-manila
greenlife,Greenlife,robinsons,robinsons-iloilo,Robinsons Place Iloilo,visayas
greenbucks,Greenbucks,waltermart,makiling,WalterMart Makiling,south-luzon
green lane,GREEN LANE,ayala,ayala-the-district-imus,The District Imus,south-luzon
green day matcha bar,Green Day Matcha Bar,robinsons,robinsons-north-tacloban,Robinsons North Tacloban,visayas
green coco,GREEN COCO,robinsons,galleria-south,Robinsons Galleria South,south-luzon
green box hub,Green Box Hub,robinsons,robinsons-manila,Robinsons Place Manila,metro-manila
goto believe,Goto Believe,megaworld,california-garden-square,California Garden Square,metro-manila
goto asia,GOTO ASIA,starmall,alabang,Starmall Alabang,metro-manila
got game,GOT GAME,sm,sm-jmall,SM J Mall,visayas
go gym,Go Gym,megaworld,venice-grand-canal-mall,Venice Grand Canal Mall,metro-manila
gml hongkong style fried noodles,GML-HONGKONG STYLE FRIED NOODLES,sm,sm-city-lipa,SM City Lipa,south-luzon
gnarly,Gnarly,ortigas,greenhills,Greenhills,metro-manila
gnb collectibles hangout,GNB COLLECTIBLES HANGOUT,araneta,ali-mall,Ali Mall,metro-manila
gnos pika pika,GNO's Pika Pika,fishermall,quezonave,Fisher Mall Quezon Avenue,metro-manila
go bento,Go Bento,robinsons,robinsons-galleria-ortigas,Robinsons Galleria,metro-manila
go ginataan,GO GINATAAN,sm,sm-city-sta-mesa,SM City Sta. Mesa,metro-manila
go hotels,Go Hotels,robinsons,robinsons-otis,Robinsons Otis,metro-manila
gold and pearls,GOLD AND PEARLS,sm,sm-city-clark,SM City Clark,north-luzon
go mobile enterprise,Go Mobile Enterprise,waltermart,plaridel,WalterMart Plaridel,north-luzon
go pedal ph,Go Pedal Ph,megaworld,arcovia-city,Arcovia City,metro-manila
goco optical royale fashion shop ( ebn fashion ),Goco Optical ROYALE FASHION SHOP ( EBN FASHION ),xentro,xentro-mall-calapan,XentroMall Calapan,south-luzon
godies trading,Godie's Trading,waltermart,gapan,WalterMart Gapan,north-luzon
gods gift printshoppe dunkin donuts,GOD'S GIFT PRINTSHOPPE DUNKIN DONUTS,xentro,montalban-town-center,Montalban Town Center,metro-manila
gogo gadgets,Gogo Gadgets,ortigas,greenhills,Greenhills,metro-manila
gmel cellphone repair shop,GMEL Cellphone Repair Shop,araneta,farmers-plaza,Farmers Plaza,metro-manila
gm time,GM-TIME,sm,sm-city-grand-central,SM City Grand Central,metro-manila
gm education,GM Education,megaworld,venice-grand-canal-mall,Venice Grand Canal Mall,metro-manila
glutaness wellness and beauty center,GLUTANESS WELLNESS AND BEAUTY CENTER,sm,sm-city-olongapo-downtown,SM City Olongapo Downtown,north-luzon
glutahome aesthetic,THE GLUTAHOME AESTHETIC,robinsons,robinsons-lipa,Robinsons Place Lipa,south-luzon
gluta republiq,Gluta Republiq,robinsons,robinsons-galleria-cebu,Robinsons Galleria Cebu,visayas
gluta homes,Gluta Homes,robinsons,robinsons-lipa,Robinsons Place Lipa,south-luzon
gluta drip,THE GLUTA DRIP,robinsons,robinsons-antipolo,Robinsons Place Antipolo,metro-manila
glow up,Glow Up,robinsons,robinsons-luisita,Robinsons Luisita,north-luzon
glow march 28 2017,"GLOW *March 28, 2017",xentro,balagtas-town-center,Balagtas Town Center,north-luzon
glow,Glow,megaworld,uptown-mall,Uptown Mall,metro-manila
glorys empanada,GLORYS EMPANADA,sm,sm-city-sta-mesa,SM City Sta. Mesa,metro-manila
glomys empanada,Glomy's Empanada,robinsons,robinsons-ilocos,Robinsons Place Ilocos,north-luzon
globewest finance corp,Globewest Finance Corp.,megaworld,festive-walk-parade,Festive Walk Parade,visayas
globe touchpay,Globe TouchPay,megaworld,three-central,Three Central Mall,metro-manila
globe signal coverage,GLOBE SIGNAL COVERAGE,xentro,tanay-town-center,Tanay Town Center,south-luzon
globe in house solution,GLOBE IN-HOUSE SOLUTION,xentro,tanay-town-center,Tanay Town Center,south-luzon
gold accent jewelry by jrose,GOLD ACCENT JEWELRY BY JROSE,sm,sm-city-davao,SM City Davao,mindanao
gold buyers,GOLD BUYERS,araneta,farmers-plaza,Farmers Plaza,metro-manila
gosalads,GOSALADS,sm,sm-city-north-edsa,SM City North Edsa,metro-manila
good noodle korean food mart,Good-Noodle Korean Food Mart,megaworld,san-lorenzo-place-mall,San Lorenzo Place Mall,metro-manila
gong cha (open,Gong Cha (OPEN},robinsons,robinsons-lipa,Robinsons Place Lipa,south-luzon
good barber,THE GOOD BARBER,robinsons,robinsons-galleria-ortigas,Robinsons Galleria,metro-manila
good bread by el cielito hotels,GOOD BREAD BY EL CIELITO HOTELS,sm,sm-city-baguio,SM City Baguio,north-luzon
good farmer,THE GOOD FARMER,ayala,ayala-solenad,Ayala Malls Nuvali,south-luzon
good kause,GOOD KAUSE,ayala,ayala-centrio,Centrio Mall,mindanao
good luck hotpot,Good Luck Hotpot,ortigas,greenhills,Greenhills,metro-manila
good soles ph,GOOD SOLES PH,robinsons,robinsons-galleria-ortigas,Robinsons Galleria,metro-manila
gold lounge,Gold Lounge,ortigas,estancia,Estancia,metro-manila
good steward,THE GOOD STEWARD,sm,sm-city-clark,SM City Clark,north-luzon
goodkause,GOODKAUSE,sm,sm-cdo-downtown,SM CDO Downtown Premier,mindanao
goodluck fengshui,Goodluck Fengshui,robinsons,robinsons-manila,Robinsons Place Manila,metro-manila
googoo sweet cake,Googoo Sweet Cake,robinsons,robinsons-iligan,Robinsons Place Iligan,mindanao
gootopia,GOOTOPIA,sm,sm-mall-of-asia,SM Mall of Asia,metro-manila
gorgeous luxe nail spa,GORGEOUS LUXE NAIL SPA,sm,sm-city-fairview,SM City Fairview,metro-manila
goldsight telecoms,GOLDSIGHT TELECOMS,sm,sm-city-clark,SM City Clark,north-luzon
goldmine,GOLDMINE,robinsons,robinsons-novaliches,Robinsons Novaliches,metro-manila
goldilocks mini gem exhibit (5),GOLDILOCKS MINI GEM EXHIBIT (5),xentro,montalban-town-center,Montalban Town Center,metro-manila
goldilocks mayandug cellphone and accessories,GOLDILOCKS MAYANDUG CELLPHONE AND ACCESSORIES,xentro,xentro-mall-lemery,XentroMall Lemery,south-luzon
goldilocks bakeshop inc sailor burger,"GOLDILOCKS BAKESHOP, INC. SAILOR BURGER",xentro,tanay-town-center,Tanay Town Center,south-luzon
golden tri bloc,GOLDEN TRI- BLOC,xentro,ab-central,Ab Central,metro-manila
golden phoniex,Golden Phoniex,ortigas,greenhills,Greenhills,metro-manila
golden monkey,Golden Monkey,ortigas,greenhills,Greenhills,metro-manila
golden lady,GOLDEN LADY,sm,sm-megamall,SM Megamall,metro-manila
golden hills jewelry,GOLDEN HILLS JEWELRY,sm,sm-city-clark,SM City Clark,north-luzon
golden haven,GOLDEN HAVEN,starmall,san-jose-del-monte,Starmall San Jose del Monte,north-luzon
golden crest arts & frames,GOLDEN CREST ARTS & FRAMES,ayala,ayala-glorietta,Glorietta,metro-manila
golden catch,The Golden Catch,robinsons,robinsons-magnolia,Robinsons Magnolia,metro-manila
golden bowl dimsum express,GOLDEN BOWL DIMSUM EXPRESS,sm,sm-city-cebu,SM City Cebu,visayas
gold star,Gold Star,robinsons,robinsons-tacloban,Robinsons Place Tacloban,visayas
gold n gems,Gold N Gems,ortigas,greenhills,Greenhills,metro-manila
gold mine,Gold Mine,robinsons,robinsons-novaliches,Robinsons Novaliches,metro-manila
gadgetbot,GADGETBOT,sm,sm-city-fairview,SM City Fairview,metro-manila
gadget zone,Gadget Zone,robinsons,robinsons-pavia,Robinsons Place Pavia,visayas
gadget world,GADGET WORLD,sm,sm-city-sucat,SM City Sucat,metro-manila
fish & co modern shanghai,FISH & CO / MODERN SHANGHAI,ayala,ayala-up-town-center,U. P. Town Center,metro-manila
fiona jewelry,FIONA JEWELRY,sm,sm-city-north-edsa,SM City North Edsa,metro-manila
fioretti jewellery,Fioretti Jewellery,ortigas,greenhills,Greenhills,metro-manila
fire exit,Fire Exit,ortigas,estancia,Estancia,metro-manila
first metro investment hub,FIRST METRO INVESTMENT HUB,ayala,ayala-abreeza,Abreeza,mindanao
first metro securities,FIRST METRO SECURITIES,ayala,ayala-abreeza,Abreeza,mindanao
first state rural bank inc,First State Rural Bank Inc.,robinsons,robinsons-iloilo,Robinsons Place Iloilo,visayas
fisher dept store,Fisher Dept. Store,fishermall,malabon,Fisher Mall Malabon,metro-manila
finn cotton,FINN COTTON,ayala,ayala-manila-bay,Ayala Malls Manila Bay,metro-manila
fisher snacks 2,Fisher Snacks 2,fishermall,quezonave,Fisher Mall Quezon Avenue,metro-manila
fisher toy store,FISHER TOY STORE,fishermall,malabon,Fisher Mall Malabon,metro-manila
fishes seafood and wine,Fishes Seafood And Wine,filinvest,il-corso,IL Corso,visayas
fit white,Fit White,megaworld,festive-walk-parade,Festive Walk Parade,visayas
fit x gym,Fit-X Gym 0919-913-1031,robinsons,robinsons-sta-rosa,Robinsons Sta. Rosa,south-luzon
fitlab,FITLAB,fishermall,malabon,Fisher Mall Malabon,metro-manila
fino leatherware,FINO LEATHERWARE,ayala,ayala-glorietta,Glorietta,metro-manila
finix,FINIX,sm,the-podium,The Podium,metro-manila
flowerstoreph,FlowerStorePH,megaworld,newport-city,Newport City,metro-manila
filippo,FILIPPO,ayala,ayala-center-cebu,Ayala Center Cebu,visayas
filbela,FILBELA,araneta,farmers-plaza,Farmers Plaza,metro-manila
fili,FILI,sm,sm-city-davao,SM City Davao,mindanao
filigree,Filigree,filinvest,festival-mall,Festival Mall,metro-manila
filinvest land inc,Filinvest Land Inc,filinvest,dumaguete,Filinvest Malls Dumaguete,visayas
filipinas pawnshop inc,Filipinas Pawnshop Inc.,waltermart,north-edsa,WalterMart North EDSA,metro-manila
filipino creazione,FILIPINO CREAZIONE,robinsons,robinsons-otis,Robinsons Otis,metro-manila
fill it,Fill It,ortigas,estancia,Estancia,metro-manila
finessa aesthetica,FINESSA AESTHETICA,sm,sm-city-sucat,SM City Sucat,metro-manila
film,THE FILM,robinsons,robinsons-lipa,Robinsons Place Lipa,south-luzon
film beyond the photobooth,THE FILM BEYOND THE PHOTOBOOTH,sm,sm-city-santa-rosa,SM City Santa Rosa,south-luzon
filmat massage,FILMAT MASSAGE,xentro,sta-ana-public-market,Sta Ana Public Market,metro-manila
finds a discount store,FINDS A DISCOUNT STORE,starmall,alabang,Starmall Alabang,metro-manila
fine art photographics,FINE ART PHOTOGRAPHICS,sm,sm-city-lucena,SM City Lucena,south-luzon
fine fancy,FINE FANCY,sm,sm-megamall,SM Megamall,metro-manila
fitness factory,Fitness Factory,megaworld,mactan-newtown,Mactan Newtown,visayas
fiuntime exhibit,FIUNTIME EXHIBIT,xentro,xentro-mall-roxas,XentroMall Roxas,north-luzon
fivea,FIVEA,ayala,ayala-glorietta,Glorietta,metro-manila
florantes pasalubong,FLORANTE'S PASALUBONG,ayala,ayala-serin,Ayala Malls Serin,south-luzon
flight 001 (02),Flight 001 (02) 8470-5049,robinsons,robinsons-magnolia,Robinsons Magnolia,metro-manila
flip sole,Flip Sole,robinsons,robinsons-naga,Robinsons Place Naga,south-luzon
flirt waxing lounge,FLIRT WAXING LOUNGE,sm,smdc-light-mall,SMDC Light Mall,metro-manila
flor accessories,FLOR ACCESSORIES,robinsons,robinsons-cagayan-de-oro,Robinsons Cagayan de Oro,mindanao
florabel,Florabel,ortigas,estancia,Estancia,metro-manila
floral emotions,FLORAL EMOTIONS,ayala,ayala-harbor-point,Harbor Point,north-luzon
florazol rtw shop,Florazol RTW Shop,araneta,farmers-plaza,Farmers Plaza,metro-manila
fix&free salon,FIX&FREE SALON,waltermart,naic,WalterMart Naic,south-luzon
florentinas kainan,Florentina's Kainan,robinsons,robinsons-novaliches,Robinsons Novaliches,metro-manila
florsheimnaturalizer,FLORSHEIMNATURALIZER,sm,sm-city-davao,SM City Davao,mindanao
flower farm,FLOWER FARM,ayala,ayala-solenad,Ayala Malls Nuvali,south-luzon
flower n vase,FLOWER N VASE,sm,sm-center-lemery,SM Center Lemery,south-luzon
flowerboy,FLOWERBOY,robinsons,opus,Opus Mall,metro-manila
flowers and beyond,Flowers and Beyond,robinsons,robinsons-naga,Robinsons Place Naga,south-luzon
flight 001,FLIGHT 001,ayala,ayala-center-cebu,Ayala Center Cebu,visayas
flexzone,FLEXZONE,robinsons,robinsons-metro-east,Robinsons Metro East,metro-manila
flex zone opc,Flex Zone OPC,robinsons,robinsons-novaliches,Robinsons Novaliches,metro-manila
flex zone,FLEX ZONE,robinsons,robinsons-gapan,Robinsons Gapan,north-luzon
fleur de liz flower shop,Fleur De Liz Flower Shop,waltermart,antipolo,WalterMart Antipolo,metro-manila
flerr,FLERR,sm,sm-city-davao,SM City Davao,mindanao
fleek eyebrow and beauty clinic,FLEEK EYEBROW AND BEAUTY CLINIC,sm,sm-megamall,SM Megamall,metro-manila
flavours of manila,Flavours of Manila,robinsons,robinsons-dumaguete,Robinsons Place Dumaguete,visayas
flatwhite cafe,FLATWHITE CAFE,sm,sm-city-lipa,SM City Lipa,south-luzon
flashy case,FLASHY CASE,robinsons,robinsons-antipolo,Robinsons Place Antipolo,metro-manila
flash connect,FLASH CONNECT,sm,sm-center-angono,SM Center Angono,metro-manila
flash box,FLASH BOX,robinsons,robinsons-angeles,Robinsons Angeles,north-luzon
fjv cellphone accessories,FJV CELLPHONE ACCESSORIES,sm,sm-center-pulilan,SM Center Pulilan,north-luzon
fixst,Fixst 9156326558,robinsons,robinsons-santiago,Robinsons Place Santiago,north-luzon
fixin zone gadget repair shop,FIXIN ZONE GADGET REPAIR SHOP,sm,sm-center-tuguegarao-downtown,SM Center Tuguegarao Downtown,north-luzon
fixin zone,FIXIN ZONE,robinsons,robinsons-santiago,Robinsons Place Santiago,north-luzon
fixed to fit,FIXED TO FIT,robinsons,robinsons-las-pinas,Robinsons Place Las Pinas,metro-manila
filbars multiverse,Filbar's Multiverse,ortigas,greenhills,Greenhills,metro-manila
filarts gallery coffee shop,FILARTS GALLERY COFFEE SHOP,robinsons,robinsons-novaliches,Robinsons Novaliches,metro-manila
filarts gallery,FILARTS GALLERY,robinsons,robinsons-novaliches,Robinsons Novaliches,metro-manila
feast,The Feast,robinsons,robinsons-galleria-ortigas,Robinsons Galleria,metro-manila
faxcable,Faxcable,ortigas,greenhills,Greenhills,metro-manila
fc home center,FC HOME CENTER,robinsons,robinsons-sta-rosa,Robinsons Sta. Rosa,south-luzon
fc home depot,FC HOME DEPOT,ayala,ayala-circuit,Ayala Malls Circuit,metro-manila
fcp sunrise travel tours,FCP SUNRISE TRAVEL TOURS,sm,sm-city-sto-tomas,SM City Sto. Tomas,south-luzon
fct autoshop & services,FCT AUTOSHOP & SERVICES,robinsons,robinsons-novaliches,Robinsons Novaliches,metro-manila
fda,FDA,starmall,alabang,Starmall Alabang,metro-manila
feast & fire,FEAST & FIRE,sm,sm-city-clark,SM City Clark,north-luzon
fely js,Fely J's,megaworld,uptown-mall,Uptown Mall,metro-manila
feb gadget repair shop,FEB GADGET REPAIR SHOP,sm,sm-city-san-mateo,SM City San Mateo,metro-manila
federal express,Federal Express,filinvest,festival-mall,Festival Mall,metro-manila
feed people trading,FEED PEOPLE TRADING,ayala,ayala-market-market,Market! Market!,metro-manila
feelmore enterprises,FEELMORE ENTERPRISES,xentro,ab-central,Ab Central,metro-manila
fei fei by choi garden,Fei Fei By Choi Garden,megaworld,uptown-mall,Uptown Mall,metro-manila
felicias retail pastry shop,FELICIAS RETAIL PASTRY SHOP,sm,sm-city-bacolod,SM City Bacolod,visayas
favorite brew,Favorite Brew,filinvest,main-square,Main Square,south-luzon
faure le page,FAURE LE PAGE,ayala,ayala-greenbelt,Greenbelt,metro-manila
fatty kim,Fatty Kim,fishermall,quezonave,Fisher Mall Quezon Avenue,metro-manila
father and sons music studio,FATHER AND SONS MUSIC STUDIO,sm,sm-cdo-downtown,SM CDO Downtown Premier,mindanao
father and sons barbershop,FATHER AND SONS BARBERSHOP,sm,sm-city-tuguegarao,SM City Tuguegarao,north-luzon
father & sons barbershop,FATHER & SONS BARBERSHOP,robinsons,robinsons-santiago,Robinsons Place Santiago,north-luzon
father & sons,FATHER & SONS,robinsons,robinsons-tuguegarao,Robinsons Place Tuguegarao,north-luzon
fatboys pizza & pasta,Fatboys Pizza & Pasta,waltermart,caloocan,WalterMart Caloocan,metro-manila
fat monk,FAT MONK,sm,sm-cdo-downtown,SM CDO Downtown Premier,mindanao
fat chef restaurant,FAT CHEF RESTAURANT,sm,sm-city-cagayan-de-oro,SM City CDO Uptown,mindanao
fat belly kitchen,FAT BELLY KITCHEN,robinsons,robinsons-manila,Robinsons Place Manila,metro-manila
fastplay,Fastplay,robinsons,robinsons-gen-san,Robinsons Place GenSan,mindanao
fast play,FAST PLAY,robinsons,robinsons-gen-san,Robinsons Place GenSan,mindanao
fast fix key duplication shoes and bags repair,FAST FIX KEY DUPLICATION SHOES AND BAGS REPAIR,sm,sm-city-davao,SM City Davao,mindanao
fashionistas dimsum republic,FASHIONISTA'S DIMSUM REPUBLIC,xentro,montalban-town-center,Montalban Town Center,metro-manila
fashionista mom beauty lounge,FASHIONISTA MOM BEAUTY LOUNGE,sm,sm-center-lemery,SM Center Lemery,south-luzon
fashion tv,FASHION TV,ayala,ayala-manila-bay,Ayala Malls Manila Bay,metro-manila
felt,FELT,sm,sm-megamall,SM Megamall,metro-manila
fema (heal ot blind massage),Fema (Heal-ot Blind Massage),robinsons,robinsons-gen-san,Robinsons Place GenSan,mindanao
fila the look,"FILA, THE LOOK",xentro,xentro-mall-cabagan,XentroMall Cabagan,north-luzon
fiesta dabaw,FIESTA DABAW,sm,sm-city-davao,SM City Davao,mindanao
fibrella service center,FIBRELLA SERVICE CENTER,sm,sm-city-north-edsa,SM City North Edsa,metro-manila
fickle fingers internet cafe,FICKLE FINGERS INTERNET CAFÉ,xentro,montalban-town-center,Montalban Town Center,metro-manila
fielas sticky bun cafe,FIELAS STICKY BUN CAFE,sm,sm-city-cauayan,SM City Cauayan,north-luzon
fiesta,FIESTA,sm,sm-city-iloilo,SM City Iloilo,visayas
fiesta bingo,Fiesta Bingo,robinsons,robinsons-iloilo,Robinsons Place Iloilo,visayas
fiesta communities,FIESTA COMMUNITIES,robinsons,robinsons-starmills,Robinsons Starmills,north-luzon
fiesta inasal,FIESTA INASAL,sm,sm-city-roxas,SM City Roxas,visayas
femies cellphone,FEMIE'S CELLPHONE,xentro,mall-of-the-valley,Mall Of The Valley,north-luzon
fiesta outlet store,Fiesta Outlet Store (NEW),robinsons,robinsons-iloilo,Robinsons Place Iloilo,visayas
fig & vine,FIG & VINE,robinsons,opus,Opus Mall,metro-manila
fighting korean restaurant,Fighting Korean Restaurant,megaworld,festive-walk-mall-iloilo,Festive Walk Mall,visayas
fila italia,FILA ITALIA,sm,sm-city-north-edsa,SM City North Edsa,metro-manila
fila satellite,Fila Satellite,filinvest,festival-mall,Festival Mall,metro-manila
fila storage room yash gadgets 2,FILA STORAGE ROOM YASH GADGETS 2,xentro,xentro-mall-calapan,XentroMall Calapan,south-luzon
fiasfud,FIASFUD,robinsons,opus,Opus Mall,metro-manila
fiametas plants,FIAMETA'S PLANTS,ayala,ayala-market-market,Market! Market!,metro-manila
fg aesthetic centre,FG Aesthetic Centre,megaworld,venice-grand-canal-mall,Venice Grand Canal Mall,metro-manila
fetish couture boutique,FETISH COUTURE BOUTIQUE,ayala,ayala-capitol-central,Ayala Malls Capitol Central,visayas
feta,Feta,megaworld,newport-city,Newport City,metro-manila
festive walk cinemas snackbar,Festive Walk Cinemas - Snackbar,megaworld,festive-walk-mall-iloilo,Festive Walk Mall,visayas
festive walk cinemas,Festive Walk Cinemas,megaworld,festive-walk-mall-iloilo,Festive Walk Mall,visayas
festive market by savemore,Festive Market By Savemore,megaworld,festive-walk-mall-iloilo,Festive Walk Mall,visayas
festive finds,Festive Finds,megaworld,festive-walk-mall-iloilo,Festive Walk Mall,visayas
fertility & reproductive medicine center corp,Fertility & Reproductive Medicine Center Corp. 0956-075-2117,robinsons,robinsons-cybergate-cebu,Robinsons Cybergate Cebu,visayas
ferragamo,FERRAGAMO,ayala,ayala-greenbelt,Greenbelt,metro-manila
fernandez optical,Fernandez Optical,robinsons,robinsons-iligan,Robinsons Place Iligan,mindanao
fernandez associates law firm,FERNANDEZ ASSOCIATES LAW FIRM,sm,smdc-mplace-mall,SMDC Mplace Mall,metro-manila
fermin dental,Fermin Dental,megaworld,san-lorenzo-place-mall,San Lorenzo Place Mall,metro-manila
ferinos bibingka,FERINOS BIBINGKA,sm,sm-city-dasmarinas,SM City Dasmariñas,south-luzon
fendi,FENDI,ayala,ayala-greenbelt,Greenbelt,metro-manila
femies cp,FEMIES CP,xentro,xentro-mall-santiago,XentroMall Santiago,north-luzon
flowers by rosalie,FLOWERS BY ROSALIE,xentro,montalban-town-center,Montalban Town Center,metro-manila
fluffy floss,FLUFFY FLOSS,sm,sm-city-lipa,SM City Lipa,south-luzon
gadget protekt,GADGET PROTEKT,sm,sm-city-cebu,SM City Cebu,visayas
fruity blends,FRUITY BLENDS,robinsons,robinsons-la-union,Robinsons Place La Union,north-luzon
fruitas & jamaican,FRUITAS & JAMAICAN,robinsons,galleria-south,Robinsons Galleria South,south-luzon
fruitas buko ni fruitas,FRUITAS/BUKO NI FRUITAS,ayala,ayala-marquee,MarQuee Mall,north-luzon
fruitas fresh from babots farm,Fruitas - Fresh From Babot's Farm,robinsons,robinsons-roxas,Robinsons Place Roxas,visayas
fruitas ice candy,FRUITAS ICE CANDY,sm,sm-megamall,SM Megamall,metro-manila
fruiteria,Fruiteria,ortigas,estancia,Estancia,metro-manila
fruits to go,Fruits To Go,robinsons,robinsons-bacolod,Robinsons Place Bacolod,visayas
fruity blendz,FRUITY BLENDZ (0967-316-0637),robinsons,robinsons-la-union,Robinsons Place La Union,north-luzon
fruit republic,FRUIT REPUBLIC,xentro,mall-of-the-valley,Mall Of The Valley,north-luzon
frutas,FRUTAS,robinsons,robinsons-starmills,Robinsons Starmills,north-luzon
frutesca,FRUTESCA,ayala,ayala-market-market,Market! Market!,metro-manila
frying chicken x bokki bokki,FRYING CHICKEN X BOKKI BOKKI,robinsons,robinsons-gapan,Robinsons Gapan,north-luzon
ftv cosmetics,FTV Cosmetics,megaworld,newport-city,Newport City,metro-manila
fubu,FUBU,starmall,alabang,Starmall Alabang,metro-manila
fuchs,FUCHS,xentro,balagtas-town-center,Balagtas Town Center,north-luzon
fruitachillos,FRUITACHILLOS,robinsons,robinsons-palawan,Robinsons Place Palawan,south-luzon
frp imp perfume collection,FRP-IMP PERFUME COLLECTION,xentro,morong-centerpoint,Morong Centerpoint,metro-manila
fluffy floss cotton candy,FLUFFY FLOSS COTTON CANDY,robinsons,robinsons-lipa,Robinsons Place Lipa,south-luzon
freshlookme salon,FRESHLOOKME SALON,starmall,alabang,Starmall Alabang,metro-manila
french baker salon de the,THE FRENCH BAKER SALON DE THE,sm,sm-megamall,SM Megamall,metro-manila
frescas frutas,FRESCAS FRUTAS,sm,sm-center-tuguegarao-downtown,SM Center Tuguegarao Downtown,north-luzon
fresenius kidney care,FRESENIUS KIDNEY CARE,sm,sm-city-fairview,SM City Fairview,metro-manila
fresh fragrance,Fresh Fragrance,megaworld,venice-grand-canal-mall,Venice Grand Canal Mall,metro-manila
fresh salon and spa ca exhibits ( property pro ),FRESH SALON AND SPA CA EXHIBITS ( PROPERTY PRO ),xentro,montalban-town-center,Montalban Town Center,metro-manila
fresh salon spa,FRESH SALON SPA,sm,sm-city-molino,SM City Molino,south-luzon
fried noodles hongkong style,Fried Noodles Hongkong Style,waltermart,guiguinto,WalterMart Guiguinto,north-luzon
frosty treat,FROSTY TREAT,robinsons,robinsons-tuguegarao,Robinsons Place Tuguegarao,north-luzon
fried rice express,Fried Rice Express,robinsons,robinsons-imus,Robinsons Place Imus,south-luzon
fries and benefits,FRIES AND BENEFITS,robinsons,robinsons-naga,Robinsons Place Naga,south-luzon
fries guys,FRIES GUYS,ayala,ayala-capitol-central,Ayala Malls Capitol Central,visayas
fries pa more,FRIES PA MORE,robinsons,robinsons-palawan,Robinsons Place Palawan,south-luzon
frigga charmed life,FRIGGA CHARMED LIFE,sm,sm-seaside-city-cebu,SM Seaside City Cebu,visayas
frito fries,FRITO FRIES,sm,sm-city-clark,SM City Clark,north-luzon
fuentes optical,Fuentes Optical,robinsons,robinsons-tacloban,Robinsons Place Tacloban,visayas
fuji shin,FUJI-SHIN,robinsons,robinsons-manila,Robinsons Place Manila,metro-manila
fulloracharm,FulloraCharm,megaworld,eastwood-city-walk,Eastwood City Walk,metro-manila
gadget central,GADGET CENTRAL,araneta,farmers-plaza,Farmers Plaza,metro-manila
g3r repair shop,G3R REPAIR SHOP,sm,sm-city-san-pablo,SM City San Pablo,south-luzon
gab pigmentation,GAB PIGMENTATION,fishermall,malabon,Fisher Mall Malabon,metro-manila
gabriel archangel toddler playschool,GABRIEL ARCHANGEL TODDLER PLAYSCHOOL,sm,sm-city-dasmarinas,SM City Dasmariñas,south-luzon
gabuat,GABUAT,xentro,xentro-mall-santiago,XentroMall Santiago,north-luzon
gabuat cellphone shop,GABUAT CELLPHONE SHOP,xentro,northstar-mall,Northstar Mall,north-luzon
gaddis restaurant,GADDI'S RESTAURANT,xentro,northstar-mall,Northstar Mall,north-luzon
gadget core,GADGET CORE,araneta,farmers-plaza,Farmers Plaza,metro-manila
fun box mobile,FUN BOX MOBILE,starmall,alabang,Starmall Alabang,metro-manila
gadget corner,GADGET CORNER,sm,sm-city-pampanga,SM City Pampanga,north-luzon
gadget express,GADGET EXPRESS,sm,sm-city-urdaneta-central,SM City Urdaneta Central,north-luzon
gadget get,Gadget Get,ortigas,greenhills,Greenhills,metro-manila
gadget hub,Gadget Hub,waltermart,san-fernando,WalterMart San Fernando,north-luzon
gadget planet,Gadget Planet,waltermart,trece-martires,WalterMart Trece Martires,south-luzon
gadget protector,GADGET PROTECTOR,sm,sm-city-san-jose-del-monte,SM City San Jose Del Monte,north-luzon
g style,G-STYLE,robinsons,robinsons-cainta,Robinsons Cainta,metro-manila
g s p money changer,G.S.P. MONEY CHANGER,ayala,ayala-the-district-imus,The District Imus,south-luzon
g forces enterprise,G Forces Enterprise,robinsons,robinsons-tacloban,Robinsons Place Tacloban,visayas
g force oakley,G-FORCE OAKLEY,ayala,ayala-bonifacio-high-street,Bonifacio High Street,metro-manila
fuzione cafe and restaurant sandugo,FUZIONE CAFE AND RESTAURANT SANDUGO,xentro,montalban-town-center,Montalban Town Center,metro-manila
fusion outlet store,FUSION OUTLET STORE,starmall,edsa-shaw,Starmall EDSA-Shaw,metro-manila
fusion,FUSION,starmall,alabang,Starmall Alabang,metro-manila
furry trail crawlers,FURRY TRAIL CRAWLERS,robinsons,robinsons-metro-east,Robinsons Metro East,metro-manila
funtours tecketing services,FUNTOURS TECKETING SERVICES,robinsons,robinsons-butuan,Robinsons Place Butuan,mindanao
funtopia park,FUNTOPIA PARK,robinsons,opus,Opus Mall,metro-manila
funtasia kids club,Funtasia Kids Club,megaworld,newport-city,Newport City,metro-manila
funhouse time concept,FUNHOUSE TIME CONCEPT,xentro,tanay-town-center,Tanay Town Center,south-luzon
funhan mart,Funhan Mart,megaworld,mckinley-west,McKinley West,metro-manila
fundador,Fundador,megaworld,venice-grand-canal-mall,Venice Grand Canal Mall,metro-manila
fun playville co,FUN PLAYVILLE CO.,robinsons,robinsons-gen-san,Robinsons Place GenSan,mindanao
fun house mini gem exhibit (1),FUN HOUSE MINI GEM EXHIBIT (1),xentro,montalban-town-center,Montalban Town Center,metro-manila
fun dkit stick and print works,FUN-DKIT STICK AND PRINT WORKS,sm,sm-city-legazpi,SM City Legazpi,south-luzon
freesoul gadgets and accessories shop,FREESOUL GADGETS AND ACCESSORIES SHOP,ayala,ayala-malls-central-bloc,Ayala Malls Central Bloc,visayas
freelife,FREELIFE,robinsons,robinsons-north-tacloban,Robinsons North Tacloban,visayas
freedom moses,FREEDOM MOSES,ayala,ayala-trinoma,Trinoma,metro-manila
footprint,Footprint,robinsons,robinsons-valencia,Robinsons Place Valencia,mindanao
fonebook cp & acc,FONEBOOK CP & ACC.,xentro,mall-of-the-valley,Mall Of The Valley,north-luzon
fonehub,Fonehub,robinsons,galleria-south,Robinsons Galleria South,south-luzon
food channel,FOOD CHANNEL,sm,sm-center-pasig,SM Center Pasig,metro-manila
food wanderer,FOOD WANDERER,ayala,ayala-manila-bay,Ayala Malls Manila Bay,metro-manila
food world kiosk,Food World Kiosk,filinvest,festival-mall,Festival Mall,metro-manila
foodie stop,Foodie Stop,filinvest,fora,Fora Mall,south-luzon
for keeps,For Keeps,megaworld,eastwood-mall,Eastwood Mall,metro-manila
former 880 enterprises,FORMER 880 ENTERPRISES,xentro,northstar-mall,Northstar Mall,north-luzon
for the love of prints,FOR THE LOVE OF PRINTS,ayala,ayala-abreeza,Abreeza,mindanao
fore pairs buffalo wings,FORE PAIRS BUFFALO WINGS (TEMPORARILY CLOSED),robinsons,robinsons-metro-east,Robinsons Metro East,metro-manila
foreign exchange,Foreign Exchange,robinsons,robinsons-ilocos,Robinsons Place Ilocos,north-luzon
forever beautiful,FOREVER BEAUTIFUL,sm,sm-city-north-edsa,SM City North Edsa,metro-manila
forever flawless,FOREVER FLAWLESS,sm,sm-seaside-city-cebu,SM Seaside City Cebu,visayas
forever mobile,FOREVER MOBILE,sm,sm-city-santa-rosa,SM City Santa Rosa,south-luzon
fonebook,FONEBOOK,ayala,ayala-trinoma,Trinoma,metro-manila
fone zone,FONE ZONE,sm,sm-city-cabanatuan,SM City Cabanatuan,north-luzon
fone scoopz,FONE SCOOPZ,sm,sm-city-cagayan-de-oro,SM City CDO Uptown,mindanao
fone range,Fone Range,robinsons,robinsons-pangasinan,Robinsons Place Pangasinan,north-luzon
fone plus,Fone Plus,robinsons,robinsons-north-tacloban,Robinsons North Tacloban,visayas
fone n rigs,Fone N’ Rigs,filinvest,festival-mall,Festival Mall,metro-manila
fon plus,Fon Plus,robinsons,robinsons-naga,Robinsons Place Naga,south-luzon
fomo music lounge,FOMO MUSIC LOUNGE,sm,sm-city-butuan,SM City Butuan,mindanao
focuss,FOCUSS,sm,sm-city-north-edsa,SM City North Edsa,metro-manila
focus s,Focus.s,megaworld,eastwood-city-walk,Eastwood City Walk,metro-manila
focus optical clinic,Focus Optical Clinic,waltermart,balayan,WalterMart Balayan,south-luzon
focus optical,Focus Optical,robinsons,robinsons-tacloban,Robinsons Place Tacloban,visayas
focal sight international,FOCAL SIGHT INTERNATIONAL,ayala,ayala-center-cebu,Ayala Center Cebu,visayas
focal sight by delos reyes optical,FOCAL SIGHT BY DELOS REYES OPTICAL,sm,sm-city-consolacion,SM City Consolacion,visayas
fns,FN's,robinsons,robinsons-ilocos,Robinsons Place Ilocos,north-luzon
fmf c idol cellphone accessories,FMF C IDOL CELLPHONE ACCESSORIES,xentro,balagtas-town-center,Balagtas Town Center,north-luzon
flyweight,Flyweight,megaworld,forbes-town,Forbes Town,metro-manila
forever young spa,Forever Young Spa,robinsons,robinsons-galleria-cebu,Robinsons Galleria Cebu,visayas
former aliah ampang cellphone & accessories,FORMER Aliah Ampang Cellphone & Accessories,xentro,balagtas-town-center,Balagtas Town Center,north-luzon
fredos pinoy meals,Fredo's Pinoy Meals,megaworld,venice-grand-canal-mall,Venice Grand Canal Mall,metro-manila
franchesco (bench),FRANCHESCO (BENCH),xentro,balagtas-town-center,Balagtas Town Center,north-luzon
fountainhead,FOUNTAINHEAD,ayala,ayala-malls-central-bloc,Ayala Malls Central Bloc,visayas
four h handicrafts,FOUR H HANDICRAFTS,araneta,farmers-plaza,Farmers Plaza,metro-manila
four seasons hot pot,FOUR SEASONS HOT POT,sm,sm-by-the-bay,SM By the Bay,metro-manila
fowl bread,FOWL BREAD,ayala,ayala-bonifacio-high-street,Bonifacio High Street,metro-manila
franc frostie,FRANC FROSTIE,sm,sm-city-batangas,SM City Batangas,south-luzon
franceska,Franceska,robinsons,robinsons-iloilo,Robinsons Place Iloilo,visayas
francing leaves & herbal store,Francing Leaves & Herbal Store,robinsons,robinsons-starmills,Robinsons Starmills,north-luzon
former bochok rice meal,FORMER BOCHOK RICE MEAL,xentro,xentro-mall-santiago,XentroMall Santiago,north-luzon
frankie and friends,FRANKIE AND FRIENDS,sm,sm-aura,SM Aura,metro-manila
franks dirty ice cream,FRANKS DIRTY ICE CREAM,sm,sm-city-batangas,SM City Batangas,south-luzon
franky mobile accessories,FRANKY MOBILE ACCESSORIES,sm,sm-city-general-santos,SM City General Santos,mindanao
franvir,FRANVIR,sm,sm-city-bacolod,SM City Bacolod,visayas
frappy n tea,Frappy ‘n Tea,filinvest,il-corso,IL Corso,visayas
frbj muzic mart,FRBJ MUZIC MART,sm,sm-city-naga,SM City Naga,south-luzon
foundever,FOUNDEVER,robinsons,robinsons-luisita,Robinsons Luisita,north-luzon
fotile,FOTILE,robinsons,opus,Opus Mall,metro-manila
fortune tea house,FORTUNE TEA HOUSE,sm,sm-city-clark,SM City Clark,north-luzon
fortune bakeshop,Fortune Bakeshop,waltermart,general-trias,WalterMart General Trias,south-luzon
forticare health stystem international inc,"Forticare Health Stystem International, Inc. 0917-133-3476",robinsons,robinsons-cybergate-cebu,Robinsons Cybergate Cebu,visayas
forticare,FORTICARE,starmall,alabang,Starmall Alabang,metro-manila
fortess,Fortess,robinsons,robinsons-ilocos,Robinsons Place Ilocos,north-luzon
forms and faces facial salon fila,Forms and Faces Facial Salon FILA,xentro,xentro-mall-calapan,XentroMall Calapan,south-luzon
formosa bakeshop,FORMOSA BAKESHOP,sm,smdc-strip-at-grass,SMDC Strip at Grass,metro-manila
formocha taiwan milktea,FormoCha Taiwan Milktea,robinsons,robinsons-la-union,Robinsons Place La Union,north-luzon
former webmax,FORMER WEBMAX,xentro,balagtas-town-center,Balagtas Town Center,north-luzon
former transfer it,FORMER TRANSFER IT,xentro,balagtas-town-center,Balagtas Town Center,north-luzon
former sweet tooth creations,FORMER SWEET TOOTH CREATIONS,xentro,xentro-mall-santiago,XentroMall Santiago,north-luzon
former so en,FORMER SO-EN,xentro,xentro-mall-santiago,XentroMall Santiago,north-luzon
former lumina homes,FORMER LUMINA HOMES,xentro,balagtas-town-center,Balagtas Town Center,north-luzon
former lbc,FORMER LBC,xentro,balagtas-town-center,Balagtas Town Center,north-luzon
former egg pa more,FORMER EGG PA MORE,xentro,xentro-mall-tumauini,XentroMall Tumauini,north-luzon
gsp money changer,GSP Money Changer,robinsons,robinsons-imus,Robinsons Place Imus,south-luzon
gtj hongkong style fried noodles,GTJ-HONGKONG STYLE FRIED NOODLES,sm,sm-city-naga,SM City Naga,south-luzon
jeuvens bibingka,Jeuven's Bibingka,robinsons,robinsons-antipolo,Robinsons Place Antipolo,metro-manila
inkman ventures ( rahiem com pany inc,INKMAN VENTURES ( RAHIEM COM PANY INC,xentro,montalban-town-center,Montalban Town Center,metro-manila
inihaw republic,INIHAW REPUBLIC,sm,sm-city-urdaneta-central,SM City Urdaneta Central,north-luzon
ink 1,INK 1,sm,sm-city-bacoor,SM City Bacoor,south-luzon
ink fairness,Ink Fairness,robinsons,robinsons-novaliches,Robinsons Novaliches,metro-manila
ink master,INK MASTER,sm,sm-city-santa-rosa,SM City Santa Rosa,south-luzon
ink n print,Ink N’ Print,filinvest,festival-mall,Festival Mall,metro-manila
inker 18 tattoo (5 04 sqm) ca exhibits ( property pro ),Inker 18 Tattoo (5.04 SQM) CA EXHIBITS ( PROPERTY PRO ),xentro,montalban-town-center,Montalban Town Center,metro-manila
inkrite ink refilling station,INKRITE INK REFILLING STATION,sm,sm-city-north-edsa,SM City North Edsa,metro-manila
infused corner,INFUSED CORNER,robinsons,robinsons-novaliches,Robinsons Novaliches,metro-manila
inkwell tattoo,Inkwell Tattoo,megaworld,newport-city,Newport City,metro-manila
inland corporation,INLAND CORPORATION,sm,sm-cdo-downtown,SM CDO Downtown Premier,mindanao
innovator,Innovator,ortigas,greenhills,Greenhills,metro-manila
innovatronix inc,INNOVATRONIX INC.,starmall,edsa-shaw,Starmall EDSA-Shaw,metro-manila
innove asia,Innove Asia,ortigas,greenhills,Greenhills,metro-manila
inspector gadget,INSPECTOR GADGET,sm,sm-city-trece-martires,SM City Trece Martires,south-luzon
inglorious cookies,INGLORIOUS COOKIES,ayala,ayala-malls-central-bloc,Ayala Malls Central Bloc,visayas
infonec kiosk,INFONEC KIOSK,araneta,farmers-plaza,Farmers Plaza,metro-manila
in time by strapshop,IN-TIME BY STRAPSHOP,araneta,ali-mall,Ali Mall,metro-manila
indio,Indio,megaworld,venice-grand-canal-mall,Venice Grand Canal Mall,metro-manila
inari sukiyaki,INARI SUKIYAKI (9328882718),robinsons,robinsons-magnolia,Robinsons Magnolia,metro-manila
inas pater,Ina's Pater,robinsons,robinsons-iligan,Robinsons Place Iligan,mindanao
inasal de cebu,INASAL DE CEBU,sm,sm-city-general-santos,SM City General Santos,mindanao
incare,INCARE,sm,smdc-mplace-mall,SMDC Mplace Mall,metro-manila
inchrist city church,INCHRIST CITY CHURCH,starmall,san-jose-del-monte,Starmall San Jose del Monte,north-luzon
indigo profiles salon,Indigo / Profiles Salon,megaworld,clubhouse-temple-drive,The Clubhouse at Temple Drive,metro-manila
infinite mobile solutions,Infinite Mobile Solutions,robinsons,robinsons-pavia,Robinsons Place Pavia,visayas
infonec,INFONEC,sm,sm-city-novaliches,SM City Novaliches,metro-manila
infinity massage jcm exhibit depot,INFINITY MASSAGE JCM Exhibit Depot,xentro,xentro-mall-calapan,XentroMall Calapan,south-luzon
infinity smile dental clinic,INFINITY SMILE DENTAL CLINIC (0926-582-6832 /0953-913-7138),robinsons,robinsons-cagayan-de-oro,Robinsons Cagayan de Oro,mindanao
infinix mobile,INFINIX MOBILE,robinsons,robinsons-novaliches,Robinsons Novaliches,metro-manila
infinix ms twirling ice cream,Infinix Ms. Twirling Ice Cream,robinsons,robinsons-naga,Robinsons Place Naga,south-luzon
infintea,INFINTEA,robinsons,robinsons-ilocos,Robinsons Place Ilocos,north-luzon
infomax gold,INFOMAX GOLD,ayala,ayala-trinoma,Trinoma,metro-manila
inspiration victory of altheas,INSPIRATION Victory of Altheas,xentro,xentro-mall-lemery,XentroMall Lemery,south-luzon
inspire church,INSPIRE CHURCH,ayala,ayala-vertis,Ayala Malls Vertis North,metro-manila
inspired expressions bazaar,Inspired Expressions Bazaar,robinsons,robinsons-malabon,Robinsons Town Mall Malabon,metro-manila
irise driving school,IRISE DRIVING SCHOOL (0960-247-6510),robinsons,robinsons-metro-east,Robinsons Metro East,metro-manila
ippudo ramen bar,Ippudo Ramen Bar,megaworld,uptown-mall,Uptown Mall,metro-manila
ipro repair,IPRO REPAIR,sm,sm-city-cebu,SM City Cebu,visayas
iqor,IQOR,robinsons,robinsons-dasmarinas,Robinsons Place Dasmarinas,south-luzon
irefresh,iREFRESH,robinsons,robinsons-antipolo,Robinsons Place Antipolo,metro-manila
irepair,IREPAIR,robinsons,robinsons-antipolo,Robinsons Place Antipolo,metro-manila
irestore,Irestore,filinvest,festival-mall,Festival Mall,metro-manila
irish potato,IRISH POTATO,sm,sm-mall-of-asia,SM Mall of Asia,metro-manila
insta 360,INSTA 360,robinsons,robinsons-manila,Robinsons Place Manila,metro-manila
irog,Irog,xentro,xentro-mall-calapan,XentroMall Calapan,south-luzon
irog siomai house (arcane food business),IROG SIOMAI HOUSE (Arcane Food Business),xentro,xentro-mall-lemery,XentroMall Lemery,south-luzon
irog snack bar,IROG - SNACK BAR,xentro,xentro-mall-roxas,XentroMall Roxas,north-luzon
iroha,Iroha,ortigas,greenhills,Greenhills,metro-manila
iron will fitness gym,IRON WILL FITNESS GYM,xentro,northstar-mall,Northstar Mall,north-luzon
ironic iconic by verona optical,IRONIC ICONIC BY VERONA OPTICAL,sm,sm-city-cebu,SM City Cebu,visayas
ipponyari,Ipponyari,megaworld,alabang-west-parade,Alabang West Parade,metro-manila
ippin si ji restaurant,IPPIN SI JI RESTAURANT,sm,smdc-breeze-mall,SMDC Breeze Mall,metro-manila
ipanema satellite selling 2024,IPANEMA SATELLITE SELLING 2024,robinsons,robinsons-ilocos,Robinsons Place Ilocos,north-luzon
ip express,IP Express,robinsons,robinsons-novaliches,Robinsons Novaliches,metro-manila
ionline com internet shop,Ionline.Com Internet Shop,robinsons,robinsons-north-tacloban,Robinsons North Tacloban,visayas
ioc vision care clinic,IOC Vision Care Clinic,robinsons,robinsons-lipa,Robinsons Place Lipa,south-luzon
into gadgets,Into Gadgets,robinsons,robinsons-iligan,Robinsons Place Iligan,mindanao
interpace computer systems,Interpace Computer Systems,filinvest,dumaguete,Filinvest Malls Dumaguete,visayas
international eye center,International Eye Center,robinsons,robinsons-starmills,Robinsons Starmills,north-luzon
intermatrix,Intermatrix,megaworld,eastwood-cyber-mall,Eastwood Cyber Mall,metro-manila
interior homescapes,INTERIOR HOMESCAPES,ayala,ayala-abreeza,Abreeza,mindanao
intelliprime medical and psychological counseling,Intelliprime Medical and Psychological Counseling 0916-364-3067,robinsons,robinsons-cybergate-cebu,Robinsons Cybergate Cebu,visayas
intellident dental clinic,INTELLIDENT DENTAL CLINIC,ayala,ayala-solenad,Ayala Malls Nuvali,south-luzon
intellicom kiosk (marui),INTELLICOM KIOSK (Marui),araneta,farmers-plaza,Farmers Plaza,metro-manila
instaprint,Instaprint 9177188130,robinsons,robinsons-magnolia,Robinsons Magnolia,metro-manila
instagadget cellphone and accessories,INSTAGADGET CELLPHONE AND ACCESSORIES,ayala,ayala-marquee,MarQuee Mall,north-luzon
insta pares,INSTA PARES,xentro,montalban-town-center,Montalban Town Center,metro-manila
in tune,In Tune,ortigas,greenhills,Greenhills,metro-manila
imprint studio,IMPRINT STUDIO,robinsons,robinsons-angeles,Robinsons Angeles,north-luzon
gtoys,Gtoy's,ortigas,greenhills,Greenhills,metro-manila
ides contemporary arts,Ides Contemporary Arts,filinvest,festival-mall,Festival Mall,metro-manila
idea vision,Idea Vision,robinsons,robinsons-tacloban,Robinsons Place Tacloban,visayas
ideal home,IDEAL HOME,sm,sm-city-north-edsa,SM City North Edsa,metro-manila
ideal siomai,Ideal Siomai,filinvest,fora,Fora Mall,south-luzon
ideal vision premier,Ideal Vision Premier,filinvest,festival-mall,Festival Mall,metro-manila
idental square,IDENTAL SQUARE,sm,sm-city-san-jose-del-monte,SM City San Jose Del Monte,north-luzon
ides contemporary art,Ides Contemporary Art,filinvest,festival-mall,Festival Mall,metro-manila
idiot sandwich,Idiot Sandwich,megaworld,uptown-parade,Uptown Parade,metro-manila
idara,Idara,megaworld,eastwood-city-walk,Eastwood City Walk,metro-manila
ie creative computers,IE CREATIVE COMPUTERS,sm,sm-city-bacolod,SM City Bacolod,visayas
ifc exchange,IFC EXCHANGE,waltermart,north-edsa,WalterMart North EDSA,metro-manila
ifix migz,IFIX MIGZ,sm,sm-lanang,SM Lanang,mindanao
ifixed gadget repair shop,IFIXED GADGET REPAIR SHOP,sm,sm-city-molino,SM City Molino,south-luzon
ifixit,Ifixit,robinsons,robinsons-cagayan-de-oro,Robinsons Cagayan de Oro,mindanao
ifu,IFU,robinsons,robinsons-iloilo,Robinsons Place Iloilo,visayas
idara aesthetics cafe,IDARA AESTHETICS CAFÉ,sm,sm-city-sto-tomas,SM City Sto. Tomas,south-luzon
iconique beauty,ICONIQUE BEAUTY,robinsons,robinsons-starmills,Robinsons Starmills,north-luzon
imperial vet clinic,Imperial Vet Clinic,robinsons,galleria-south,Robinsons Galleria South,south-luzon
ice cream house cocais food stall sbma shawarma,ICE CREAM HOUSE COCAI’S FOOD STALL/ SBMA SHAWARMA,xentro,tanay-town-center,Tanay Town Center,south-luzon
ibook,IBOOK,sm,sm-city-clark,SM City Clark,north-luzon
icase,iCASE,robinsons,robinsons-gapan,Robinsons Gapan,north-luzon
ice & swirls,ICE & SWIRLS,robinsons,robinsons-angeles,Robinsons Angeles,north-luzon
ice bergs,Ice Bergs,megaworld,eastwood-city-walk,Eastwood City Walk,metro-manila
ice cream & donut house r lapids chicharon,ICE CREAM & DONUT HOUSE R.LAPID'S CHICHARON,xentro,montalban-town-center,Montalban Town Center,metro-manila
ice cream house,ICE CREAM HOUSE,xentro,sta-ana-public-market,Sta Ana Public Market,metro-manila
ice kingdom,Ice Kingdom,robinsons,robinsons-santiago,Robinsons Place Santiago,north-luzon
icon,Icon 9273457826,robinsons,robinsons-magnolia,Robinsons Magnolia,metro-manila
ice print,ICE PRINT,sm,sm-city-north-edsa,SM City North Edsa,metro-manila
ice queen,ICE QUEEN,robinsons,robinsons-novaliches,Robinsons Novaliches,metro-manila
icetag cafe,ICETAG CAFE,sm,sm-city-general-santos,SM City General Santos,mindanao
icha bingsu dessert cafe,ICHA BINGSU DESSERT CAFE,sm,sm-seaside-city-cebu,SM Seaside City Cebu,visayas
ichiba japanese market,Ichiba Japanese Market,megaworld,newport-city,Newport City,metro-manila
ichibang,ICHIBANG,robinsons,robinsons-naga,Robinsons Place Naga,south-luzon
igadget world,IGADGET WORLD,sm,sm-lanang,SM Lanang,mindanao
igo korean mart,Igo Korean Mart,filinvest,festival-mall,Festival Mall,metro-manila
ihaw juan,IHAW JUAN,sm,sm-city-clark,SM City Clark,north-luzon
iloko empanada,ILOKO EMPANADA,sm,sm-city-rosales,SM City Rosales,north-luzon
ilocos pet clinic,Ilocos Pet Clinic,robinsons,robinsons-ilocos,Robinsons Place Ilocos,north-luzon
iloilo bingo,ILOILO BINGO,sm,sm-city-iloilo,SM City Iloilo,visayas
iloilo doctors clinic laboratory services,ILOILO DOCTORS CLINIC LABORATORY SERVICES,sm,sm-city-iloilo,SM City Iloilo,visayas
iloilo doctorss clinic,Iloilo Doctors's Clinic,robinsons,robinsons-iloilo,Robinsons Place Iloilo,visayas
iloilo grace pharmacy,Iloilo Grace Pharmacy,robinsons,robinsons-iloilo,Robinsons Place Iloilo,visayas
iloilo southprime,ILOILO SOUTHPRIME,sm,sm-city-iloilo,SM City Iloilo,visayas
ilonggo express,ILONGGO EXPRESS,robinsons,robinsons-sta-rosa,Robinsons Sta. Rosa,south-luzon
ihearbetternow,iHearBetterNow 0917-794-4327,robinsons,robinsons-cybergate-cebu,Robinsons Cybergate Cebu,visayas
ilonggo grill,Ilonggo Grill,filinvest,festival-mall,Festival Mall,metro-manila
ilvapore coffee house,ILVAPORE COFFEE HOUSE,robinsons,robinsons-cagayan-de-oro,Robinsons Cagayan de Oro,mindanao
imeh footwear,IMEH FOOTWEAR,robinsons,robinsons-novaliches,Robinsons Novaliches,metro-manila
immense food,Immense Food,megaworld,lucky-chinatown-imperial-wing,Lucky Chinatown - Imperial Wing,metro-manila
imperial dance studio,Imperial Dance Studio,megaworld,venice-grand-canal-mall,Venice Grand Canal Mall,metro-manila
imperial vet,Imperial Vet,robinsons,robinsons-gentrias,Robinsons Place Gen. Trias,south-luzon
ilocandia blind massage 2004,ILOCANDIA BLIND MASSAGE 2004,robinsons,robinsons-ilocos,Robinsons Place Ilocos,north-luzon
illy,ILLY,robinsons,opus,Opus Mall,metro-manila
illumina derma clinic,Illumina Derma Clinic,ortigas,tiendesitas,Tiendesitas,metro-manila
iligan light,Iligan Light,robinsons,robinsons-iligan,Robinsons Place Iligan,mindanao
iliberty,Iliberty,robinsons,robinsons-santiago,Robinsons Place Santiago,north-luzon
ilash extensions,Ilash Extensions,megaworld,lucky-chinatown-imperial-wing,Lucky Chinatown - Imperial Wing,metro-manila
ilash,Ilash,ortigas,greenhills,Greenhills,metro-manila
il lupino trattoria & wine bar,IL LUPINO TRATTORIA & WINE BAR,robinsons,opus,Opus Mall,metro-manila
il fragranza,IL FRAGRANZA,robinsons,robinsons-palawan,Robinsons Place Palawan,south-luzon
ikshava juice,Ikshava Juice,filinvest,festival-mall,Festival Mall,metro-manila
ikinari steakhouse,IKINARI STEAKHOUSE,robinsons,robinsons-magnolia,Robinsons Magnolia,metro-manila
ikinari steak,IKINARI STEAK,sm,moa-square,MOA Square,metro-manila
ikigai,IKIGAI,ayala,ayala-manila-bay,Ayala Malls Manila Bay,metro-manila
ikebukuro japanese resto bar,IKEBUKURO JAPANESE RESTO BAR,ayala,ayala-solenad,Ayala Malls Nuvali,south-luzon
ikea cakes & snacks,Ikea Cakes & Snacks,robinsons,robinsons-ormoc,Robinsons Place Ormoc,visayas
ikea,IKEA,sm,moa-square,MOA Square,metro-manila
ikarao,Ikarao,filinvest,festival-mall,Festival Mall,metro-manila
ironmans steak,IRONMAN’S STEAK,ayala,ayala-circuit,Ayala Malls Circuit,metro-manila
irvins salted egg,IRVINS SALTED EGG,sm,sm-mall-of-asia,SM Mall of Asia,metro-manila
isabela vision center,ISABELA VISION CENTER,xentro,northstar-mall,Northstar Mall,north-luzon
jayms fashion,JAYM's fashion,robinsons,robinsons-dasmarinas,Robinsons Place Dasmarinas,south-luzon
jaros print ventures jameron cellphone store,JARO'S PRINT VENTURES JAMERON CELLPHONE STORE,xentro,tanay-town-center,Tanay Town Center,south-luzon
jatujak,JATUJAK,sm,sm-mall-of-asia,SM Mall of Asia,metro-manila
jay jays funrides,JAY JAYS FUNRIDES 0906-308-4734,robinsons,robinsons-pangasinan,Robinsons Place Pangasinan,north-luzon
jay js,Jay-j's,ortigas,tiendesitas,Tiendesitas,metro-manila
jaycob ihaw ihaw,JAYCOB IHAW IHAW,sm,sm-city-urdaneta-central,SM City Urdaneta Central,north-luzon
jayme petshop petville hotel,Jayme Petshop Petville Hotel,ortigas,tiendesitas,Tiendesitas,metro-manila
jayson cruz cellphone accessories sailani cellphone store & repair,JAYSON CRUZ CELLPHONE ACCESSORIES SAILANI CELLPHONE STORE & REPAIR,xentro,tanay-town-center,Tanay Town Center,south-luzon
japoncom,JAPONCOM,sm,sm-city-marilao,SM City Marilao,north-luzon
jazz c,JAZZ-C,robinsons,robinsons-pagadian,Robinsons Pagadian,mindanao
jb music and sports,JB MUSIC AND SPORTS,ayala,ayala-centrio,Centrio Mall,mindanao
jbc travel & tour,JBC Travel & Tour,ortigas,greenhills,Greenhills,metro-manila
jbl a refinery,JBL/A. REFINERY,ayala,ayala-up-town-center,U. P. Town Center,metro-manila
jbm cellphone repair (3 89 sqm) minigem exhibit 35,JBM Cellphone Repair (3.89 SQM) MINIGEM EXHIBIT #35,xentro,montalban-town-center,Montalban Town Center,metro-manila
jbs tech hub,JBS Tech Hub,megaworld,southwoods-mall,Southwoods Mall,south-luzon
jaro pawnshop,JARO PAWNSHOP,starmall,alabang,Starmall Alabang,metro-manila
japanglish vintage,JAPANGLISH VINTAGE,araneta,ali-mall,Ali Mall,metro-manila
isabella by bebe de dieu,ISABELLA BY BEBE DE DIEU,sm,sm-city-calamba,SM City Calamba,south-luzon
janina jewelries,JANINA JEWELRIES,robinsons,robinsons-iloilo,Robinsons Place Iloilo,visayas
james i kaze cellphone accessories,JAMES I-KAZE CELLPHONE ACCESSORIES,sm,sm-city-general-santos,SM City General Santos,mindanao
james wright cafe,JAMES WRIGHT CAFE,sm,sm-city-baguio,SM City Baguio,north-luzon
jameson dress acc,JAMESON DRESS ACC.,xentro,northstar-mall,Northstar Mall,north-luzon
jamican pattie,JAMICAN PATTIE,robinsons,robinsons-pagadian,Robinsons Pagadian,mindanao
jamila aesthetics,JAMILA AESTHETICS,sm,smdc-fame-mall,SMDC Fame Mall,metro-manila
janicas cellphone and accessories,JANICA'S CELLPHONE AND ACCESSORIES,robinsons,robinsons-novaliches,Robinsons Novaliches,metro-manila
jannah cellphone & accessories,JANNAH CELLPHONE & ACCESSORIES,xentro,sta-ana-public-market,Sta Ana Public Market,metro-manila
japanese restaurant matsunoya,JAPANESE RESTAURANT MATSUNOYA,sm,sm-seaside-city-cebu,SM Seaside City Cebu,visayas
januarys apparel,JANUARY'S APPAREL,robinsons,robinsons-novaliches,Robinsons Novaliches,metro-manila
japan fudo street,JAPAN FUDO STREET,ayala,ayala-manila-bay,Ayala Malls Manila Bay,metro-manila
japan home center,JAPAN HOME CENTER,araneta,farmers-plaza,Farmers Plaza,metro-manila
japan home jewelrich,JAPAN HOME JEWELRICH,xentro,xentro-mall-lemery,XentroMall Lemery,south-luzon
japan homes american bazaar,JAPAN HOMES / AMERICAN BAZAAR,robinsons,robinsons-metro-east,Robinsons Metro East,metro-manila
japan homes ca exhibit network,JAPAN HOMES CA EXHIBIT NETWORK,xentro,montalban-town-center,Montalban Town Center,metro-manila
jc dog republic,JC Dog Republic,megaworld,venice-grand-canal-mall,Venice Grand Canal Mall,metro-manila
jcd customized printing,JCD Customized Printing,robinsons,robinsons-starmills,Robinsons Starmills,north-luzon
jchd enterprise,JCHD Enterprise,robinsons,robinsons-antipolo,Robinsons Place Antipolo,metro-manila
jeremiah footwear & bags,Jeremiah Footwear & Bags,robinsons,robinsons-novaliches,Robinsons Novaliches,metro-manila
jems barber salon for men & women,Jems Barber Salon For Men & Women,robinsons,robinsons-roxas,Robinsons Place Roxas,visayas
jems barbers,Jem's Barbers,robinsons,robinsons-tacloban,Robinsons Place Tacloban,visayas
jenden hair studio,JENDEN HAIR STUDIO,sm,sm-city-davao,SM City Davao,mindanao
jennie,Jennie,filinvest,festival-mall,Festival Mall,metro-manila
jens pet corner,Jen's Pet Corner,ortigas,tiendesitas,Tiendesitas,metro-manila
jeremiah bags and accessories shop,JEREMIAH BAGS AND ACCESSORIES SHOP,robinsons,robinsons-novaliches,Robinsons Novaliches,metro-manila
jeruel fonebytes,Jeruel Fonebytes,xentro,mall-of-the-valley,Mall Of The Valley,north-luzon
jcn furniture,Jcn Furniture,filinvest,festival-mall,Festival Mall,metro-manila
jeruel wow and fye,"JERUEL,WOW AND FYE",xentro,xentro-mall-cabagan,XentroMall Cabagan,north-luzon
jeruels mobile,JERUELS MOBILE,sm,sm-city-north-edsa,SM City North Edsa,metro-manila
jessi james nino loading station,JESSI JAMES NINO LOADING STATION,robinsons,robinsons-dasmarinas,Robinsons Place Dasmarinas,south-luzon
jet speed,JET SPEED 0922-875-2072 / 0933-819-1162,robinsons,robinsons-pangasinan,Robinsons Place Pangasinan,north-luzon
jethro jewelry shop,Jethro Jewelry Shop,robinsons,robinsons-galleria-ortigas,Robinsons Galleria,metro-manila
jetserko enterprises,JETSERKO ENTERPRISES,robinsons,robinsons-novaliches,Robinsons Novaliches,metro-manila
jems barber salon & jems junior,Jems Barber Salon & Jems Junior,robinsons,robinsons-iligan,Robinsons Place Iligan,mindanao
jemfaith,Jemfaith,robinsons,robinsons-novaliches,Robinsons Novaliches,metro-manila
jem junior hair salon,JEM JUNIOR HAIR SALON,sm,sm-city-puerto-princesa,SM City Puerto Princesa,south-luzon
jelly skin lab,Jelly Skin Lab,megaworld,uptown-parade,Uptown Parade,metro-manila
jeli deli pasalubong,JELI-DELI PASALUBONG,ayala,ayala-marquee,MarQuee Mall,north-luzon
jeju ramyun food park,Jeju Ramyun Food Park,megaworld,festive-walk-mall-iloilo,Festive Walk Mall,visayas
jeenie,Jeenie,filinvest,festival-mall,Festival Mall,metro-manila
jeanetts jewelry,JEANETT'S JEWELRY,ayala,ayala-abreeza,Abreeza,mindanao
jeanetts,JEANETTS,sm,sm-city-davao,SM City Davao,mindanao
jean and jaz gallerie,Jean and Jaz Gallerie,ortigas,greenhills,Greenhills,metro-manila
jea cellshop,Jea Cellshop,waltermart,gapan,WalterMart Gapan,north-luzon
jdm printshoppe,JDM PRINTSHOPPE,sm,sm-city-marilao,SM City Marilao,north-luzon
jdg jewelries,JDG Jewelries,robinsons,robinsons-palawan,Robinsons Place Palawan,south-luzon
jdb ideas home,JDB IDEAS HOME,robinsons,robinsons-metro-east,Robinsons Metro East,metro-manila
jd adam exhibit,JD ADAM Exhibit,xentro,tanay-town-center,Tanay Town Center,south-luzon
jco donuts & coffee,JCO Donuts & Coffee,robinsons,galleria-south,Robinsons Galleria South,south-luzon
jco,JCO,robinsons,robinsons-pagadian,Robinsons Pagadian,mindanao
jameron 3,JAMERON 3,xentro,tanay-town-center,Tanay Town Center,south-luzon
jameron 2,JAMERON 2,xentro,tanay-town-center,Tanay Town Center,south-luzon
jamaican pattie ii,Jamaican Pattie Ii,filinvest,festival-mall,Festival Mall,metro-manila
italyumm,Italyumm,megaworld,venice-grand-canal-mall,Venice Grand Canal Mall,metro-manila
it serve computer,It Serve Computer,ortigas,greenhills,Greenhills,metro-manila
it solutions,IT SOLUTIONS,robinsons,galleria-south,Robinsons Galleria South,south-luzon
it solutions cph,IT SOLUTIONS CPH,sm,sm-city-manila,SM City Manila,metro-manila
italiannis baker & cook,ITALIANNI'S / BAKER & COOK,ayala,ayala-up-town-center,U. P. Town Center,metro-manila
italiannis restaurant,Italianni’s Restaurant,robinsons,robinsons-manila,Robinsons Place Manila,metro-manila
itallanis,Itallani's (NEW),robinsons,robinsons-magnolia,Robinsons Magnolia,metro-manila
itech nissan,ITECH NISSAN,xentro,xentro-mall-calapan,XentroMall Calapan,south-luzon
izakaya mori,Izakaya Mori,ortigas,estancia,Estancia,metro-manila
itels cellphone trading,ITEL'S CELLPHONE TRADING,araneta,ali-mall,Ali Mall,metro-manila
itlog on sticks,ITLOG ON STICKS,sm,sm-city-north-edsa,SM City North Edsa,metro-manila
its a girl thing,It's A Girl Thing,robinsons,robinsons-tuguegarao,Robinsons Place Tuguegarao,north-luzon
itsu,ITSU,araneta,farmers-plaza,Farmers Plaza,metro-manila
ives and co 09691390522,IVES AND Co '09691390522 (NEW),robinsons,robinsons-bacolod,Robinsons Place Bacolod,visayas
ivy lane by natural art,IVY LANE BY NATURAL ART,sm,s-maison,S Maison,metro-manila
it republic,IT REPUBLIC,sm,smdc-sun-mall,SMDC Sun Mall,metro-manila
it alley,IT ALLEY,ayala,ayala-market-market,Market! Market!,metro-manila
istudioplus,ISTUDIOPLUS,sm,sm-city-manila,SM City Manila,metro-manila
istore digital lifestyle retail,Istore Digital Lifestyle Retail,filinvest,dumaguete,Filinvest Malls Dumaguete,visayas
issy cosmetics,Issy Cosmetics,megaworld,uptown-mall,Uptown Mall,metro-manila
issue,Issue,ortigas,greenhills,Greenhills,metro-manila
isport,iSPORT,robinsons,robinsons-butuan,Robinsons Place Butuan,mindanao
ismile dental clinc,ISMILE DENTAL CLINC,sm,sm-city-sorsogon,SM City Sorsogon,south-luzon
ismart cellphone accessories & merchandising,Ismart Cellphone Accessories & Merchandising,robinsons,robinsons-antique,Robinsons Place Antique,visayas
islands juice,Islands Juice,ortigas,greenhills,Greenhills,metro-manila
island watch unisilvertime,ISLAND WATCH UNISILVERTIME,xentro,xentro-mall-calapan,XentroMall Calapan,south-luzon
island tea,Island Tea,robinsons,robinsons-cybergate-cebu,Robinsons Cybergate Cebu,visayas
island spa,Island Spa,megaworld,newport-city,Newport City,metro-manila
island coffee club,ISLAND COFFEE CLUB,robinsons,robinsons-palawan,Robinsons Place Palawan,south-luzon
iskin cafe,ISKIN CAFÉ,sm,smdc-air-mall,SMDC Air Mall,metro-manila
iskin aesthetic lifestyle,iSKIN AESTHETIC LIFESTYLE,sm,smdc-air-mall,SMDC Air Mall,metro-manila
isdang pulo,ISDANG PULO,ayala,ayala-market-market,Market! Market!,metro-manila
iwc schaffhausen,IWC SCHAFFHAUSEN,ayala,ayala-greenbelt,Greenbelt,metro-manila
izza mawy,IZZA MAWY,sm,sm-city-pampanga,SM City Pampanga,north-luzon
jaliah,Jaliah,robinsons,robinsons-novaliches,Robinsons Novaliches,metro-manila
jacobs breadnuts,JACOBS BREADNUTS,sm,sm-city-general-santos,SM City General Santos,mindanao
j&t express,J&T Express,megaworld,venice-grand-canal-mall,Venice Grand Canal Mall,metro-manila
j24k,J24K,sm,sm-city-general-santos,SM City General Santos,mindanao
j4s car care services,J4S CAR CARE SERVICES,sm,sm-city-fairview,SM City Fairview,metro-manila
jaam house of sushi,JAAM HOUSE OF SUSHI,sm,smdc-air-mall,SMDC Air Mall,metro-manila
jacks adventure,JACK'S ADVENTURE,robinsons,robinsons-palawan,Robinsons Place Palawan,south-luzon
jacks adventures,JACKS ADVENTURES,robinsons,robinsons-ilocos,Robinsons Place Ilocos,north-luzon
jade garden,JADE GARDEN,ayala,ayala-glorietta,Glorietta,metro-manila
j & g x gongcha,J & G x Gongcha,ortigas,estancia,Estancia,metro-manila
jade solutions & management services,Jade Solutions & Management Services,megaworld,greenhouse-village-square,The Greenhouse at Village Square,metro-manila
jade time watch repair,Jade Time Watch Repair,robinsons,robinsons-tuguegarao,Robinsons Place Tuguegarao,north-luzon
jaeger lecoultre,JAEGER-LECOULTRE,ayala,ayala-greenbelt,Greenbelt,metro-manila
jafars,JAFARS,sm,sm-seaside-city-cebu,SM Seaside City Cebu,visayas
jagb drug testing center inc,"JAGB DRUG TESTING CENTER, INC.",robinsons,robinsons-novaliches,Robinsons Novaliches,metro-manila
jaime t go scent station ( zenzest ),JAIME T. GO SCENT STATION ( ZENZEST ),xentro,montalban-town-center,Montalban Town Center,metro-manila
j&t,J&T,ortigas,greenhills,Greenhills,metro-manila
j&j,J&J,megaworld,festive-walk-mall-iloilo,Festive Walk Mall,visayas
j&g chicken,J&G Chicken,megaworld,eastwood-cyber-mall,Eastwood Cyber Mall,metro-manila
j&e phonebeast,J&E PHONEBEAST,sm,sm-city-bf-paranaque,SM City BF Parañaque,metro-manila
j&a cellphone shop and accessories,J&A Cellphone Shop and Accessories,robinsons,robinsons-fuente,Robinsons Fuente,visayas
j&a cellphone and accessories,J&A CELLPHONE AND ACCESSORIES 0955-180-2147,robinsons,robinsons-cybergate-cebu,Robinsons Cybergate Cebu,visayas
j o lane watch store,J.O Lane Watch Store,waltermart,north-edsa,WalterMart North EDSA,metro-manila
j lindeberg,J. Lindeberg,ortigas,greenhills,Greenhills,metro-manila
j king,J KING,ayala,ayala-market-market,Market! Market!,metro-manila
j five shoes shop,J-FIVE SHOES SHOP,robinsons,robinsons-novaliches,Robinsons Novaliches,metro-manila
j fashion exhibit,J FASHION EXHIBIT,xentro,balagtas-town-center,Balagtas Town Center,north-luzon
j emmanuel pastries,J. Emmanuel Pastries,robinsons,robinsons-naga,Robinsons Place Naga,south-luzon
j co doughnuts,J.Co Doughnuts,robinsons,robinsons-manila,Robinsons Place Manila,metro-manila
j co donuts,J.Co Donuts,robinsons,robinsons-galleria-ortigas,Robinsons Galleria,metro-manila
j co,J. Co,filinvest,festival-mall,Festival Mall,metro-manila
j and b sunrise optical clinic,J AND B SUNRISE OPTICAL CLINIC,sm,sm-city-naga,SM City Naga,south-luzon
j & n affordabest,J & N AFFORDABEST,robinsons,robinsons-gen-san,Robinsons Place GenSan,mindanao
ibloom massage chair,Ibloom Massage Chair,robinsons,robinsons-naga,Robinsons Place Naga,south-luzon
ibenzvel salon,IBENZVEL SALON,xentro,montalban-town-center,Montalban Town Center,metro-manila
ibeautified beauty lounge kid co,Ibeautified Beauty Lounge / Kid Co,ortigas,greenhills,Greenhills,metro-manila
haru photo,HARU PHOTO,sm,sm-city-davao,SM City Davao,mindanao
harbour city dimsum house,HARBOUR CITY DIMSUM HOUSE,ayala,ayala-center-cebu,Ayala Center Cebu,visayas
harlan & holden,Harlan & Holden,megaworld,uptown-mall,Uptown Mall,metro-manila
harlan holden cafe,HARLAN+HOLDEN CAFE,ayala,ayala-trinoma,Trinoma,metro-manila
harpershield,Harpershield,robinsons,robinsons-antique,Robinsons Place Antique,visayas
harrys cafe,HARRY'S CAFE,sm,s-maison,S Maison,metro-manila
harte hanks,HARTE HANKS,ayala,ayala-market-market,Market! Market!,metro-manila
haru studio,Haru Studio,filinvest,dumaguete,Filinvest Malls Dumaguete,visayas
happyride scooter rental,HAPPYRIDE SCOOTER RENTAL,sm,sm-city-fairview,SM City Fairview,metro-manila
harvesters,HARVESTERS,sm,sm-city-north-edsa,SM City North Edsa,metro-manila
haseeb gadgets shop,Haseeb Gadgets Shop,robinsons,robinsons-imus,Robinsons Place Imus,south-luzon
hashtag manila,HASHTAG MANILA,ayala,ayala-serin,Ayala Malls Serin,south-luzon
hatch holistic therapy,HATCH HOLISTIC THERAPY,sm,the-podium,The Podium,metro-manila
hatif cellphone & accessories,HATIF CELLPHONE & ACCESSORIES,robinsons,robinsons-iloilo,Robinsons Place Iloilo,visayas
havaianas (foot truck),HAVAIANAS (FOOT TRUCK) (OPEN),robinsons,robinsons-tagaytay,Robinsons Tagaytay,south-luzon
happys all day breakfast cafe,HAPPYS ALL DAY BREAKFAST CAFÉ,sm,sm-city-rosales,SM City Rosales,north-luzon
happynest kiddie play room,Happynest Kiddie Play Room,ortigas,greenhills,Greenhills,metro-manila
hendison shoe plaza,HENDISON SHOE PLAZA,xentro,northstar-mall,Northstar Mall,north-luzon
happy hauz donut mini gem metro star,HAPPY HAUZ DONUT MINI GEM METRO STAR,xentro,montalban-town-center,Montalban Town Center,metro-manila
happilee,Happilee,filinvest,festival-mall,Festival Mall,metro-manila
happy animal ride,HAPPY ANIMAL RIDE,robinsons,robinsons-santiago,Robinsons Place Santiago,north-luzon
happy cone,Happy Cone,robinsons,robinsons-la-union,Robinsons Place La Union,north-luzon
happy dough,Happy Dough,xentro,shopking,Shopking,metro-manila
happy feet travels,HAPPY FEET TRAVELS,sm,sm-city-sorsogon,SM City Sorsogon,south-luzon
happy gold repair shop & goldsmith,Happy Gold Repair Shop & Goldsmith,ortigas,greenhills,Greenhills,metro-manila
happy leaf,Happy Leaf,robinsons,robinsons-lipa,Robinsons Place Lipa,south-luzon
happy tea pearl frappe,HAPPY TEA PEARL FRAPPE,sm,sm-marketmall-dasmarinas,SM Marketmall Dasmarinas,south-luzon
happy paw,Happy Paw,megaworld,newport-city,Newport City,metro-manila
happy pill cafe,HAPPY PILL CAFE,robinsons,robinsons-pagadian,Robinsons Pagadian,mindanao
happy play cafe,Happy Play Cafe,robinsons,robinsons-galleria-cebu,Robinsons Galleria Cebu,visayas
happy skin (inside maisonette),HAPPY SKIN (INSIDE MAISONETTE),robinsons,opus,Opus Mall,metro-manila
happy space,HAPPY SPACE,robinsons,robinsons-palawan,Robinsons Place Palawan,south-luzon
happy takoyaki,Happy Takoyaki,fishermall,quezonave,Fisher Mall Quezon Avenue,metro-manila
havit,HAVIT,sm,sm-city-cebu,SM City Cebu,visayas
haya pearl,HAYA PEARL (OPEN),robinsons,robinsons-palawan,Robinsons Place Palawan,south-luzon
hayashi,HAYASHI,sm,sm-city-fairview,SM City Fairview,metro-manila
hechter,Hechter,ortigas,estancia,Estancia,metro-manila
hearts & arrows,Hearts & Arrows,megaworld,venice-grand-canal-mall,Venice Grand Canal Mall,metro-manila
hearts arrow,HEARTS ARROW,robinsons,robinsons-manila,Robinsons Place Manila,metro-manila
hearty bread,Hearty Bread,megaworld,alabang-west-parade,Alabang West Parade,metro-manila
heavenly desserts,Heavenly Desserts,megaworld,lucky-chinatown-mall,Lucky Chinatown Mall,metro-manila
heavins communication services,Heavin's Communication Services,robinsons,robinsons-iligan,Robinsons Place Iligan,mindanao
hebrews shebrews,Hebrews Shebrews,megaworld,mactan-newtown,Mactan Newtown,visayas
hechter paris,HECHTER PARIS,sm,sm-city-pampanga,SM City Pampanga,north-luzon
hb cellphone accessories,HB Cellphone Accessories,robinsons,robinsons-jaro,Robinsons Place Jaro,visayas
helainah eyelash extension,HELAINAH EYELASH EXTENSION,robinsons,robinsons-las-pinas,Robinsons Place Las Pinas,metro-manila
helen jewelry shop,HELEN JEWELRY SHOP,sm,sm-cherry-shaw,SM Center Shaw,metro-manila
helens jewelry,Helen's Jewelry,fishermall,quezonave,Fisher Mall Quezon Avenue,metro-manila
hello,HELLO,sm,sm-city-baguio,SM City Baguio,north-luzon
hello baby,Hello Baby,fishermall,quezonave,Fisher Mall Quezon Avenue,metro-manila
hello glasses,Hello Glasses,waltermart,trece-martires,WalterMart Trece Martires,south-luzon
hearts & arrow,Hearts & Arrow,robinsons,robinsons-manila,Robinsons Place Manila,metro-manila
heart of wellness,Heart Of Wellness,robinsons,robinsons-malolos,Robinsons Place Malolos,north-luzon
hearsound,HEARSOUND,robinsons,robinsons-antipolo,Robinsons Place Antipolo,metro-manila
healthy teeth clinic,HEALTHY TEETH CLINIC,sm,sm-city-north-edsa,SM City North Edsa,metro-manila
healthy shabu shabu prime,HEALTHY SHABU SHABU PRIME,sm,sm-aura,SM Aura,metro-manila
healthy sand,HEALTHY SAND,robinsons,robinsons-manila,Robinsons Place Manila,metro-manila
healthy habits,HEALTHY HABITS,sm,sm-city-davao,SM City Davao,mindanao
healthworks,Healthworks,waltermart,the-junction,WalterMart The Junction,metro-manila
healthway medical clinic,HEALTHWAY MEDICAL CLINIC,sm,sm-city-north-edsa,SM City North Edsa,metro-manila
healthway lab,Healthway Lab,ortigas,estancia,Estancia,metro-manila
healthwaki therapy center,Healthwaki Therapy Center,fishermall,quezonave,Fisher Mall Quezon Avenue,metro-manila
healthcube,Healthcube,ortigas,greenhills,Greenhills,metro-manila
heal thy self,HEAL THY SELF,ayala,ayala-centrio,Centrio Mall,mindanao
headway barbershop salon for women,HEADWAY BARBERSHOP SALON FOR WOMEN,sm,sm-mall-of-asia,SM Mall of Asia,metro-manila
hd1 resto & sports bar,HD1 RESTO & SPORTS BAR,ayala,ayala-harbor-point,Harbor Point,north-luzon
hbms,HBMS,robinsons,robinsons-novaliches,Robinsons Novaliches,metro-manila
hbc aslam cellphone store (j a),HBC ASLAM CELLPHONE STORE (J-A),xentro,tanay-town-center,Tanay Town Center,south-luzon
hapi haus donuts,HAPI HAUS DONUTS,xentro,balagtas-town-center,Balagtas Town Center,north-luzon
hapchan rgv realty,HAPCHAN RGV Realty,xentro,xentro-mall-calapan,XentroMall Calapan,south-luzon
hao ling jewelry,Hao Ling Jewelry,robinsons,robinsons-antique,Robinsons Place Antique,visayas
h l accessories,H L ACCESSORIES,sm,sm-city-cabanatuan,SM City Cabanatuan,north-luzon
guzman studio,GUZMAN STUDIO,sm,sm-city-lucena,SM City Lucena,south-luzon
gwiyomi gluta spa,GWIYOMI GLUTA SPA,sm,sm-center-pulilan,SM Center Pulilan,north-luzon
gwize,Gwize,robinsons,robinsons-galleria-ortigas,Robinsons Galleria,metro-manila
gyp alteration services,GYP Alteration Services,robinsons,robinsons-galleria-cebu,Robinsons Galleria Cebu,visayas
gyu kaku,Gyu-kaku,ortigas,greenhills,Greenhills,metro-manila
h a collection fashion shop,H.A. COLLECTION FASHION SHOP,robinsons,robinsons-novaliches,Robinsons Novaliches,metro-manila
h&d trading,H&D Trading,robinsons,robinsons-lipa,Robinsons Place Lipa,south-luzon
habitual coffee,Habitual Coffee,megaworld,paseo-center,Paseo Center,metro-manila
h&l cellphone accessories,H&L Cellphone Accessories,waltermart,gapan,WalterMart Gapan,north-luzon
h2j sales (the red shop),H2J SALES (THE RED SHOP),araneta,farmers-plaza,Farmers Plaza,metro-manila
h2o,H2O,megaworld,eastwood-mall,Eastwood Mall,metro-manila
h2o lifesource,H2O Lifesource,megaworld,california-garden-square,California Garden Square,metro-manila
h2o to go,H2O TO GO,sm,smdc-grace-mall,SMDC Grace Mall,metro-manila
habagat,HABAGAT,sm,sm-city-cebu,SM City Cebu,visayas
guri guri orange paradise,GURI GURI ORANGE PARADISE,sm,sm-mall-of-asia,SM Mall of Asia,metro-manila
gupit galleria,GUPIT GALLERIA,robinsons,robinsons-galleria-ortigas,Robinsons Galleria,metro-manila
gunnery ph,Gunnery Ph,filinvest,festival-mall,Festival Mall,metro-manila
gumbo,GUMBO,sm,sm-megamall,SM Megamall,metro-manila
gumball machine,Gumball Machine,robinsons,robinsons-imus,Robinsons Place Imus,south-luzon
gulaman street,GULAMAN STREET,xentro,morong-centerpoint,Morong Centerpoint,metro-manila
gulaman coolers,Gulaman Coolers,xentro,shopking,Shopking,metro-manila
gulaman avenue,Gulaman Avenue,robinsons,robinsons-novaliches,Robinsons Novaliches,metro-manila
guimhealth,Guimhealth,robinsons,robinsons-iloilo,Robinsons Place Iloilo,visayas
guillers antiques & collectibles,GUILLER'S ANTIQUES & COLLECTIBLES,araneta,ali-mall,Ali Mall,metro-manila
gugu manju open,GUGU MANJU OPEN,robinsons,robinsons-novaliches,Robinsons Novaliches,metro-manila
guess outlet,GUESS OUTLET,ayala,ayala-centrio,Centrio Mall,mindanao
guerrero house of aesthetics,GUERRERO HOUSE OF AESTHETICS,sm,sm-city-fairview,SM City Fairview,metro-manila
guerlain,GUERLAIN,ayala,ayala-greenbelt,Greenbelt,metro-manila
gucci,GUCCI,ayala,ayala-greenbelt,Greenbelt,metro-manila
gubys chicharon,Guby's Chicharon,robinsons,robinsons-santiago,Robinsons Place Santiago,north-luzon
guapos barbershop,Guapo's Barbershop,ortigas,the-strip,The Strip,metro-manila
habi at kape,HABI AT KAPE,ayala,ayala-abreeza,Abreeza,mindanao
hachiboru,HACHIBORU,sm,sm-city-north-edsa,SM City North Edsa,metro-manila
hao chuan by phela grande hotel,HAO CHUAN BY PHELA GRANDE HOTEL,sm,sm-city-general-santos,SM City General Santos,mindanao
handyman do it best h & m iv,Handyman Do it Best H & M IV,xentro,xentro-mall-calapan,XentroMall Calapan,south-luzon
hairzone,HAIRZONE,ayala,ayala-abreeza,Abreeza,mindanao
hallo mango,HALLO MANGO,robinsons,robinsons-palawan,Robinsons Place Palawan,south-luzon
hanako,Hanako,ortigas,greenhills,Greenhills,metro-manila
hanamaki,HANAMAKI,sm,sm-city-north-edsa,SM City North Edsa,metro-manila
hanamaruken,HANAMARUKEN,ayala,ayala-trinoma,Trinoma,metro-manila
handaan grande,HANDAAN GRANDE,sm,sm-city-north-edsa,SM City North Edsa,metro-manila
handyman expansion mobile box,HANDYMAN EXPANSION Mobile Box,xentro,xentro-mall-calapan,XentroMall Calapan,south-luzon
hadrian,HADRIAN,xentro,balagtas-town-center,Balagtas Town Center,north-luzon
handyman sassy and classy,HANDYMAN SASSY and CLASSY,xentro,xentro-mall-lemery,XentroMall Lemery,south-luzon
hanie abo ( johar pearl watch & accs store) mini gem exhibit 12 ( created space 20 ),HANIE ABO ( johar pearl watch & accs. Store) MINI GEM EXHIBIT #12 ( created space # 20 ),xentro,montalban-town-center,Montalban Town Center,metro-manila
hankki,HANKKI,robinsons,robinsons-dumaguete,Robinsons Place Dumaguete,visayas
hannah ysabelle,HANNAH YSABELLE,robinsons,robinsons-lipa,Robinsons Place Lipa,south-luzon
hannas garden,HANNA'S GARDEN (NEW),robinsons,robinsons-angeles,Robinsons Angeles,north-luzon
hao chi grill & hot pot,HAO CHI GRILL & HOT POT,sm,sm-city-fairview,SM City Fairview,metro-manila
hairtalk by williard,Hairtalk by Williard,robinsons,robinsons-tuguegarao,Robinsons Place Tuguegarao,north-luzon
hairtalk,HAIRTALK,sm,sm-city-tuguegarao,SM City Tuguegarao,north-luzon
hairshaft salon,Hairshaft Salon,robinsons,robinsons-manila,Robinsons Place Manila,metro-manila
hairshaft,HAIRSHAFT,sm,the-podium,The Podium,metro-manila
hairless,HAIRLESS,sm,sm-city-iloilo,SM City Iloilo,visayas
hairlab,THE HAIRLAB,sm,sm-megamall,SM Megamall,metro-manila
haircut encarnacion,Haircut Encarnacion,waltermart,bicutan,WalterMart Bicutan,metro-manila
hair protect salon,Hair Protect Salon,filinvest,festival-mall,Festival Mall,metro-manila
hair project salon,Hair Project Salon,filinvest,festival-mall,Festival Mall,metro-manila
hain,HAIN,robinsons,opus,Opus Mall,metro-manila
haim chicken,Haim Chicken,robinsons,robinsons-palawan,Robinsons Place Palawan,south-luzon
haidilao hotpot,Haidilao Hotpot,robinsons,robinsons-galleria-ortigas,Robinsons Galleria,metro-manila
hai sha mb beauty and wellness product trading,HAI-SHA MB BEAUTY AND WELLNESS PRODUCT TRADING,sm,sm-city-novaliches,SM City Novaliches,metro-manila
hai sha general merchandise,HAI SHA GENERAL MERCHANDISE,fishermall,malabon,Fisher Mall Malabon,metro-manila
hai chix & steaks,Hai Chix & Steaks,ortigas,estancia,Estancia,metro-manila
hahn manila,HAHN MANILA,araneta,ali-mall,Ali Mall,metro-manila
haengbook korean grill house,Haengbook Korean Grill House,robinsons,robinsons-tacloban,Robinsons Place Tacloban,visayas
helly hansen,HELLY HANSEN,ayala,ayala-glorietta,Glorietta,metro-manila
henlin mini gem metro star,HENLIN MINI GEM METRO STAR,xentro,montalban-town-center,Montalban Town Center,metro-manila
ibays silver,Ibay's Silver,robinsons,robinsons-ilocos,Robinsons Place Ilocos,north-luzon
hsbc,HSBC,ayala,ayala-abreeza,Abreeza,mindanao
house of taho by taho atbp,HOUSE OF TAHO BY TAHO ATBP,sm,sm-cdo-downtown,SM CDO Downtown Premier,mindanao
house of vigan empanada,HOUSE OF VIGAN EMPANADA 0948-470-7906,robinsons,robinsons-pangasinan,Robinsons Place Pangasinan,north-luzon
house of wagyu,House Of Wagyu,megaworld,eastwood-mall,Eastwood Mall,metro-manila
how fun,HOW FUN,sm,sm-city-iloilo,SM City Iloilo,visayas
hoy house of yogurt lover,HOY HOUSE OF YOGURT LOVER,sm,sm-city-baguio,SM City Baguio,north-luzon
hp solutions center,HP SOLUTIONS CENTER,ayala,ayala-center-cebu,Ayala Center Cebu,visayas
hsbc wealth,HSBC WEALTH,ayala,ayala-abreeza,Abreeza,mindanao
house of rolls,HOUSE OF ROLLS,sm,sm-city-general-santos,SM City General Santos,mindanao
hssw dental center,HSSW DENTAL CENTER,sm,sm-city-fairview,SM City Fairview,metro-manila
hto cellphone repair shop,HTO Cellphone Repair Shop,waltermart,makiling,WalterMart Makiling,south-luzon
huawei kiosk,Huawei Kiosk,robinsons,robinsons-dumaguete,Robinsons Place Dumaguete,visayas
hubsite printing center,HUBSITE PRINTING CENTER,robinsons,robinsons-manila,Robinsons Place Manila,metro-manila
hudson central market,Hudson Central Market,megaworld,forbes-town,Forbes Town,metro-manila
hue delight,Hue Delight,robinsons,robinsons-bacolod,Robinsons Place Bacolod,visayas
house of samsonite,HOUSE OF SAMSONITE,sm,the-podium,The Podium,metro-manila
house of polvoron,HOUSE OF POLVORON,ayala,ayala-trinoma,Trinoma,metro-manila
henry smartlock,HENRY SMARTLOCK,robinsons,robinsons-manila,Robinsons Place Manila,metro-manila
hottie fashion,Hottie Fashion,robinsons,robinsons-palawan,Robinsons Place Palawan,south-luzon
hoshino,HOSHINO,robinsons,opus,Opus Mall,metro-manila
hossein,HOSSEIN,ayala,ayala-serendra,Shops at Serendra,metro-manila
hot potato,HOT POTATO,sm,sm-city-sorsogon,SM City Sorsogon,south-luzon
hot star dakasi,Hot Star / Dakasi,filinvest,festival-mall,Festival Mall,metro-manila
hotdog all dway,HOTDOG ALL D'WAY,robinsons,robinsons-novaliches,Robinsons Novaliches,metro-manila
hotpoint of sale marketing,Hotpoint Of Sale Marketing,robinsons,robinsons-dasmarinas,Robinsons Place Dasmarinas,south-luzon
hour glass,HOUR GLASS,sm,sm-megamall,SM Megamall,metro-manila
house of oppa,House Of Oppa,filinvest,fora,Fora Mall,south-luzon
house of frappe,HOUSE OF FRAPPE,sm,sm-city-davao,SM City Davao,mindanao
house of fries,HOUSE OF FRIES,robinsons,robinsons-tuguegarao,Robinsons Place Tuguegarao,north-luzon
house of lasagna,House Of Lasagna,filinvest,festival-mall,Festival Mall,metro-manila
house of lasagna by chef erick congmon,HOUSE OF LASAGNA BY CHEF ERICK CONGMON,sm,sm-city-lipa,SM City Lipa,south-luzon
house of lechon,HOUSE OF LECHON,sm,sm-jmall,SM J Mall,visayas
house of minis,House Of Minis,ortigas,greenhills,Greenhills,metro-manila
hued,Hued,megaworld,eastwood-mall,Eastwood Mall,metro-manila
hugs and mugs coffee shop ( organo cafe ) mister donut,Hugs and Mugs Coffee Shop ( ORGANO CAFE ) MISTER DONUT,xentro,xentro-mall-calapan,XentroMall Calapan,south-luzon
huilier jewelry,HUILIER JEWELRY,robinsons,robinsons-butuan,Robinsons Place Butuan,mindanao
i wacth,I-WACTH,robinsons,robinsons-ilocos,Robinsons Place Ilocos,north-luzon
i love baking,I LOVE BAKING,sm,sm-center-las-pinas,SM Center Las Piñas,metro-manila
i love milktea,I Love Milktea,robinsons,robinsons-metro-east,Robinsons Metro East,metro-manila
i ngco,I NGCO,sm,sm-city-fairview,SM City Fairview,metro-manila
i parcel,I PARCEL,sm,sm-city-trece-martires,SM City Trece Martires,south-luzon
i refresh massage,I-Refresh Massage,robinsons,robinsons-pangasinan,Robinsons Place Pangasinan,north-luzon
i slim and skin aesthetic center,I-SLIM AND SKIN AESTHETIC CENTER,sm,sm-city-legazpi,SM City Legazpi,south-luzon
i2i incorporated,I2I INCORPORATED,starmall,edsa-shaw,Starmall EDSA-Shaw,metro-manila
humble market,HUMBLE MARKET,ayala,ayala-glorietta,Glorietta,metro-manila
iams kitchen bar,IAMS KITCHEN BAR,sm,sm-city-butuan,SM City Butuan,mindanao
ian darcey,ian Darcey,robinsons,robinsons-gen-san,Robinsons Place GenSan,mindanao
ian darcy fragrance,Ian Darcy Fragrance,robinsons,robinsons-jaro,Robinsons Place Jaro,visayas
ian darcy oil rich fragrance collection,Ian Darcy Oil Rich Fragrance Collection,robinsons,robinsons-dasmarinas,Robinsons Place Dasmarinas,south-luzon
ian darcy perfume,IAN DARCY PERFUME,robinsons,robinsons-tagum,Robinsons Place Tagum,mindanao
ian dary,Ian Dary,robinsons,robinsons-novaliches,Robinsons Novaliches,metro-manila
i lash,I-LASH,sm,sm-center-dagupan,SM Center Dagupan,north-luzon
i heart yogurt,I Heart Yogurt,robinsons,robinsons-naga,Robinsons Place Naga,south-luzon
hyundai commonwealth,HYUNDAI COMMONWEALTH,sm,sm-city-fairview,SM City Fairview,metro-manila
hyundai city store,HYUNDAI CITY STORE,robinsons,robinsons-palawan,Robinsons Place Palawan,south-luzon
hyundai,HYUNDAI,robinsons,robinsons-north-tacloban,Robinsons North Tacloban,visayas
hype,Hype 24/7 9090816189,robinsons,robinsons-magnolia,Robinsons Magnolia,metro-manila
hygea wellness center,HYGEA WELLNESS CENTER,sm,sm-seaside-city-cebu,SM Seaside City Cebu,visayas
hydro core water refilling station,HYDRO CORE WATER REFILLING STATION,sm,smdc-light-mall,SMDC Light Mall,metro-manila
hussam middle eastern cuisine,Hussam Middle Eastern Cuisine,filinvest,il-corso,IL Corso,visayas
hush pupies,HUSH PUPIES,robinsons,robinsons-ilocos,Robinsons Place Ilocos,north-luzon
hunter tradition,HUNTER TRADITION,sm,sm-megamall,SM Megamall,metro-manila
hungry hoon,HUNGRY HOON,sm,sm-city-cabanatuan,SM City Cabanatuan,north-luzon
hungry hippo,HUNGRY HIPPO,sm,sm-city-batangas,SM City Batangas,south-luzon
humy,HUMY,sm,sm-mall-of-asia,SM Mall of Asia,metro-manila
humpte dumptea by coffee and bikes,Humpte Dumptea by Coffee and Bikes,robinsons,robinsons-tagum,Robinsons Place Tagum,mindanao
hummus us,Hummus Us,megaworld,eastwood-mall,Eastwood Mall,metro-manila
humes fashion gallery lots of pizza,Humes Fashion Gallery Lot's of Pizza,xentro,xentro-mall-calapan,XentroMall Calapan,south-luzon
hoseki,HOSEKI,sm,the-podium,The Podium,metro-manila
horologist,The Horologist,ortigas,estancia,Estancia,metro-manila
hook bcd,THE HOOK BCD,sm,sm-city-bacolod,SM City Bacolod,visayas
hizons cakes & pastries,Hizon's Cakes & Pastries,robinsons,robinsons-magnolia,Robinsons Magnolia,metro-manila
hiro massage,Hiro Massage,filinvest,festival-mall,Festival Mall,metro-manila
hiroshi wellness,HIROSHI WELLNESS,araneta,farmers-plaza,Farmers Plaza,metro-manila
his travel,HIS Travel,robinsons,robinsons-tacloban,Robinsons Place Tacloban,visayas
historia art,Historia Art,ortigas,greenhills,Greenhills,metro-manila
hit,HIT,robinsons,robinsons-gapan,Robinsons Gapan,north-luzon
hive,HIVE,ayala,ayala-greenbelt,Greenbelt,metro-manila
hj abragan,HJ Abragan,robinsons,robinsons-iligan,Robinsons Place Iligan,mindanao
hobby korner,Hobby Korner,ortigas,greenhills,Greenhills,metro-manila
hj textile,HJ TEXTILE,robinsons,robinsons-iligan,Robinsons Place Iligan,mindanao
hk fried noodle,HK Fried Noodle,robinsons,robinsons-malabon,Robinsons Town Mall Malabon,metro-manila
hk fried noodles,HK FRIED NOODLES,fishermall,malabon,Fisher Mall Malabon,metro-manila
hlo drug testing,Hlo Drug Testing,robinsons,robinsons-iloilo,Robinsons Place Iloilo,visayas
hlo drugtesting laboratory,HLO Drugtesting Laboratory,robinsons,robinsons-fuente,Robinsons Fuente,visayas
hm,HM,sm,sm-city-santa-rosa,SM City Santa Rosa,south-luzon
hirali jewelry,Hirali Jewelry,robinsons,robinsons-pangasinan,Robinsons Place Pangasinan,north-luzon
hipolito tuazon villanueva law offices,HIPOLITO TUAZON VILLANUEVA LAW OFFICES,ayala,ayala-marquee,MarQuee Mall,north-luzon
hip street,HIP STREET,sm,sm-city-cebu,SM City Cebu,visayas
hill station bistro,HILL STATION BISTRO,sm,sm-city-baguio,SM City Baguio,north-luzon
hikiniku to come,Hikiniku to Come,megaworld,uptown-mall,Uptown Mall,metro-manila
hiker enterprises manjaru,HIKER ENTERPRISES / MANJARU,xentro,balagtas-town-center,Balagtas Town Center,north-luzon
highlands prime steakhouse,HIGHLANDS PRIME STEAKHOUSE,sm,sm-mall-of-asia,SM Mall of Asia,metro-manila
high tech pro mobile,HIGH TECH PRO MOBILE,robinsons,robinsons-tuguegarao,Robinsons Place Tuguegarao,north-luzon
hidaya baniagas accesories tyra v food service ( snowpy ),HIDAYA BANIAGA’S ACCESORIES TYRA V FOOD SERVICE ( SNOWPY ),xentro,tanay-town-center,Tanay Town Center,south-luzon
hey kitchen,HEY KITCHEN,sm,smdc-breeze-mall,SMDC Breeze Mall,metro-manila
hey internet cafe,HEY INTERNET CAFE,sm,smdc-breeze-mall,SMDC Breeze Mall,metro-manila
hey bbk,HEY BBK,sm,sm-city-north-edsa,SM City North Edsa,metro-manila
hexihealth & general merchandise,HEXIHEALTH & GENERAL MERCHANDISE,xentro,ab-central,Ab Central,metro-manila
hexi health,HEXI HEALTH,xentro,morong-centerpoint,Morong Centerpoint,metro-manila
hewlett packard,HEWLETT PACKARD,sm,sm-city-cebu,SM City Cebu,visayas
hermes,HERMES,ayala,ayala-greenbelt,Greenbelt,metro-manila
herbys affoodable,HERBY’S AFFOODABLE,ayala,ayala-market-market,Market! Market!,metro-manila
hob,HOB,ortigas,greenhills,Greenhills,metro-manila
hobby nook,Hobby Nook,ortigas,greenhills,Greenhills,metro-manila
hooga,Hooga,megaworld,uptown-mall,Uptown Mall,metro-manila
hong kong style noodle,HONG KONG STYLE NOODLE,robinsons,robinsons-manila,Robinsons Place Manila,metro-manila
honey bs sweets and crafts,HONEY B'S SWEETS AND CRAFTS,robinsons,robinsons-tagum,Robinsons Place Tagum,mindanao
honey bunch,Honey Bunch,robinsons,robinsons-tacloban,Robinsons Place Tacloban,visayas
honeybon,Honeybon,filinvest,festival-mall,Festival Mall,metro-manila
hong kong hardware,Hong Kong Hardware,ortigas,greenhills,Greenhills,metro-manila
hong kong kitchen,Hong Kong Kitchen,robinsons,robinsons-bacolod,Robinsons Place Bacolod,visayas
hong kong style,HONG KONG STYLE,xentro,sta-ana-public-market,Sta Ana Public Market,metro-manila
hongkong fried noodles minigem ( 48),HONGKONG FRIED NOODLES MINIGEM (#48),xentro,montalban-town-center,Montalban Town Center,metro-manila
hobing cafe,Hobing Cafe,megaworld,eastwood-mall,Eastwood Mall,metro-manila
hongkong style noodles and dimsum,Hongkong Style Noodles and Dimsum,robinsons,robinsons-metro-east,Robinsons Metro East,metro-manila
honolulu cafe,HONOLULU CAFÉ,ayala,ayala-greenbelt,Greenbelt,metro-manila
honolulu hk bakery cafe,HONOLULU HK BAKERY CAFE,sm,sm-aura,SM Aura,metro-manila
honolulu hk cafe,Honolulu Hk Cafe,robinsons,robinsons-manila,Robinsons Place Manila,metro-manila
honor concept store,HONOR CONCEPT STORE,robinsons,robinsons-iloilo,Robinsons Place Iloilo,visayas
honor kiosk,HONOR KIOSK,robinsons,robinsons-valencia,Robinsons Place Valencia,mindanao
honey bakes cafe,HONEY BAKES CAFE,sm,sm-city-baguio,SM City Baguio,north-luzon
homeworks iguanas,HOMEWORKS IGUANAS,xentro,xentro-mall-lemery,XentroMall Lemery,south-luzon
homestar appliances,HOMESTAR APPLIANCES,starmall,alabang,Starmall Alabang,metro-manila
homesitte shawarma,HOMESITTE SHAWARMA,ayala,ayala-capitol-central,Ayala Malls Capitol Central,visayas
homerong,HOMERONG,sm,sm-center-ormoc,SM Center Ormoc,visayas
homecity,HOMECITY,starmall,alabang,Starmall Alabang,metro-manila
homebakers,HOMEBAKERS,sm,sm-seaside-city-cebu,SM Seaside City Cebu,visayas
home bazaar,Home Bazaar,filinvest,festival-mall,Festival Mall,metro-manila
home and beyond,HOME AND BEYOND,robinsons,robinsons-gapan,Robinsons Gapan,north-luzon
hom thai food,HOM THAI FOOD,sm,smdc-air-mall,SMDC Air Mall,metro-manila
holy halo,Holy Halo,robinsons,robinsons-iligan,Robinsons Place Iligan,mindanao
holy cow,HOLY COW,sm,sm-mall-of-asia,SM Mall of Asia,metro-manila
hollywood spectacles,HOLLYWOOD SPECTACLES,robinsons,robinsons-iligan,Robinsons Place Iligan,mindanao
hollywood diva,Hollywood Diva,robinsons,robinsons-dasmarinas,Robinsons Place Dasmarinas,south-luzon
holland tulips,HOLLAND TULIPS,sm,sm-mall-of-asia,SM Mall of Asia,metro-manila
holland park booth,Holland Park Booth,megaworld,southwoods-mall,Southwoods Mall,south-luzon
holimar jewelry,HOLIMAR JEWELRY,ayala,ayala-trinoma,Trinoma,metro-manila
zyx katsumaki,Zyx Katsumaki,robinsons,robinsons-la-union,Robinsons Place La Union,north-luzon
