brand_key,n_malls_araneta,n_malls_ayala,n_malls_filinvest,n_malls_fishermall,n_malls_gmall,n_malls_megaworld,n_malls_ortigas,n_malls_robinsons,n_malls_sm,n_malls_starmall,n_malls_waltermart,n_malls_xentro,n_malls_total,n_chains,in_all_chains,in_multiple_chains,display_name
watsons,4,20,4,1,4,11,2,38,95,2,11,4,196,12,True,True,WATSONS
potato corner,0,25,4,2,4,13,2,47,82,3,6,6,194,11,False,True,POTATO CORNER
bdo,0,12,1,2,2,2,3,18,106,1,24,8,179,11,False,True,BANCO DE ORO
bench,3,20,1,2,4,6,1,42,77,3,13,4,176,12,True,True,BENCH
jollibee,0,16,1,2,3,2,2,40,85,4,13,4,172,11,False,True,JOLLIBEE
samsung,0,18,2,2,1,6,2,29,83,0,24,1,168,10,False,True,SAMSUNG
penshoppe,2,18,2,2,4,4,1,40,84,3,1,2,163,12,True,True,PENSHOPPE
executive optical,3,15,2,1,2,3,2,29,78,3,19,0,157,11,False,True,EXECUTIVE OPTICAL
vivo,0,11,1,2,4,1,1,27,80,0,14,3,144,10,False,True,VIVO
aficionado,1,8,1,2,3,1,0,28,59,0,25,8,136,10,False,True,AFICIONADO
famous belgian waffles,0,21,0,0,0,3,0,16,78,0,13,0,131,5,False,True,FAMOUS BELGIAN WAFFLES
oppo,1,4,1,2,4,0,1,21,77,3,15,2,131,11,False,True,OPPO
national bookstore,2,17,1,0,4,7,2,9,84,3,1,0,130,10,False,True,NATIONAL BOOKSTORE
kettle korn,0,9,2,1,4,1,0,28,73,0,6,5,129,9,False,True,KETTLE KORN
kfc,0,14,0,2,2,7,0,21,70,2,11,0,129,8,False,True,KFC
mang inasal,0,7,1,1,3,3,1,30,66,2,10,4,128,11,False,True,MANG INASAL
ian darcy,3,16,1,1,0,4,0,17,69,0,13,0,124,8,False,True,IAN DARCY
chowking,0,11,1,1,2,1,0,25,59,4,16,2,122,10,False,True,CHOWKING
greenwich,0,10,2,1,3,0,0,26,64,3,7,2,118,9,False,True,GREENWICH
dunkin,0,0,1,0,0,8,0,11,72,0,25,0,117,5,False,True,DUNKIN
goldilocks,0,7,1,2,3,4,1,25,47,3,21,2,116,11,False,True,GOLDILOCKS
ace hardware,0,1,1,1,0,0,2,0,88,0,19,3,115,7,False,True,ACE HARDWARE
octagon,0,13,1,0,2,3,2,20,72,1,0,0,114,8,False,True,OCTAGON
huawei,0,13,0,1,4,2,0,20,68,1,3,0,112,8,False,True,HUAWEI
aquaflask,1,17,1,0,0,4,0,18,65,0,4,0,110,7,False,True,AQUAFLASK
regatta,1,11,2,0,3,6,1,20,65,0,0,0,109,8,False,True,REGATTA
ideal vision center,2,13,1,0,1,2,0,7,82,0,0,0,108,7,False,True,IDEAL VISION CENTER
gong cha,0,10,2,2,0,4,2,20,63,2,3,0,108,9,False,True,GONG CHA
classic savory,0,6,1,1,0,2,2,17,72,0,6,0,107,8,False,True,CLASSIC SAVORY
lbc,0,19,0,2,3,6,1,33,5,2,31,3,105,10,False,True,LBC
lbc express,0,2,2,0,1,2,0,6,89,1,0,1,104,8,False,True,LBC EXPRESS
realme,1,3,1,1,0,1,0,18,71,1,2,0,99,9,False,True,REALME
chatime,0,6,0,0,0,5,0,6,48,0,33,0,98,5,False,True,CHATIME
infinix,0,2,1,1,0,0,0,20,54,0,16,0,94,6,False,True,INFINIX
miniso,1,3,1,0,1,3,2,3,70,0,10,0,94,9,False,True,MINISO
davids salon,0,16,1,0,0,3,1,21,40,0,9,0,91,7,False,True,DAVID'S SALON
fruitas,0,7,1,2,1,4,1,19,48,0,6,1,90,10,False,True,FRUITAS
zagu,0,7,1,0,4,2,0,22,46,1,1,5,89,9,False,True,ZAGU
candy corner,0,16,0,0,0,3,1,12,57,0,0,0,89,5,False,True,CANDY CORNER
dairy queen,0,14,2,1,0,4,0,15,51,1,0,0,88,7,False,True,DAIRY QUEEN
shakeys,0,11,1,1,0,2,2,25,45,0,1,0,88,8,False,True,SHAKEYS
mercury drug,2,20,0,2,4,4,2,20,0,2,29,1,86,10,False,True,Mercury Drug
photoline,0,6,1,0,0,0,1,17,60,0,0,0,85,5,False,True,PHOTOLINE
lotto,0,0,0,1,1,0,0,15,49,0,17,2,85,6,False,True,LOTTO
forme,0,6,1,0,3,2,1,13,58,0,0,0,84,7,False,True,FORME
botejyu,0,14,0,1,0,3,1,6,58,0,0,0,83,6,False,True,BOTEJYU
levis,1,16,2,0,0,7,2,32,23,0,0,0,83,7,False,True,Levi's
red ribbon,0,3,1,2,3,0,0,19,47,2,4,2,83,9,False,True,RED RIBBON
turks shawarma,0,0,0,1,1,0,0,10,70,0,0,1,83,5,False,True,TURKS SHAWARMA
sm appliance,0,0,0,0,0,0,1,0,81,0,0,0,82,2,False,True,SM APPLIANCE CENTER
face shop,1,12,1,0,0,5,0,5,57,0,0,0,81,6,False,True,THE FACE SHOP
breadtalk,0,13,1,0,0,4,1,10,51,0,0,0,80,6,False,True,BREADTALK
unisilver,2,4,0,0,1,0,0,11,61,0,0,0,79,5,False,True,UNISILVER
starbucks coffee,0,0,2,0,0,0,0,0,77,0,0,0,79,2,False,True,STARBUCKS COFFEE
bavin,2,4,1,0,1,0,0,11,56,1,3,0,79,8,False,True,BAVIN
oxgn,1,8,1,0,0,0,0,6,63,0,0,0,79,5,False,True,OXGN
avocadoria ph,0,12,0,0,0,0,0,2,46,0,17,0,77,4,False,True,AVOCADORIA.PH
master siomai,0,12,2,1,4,4,0,27,20,2,0,5,77,9,False,True,MASTER SIOMAI
mcdonalds,0,11,1,2,1,12,1,7,33,3,4,2,77,11,False,True,MCDONALDS
great image,0,3,1,0,0,4,0,3,62,1,1,0,75,7,False,True,GREAT IMAGE
lay bare waxing salon,0,13,1,1,0,0,0,2,53,0,4,0,74,6,False,True,LAY BARE WAXING SALON
maxs restaurant,0,7,0,0,0,5,0,15,44,2,0,0,73,5,False,True,MAXS RESTAURANT
core pacific money exchange,0,20,3,0,0,7,0,15,0,0,27,0,72,5,False,True,Core Pacific Money Exchange
siomai house,0,12,1,0,0,2,1,23,22,2,4,5,72,9,False,True,SIOMAI HOUSE
bpi,0,26,2,2,3,4,2,26,3,0,3,0,71,9,False,True,BPI
skin station,0,2,1,0,0,5,1,3,57,0,1,0,70,7,False,True,SKIN STATION
world balance,2,15,2,2,1,3,1,36,7,1,0,0,70,10,False,True,World Balance
toms world,0,0,1,0,0,1,0,20,44,1,3,0,70,6,False,True,TOM'S WORLD
tokyo tokyo,0,10,1,1,0,3,1,11,42,0,0,0,69,7,False,True,TOKYO TOKYO
krispy kreme,0,10,1,1,1,2,1,8,45,0,0,0,69,8,False,True,KRISPY KREME
sm store,0,0,0,0,0,0,0,0,69,0,0,0,69,1,False,False,THE SM STORE
power mac center,0,10,1,0,0,2,1,9,45,0,0,0,68,6,False,True,POWER MAC CENTER
cln,2,11,0,0,0,1,1,5,48,0,0,0,68,6,False,True,CLN
bonchon,0,0,2,1,0,0,0,12,45,2,6,0,68,6,False,True,BONCHON
silicon valley,0,8,1,0,1,0,0,15,43,0,0,0,68,5,False,True,SILICON VALLEY
mister donut,0,7,1,0,3,1,1,19,31,0,1,3,67,9,False,True,MISTER DONUT
alberto,1,10,1,1,0,0,1,17,36,0,0,0,67,7,False,True,ALBERTO
auntie annes,0,11,1,2,0,4,2,7,37,0,1,0,65,8,False,True,AUNTIE ANNES
shawarma shack,0,7,1,1,2,3,0,18,31,2,0,0,65,8,False,True,SHAWARMA SHACK
uniqlo,1,6,0,1,0,3,2,7,44,0,0,0,64,7,False,True,UNIQLO
sm cinema,0,0,0,0,0,0,0,0,64,0,0,0,64,1,False,False,SM CINEMA
abenson,1,14,1,1,0,2,0,3,2,0,38,2,64,9,False,True,Abenson
guess,1,12,1,0,1,2,1,13,32,0,0,0,63,8,False,True,GUESS
mr quickie,0,5,1,2,1,5,1,7,30,2,9,0,63,10,False,True,MR QUICKIE
surplus shop,0,0,0,0,0,0,0,0,63,0,0,0,63,1,False,False,SURPLUS SHOP
crocs,1,8,1,0,1,2,2,4,44,0,0,0,63,8,False,True,CROCS
relx,1,10,2,1,0,5,1,1,41,0,0,0,62,8,False,True,RELX
plains & prints,2,8,1,1,0,4,1,9,36,0,0,0,62,8,False,True,PLAINS & PRINTS
sm supermarket,0,0,0,0,0,0,0,0,61,0,0,0,61,1,False,False,SM SUPERMARKET
japan home centre,1,16,1,0,0,3,1,3,3,2,31,0,61,9,False,True,Japan Home Centre
lighters galore,3,13,1,2,0,4,1,19,18,0,0,0,61,8,False,True,LIGHTERS GALORE
smart,0,0,0,0,1,2,0,5,50,0,2,0,60,5,False,True,SMART
western union,0,0,0,2,3,0,0,35,0,0,14,6,60,5,False,True,Western Union
quantum,0,0,0,0,1,1,1,4,53,0,0,0,60,5,False,True,QUANTUM
robinsons supermarket,1,4,1,0,0,5,0,46,0,0,0,2,59,6,False,True,Robinsons Supermarket
waffle time,0,6,2,1,4,2,0,26,16,1,0,1,59,9,False,True,WAFFLE TIME
honor,0,0,1,0,1,0,0,15,38,0,4,0,59,5,False,True,HONOR
pizza hut,0,7,0,1,1,3,0,6,39,1,0,1,59,8,False,True,PIZZA HUT
zen zest,2,11,0,0,1,1,0,6,38,0,0,0,59,6,False,True,ZEN ZEST
nails glow,0,5,0,0,0,3,0,10,19,1,21,0,59,6,False,True,Nails.Glow
sprinto,0,5,0,0,0,3,0,15,35,0,0,0,58,4,False,True,SPRINTO
havaianas,0,7,0,1,0,1,1,13,33,0,2,0,58,7,False,True,HAVAIANAS
globe,0,0,0,1,0,0,0,8,44,0,4,0,57,4,False,True,GLOBE
starbucks,0,19,0,1,0,18,2,17,0,0,0,0,57,5,False,True,Starbucks
mr kimbob,0,2,0,0,0,2,0,7,46,0,0,0,57,4,False,True,MR KIMBOB
handyman,2,0,1,0,4,0,0,27,1,0,21,1,57,7,False,True,Handyman
digital walker,0,19,1,0,0,3,2,9,22,0,0,0,56,6,False,True,DIGITAL WALKER
buko juan,0,5,1,0,0,4,0,9,22,0,15,0,56,6,False,True,BUKO JUAN
kuya j restaurant,0,4,1,0,0,0,0,2,48,0,0,0,55,4,False,True,KUYA J RESTAURANT
audionet,0,10,0,0,0,0,0,11,32,0,2,0,55,4,False,True,AUDIONET
pc express,0,6,1,2,0,1,0,7,38,0,0,0,55,6,False,True,PC EXPRESS
bayo,1,7,1,0,0,1,0,14,30,0,0,0,54,6,False,True,BAYO
daiso japan,1,15,1,0,0,0,0,37,0,0,0,0,54,4,False,True,Daiso Japan
owndays,1,15,1,0,0,5,2,4,26,0,0,0,54,7,False,True,OWNDAYS
mx memoxpress,0,0,0,0,0,0,0,0,52,0,2,0,54,2,False,True,MX MEMOXPRESS
turks,0,17,3,1,2,5,1,23,1,0,1,0,54,9,False,True,Turks
mi,0,0,0,0,0,0,0,1,53,0,0,0,54,2,False,True,MI
keycards,0,6,0,0,0,0,0,4,43,0,0,0,53,3,False,True,KEYCARDS
taters,0,10,1,1,2,0,1,9,29,0,0,0,53,7,False,True,TATERS
macao imperial tea,0,2,0,0,0,2,0,10,39,0,0,0,53,4,False,True,MACAO IMPERIAL TEA
rulls cellphone and accessories,0,0,0,0,0,0,0,0,52,0,0,0,52,1,False,False,RULLS CELLPHONE AND ACCESSORIES
mr diy,1,12,1,0,1,5,3,1,7,0,21,0,52,9,False,True,MR. DIY
bibingkinitan,0,0,0,1,0,1,0,5,44,1,0,0,52,5,False,True,BIBINGKINITAN
ojo eyewear,2,4,1,0,0,3,0,9,33,0,0,0,52,6,False,True,OJO EYEWEAR
prescripto,2,5,1,0,0,1,0,9,32,1,0,0,51,7,False,True,PRESCRIPTO
kenny rogers,0,0,0,0,0,3,1,2,45,0,0,0,51,4,False,True,KENNY ROGERS
sm cinema snackbar,0,0,0,0,0,0,0,0,51,0,0,0,51,1,False,False,SM CINEMA SNACKBAR
dermcare,0,0,0,0,0,1,0,3,43,2,2,0,51,5,False,True,DERMCARE
dunkin donuts,0,16,0,2,3,0,0,23,4,2,0,1,51,7,False,True,Dunkin' Donuts
cafe mary grace,0,11,1,0,0,1,0,0,37,0,0,0,50,4,False,True,CAFE MARY GRACE
skechers,1,12,1,0,1,4,1,15,15,0,0,0,50,8,False,True,SKECHERS
robinsons appliances,1,3,1,0,2,0,0,41,0,0,0,2,50,6,False,True,Robinsons Appliances
sports central,0,0,0,0,0,0,2,0,48,0,0,0,50,2,False,True,SPORTS CENTRAL
world of fun,0,0,1,0,2,0,0,3,32,0,12,0,50,5,False,True,WORLD OF FUN
picture city,0,9,0,1,0,0,0,15,11,1,12,1,50,7,False,True,Picture City
nailaholics,0,0,0,0,0,0,1,1,48,0,0,0,50,3,False,True,NAILAHOLICS
rulls,0,7,1,0,0,0,0,18,7,1,16,0,50,6,False,True,Rulls
anytime fitness,0,11,2,2,0,7,1,5,21,0,0,0,49,7,False,True,ANYTIME FITNESS
buko express,0,2,1,0,3,1,0,10,22,0,9,0,48,7,False,True,BUKO EXPRESS
brunos barbers,0,15,1,0,0,5,2,5,20,0,0,0,48,6,False,True,BRUNO'S BARBERS
mendrez,0,6,1,0,1,0,0,6,34,0,0,0,48,5,False,True,MENDREZ
broadway gems,2,11,2,0,1,0,0,20,7,2,1,1,47,9,False,True,BROADWAY GEMS
brownies unlimited,0,1,0,1,0,0,0,1,44,0,0,0,47,4,False,True,BROWNIES UNLIMITED
adidas,0,10,1,1,3,5,2,9,16,0,0,0,47,8,False,True,ADIDAS
hey sugar waxing salon,0,12,1,0,0,0,0,1,33,0,0,0,47,4,False,True,HEY SUGAR WAXING SALON
chizmozza,0,5,1,2,0,1,0,14,21,0,2,0,46,7,False,True,CHIZMOZZA
tecno,0,3,0,1,0,0,0,13,23,0,5,0,45,5,False,True,TECNO
cellboy,0,0,0,0,0,0,0,0,43,2,0,0,45,2,False,True,CELLBOY
sunnies studios,1,6,1,0,0,2,1,6,28,0,0,0,45,7,False,True,SUNNIES STUDIOS
memo,0,6,2,0,0,1,1,4,31,0,0,0,45,6,False,True,MEMO
i watch straps batteries center,0,0,0,0,0,0,0,0,45,0,0,0,45,1,False,False,I-WATCH STRAPS BATTERIES CENTER
beauche international,0,2,0,0,0,0,0,5,34,0,4,0,45,4,False,True,BEAUCHE INTERNATIONAL
china bank,0,5,0,0,0,0,0,1,34,0,3,1,44,5,False,True,CHINA BANK
lets face it,0,3,1,0,0,0,0,2,38,0,0,0,44,4,False,True,LETS FACE IT
onesimus,0,5,1,0,0,0,0,7,31,0,0,0,44,4,False,True,ONESIMUS
macbeth,1,0,0,0,0,0,0,6,37,0,0,0,44,3,False,True,MACBETH
datablitz,0,16,1,0,0,2,0,4,20,0,0,0,43,5,False,True,DATABLITZ
silverworks,0,4,0,1,0,1,0,4,33,0,0,0,43,5,False,True,SILVERWORKS
7eleven,3,8,1,0,1,15,0,1,11,0,3,0,43,8,False,True,7-Eleven
moto,0,1,0,0,0,0,0,12,30,0,0,0,43,3,False,True,MOTO
coco fresh tea and juice,0,0,1,0,0,1,0,0,41,0,0,0,43,3,False,True,COCO FRESH TEA AND JUICE
watch republic,1,6,1,0,0,0,1,6,27,0,0,0,42,6,False,True,WATCH REPUBLIC
acer,0,6,1,0,1,0,1,5,28,0,0,0,42,6,False,True,ACER
xundd,0,2,1,0,0,0,0,4,34,0,0,0,41,4,False,True,XUNDD
gq barbershop,0,1,0,1,0,0,0,1,37,0,1,0,41,5,False,True,GQ BARBERSHOP
bagel girl,0,0,0,0,0,0,0,0,41,0,0,0,41,1,False,False,BAGEL GIRL
paras alter station,0,5,0,1,0,1,0,10,24,0,0,0,41,5,False,True,PARAS ALTER STATION
potato giant,0,9,1,0,1,1,0,13,16,0,0,0,41,6,False,True,POTATO GIANT
rest n go,0,7,1,0,0,2,0,6,11,0,7,7,41,7,False,True,REST N GO
robinsons department store,0,3,1,0,0,0,0,37,0,0,0,0,41,3,False,True,Robinsons Department Store
travel club,0,10,1,0,0,2,2,9,17,0,0,0,41,6,False,True,THE TRAVEL CLUB
unisilver time,0,1,0,0,3,0,0,7,27,2,0,0,40,5,False,True,UNISILVER TIME
hap chan,0,12,0,0,0,2,0,8,13,0,5,0,40,5,False,True,HAP CHAN
penshoppe accessories,0,2,0,0,0,0,0,3,35,0,0,0,40,3,False,True,PENSHOPPE ACCESSORIES
giordano,2,6,1,0,0,1,1,3,26,0,0,0,40,7,False,True,GIORDANO
llao llao,0,0,1,0,0,2,0,5,31,0,0,0,39,4,False,True,LLAO LLAO
body shop,1,6,1,0,0,2,0,1,28,0,0,0,39,6,False,True,THE BODY SHOP
expressions,0,2,0,0,2,0,0,7,3,1,23,1,39,7,False,True,Expressions
hush puppies,2,8,1,0,0,4,1,5,18,0,0,0,39,7,False,True,HUSH PUPPIES
vision express,1,9,0,0,0,2,1,4,22,0,0,0,39,6,False,True,VISION EXPRESS
office warehouse,3,4,1,0,0,2,1,5,20,1,1,0,38,9,False,True,OFFICE WAREHOUSE
mustela,0,11,0,0,0,3,1,4,19,0,0,0,38,5,False,True,MUSTELA
zarks burgers,0,0,0,0,0,0,0,1,37,0,0,0,38,2,False,True,ZARKS BURGERS
coffee bean & tea leaf,0,16,2,0,0,7,2,8,2,0,0,0,37,6,False,True,THE COFFEE BEAN & TEA LEAF
burger king,0,5,1,0,1,1,1,2,25,1,0,0,37,8,False,True,BURGER KING
chris sports,0,9,0,0,0,0,1,1,26,0,0,0,37,4,False,True,CHRIS SPORTS
tronix imaging center,0,0,1,0,0,0,0,5,29,0,1,0,36,4,False,True,TRONIX IMAGING CENTER
fonestyle,0,0,1,0,0,2,0,3,29,0,1,0,36,5,False,True,FONESTYLE
toys r us,0,17,1,0,0,3,1,14,0,0,0,0,36,5,False,True,TOYS R US
french baker,0,4,0,0,0,1,0,4,27,0,0,0,36,4,False,True,THE FRENCH BAKER
cebuana lhuillier,0,8,1,1,3,4,0,16,0,1,1,1,36,9,False,True,Cebuana Lhuillier
giligans restaurant,0,5,1,0,0,0,0,0,30,0,0,0,36,3,False,True,GILIGAN'S RESTAURANT
games & gadgets,0,0,0,0,0,0,0,1,35,0,0,0,36,2,False,True,GAMES & GADGETS
buffalos wings n things,0,2,1,0,0,1,1,1,29,0,0,0,35,6,False,True,BUFFALO'S WINGS N' THINGS
davids for rever,0,0,0,0,0,0,0,0,35,0,0,0,35,1,False,False,DAVIDS FOR REVER
mossimo,0,1,1,0,3,0,0,3,27,0,0,0,35,5,False,True,MOSSIMO
timezone,0,21,1,0,0,2,1,5,4,0,1,0,35,7,False,True,TIMEZONE
tobys,0,0,0,0,0,0,0,1,34,0,0,0,35,2,False,True,TOBYS
south star drug,0,0,0,0,0,0,0,33,1,0,0,0,34,2,False,True,South Star Drug
h&m,1,10,1,0,0,1,0,5,16,0,0,0,34,6,False,True,H&M
unica hija,0,4,0,0,0,1,0,13,16,0,0,0,34,4,False,True,UNICA HIJA
tech101,0,4,0,0,0,0,0,3,27,0,0,0,34,3,False,True,TECH101
life four cuts,0,0,1,0,0,2,1,9,21,0,0,0,34,5,False,True,LIFE FOUR CUTS
asus,0,3,0,0,0,0,1,2,28,0,0,0,34,4,False,True,ASUS
bsd international,0,0,0,0,0,0,0,0,34,0,0,0,34,1,False,False,BSD INTERNATIONAL
mia maison,0,0,1,1,0,1,0,3,28,0,0,0,34,5,False,True,MIA MAISON
pickup coffee,0,9,0,0,0,7,0,9,9,0,0,0,34,4,False,True,PICKUP COFFEE
dr kong,0,13,1,0,0,3,2,5,10,0,0,0,34,6,False,True,DR. KONG
casio,0,6,1,0,1,0,0,6,19,0,0,0,33,5,False,True,CASIO
pancake house,0,10,1,1,0,2,1,3,15,0,0,0,33,7,False,True,PANCAKE HOUSE
all about baking,0,0,0,0,0,1,0,4,24,0,4,0,33,4,False,True,ALL ABOUT BAKING
vans,1,11,1,0,1,1,1,9,8,0,0,0,33,8,False,True,VANS
cabalen,0,3,1,0,0,1,0,4,24,0,0,0,33,5,False,True,CABALEN
payless shoesource,0,8,1,0,0,0,0,0,24,0,0,0,33,3,False,True,PAYLESS SHOESOURCE
pepper lunch,0,7,0,2,1,5,0,4,14,0,0,0,33,6,False,True,PEPPER LUNCH
our home,0,0,0,0,0,0,1,0,32,0,0,0,33,2,False,True,OUR HOME
bisen,2,0,1,0,0,0,0,0,30,0,0,0,33,3,False,True,BISEN
booksale,1,1,0,0,0,0,0,8,21,1,1,0,33,6,False,True,BOOKSALE
sm foodcourt,0,0,0,0,0,0,0,0,33,0,0,0,33,1,False,False,SM FOODCOURT
chingu buko house,0,4,0,0,1,0,0,10,12,0,4,1,32,6,False,True,CHINGU BUKO HOUSE
national book store,0,0,0,1,0,0,0,31,0,0,0,0,32,2,False,True,National Book Store
quickly,0,4,0,0,0,0,1,6,21,0,0,0,32,4,False,True,QUICKLY
robinsons movieworld,0,0,0,0,0,0,0,32,0,0,0,0,32,1,False,False,ROBINSONS MOVIEWORLD
j co donuts coffee,0,0,0,0,0,0,0,0,32,0,0,0,32,1,False,False,J CO DONUTS COFFEE
bench body,2,0,0,0,0,0,0,0,28,1,1,0,32,4,False,True,BENCH BODY
scents co,0,10,0,1,1,0,0,13,6,0,0,0,31,5,False,True,THE SCENTS CO.
beautederm,0,3,0,0,0,0,0,6,22,0,0,0,31,3,False,True,BEAUTEDERM
healthy options,0,13,1,0,0,2,1,1,13,0,0,0,31,6,False,True,HEALTHY OPTIONS
imono,2,0,1,2,0,1,0,4,21,0,0,0,31,6,False,True,IMONO
ramen kuroda,0,6,1,0,0,4,0,2,18,0,0,0,31,5,False,True,RAMEN KURODA
gerrys grill,0,11,1,1,0,3,1,14,0,0,0,0,31,6,False,True,Gerry's Grill
converse,1,12,1,0,3,4,1,7,2,0,0,0,31,8,False,True,Converse
gerrys restaurant,0,0,0,0,0,0,0,0,31,0,0,0,31,1,False,False,GERRY'S RESTAURANT
fully booked,1,9,0,0,0,1,1,0,19,0,0,0,31,5,False,True,FULLY BOOKED
kidzooona,0,4,0,0,0,0,0,4,22,0,0,0,30,3,False,True,KIDZOOONA
banh mi kitchen,0,4,0,1,0,3,0,1,21,0,0,0,30,5,False,True,BANH MI KITCHEN
yellow cab,0,6,0,1,0,1,0,1,21,0,0,0,30,5,False,True,YELLOW CAB
happy skin,1,7,1,0,0,2,0,3,16,0,0,0,30,6,False,True,HAPPY SKIN
alibaba,0,0,1,0,1,0,0,2,23,0,3,0,30,5,False,True,ALIBABA
asprey time,0,0,0,0,0,0,0,0,30,0,0,0,30,1,False,False,ASPREY TIME
anker,0,5,0,0,1,4,1,2,17,0,0,0,30,6,False,True,ANKER
sumo niku unlimited japanese barbeque,0,4,0,0,0,0,0,0,26,0,0,0,30,2,False,True,SUMO NIKU UNLIMITED JAPANESE BARBEQUE
robinsons bank,0,0,0,0,0,0,0,29,0,0,0,1,30,2,False,True,Robinsons Bank
coffee bean tea leaf,0,0,0,0,0,0,0,0,30,0,0,0,30,1,False,False,THE COFFEE BEAN TEA LEAF
vibes massage,0,0,1,0,0,0,0,10,18,1,0,0,30,4,False,True,VIBES MASSAGE
tokyo,0,8,1,0,0,5,2,6,7,0,0,0,29,6,False,True,@TOKYO
lenovo,0,3,1,0,0,0,1,3,21,0,0,0,29,5,False,True,LENOVO
sbarro,0,5,1,1,0,2,2,3,15,0,0,0,29,7,False,True,SBARRO
happy brows,0,7,0,0,0,1,0,3,18,0,0,0,29,4,False,True,HAPPY BROWS
gubys chicharon espesyal,0,0,0,0,0,0,0,0,29,0,0,0,29,1,False,False,GUBY'S CHICHARON ESPESYAL
mesa,0,9,1,1,0,2,1,3,12,0,0,0,29,7,False,True,MESA
bench fix salon,0,0,0,0,0,0,0,3,26,0,0,0,29,2,False,True,BENCH FIX SALON
paotsin,0,4,0,1,0,4,0,15,0,1,4,0,29,6,False,True,Paotsin
aldo,0,11,0,0,0,3,1,2,12,0,0,0,29,5,False,True,ALDO
pan de manila,0,3,1,0,0,9,0,6,9,0,1,0,29,6,False,True,Pan De Manila
serenitea,0,6,0,0,0,3,2,4,13,0,0,0,28,5,False,True,SERENITEA
medical city clinic,0,6,1,1,0,0,0,0,20,0,0,0,28,4,False,True,THE MEDICAL CITY CLINIC
bioessence,1,3,0,0,0,1,1,2,20,0,0,0,28,6,False,True,BIOESSENCE
johnn lemon,0,3,0,1,0,2,0,8,14,0,0,0,28,5,False,True,JOHNN LEMON
mesa filipino moderne,0,0,0,0,0,0,0,0,28,0,0,0,28,1,False,False,MESA FILIPINO MODERNE
s&r new york style pizza,0,8,1,0,0,0,0,7,12,0,0,0,28,4,False,True,S&R NEW YORK STYLE PIZZA
sm hypermarket,0,0,0,0,0,1,0,0,27,0,0,0,28,2,False,True,SM HYPERMARKET
ramen nagi,0,7,1,0,0,1,2,5,12,0,0,0,28,6,False,True,RAMEN NAGI
buko ni fruitas,0,3,1,1,0,1,0,3,19,0,0,0,28,6,False,True,BUKO NI FRUITAS
jamaican patties,0,0,0,0,0,0,0,0,27,0,0,0,27,1,False,False,JAMAICAN PATTIES
alfamart,0,0,0,0,0,1,1,0,24,0,1,0,27,4,False,True,ALFAMART
avocadoria,0,0,1,2,0,3,2,19,0,0,0,0,27,5,False,True,Avocadoria
tecno mobile,0,0,0,0,0,0,0,1,26,0,0,0,27,2,False,True,TECNO MOBILE
blade,0,0,1,0,1,2,1,5,17,0,0,0,27,6,False,True,BLADE
coco fresh tea & juice,0,13,0,1,0,8,2,3,0,0,0,0,27,5,False,True,COCO FRESH TEA & JUICE
human,1,2,0,0,0,0,0,2,20,0,1,1,27,6,False,True,HUMAN
mary grace,0,4,0,0,0,7,2,6,6,0,2,0,27,6,False,True,Mary Grace
miguelitos ice cream,0,2,2,0,0,1,0,13,6,0,1,2,27,7,False,True,MIGUELITOS ICE CREAM
2go,0,2,0,0,1,0,1,1,22,0,0,0,27,5,False,True,2GO
asianic,0,1,1,0,0,0,0,0,23,0,1,0,26,4,False,True,ASIANIC
famous belgian waffle,0,0,1,1,4,4,0,14,0,0,0,2,26,6,False,True,Famous Belgian Waffle
techno kid,0,0,0,0,0,0,0,0,26,0,0,0,26,1,False,False,TECHNO KID
denim hub,0,5,1,0,0,2,0,11,7,0,0,0,26,5,False,True,DENIM HUB
kyu kyu ramen 99,0,0,0,0,0,0,0,3,23,0,0,0,26,2,False,True,KYU KYU RAMEN 99
fruity lemons,0,0,0,0,0,0,0,0,24,0,2,0,26,2,False,True,FRUITY LEMONS
jockey,2,13,1,0,0,0,0,5,4,1,0,0,26,6,False,True,JOCKEY
sizzling plate,0,0,0,0,0,0,0,0,26,0,0,0,26,1,False,False,SIZZLING PLATE
spyder,0,0,1,0,0,0,0,3,22,0,0,0,26,3,False,True,SPYDER
handyman do it best,0,8,0,0,0,0,0,18,0,0,0,0,26,2,False,True,Handyman Do It Best
alter to fit,0,0,0,0,0,1,0,0,24,0,1,0,26,3,False,True,ALTER TO FIT
guanzon mobitek,0,0,0,0,0,0,0,5,17,1,2,0,25,4,False,True,GUANZON MOBITEK
popeyes,0,0,1,0,0,5,1,2,16,0,0,0,25,5,False,True,POPEYES
freshaire,0,0,1,0,0,0,0,0,23,0,1,0,25,3,False,True,FRESHAIRE
res toe run,1,10,1,0,0,0,0,11,2,0,0,0,25,5,False,True,Res Toe Run
blk 513,0,5,1,0,0,2,0,3,14,0,0,0,25,5,False,True,BLK 513
infinitea,0,1,0,0,1,0,0,9,13,1,0,0,25,5,False,True,INFINITEA
a 1 driving,0,0,0,0,0,2,0,0,23,0,0,0,25,2,False,True,A-1 DRIVING
blk cosmetics,1,7,1,0,0,2,0,2,12,0,0,0,25,6,False,True,BLK COSMETICS
itel mobile,0,0,1,0,0,0,0,0,23,1,0,0,25,3,False,True,ITEL MOBILE
jbl,0,3,1,0,0,0,0,3,18,0,0,0,25,4,False,True,JBL
new balance,1,9,1,0,0,5,1,5,3,0,0,0,25,7,False,True,NEW BALANCE
romantic baboy,0,5,2,0,0,2,0,5,11,0,0,0,25,5,False,True,ROMANTIC BABOY
love link,0,1,0,0,0,0,0,1,23,0,0,0,25,3,False,True,LOVE LINK
jg salo,0,0,0,0,0,0,0,0,24,0,0,0,24,1,False,False,JG SALO
wendys,0,1,1,2,0,3,1,2,14,0,0,0,24,7,False,True,WENDYS
bdo atm,0,0,0,0,1,12,0,3,6,1,1,0,24,6,False,True,BDO ATM
cotton on,0,6,1,1,0,1,0,0,15,0,0,0,24,5,False,True,COTTON ON
pandora,1,6,1,0,0,2,1,2,11,0,0,0,24,7,False,True,PANDORA
time depot,0,0,0,1,0,0,0,2,21,0,0,0,24,3,False,True,TIME DEPOT
lto,0,0,0,1,1,7,0,7,7,0,0,1,24,6,False,True,LTO
siomai king,0,3,0,0,2,1,0,13,3,0,0,2,24,6,False,True,SIOMAI KING
mango,1,10,0,0,0,3,0,2,8,0,0,0,24,5,False,True,MANGO
parfois,1,6,1,0,0,0,1,2,13,0,0,0,24,6,False,True,PARFOIS
stormtech,0,1,0,0,0,0,0,8,15,0,0,0,24,3,False,True,STORMTECH
italiannis,0,12,1,0,0,5,1,1,4,0,0,0,24,6,False,True,ITALIANNI'S
toy kingdom,0,0,1,1,0,0,1,0,21,0,0,0,24,4,False,True,TOY KINGDOM
blue magic,1,0,1,0,0,0,0,1,21,0,0,0,24,4,False,True,BLUE MAGIC
straightforward,1,10,0,0,0,1,0,1,11,0,0,0,24,5,False,True,STRAIGHTFORWARD
gingersnaps,0,6,0,0,0,2,0,2,14,0,0,0,24,4,False,True,GINGERSNAPS
mumuso,1,11,0,2,0,4,0,2,0,3,0,0,23,6,False,True,MUMUSO
remax,0,2,0,2,2,0,0,1,16,0,0,0,23,5,False,True,REMAX
speedo,1,11,0,0,0,2,0,2,7,0,0,0,23,5,False,True,SPEEDO
dhl,0,0,0,0,0,2,1,4,16,0,0,0,23,4,False,True,DHL
bos coffee,0,4,0,0,0,1,1,5,12,0,0,0,23,5,False,True,BO'S COFFEE
razons of guagua,0,2,0,0,0,0,0,3,18,0,0,0,23,3,False,True,RAZONS OF GUAGUA
brow lounge eyebrow grooming and waxing salon,0,0,0,0,0,0,0,0,23,0,0,0,23,1,False,False,BROW LOUNGE EYEBROW GROOMING AND WAXING SALON
dji,0,2,1,0,0,0,0,2,18,0,0,0,23,4,False,True,DJI
xiaomi,0,4,1,2,0,0,1,9,2,1,3,0,23,8,False,True,XIAOMI
memoxpress,0,8,0,0,0,0,0,15,0,0,0,0,23,2,False,True,Memoxpress
popperoo,0,0,0,0,1,0,0,2,20,0,0,0,23,3,False,True,POPPEROO
kamiseta,0,4,0,0,2,0,1,3,13,0,0,0,23,5,False,True,KAMISETA
mang binatog,0,1,0,0,0,0,0,5,16,0,0,0,22,3,False,True,MANG BINATOG
kids paradise,0,4,0,2,0,0,0,9,7,0,0,0,22,4,False,True,KIDS PARADISE
oakley,0,4,1,0,0,1,1,0,15,0,0,0,22,5,False,True,OAKLEY
planet sports,1,10,1,0,0,3,0,7,0,0,0,0,22,5,False,True,PLANET SPORTS
motoworld,0,3,1,0,0,0,0,1,17,0,0,0,22,4,False,True,MOTOWORLD
ideal vision,1,0,2,1,1,0,1,12,0,0,4,0,22,7,False,True,Ideal Vision
at tokyo,0,0,0,0,0,0,0,0,22,0,0,0,22,1,False,False,AT TOKYO
pet express,0,0,1,0,0,0,2,0,19,0,0,0,22,3,False,True,PET EXPRESS
zus coffee,0,0,1,0,0,3,1,10,7,0,0,0,22,5,False,True,ZUS COFFEE
samgyeopmasarap,0,0,0,0,0,0,0,0,22,0,0,0,22,1,False,False,SAMGYEOPMASARAP
muhlach ensaymada,0,1,0,1,0,0,0,3,17,0,0,0,22,4,False,True,MUHLACH ENSAYMADA
karat world,0,4,0,0,0,0,0,4,13,0,0,0,21,3,False,True,KARAT WORLD
marugame udon udon tempura,0,0,0,0,0,0,0,0,21,0,0,0,21,1,False,False,MARUGAME UDON UDON TEMPURA
thirsty,0,0,0,0,0,1,0,9,11,0,0,0,21,3,False,True,THIRSTY
lac nutrition for life,0,7,1,0,0,0,0,3,10,0,0,0,21,4,False,True,LAC NUTRITION FOR LIFE
rrj mr lee,0,2,0,0,0,0,0,17,0,1,0,1,21,4,False,True,RRJ/Mr. Lee
watch central,0,0,0,0,0,0,0,8,13,0,0,0,21,2,False,True,WATCH CENTRAL
pepa wings,0,3,0,0,0,1,0,5,12,0,0,0,21,4,False,True,PEPA WINGS
shoe salon,1,13,0,0,0,2,1,2,2,0,0,0,21,6,False,True,SHOE SALON
awei,0,0,1,0,0,0,0,0,20,0,0,0,21,2,False,True,AWEI
takoyadon,0,0,0,0,0,1,0,6,14,0,0,0,21,3,False,True,TAKOYADON
bratpack,1,8,0,0,0,0,1,7,4,0,0,0,21,5,False,True,BRATPACK
cibo,0,9,0,0,0,4,2,2,4,0,0,0,21,5,False,True,CIBO
original penguin,0,10,1,0,0,3,0,3,4,0,0,0,21,5,False,True,ORIGINAL PENGUIN
cinnabon,0,3,1,0,0,0,2,2,13,0,0,0,21,5,False,True,CINNABON
anta,1,6,0,0,0,3,0,7,4,0,0,0,21,5,False,True,ANTA
puma,1,8,1,0,1,4,1,3,2,0,0,0,21,8,False,True,PUMA
nature republic,0,9,1,0,0,1,1,2,7,0,0,0,21,6,False,True,NATURE REPUBLIC
sony,0,0,1,0,0,0,1,3,15,0,0,0,20,4,False,True,SONY
sperry top sider,0,0,0,0,0,0,0,0,20,0,0,0,20,1,False,False,SPERRY TOP-SIDER
zencell cellphone accessories,0,0,0,0,0,0,0,0,20,0,0,0,20,1,False,False,ZENCELL CELLPHONE ACCESSORIES
lacoste,1,9,0,0,0,1,2,2,5,0,0,0,20,6,False,True,LACOSTE
game xtreme,0,4,1,0,0,0,0,1,14,0,0,0,20,4,False,True,GAME XTREME
sarabia optical,1,8,1,0,0,0,2,7,1,0,0,0,20,6,False,True,Sarabia Optical
n cat,1,10,1,0,0,3,1,4,0,0,0,0,20,6,False,True,N. CAT
happy lemon,0,4,1,0,1,2,2,3,7,0,0,0,20,7,False,True,HAPPY LEMON
medical depot,0,8,1,0,0,0,0,2,9,0,0,0,20,4,False,True,MEDICAL DEPOT
ussc,0,10,0,0,0,2,0,5,0,0,1,2,20,5,False,True,USSC
all flip flops,0,0,0,0,0,0,0,5,15,0,0,0,20,2,False,True,ALL FLIP FLOPS
tech 101,0,0,0,0,0,0,0,5,14,0,1,0,20,3,False,True,TECH 101
wrist pod,0,5,1,0,0,0,0,0,14,0,0,0,20,3,False,True,WRIST_POD
electroworld,0,4,0,0,0,1,0,0,14,0,1,0,20,4,False,True,ELECTROWORLD
medical city,0,0,0,0,0,3,1,5,5,0,6,0,20,5,False,True,The Medical City
tribal gear,0,0,0,0,0,0,0,0,20,0,0,0,20,1,False,False,TRIBAL GEAR
papemelroti,1,4,1,0,0,0,1,1,12,0,0,0,20,6,False,True,PAPEMELROTI
nike,1,5,1,0,2,0,0,3,8,0,0,0,20,6,False,True,NIKE
but first coffee,0,0,2,0,0,1,0,3,14,0,0,0,20,4,False,True,BUT FIRST COFFEE
subway,0,2,2,0,0,3,0,1,11,0,0,0,19,5,False,True,SUBWAY
llaollao,0,15,0,0,0,0,0,4,0,0,0,0,19,2,False,True,LLAOLLAO
buko loco,0,2,0,0,0,0,0,3,13,0,1,0,19,4,False,True,BUKO LOCO
ogawa,1,5,0,0,0,2,1,1,9,0,0,0,19,6,False,True,OGAWA
i watch,0,5,1,0,0,0,0,8,5,0,0,0,19,4,False,True,I WATCH
lazer music,1,0,1,0,0,0,0,0,16,0,1,0,19,4,False,True,LAZER MUSIC
ate ricas bacsilog,0,0,1,2,0,2,0,3,1,0,10,0,19,6,False,True,Ate Rica's Bacsilog
t j salon professionals,0,0,0,0,0,0,0,0,19,0,0,0,19,1,False,False,T J SALON PROFESSIONALS
giligans,0,0,1,0,0,4,2,7,0,2,3,0,19,6,False,True,Giligan's
sunnies specs,0,5,0,0,0,2,0,0,12,0,0,0,19,3,False,True,SUNNIES SPECS
anello,0,2,1,0,0,0,0,1,15,0,0,0,19,4,False,True,ANELLO
cinema,0,17,0,0,0,0,1,0,0,0,0,1,19,3,False,True,CINEMA
katinko,1,0,1,0,0,0,0,6,11,0,0,0,19,4,False,True,KATINKO
banana peel,0,3,1,0,0,1,0,10,1,1,2,0,19,7,False,True,BANANA PEEL
acqua suisse perfume bar,0,0,0,0,0,0,0,0,19,0,0,0,19,1,False,False,ACQUA SUISSE PERFUME BAR
hydro flask,0,5,0,0,0,1,0,0,12,0,0,0,18,3,False,True,HYDRO FLASK
sunnies face,0,8,1,0,0,1,1,2,5,0,0,0,18,6,False,True,SUNNIES FACE
yogorino,0,1,0,0,0,0,1,1,15,0,0,0,18,4,False,True,YOGORINO
hukad,0,3,1,0,1,1,0,4,8,0,0,0,18,6,False,True,HUKAD
merrell,1,4,1,0,1,0,1,1,9,0,0,0,18,7,False,True,MERRELL
mann hann,0,5,0,0,0,1,2,3,7,0,0,0,18,5,False,True,MANN HANN
yves rocher,0,4,0,0,0,0,1,4,9,0,0,0,18,4,False,True,YVES ROCHER
beyond the box,0,5,0,0,0,6,0,6,1,0,0,0,18,4,False,True,BEYOND THE BOX
emo,0,0,1,0,0,0,0,0,15,0,2,0,18,3,False,True,EMO
phlpost,0,0,0,0,0,0,0,8,10,0,0,0,18,2,False,True,PHLPOST
cherry mobile,0,0,0,0,4,0,0,2,9,1,0,2,18,5,False,True,CHERRY MOBILE
concorde,0,0,1,1,0,0,0,0,16,0,0,0,18,3,False,True,CONCORDE
mr softy ice cream,0,0,0,0,1,0,0,0,17,0,0,0,18,2,False,True,MR SOFTY ICE CREAM
posh nails,0,3,1,0,0,1,0,1,11,0,1,0,18,6,False,True,POSH NAILS
garmin,0,5,0,0,0,2,0,1,10,0,0,0,18,4,False,True,GARMIN
terranova,0,4,0,0,0,0,0,1,13,0,0,0,18,3,False,True,TERRANOVA
yabu,0,5,1,0,0,1,2,3,6,0,0,0,18,6,False,True,YABU
fitflop,1,2,0,0,0,1,1,3,10,0,0,0,18,6,False,True,FITFLOP
abenson home,0,1,0,0,0,0,0,1,0,0,16,0,18,3,False,True,Abenson HOME
bonchon chicken,0,13,0,0,0,4,0,0,0,0,0,0,17,2,False,True,BONCHON CHICKEN
spigen sgp,0,0,0,0,0,0,0,0,17,0,0,0,17,1,False,False,SPIGEN SGP
manjaru,0,1,0,0,0,0,0,6,5,1,1,3,17,6,False,True,MANJARU
waltermart supermarket,0,1,0,0,0,0,0,0,0,0,16,0,17,2,False,True,WalterMart Supermarket
chooks,0,0,1,0,0,0,0,5,11,0,0,0,17,3,False,True,CHOOKS
texas roadhouse,0,8,0,0,0,3,1,2,3,0,0,0,17,5,False,True,TEXAS ROADHOUSE
true value,0,9,1,0,0,3,1,3,0,0,0,0,17,5,False,True,TRUE VALUE
oro china,0,3,0,0,0,0,0,3,11,0,0,0,17,3,False,True,ORO CHINA
m lhuillier jewellers,0,3,0,0,0,0,0,0,14,0,0,0,17,2,False,True,M LHUILLIER JEWELLERS
wash n wear,0,2,0,0,0,0,0,3,12,0,0,0,17,3,False,True,WASH N WEAR
sandwich guy,0,0,0,0,0,1,0,3,13,0,0,0,17,3,False,True,THE SANDWICH GUY
sense of scents,0,0,0,0,0,0,0,7,10,0,0,0,17,2,False,True,SENSE OF SCENTS
arrow,0,2,0,0,0,1,1,1,12,0,0,0,17,5,False,True,ARROW
sss,0,0,0,0,0,0,0,10,5,0,0,2,17,3,False,True,SSS
caramia cakes & gelato,0,0,0,0,0,0,0,1,16,0,0,0,17,2,False,True,CARAMIA CAKES & GELATO
kenny rogers roasters,0,11,1,0,0,0,0,5,0,0,0,0,17,3,False,True,KENNY ROGERS ROASTERS
loalde,0,4,0,0,1,0,0,1,11,0,0,0,17,4,False,True,LOALDE
gigahertz computer system,0,1,0,0,0,0,0,0,16,0,0,0,17,2,False,True,GIGAHERTZ COMPUTER SYSTEM
origani,0,1,0,1,0,3,0,2,10,0,0,0,17,5,False,True,ORIGANI
argentee,0,0,0,0,0,0,0,16,1,0,0,0,17,2,False,True,Argentee
birkenstock,1,6,1,0,0,1,1,0,6,0,0,0,16,6,False,True,BIRKENSTOCK
coco,0,0,0,0,0,0,0,2,13,0,1,0,16,3,False,True,COCO+
tiger sugar,0,3,0,0,0,0,0,4,9,0,0,0,16,3,False,True,TIGER SUGAR
jr memoxpress,0,0,0,0,0,0,0,0,0,0,16,0,16,1,False,False,JR MemoXpress
chilis,0,6,1,0,0,2,0,1,6,0,0,0,16,5,False,True,CHILI'S
security bank,0,3,2,0,4,4,1,2,0,0,0,0,16,6,False,True,Security Bank
spigen,0,6,1,0,1,1,1,1,5,0,0,0,16,7,False,True,SPIGEN
urbanize,1,6,0,0,0,2,0,1,6,0,0,0,16,5,False,True,URBANIZE
iqos,0,1,1,0,0,1,1,2,10,0,0,0,16,6,False,True,IQOS
gaming grounds,0,0,0,0,0,0,0,0,16,0,0,0,16,1,False,False,GAMING GROUNDS
aficionado germany perfume,0,0,0,0,0,0,0,2,14,0,0,0,16,2,False,True,AFICIONADO GERMANY PERFUME
el bonitos,0,0,0,0,0,0,0,0,4,0,6,6,16,3,False,True,EL BONITOS
new era,1,3,0,0,0,1,1,1,9,0,0,0,16,6,False,True,NEW ERA
brow studio,0,1,0,0,0,2,1,0,12,0,0,0,16,4,False,True,THE BROW STUDIO
aboys fresh lumpia,0,0,1,0,0,0,0,2,5,0,8,0,16,4,False,True,Aboy's Fresh Lumpia
artwork,0,2,1,0,1,0,0,0,12,0,0,0,16,4,False,True,ARTWORK
tealive,0,1,0,0,0,0,0,2,13,0,0,0,16,3,False,True,TEALIVE
xo,0,0,1,0,0,0,0,1,14,0,0,0,16,3,False,True,XO
cuts 4 tots hair salon,0,3,0,0,0,0,0,1,12,0,0,0,16,3,False,True,CUTS 4 TOTS HAIR SALON
mags closet boutique,0,3,0,0,0,0,0,0,13,0,0,0,16,2,False,True,MAGS CLOSET BOUTIQUE
fonerange,0,0,0,0,0,0,0,0,6,0,10,0,16,2,False,True,FONERange
dakasi,0,3,0,0,0,0,0,0,13,0,0,0,16,2,False,True,DAKASI
wonder photo shop,0,2,0,0,0,0,1,1,12,0,0,0,16,4,False,True,WONDER PHOTO SHOP
synchro,0,0,0,0,0,1,0,15,0,0,0,0,16,2,False,True,Synchro
tgi fridays,0,9,0,0,0,4,0,3,0,0,0,0,16,3,False,True,TGI FRIDAY'S
w department store,0,1,0,0,0,0,0,0,0,0,15,0,16,2,False,True,W Department Store
pho hoa,0,4,0,0,0,4,1,4,3,0,0,0,16,5,False,True,Pho Hoa
outland,0,2,0,0,0,0,0,13,1,0,0,0,16,3,False,True,Outland
real me,0,0,0,1,0,0,0,3,0,0,12,0,16,3,False,True,Real Me
g shock,1,6,1,0,0,1,0,2,5,0,0,0,16,6,False,True,G-SHOCK
lil people,0,0,0,0,0,0,0,1,6,0,9,0,16,3,False,True,Li'l People
oxygen,0,0,1,0,1,1,1,10,0,2,0,0,16,6,False,True,Oxygen
dentacare,0,2,0,0,0,0,0,0,14,0,0,0,16,2,False,True,DENTACARE
st pauls,2,1,0,0,0,0,0,0,13,0,0,0,16,3,False,True,ST PAULS
lugaw republic,0,2,1,0,0,0,0,6,2,1,1,2,15,7,False,True,LUGAW REPUBLIC
hla,1,0,1,0,0,2,1,5,5,0,0,0,15,6,False,True,HLA
tokyo tempura,0,4,0,0,0,0,0,2,9,0,0,0,15,3,False,True,TOKYO TEMPURA
clydes bread pastries,0,0,0,0,0,0,0,0,15,0,0,0,15,1,False,False,CLYDES BREAD PASTRIES
prestige,0,1,0,0,1,0,0,0,13,0,0,0,15,3,False,True,PRESTIGE
dermclinic,0,0,1,0,0,0,0,0,14,0,0,0,15,2,False,True,DERMCLINIC
uncle johns,0,3,0,0,0,3,0,9,0,0,0,0,15,3,False,True,UNCLE JOHN'S
nonos,0,0,1,0,0,4,0,4,6,0,0,0,15,4,False,True,NONO'S
angels pizza,0,0,0,0,0,2,0,1,9,0,3,0,15,4,False,True,ANGELS PIZZA
fila,0,3,0,1,0,0,0,5,4,2,0,0,15,5,False,True,FILA
reyes barbecue,0,5,0,0,0,0,0,3,7,0,0,0,15,3,False,True,REYES BARBECUE
le jean de marithe francois girbaud,0,0,0,0,0,0,0,0,15,0,0,0,15,1,False,False,LE JEAN DE MARITHE FRANCOIS GIRBAUD
manam,1,6,0,0,0,4,2,1,1,0,0,0,15,6,False,True,MANAM
dogs and the city,0,10,0,0,0,4,1,0,0,0,0,0,15,3,False,True,DOGS AND THE CITY
karimadon,0,4,0,0,0,0,0,2,9,0,0,0,15,3,False,True,KARIMADON
filbars,1,6,1,0,0,2,0,1,4,0,0,0,15,6,False,True,FILBAR'S
mossimo kids,0,0,0,0,0,0,0,2,13,0,0,0,15,2,False,True,MOSSIMO KIDS
hen lin,0,5,2,1,0,2,0,0,5,0,0,0,15,5,False,True,HEN LIN
core pacific,0,0,0,0,0,0,0,13,0,1,0,1,15,3,False,True,CORE PACIFIC
tronix,0,1,0,0,0,0,0,11,0,1,0,2,15,4,False,True,Tronix
gibi,0,4,0,0,1,0,1,9,0,0,0,0,15,4,False,True,Gibi
transfer it,0,0,0,1,1,0,0,12,1,0,0,0,15,4,False,True,Transfer It
sportshouse,0,0,0,0,0,0,0,1,14,0,0,0,15,2,False,True,SPORTSHOUSE
army navy burger burrito,0,7,0,0,0,1,0,0,7,0,0,0,15,3,False,True,ARMY NAVY BURGER + BURRITO
plato wraps,0,1,1,0,0,0,0,5,8,0,0,0,15,4,False,True,PLATO WRAPS
philhealth,0,0,1,0,0,1,0,8,4,1,0,0,15,5,False,True,PHILHEALTH
taho story,0,0,0,0,0,0,0,7,8,0,0,0,15,2,False,True,TAHO STORY
panda express,0,0,1,0,0,0,1,1,12,0,0,0,15,4,False,True,PANDA EXPRESS
loop,0,7,0,0,0,4,0,4,0,0,0,0,15,3,False,True,THE LOOP
metrobank,0,6,1,1,2,0,2,3,0,0,0,0,15,6,False,True,METROBANK
robot,0,0,0,0,0,0,0,2,13,0,0,0,15,2,False,True,ROBOT
asprey,1,8,1,0,1,0,1,3,0,0,0,0,15,6,False,True,ASPREY
nailaholics nail salon and spa,0,14,0,1,0,0,0,0,0,0,0,0,15,2,False,True,NAILAHOLICS NAIL SALON AND SPA
mac,0,5,0,0,0,0,1,1,8,0,0,0,15,4,False,True,MAC
charles & keith,0,5,0,0,0,1,0,1,8,0,0,0,15,4,False,True,CHARLES & KEITH
lyric,0,1,0,0,0,0,0,1,13,0,0,0,15,3,False,True,LYRIC
dito telecommunity,0,3,0,0,0,0,0,1,11,0,0,0,15,3,False,True,DITO TELECOMMUNITY
fuma,0,7,0,0,0,0,0,3,4,0,0,0,14,3,False,True,FUMA
vikings,0,0,0,0,0,1,0,0,13,0,0,0,14,2,False,True,VIKINGS
showcase carpet,0,0,0,0,0,0,0,1,13,0,0,0,14,2,False,True,SHOWCASE CARPET
ugreen,0,2,0,0,0,1,0,5,6,0,0,0,14,4,False,True,UGREEN
ever new,0,5,0,0,0,2,0,2,5,0,0,0,14,4,False,True,EVER NEW
savemore market,0,0,0,0,0,0,0,0,14,0,0,0,14,1,False,False,SAVEMORE MARKET
nuat thai foot body massage,0,0,0,0,0,0,0,0,14,0,0,0,14,1,False,False,NUAT THAI FOOT BODY MASSAGE
us polo assn,0,0,1,0,0,0,0,2,11,0,0,0,14,3,False,True,US POLO ASSN
nailandia,0,0,1,0,0,2,1,7,0,0,3,0,14,5,False,True,Nailandia
bacolod chicken inasal,0,1,0,0,0,2,1,3,7,0,0,0,14,5,False,True,BACOLOD CHICKEN INASAL
happy cup,0,0,0,0,0,2,0,1,11,0,0,0,14,3,False,True,HAPPY CUP
salon de rose,0,3,1,0,0,0,0,3,7,0,0,0,14,4,False,True,SALON DE ROSE
peri peri charcoal chicken sauce bar,0,0,0,0,0,0,0,0,14,0,0,0,14,1,False,False,PERI PERI CHARCOAL CHICKEN SAUCE BAR
olympic village,2,4,1,2,0,0,0,4,1,0,0,0,14,6,False,True,OLYMPIC VILLAGE
yamang bukid,0,1,0,0,0,0,0,5,6,0,1,1,14,5,False,True,YAMANG BUKID
loop by power mac center,0,0,0,0,0,0,0,1,13,0,0,0,14,2,False,True,THE LOOP BY POWER MAC CENTER
greentelcom,0,0,0,0,0,0,0,4,6,0,4,0,14,3,False,True,Greentelcom
sst laptop,0,0,0,0,2,0,0,4,8,0,0,0,14,3,False,True,SST LAPTOP
decathlon,0,3,1,0,0,1,1,2,6,0,0,0,14,6,False,True,DECATHLON
vionic,1,5,0,0,0,0,1,1,6,0,0,0,14,5,False,True,VIONIC
pick up coffee,0,0,1,0,0,0,1,11,1,0,0,0,14,4,False,True,PICK UP COFFEE
la sedia,0,0,0,0,0,1,1,11,1,0,0,0,14,4,False,True,La Sedia
flying tiger copenhagen,1,9,1,0,0,0,0,0,3,0,0,0,14,4,False,True,FLYING TIGER COPENHAGEN
beabi,0,3,0,0,0,2,1,4,4,0,0,0,14,5,False,True,BEABI
aeropostale,0,0,0,0,0,0,0,0,14,0,0,0,14,1,False,False,AEROPOSTALE
herschel,0,6,0,0,0,1,0,0,7,0,0,0,14,3,False,True,HERSCHEL
bangs prime salon,0,3,1,0,0,1,0,1,8,0,0,0,14,5,False,True,BANGS PRIME SALON
bpi atm,0,0,0,0,0,10,0,2,1,0,0,1,14,4,False,True,BPI ATM
mi store,0,8,0,0,0,2,0,4,0,0,0,0,14,3,False,True,MI STORE
contis take out nook,0,0,0,1,0,0,0,0,12,0,0,0,13,2,False,True,CONTIS TAKE OUT NOOK
microvalley,0,0,0,0,0,0,0,0,13,0,0,0,13,1,False,False,MICROVALLEY
jag,1,1,1,0,0,0,0,2,7,1,0,0,13,6,False,True,JAG
rcc amazing touch,0,0,1,0,0,0,0,0,12,0,0,0,13,2,False,True,RCC AMAZING TOUCH
nixx,0,0,0,0,0,0,0,0,13,0,0,0,13,1,False,False,NIXX
lotto outlet,0,4,1,0,0,0,0,5,0,1,0,2,13,5,False,True,LOTTO OUTLET
gotcha prize,0,0,0,0,0,0,0,1,12,0,0,0,13,2,False,True,GOTCHA PRIZE
planet vape,0,1,0,0,0,0,0,1,11,0,0,0,13,3,False,True,PLANET VAPE
furniture republic,1,7,1,1,0,2,0,1,0,0,0,0,13,6,False,True,FURNITURE REPUBLIC
simply shoes,0,1,0,0,0,0,0,0,9,0,3,0,13,3,False,True,SIMPLY SHOES
sisig hooray,0,2,0,1,0,0,0,3,7,0,0,0,13,4,False,True,SISIG HOORAY
avocado locco,0,0,0,0,0,0,0,2,9,0,2,0,13,3,False,True,AVOCADO LOCCO
silver wings,1,0,0,0,0,0,0,0,11,0,1,0,13,3,False,True,SILVER WINGS
vivere salon,0,3,1,0,0,2,2,2,3,0,0,0,13,6,False,True,VIVERE SALON
leylam,0,3,0,0,2,0,0,8,0,0,0,0,13,3,False,True,Leylam
contis bakeshop and restaurant,0,0,0,0,0,0,0,0,13,0,0,0,13,1,False,False,CONTIS BAKESHOP AND RESTAURANT
human nature,1,5,1,0,0,0,0,2,3,0,1,0,13,6,False,True,HUMAN NATURE
keds,1,2,1,0,1,0,1,1,6,0,0,0,13,7,False,True,KEDS
foot locker,1,4,1,0,0,3,2,1,1,0,0,0,13,7,False,True,Foot Locker
hearts arrows,0,0,0,0,0,0,0,0,13,0,0,0,13,1,False,False,HEARTS ARROWS
aerophone,0,5,0,0,0,0,0,2,6,0,0,0,13,3,False,True,AEROPHONE
pag ibig fund,0,3,0,0,0,0,0,10,0,0,0,0,13,2,False,True,PAG-IBIG FUND
nail files,0,1,0,0,0,1,0,2,9,0,0,0,13,4,False,True,NAIL FILES
mothers touch,0,3,0,0,0,0,0,7,3,0,0,0,13,3,False,True,MOTHER'S TOUCH
fax parcel print,0,1,0,0,0,2,0,0,10,0,0,0,13,3,False,True,FAX PARCEL PRINT
toolbox,0,0,0,0,0,0,0,1,8,0,4,0,13,3,False,True,TOOLBOX
kedma,0,3,0,0,0,3,0,2,5,0,0,0,13,4,False,True,KEDMA
motivo,0,0,0,0,0,0,0,0,13,0,0,0,13,1,False,False,MOTIVO
cellstuff,0,0,0,0,0,0,0,0,0,0,13,0,13,1,False,False,Cellstuff
everything but cheese,0,0,0,1,0,0,0,2,10,0,0,0,13,3,False,True,EVERYTHING BUT CHEESE
doctor leather,0,6,0,0,0,0,1,0,6,0,0,0,13,3,False,True,DOCTOR LEATHER
mobileworld,0,0,0,0,0,0,0,0,13,0,0,0,13,1,False,False,MOBILEWORLD
dermstrata,0,0,0,0,0,0,0,0,13,0,0,0,13,1,False,False,DERMSTRATA
kidzoona,0,0,1,0,0,3,0,7,0,0,2,0,13,4,False,True,Kidzoona
southstar drug,0,0,1,0,0,1,1,6,0,0,4,0,13,5,False,True,Southstar Drug
philip stein,0,4,1,0,0,0,0,2,6,0,0,0,13,4,False,True,PHILIP STEIN
smart gadget,0,0,0,0,0,0,0,2,11,0,0,0,13,2,False,True,SMART GADGET
joyroom,0,0,0,0,0,0,0,1,12,0,0,0,13,2,False,True,JOYROOM
julies bakeshop,0,1,1,0,0,0,0,6,4,0,1,0,13,5,False,True,Julie's Bakeshop
fossil,0,4,1,0,0,0,0,1,7,0,0,0,13,4,False,True,FOSSIL
samgyupsalamat,0,1,1,1,0,3,0,2,4,0,0,0,12,6,False,True,Samgyupsalamat
sams everything on sticks,0,3,0,0,0,0,0,4,5,0,0,0,12,3,False,True,SAMS EVERYTHING ON STICKS
samsonite,0,5,0,0,0,1,0,1,5,0,0,0,12,4,False,True,SAMSONITE
nubia,0,0,1,0,0,0,0,3,8,0,0,0,12,3,False,True,NUBIA
kiehls,0,4,0,0,0,1,0,2,5,0,0,0,12,4,False,True,KIEHL'S
casa ilongga,0,1,0,0,1,0,0,5,5,0,0,0,12,4,False,True,CASA ILONGGA
ayumi,0,3,0,0,0,5,0,2,2,0,0,0,12,4,False,True,AYUMI
flawless face and body clinic,0,0,0,0,0,0,0,0,12,0,0,0,12,1,False,False,FLAWLESS FACE AND BODY CLINIC
de original jamaican pattie shop,0,8,0,0,0,0,0,0,4,0,0,0,12,2,False,True,DE ORIGINAL JAMAICAN PATTIE SHOP
azta urban salon,0,7,0,0,0,3,0,1,1,0,0,0,12,4,False,True,AZTA URBAN SALON
gems and jewels,0,0,0,0,0,1,0,0,7,0,4,0,12,3,False,True,GEMS AND JEWELS
contis,0,0,1,0,0,4,0,7,0,0,0,0,12,3,False,True,Conti's
bigbys,0,0,1,0,0,0,0,1,10,0,0,0,12,3,False,True,BIGBY'S
blued,0,1,0,0,1,0,0,4,6,0,0,0,12,4,False,True,BLUED
marugame udon,0,0,1,0,0,6,1,4,0,0,0,0,12,4,False,True,Marugame Udon
marugame udon & tempura,0,10,0,1,0,0,0,1,0,0,0,0,12,3,False,True,MARUGAME UDON & TEMPURA
tk takoyaki,0,1,0,0,1,0,0,4,5,0,1,0,12,5,False,True,TK TAKOYAKI
noodle house,0,2,0,0,1,1,0,8,0,0,0,0,12,4,False,True,NOODLE HOUSE
blue lite gadgets,0,0,0,0,0,1,0,0,11,0,0,0,12,2,False,True,BLUE LITE GADGETS
techlife,0,0,0,0,0,0,0,5,5,0,2,0,12,3,False,True,TECHLIFE
seattles best coffee,0,5,1,0,0,0,0,0,6,0,0,0,12,3,False,True,SEATTLES BEST COFFEE
lechon haus,0,0,0,0,2,0,0,1,9,0,0,0,12,3,False,True,LECHON HAUS
i lash extension,0,0,0,0,0,0,0,0,12,0,0,0,12,1,False,False,I-LASH EXTENSION
inihaw express,0,1,0,1,0,0,0,1,9,0,0,0,12,4,False,True,INIHAW EXPRESS
techno,0,1,1,0,0,0,0,9,1,0,0,0,12,4,False,True,Techno
barenaked body sugaring salon,0,3,0,0,0,0,0,0,9,0,0,0,12,2,False,True,BARENAKED BODY SUGARING SALON
sunglass haven,0,4,1,0,0,4,2,1,0,0,0,0,12,5,False,True,Sunglass Haven
jag jeans,0,0,0,0,0,0,0,0,12,0,0,0,12,1,False,False,JAG JEANS
greenfresh,0,0,0,0,0,0,0,0,12,0,0,0,12,1,False,False,GREENFRESH
blade auto center,0,12,0,0,0,0,0,0,0,0,0,0,12,1,False,False,BLADE AUTO CENTER
soy yummy,0,1,0,0,0,0,1,0,9,0,0,1,12,4,False,True,SOY YUMMY
nailandia spa,0,0,0,0,0,0,0,0,12,0,0,0,12,1,False,False,NAILANDIA SPA
picture picture,0,1,0,0,0,0,0,1,8,0,2,0,12,4,False,True,PICTURE PICTURE
chimmy,0,1,0,0,0,0,0,7,0,0,4,0,12,3,False,True,Chimmy
m lhuillier,0,3,1,0,0,1,0,6,0,1,0,0,12,5,False,True,M Lhuillier
pldt smart,0,0,1,0,0,0,0,2,9,0,0,0,12,3,False,True,PLDT SMART
caramia,0,0,1,1,0,3,2,4,0,0,1,0,12,6,False,True,Caramia
kipling,0,0,0,0,0,0,0,1,11,0,0,0,12,2,False,True,KIPLING
surgilight,0,0,0,0,0,0,0,1,11,0,0,0,12,2,False,True,SURGILIGHT
skin perfect,0,0,0,0,0,0,0,11,0,0,1,0,12,2,False,True,Skin Perfect
hawker chan,0,2,0,0,0,0,0,0,10,0,0,0,12,2,False,True,HAWKER CHAN
romoss,0,0,0,0,0,0,0,2,10,0,0,0,12,2,False,True,ROMOSS
ribshack grill,0,0,0,0,0,0,0,0,11,0,0,0,11,1,False,False,RIBSHACK GRILL
department of foreign affairs,0,0,1,0,0,0,0,2,8,0,0,0,11,3,False,True,DEPARTMENT OF FOREIGN AFFAIRS
i tech,0,3,0,0,0,0,0,0,7,0,0,1,11,3,False,True,I.TECH
marketplace,0,3,0,0,0,7,0,1,0,0,0,0,11,3,False,True,The Marketplace
collezione c2,0,3,0,0,0,0,0,0,8,0,0,0,11,2,False,True,COLLEZIONE C2
sdl mobile,0,0,0,0,0,0,0,0,11,0,0,0,11,1,False,False,SDL MOBILE
yayoi,0,2,0,0,0,1,1,0,7,0,0,0,11,4,False,True,YAYOI
black pearl,0,0,0,0,0,0,1,8,2,0,0,0,11,3,False,True,Black Pearl
cell care center,0,0,0,0,0,0,0,0,11,0,0,0,11,1,False,False,CELL CARE CENTER
pepper lunch express,0,2,0,0,0,0,2,1,6,0,0,0,11,4,False,True,PEPPER LUNCH EXPRESS
gringo chickenribsfriends,0,0,0,0,0,0,0,0,11,0,0,0,11,1,False,False,GRINGO CHICKENRIBSFRIENDS
rover systems,0,0,0,0,0,0,0,0,11,0,0,0,11,1,False,False,ROVER SYSTEMS
bingo plus,0,0,0,0,0,0,0,2,9,0,0,0,11,2,False,True,BINGO PLUS
funhouse,0,0,0,0,0,0,0,0,0,0,10,1,11,2,False,True,Funhouse
moshi manju,0,2,0,0,0,1,0,1,7,0,0,0,11,4,False,True,MOSHI MANJU
genki sushi,0,4,0,0,0,0,0,1,6,0,0,0,11,3,False,True,GENKI SUSHI
fun mobile,0,3,0,0,0,0,0,2,5,1,0,0,11,4,False,True,FUN MOBILE
triumph,1,1,1,0,0,0,1,0,7,0,0,0,11,5,False,True,TRIUMPH
genevieve gozum,0,0,0,0,0,0,0,0,11,0,0,0,11,1,False,False,GENEVIEVE GOZUM
kumon,0,3,1,1,0,2,0,2,1,0,0,1,11,7,False,True,KUMON
noodlemix,0,1,0,0,0,0,0,0,10,0,0,0,11,2,False,True,NOODLEMIX
just g,0,4,0,0,0,1,0,0,6,0,0,0,11,3,False,True,JUST G
lil orbits,0,3,0,0,0,0,0,2,5,0,0,1,11,4,False,True,LIL ORBITS
greentab,0,0,0,0,0,1,0,3,6,1,0,0,11,4,False,True,GREENTAB
jamba juice,0,5,0,0,0,2,0,1,3,0,0,0,11,4,False,True,JAMBA JUICE
kashieca,0,4,0,0,0,1,0,0,6,0,0,0,11,3,False,True,KASHIECA
prc,0,0,0,0,0,2,0,9,0,0,0,0,11,2,False,True,PRC
pldt,0,3,0,0,0,0,0,1,5,0,0,2,11,4,False,True,PLDT
manuka health,0,8,0,0,0,2,0,1,0,0,0,0,11,3,False,True,MANUKA HEALTH
cara mia,0,8,1,0,0,2,0,0,0,0,0,0,11,3,False,True,CARA MIA
davids tea house,0,2,0,1,0,0,0,0,8,0,0,0,11,3,False,True,DAVIDS TEA HOUSE
maxicare,0,2,0,0,0,1,0,7,1,0,0,0,11,4,False,True,MAXICARE
jisulife,0,0,0,0,0,1,0,4,6,0,0,0,11,3,False,True,JISULIFE
dc shoes,0,0,0,0,0,0,0,1,10,0,0,0,11,2,False,True,DC SHOES
aeon fantasy kidzooona,0,0,0,0,0,0,0,0,11,0,0,0,11,1,False,False,AEON FANTASY KIDZOOONA
perfume dessert,0,1,0,0,0,0,0,2,8,0,0,0,11,3,False,True,PERFUME DESSERT
lay bare,0,0,0,1,0,9,0,1,0,0,0,0,11,3,False,True,Lay Bare
tgp,1,1,0,0,3,0,0,5,0,0,0,1,11,5,False,True,The Generics Pharmacy
clinique,0,3,0,0,0,0,1,2,5,0,0,0,11,4,False,True,CLINIQUE
novodental,0,5,1,0,0,1,0,1,3,0,0,0,11,5,False,True,NOVODENTAL
dr mobile,0,1,0,0,0,0,0,2,6,0,2,0,11,4,False,True,DR MOBILE
mandarin tea garden,0,2,0,0,3,0,0,2,4,0,0,0,11,4,False,True,MANDARIN TEA GARDEN
egg,0,0,1,0,0,0,0,3,6,0,1,0,11,4,False,True,EGG
mandaue foam,0,8,0,0,0,0,0,3,0,0,0,0,11,2,False,True,MANDAUE FOAM
columbia sportswear,0,0,1,0,0,0,0,0,10,0,0,0,11,2,False,True,COLUMBIA SPORTSWEAR
mang cha a,0,0,0,0,0,0,0,3,7,0,1,0,11,3,False,True,MANG CHA-A
gadget king,0,0,0,0,2,0,1,0,8,0,0,0,11,3,False,True,GADGET KING
tribal,0,1,1,0,1,0,0,3,5,0,0,0,11,5,False,True,TRIBAL
frankies new york buffalo wings,0,2,0,0,0,1,0,2,6,0,0,0,11,4,False,True,FRANKIES NEW YORK BUFFALO WINGS
estee lauder,0,3,1,0,0,1,1,1,4,0,0,0,11,6,False,True,ESTEE LAUDER
www express,0,0,0,0,0,0,0,1,10,0,0,0,11,2,False,True,WWW EXPRESS
skinstation,0,11,0,0,0,0,0,0,0,0,0,0,11,1,False,False,SKINSTATION
so fab,0,0,0,0,1,0,0,0,10,0,0,0,11,2,False,True,SO FAB
celltime,0,0,0,0,0,0,0,0,11,0,0,0,11,1,False,False,CELLTIME
manila hearing aid,0,3,0,0,0,0,1,0,7,0,0,0,11,3,False,True,MANILA HEARING AID
health shop,0,0,0,0,3,0,0,3,5,0,0,0,11,3,False,True,THE HEALTH SHOP
dhl express,0,9,1,0,0,0,0,1,0,0,0,0,11,3,False,True,DHL EXPRESS
funtime,0,0,0,0,0,0,0,1,8,0,0,2,11,3,False,True,FUNTIME
cole haan,0,4,1,0,0,0,1,0,4,0,0,0,10,4,False,True,COLE HAAN
nuat thai,0,0,1,1,0,4,0,3,0,1,0,0,10,5,False,True,Nuat Thai
aukey,0,1,0,0,0,0,1,2,6,0,0,0,10,4,False,True,AUKEY
timex,0,2,0,0,1,0,0,1,6,0,0,0,10,4,False,True,TIMEX
sunnies specs optical,0,0,0,0,0,0,0,1,9,0,0,0,10,2,False,True,SUNNIES SPECS OPTICAL
tim ho wan,0,3,0,0,0,1,0,2,4,0,0,0,10,4,False,True,TIM HO WAN
tong yang,0,0,0,0,0,2,1,2,5,0,0,0,10,4,False,True,Tong Yang
tong yang plus,0,3,0,0,0,0,0,0,7,0,0,0,10,2,False,True,TONG YANG PLUS
gugu manju,0,1,0,1,0,0,0,5,2,0,1,0,10,5,False,True,GUGU MANJU
racks,0,2,0,0,0,0,2,1,5,0,0,0,10,4,False,True,RACKS
pnb,0,0,1,1,2,2,1,3,0,0,0,0,10,6,False,True,PNB
perry ellis,0,4,1,0,0,0,0,2,3,0,0,0,10,4,False,True,PERRY ELLIS
jewelrich,0,0,0,0,2,0,0,1,1,1,0,5,10,5,False,True,JEWELRICH
charriol,0,5,0,0,0,1,1,2,1,0,0,0,10,5,False,True,CHARRIOL
beauche,0,0,0,1,0,0,0,6,0,0,1,2,10,4,False,True,BEAUCHE
j co donuts and coffee,0,10,0,0,0,0,0,0,0,0,0,0,10,1,False,False,J. CO DONUTS AND COFFEE
healthy lemon,0,0,1,0,0,1,0,5,3,0,0,0,10,4,False,True,HEALTHY LEMON
pacsafe,0,3,0,0,0,0,0,1,6,0,0,0,10,3,False,True,PACSAFE
tah mee,0,3,1,0,0,1,1,4,0,0,0,0,10,5,False,True,TAH-MEE
pag ibig,0,0,0,0,0,1,0,3,6,0,0,0,10,3,False,True,PAG-IBIG
onitsuka tiger,0,5,0,0,0,0,0,0,5,0,0,0,10,2,False,True,ONITSUKA TIGER
cocolife,0,0,0,0,0,0,0,0,10,0,0,0,10,1,False,False,COCOLIFE
i2i,0,1,1,0,0,0,0,2,6,0,0,0,10,4,False,True,i2i
globe telecom,0,7,0,0,3,0,0,0,0,0,0,0,10,2,False,True,GLOBE TELECOM
biblio,0,6,1,0,0,1,0,2,0,0,0,0,10,4,False,True,BIBLIO
candy mix,0,0,0,0,2,0,0,2,6,0,0,0,10,3,False,True,CANDY MIX
pcx gaming,0,0,0,0,0,0,0,1,9,0,0,0,10,2,False,True,PCX GAMING
k swiss,1,2,0,0,0,0,1,0,6,0,0,0,10,4,False,True,K-SWISS
gintell showroom,0,0,0,0,0,0,0,0,10,0,0,0,10,1,False,False,GINTELL SHOWROOM
sweet bites,0,0,0,0,0,0,0,0,10,0,0,0,10,1,False,False,SWEET BITES
pierre cardin,2,1,1,0,0,0,0,2,4,0,0,0,10,5,False,True,PIERRE CARDIN
digimap,1,0,0,0,0,1,1,7,0,0,0,0,10,4,False,True,Digimap
alterations plus,0,5,0,0,0,1,0,1,3,0,0,0,10,4,False,True,ALTERATIONS PLUS
rj guitar center,0,2,1,0,0,0,0,0,7,0,0,0,10,3,False,True,RJ GUITAR CENTER
arroz ecija,0,0,0,0,0,0,0,10,0,0,0,0,10,1,False,False,Arroz Ecija
aksesoriz,0,0,0,0,0,1,0,1,8,0,0,0,10,3,False,True,AKSESORIZ
fast alter station,0,0,0,0,0,0,0,0,10,0,0,0,10,1,False,False,FAST ALTER STATION
yakimix,0,2,0,0,0,0,0,1,7,0,0,0,10,3,False,True,YAKIMIX
santinos supreme slice pizza,0,1,0,0,0,0,0,0,9,0,0,0,10,2,False,True,SANTINO'S SUPREME SLICE PIZZA
mobilizer,0,0,0,0,0,0,1,1,8,0,0,0,10,3,False,True,MOBILIZER
fruitas house of desserts,0,3,0,0,0,0,0,2,5,0,0,0,10,3,False,True,FRUITAS HOUSE OF DESSERTS
scentsmith perfumery,0,0,0,0,0,0,0,0,10,0,0,0,10,1,False,False,SCENTSMITH PERFUMERY
mobilecraze,0,0,0,0,0,0,0,2,8,0,0,0,10,2,False,True,MOBILECRAZE
simply lemon,0,0,0,0,0,0,0,0,10,0,0,0,10,1,False,False,SIMPLY LEMON
mobile technology,0,0,0,0,0,0,0,0,10,0,0,0,10,1,False,False,MOBILE TECHNOLOGY
sonyda,0,0,0,1,0,0,0,9,0,0,0,0,10,2,False,True,SONYDA
eo executive optical,0,0,0,1,0,0,0,6,3,0,0,0,10,3,False,True,EO EXECUTIVE OPTICAL
sperry,1,4,1,0,0,1,1,1,1,0,0,0,10,7,False,True,Sperry
smart driving,0,0,0,0,0,0,0,1,8,0,0,1,10,3,False,True,SMART DRIVING
new bistro deli,0,0,0,0,0,0,0,1,9,0,0,0,10,2,False,True,NEW BISTRO DELI
mama lous italian kitchen,0,5,0,0,0,0,0,1,4,0,0,0,10,3,False,True,MAMA LOU'S ITALIAN KITCHEN
gameline,0,0,0,0,0,0,1,0,9,0,0,0,10,2,False,True,GAMELINE
rockspace,0,0,0,0,0,0,0,0,9,0,0,0,9,1,False,False,ROCKSPACE
aqua mineral,1,1,1,0,0,0,0,2,4,0,0,0,9,5,False,True,AQUA MINERAL
edamama,0,5,0,0,0,1,0,3,0,0,0,0,9,3,False,True,EDAMAMA
kamay kainan,0,1,0,0,0,0,0,2,6,0,0,0,9,3,False,True,KAMAY KAINAN
sports barbers,0,0,0,0,0,0,0,1,8,0,0,0,9,2,False,True,SPORTS BARBERS
crisostomo,0,4,0,0,0,2,1,2,0,0,0,0,9,4,False,True,Crisostomo
apartment 8,0,8,0,0,0,0,1,0,0,0,0,0,9,2,False,True,APARTMENT 8
scent for senses,1,1,0,0,0,1,0,1,5,0,0,0,9,5,False,True,SCENT FOR SENSES
rcbc atm,0,0,0,0,1,4,0,0,0,0,0,4,9,3,False,True,RCBC ATM
kultura,0,0,0,0,0,0,1,0,8,0,0,0,9,2,False,True,KULTURA
prime steak house unlimited imported steak,0,0,0,0,0,0,0,0,9,0,0,0,9,1,False,False,PRIME STEAK HOUSE - UNLIMITED IMPORTED STEAK
far east medical equipment,0,0,0,0,0,0,0,0,9,0,0,0,9,1,False,False,FAR EAST MEDICAL EQUIPMENT
an original penguin by munsingwear,0,0,0,0,0,0,0,0,9,0,0,0,9,1,False,False,AN ORIGINAL PENGUIN BY MUNSINGWEAR
gladking,0,1,1,0,0,0,0,0,7,0,0,0,9,3,False,True,GLADKING
superga,1,3,0,0,0,0,1,1,3,0,0,0,9,5,False,True,SUPERGA
bike plus,0,0,0,0,0,0,0,0,9,0,0,0,9,1,False,False,BIKE PLUS
capdase,0,1,0,0,0,0,0,0,8,0,0,0,9,2,False,True,CAPDASE
royal gem,0,3,0,0,0,0,0,0,6,0,0,0,9,2,False,True,ROYAL GEM
max mango,0,0,0,0,0,0,0,2,7,0,0,0,9,2,False,True,MAX MANGO
ayumi japan eyelash nail art salon,0,0,0,0,0,0,0,0,9,0,0,0,9,1,False,False,AYUMI JAPAN EYELASH NAIL ART SALON
lugang cafe,0,1,0,0,0,0,1,1,6,0,0,0,9,4,False,True,LUGANG CAFE
mr binatog,0,0,0,0,0,0,0,2,5,1,0,1,9,4,False,True,MR BINATOG
jb music,0,2,0,0,0,0,0,1,6,0,0,0,9,3,False,True,JB MUSIC
monster wings,0,1,0,0,0,1,0,4,1,1,1,0,9,6,False,True,MONSTER WINGS
wacoal,0,2,1,0,0,3,0,1,2,0,0,0,9,5,False,True,Wacoal
i play n ride,0,0,0,0,0,0,0,0,9,0,0,0,9,1,False,False,I PLAY N RIDE
nine west,1,5,0,0,0,0,0,1,2,0,0,0,9,4,False,True,NINE WEST
lash wishes,0,3,0,0,0,0,0,0,6,0,0,0,9,2,False,True,LASH WISHES
rcbc,0,0,0,0,3,1,1,2,0,1,0,1,9,6,False,True,RCBC
christine lhuillier parfumerie,0,0,0,0,0,0,0,1,8,0,0,0,9,2,False,True,CHRISTINE LHUILLIER PARFUMERIE
binalot,0,1,0,1,0,1,0,6,0,0,0,0,9,4,False,True,BINALOT
rose pharmacy,0,5,0,0,2,0,0,0,2,0,0,0,9,3,False,True,ROSE PHARMACY
techbox,0,0,0,0,0,0,0,1,6,1,0,1,9,4,False,True,TECHBOX
karada,0,4,0,0,0,3,1,1,0,0,0,0,9,4,False,True,Karada
denz candee floss,0,0,0,0,0,0,0,0,9,0,0,0,9,1,False,False,DENZ CANDEE FLOSS
marcella,0,4,1,0,0,0,0,1,3,0,0,0,9,4,False,True,MARCELLA
lemon co,0,0,0,0,0,0,0,5,4,0,0,0,9,2,False,True,THE LEMON CO
henlin,0,0,0,0,0,0,0,8,0,0,1,0,9,2,False,True,Henlin
dominos pizza,0,1,0,0,0,1,0,1,1,0,4,1,9,6,False,True,Domino's Pizza
manila bankers,0,0,1,0,0,1,0,7,0,0,0,0,9,3,False,True,Manila Bankers
north park,0,2,0,0,0,0,0,0,7,0,0,0,9,2,False,True,NORTH PARK
palladium,1,1,0,0,0,1,1,0,5,0,0,0,9,5,False,True,PALLADIUM
tobys sports,1,2,1,0,0,0,1,4,0,0,0,0,9,5,False,True,Toby's Sports
george optical,0,0,0,0,0,0,0,0,9,0,0,0,9,1,False,False,GEORGE OPTICAL
figaro,0,3,0,0,0,0,0,2,4,0,0,0,9,3,False,True,FIGARO
comworks clickstore,0,0,0,0,0,0,0,0,9,0,0,0,9,1,False,False,COMWORKS CLICKSTORE
xchange,0,5,0,0,0,0,0,4,0,0,0,0,9,2,False,True,XCHANGE
klgo,0,0,0,0,0,0,0,2,7,0,0,0,9,2,False,True,KLGO
kiko milano,0,0,0,0,0,1,1,1,6,0,0,0,9,4,False,True,KIKO MILANO
healthy smile dental center,0,0,0,0,0,0,0,0,9,0,0,0,9,1,False,False,HEALTHY SMILE DENTAL CENTER
mia maison home fragrances,0,9,0,0,0,0,0,0,0,0,0,0,9,1,False,False,MIA MAISON HOME FRAGRANCES
swatch,0,3,0,0,0,0,0,1,5,0,0,0,9,3,False,True,SWATCH
manam comfort filipino,0,0,1,0,0,0,0,0,8,0,0,0,9,2,False,True,MANAM COMFORT FILIPINO
bose,0,3,1,0,0,0,0,0,5,0,0,0,9,3,False,True,BOSE
lil orbits mini donuts,0,3,1,0,0,1,0,2,2,0,0,0,9,5,False,True,LIL' ORBITS MINI DONUTS
wiwi,0,0,0,0,0,0,0,0,9,0,0,0,9,1,False,False,WIWI
technomart,0,0,0,0,3,0,0,1,4,0,0,0,8,3,False,True,TECHNOMART
lady karat,0,1,0,0,0,1,0,0,6,0,0,0,8,3,False,True,LADY KARAT
yes your eyewear specialist,0,0,0,0,0,0,0,0,8,0,0,0,8,1,False,False,YES - YOUR EYEWEAR SPECIALIST
kids venue and art play center,0,0,0,0,0,0,0,0,8,0,0,0,8,1,False,False,KID'S VENUE AND ART PLAY CENTER
cindys bakery and restaurant,0,0,0,0,0,0,0,0,0,0,8,0,8,1,False,False,Cindy's Bakery and Restaurant
lac,0,0,0,0,0,3,2,1,2,0,0,0,8,4,False,True,LAC
case 2 case,0,0,0,0,0,0,0,0,6,0,2,0,8,2,False,True,CASE 2 CASE
my phone,0,0,0,0,4,0,0,1,1,0,1,1,8,5,False,True,My Phone
belle lumiere,0,0,0,0,0,0,0,1,7,0,0,0,8,2,False,True,BELLE LUMIERE
hp,0,1,0,0,0,0,0,2,5,0,0,0,8,3,False,True,HP
mothercare,0,5,0,0,0,1,0,0,2,0,0,0,8,3,False,True,MOTHERCARE
government services express,0,0,0,0,0,0,0,0,8,0,0,0,8,1,False,False,GOVERNMENT SERVICES EXPRESS
healthway medical,0,8,0,0,0,0,0,0,0,0,0,0,8,1,False,False,HEALTHWAY MEDICAL
champion,0,4,0,0,0,0,0,0,4,0,0,0,8,2,False,True,CHAMPION
lots a pizza,0,1,0,2,0,0,1,2,1,0,0,1,8,6,False,True,Lots A Pizza
8telcom,0,2,0,0,1,0,0,0,5,0,0,0,8,3,False,True,8TELCOM
fixifoot,0,6,0,0,0,1,0,1,0,0,0,0,8,3,False,True,FIXIFOOT
nespresso,0,5,0,0,0,0,0,1,2,0,0,0,8,3,False,True,NESPRESSO
chef tonys popcorn,0,0,0,0,0,0,0,0,8,0,0,0,8,1,False,False,CHEF TONYS POPCORN
hq barbershop,0,0,1,0,0,2,1,0,4,0,0,0,8,4,False,True,HQ BARBERSHOP
beauty bar,0,4,0,0,0,1,0,2,1,0,0,0,8,4,False,True,BEAUTY BAR
palawan express,0,2,1,0,1,4,0,0,0,0,0,0,8,4,False,True,Palawan Express
sandugo,1,0,0,1,0,0,0,3,0,1,0,2,8,5,False,True,SANDUGO
rrj,0,0,0,2,1,0,0,3,0,0,1,1,8,5,False,True,RRJ
shrimp bucket,0,6,0,0,0,1,1,0,0,0,0,0,8,3,False,True,SHRIMP BUCKET
nail tropics,0,5,1,0,0,1,0,1,0,0,0,0,8,4,False,True,NAIL TROPICS
mh burton,0,0,0,0,0,0,0,0,8,0,0,0,8,1,False,False,MH BURTON
rai rai ken,0,1,0,0,1,0,0,1,5,0,0,0,8,4,False,True,RAI RAI KEN
svga,0,0,1,0,0,0,0,0,7,0,0,0,8,2,False,True,SVGA
istore,0,3,0,0,0,0,0,1,4,0,0,0,8,3,False,True,ISTORE
wiltelcom,0,1,0,0,4,0,0,1,2,0,0,0,8,4,False,True,WILTELCOM
pick n save,0,0,3,0,0,4,0,1,0,0,0,0,8,3,False,True,Pick 'N Save
dr james dental clinic,0,0,0,0,0,0,0,0,1,0,7,0,8,2,False,True,Dr. James Dental Clinic
nail addik by creative nails,0,1,0,0,0,0,0,0,7,0,0,0,8,2,False,True,NAIL ADDIK BY CREATIVE NAILS
shi lin,0,5,0,0,0,1,1,0,1,0,0,0,8,4,False,True,SHI LIN
cybertech,0,1,0,0,0,0,0,2,5,0,0,0,8,3,False,True,CYBERTECH
tokyo milk cheese factory,0,2,0,0,0,2,0,2,2,0,0,0,8,4,False,True,Tokyo Milk Cheese Factory
techknow,0,0,1,0,0,0,0,0,7,0,0,0,8,2,False,True,TECHKNOW
tim hortons,0,0,0,0,0,3,0,0,5,0,0,0,8,2,False,True,TIM HORTONS
choobi choobi,0,1,0,0,0,1,0,2,4,0,0,0,8,4,False,True,CHOOBI CHOOBI
chops childrens park,0,2,0,0,0,0,0,5,1,0,0,0,8,3,False,True,CHOPS CHILDREN'S PARK
msi,0,0,0,0,0,0,0,0,8,0,0,0,8,1,False,False,MSI
ambika kidz fun box,0,0,0,0,0,0,0,0,8,0,0,0,8,1,False,False,AMBIKA KIDZ FUN BOX
manila creamery,0,5,0,0,0,0,0,2,1,0,0,0,8,3,False,True,MANILA CREAMERY
bureau of quarantine,0,0,0,0,0,4,0,3,1,0,0,0,8,3,False,True,Bureau of Quarantine
hopia king bakery eng bee tin,0,0,0,0,0,0,0,0,8,0,0,0,8,1,False,False,HOPIA KING BAKERY - ENG BEE TIN
royal prince aesthetic slimming center,0,0,1,0,0,0,0,0,7,0,0,0,8,2,False,True,ROYAL PRINCE AESTHETIC SLIMMING CENTER
kerrimo,0,0,1,0,3,0,0,4,0,0,0,0,8,3,False,True,Kerrimo
savemore,0,0,0,0,0,0,0,0,0,0,0,8,8,1,False,False,SAVEMORE
henrys cameras,0,2,0,0,0,1,1,0,4,0,0,0,8,4,False,True,HENRYS CAMERAS
just gift,0,0,0,0,0,0,0,1,1,0,5,1,8,4,False,True,Just Gift
taco boy,0,1,0,0,4,0,0,1,2,0,0,0,8,4,False,True,TACO BOY
jins,0,1,1,0,0,0,1,2,3,0,0,0,8,5,False,True,JINS
mom and me nails,0,1,0,0,0,0,1,0,6,0,0,0,8,3,False,True,MOM AND ME NAILS
sm bowling,0,0,0,0,0,0,0,0,8,0,0,0,8,1,False,False,SM BOWLING
avocadoriaph,0,0,0,0,0,0,0,0,8,0,0,0,8,1,False,False,AVOCADORIAPH
laybare,0,0,0,0,0,0,2,6,0,0,0,0,8,2,False,True,Laybare
vivo service center,0,0,0,0,0,0,0,1,7,0,0,0,8,2,False,True,VIVO SERVICE CENTER
call it spring,0,2,0,0,0,1,0,1,4,0,0,0,8,4,False,True,CALL IT SPRING
lemon bar,0,0,0,0,0,0,0,1,1,0,6,0,8,3,False,True,Lemon Bar
complink,0,1,0,0,0,0,0,2,5,0,0,0,8,3,False,True,COMPLINK
modern shanghai,0,5,0,0,0,2,0,0,1,0,0,0,8,3,False,True,MODERN SHANGHAI
clube melissa,0,3,0,0,0,0,0,0,5,0,0,0,8,2,False,True,CLUBE MELISSA
peri peri charcoal chicken and sauce bar,0,5,0,0,0,3,0,0,0,0,0,0,8,2,False,True,PERI-PERI CHARCOAL CHICKEN AND SAUCE BAR
villman,0,2,0,0,0,0,1,0,5,0,0,0,8,3,False,True,VILLMAN
yumpanada,0,3,1,0,0,0,0,3,1,0,0,0,8,4,False,True,YUMPANADA
iconic socks,1,6,0,0,0,1,0,0,0,0,0,0,8,3,False,True,ICONIC SOCKS
jm shawarma,0,1,0,0,2,1,0,4,0,0,0,0,8,4,False,True,JM Shawarma
lee,0,1,0,0,1,0,0,1,5,0,0,0,8,4,False,True,LEE
coco ichibanya,0,3,0,0,0,3,0,2,0,0,0,0,8,3,False,True,COCO ICHIBANYA
co the collectible store,0,2,0,0,0,0,1,1,4,0,0,0,8,4,False,True,CO THE COLLECTIBLE STORE
ricky reyes,0,0,0,0,0,0,1,0,7,0,0,0,8,2,False,True,RICKY REYES
eng bee tin,0,0,1,1,1,1,0,4,0,0,0,0,8,5,False,True,Eng Bee Tin
pedal cafe,0,3,0,0,0,2,2,1,0,0,0,0,8,4,False,True,PEDAL CAFE
active hearing center,0,1,1,0,0,1,0,0,5,0,0,0,8,4,False,True,ACTIVE HEARING CENTER
starfinder optical,0,1,1,1,0,0,0,0,5,0,0,0,8,4,False,True,STARFINDER OPTICAL
momoyo,0,0,0,0,0,0,0,1,7,0,0,0,8,2,False,True,MOMOYO
zarks burger,0,4,1,1,0,1,0,1,0,0,0,0,8,5,False,True,ZARK'S BURGER
skin 101,0,2,0,0,0,0,0,0,6,0,0,0,8,2,False,True,SKIN 101
contis bakeshop & restaurant,0,8,0,0,0,0,0,0,0,0,0,0,8,1,False,False,CONTI'S BAKESHOP & RESTAURANT
enfant,0,3,1,0,0,1,1,0,2,0,0,0,8,5,False,True,ENFANT
sarabia optical express,0,0,0,0,0,0,0,0,7,0,0,0,7,1,False,False,SARABIA OPTICAL EXPRESS
osh kosh b gosh,0,0,0,0,0,0,0,2,5,0,0,0,7,2,False,True,OSH KOSH B GOSH
rusty lopez,0,0,0,0,2,0,0,1,0,1,0,3,7,4,False,True,RUSTY LOPEZ
zenutrients,0,2,0,0,0,0,0,0,5,0,0,0,7,2,False,True,ZENUTRIENTS
dentista,0,0,0,0,0,0,0,0,7,0,0,0,7,1,False,False,DENTISTA
pizzarina pizzarap,0,0,0,0,0,0,0,0,7,0,0,0,7,1,False,False,PIZZARINA PIZZARAP
snacktime,0,0,0,0,0,0,0,0,7,0,0,0,7,1,False,False,SNACKTIME
jamaican pattie,0,0,1,2,0,0,1,3,0,0,0,0,7,4,False,True,Jamaican Pattie
chix inasal,0,0,0,0,0,0,0,2,5,0,0,0,7,2,False,True,CHIX INASAL
paper moon,0,3,0,0,0,0,0,0,4,0,0,0,7,2,False,True,PAPER MOON
fred perry,0,4,0,0,0,1,0,1,1,0,0,0,7,4,False,True,FRED PERRY
shake shack,0,1,0,0,0,0,2,1,3,0,0,0,7,4,False,True,Shake Shack
steak break,0,2,1,0,0,0,0,1,3,0,0,0,7,4,False,True,STEAK BREAK
calvin klein,0,4,0,0,0,0,1,1,1,0,0,0,7,4,False,True,CALVIN KLEIN
mietubl,0,0,0,0,0,0,0,1,6,0,0,0,7,2,False,True,MIETUBL
above sea level,0,1,0,0,0,0,0,5,0,1,0,0,7,3,False,True,ABOVE SEA LEVEL
dookki korean topokki buffet,0,0,0,0,0,0,0,0,7,0,0,0,7,1,False,False,DOOKKI KOREAN TOPOKKI BUFFET
mr softy,0,1,0,1,0,0,0,5,0,0,0,0,7,3,False,True,MR. SOFTY
oroderm,0,1,0,0,2,0,0,1,3,0,0,0,7,4,False,True,ORODERM
dyson,0,2,0,0,0,0,1,1,3,0,0,0,7,4,False,True,DYSON
strap shop,0,0,0,1,0,2,0,0,4,0,0,0,7,3,False,True,STRAP SHOP
farron cafe,0,0,0,0,0,0,0,2,1,1,3,0,7,4,False,True,Farron Cafe
kkv,1,0,1,0,0,3,1,1,0,0,0,0,7,5,False,True,KKV
wink laser studio,0,5,0,0,0,0,0,0,2,0,0,0,7,2,False,True,WINK LASER STUDIO
eshien cellphone accessories,0,0,0,0,0,0,0,0,7,0,0,0,7,1,False,False,ESHIEN CELLPHONE ACCESSORIES
hoco,0,2,0,0,0,0,0,0,5,0,0,0,7,2,False,True,HOCO
wing zone,0,1,0,0,0,0,0,0,6,0,0,0,7,2,False,True,WING ZONE
issy & co cosmetics,0,7,0,0,0,0,0,0,0,0,0,0,7,1,False,False,ISSY & CO. COSMETICS
otr korean furniture,0,1,0,0,0,0,0,2,4,0,0,0,7,3,False,True,OTR KOREAN FURNITURE
quickmelt,0,0,1,0,0,0,0,0,6,0,0,0,7,2,False,True,QUICKMELT
belgian waffle,0,0,0,1,0,0,0,3,0,0,3,0,7,3,False,True,Belgian Waffle
polland hopia,0,2,0,0,0,1,0,0,4,0,0,0,7,3,False,True,POLLAND HOPIA
leylam shawarma,0,0,0,0,2,0,0,3,2,0,0,0,7,3,False,True,Leylam Shawarma
tony jackey beauty salon,0,0,0,0,0,0,0,0,7,0,0,0,7,1,False,False,TONY JACKEY BEAUTY SALON
mich myl nails,0,0,0,0,0,0,0,0,7,0,0,0,7,1,False,False,MICH MYL NAILS
chagee,0,0,0,0,0,2,2,3,0,0,0,0,7,3,False,True,CHAGEE
chaser,0,1,0,0,0,0,0,0,6,0,0,0,7,2,False,True,CHASER
gift box,0,0,0,0,0,0,0,0,0,0,7,0,7,1,False,False,GIFT BOX
iguanas,1,0,0,1,0,0,0,2,0,0,0,3,7,4,False,True,IGUANAS
vivan,0,0,0,0,0,0,0,1,6,0,0,0,7,2,False,True,VIVAN
bureau of immigration,0,0,1,0,0,1,0,1,4,0,0,0,7,4,False,True,BUREAU OF IMMIGRATION
phonected telecom,0,0,0,0,0,0,0,1,6,0,0,0,7,2,False,True,PHONECTED TELECOM
shiseido,0,3,0,0,0,1,0,2,1,0,0,0,7,4,False,True,SHISEIDO
una rosa,0,0,0,0,0,0,0,0,7,0,0,0,7,1,False,False,UNA ROSA
thinking tools,0,1,0,0,2,0,0,0,4,0,0,0,7,3,False,True,THINKING TOOLS
asias lashes,0,0,0,0,0,0,0,3,4,0,0,0,7,2,False,True,ASIA'S LASHES
my diamond,1,1,1,0,0,0,0,1,3,0,0,0,7,5,False,True,MY DIAMOND
pet lovers centre,0,0,0,0,0,0,0,7,0,0,0,0,7,1,False,False,PET LOVERS CENTRE
bebang halo halo,0,0,0,0,0,0,2,3,2,0,0,0,7,3,False,True,Bebang Halo Halo
information booth,0,0,0,0,1,0,0,0,6,0,0,0,7,2,False,True,INFORMATION BOOTH
jellico,0,0,0,0,0,0,0,0,7,0,0,0,7,1,False,False,JELLICO
san yang furniture,0,5,0,0,0,2,0,0,0,0,0,0,7,2,False,True,SAN-YANG FURNITURE
nuts about candy,0,3,0,0,0,0,0,2,2,0,0,0,7,3,False,True,NUTS ABOUT CANDY
piandre salon,0,6,0,0,0,0,0,0,1,0,0,0,7,2,False,True,PIANDRE SALON
jewels,1,0,0,1,0,0,0,1,3,0,1,0,7,5,False,True,JEWELS
snowpy,0,0,0,0,0,0,0,2,0,0,0,5,7,2,False,True,SNOWPY
daiso,0,0,0,0,0,1,1,5,0,0,0,0,7,3,False,True,Daiso
wonder park,0,0,0,0,0,0,0,0,0,0,7,0,7,1,False,False,Wonder Park
audiophile,0,2,1,0,0,0,0,0,4,0,0,0,7,3,False,True,AUDIOPHILE
swirls ice cream,0,0,0,0,0,0,0,0,6,0,0,1,7,2,False,True,SWIRLS ICE CREAM
time collection,0,0,0,0,0,0,0,3,4,0,0,0,7,2,False,True,TIME COLLECTION
attic tours,0,0,0,0,0,0,0,0,7,0,0,0,7,1,False,False,ATTIC TOURS
ribshack,0,2,0,0,0,1,0,4,0,0,0,0,7,3,False,True,RIBSHACK
our tribe,0,4,0,0,0,0,0,0,3,0,0,0,7,2,False,True,OUR TRIBE
x quisite,0,0,0,0,0,0,0,0,7,0,0,0,7,1,False,False,X-QUISITE
complex lifestyle store,0,4,0,0,0,2,0,1,0,0,0,0,7,3,False,True,COMPLEX LIFESTYLE STORE
eo kids & up,1,2,1,0,0,0,0,3,0,0,0,0,7,4,False,True,EO KIDS & UP
salad stop,0,4,0,0,0,3,0,0,0,0,0,0,7,2,False,True,SALAD STOP
sit and rest massage station,0,1,0,0,0,0,0,0,6,0,0,0,7,2,False,True,SIT AND REST MASSAGE STATION
dennys,0,0,0,0,0,3,1,2,1,0,0,0,7,4,False,True,Denny's
camerahaus,0,2,0,0,0,0,0,1,4,0,0,0,7,3,False,True,CAMERAHAUS
lynderm,0,0,1,0,0,1,0,0,4,0,1,0,7,4,False,True,LYNDERM
dcream coffee tea,0,0,0,0,0,0,0,0,7,0,0,0,7,1,False,False,DCREAM COFFEE TEA
mcdonalds dessert center,0,0,0,0,0,0,0,0,7,0,0,0,7,1,False,False,MCDONALDS DESSERT CENTER
super bowl of china,0,0,1,0,0,0,0,1,5,0,0,0,7,3,False,True,SUPER BOWL OF CHINA
jolos kiddie cart,0,0,1,0,0,0,0,0,6,0,0,0,7,2,False,True,JOLOS KIDDIE CART
pcso lotto,0,0,0,1,1,0,0,5,0,0,0,0,7,3,False,True,PCSO Lotto
la senza,0,3,0,0,0,0,1,0,3,0,0,0,7,3,False,True,LA SENZA
super 50,0,0,0,0,0,0,0,7,0,0,0,0,7,1,False,False,SUPER 50
baa baa thai tea,0,0,2,0,0,0,0,2,3,0,0,0,7,3,False,True,BAA BAA THAI TEA
green puff,0,1,0,0,0,0,1,0,5,0,0,0,7,3,False,True,GREEN PUFF
jb music sports,0,0,0,0,0,0,0,0,7,0,0,0,7,1,False,False,JB MUSIC SPORTS
vape king,0,0,0,0,1,0,0,0,6,0,0,0,7,2,False,True,VAPE KING
aces farm fresh,0,0,0,0,0,0,0,0,7,0,0,0,7,1,False,False,ACES FARM FRESH
cartsville,0,0,0,0,0,0,0,0,7,0,0,0,7,1,False,False,CARTSVILLE
kyu kyu 99 ramen,0,7,0,0,0,0,0,0,0,0,0,0,7,1,False,False,KYU KYU 99 RAMEN
robinsons easymart,1,1,0,0,0,3,0,2,0,0,0,0,7,4,False,True,Robinsons Easymart
gourdos,0,2,0,0,0,1,1,1,2,0,0,0,7,5,False,True,Gourdo's
after tree dessert cafe,0,0,0,0,0,0,0,0,7,0,0,0,7,1,False,False,AFTER TREE DESSERT CAFÉ
scorched smokehouse,0,0,0,0,0,1,0,0,6,0,0,0,7,2,False,True,SCORCHED SMOKEHOUSE
v power,0,0,0,0,0,0,0,0,7,0,0,0,7,1,False,False,V-POWER
cara mia cakes gelato,0,0,0,0,0,0,0,0,7,0,0,0,7,1,False,False,CARA MIA CAKES GELATO
tieza,0,0,0,0,0,0,0,3,4,0,0,0,7,2,False,True,TIEZA
crukitchen,0,3,0,0,0,0,2,0,2,0,0,0,7,3,False,True,CRUKITCHEN
dfa,0,0,1,0,0,0,0,5,0,0,1,0,7,3,False,True,DFA
2 hands massage,0,0,0,0,0,2,0,0,5,0,0,0,7,2,False,True,2 HANDS MASSAGE
tommy hilfiger,0,3,0,0,0,1,1,0,2,0,0,0,7,4,False,True,TOMMY HILFIGER
g force,0,0,0,0,0,1,0,1,5,0,0,0,7,3,False,True,G-FORCE
l time studio,0,1,0,0,0,0,0,0,6,0,0,0,7,2,False,True,L TIME STUDIO
hp concept store,0,0,0,0,0,0,0,0,7,0,0,0,7,1,False,False,HP CONCEPT STORE
ippudo,0,3,0,0,0,1,0,2,1,0,0,0,7,4,False,True,IPPUDO
house of desserts,0,0,0,0,0,0,0,0,7,0,0,0,7,1,False,False,HOUSE OF DESSERTS
jo malone,0,3,0,0,0,2,1,1,0,0,0,0,7,4,False,True,JO MALONE
nanyang,0,0,0,0,0,0,1,3,3,0,0,0,7,3,False,True,NANYANG
zencell,0,0,1,0,0,0,0,2,0,0,4,0,7,3,False,True,Zencell
cebu pacific,0,0,0,0,3,0,0,0,4,0,0,0,7,2,False,True,CEBU PACIFIC
kumori,0,2,1,0,0,0,1,3,0,0,0,0,7,4,False,True,Kumori
kumori japanese bakery cafe,0,0,0,0,0,0,0,0,7,0,0,0,7,1,False,False,KUMORI JAPANESE BAKERY CAFE
bulalo world,0,1,0,0,0,0,0,2,3,1,0,0,7,4,False,True,BULALO WORLD
mosaic,0,4,1,0,0,0,0,0,2,0,0,0,7,3,False,True,MOSAIC
sportlines,1,1,0,0,0,1,1,3,0,0,0,0,7,5,False,True,Sportlines
bny,1,0,0,0,1,0,0,4,0,1,0,0,7,4,False,True,BNY
teds old timer la paz batchoy,0,0,1,0,0,0,0,2,4,0,0,0,7,3,False,True,TEDS OLD TIMER LA PAZ BATCHOY
digibabe,0,0,0,0,0,0,0,2,5,0,0,0,7,2,False,True,DIGIBABE
directors club,0,0,0,0,0,0,0,0,7,0,0,0,7,1,False,False,DIRECTORS CLUB
oneplus,0,0,0,0,0,0,0,0,7,0,0,0,7,1,False,False,ONEPLUS
digital axis,0,0,0,0,0,0,0,0,7,0,0,0,7,1,False,False,DIGITAL AXIS
super50,0,0,0,0,0,0,0,7,0,0,0,0,7,1,False,False,Super50
blakes wings & steaks,0,4,0,0,0,0,0,0,3,0,0,0,7,2,False,True,BLAKE'S WINGS & STEAKS
eye browse,0,0,0,0,0,0,0,2,5,0,0,0,7,2,False,True,EYE BROWSE
urstore,0,0,0,0,0,0,0,0,7,0,0,0,7,1,False,False,URSTORE
potdog yummyyes delights,0,4,0,0,0,0,0,0,2,0,0,0,6,2,False,True,POTDOG YUMMYYES DELIGHTS
mobile care by power mac center,0,0,0,0,0,0,0,1,5,0,0,0,6,2,False,True,MOBILE CARE BY POWER MAC CENTER
hungry pita,0,0,0,0,0,0,0,6,0,0,0,0,6,1,False,False,HUNGRY PITA
juego,0,1,1,0,0,0,1,1,2,0,0,0,6,5,False,True,JUEGO
paiks coffee,0,2,1,0,0,0,0,2,1,0,0,0,6,4,False,True,PAIK’S COFFEE
jems barber,0,0,0,0,0,0,0,1,5,0,0,0,6,2,False,True,JEMS BARBER
juice co the juice bar,0,0,0,0,0,0,0,1,5,0,0,0,6,2,False,True,JUICE CO THE JUICE BAR
muji,0,2,0,0,0,1,1,0,2,0,0,0,6,4,False,True,MUJI
music gallery,0,0,0,0,0,0,0,1,5,0,0,0,6,2,False,True,MUSIC GALLERY
black scoop cafe,0,0,0,0,0,1,0,1,4,0,0,0,6,3,False,True,BLACK SCOOP CAFE
hyped mangoes,0,0,0,0,0,0,0,2,3,0,1,0,6,3,False,True,HYPED MANGOES
digi stamps,0,0,0,0,0,0,0,1,5,0,0,0,6,2,False,True,DIGI-STAMPS
mangan,0,1,0,0,0,0,0,1,4,0,0,0,6,3,False,True,MANGAN
power premium gadgets,0,0,0,0,0,2,0,0,4,0,0,0,6,2,False,True,POWER PREMIUM GADGETS
screen secure,0,0,0,0,1,0,0,0,5,0,0,0,6,2,False,True,SCREEN SECURE
ucc clockwork,0,3,0,0,0,2,0,1,0,0,0,0,6,3,False,True,UCC CLOCKWORK
hedgren,0,1,0,0,0,1,0,0,4,0,0,0,6,3,False,True,HEDGREN
bee healthy lemon,0,2,0,0,0,0,0,1,0,0,3,0,6,3,False,True,Bee Healthy Lemon
blims fine furniture,0,4,0,0,0,0,0,0,2,0,0,0,6,2,False,True,BLIMS FINE FURNITURE
healthy smile for kids,0,0,0,0,0,0,0,0,6,0,0,0,6,1,False,False,HEALTHY SMILE FOR KIDS
fiftea,0,1,0,0,1,0,0,1,3,0,0,0,6,4,False,True,FIFTEA
phonix cellular,0,0,0,0,0,0,0,0,6,0,0,0,6,1,False,False,PHONIX CELLULAR
all about lemon,0,0,0,1,0,0,0,0,4,0,1,0,6,3,False,True,ALL ABOUT LEMON
zamin foreign exchange,0,3,0,0,0,1,0,2,0,0,0,0,6,3,False,True,Zamin Foreign Exchange
play telecom,0,0,0,0,0,0,0,4,2,0,0,0,6,2,False,True,Play Telecom
dell,0,0,0,0,2,0,0,0,4,0,0,0,6,2,False,True,DELL
famous amos,0,1,0,0,0,0,0,2,3,0,0,0,6,3,False,True,FAMOUS AMOS
kevins toys & library,0,3,0,0,0,0,0,3,0,0,0,0,6,2,False,True,KEVIN'S TOYS & LIBRARY
technocare,0,0,0,0,0,0,0,0,6,0,0,0,6,1,False,False,TECHNOCARE
yowell,0,0,0,0,0,0,0,1,5,0,0,0,6,2,False,True,YOWELL
tender juicy hotdog,0,0,0,0,1,0,0,2,2,0,0,1,6,4,False,True,TENDER JUICY HOTDOG
hot star large fried chicken,0,0,0,0,0,0,0,0,6,0,0,0,6,1,False,False,HOT-STAR LARGE FRIED CHICKEN
din tai fung,0,2,0,0,0,1,0,0,3,0,0,0,6,3,False,True,DIN TAI FUNG
merry mango,0,0,0,0,0,0,0,3,3,0,0,0,6,2,False,True,Merry Mango
yale smart shop,0,0,0,0,0,0,0,0,6,0,0,0,6,1,False,False,YALE SMART SHOP
kain sa mesa,0,0,0,0,0,0,0,0,6,0,0,0,6,1,False,False,KAIN SA MESA
tenki,0,0,0,0,0,0,0,0,6,0,0,0,6,1,False,False,TENKI
tsujiri,0,1,0,0,0,0,1,0,4,0,0,0,6,3,False,True,TSUJIRI
candy station,0,0,0,0,0,0,0,1,4,0,0,1,6,3,False,True,CANDY STATION
bomatech,0,0,0,0,0,0,0,0,6,0,0,0,6,1,False,False,BOMATECH
mega pixel,0,0,0,0,0,0,0,1,5,0,0,0,6,2,False,True,MEGA PIXEL
presnet,0,0,0,0,0,1,0,3,0,0,2,0,6,3,False,True,Presnet
bow & wow,0,5,0,0,0,0,0,1,0,0,0,0,6,2,False,True,BOW & WOW
bibo,0,0,0,0,0,0,0,0,3,0,0,3,6,2,False,True,BIBO
metrobank atm,0,0,0,0,2,3,0,0,0,0,1,0,6,3,False,True,Metrobank ATM
dlc dental health studio,0,0,0,0,0,0,0,0,6,0,0,0,6,1,False,False,DLC DENTAL HEALTH STUDIO
momo mobility,0,0,0,0,0,0,0,0,6,0,0,0,6,1,False,False,MOMO MOBILITY
pedro,0,3,0,0,0,0,0,0,3,0,0,0,6,2,False,True,PEDRO
hotdog on sticks,0,2,0,0,0,0,0,1,3,0,0,0,6,3,False,True,HOTDOG ON STICKS
k star,0,0,0,0,0,0,0,0,6,0,0,0,6,1,False,False,K-STAR
i love milk tea,0,0,0,0,0,0,0,1,4,1,0,0,6,3,False,True,I LOVE MILK TEA
matcha tokyo,0,0,0,0,0,2,0,3,1,0,0,0,6,3,False,True,The Matcha Tokyo
montre,0,3,0,0,0,0,0,0,3,0,0,0,6,2,False,True,MONTRE
yoshinoya,0,1,1,0,0,0,0,1,3,0,0,0,6,4,False,True,YOSHINOYA
kettle corn,0,0,0,1,0,0,0,3,0,1,0,1,6,4,False,True,KETTLE CORN
jollyland,0,0,0,0,0,0,0,6,0,0,0,0,6,1,False,False,JOLLYLAND
herbench,0,0,0,0,0,0,0,0,6,0,0,0,6,1,False,False,HERBENCH
acme jewelry,0,3,1,0,0,0,0,1,1,0,0,0,6,4,False,True,ACME JEWELRY
bocu,0,0,1,0,0,2,0,1,2,0,0,0,6,4,False,True,BOCU
inihaw x,0,0,0,0,0,0,0,0,6,0,0,0,6,1,False,False,INIHAW X
capital,0,0,1,0,0,0,0,1,4,0,0,0,6,3,False,True,CAPITAL
skin perfect facial salon,0,0,0,0,0,0,0,0,6,0,0,0,6,1,False,False,SKIN PERFECT FACIAL SALON
botanifique,0,1,0,0,0,0,0,2,3,0,0,0,6,3,False,True,BOTANIFIQUE
blue box,0,0,0,0,0,0,0,0,3,0,3,0,6,2,False,True,BLUE BOX
manilachon,0,0,0,0,0,2,0,0,4,0,0,0,6,2,False,True,MANILACHON
zara,0,4,0,0,0,0,0,0,2,0,0,0,6,2,False,True,ZARA
mobile buddy,0,0,0,0,0,0,0,0,6,0,0,0,6,1,False,False,MOBILE BUDDY
c cellzone,0,0,0,0,0,0,0,0,0,0,6,0,6,1,False,False,C.Cellzone
katitays takoyaki,0,4,0,0,0,0,0,2,0,0,0,0,6,2,False,True,KATITAY'S TAKOYAKI
icebergs,0,0,0,0,0,0,0,1,5,0,0,0,6,2,False,True,ICEBERGS
santinos,0,0,0,0,1,0,0,3,2,0,0,0,6,3,False,True,SANTINO'S
nuat thai foot and body massage,0,6,0,0,0,0,0,0,0,0,0,0,6,1,False,False,NUAT THAI FOOT AND BODY MASSAGE
fully charged,0,0,0,0,0,0,0,0,6,0,0,0,6,1,False,False,FULLY CHARGED
out of nowhere kitchen,0,0,0,0,0,0,0,1,5,0,0,0,6,2,False,True,OUT OF NOWHERE KITCHEN
geo watch unlimited,0,0,0,0,0,0,0,1,5,0,0,0,6,2,False,True,GEO-WATCH UNLIMITED
fruitfull,0,0,0,0,0,1,0,1,4,0,0,0,6,3,False,True,FRUITFULL
baliwag lechon manok atbp,0,0,0,0,0,1,0,0,5,0,0,0,6,2,False,True,BALIWAG LECHON MANOK ATBP
nanyang kopi tiam,0,0,0,0,0,0,0,0,6,0,0,0,6,1,False,False,NANYANG KOPI TIAM
gan advanced osseointegration center,0,3,0,0,0,0,0,0,3,0,0,0,6,2,False,True,GAN ADVANCED OSSEOINTEGRATION CENTER
lechoneria lechon belly and filipino favorites,0,0,0,0,0,0,0,0,6,0,0,0,6,1,False,False,LECHONERIA LECHON BELLY AND FILIPINO FAVORITES
andoks,0,5,0,0,0,0,0,0,0,0,0,1,6,2,False,True,ANDOK'S
browlab,0,1,0,1,0,0,0,0,4,0,0,0,6,3,False,True,BROWLAB
crunch,0,0,0,0,0,0,0,6,0,0,0,0,6,1,False,False,THE CRUNCH
unionbank,0,0,0,0,0,6,0,0,0,0,0,0,6,1,False,False,UnionBank
oasis dental care,0,0,0,0,0,0,0,0,4,0,2,0,6,2,False,True,OASIS DENTAL CARE
focus richman eye clinic,0,0,0,0,0,0,0,0,1,0,5,0,6,2,False,True,Focus Richman Eye Clinic
egg station,0,0,0,0,0,0,0,4,2,0,0,0,6,2,False,True,EGG STATION
photoism,0,0,0,0,0,0,0,2,4,0,0,0,6,2,False,True,PHOTOISM
crave special chicharon,0,0,0,0,0,0,0,0,5,0,1,0,6,2,False,True,CRAVE SPECIAL CHICHARON
harbour city,0,0,0,0,0,0,0,1,5,0,0,0,6,2,False,True,HARBOUR CITY
kusina ni gracia,0,0,0,0,0,0,0,0,6,0,0,0,6,1,False,False,KUSINA NI GRACIA
cignal tv,0,1,0,0,0,0,0,0,5,0,0,0,6,2,False,True,CIGNAL TV
clean car,0,4,0,0,0,0,0,2,0,0,0,0,6,2,False,True,CLEAN CAR
single origin,0,3,0,0,0,1,0,1,1,0,0,0,6,4,False,True,SINGLE ORIGIN
r lapids chicharon,0,1,0,0,0,0,0,2,3,0,0,0,6,3,False,True,R LAPIDS CHICHARON
chinabank,0,0,0,0,0,2,2,1,0,0,0,1,6,4,False,True,Chinabank
koomi,0,0,0,1,0,0,0,2,3,0,0,0,6,3,False,True,KOOMI
art bar,0,2,0,0,0,0,0,1,3,0,0,0,6,3,False,True,ART BAR
waki,0,0,0,0,0,1,0,1,4,0,0,0,6,3,False,True,WAKI
art circle gallery,0,1,1,0,0,1,0,1,2,0,0,0,6,5,False,True,Art Circle Gallery
fox,0,1,0,0,0,0,0,1,4,0,0,0,6,3,False,True,FOX
victory christian fellowship,0,2,2,0,0,0,0,2,0,0,0,0,6,3,False,True,VICTORY CHRISTIAN FELLOWSHIP
strom mobile gadgets,0,0,0,0,0,0,0,0,6,0,0,0,6,1,False,False,STROM MOBILE GADGETS
hannahs cake decors party needs,0,0,0,0,0,0,0,0,6,0,0,0,6,1,False,False,HANNAHS CAKE DECORS PARTY NEEDS
nokia,0,0,0,0,2,0,0,0,3,0,1,0,6,3,False,True,NOKIA
eastwest bank,0,0,2,0,1,1,1,0,0,0,1,0,6,5,False,True,EastWest Bank
nail a holics,0,0,1,0,0,3,0,2,0,0,0,0,6,3,False,True,Nail-A-Holics
quiksilver,0,0,0,0,0,0,0,0,6,0,0,0,6,1,False,False,QUIKSILVER
suarez and sons,0,0,0,0,0,0,0,0,6,0,0,0,6,1,False,False,SUAREZ AND SONS
razons by glenn,0,2,1,0,0,0,0,1,2,0,0,0,6,4,False,True,RAZON'S BY GLENN
midas bag shoe and leather spa,0,1,0,0,0,0,0,0,5,0,0,0,6,2,False,True,MIDAS BAG SHOE AND LEATHER SPA
starbucks reserve,0,2,0,0,0,0,1,0,3,0,0,0,6,3,False,True,STARBUCKS RESERVE
sunnies flask,0,4,1,0,0,0,0,0,1,0,0,0,6,3,False,True,SUNNIES FLASK
oro galleria center,0,2,0,0,0,1,0,0,3,0,0,0,6,3,False,True,ORO GALLERIA CENTER
gerrys,0,0,0,0,0,1,0,4,1,0,0,0,6,3,False,True,GERRY'S
t&j salon,0,0,0,0,0,3,0,2,0,0,1,0,6,3,False,True,T&J Salon
vacant,0,0,0,0,0,0,0,0,0,0,0,6,6,1,False,False,VACANT
banapple,0,0,0,0,0,0,0,0,6,0,0,0,6,1,False,False,BANAPPLE
ipanema,0,0,1,0,0,0,0,1,4,0,0,0,6,3,False,True,IPANEMA
sony centre,0,6,0,0,0,0,0,0,0,0,0,0,6,1,False,False,SONY CENTRE
republic of gamers,0,0,0,0,0,0,0,0,6,0,0,0,6,1,False,False,REPUBLIC OF GAMERS
ate ricas bacsilog on the go,0,6,0,0,0,0,0,0,0,0,0,0,6,1,False,False,ATE RICA'S BACSILOG ON-THE-GO
maldita,0,0,0,0,0,0,0,1,5,0,0,0,6,2,False,True,MALDITA
neutral grounds,1,4,0,0,0,0,1,0,0,0,0,0,6,3,False,True,NEUTRAL GROUNDS
lord stows bakery,0,3,0,0,0,1,1,1,0,0,0,0,6,4,False,True,LORD STOW'S BAKERY
charles tyrwhitt,0,3,0,0,0,1,0,1,1,0,0,0,6,4,False,True,CHARLES TYRWHITT
ricos lechon,0,2,1,0,0,0,3,0,0,0,0,0,6,3,False,True,Rico's Lechon
dune,0,3,0,0,0,0,0,1,2,0,0,0,6,3,False,True,DUNE
columbia,1,4,0,0,0,0,0,1,0,0,0,0,6,3,False,True,COLUMBIA
la z boy,1,0,0,0,0,0,0,0,5,0,0,0,6,2,False,True,La-Z-Boy
reborn,0,0,0,0,0,0,0,2,4,0,0,0,6,2,False,True,REBORN
nyfd,0,0,0,0,0,0,0,1,5,0,0,0,6,2,False,True,NYFD
rookie usa,0,5,1,0,0,0,0,0,0,0,0,0,6,2,False,True,ROOKIE USA
goto lover,0,2,0,0,0,1,0,1,1,0,1,0,6,5,False,True,GOTO LOVER
clarks,0,3,0,0,0,0,1,0,2,0,0,0,6,3,False,True,CLARKS
alveo,0,6,0,0,0,0,0,0,0,0,0,0,6,1,False,False,ALVEO
laycom,0,1,0,0,0,0,0,2,3,0,0,0,6,3,False,True,LAYCOM
michelles homemade putong ube,0,5,0,0,0,0,0,0,1,0,0,0,6,2,False,True,MICHELLE'S HOMEMADE PUTONG UBE
glutapeel skin whitening specialist,0,0,0,0,0,0,0,0,6,0,0,0,6,1,False,False,GLUTAPEEL SKIN WHITENING SPECIALIST
fresh fragrance bar,0,5,0,0,0,1,0,0,0,0,0,0,6,2,False,True,FRESH FRAGRANCE BAR
kskin korean express facial,0,0,0,0,0,1,0,0,5,0,0,0,6,2,False,True,KSKIN KOREAN EXPRESS FACIAL
asics,0,3,0,0,0,0,0,0,3,0,0,0,6,2,False,True,ASICS
nillkin,0,0,0,0,1,0,0,0,5,0,0,0,6,2,False,True,NILLKIN
unica,0,0,0,0,0,0,0,1,5,0,0,0,6,2,False,True,UNICA
citrus center,0,0,0,0,0,0,0,0,6,0,0,0,6,1,False,False,THE CITRUS CENTER
visualities by eo,0,2,0,0,0,0,0,1,3,0,0,0,6,3,False,True,VISUALITIES BY EO
geox,0,3,0,0,0,0,0,1,2,0,0,0,6,3,False,True,GEOX
lavish lashes studio,0,2,1,0,0,0,0,0,3,0,0,0,6,3,False,True,LAVISH LASHES STUDIO
lawson,0,0,0,0,0,6,0,0,0,0,0,0,6,1,False,False,Lawson
vibes massage services,0,0,0,0,0,0,0,0,3,0,2,0,5,2,False,True,VIBES MASSAGE SERVICES
stylash eyelash salon,0,0,0,0,0,0,0,0,5,0,0,0,5,1,False,False,STYLASH EYELASH SALON
i do nails,0,1,0,0,0,2,1,1,0,0,0,0,5,4,False,True,I Do Nails
gamextreme,0,0,0,0,0,2,1,1,1,0,0,0,5,4,False,True,GAMEXTREME
dimsum break,0,0,0,0,0,0,0,1,4,0,0,0,5,2,False,True,DIMSUM BREAK
gnc live well,0,0,0,0,0,0,0,0,5,0,0,0,5,1,False,False,GNC LIVE WELL
canon,0,0,0,0,0,0,1,0,4,0,0,0,5,2,False,True,CANON
cotti coffee,0,0,0,0,0,2,0,0,3,0,0,0,5,2,False,True,COTTI COFFEE
nine fresh,0,0,0,0,0,1,0,1,3,0,0,0,5,3,False,True,NINE FRESH
bebang,0,0,0,0,0,4,0,1,0,0,0,0,5,2,False,True,Bebang
locavore,0,0,0,0,0,1,2,0,2,0,0,0,5,3,False,True,Locavore
i active,0,0,0,0,0,0,0,0,5,0,0,0,5,1,False,False,I ACTIVE
mayet dela rosa,0,0,0,0,0,0,0,5,0,0,0,0,5,1,False,False,Mayet Dela Rosa
yi fang taiwan fruit tea,0,5,0,0,0,0,0,0,0,0,0,0,5,1,False,False,YI FANG TAIWAN FRUIT TEA
tickles,0,2,0,0,0,0,0,0,3,0,0,0,5,2,False,True,TICKLES
bubble tea station,0,0,0,0,0,0,0,2,3,0,0,0,5,2,False,True,BUBBLE TEA STATION
trendy by vision express,0,3,0,0,0,0,0,0,2,0,0,0,5,2,False,True,TRENDY BY VISION EXPRESS
yifang taiwan fruit tea,0,0,0,0,0,0,0,0,5,0,0,0,5,1,False,False,YIFANG TAIWAN FRUIT TEA
mbscc,0,5,0,0,0,0,0,0,0,0,0,0,5,1,False,False,MBSCC
gadget headz,0,0,0,0,0,0,0,2,3,0,0,0,5,2,False,True,GADGET HEADZ
emj watch repair service center,0,0,0,0,0,0,0,0,5,0,0,0,5,1,False,False,EMJ WATCH REPAIR SERVICE CENTER
joyo marketing,0,1,0,0,0,0,0,0,4,0,0,0,5,2,False,True,JOYO MARKETING
look,1,1,0,0,0,0,0,0,0,2,0,1,5,4,False,True,THE LOOK
red mango,0,3,0,0,0,1,0,1,0,0,0,0,5,3,False,True,RED MANGO
rockys barbershop,0,2,0,0,0,0,0,1,2,0,0,0,5,3,False,True,ROCKY'S BARBERSHOP
landbank,0,0,0,0,4,0,0,0,1,0,0,0,5,2,False,True,Landbank
boy zugba,0,1,0,0,0,0,0,1,3,0,0,0,5,3,False,True,BOY ZUGBA
golds gym,0,0,0,0,0,3,0,2,0,0,0,0,5,2,False,True,Gold's Gym
potdog,0,0,1,0,0,0,1,3,0,0,0,0,5,3,False,True,Potdog
oldmoon studio,0,3,1,0,0,0,0,0,1,0,0,0,5,3,False,True,OLDMOON STUDIO
watch store,0,0,0,0,0,0,0,0,5,0,0,0,5,1,False,False,THE WATCH STORE
yonex,0,1,0,0,0,0,0,2,2,0,0,0,5,3,False,True,YONEX
reebok,0,0,0,0,1,0,0,0,4,0,0,0,5,2,False,True,REEBOK
suds laundry,0,0,0,0,0,1,0,1,3,0,0,0,5,3,False,True,SUDS LAUNDRY
mister kabab,0,0,0,1,0,0,0,0,4,0,0,0,5,2,False,True,MISTER KABAB
slimmers world international,0,0,0,0,0,0,0,0,5,0,0,0,5,1,False,False,SLIMMERS WORLD INTERNATIONAL
watami sushi bar & grill,0,5,0,0,0,0,0,0,0,0,0,0,5,1,False,False,WATAMI SUSHI BAR & GRILL
vice co,0,0,1,0,0,0,0,0,4,0,0,0,5,2,False,True,VICE CO
seiko,1,4,0,0,0,0,0,0,0,0,0,0,5,2,False,True,SEIKO
acebedo optical,0,0,0,0,1,0,0,1,1,1,0,1,5,5,False,True,ACEBEDO OPTICAL
jewelmer,0,4,0,0,0,0,0,0,1,0,0,0,5,2,False,True,JEWELMER
coldstone creamery,0,2,0,0,0,0,0,0,3,0,0,0,5,2,False,True,COLDSTONE CREAMERY
doktor relos,0,0,0,0,0,0,0,0,5,0,0,0,5,1,False,False,DOKTOR RELOS
aap,0,0,0,0,0,1,0,4,0,0,0,0,5,2,False,True,AAP
jesi mendez salon,0,3,0,0,0,0,0,2,0,0,0,0,5,2,False,True,JESI MENDEZ SALON
noregold fine jewelry,0,0,0,0,0,0,0,0,5,0,0,0,5,1,False,False,NOREGOLD FINE JEWELRY
comworks,0,0,0,0,0,0,0,1,2,0,2,0,5,3,False,True,Comworks
dohtonbori,0,0,0,0,0,0,0,0,5,0,0,0,5,1,False,False,DOHTONBORI
ocampos jewelry,0,0,0,0,0,0,0,1,4,0,0,0,5,2,False,True,OCAMPOS JEWELRY
bongbongs piaya and barquillos,0,0,1,0,0,0,0,0,4,0,0,0,5,2,False,True,BONGBONG'S PIAYA AND BARQUILLOS
jewels by audrey,0,2,0,0,0,0,0,0,3,0,0,0,5,2,False,True,JEWELS BY AUDREY
perfect pitch,0,0,0,0,0,0,0,0,5,0,0,0,5,1,False,False,PERFECT PITCH
memo express,0,0,0,0,1,0,0,4,0,0,0,0,5,2,False,True,Memo Express
perfect health,0,1,0,0,0,0,0,0,4,0,0,0,5,2,False,True,PERFECT HEALTH
melissa pop up shop,0,0,0,0,0,0,0,0,5,0,0,0,5,1,False,False,MELISSA POP-UP SHOP
peri peri,0,0,0,0,0,0,2,3,0,0,0,0,5,2,False,True,Peri-Peri
petrol,0,3,0,0,0,0,0,2,0,0,0,0,5,2,False,True,PETROL
vizcos cake shop,0,0,0,0,0,0,0,0,5,0,0,0,5,1,False,False,VIZCOS CAKE SHOP
eo premier,0,1,1,0,0,0,0,0,3,0,0,0,5,3,False,True,EO PREMIER
eo kids up,0,0,0,0,0,0,0,0,5,0,0,0,5,1,False,False,EO KIDS UP
asian home appliance center,0,5,0,0,0,0,0,0,0,0,0,0,5,1,False,False,ASIAN HOME APPLIANCE CENTER
cafe mediterranean,0,2,0,0,0,0,1,0,2,0,0,0,5,3,False,True,CAFE MEDITERRANEAN
lemon hub,0,0,0,0,0,0,0,3,2,0,0,0,5,2,False,True,LEMON HUB
nutrition depot,0,1,0,0,0,0,0,0,4,0,0,0,5,2,False,True,NUTRITION DEPOT
pinctada,0,0,1,0,0,0,0,0,4,0,0,0,5,2,False,True,PINCTADA
rice in a box,0,0,0,0,0,0,0,3,0,1,0,1,5,3,False,True,RICE IN A BOX
lemon zone refreshment,0,0,0,0,0,0,0,0,5,0,0,0,5,1,False,False,LEMON ZONE REFRESHMENT
e bingo,0,0,0,0,0,0,0,1,1,0,0,3,5,3,False,True,E-BINGO
novo dental,0,1,0,0,0,2,2,0,0,0,0,0,5,3,False,True,Novo Dental
a little tea,0,1,0,0,0,0,0,1,3,0,0,0,5,3,False,True,A LITTLE TEA
ikkoryu fukuoka ramen,0,1,0,0,0,0,0,0,4,0,0,0,5,2,False,True,IKKORYU FUKUOKA RAMEN
cacao de davao,0,0,0,0,0,0,0,0,5,0,0,0,5,1,False,False,CACAO DE DAVAO
icenter,0,1,0,0,3,0,0,1,0,0,0,0,5,3,False,True,iCenter
melissa,0,3,0,0,1,0,0,1,0,0,0,0,5,3,False,True,MELISSA
seek shine,0,3,0,0,0,0,0,0,2,0,0,0,5,2,False,True,SEEK SHINE
jo malone london,0,0,0,0,0,0,0,0,5,0,0,0,5,1,False,False,JO MALONE LONDON
i time,0,0,0,1,0,0,0,0,0,0,4,0,5,2,False,True,I-Time
jms shawarma,0,0,0,0,0,0,0,3,2,0,0,0,5,2,False,True,JMS SHAWARMA
evo,0,0,0,0,0,0,0,1,4,0,0,0,5,2,False,True,EVO
bny jeans,0,0,0,0,0,0,0,0,5,0,0,0,5,1,False,False,BNY JEANS
wanderskye,0,1,0,0,0,0,1,1,2,0,0,0,5,4,False,True,WANDERSKYE
core pacific money changer,0,0,0,0,0,0,0,5,0,0,0,0,5,1,False,False,Core Pacific Money Changer
aristocrat restaurant,0,0,0,0,0,0,0,0,5,0,0,0,5,1,False,False,THE ARISTOCRAT RESTAURANT
serom hair,0,0,0,0,0,0,0,0,5,0,0,0,5,1,False,False,SEROM HAIR
laybare waxing salon,0,0,0,0,0,0,0,3,0,0,2,0,5,2,False,True,Laybare Waxing Salon
dior,0,2,0,0,0,0,0,0,3,0,0,0,5,2,False,True,DIOR
wang fu chinese cafe,0,5,0,0,0,0,0,0,0,0,0,0,5,1,False,False,WANG FU CHINESE CAFÉ
yoyoso,0,2,0,0,0,0,0,3,0,0,0,0,5,2,False,True,Yoyoso
evoke,0,2,0,0,0,0,0,0,3,0,0,0,5,2,False,True,EVOKE
gap,0,3,0,0,0,0,0,0,2,0,0,0,5,2,False,True,GAP
moms ube triple chocolate champorado,0,0,0,0,0,0,0,0,5,0,0,0,5,1,False,False,MOMS UBE TRIPLE CHOCOLATE CHAMPORADO
pay & go,0,3,0,0,0,2,0,0,0,0,0,0,5,2,False,True,PAY & GO
gashapon,0,0,0,0,0,2,0,3,0,0,0,0,5,2,False,True,Gashapon
nkll watch repair center,0,0,0,0,0,0,0,0,0,0,5,0,5,1,False,False,NKLL Watch Repair Center
copy pacific,0,0,0,0,0,0,0,0,5,0,0,0,5,1,False,False,COPY PACIFIC
camerahaus plus,0,0,0,0,0,0,0,0,5,0,0,0,5,1,False,False,CAMERAHAUS PLUS
ystilo salon,0,0,1,0,0,0,0,0,4,0,0,0,5,2,False,True,YSTILO SALON
odysseus,0,0,0,0,0,0,0,0,5,0,0,0,5,1,False,False,ODYSSEUS
tiong bahru,0,0,0,0,0,2,2,1,0,0,0,0,5,3,False,True,Tiong Bahru
imax,0,0,0,0,0,0,0,0,5,0,0,0,5,1,False,False,IMAX
merry moo,0,0,0,0,0,0,0,2,3,0,0,0,5,2,False,True,MERRY MOO
gizmo central,0,1,1,0,0,0,0,0,3,0,0,0,5,3,False,True,GIZMO CENTRAL
wacky studio,0,1,0,0,0,0,0,0,4,0,0,0,5,2,False,True,WACKY STUDIO
tissot,0,1,0,0,0,1,0,0,3,0,0,0,5,3,False,True,TISSOT
buffalo avenue,0,0,0,0,0,1,0,0,2,0,2,0,5,3,False,True,Buffalo Avenue
ashley furniture homestore,0,5,0,0,0,0,0,0,0,0,0,0,5,1,False,False,ASHLEY FURNITURE HOMESTORE
california nails day spa,0,0,0,0,0,0,0,0,5,0,0,0,5,1,False,False,CALIFORNIA NAILS DAY SPA
payless,0,0,0,0,0,0,0,5,0,0,0,0,5,1,False,False,Payless
citrus zone,0,0,0,0,0,0,0,1,3,0,0,1,5,3,False,True,Citrus Zone
mayet de la rosa fine jewelry,0,0,0,0,0,2,0,3,0,0,0,0,5,2,False,True,Mayet De La Rosa Fine Jewelry
brewed buddies,0,0,0,0,0,0,0,1,4,0,0,0,5,2,False,True,THE BREWED BUDDIES
halo,0,0,0,0,0,0,0,2,3,0,0,0,5,2,False,True,HALO
bunny banana,0,0,0,0,0,1,0,1,2,0,1,0,5,4,False,True,BUNNY BANANA
chicco,0,2,1,0,0,1,0,0,1,0,0,0,5,4,False,True,CHICCO
shimmer and shield car coating,0,0,0,0,0,0,0,0,5,0,0,0,5,1,False,False,SHIMMER AND SHIELD CAR COATING
ps bank,0,0,0,0,2,0,0,2,0,0,0,1,5,3,False,True,PS Bank
innisfree,0,1,1,0,0,0,0,0,3,0,0,0,5,3,False,True,INNISFREE
snooze nook,0,0,0,0,0,0,0,0,5,0,0,0,5,1,False,False,SNOOZE NOOK
fone style accessories,0,2,0,0,0,0,0,0,3,0,0,0,5,2,False,True,FONE STYLE ACCESSORIES
besas,0,3,0,0,0,0,2,0,0,0,0,0,5,2,False,True,BESA'S
edifer,0,0,0,0,0,0,0,0,1,0,4,0,5,2,False,True,Edifer
panagatan restaurant,0,1,0,0,0,0,0,2,2,0,0,0,5,3,False,True,PANAGATAN RESTAURANT
giardino gelato,0,2,0,0,0,0,0,0,3,0,0,0,5,2,False,True,GIARDINO GELATO
micro valley,0,0,1,0,1,0,1,2,0,0,0,0,5,4,False,True,Micro Valley
bayad center,0,0,1,0,0,0,0,2,0,1,1,0,5,4,False,True,Bayad Center
better components,0,0,0,0,0,0,0,0,5,0,0,0,5,1,False,False,BETTER COMPONENTS
tapa king,0,1,0,0,1,1,0,1,1,0,0,0,5,5,False,True,TAPA KING
timberland,0,1,0,0,0,0,0,0,4,0,0,0,5,2,False,True,TIMBERLAND
sushi nori,0,2,0,0,0,0,0,0,3,0,0,0,5,2,False,True,SUSHI NORI
amici,0,2,0,0,0,1,1,0,1,0,0,0,5,4,False,True,AMICI
pritong manok,0,0,0,0,4,0,0,1,0,0,0,0,5,2,False,True,Pritong Manok
farinas ilocos empanada,0,1,1,0,0,0,0,3,0,0,0,0,5,3,False,True,FARINAS ILOCOS EMPANADA
d candy station,0,0,0,0,0,0,0,1,4,0,0,0,5,2,False,True,D CANDY STATION
fantastic baka,0,0,0,0,0,0,0,0,5,0,0,0,5,1,False,False,FANTASTIC BAKA
mr pluffy,0,0,0,0,0,0,0,4,0,0,0,1,5,2,False,True,Mr. Pluffy
karaoke hub,0,0,0,0,0,0,0,1,4,0,0,0,5,2,False,True,KARAOKE HUB
dot coffee,0,0,0,0,0,3,0,1,1,0,0,0,5,3,False,True,Dot Coffee
instamp,0,0,0,0,0,0,0,1,4,0,0,0,5,2,False,True,INSTAMP
bibo shoes,0,0,0,0,0,0,0,2,1,0,0,2,5,3,False,True,BIBO SHOES
hobbiestock collectibles,0,5,0,0,0,0,0,0,0,0,0,0,5,1,False,False,HOBBIESTOCK COLLECTIBLES
free life,0,1,0,0,2,0,0,1,0,1,0,0,5,4,False,True,Free Life
barcada,0,0,0,0,0,2,0,2,1,0,0,0,5,3,False,True,Barcada
ink all you can,0,0,0,0,0,0,0,0,5,0,0,0,5,1,False,False,INK ALL YOU CAN
bbq chicken,0,0,1,0,0,1,0,0,3,0,0,0,5,3,False,True,BBQ CHICKEN
hola,0,0,0,0,0,0,0,0,5,0,0,0,5,1,False,False,HOLA
hearts and bells bakery,0,0,1,0,0,1,0,0,3,0,0,0,5,3,False,True,HEARTS AND BELLS BAKERY
t&j salon professionals,0,3,0,1,0,0,0,1,0,0,0,0,5,3,False,True,T&J SALON PROFESSIONALS
kind ventures,0,0,0,0,0,0,0,2,3,0,0,0,5,2,False,True,KIND VENTURES
malanne,0,0,0,0,0,0,0,0,5,0,0,0,5,1,False,False,MALANNE
salomon,0,2,0,0,0,0,0,0,3,0,0,0,5,2,False,True,SALOMON
world chicken,0,2,0,0,0,1,0,2,0,0,0,0,5,3,False,True,WORLD CHICKEN
almon marina,0,0,1,0,0,0,0,1,3,0,0,0,5,3,False,True,ALMON MARINA
beijing foot spa,0,2,0,0,0,1,1,0,1,0,0,0,5,4,False,True,BEIJING FOOT SPA
cellway,0,0,0,0,0,0,0,0,5,0,0,0,5,1,False,False,CELLWAY
oxy,0,3,1,0,0,0,0,1,0,0,0,0,5,3,False,True,OXY
mama lous,0,1,0,0,0,3,1,0,0,0,0,0,5,3,False,True,Mama Lou's
tactics water gear,0,0,0,0,0,0,0,0,5,0,0,0,5,1,False,False,TACTICS WATER GEAR
taco bell,0,3,0,0,0,1,0,0,1,0,0,0,5,3,False,True,TACO BELL
beauty lab skin body clinic,0,0,0,0,0,0,0,0,5,0,0,0,5,1,False,False,THE BEAUTY LAB SKIN BODY CLINIC
pabder,1,1,0,0,0,0,1,0,2,0,0,0,5,4,False,True,PABDER
chatramue,0,0,0,0,0,1,0,3,1,0,0,0,5,3,False,True,CHATRAMUE
maimi,0,0,0,0,0,0,0,0,5,0,0,0,5,1,False,False,MAIMI
under armour,0,0,0,0,0,0,0,0,5,0,0,0,5,1,False,False,UNDER ARMOUR
belo medical group,0,2,0,0,0,0,0,0,3,0,0,0,5,2,False,True,BELO MEDICAL GROUP
headway vera,0,0,0,0,0,0,0,0,5,0,0,0,5,1,False,False,HEADWAY VERA
davids cut,0,0,0,0,0,0,0,0,0,0,5,0,5,1,False,False,David's Cut
eggspert,0,0,0,0,0,0,0,3,2,0,0,0,5,2,False,True,EGGSPERT
mango magic,0,0,0,0,0,0,0,4,1,0,0,0,5,2,False,True,Mango Magic
daves fun house,0,3,0,0,0,1,0,0,1,0,0,0,5,3,False,True,DAVE'S FUN HOUSE
unica hija salon,0,2,0,0,0,0,0,0,3,0,0,0,5,2,False,True,UNICA HIJA SALON
century chinese drug store,0,0,0,0,0,0,0,0,5,0,0,0,5,1,False,False,CENTURY CHINESE DRUG STORE
infomax,0,2,0,0,0,0,0,0,3,0,0,0,5,2,False,True,INFOMAX
flying tiger,0,0,0,0,0,2,0,3,0,0,0,0,5,2,False,True,FLYING TIGER
magno optical,0,4,0,0,0,0,1,0,0,0,0,0,5,2,False,True,MAGNO OPTICAL
puffys,0,0,0,0,0,0,0,0,5,0,0,0,5,1,False,False,PUFFYS
typo,0,3,0,0,0,1,0,0,1,0,0,0,5,3,False,True,TYPO
takoyadon plus,0,0,0,0,0,0,0,0,5,0,0,0,5,1,False,False,TAKOYADON PLUS
tuf barbershop,0,3,0,0,0,1,0,1,0,0,0,0,5,3,False,True,TUF BARBERSHOP
airwheel,0,0,0,0,0,1,1,1,2,0,0,0,5,4,False,True,AIRWHEEL
mixme,0,0,0,0,0,0,0,0,5,0,0,0,5,1,False,False,MIXME
fruits in ice cream,0,3,0,0,0,0,0,0,2,0,0,0,5,2,False,True,FRUITS IN ICE CREAM
tiktilaok,0,1,0,0,0,1,0,2,1,0,0,0,5,4,False,True,Tiktilaok
springfield,0,4,0,0,0,0,0,0,1,0,0,0,5,2,False,True,SPRINGFIELD
mo cookies,0,1,0,0,0,1,0,1,2,0,0,0,5,4,False,True,Mo' Cookies
western plate,0,0,0,0,0,0,0,1,4,0,0,0,5,2,False,True,WESTERN PLATE
predator,0,0,0,0,0,0,0,0,5,0,0,0,5,1,False,False,PREDATOR
party company,0,0,0,0,0,0,0,0,5,0,0,0,5,1,False,False,PARTY COMPANY
native,0,3,0,0,0,0,0,0,2,0,0,0,5,2,False,True,NATIVE
bakers fair,0,3,0,0,0,0,1,0,0,1,0,0,5,3,False,True,BAKER'S FAIR
milky,0,0,0,0,1,0,0,0,4,0,0,0,5,2,False,True,MILKY
fun house,0,0,0,0,0,0,0,1,4,0,0,0,5,2,False,True,FUN HOUSE
just jewels,0,1,0,0,0,0,0,0,4,0,0,0,5,2,False,True,JUST JEWELS
anta sports,0,0,0,0,0,0,0,0,5,0,0,0,5,1,False,False,ANTA SPORTS
powertech,0,0,0,0,0,0,0,0,3,0,2,0,5,2,False,True,POWERTECH
aerofone,0,0,0,0,0,0,0,0,5,0,0,0,5,1,False,False,AEROFONE
techno mobile,0,0,0,0,0,0,0,0,4,0,0,1,5,2,False,True,TECHNO MOBILE
fun time,0,0,0,0,0,0,0,0,0,0,2,3,5,2,False,True,FUN TIME
diagold,0,0,0,0,0,0,0,0,5,0,0,0,5,1,False,False,DIAGOLD
sunnies by charlie,0,0,0,0,0,0,0,0,5,0,0,0,5,1,False,False,SUNNIES BY CHARLIE
juice juicy,0,0,0,0,0,0,0,0,3,0,2,0,5,2,False,True,JUICE JUICY
g&g taiwan famous fried chicken,0,0,0,0,0,0,0,0,5,0,0,0,5,1,False,False,G&G TAIWAN FAMOUS FRIED CHICKEN
gracias lechon belly atbp,0,0,0,0,0,0,0,0,5,0,0,0,5,1,False,False,GRACIAS LECHON BELLY ATBP
powerfix,0,0,0,0,0,0,0,0,5,0,0,0,5,1,False,False,POWERFIX
eye crafter,0,0,0,0,2,0,0,0,3,0,0,0,5,2,False,True,EYE CRAFTER
la sole manila,0,0,0,0,0,0,0,2,3,0,0,0,5,2,False,True,LA SOLE MANILA
los churreros,0,0,0,0,0,1,0,3,1,0,0,0,5,3,False,True,LOS CHURREROS
lactation treats by rcg,0,0,0,0,0,0,0,0,5,0,0,0,5,1,False,False,LACTATION TREATS BY RCG
butterfly twists,0,1,0,0,0,1,0,1,2,0,0,0,5,4,False,True,BUTTERFLY TWISTS
mary pauline salon,0,2,1,0,0,0,0,0,0,2,0,0,5,3,False,True,MARY PAULINE SALON
christs commission fellowship,0,3,0,0,0,0,0,2,0,0,0,0,5,2,False,True,CHRIST'S COMMISSION FELLOWSHIP
cabeza jewelry and accessories shop,0,0,0,0,0,0,0,0,5,0,0,0,5,1,False,False,CABEZA JEWELRY AND ACCESSORIES SHOP
scent station,0,1,0,0,0,0,0,2,2,0,0,0,5,3,False,True,SCENT STATION
royqueen,0,0,0,0,0,0,0,0,5,0,0,0,5,1,False,False,ROYQUEEN
urban smiles dental clinic,0,3,1,0,0,0,0,0,1,0,0,0,5,3,False,True,URBAN SMILES DENTAL CLINIC
miladay jewels,0,3,0,0,0,0,0,0,2,0,0,0,5,2,False,True,MILADAY JEWELS
whitehaus,0,0,0,0,0,0,0,0,5,0,0,0,5,1,False,False,WHITEHAUS
hongkong style noodles & dimsum,0,0,0,0,0,0,0,5,0,0,0,0,5,1,False,False,Hongkong Style Noodles & Dimsum
biggs diner all star,0,0,0,0,0,0,0,0,5,0,0,0,5,1,False,False,BIGGS DINER ALL STAR
doughnut outdoor gear,0,0,0,0,0,0,0,0,5,0,0,0,5,1,False,False,DOUGHNUT OUTDOOR GEAR
orange brutus,0,2,0,0,0,1,0,0,2,0,0,0,5,3,False,True,ORANGE BRUTUS
marks & spencer,0,1,0,0,0,0,0,0,4,0,0,0,5,2,False,True,MARKS & SPENCER
hongkong style noodles,0,0,1,0,0,0,0,2,1,0,0,1,5,4,False,True,Hongkong Style Noodles
grind,0,2,1,0,0,0,0,2,0,0,0,0,5,3,False,True,GRIND
philips,1,0,0,0,0,1,0,2,1,0,0,0,5,4,False,True,Philips
ahha,0,0,0,0,0,0,0,0,5,0,0,0,5,1,False,False,AHHA
tuan tuan,0,0,0,0,0,0,1,0,4,0,0,0,5,2,False,True,TUAN TUAN
nailworks,0,0,0,0,0,0,0,0,5,0,0,0,5,1,False,False,NAILWORKS
scent co,0,0,1,0,0,0,0,4,0,0,0,0,5,2,False,True,The Scent Co.
urestore pt rehab clinic,0,0,0,0,0,0,0,0,5,0,0,0,5,1,False,False,URESTORE PT REHAB CLINIC
white house dental clinic,0,0,0,0,0,0,0,0,5,0,0,0,5,1,False,False,WHITE HOUSE DENTAL CLINIC
airoma,0,0,0,0,0,0,0,0,5,0,0,0,5,1,False,False,AIROMA
big chill,0,0,0,0,0,0,0,2,3,0,0,0,5,2,False,True,THE BIG CHILL
plains prints,0,0,0,0,0,0,0,0,4,0,0,0,4,1,False,False,PLAINS PRINTS
pnb atm,0,0,0,0,0,3,0,1,0,0,0,0,4,2,False,True,PNB ATM
thirsty fresh fruit juices & shakes,0,4,0,0,0,0,0,0,0,0,0,0,4,1,False,False,THIRSTY FRESH FRUIT JUICES & SHAKES
edelyns homemade nuts,0,0,0,0,0,0,0,1,3,0,0,0,4,2,False,True,EDELYN'S HOMEMADE NUTS
buko express pies and sweets,0,0,0,0,0,0,0,0,3,0,1,0,4,2,False,True,BUKO EXPRESS PIES AND SWEETS
shawarma house,0,0,0,1,0,0,0,0,1,0,0,2,4,3,False,True,SHAWARMA HOUSE
eataewon,0,0,1,0,0,0,0,1,2,0,0,0,4,3,False,True,EATAEWON
time check,0,0,0,0,0,0,0,4,0,0,0,0,4,1,False,False,Time Check
siena mobile,0,0,0,0,0,0,0,0,2,1,0,1,4,3,False,True,SIENA MOBILE
dulcinea,0,2,0,0,0,0,0,1,1,0,0,0,4,3,False,True,DULCINEA
dragon dumplings,0,0,0,0,3,0,0,0,1,0,0,0,4,2,False,True,Dragon Dumplings
inasal chicken bacolod,0,0,0,0,0,0,0,1,3,0,0,0,4,2,False,True,INASAL CHICKEN BACOLOD
elite,0,1,1,0,0,0,0,1,1,0,0,0,4,4,False,True,ELITE
dr martens,0,1,0,0,0,0,0,1,2,0,0,0,4,3,False,True,DR. MARTENS
el pollo loco,0,2,0,0,0,2,0,0,0,0,0,0,4,2,False,True,EL POLLO LOCO
e,0,0,0,0,4,0,0,0,0,0,0,0,4,1,False,False,E
empire golf,0,0,0,0,0,0,0,0,4,0,0,0,4,1,False,False,EMPIRE GOLF
bw superbakeshop,0,0,0,0,0,0,0,0,0,0,4,0,4,1,False,False,BW Superbakeshop
shawarma hut,0,0,0,0,0,0,0,0,0,0,0,4,4,1,False,False,SHAWARMA HUT
sichu malatang,0,0,0,0,0,3,0,0,1,0,0,0,4,2,False,True,Sichu Malatang
pines multi telecom,0,0,0,0,0,0,0,0,3,0,1,0,4,2,False,True,PINES MULTI TELECOM
timeline,0,0,0,0,0,0,0,0,4,0,0,0,4,1,False,False,TIMELINE
dotpad,0,0,0,0,0,0,0,0,1,0,3,0,4,2,False,True,Dotpad
silver rising,2,0,0,0,0,0,0,2,0,0,0,0,4,2,False,True,SILVER RISING
endure medical inc,0,0,0,0,0,0,0,0,4,0,0,0,4,1,False,False,ENDURE MEDICAL INC
el bonitos pizza,0,0,0,0,0,1,0,1,0,0,0,2,4,3,False,True,El Bonito's Pizza
pink parlour,0,0,0,0,0,1,0,1,2,0,0,0,4,3,False,True,Pink Parlour
elov chinese drugstore,0,0,0,0,0,0,0,0,4,0,0,0,4,1,False,False,ELOV CHINESE DRUGSTORE
ednas cakeland,0,0,0,0,0,0,0,1,3,0,0,0,4,2,False,True,EDNA'S CAKELAND
pizza pedricos,0,0,0,0,0,0,0,1,3,0,0,0,4,2,False,True,PIZZA PEDRICOS
herbs of the earth,1,0,0,0,0,1,1,1,0,0,0,0,4,4,False,True,HERBS OF THE EARTH
point grill,0,0,0,0,0,0,0,0,4,0,0,0,4,1,False,False,POINT GRILL
greyhound cafe,0,0,0,0,0,0,0,0,4,0,0,0,4,1,False,False,GREYHOUND CAFE
ramen menzo,0,1,0,0,0,0,1,0,2,0,0,0,4,3,False,True,RAMEN MENZO
rsb takoyaki,0,1,0,0,0,0,0,1,2,0,0,0,4,3,False,True,RSB TAKOYAKI
french tips,0,0,0,0,0,0,1,0,3,0,0,0,4,2,False,True,FRENCH TIPS
surgiderm,0,0,0,0,0,0,0,1,3,0,0,0,4,2,False,True,SURGIDERM
franzy salon for men women,0,0,0,0,0,0,0,0,4,0,0,0,4,1,False,False,FRANZY SALON FOR MEN WOMEN
swarovski,0,2,0,0,0,1,0,0,1,0,0,0,4,3,False,True,SWAROVSKI
chika an sa cebu,0,0,1,0,0,0,0,0,3,0,0,0,4,2,False,True,CHIKA-AN SA CEBU
halo halo story,0,0,0,0,0,0,0,2,2,0,0,0,4,2,False,True,HALO HALO STORY
chicken deli,0,1,0,0,0,0,0,1,1,1,0,0,4,4,False,True,CHICKEN DELI
daily apple,0,1,0,0,0,0,0,0,3,0,0,0,4,2,False,True,DAILY APPLE
hannahs cake decors & party needs,0,4,0,0,0,0,0,0,0,0,0,0,4,1,False,False,HANNAH'S CAKE DECORS & PARTY NEEDS
rx prescripto,0,0,0,0,0,0,0,0,4,0,0,0,4,1,False,False,RX PRESCRIPTO
forever 21,0,0,0,0,0,0,0,0,4,0,0,0,4,1,False,False,FOREVER 21
soya bar,0,0,1,0,0,0,0,0,3,0,0,0,4,2,False,True,SOYA BAR
for me,0,0,1,0,0,0,0,2,0,1,0,0,4,3,False,True,For Me
foot zone,0,2,0,0,0,1,0,1,0,0,0,0,4,3,False,True,FOOT ZONE
happy home,0,1,0,0,0,0,0,1,2,0,0,0,4,3,False,True,THE HAPPY HOME
fone twist,0,0,0,0,0,0,0,0,2,1,0,1,4,3,False,True,FONE TWIST
south shores,0,1,0,0,0,0,0,1,2,0,0,0,4,3,False,True,SOUTH SHORES
chemworld fragrance factory,0,1,0,0,0,0,0,0,3,0,0,0,4,2,False,True,CHEMWORLD FRAGRANCE FACTORY
flynn s buko shake,0,0,0,0,4,0,0,0,0,0,0,0,4,1,False,False,Flynn\'s Buko Shake
florsheim,0,4,0,0,0,0,0,0,0,0,0,0,4,1,False,False,FLORSHEIM
sonyda ichiban,0,0,0,0,0,0,0,4,0,0,0,0,4,1,False,False,Sonyda Ichiban
chee su,0,0,0,0,0,0,0,0,4,0,0,0,4,1,False,False,CHEE-SU
saladstop,0,0,0,0,0,0,1,0,3,0,0,0,4,2,False,True,SALADSTOP
sole destinations travel and tours,0,0,0,0,0,0,0,0,4,0,0,0,4,1,False,False,SOLE DESTINATIONS TRAVEL AND TOURS
sole academy,0,1,0,0,0,0,0,3,0,0,0,0,4,2,False,True,SOLE ACADEMY
friends fries,0,0,0,0,0,0,0,2,2,0,0,0,4,2,False,True,Friends Fries
chops to go,0,0,0,0,0,0,0,0,4,0,0,0,4,1,False,False,CHOPS TO GO
samsung mobile,0,0,0,0,3,0,0,0,1,0,0,0,4,2,False,True,Samsung Mobile
superkicks,0,2,0,0,0,0,0,2,0,0,0,0,4,2,False,True,SUPERKICKS
ridelab,0,0,0,0,0,0,0,0,4,0,0,0,4,1,False,False,RIDELAB
color ideas,0,0,0,0,0,0,0,0,4,0,0,0,4,1,False,False,COLOR IDEAS
storyland fun park,0,0,0,0,0,0,0,0,4,0,0,0,4,1,False,False,STORYLAND FUN PARK
stradivarius,0,2,0,0,0,0,0,0,2,0,0,0,4,2,False,True,STRADIVARIUS
coffee project,0,0,0,0,0,0,0,0,0,4,0,0,4,1,False,False,COFFEE PROJECT
generika drugstore,0,1,0,0,1,0,0,0,0,0,0,2,4,3,False,True,GENERIKA DRUGSTORE
coffee lab,0,3,0,0,0,0,0,0,1,0,0,0,4,2,False,True,COFFEE LAB
connies kitchen,0,1,0,0,0,0,1,1,1,0,0,0,4,4,False,True,Connie's Kitchen
gelatissimo,0,2,0,0,0,0,0,0,2,0,0,0,4,2,False,True,GELATISSIMO
glow and brow,0,0,0,0,0,0,0,0,4,0,0,0,4,1,False,False,GLOW AND BROW
coalition,0,1,0,0,0,1,0,2,0,0,0,0,4,3,False,True,COALITION
staccato,1,1,0,0,0,0,0,0,2,0,0,0,4,3,False,True,STACCATO
courtside,0,2,0,0,0,0,0,1,1,0,0,0,4,3,False,True,COURTSIDE
sugar munch,0,1,0,0,3,0,0,0,0,0,0,0,4,2,False,True,Sugar Munch
crave,0,1,0,0,0,0,0,0,0,0,0,3,4,2,False,True,CRAVE
suki shoes,0,3,1,0,0,0,0,0,0,0,0,0,4,2,False,True,SUKI SHOES
gorae hotdog,0,0,0,0,0,0,0,0,4,0,0,0,4,1,False,False,GORAE HOTDOG
goto king,0,0,0,0,0,0,0,2,2,0,0,0,4,2,False,True,Goto King
citylight telecom centre,0,0,0,0,0,0,0,0,4,0,0,0,4,1,False,False,CITYLIGHT TELECOM CENTRE
rolex,0,1,0,0,0,1,0,0,2,0,0,0,4,3,False,True,ROLEX
graceland bakers plaza,0,1,0,0,0,0,0,0,3,0,0,0,4,2,False,True,GRACELAND BAKERS PLAZA
sundrops day spa,0,0,0,0,0,0,0,0,4,0,0,0,4,1,False,False,SUNDROPS DAY SPA
g shock casio,0,0,0,0,0,0,0,0,4,0,0,0,4,1,False,False,G-SHOCK CASIO
fun city,0,4,0,0,0,0,0,0,0,0,0,0,4,1,False,False,FUN CITY
royal aesthetics,0,0,0,0,0,0,0,0,4,0,0,0,4,1,False,False,ROYAL AESTHETICS
chronos,0,0,0,0,0,0,1,0,3,0,0,0,4,2,False,True,CHRONOS
sportszone game center,0,0,0,0,0,0,0,0,4,0,0,0,4,1,False,False,SPORTSZONE GAME CENTER
hear life,0,0,0,0,0,0,1,0,3,0,0,0,4,2,False,True,HEAR LIFE
hearts and bells cakes and family recipes,0,0,0,0,0,0,0,0,4,0,0,0,4,1,False,False,HEARTS AND BELLS CAKES AND FAMILY RECIPES
pooch park doggie day care,0,4,0,0,0,0,0,0,0,0,0,0,4,1,False,False,POOCH PARK DOGGIE DAY CARE
smart communications,0,4,0,0,0,0,0,0,0,0,0,0,4,1,False,False,SMART COMMUNICATIONS
casa empanada,0,0,1,0,0,0,0,1,2,0,0,0,4,3,False,True,Casa Empanada
hua mulan,0,0,0,0,0,0,0,1,3,0,0,0,4,2,False,True,HUA MULAN
hugs and folds,0,0,0,0,0,0,0,0,4,0,0,0,4,1,False,False,HUGS AND FOLDS
techspecs,0,0,0,0,0,0,0,0,4,0,0,0,4,1,False,False,TECHSPECS
sm cinema snackbar imax,0,0,0,0,0,0,0,0,4,0,0,0,4,1,False,False,SM CINEMA SNACKBAR IMAX
carlcare service,0,0,0,0,0,0,0,0,4,0,0,0,4,1,False,False,CARLCARE SERVICE
carica,0,0,1,0,0,0,0,0,3,0,0,0,4,2,False,True,CARICA
pound by todd english,0,1,0,0,0,0,0,0,3,0,0,0,4,2,False,True,POUND BY TODD ENGLISH
extreme bingo,0,1,0,0,0,0,0,0,3,0,0,0,4,2,False,True,EXTREME BINGO
telefono,0,0,0,0,0,0,0,0,4,0,0,0,4,1,False,False,TELEFONO
seafood paradise,0,0,0,0,0,0,0,0,4,0,0,0,4,1,False,False,SEAFOOD PARADISE
slicktight,0,0,0,0,0,0,0,0,4,0,0,0,4,1,False,False,SLICKTIGHT
sebago,1,1,1,0,0,0,0,0,1,0,0,0,4,4,False,True,SEBAGO
tender juicy,0,0,0,0,0,0,0,4,0,0,0,0,4,1,False,False,TENDER JUICY
sec helmet,0,0,0,0,0,0,0,0,4,0,0,0,4,1,False,False,SEC HELMET
i sports,0,0,1,0,0,0,0,2,1,0,0,0,4,3,False,True,I SPORTS
tenya tempura tendon,0,2,1,0,0,0,1,0,0,0,0,0,4,3,False,True,TENYA TEMPURA TENDON
euronet atm,0,0,0,0,0,4,0,0,0,0,0,0,4,1,False,False,Euronet ATM
ice blinker,0,0,0,0,0,0,0,1,3,0,0,0,4,2,False,True,ICE BLINKER
calliope,0,2,0,0,0,0,0,0,2,0,0,0,4,2,False,True,CALLIOPE
popsockets,0,2,0,0,0,1,0,0,1,0,0,0,4,3,False,True,POPSOCKETS
poppers pop,0,0,0,0,0,0,0,4,0,0,0,0,4,1,False,False,POPPER'S POP
california rolls,0,0,0,0,0,0,0,0,0,0,4,0,4,1,False,False,California Rolls
escalator,0,0,0,0,0,0,4,0,0,0,0,0,4,1,False,False,Escalator
sesou nature source,0,3,1,0,0,0,0,0,0,0,0,0,4,2,False,True,SESOU NATURE SOURCE
tgifridays,0,0,1,0,0,0,0,0,3,0,0,0,4,2,False,True,TGIFRIDAYS
idara aesthetics,0,1,0,0,0,0,0,2,1,0,0,0,4,3,False,True,IDARA AESTHETICS
scrambowl,0,0,0,0,0,0,0,0,4,0,0,0,4,1,False,False,SCRAMBOWL
device gateway,0,0,0,0,0,0,0,0,0,0,4,0,4,1,False,False,Device Gateway
chachago,0,0,0,2,0,0,0,1,1,0,0,0,4,3,False,True,Chachago
case matic,0,0,0,0,0,0,0,0,4,0,0,0,4,1,False,False,CASE MATIC
taho klasiko,0,0,0,0,0,0,0,0,4,0,0,0,4,1,False,False,TAHO KLASIKO
cha tuk chak,0,3,0,0,0,0,0,0,1,0,0,0,4,2,False,True,CHA TUK CHAK
purefoods tj hotdog,0,3,0,0,0,0,0,1,0,0,0,0,4,2,False,True,PUREFOODS TJ HOTDOG
social security system,0,1,0,0,0,0,0,2,0,0,0,1,4,3,False,True,SOCIAL SECURITY SYSTEM
pull & bear,0,3,0,0,0,0,0,0,1,0,0,0,4,2,False,True,PULL & BEAR
sanrys money changer,0,3,0,0,0,0,0,1,0,0,0,0,4,2,False,True,SANRY'S MONEY CHANGER
cellty mobile,0,0,0,0,0,0,0,0,4,0,0,0,4,1,False,False,CELLTY MOBILE
heroes barbers,0,0,1,0,0,0,0,1,2,0,0,0,4,3,False,True,Heroes Barbers
santis delicatessen,0,0,0,0,0,2,1,1,0,0,0,0,4,3,False,True,Santi's Delicatessen
hey sugar,0,0,0,0,0,2,0,2,0,0,0,0,4,2,False,True,Hey Sugar
cell ever mobile,0,0,0,0,0,0,0,0,4,0,0,0,4,1,False,False,CELL EVER MOBILE
hirsch,0,2,0,0,0,0,0,0,2,0,0,0,4,2,False,True,HIRSCH
sarahs bakehouse,0,0,0,0,0,0,0,1,3,0,0,0,4,2,False,True,SARAHS BAKEHOUSE
sasmuan delicacies,0,0,0,0,0,0,0,0,4,0,0,0,4,1,False,False,SASMUAN DELICACIES
hoka,0,3,0,0,0,0,1,0,0,0,0,0,4,2,False,True,HOKA
hokkaido ramen santouka,0,4,0,0,0,0,0,0,0,0,0,0,4,1,False,False,HOKKAIDO RAMEN SANTOUKA
prime spots,0,0,0,0,0,0,0,0,4,0,0,0,4,1,False,False,PRIME SPOTS
homeplus,0,0,0,0,0,0,0,0,0,0,4,0,4,1,False,False,Homeplus
primadonna,0,0,0,0,1,0,0,1,2,0,0,0,4,3,False,True,Primadonna
tayo studio,0,0,0,0,0,0,0,0,4,0,0,0,4,1,False,False,TAYO STUDIO
presnet cellphone shop,0,0,0,0,0,0,0,0,4,0,0,0,4,1,False,False,PRESNET CELLPHONE SHOP
dermcare luxe,0,1,0,0,0,0,0,2,1,0,0,0,4,3,False,True,DERMCARE LUXE
team sir george salon,0,0,0,0,0,0,0,0,3,1,0,0,4,2,False,True,TEAM SIR GEORGE SALON
fabric warehouse,0,1,0,0,0,0,1,0,2,0,0,0,4,3,False,True,FABRIC WAREHOUSE
smb travel tours,0,0,0,0,0,0,0,0,4,0,0,0,4,1,False,False,SMB TRAVEL TOURS
hour dee parfums,0,0,0,0,0,0,0,1,3,0,0,0,4,2,False,True,Hour Dee Parfums
smart driving school,0,0,1,0,0,2,0,1,0,0,0,0,4,3,False,True,Smart Driving School
reva,1,1,1,0,0,0,0,1,0,0,0,0,4,4,False,True,Reva
titan,0,2,0,0,0,0,0,0,2,0,0,0,4,2,False,True,TITAN
e es takuyaki,0,0,0,0,0,0,0,0,4,0,0,0,4,1,False,False,E ES TAKUYAKI
whoops,0,0,0,0,0,0,0,1,3,0,0,0,4,2,False,True,WHOOPS
kaiser medical center inc,0,0,0,0,0,0,0,0,4,0,0,0,4,1,False,False,KAISER MEDICAL CENTER INC
western appliance,0,2,0,0,0,2,0,0,0,0,0,0,4,2,False,True,WESTERN APPLIANCE
western appliances,1,0,1,1,0,0,1,0,0,0,0,0,4,4,False,True,Western Appliances
nanyang kopitiam,0,4,0,0,0,0,0,0,0,0,0,0,4,1,False,False,NANYANG KOPITIAM
lush,0,4,0,0,0,0,0,0,0,0,0,0,4,1,False,False,LUSH
bingo bonanza,0,0,0,0,0,0,0,2,2,0,0,0,4,2,False,True,BINGO BONANZA
nail cocktales,0,0,1,0,0,0,0,2,0,0,0,1,4,3,False,True,Nail Cocktales
advanced dentistry by dr james,0,0,1,0,0,0,0,0,3,0,0,0,4,2,False,True,ADVANCED DENTISTRY BY DR JAMES
nail addik,0,0,0,0,0,1,0,3,0,0,0,0,4,2,False,True,NAIL ADDIK
american tourister,1,2,0,0,0,0,0,1,0,0,0,0,4,3,False,True,American Tourister
passionails,0,1,1,0,0,0,1,0,1,0,0,0,4,4,False,True,PASSIONAILS
mac cosmetics,0,0,0,0,0,3,0,1,0,0,0,0,4,2,False,True,MAC Cosmetics
american eagle,0,0,0,0,0,0,0,0,4,0,0,0,4,1,False,False,AMERICAN EAGLE
amelitos sizzling house,0,0,0,0,0,0,0,2,0,0,2,0,4,2,False,True,AMELITO'S SIZZLING HOUSE
paradise dynasty,0,0,0,0,0,0,0,1,3,0,0,0,4,2,False,True,PARADISE DYNASTY
annipie,0,1,0,0,1,0,0,0,2,0,0,0,4,3,False,True,ANNIPIE
bigbys cafe and restaurant,0,4,0,0,0,0,0,0,0,0,0,0,4,1,False,False,BIGBY'S CAFE AND RESTAURANT
wenger,0,1,0,0,0,0,0,0,3,0,0,0,4,2,False,True,WENGER
ansons,0,2,0,0,0,0,2,0,0,0,0,0,4,2,False,True,ANSON'S
lucell,0,1,0,0,0,1,0,0,2,0,0,0,4,3,False,True,LUCELL
lto licensing office,0,4,0,0,0,0,0,0,0,0,0,0,4,1,False,False,LTO LICENSING OFFICE
nbi,0,0,0,0,0,0,0,1,1,1,0,1,4,4,False,True,NBI
ncat,0,0,0,0,0,0,0,2,1,1,0,0,4,3,False,True,NCAT
antonios coffee bibingka,0,0,0,0,0,0,0,0,4,0,0,0,4,1,False,False,ANTONIOS COFFEE BIBINGKA
love k derma,0,0,0,0,0,0,0,0,4,0,0,0,4,1,False,False,LOVE K-DERMA
wds,0,0,0,0,0,0,0,0,0,0,4,0,4,1,False,False,WDS
kangkong king,0,0,0,0,0,0,0,2,2,0,0,0,4,2,False,True,KANGKONG KING
kanzen sushi roll house,0,2,0,0,0,0,0,0,2,0,0,0,4,2,False,True,KANZEN SUSHI ROLL HOUSE
apple eve,0,0,0,0,0,0,0,0,4,0,0,0,4,1,False,False,APPLE EVE
apvil graphics and sign,0,0,0,0,0,0,0,0,4,0,0,0,4,1,False,False,APVIL GRAPHICS AND SIGN
aqua flask,0,0,1,1,0,0,1,1,0,0,0,0,4,4,False,True,Aqua Flask
juice avenue,0,0,0,0,0,0,0,0,4,0,0,0,4,1,False,False,JUICE AVENUE
wolfgangs steakhouse,0,1,0,0,0,2,0,0,1,0,0,0,4,3,False,True,WOLFGANG’S STEAKHOUSE
ambika,0,0,0,0,0,0,0,0,0,0,4,0,4,1,False,False,Ambika
john lemon,0,0,0,0,0,0,1,1,2,0,0,0,4,3,False,True,JOHN LEMON
jims recipe,0,0,0,0,0,0,0,0,4,0,0,0,4,1,False,False,JIMS RECIPE
bon chon chicken,0,0,0,0,1,0,0,0,3,0,0,0,4,2,False,True,BON CHON CHICKEN
jinjoo korean restaurant,0,0,0,0,0,0,0,0,4,0,0,0,4,1,False,False,JINJOO KOREAN RESTAURANT
penshoppe box,0,0,0,0,0,0,0,0,0,0,0,4,4,1,False,False,PENSHOPPE BOX
aji ichiban,0,0,0,0,0,0,0,2,2,0,0,0,4,2,False,True,AJI ICHIBAN
jjjg seafood grill station,0,0,0,0,0,0,0,0,4,0,0,0,4,1,False,False,JJJG SEAFOOD GRILL STATION
xoooom autospa,0,0,0,0,0,0,0,0,4,0,0,0,4,1,False,False,XOOOOM AUTOSPA
ajisen ramen,0,0,0,0,0,0,0,4,0,0,0,0,4,1,False,False,Ajisen Ramen
ms tanghulu,0,0,1,0,0,1,0,1,1,0,0,0,4,4,False,True,Ms. Tanghulu
manila diamond studio,0,1,1,0,0,0,0,0,2,0,0,0,4,3,False,True,MANILA DIAMOND STUDIO
bobbi brown,0,0,0,0,0,0,0,1,3,0,0,0,4,2,False,True,BOBBI BROWN
bmcjr lugaw republic,0,0,0,0,0,0,0,0,4,0,0,0,4,1,False,False,BMCJR LUGAW REPUBLIC
peanut world,0,0,0,0,0,0,0,2,1,0,0,1,4,3,False,True,Peanut World
pd & co,0,1,1,0,0,0,0,2,0,0,0,0,4,3,False,True,PD & Co.
mango tree cafe,0,0,0,0,0,0,1,0,3,0,0,0,4,2,False,True,MANGO TREE CAFE
n cat philippines,0,0,0,0,0,0,0,0,4,0,0,0,4,1,False,False,N.CAT PHILIPPINES
mango float supreme manila,0,0,0,1,0,0,0,1,2,0,0,0,4,3,False,True,Mango Float Supreme Manila
musicworx,0,0,0,0,0,0,0,1,3,0,0,0,4,2,False,True,MUSICWORX
all gadgets repair,0,0,0,0,0,0,0,0,4,0,0,0,4,1,False,False,ALL GADGETS REPAIR
alley by vikings,0,4,0,0,0,0,0,0,0,0,0,0,4,1,False,False,THE ALLEY BY VIKINGS
alley its time for tea,0,0,0,0,0,0,0,0,4,0,0,0,4,1,False,False,THE ALLEY ITS TIME FOR TEA
blind massage,0,1,0,0,0,0,0,3,0,0,0,0,4,2,False,True,BLIND MASSAGE
my dentist dental center,0,1,0,0,0,0,0,0,3,0,0,0,4,2,False,True,MY DENTIST DENTAL CENTER
pc chain superstore,0,0,1,0,0,0,0,0,3,0,0,0,4,2,False,True,PC CHAIN SUPERSTORE
makimura ramen bar,0,0,0,0,0,0,0,1,3,0,0,0,4,2,False,True,MAKIMURA RAMEN BAR
alter station,0,3,1,0,0,0,0,0,0,0,0,0,4,2,False,True,ALTER STATION
mail merge,0,0,0,0,0,0,0,0,4,0,0,0,4,1,False,False,MAIL MERGE
myeong ryun jinsa galbi,0,1,0,0,0,2,0,0,1,0,0,0,4,3,False,True,MYEONG RYUN JINSA GALBI
wonderbake,0,1,0,0,0,0,0,0,3,0,0,0,4,2,False,True,WONDERBAKE
wonder wharf,0,0,0,0,0,0,0,4,0,0,0,0,4,1,False,False,WONDER WHARF
big apple express spa,0,1,0,0,0,1,0,1,1,0,0,0,4,4,False,True,BIG APPLE EXPRESS SPA
aquabest,0,0,0,0,0,0,1,0,3,0,0,0,4,2,False,True,AQUABEST
tumi,0,2,0,0,0,1,0,0,1,0,0,0,4,3,False,True,TUMI
baliwag lechon manok,0,2,0,1,0,0,0,0,0,0,1,0,4,3,False,True,BALIWAG LECHON MANOK
beard papa,0,1,0,0,0,0,1,1,1,0,0,0,4,4,False,True,Beard Papa
old town white coffee,0,0,0,0,0,0,0,0,4,0,0,0,4,1,False,False,OLD TOWN WHITE COFFEE
land transportation office,0,0,0,1,0,0,0,1,1,1,0,0,4,4,False,True,LAND TRANSPORTATION OFFICE (LTO)
overdoughs,0,0,0,0,0,0,0,1,3,0,0,0,4,2,False,True,OVERDOUGHS
baby company,0,0,0,0,0,0,1,0,3,0,0,0,4,2,False,True,BABY COMPANY
la vie en rose,0,2,0,0,0,1,0,1,0,0,0,0,4,3,False,True,LA VIE EN ROSE
kingcorn,0,0,0,0,0,0,0,1,3,0,0,0,4,2,False,True,KINGCORN
la creperie,0,2,0,0,0,1,0,0,1,0,0,0,4,3,False,True,LA CREPERIE
onward,0,2,0,0,0,0,0,0,2,0,0,0,4,2,False,True,ONWARD
otto shoes,0,1,0,0,0,0,0,0,0,1,1,1,4,4,False,True,OTTO SHOES
otterbox,0,1,0,0,0,0,1,1,1,0,0,0,4,4,False,True,Otterbox
otter box,0,0,0,0,0,0,0,0,4,0,0,0,4,1,False,False,OTTER BOX
kuya js,0,0,0,1,0,3,0,0,0,0,0,0,4,2,False,True,Kuya J's
kitchen city,0,2,0,0,0,2,0,0,0,0,0,0,4,2,False,True,KITCHEN CITY
oshkosh bgosh,0,4,0,0,0,0,0,0,0,0,0,0,4,1,False,False,OSHKOSH B'GOSH
kims ramyun,0,1,0,1,0,0,0,1,1,0,0,0,4,4,False,True,KIM'S RAMYUN
optical works,0,0,0,0,0,0,0,0,4,0,0,0,4,1,False,False,OPTICAL WORKS
klean kanteen,0,2,0,0,0,0,0,0,2,0,0,0,4,2,False,True,KLEAN KANTEEN
baluan ilocos empanada,0,0,0,0,0,0,0,4,0,0,0,0,4,1,False,False,Baluan Ilocos Empanada
banana leaf,0,0,0,0,0,0,2,0,2,0,0,0,4,2,False,True,Banana Leaf
urbangiz,0,2,0,0,0,0,1,0,1,0,0,0,4,3,False,True,URBANGIZ
urban traveller,0,4,0,0,0,0,0,0,0,0,0,0,4,1,False,False,URBAN TRAVELLER
oraimo,0,0,0,0,0,0,0,0,4,0,0,0,4,1,False,False,ORAIMO
original biscocho haus,0,0,0,0,0,0,0,2,2,0,0,0,4,2,False,True,Original Biscocho Haus
basement salon,0,0,0,0,0,1,0,2,1,0,0,0,4,3,False,True,Basement Salon
krispy krust,0,0,0,0,0,0,0,0,4,0,0,0,4,1,False,False,KRISPY KRUST
barrio fiesta,0,0,0,0,0,0,0,0,4,0,0,0,4,1,False,False,BARRIO FIESTA
barenaked,0,0,1,0,0,2,1,0,0,0,0,0,4,3,False,True,Barenaked
uno factory outlet,0,0,0,0,0,0,0,0,0,0,2,2,4,2,False,True,UNO FACTORY OUTLET
original boat noodle,0,0,0,0,0,0,0,0,4,0,0,0,4,1,False,False,THE ORIGINAL BOAT NOODLE
b1t1 takeaway coffee,0,0,0,0,0,2,0,2,0,0,0,0,4,2,False,True,B1T1 TAKEAWAY COFFEE
lartizan,0,2,0,0,0,0,0,1,1,0,0,0,4,3,False,True,LARTIZAN
loccitane,0,2,0,0,0,0,1,0,1,0,0,0,4,3,False,True,L'OCCITANE
tylex,0,0,0,0,0,0,0,1,3,0,0,0,4,2,False,True,TYLEX
watami,0,0,1,0,0,3,0,0,0,0,0,0,4,2,False,True,Watami
nikkei robata,0,2,0,0,0,2,0,0,0,0,0,0,4,2,False,True,NIKKEI ROBATA
wash n dry,0,0,0,0,0,3,0,0,1,0,0,0,4,2,False,True,Wash N' Dry
beyond the vines,0,2,0,0,0,1,0,0,1,0,0,0,4,3,False,True,BEYOND THE VINES
wangfu chinese cafe,0,0,0,0,0,0,0,0,4,0,0,0,4,1,False,False,WANGFU CHINESE CAFE
army navy,0,0,0,0,0,2,1,0,0,0,1,0,4,3,False,True,Army Navy
turks express,0,0,0,0,0,0,0,1,3,0,0,0,4,2,False,True,TURKS EXPRESS
arrozcaldo republic,0,0,0,0,0,0,0,0,0,0,0,4,4,1,False,False,ARROZCALDO REPUBLIC
no strips waxing salon,0,1,0,0,0,0,0,1,2,0,0,0,4,3,False,True,NO STRIPS WAXING SALON
kathnails salon,0,0,0,0,0,0,0,0,4,0,0,0,4,1,False,False,KATHNAILS SALON
katsu sora,0,2,0,0,0,1,0,0,1,0,0,0,4,3,False,True,KATSU SORA
pandayan,0,0,0,0,0,0,0,0,0,0,0,4,4,1,False,False,PANDAYAN
lfafa,0,0,1,0,0,2,0,1,0,0,0,0,4,3,False,True,Lfafa
bershka,0,2,0,0,0,0,0,0,2,0,0,0,4,2,False,True,BERSHKA
lemon stop,0,0,0,0,0,2,0,0,2,0,0,0,4,2,False,True,Lemon Stop
kimono ken,0,0,0,0,0,0,0,0,4,0,0,0,4,1,False,False,KIMONO KEN
viptek,0,0,0,0,3,0,0,0,1,0,0,0,4,2,False,True,Viptek
legion,0,0,0,0,0,0,0,0,4,0,0,0,4,1,False,False,LEGION
villarica pawnshop,0,0,0,0,0,0,0,0,0,0,4,0,4,1,False,False,Villarica Pawnshop
automatic centre,2,0,1,0,0,0,0,0,1,0,0,0,4,3,False,True,Automatic Centre
ucc coffee shop,0,0,0,0,0,4,0,0,0,0,0,0,4,1,False,False,UCC Coffee Shop
khao khai,0,0,0,0,0,0,0,1,3,0,0,0,4,2,False,True,KHAO KHAI
av surfer,0,3,0,0,0,0,0,1,0,0,0,0,4,2,False,True,AV SURFER
belle la peau,0,0,0,0,0,0,0,0,4,0,0,0,4,1,False,False,BELLE LA PEAU
kiddie cart,0,0,0,0,0,0,0,0,4,0,0,0,4,1,False,False,KIDDIE CART
avida,0,4,0,0,0,0,0,0,0,0,0,0,4,1,False,False,AVIDA
padis point,0,0,0,0,0,0,0,2,0,2,0,0,4,2,False,True,PADI'S POINT
vice cosmetics,0,1,0,0,1,0,0,2,0,0,0,0,4,3,False,True,Vice Cosmetics
oishii maki,0,0,0,0,0,0,0,0,4,0,0,0,4,1,False,False,OISHII MAKI
las flores,0,1,0,0,0,1,0,0,2,0,0,0,4,3,False,True,LAS FLORES
mr jeff laundry,0,0,0,0,0,3,1,0,0,0,0,0,4,2,False,True,Mr. Jeff Laundry
oro italia fine jewelry,0,0,0,0,0,0,0,0,4,0,0,0,4,1,False,False,ORO ITALIA FINE JEWELRY
pet blvd grooming and shopping centre,0,0,0,0,0,0,0,0,4,0,0,0,4,1,False,False,PET BLVD. GROOMING AND SHOPPING CENTRE
bs mobile,0,0,0,0,1,0,0,1,1,0,0,1,4,4,False,True,BS Mobile
persian avenue,0,2,0,0,0,0,0,0,2,0,0,0,4,2,False,True,PERSIAN AVENUE
jaskey,0,0,0,0,0,0,0,2,2,0,0,0,4,2,False,True,JASKEY
mobius,0,0,0,0,0,0,0,0,4,0,0,0,4,1,False,False,MOBIUS
abe,0,2,0,0,0,1,0,0,1,0,0,0,4,3,False,True,ABE
adobo connection,0,0,0,0,3,0,0,1,0,0,0,0,4,2,False,True,Adobo Connection
isports,0,0,0,1,0,0,0,3,0,0,0,0,4,2,False,True,ISPORTS
tita paring suman latik,0,1,0,0,0,0,0,0,3,0,0,0,4,2,False,True,TITA PARING SUMAN LATIK
tj hotdog,0,0,0,1,0,0,1,1,0,0,0,1,4,4,False,True,TJ HOTDOG
ytelecom,0,1,0,0,1,0,0,0,2,0,0,0,4,3,False,True,YTELECOM
brow lounge eyebrow grooming & waxing,0,4,0,0,0,0,0,0,0,0,0,0,4,1,False,False,BROW LOUNGE EYEBROW GROOMING & WAXING
mobile blitz,0,0,0,0,0,0,0,1,3,0,0,0,4,2,False,True,MOBILE BLITZ
buddys,0,0,0,1,0,1,0,0,2,0,0,0,4,3,False,True,Buddy's
toni pons,0,0,0,0,0,0,1,1,2,0,0,0,4,3,False,True,TONI PONS
mitsubishi photo,0,0,0,0,0,0,0,0,4,0,0,0,4,1,False,False,MITSUBISHI PHOTO
moms ube & triple chocolate champorado,0,0,0,0,0,0,0,1,3,0,0,0,4,2,False,True,MOM'S UBE & TRIPLE CHOCOLATE CHAMPORADO
yogurtime,0,0,0,0,0,0,0,0,4,0,0,0,4,1,False,False,YOGURTIME
mlb,0,0,0,0,0,0,1,2,1,0,0,0,4,3,False,True,MLB
mikrocell,0,0,0,0,1,0,0,0,3,0,0,0,4,2,False,True,MIKROCELL
michaela lifestyle,1,0,0,0,0,0,0,1,0,2,0,0,4,3,False,True,MICHAELA LIFESTYLE
jb sports,0,0,0,0,0,0,0,0,4,0,0,0,4,1,False,False,JB SPORTS
metro dental,0,2,0,0,0,1,0,0,1,0,0,0,4,3,False,True,METRO DENTAL
jacks lemonade,0,3,0,0,0,0,0,1,0,0,0,0,4,2,False,True,JACK'S LEMONADE
maxs,0,0,1,0,0,0,2,1,0,0,0,0,4,3,False,True,Max's
brow lounge,0,0,1,0,0,0,2,1,0,0,0,0,4,3,False,True,Brow Lounge
a 1 driving school,0,4,0,0,0,0,0,0,0,0,0,0,4,1,False,False,A-1 DRIVING SCHOOL
mixue,0,0,0,0,0,2,0,2,0,0,0,0,4,2,False,True,MIXUE
acom consumer finance corp,0,0,0,0,0,0,0,0,0,0,4,0,4,1,False,False,ACOM Consumer Finance Corp
jabra,0,0,0,0,0,0,0,0,4,0,0,0,4,1,False,False,JABRA
merrymart grocery,1,3,0,0,0,0,0,0,0,0,0,0,4,2,False,True,MERRYMART GROCERY
accenthub,0,0,0,0,0,0,0,0,4,0,0,0,4,1,False,False,ACCENTHUB
zeqi,0,0,0,0,0,0,0,1,3,0,0,0,4,2,False,True,ZEQI
michaela,0,1,0,0,0,0,0,0,3,0,0,0,4,2,False,True,MICHAELA
10 yen king,0,0,0,0,0,1,0,2,1,0,0,0,4,3,False,True,10 YEN KING
dr brows,0,0,0,0,0,0,0,1,2,0,0,0,3,2,False,True,DR. BROWS
storage corner,0,0,0,0,1,0,0,0,2,0,0,0,3,2,False,True,STORAGE CORNER
riam stick and print works,0,0,0,0,0,0,0,0,3,0,0,0,3,1,False,False,RIAM STICK AND PRINT WORKS
cold stone creamery,0,0,1,0,0,1,0,1,0,0,0,0,3,3,False,True,Cold Stone Creamery
automatic center,0,3,0,0,0,0,0,0,0,0,0,0,3,1,False,False,AUTOMATIC CENTER
octagon mobile,0,0,0,0,0,0,0,0,3,0,0,0,3,1,False,False,OCTAGON MOBILE
octagon computer superstore,1,0,0,0,1,0,0,1,0,0,0,0,3,3,False,True,Octagon Computer Superstore
rgm i care cellphone repair and accessories,0,0,0,0,0,0,0,0,3,0,0,0,3,1,False,False,RGM I CARE CELLPHONE REPAIR AND ACCESSORIES
gintell rest n go,0,0,0,0,0,0,0,0,3,0,0,0,3,1,False,False,GINTELL REST N GO
lechon belly kitchen,0,0,0,0,0,0,0,0,3,0,0,0,3,1,False,False,LECHON BELLY KITCHEN
ocean city,0,0,0,0,0,0,0,2,1,0,0,0,3,2,False,True,Ocean City
el torogi,0,0,0,0,0,0,0,0,0,0,0,3,3,1,False,False,EL TOROGI
mi yummy mango,0,0,0,0,0,0,0,1,2,0,0,0,3,2,False,True,MI YUMMY MANGO
diamond palace,0,0,0,0,2,0,0,0,1,0,0,0,3,2,False,True,Diamond Palace
coffee brewtherhood,0,0,0,0,0,0,0,1,2,0,0,0,3,2,False,True,COFFEE BREWTHERHOOD
ml kwarta padala,0,3,0,0,0,0,0,0,0,0,0,0,3,1,False,False,ML KWARTA PADALA
glow up beauty lounge,0,0,0,0,0,0,0,1,2,0,0,0,3,2,False,True,GLOW UP BEAUTY LOUNGE
lawson convenience store,0,3,0,0,0,0,0,0,0,0,0,0,3,1,False,False,LAWSON CONVENIENCE STORE
lay bare plus,0,0,0,0,0,0,0,0,3,0,0,0,3,1,False,False,LAY BARE PLUS
glosslab,0,0,0,0,0,0,0,0,3,0,0,0,3,1,False,False,GLOSSLAB
coco fresco,0,0,0,0,0,0,0,0,3,0,0,0,3,1,False,False,COCO FRESCO
oh my chicken,0,0,0,0,0,2,0,1,0,0,0,0,3,2,False,True,Oh My Chicken
victoria mondiale,0,2,0,0,0,0,0,0,1,0,0,0,3,2,False,True,VICTORIA MONDIALE
coconut republic,0,0,1,0,0,0,0,0,2,0,0,0,3,2,False,True,COCONUT REPUBLIC
gizmo hub,0,0,0,0,0,0,0,3,0,0,0,0,3,1,False,False,Gizmo Hub
odysseus suarez wedding rings,0,3,0,0,0,0,0,0,0,0,0,0,3,1,False,False,ODYSSEUS SUAREZ WEDDING RINGS
zhen bao hotpot,0,3,0,0,0,0,0,0,0,0,0,0,3,1,False,False,ZHEN BAO HOTPOT
zga,0,0,0,0,0,0,0,0,3,0,0,0,3,1,False,False,ZGA
lego certified store,0,3,0,0,0,0,0,0,0,0,0,0,3,1,False,False,LEGO CERTIFIED STORE
mich & myl nails,0,0,0,0,0,1,1,1,0,0,0,0,3,3,False,True,Mich & Myl Nails
strokes,0,2,0,0,0,0,0,1,0,0,0,0,3,2,False,True,STROKES
stride & stroke,0,3,0,0,0,0,0,0,0,0,0,0,3,1,False,False,STRIDE & STROKE
audio refinery,0,3,0,0,0,0,0,0,0,0,0,0,3,1,False,False,AUDIO REFINERY
vise versa,0,0,0,0,0,0,0,3,0,0,0,0,3,1,False,False,Vise Versa
electronics boutique,0,0,1,0,0,1,0,0,0,0,1,0,3,3,False,True,The Electronics Boutique
geek ph,0,0,0,0,0,0,1,0,2,0,0,0,3,2,False,True,GEEK PH
lifewell,0,0,0,0,0,0,0,0,3,0,0,0,3,1,False,False,LIFEWELL
vs lugaw king,0,0,0,0,0,0,0,0,3,0,0,0,3,1,False,False,VS LUGAW KING
ritas ice custard happiness,0,0,0,0,0,0,0,0,3,0,0,0,3,1,False,False,RITAS ICE CUSTARD HAPPINESS
generic pharmacy,0,0,0,0,1,0,0,1,0,0,0,1,3,3,False,True,The Generic Pharmacy
statech,0,2,0,0,0,0,0,0,1,0,0,0,3,2,False,True,STATECH
limon citrus juicery,0,0,0,0,0,1,0,0,2,0,0,0,3,2,False,True,LIMON CITRUS JUICERY
waffle house,0,0,0,0,0,0,0,1,2,0,0,0,3,2,False,True,WAFFLE HOUSE
lionesse,0,0,0,0,0,0,0,0,3,0,0,0,3,1,False,False,LIONESSE
cookies by the bucket,0,0,0,0,0,1,0,2,0,0,0,0,3,2,False,True,Cookies By The Bucket
coolectzone,0,0,0,0,0,0,0,0,3,0,0,0,3,1,False,False,COOLECTZONE
gigahertz,0,0,1,0,0,0,1,1,0,0,0,0,3,3,False,True,Gigahertz
little farmers,0,0,0,0,0,0,0,0,3,0,0,0,3,1,False,False,LITTLE FARMERS
gateway motors,0,0,0,0,0,0,0,0,3,0,0,0,3,1,False,False,GATEWAY MOTORS
gashapon bandai,0,0,0,0,0,0,1,0,2,0,0,0,3,2,False,True,GASHAPON BANDAI
little manila,0,0,0,0,0,2,0,0,1,0,0,0,3,2,False,True,Little Manila
messy bessy,0,1,0,0,0,0,0,2,0,0,0,0,3,2,False,True,MESSY BESSY
shanghai siomai,0,0,0,0,0,0,0,3,0,0,0,0,3,1,False,False,Shanghai Siomai
nissan,0,0,0,0,0,0,0,0,3,0,0,0,3,1,False,False,NISSAN
mobile extras technologies,0,0,0,0,0,0,0,0,3,0,0,0,3,1,False,False,MOBILE EXTRAS TECHNOLOGIES
nisce skin n face,0,0,0,0,0,0,0,0,3,0,0,0,3,1,False,False,NISCE SKIN N FACE
noon talk nail lounge,0,2,0,0,0,0,0,1,0,0,0,0,3,2,False,True,NOON TALK NAIL LOUNGE
life fitness,0,2,0,0,0,0,0,0,1,0,0,0,3,2,False,True,LIFE FITNESS
shawarma king,0,0,0,0,0,0,0,2,1,0,0,0,3,2,False,True,SHAWARMA KING
mobile armory,0,0,0,0,0,0,0,0,3,0,0,0,3,1,False,False,MOBILE ARMORY
mn la,1,0,0,0,0,0,1,0,1,0,0,0,3,3,False,True,MN+LA
giga,0,0,0,0,0,0,1,1,1,0,0,0,3,3,False,True,Giga
numi wellness,0,0,0,0,0,1,0,0,2,0,0,0,3,2,False,True,NUMI WELLNESS
7luxe,1,0,0,0,0,1,0,0,1,0,0,0,3,3,False,True,7LUXE
sticks and strings,0,0,0,0,0,0,0,0,3,0,0,0,3,1,False,False,STICKS AND STRINGS
gibi shoes,0,0,0,0,1,1,0,0,0,0,0,1,3,3,False,True,Gibi Shoes
atc massage chair,0,0,0,0,0,0,0,3,0,0,0,0,3,1,False,False,ATC Massage Chair
via mare,0,0,0,0,0,0,2,1,0,0,0,0,3,2,False,True,Via Mare
elevator,0,0,0,0,0,0,3,0,0,0,0,0,3,1,False,False,Elevator
combotech,0,0,0,0,0,0,0,0,3,0,0,0,3,1,False,False,COMBOTECH
leona,0,1,0,0,0,0,0,0,2,0,0,0,3,2,False,True,LEONA
novagen eye center,0,0,0,0,0,0,0,0,3,0,0,0,3,1,False,False,NOVAGEN EYE CENTER
leylam deluxe,0,0,0,0,0,0,0,1,2,0,0,0,3,2,False,True,Leylam Deluxe
metro supermarket,0,3,0,0,0,0,0,0,0,0,0,0,3,1,False,False,METRO SUPERMARKET
lfafa massage chairs,0,2,0,1,0,0,0,0,0,0,0,0,3,2,False,True,LFAFA MASSAGE CHAIRS
vmv hypoallergenics,0,1,0,0,0,0,1,0,1,0,0,0,3,3,False,True,VMV HYPOALLERGENICS
liberty wings,0,0,0,0,0,0,0,1,2,0,0,0,3,2,False,True,LIBERTY WINGS
concentrix,0,1,0,0,0,1,0,0,1,0,0,0,3,3,False,True,CONCENTRIX
ristorante bigoli,0,0,0,0,0,0,0,0,3,0,0,0,3,1,False,False,RISTORANTE BIGOLI
ayers lechon,0,1,0,0,0,1,0,0,1,0,0,0,3,3,False,True,AYER’S LECHON
go mango,0,0,0,0,0,0,0,0,3,0,0,0,3,1,False,False,GO MANGO
renovar,0,1,0,0,0,1,0,0,1,0,0,0,3,3,False,True,RENOVAR
kuulaa,0,0,0,0,0,0,0,0,3,0,0,0,3,1,False,False,KUULAA
chooks to go,0,1,0,0,0,0,0,1,0,0,1,0,3,3,False,True,CHOOKS TO GO
urbanessence beauty wellness spa,0,0,0,0,0,0,0,0,3,0,0,0,3,1,False,False,URBANESSENCE BEAUTY WELLNESS SPA
urbanista,0,0,0,0,0,0,0,0,3,0,0,0,3,1,False,False,URBANISTA
kurimu,0,0,0,0,0,1,1,0,1,0,0,0,3,3,False,True,Kurimu
mitsubishi motors,0,0,0,0,0,0,0,0,3,0,0,0,3,1,False,False,MITSUBISHI MOTORS
kusinang pinoy,0,0,0,0,0,0,0,1,2,0,0,0,3,2,False,True,KUSINANG PINOY
sibyullee flavors of seoul,0,3,0,0,0,0,0,0,0,0,0,0,3,1,False,False,SIBYULLEE FLAVORS OF SEOUL
siapno tada optical,0,0,0,0,0,0,0,1,2,0,0,0,3,2,False,True,SIAPNO-TADA OPTICAL
razons,0,0,1,1,0,0,0,1,0,0,0,0,3,3,False,True,RAZON'S
du hsiao yueh,0,0,1,0,0,0,1,0,1,0,0,0,3,3,False,True,Du Hsiao Yueh
mitsubishi digital,0,0,0,0,3,0,0,0,0,0,0,0,3,1,False,False,Mitsubishi Digital
kuya j,0,0,0,0,0,0,0,3,0,0,0,0,3,1,False,False,KUYA J
oppo service center,0,1,1,0,0,0,0,0,1,0,0,0,3,3,False,True,OPPO SERVICE CENTER
miutiso,0,2,1,0,0,0,0,0,0,0,0,0,3,2,False,True,MIUTISO
balai pandesal,0,2,0,0,0,0,0,0,1,0,0,0,3,2,False,True,BALAI PANDESAL
dti,0,0,0,0,0,1,0,1,1,0,0,0,3,3,False,True,DTI
green fresh,0,0,0,0,0,0,0,3,0,0,0,0,3,1,False,False,Green Fresh
green apple dental,0,2,0,0,0,1,0,0,0,0,0,0,3,2,False,True,GREEN APPLE DENTAL
cignal,0,0,0,0,1,0,0,2,0,0,0,0,3,2,False,True,Cignal
v jewelry,0,0,1,0,0,2,0,0,0,0,0,0,3,2,False,True,V! Jewelry
randys donuts,0,0,0,0,0,0,0,3,0,0,0,0,3,1,False,False,Randy's Donuts
kurimi milk tea bar,0,0,0,0,0,0,0,1,2,0,0,0,3,2,False,True,KURIMI MILK TEA BAR
shukey key services trading,0,0,0,0,0,0,0,0,3,0,0,0,3,1,False,False,SHUKEY KEY SERVICES TRADING
158 designers boulevard,0,3,0,0,0,0,0,0,0,0,0,0,3,1,False,False,158 DESIGNERS' BOULEVARD
oro italia,0,2,0,0,0,0,0,1,0,0,0,0,3,2,False,True,ORO ITALIA
gulaman station,0,0,0,0,0,0,0,0,0,0,0,3,3,1,False,False,GULAMAN STATION
gui,0,1,0,0,1,0,0,0,1,0,0,0,3,3,False,True,GUI
chingu buko,0,0,0,0,2,0,0,1,0,0,0,0,3,2,False,True,Chingu Buko
bari uma,0,3,0,0,0,0,0,0,0,0,0,0,3,1,False,False,BARI UMA
ministop,0,0,0,0,0,0,0,2,1,0,0,0,3,2,False,True,Ministop
surplus,0,0,0,0,3,0,0,0,0,0,0,0,3,1,False,False,Surplus
158 designers blvd,0,0,0,0,0,3,0,0,0,0,0,0,3,1,False,False,158 Designers' Blvd.
barefruit guyabano,0,1,0,0,0,0,0,0,2,0,0,0,3,2,False,True,BAREFRUIT GUYABANO
barefruit,0,0,0,0,3,0,0,0,0,0,0,0,3,1,False,False,Barefruit
2 hands,0,0,0,0,0,0,0,1,2,0,0,0,3,2,False,True,2 Hands
surge fitness,0,2,0,0,0,0,1,0,0,0,0,0,3,2,False,True,SURGE FITNESS
dunkin donut,0,0,0,0,0,0,0,1,0,0,0,2,3,2,False,True,DUNKIN DONUT
krispy krust empanada,0,0,0,0,0,0,0,0,3,0,0,0,3,1,False,False,KRISPY KRUST EMPANADA
1st colonial grill,0,1,0,0,0,0,0,0,2,0,0,0,3,2,False,True,1ST COLONIAL GRILL
mitsubishi,0,0,0,0,0,0,0,2,1,0,0,0,3,2,False,True,MITSUBISHI
barcino,0,2,0,0,0,1,0,0,0,0,0,0,3,2,False,True,BARCINO
urban athletics,0,1,0,0,0,0,0,0,2,0,0,0,3,2,False,True,URBAN ATHLETICS
gsn wireless,0,0,0,0,0,0,0,0,3,0,0,0,3,1,False,False,GSN WIRELESS
urban concepts,0,0,1,0,0,0,0,0,2,0,0,0,3,2,False,True,URBAN CONCEPTS
great smile dental center,0,0,0,0,0,0,0,0,3,0,0,0,3,1,False,False,GREAT SMILE DENTAL CENTER
bakers percent,0,0,0,0,0,0,0,1,0,0,0,2,3,2,False,True,BAKERS PERCENT
stuffd,0,0,0,0,0,3,0,0,0,0,0,0,3,1,False,False,Stuff'd
going straight,0,0,0,0,0,0,0,0,3,0,0,0,3,1,False,False,GOING STRAIGHT
vendocorp,0,0,0,0,0,0,0,0,0,0,0,3,3,1,False,False,VENDOCORP
eds electrocomputer data system,0,0,0,0,0,0,0,3,0,0,0,0,3,1,False,False,EDS Electrocomputer Data System
landers superstore,0,1,0,0,0,2,0,0,0,0,0,0,3,2,False,True,Landers Superstore
landmark,0,3,0,0,0,0,0,0,0,0,0,0,3,1,False,False,LANDMARK
vente,1,0,0,1,0,0,0,1,0,0,0,0,3,3,False,True,VENTE
zion,0,0,0,0,0,0,0,2,1,0,0,0,3,2,False,True,ZION
sisig sarap,0,1,0,0,0,0,0,2,0,0,0,0,3,2,False,True,SISIG SARAP
sues cake gallery,0,0,0,0,0,1,0,1,1,0,0,0,3,3,False,True,Sue's Cake Gallery
gold blvd,0,0,0,0,0,0,0,0,3,0,0,0,3,1,False,False,GOLD BLVD
sissys nail art and spa,0,0,0,0,0,0,0,0,3,0,0,0,3,1,False,False,SISSY'S NAIL ART AND SPA
ollie & co,0,1,0,0,0,2,0,0,0,0,0,0,3,2,False,True,Ollie & Co.
clipdata computer center,0,0,0,0,0,0,0,2,1,0,0,0,3,2,False,True,CLIPDATA COMPUTER CENTER
ojo signature kids,0,0,0,0,0,0,0,0,3,0,0,0,3,1,False,False,OJO SIGNATURE KIDS
reli tours,0,0,0,0,0,1,0,0,2,0,0,0,3,2,False,True,RELI TOURS
sit & relax,0,0,0,0,0,0,0,0,3,0,0,0,3,1,False,False,SIT & RELAX
latt liv,0,0,0,0,1,0,0,2,0,0,0,0,3,2,False,True,LATT LIV
verzion,0,0,0,0,0,0,0,0,3,0,0,0,3,1,False,False,VERZION
lavelier,0,1,0,0,0,1,0,0,1,0,0,0,3,3,False,True,LAVELIER
renegade folk,0,2,0,0,0,1,0,0,0,0,0,0,3,2,False,True,RENEGADE FOLK
cmg,0,0,0,0,0,1,1,0,1,0,0,0,3,3,False,True,CMG
editors market,0,0,0,0,0,2,0,1,0,0,0,0,3,2,False,True,The Editor's Market
ckk mobile,0,0,0,0,0,0,0,1,0,0,0,2,3,2,False,True,CKK MOBILE
kyu kyu ramen,0,0,1,0,0,0,0,1,1,0,0,0,3,3,False,True,Kyu Kyu Ramen
one zo tapioca,0,2,1,0,0,0,0,0,0,0,0,0,3,2,False,True,ONE ZO TAPIOCA
kyu ramen express,0,0,0,0,0,0,0,0,3,0,0,0,3,1,False,False,KYU RAMEN EXPRESS
ooma,0,2,0,0,0,0,0,0,1,0,0,0,3,2,False,True,OOMA
citizen,0,0,0,0,0,0,0,0,3,0,0,0,3,1,False,False,CITIZEN
citrus alley,0,0,0,0,0,0,0,0,2,0,1,0,3,2,False,True,CITRUS ALLEY
la churrera,0,0,1,0,0,0,0,0,2,0,0,0,3,2,False,True,LA CHURRERA
ds jewelry,0,0,0,0,0,0,0,0,3,0,0,0,3,1,False,False,DS JEWELRY
grandas sweets and delicacies,0,0,0,0,0,0,0,0,3,0,0,0,3,1,False,False,GRANDAS SWEETS AND DELICACIES
la elegancia,0,1,0,0,0,0,0,0,2,0,0,0,3,2,False,True,LA ELEGANCIA
sunglass hut,0,3,0,0,0,0,0,0,0,0,0,0,3,1,False,False,SUNGLASS HUT
showcase carpets,0,3,0,0,0,0,0,0,0,0,0,0,3,1,False,False,SHOWCASE CARPETS
3 sisters green thumb,0,0,1,0,0,0,0,0,2,0,0,0,3,2,False,True,3 SISTERS GREEN THUMB
vanity box,0,1,0,0,0,0,0,0,2,0,0,0,3,2,False,True,VANITY BOX
sunburst fried chicken,0,2,0,0,0,0,0,0,1,0,0,0,3,2,False,True,SUNBURST FRIED CHICKEN
one vape,0,0,0,0,0,2,0,1,0,0,0,0,3,2,False,True,One Vape
zion philippines,0,2,1,0,0,0,0,0,0,0,0,0,3,2,False,True,ZION PHILIPPINES
vault,0,1,0,0,0,0,0,0,2,0,0,0,3,2,False,True,THE VAULT
backjoy,0,0,0,0,0,0,0,1,2,0,0,0,3,2,False,True,BACKJOY
back alley barbershop,0,1,0,0,0,2,0,0,0,0,0,0,3,2,False,True,Back Alley Barbershop
omega,0,1,0,0,0,1,0,0,1,0,0,0,3,3,False,True,OMEGA
sumo niku,0,0,0,0,0,0,0,3,0,0,0,0,3,1,False,False,SUMO NIKU
mobile fit,0,0,0,0,0,0,0,0,3,0,0,0,3,1,False,False,MOBILE FIT
watch metro,0,0,0,0,0,0,0,3,0,0,0,0,3,1,False,False,THE WATCH METRO
robinsons homes,0,0,0,0,0,0,0,3,0,0,0,0,3,1,False,False,Robinsons Homes
dental city,0,1,0,0,0,0,0,0,2,0,0,0,3,2,False,True,DENTAL CITY
fino,0,0,0,0,0,0,1,1,1,0,0,0,3,3,False,True,FINO
sams everything on stick,0,0,0,0,0,0,0,3,0,0,0,0,3,1,False,False,Sam's Everything On Stick
mandarin chinese drug center,0,0,0,0,0,0,0,2,1,0,0,0,3,2,False,True,Mandarin Chinese Drug Center
wouldulike specialty coffee,0,0,0,0,0,0,0,0,3,0,0,0,3,1,False,False,WOULDULIKE SPECIALTY COFFEE
delonghi,1,2,0,0,0,0,0,0,0,0,0,0,3,2,False,True,DELONGHI
seafood ribs warehouse restaurant,0,0,0,0,0,0,0,0,3,0,0,0,3,1,False,False,SEAFOOD RIBS WAREHOUSE RESTAURANT
sofab,0,2,0,0,0,0,1,0,0,0,0,0,3,2,False,True,SOFAB!
wrangler,0,0,0,0,2,0,0,1,0,0,0,0,3,2,False,True,Wrangler
fiesta stamp,0,0,0,0,0,0,0,0,3,0,0,0,3,1,False,False,FIESTA STAMP
fiesta dabaw,0,0,0,0,2,0,0,0,1,0,0,0,3,2,False,True,Fiesta Dabaw
fiery style southwestern flaming grill,0,2,0,0,0,0,0,0,1,0,0,0,3,2,False,True,FIERY STYLE SOUTHWESTERN FLAMING GRILL
mango farm,0,0,0,0,0,0,0,0,3,0,0,0,3,1,False,False,THE MANGO FARM
digitall worx graphics,0,0,0,0,0,0,0,0,3,0,0,0,3,1,False,False,DIGITALL WORX GRAPHICS
mango tree bistro,0,3,0,0,0,0,0,0,0,0,0,0,3,1,False,False,MANGO TREE BISTRO
mcdodo,0,0,0,0,0,0,0,0,3,0,0,0,3,1,False,False,MCDODO
mangotangos,0,0,0,0,0,0,0,0,3,0,0,0,3,1,False,False,MANGOTANGOS
muhlach bakery,0,0,0,0,0,0,0,1,2,0,0,0,3,2,False,True,MUHLACH BAKERY
digital village,0,1,0,0,0,0,0,0,2,0,0,0,3,2,False,True,DIGITAL VILLAGE
sea salt,0,0,0,0,0,0,0,2,1,0,0,0,3,2,False,True,SEA/SALT
dental breath therapy clinic,0,0,0,0,0,0,0,1,2,0,0,0,3,2,False,True,DENTAL BREATH THERAPY CLINIC
manila baker,0,0,0,0,0,0,2,1,0,0,0,0,3,2,False,True,The Manila Baker
mont albo massage hut,0,1,0,0,0,0,0,0,2,0,0,0,3,2,False,True,MONT ALBO MASSAGE HUT
your daily bread,0,0,0,0,0,0,0,0,3,0,0,0,3,1,False,False,YOUR DAILY BREAD
samanthas steam boat,0,0,0,0,0,0,0,1,2,0,0,0,3,2,False,True,SAMANTHAS STEAM BOAT
me & u gift shop,0,0,0,0,0,0,0,0,3,0,0,0,3,1,False,False,ME & U GIFT SHOP
florsheim kids,0,0,0,0,0,0,0,0,3,0,0,0,3,1,False,False,FLORSHEIM KIDS
davao tuna grill,0,0,0,1,0,0,0,2,0,0,0,0,3,2,False,True,Davao Tuna Grill
altitude,1,0,1,0,0,0,0,1,0,0,0,0,3,3,False,True,Altitude
dino rides,0,0,0,0,0,0,0,3,0,0,0,0,3,1,False,False,Dino Rides
security bank atm,0,0,0,0,0,3,0,0,0,0,0,0,3,1,False,False,Security Bank ATM
executive facial care,0,0,0,0,0,0,0,2,0,0,1,0,3,2,False,True,The Executive Facial Care
majestic,0,0,0,0,0,0,0,0,3,0,0,0,3,1,False,False,MAJESTIC
my joy,0,2,0,0,0,0,0,0,1,0,0,0,3,2,False,True,MY JOY
alpha steel,0,0,0,0,0,0,0,0,3,0,0,0,3,1,False,False,ALPHA STEEL
flexifone,0,0,0,0,0,0,0,0,0,0,3,0,3,1,False,False,Flexifone
man barbers gentlemans shops,0,0,0,0,0,0,0,0,3,0,0,0,3,1,False,False,MAN BARBERS GENTLEMANS SHOPS
flawless,0,1,0,0,0,0,0,1,0,0,1,0,3,3,False,True,FLAWLESS
fix bench salon,0,0,1,0,0,0,1,0,1,0,0,0,3,3,False,True,Fix Bench Salon
your mobile,0,0,0,0,0,0,0,1,2,0,0,0,3,2,False,True,YOUR MOBILE
fitness first,0,0,0,0,0,0,0,2,1,0,0,0,3,2,False,True,FITNESS FIRST
exit,0,0,0,0,0,0,3,0,0,0,0,0,3,1,False,False,Exit
sole patrol,0,0,0,0,0,0,0,3,0,0,0,0,3,1,False,False,Sole Patrol
maming gala,0,0,0,1,0,0,0,1,1,0,0,0,3,3,False,True,MAMING GALA
de original jamaican pattie,0,0,0,0,0,3,0,0,0,0,0,0,3,1,False,False,De Original Jamaican Pattie
mamou,0,0,0,0,0,1,0,0,2,0,0,0,3,2,False,True,MAMOU
soban k town grill,0,0,0,0,0,0,0,1,2,0,0,0,3,2,False,True,SOBAN K-TOWN GRILL
digistamps,0,0,1,0,0,0,0,2,0,0,0,0,3,2,False,True,Digistamps
data blitz,0,0,1,0,0,0,1,1,0,0,0,0,3,3,False,True,Data Blitz
sans rival cakes & pastries,0,1,0,0,0,0,0,2,0,0,0,0,3,2,False,True,Sans Rival Cakes & Pastries
market bingo,0,0,0,0,0,0,0,0,3,0,0,0,3,1,False,False,MARKET BINGO
sm skating,0,0,0,0,0,0,0,0,3,0,0,0,3,1,False,False,SM SKATING
xtreme one stop shop appliances,0,0,0,0,0,0,0,2,1,0,0,0,3,2,False,True,XTREME ONE-STOP SHOP APPLIANCES
xtremely xpresso,0,0,0,0,0,0,0,0,3,0,0,0,3,1,False,False,XTREMELY XPRESSO
mr macchiato,0,0,0,0,0,0,0,2,1,0,0,0,3,2,False,True,Mr. Macchiato
smeg,0,1,0,0,0,0,0,1,1,0,0,0,3,3,False,True,SMEG
mr ginger healthy detox drinks,0,0,0,0,0,0,0,0,3,0,0,0,3,1,False,False,MR GINGER HEALTHY DETOX DRINKS
mary grace cafe,0,0,0,0,0,0,0,3,0,0,0,0,3,1,False,False,Mary Grace Cafe
scentsmith,0,3,0,0,0,0,0,0,0,0,0,0,3,1,False,False,SCENTSMITH
yamaha,0,0,0,0,0,1,0,0,2,0,0,0,3,2,False,True,YAMAHA
mr d i y,0,0,1,2,0,0,0,0,0,0,0,0,3,2,False,True,Mr. D.I.Y.
eyestudio optical center,0,0,0,0,0,0,0,0,0,0,3,0,3,1,False,False,Eyestudio Optical Center
scoop proj by paperdolls,0,0,0,0,0,0,0,0,3,0,0,0,3,1,False,False,SCOOP PROJ. BY PAPERDOLLS
mr anthony shoes bags repair,0,0,0,0,0,0,0,0,3,0,0,0,3,1,False,False,MR ANTHONY SHOES BAGS REPAIR
motostyle,0,1,0,0,0,0,0,0,2,0,0,0,3,2,False,True,MOTOSTYLE
mathemagis singapore maths enrichment center,0,3,0,0,0,0,0,0,0,0,0,0,3,1,False,False,MATHEMAGIS SINGAPORE MATHS ENRICHMENT CENTER
dexter time zone,0,0,0,0,0,0,0,0,3,0,0,0,3,1,False,False,DEXTER TIME ZONE
afficionado,0,0,0,0,0,0,0,2,0,1,0,0,3,2,False,True,AFFICIONADO
aetrex,0,1,0,0,0,1,0,0,1,0,0,0,3,3,False,True,AETREX
dhl w express,0,0,0,0,0,0,0,1,2,0,0,0,3,2,False,True,DHL W EXPRESS
maxi mango,0,0,0,0,1,0,0,1,1,0,0,0,3,3,False,True,Maxi Mango
eye level,0,1,0,0,0,1,0,1,0,0,0,0,3,3,False,True,Eye Level
adrianas,0,0,0,0,0,0,0,0,3,0,0,0,3,1,False,False,ADRIANAS
aivee clinic,0,1,0,0,0,1,0,0,1,0,0,0,3,3,False,True,THE AIVEE CLINIC
ey telecom,0,0,0,0,0,0,0,0,0,0,0,3,3,1,False,False,EY TELECOM
santino s pizza,0,0,0,0,3,0,0,0,0,0,0,0,3,1,False,False,Santino\'s Pizza
manila bankers life insurance corporation,0,0,0,0,0,0,0,0,3,0,0,0,3,1,False,False,MANILA BANKERS LIFE INSURANCE CORPORATION
snowplus,0,0,0,0,0,0,0,3,0,0,0,0,3,1,False,False,Snowplus
manila derm,0,3,0,0,0,0,0,0,0,0,0,0,3,1,False,False,MANILA DERM
mos burger,0,2,0,0,0,0,0,1,0,0,0,0,3,2,False,True,MOS BURGER
yi fang,0,0,0,0,0,0,1,2,0,0,0,0,3,2,False,True,YI FANG (0967 442 8345)
santouka,0,0,0,0,0,0,1,0,2,0,0,0,3,2,False,True,SANTOUKA
fat seed cafe roastery,0,3,0,0,0,0,0,0,0,0,0,0,3,1,False,False,THE FAT SEED CAFE + ROASTERY
fat bunny club,0,0,0,0,0,0,0,0,3,0,0,0,3,1,False,False,THE FAT BUNNY CLUB
mrs waffle,0,0,0,0,0,1,0,2,0,0,0,0,3,2,False,True,Mrs. Waffle
smokin toppings,0,0,0,0,2,0,0,0,1,0,0,0,3,2,False,True,Smokin\' Toppings
maple bear,0,0,1,0,0,2,0,0,0,0,0,0,3,2,False,True,Maple Bear
mr zion,0,0,0,0,0,0,0,0,0,0,3,0,3,1,False,False,Mr. Zion
marcel philippe,0,0,0,0,0,0,0,0,3,0,0,0,3,1,False,False,MARCEL PHILIPPE
mr tentacles,0,0,1,0,0,0,0,0,2,0,0,0,3,2,False,True,MR TENTACLES
adidas originals,0,1,0,0,0,1,0,0,1,0,0,0,3,3,False,True,ADIDAS ORIGINALS
sm food hall,0,0,0,0,0,0,0,0,3,0,0,0,3,1,False,False,SM FOOD HALL
deoglow,0,0,0,0,0,0,0,1,2,0,0,0,3,2,False,True,DEOGLOW
deoglow skin innovations,0,0,0,0,0,0,0,0,3,0,0,0,3,1,False,False,DEOGLOW SKIN INNOVATIONS
marina seafood,0,0,0,0,0,0,0,1,2,0,0,0,3,2,False,True,MARINA SEAFOOD
wonderpark,0,0,0,0,0,0,0,0,3,0,0,0,3,1,False,False,WONDERPARK
sky ranch,0,0,0,0,0,0,0,0,3,0,0,0,3,1,False,False,SKY RANCH
empire east,0,0,0,0,0,0,0,0,3,0,0,0,3,1,False,False,EMPIRE EAST
sports basic,0,0,0,0,0,0,0,3,0,0,0,0,3,1,False,False,Sports Basic
esprit,0,1,0,0,0,0,0,0,2,0,0,0,3,2,False,True,ESPRIT
natureal juice,0,0,0,0,2,0,0,0,1,0,0,0,3,2,False,True,Natureal Juice
sep vergara fine jewelry,0,3,0,0,0,0,0,0,0,0,0,0,3,1,False,False,SEP VERGARA FINE JEWELRY
lucky boba milk tea shop,0,3,0,0,0,0,0,0,0,0,0,0,3,1,False,False,LUCKY BOBA MILK TEA SHOP
seoul snow,0,0,1,0,0,0,0,2,0,0,0,0,3,2,False,True,Seoul Snow
momo korean egg drop,0,0,0,0,0,0,0,0,3,0,0,0,3,1,False,False,MOMO KOREAN EGG DROP
seoul good,0,0,0,0,0,0,1,0,2,0,0,0,3,2,False,True,SEOUL GOOD
rox playgrnd,0,0,0,0,0,0,0,0,3,0,0,0,3,1,False,False,ROX PLAYGRND
etam,0,2,0,0,0,0,0,0,1,0,0,0,3,2,False,True,ETAM
etap,0,0,0,0,0,3,0,0,0,0,0,0,3,1,False,False,eTap
anne klein,0,2,0,0,0,0,0,1,0,0,0,0,3,2,False,True,ANNE KLEIN
absidy,0,0,0,0,0,0,0,3,0,0,0,0,3,1,False,False,ABSIDY
meet my feet,0,2,0,0,0,0,1,0,0,0,0,0,3,2,False,True,MEET MY FEET
spruce,0,0,0,0,0,0,0,3,0,0,0,0,3,1,False,False,Spruce
luk yuen,0,1,0,0,0,0,1,0,1,0,0,0,3,3,False,True,LUK YUEN
lulu money,0,2,0,0,0,0,0,1,0,0,0,0,3,2,False,True,LULU MONEY
sportsology,0,3,0,0,0,0,0,0,0,0,0,0,3,1,False,False,SPORTSOLOGY
curaprox,0,3,0,0,0,0,0,0,0,0,0,0,3,1,False,False,CURAPROX
eurobel rugs carpets,0,0,0,0,0,0,0,0,3,0,0,0,3,1,False,False,EUROBEL RUGS CARPETS
whey king,0,0,0,0,0,3,0,0,0,0,0,0,3,1,False,False,Whey King
sports central outlet,0,0,0,0,0,0,0,0,3,0,0,0,3,1,False,False,SPORTS CENTRAL OUTLET
mega one phones gadgets shop,0,0,0,0,0,0,0,0,3,0,0,0,3,1,False,False,MEGA ONE PHONES GADGETS SHOP
croffle store,0,0,0,0,0,0,0,3,0,0,0,0,3,1,False,False,The Croffle Store
esgen dental,0,0,0,0,0,0,0,0,0,1,2,0,3,2,False,True,Esgen Dental
rock n sole shoes and apparel,0,3,0,0,0,0,0,0,0,0,0,0,3,1,False,False,ROCK N' SOLE SHOES AND APPAREL
mobile mob,0,0,0,0,0,0,0,0,3,0,0,0,3,1,False,False,MOBILE MOB
mobile pro,0,0,0,0,0,0,0,1,2,0,0,0,3,2,False,True,MOBILE PRO
lock & lock,0,2,0,0,0,1,0,0,0,0,0,0,3,2,False,True,LOCK & LOCK
game one,0,0,0,0,0,0,1,0,2,0,0,0,3,2,False,True,Game One
diagold jewelry store,0,3,0,0,0,0,0,0,0,0,0,0,3,1,False,False,DIAGOLD JEWELRY STORE
eng bee tin chinese deli,0,3,0,0,0,0,0,0,0,0,0,0,3,1,False,False,ENG BEE TIN CHINESE DELI
mercury,0,0,0,0,0,0,0,0,0,0,0,3,3,1,False,False,MERCURY
nexscents,0,0,0,0,0,0,0,0,3,0,0,0,3,1,False,False,NEXSCENTS
cqe,0,0,0,0,0,0,0,2,1,0,0,0,3,2,False,True,CQE
craft central,0,1,0,0,0,0,0,0,2,0,0,0,3,2,False,True,THE CRAFT CENTRAL
furniture source,0,1,1,0,0,0,0,0,1,0,0,0,3,3,False,True,FURNITURE SOURCE
eo optical,0,0,1,0,0,0,0,2,0,0,0,0,3,2,False,True,EO OPTICAL
a1 driving,0,0,0,0,1,0,0,1,1,0,0,0,3,3,False,True,A1 Driving
gadget phone care,0,0,0,0,0,0,0,0,0,0,3,0,3,1,False,False,Gadget Phone Care
gadget master,0,0,0,0,0,0,0,0,2,0,1,0,3,2,False,True,GADGET MASTER
abaca baking company,0,0,0,0,0,0,0,2,1,0,0,0,3,2,False,True,ABACA BAKING COMPANY
longines,0,0,0,0,0,1,1,0,1,0,0,0,3,3,False,True,Longines
gadget armor,0,0,0,0,0,0,0,0,3,0,0,0,3,1,False,False,GADGET ARMOR
louies buko,0,0,0,0,0,0,0,0,3,0,0,0,3,1,False,False,LOUIES BUKO
modern shang,0,0,0,0,0,0,1,0,2,0,0,0,3,2,False,True,MODERN SHANG
royce,0,2,0,0,0,0,0,1,0,0,0,0,3,2,False,True,ROYCE
ysl,0,0,0,0,0,1,0,2,0,0,0,0,3,2,False,True,YSL
fone edge,0,0,0,0,0,0,0,1,2,0,0,0,3,2,False,True,FONE EDGE
sports barber,0,2,0,0,0,0,0,1,0,0,0,0,3,2,False,True,SPORTS BARBER
daily by bos coffee,0,0,0,0,0,2,0,0,1,0,0,0,3,2,False,True,Daily by Bo's Coffee
spa wellness,0,0,0,0,0,0,1,1,1,0,0,0,3,3,False,True,THE SPA WELLNESS
daily detox juices,0,0,0,0,0,0,0,0,3,0,0,0,3,1,False,False,DAILY DETOX JUICES
spa,0,3,0,0,0,0,0,0,0,0,0,0,3,1,False,False,THE SPA
everlove,0,0,0,0,0,0,0,0,3,0,0,0,3,1,False,False,EVERLOVE
seiko premium store,0,0,0,0,0,0,0,0,3,0,0,0,3,1,False,False,SEIKO PREMIUM STORE
dairy blast,0,0,0,0,0,0,0,0,3,0,0,0,3,1,False,False,DAIRY BLAST
macho mucho salon for men,0,0,0,0,0,0,0,0,3,0,0,0,3,1,False,False,MACHO MUCHO SALON FOR MEN
s&r pizza,0,0,0,0,0,3,0,0,0,0,0,0,3,1,False,False,S&R Pizza
ysa skin care center,0,0,0,0,0,0,0,0,3,0,0,0,3,1,False,False,YSA SKIN CARE CENTER
nacho king,0,0,0,0,0,0,0,0,3,0,0,0,3,1,False,False,NACHO KING
womens secret,0,3,0,0,0,0,0,0,0,0,0,0,3,1,False,False,WOMEN'S SECRET
foot for the gods,0,0,0,0,0,0,0,0,3,0,0,0,3,1,False,False,FOOT FOR THE GODS
fonetwist,0,0,0,0,0,0,0,3,0,0,0,0,3,1,False,False,Fonetwist
sky cable,0,0,0,0,3,0,0,0,0,0,0,0,3,1,False,False,Sky Cable
fonedress cellphone accessories shop,0,0,0,0,0,0,0,0,3,0,0,0,3,1,False,False,FONEDRESS CELLPHONE ACCESSORIES SHOP
fonebytes,0,0,0,0,0,0,0,2,0,0,1,0,3,2,False,True,Fonebytes
accsmart,0,0,0,0,0,0,0,0,3,0,0,0,3,1,False,False,ACCSMART
myst,0,1,0,0,0,1,0,0,1,0,0,0,3,3,False,True,MYST
magic fit,0,2,0,0,0,0,0,0,1,0,0,0,3,2,False,True,MAGIC FIT
daniel hechter,0,0,0,0,0,1,0,0,2,0,0,0,3,2,False,True,DANIEL HECHTER
mediskin,0,1,0,0,1,0,0,0,1,0,0,0,3,3,False,True,MEDISKIN
mabuhay chiropractic clinics,0,0,0,0,0,0,0,0,3,0,0,0,3,1,False,False,MABUHAY CHIROPRACTIC CLINICS
foss coffee,0,0,0,1,0,0,0,2,0,0,0,0,3,2,False,True,FOSS COFFEE
nails dot glow essence,0,0,0,0,0,0,0,0,3,0,0,0,3,1,False,False,NAILS DOT GLOW ESSENCE
diy shop,1,0,0,0,0,0,0,0,0,0,0,2,3,2,False,True,DIY SHOP
lutong ilocano,0,0,0,0,0,0,0,3,0,0,0,0,3,1,False,False,Lutong Ilocano
eurostep,0,0,0,0,0,0,0,3,0,0,0,0,3,1,False,False,Eurostep
freshup hand foot salon,0,0,0,0,0,0,0,0,3,0,0,0,3,1,False,False,FRESHUP HAND FOOT SALON
luxe beauty and wellness,0,0,0,0,0,0,0,0,3,0,0,0,3,1,False,False,LUXE BEAUTY AND WELLNESS
cybertab,0,0,0,0,0,0,0,0,3,0,0,0,3,1,False,False,CYBERTAB
wiko,0,0,0,0,0,0,0,1,2,0,0,0,3,2,False,True,WIKO
spinner ice cream,0,0,0,0,0,0,0,2,1,0,0,0,3,2,False,True,SPINNER ICE CREAM
nailsglow,0,0,0,0,0,0,0,0,3,0,0,0,3,1,False,False,NAILSGLOW
nailogy,0,0,0,0,0,0,0,2,1,0,0,0,3,2,False,True,NAILOGY
skk mobile,0,0,0,0,2,0,0,0,0,0,0,1,3,2,False,True,SKK Mobile
czarina foreign exchange,0,1,0,0,0,1,1,0,0,0,0,0,3,3,False,True,Czarina Foreign Exchange
nailandia nail studio & body spa,0,3,0,0,0,0,0,0,0,0,0,0,3,1,False,False,NAILANDIA NAIL STUDIO & BODY SPA
d i y hardware,0,1,0,0,0,2,0,0,0,0,0,0,3,2,False,True,D.I.Y. Hardware
nail it,0,0,1,2,0,0,0,0,0,0,0,0,3,2,False,True,Nail It
nail house,0,0,0,0,0,0,0,0,3,0,0,0,3,1,False,False,NAIL HOUSE
evegate beauty salon,0,0,0,0,0,0,0,0,3,0,0,0,3,1,False,False,EVEGATE BEAUTY SALON
frame plus,0,1,0,0,0,0,0,0,2,0,0,0,3,2,False,True,FRAME PLUS
sen lek thai noodle,0,0,0,0,0,0,0,0,3,0,0,0,3,1,False,False,SEN LEK THAI NOODLE
unlimited laundry services,0,0,0,0,0,0,0,0,3,0,0,0,3,1,False,False,UNLIMITED LAUNDRY SERVICES
special ensaymada by panaderia antonio,0,0,0,0,0,0,0,0,3,0,0,0,3,1,False,False,SPECIAL ENSAYMADA BY PANADERIA ANTONIO
automobile association philippines aap,0,0,0,0,0,0,0,0,3,0,0,0,3,1,False,False,AUTOMOBILE ASSOCIATION PHILIPPINES AAP
blackbeards seafood island,0,0,0,0,0,0,0,0,3,0,0,0,3,1,False,False,BLACKBEARD'S SEAFOOD ISLAND
protech,0,0,0,0,0,0,0,1,2,0,0,0,3,2,False,True,PROTECH
pc worx,0,0,1,0,0,0,0,0,2,0,0,0,3,2,False,True,PC WORX
pet kingdom,1,0,0,0,0,2,0,0,0,0,0,0,3,2,False,True,Pet Kingdom
hi precision diagnostics plus,0,0,1,0,0,0,0,0,2,0,0,0,3,2,False,True,HI-PRECISION DIAGNOSTICS PLUS
tablet city,0,0,0,0,0,0,0,0,3,0,0,0,3,1,False,False,TABLET CITY
infinity,0,0,0,0,0,0,0,1,2,0,0,0,3,2,False,True,INFINITY
japan home,0,0,0,2,0,0,0,1,0,0,0,0,3,2,False,True,Japan Home
parmigiano,0,0,0,0,0,3,0,0,0,0,0,0,3,1,False,False,Parmigiano
potato frydays,0,0,0,0,1,0,0,1,1,0,0,0,3,3,False,True,Potato Frydays
johnny air cargo,0,0,0,0,0,0,0,1,2,0,0,0,3,2,False,True,JOHNNY AIR CARGO
hi precision diagnostics,0,2,0,1,0,0,0,0,0,0,0,0,3,2,False,True,HI-PRECISION DIAGNOSTICS
kidsports,0,1,1,0,0,1,0,0,0,0,0,0,3,3,False,True,Kidsports
japan homes,0,0,0,0,0,0,0,2,0,0,0,1,3,2,False,True,Japan Homes
hezekiah r&n fashion,0,0,0,0,0,0,0,3,0,0,0,0,3,1,False,False,HEZEKIAH R&N FASHION
tiger manju,0,1,0,0,0,0,0,0,2,0,0,0,3,2,False,True,TIGER MANJU
tuf,0,1,0,0,0,0,0,0,2,0,0,0,3,2,False,True,TUF
k egg,0,0,0,0,0,0,0,2,1,0,0,0,3,2,False,True,K-Egg
potato corner xp,0,0,0,0,0,0,1,1,1,0,0,0,3,3,False,True,POTATO CORNER XP
k line smile center,0,0,0,0,0,1,0,0,2,0,0,0,3,2,False,True,K LINE SMILE CENTER
tala by kyla,1,0,0,0,0,0,0,0,2,0,0,0,3,2,False,True,TALA BY KYLA
butternut bakery,0,0,0,0,0,1,0,0,2,0,0,0,3,2,False,True,BUTTERNUT BAKERY
poea,0,0,0,0,0,0,0,2,1,0,0,0,3,2,False,True,POEA
inengs special bbq,0,1,0,0,0,0,0,2,0,0,0,0,3,2,False,True,Ineng’s Special BBQ
bees wax,0,0,0,0,0,0,0,0,3,0,0,0,3,1,False,False,BEES WAX
tech synergy,0,0,0,0,0,0,0,3,0,0,0,0,3,1,False,False,Tech Synergy
toms,0,0,0,0,0,0,0,0,3,0,0,0,3,1,False,False,TOMS
tony & jackey salon,0,2,0,0,0,0,1,0,0,0,0,0,3,2,False,True,TONY & JACKEY SALON
japabites,0,0,1,0,0,0,0,1,1,0,0,0,3,3,False,True,JAPABITES
philippine christian bookstore,0,0,0,0,0,0,0,1,2,0,0,0,3,2,False,True,PHILIPPINE CHRISTIAN BOOKSTORE
borough lasik center,0,0,0,0,0,1,0,0,2,0,0,0,3,2,False,True,BOROUGH LASIK CENTER
captain calamares,0,0,0,0,0,1,0,1,0,0,1,0,3,3,False,True,Captain Calamares
j co doughnuts & coffee,0,0,0,0,0,3,0,0,0,0,0,0,3,1,False,False,J.Co Doughnuts & Coffee
burger beast,0,0,0,0,0,3,0,0,0,0,0,0,3,1,False,False,Burger Beast
polish nail studio,0,2,0,0,0,1,0,0,0,0,0,0,3,2,False,True,POLISH NAIL STUDIO
pepper lunch express plus,0,0,0,0,0,0,0,0,3,0,0,0,3,1,False,False,PEPPER LUNCH EXPRESS PLUS
pos digital,0,1,0,0,0,0,0,2,0,0,0,0,3,2,False,True,POS Digital
tori takoyaki,0,0,0,0,0,1,0,2,0,0,0,0,3,2,False,True,Tori Takoyaki
king chef,0,1,0,0,0,1,0,0,1,0,0,0,3,3,False,True,KING CHEF
blooming cotton candy,0,0,0,0,0,0,0,0,3,0,0,0,3,1,False,False,BLOOMING COTTON CANDY
q power station,0,0,0,0,0,0,0,0,3,0,0,0,3,1,False,False,Q POWER STATION
beanery gourmet coffee beans,0,0,0,0,0,0,0,0,3,0,0,0,3,1,False,False,THE BEANERY GOURMET COFFEE BEANS
cafe breton,0,2,0,0,0,0,0,1,0,0,0,0,3,2,False,True,CAFE BRETON
kimpura,0,2,0,0,0,0,1,0,0,0,0,0,3,2,False,True,KIMPURA
kinetix lab,0,2,0,0,0,0,0,0,1,0,0,0,3,2,False,True,KINETIX LAB
house of obagi,0,2,0,0,0,0,0,1,0,0,0,0,3,2,False,True,HOUSE OF OBAGI
case logic,0,0,0,0,0,0,0,0,3,0,0,0,3,1,False,False,CASE LOGIC
kind ventures wellness products,0,0,0,0,0,0,0,0,3,0,0,0,3,1,False,False,KIND VENTURES WELLNESS PRODUCTS
i lash extensions salon,0,1,0,0,1,0,0,1,0,0,0,0,3,3,False,True,I-LASH EXTENSIONS SALON
philsys,0,0,1,0,0,0,0,2,0,0,0,0,3,2,False,True,Philsys (TEMPORARILY CLOSED)
philpost,0,0,0,0,0,1,0,1,0,1,0,0,3,3,False,True,Philpost
tambunting,0,2,1,0,0,0,0,0,0,0,0,0,3,2,False,True,TAMBUNTING
philippine explorer,0,0,1,0,0,0,0,2,0,0,0,0,3,2,False,True,PHILIPPINE EXPLORER
healthwave,0,0,0,0,0,0,0,3,0,0,0,0,3,1,False,False,Healthwave
tender bobs,0,0,0,0,0,0,0,0,3,0,0,0,3,1,False,False,TENDER BOB'S
ikabud pagkaing pinoy,0,0,0,0,0,0,0,0,3,0,0,0,3,1,False,False,IKABUD PAGKAING PINOY
hey i am yogost,0,0,0,0,0,0,1,0,2,0,0,0,3,2,False,True,HEY I AM YOGOST
tag heuer,0,2,0,0,0,0,0,0,1,0,0,0,3,2,False,True,TAG HEUER
benefit,0,2,0,0,0,0,0,0,1,0,0,0,3,2,False,True,BENEFIT
bench fix,0,0,0,0,0,3,0,0,0,0,0,0,3,1,False,False,Bench Fix
touch and type electronics,0,0,0,0,0,0,0,0,3,0,0,0,3,1,False,False,TOUCH AND TYPE ELECTRONICS
psbank,0,0,0,0,0,1,0,0,0,0,1,1,3,3,False,True,PSBank
kevlo skin clinic,0,0,0,0,0,0,0,0,3,0,0,0,3,1,False,False,KEVLO SKIN CLINIC
paperworld,0,0,0,0,0,0,0,3,0,0,0,0,3,1,False,False,Paperworld
thule,0,0,0,0,0,0,0,0,3,0,0,0,3,1,False,False,THULE
boulangerie22,0,1,0,0,0,1,0,0,1,0,0,0,3,3,False,True,BOULANGERIE22
bench skin expert,0,2,0,0,0,0,0,0,1,0,0,0,3,2,False,True,BENCH SKIN EXPERT
plc watch repair service center,0,0,0,0,0,0,0,0,3,0,0,0,3,1,False,False,PLC WATCH REPAIR SERVICE CENTER
kevins toys library,0,0,0,0,0,0,0,0,3,0,0,0,3,1,False,False,KEVINS TOYS LIBRARY
camkids,0,0,0,0,0,0,0,1,2,0,0,0,3,2,False,True,CAMKIDS
tako tako queen,0,0,0,0,0,0,0,2,1,0,0,0,3,2,False,True,TAKO TAKO QUEEN
hello plus gadgets,0,0,0,0,0,0,0,0,3,0,0,0,3,1,False,False,HELLO PLUS GADGETS
jd bakery cafe,0,0,0,0,0,1,0,1,1,0,0,0,3,3,False,True,JD Bakery Cafe
takoya kiks,0,2,0,0,0,0,0,1,0,0,0,0,3,2,False,True,TAKOYA-KIKS
posture perfect chiropractic,0,0,0,0,0,0,0,0,3,0,0,0,3,1,False,False,POSTURE PERFECT CHIROPRACTIC
pnb superteller,0,0,0,0,0,0,0,0,3,0,0,0,3,1,False,False,PNB SUPERTELLER
tsurumaru udon x tempura,0,0,0,0,0,0,0,1,2,0,0,0,3,2,False,True,TSURUMARU UDON X TEMPURA
cellstuff accessories,0,0,0,0,0,0,0,0,3,0,0,0,3,1,False,False,CELLSTUFF ACCESSORIES
bens cookies,0,0,0,0,0,0,0,0,3,0,0,0,3,1,False,False,BEN'S COOKIES
bens halo halo,0,0,0,0,0,0,0,1,2,0,0,0,3,2,False,True,BENS HALO HALO
porque,0,0,0,0,0,0,0,0,3,0,0,0,3,1,False,False,PORQUE
takoyaki,0,0,1,0,0,0,0,1,0,0,0,1,3,3,False,True,Takoyaki
penny pairs,0,0,0,0,0,2,0,0,1,0,0,0,3,2,False,True,Penny Pairs
pets on the racks,0,0,0,0,0,0,0,0,3,0,0,0,3,1,False,False,PETS ON THE RACKS
playlab,0,0,0,0,0,0,0,3,0,0,0,0,3,1,False,False,Playlab
pacsports,0,2,0,0,0,0,1,0,0,0,0,0,3,2,False,True,PACSPORTS
by g salon,0,0,0,0,0,0,0,0,3,0,0,0,3,1,False,False,BY G SALON
candid coffee,0,0,0,0,0,0,0,2,1,0,0,0,3,2,False,True,CANDID COFFEE
bok korean fried chicken,0,0,0,0,0,2,0,0,1,0,0,0,3,2,False,True,BOK Korean Fried Chicken
belkin,0,0,0,0,0,0,0,0,3,0,0,0,3,1,False,False,BELKIN
pares retiro,0,0,0,1,0,0,0,0,2,0,0,0,3,2,False,True,PARES RETIRO
inbox store,0,0,0,0,0,0,0,0,3,0,0,0,3,1,False,False,INBOX STORE
udders ice cream,0,0,0,0,0,0,0,0,3,0,0,0,3,1,False,False,UDDERS ICE CREAM
premier drip,0,0,0,0,0,0,0,0,3,0,0,0,3,1,False,False,PREMIER DRIP
tah mee drinking frozen yogurt,0,0,0,0,0,0,0,0,3,0,0,0,3,1,False,False,TAH-MEE DRINKING FROZEN YOGURT
jng gadget repair,0,0,0,0,0,0,0,0,3,0,0,0,3,1,False,False,JNG GADGET REPAIR
chaboba,0,0,0,0,0,1,0,1,1,0,0,0,3,3,False,True,Chaboba
kabigtings halo halo,0,0,0,0,0,0,0,2,1,0,0,0,3,2,False,True,Kabigting's Halo-Halo
byd,1,0,0,0,0,0,0,2,0,0,0,0,3,2,False,True,BYD
i yogurt,0,0,0,0,0,0,0,0,3,0,0,0,3,1,False,False,I YOGURT
tech forward,0,0,0,0,0,0,0,0,3,0,0,0,3,1,False,False,TECH FORWARD
hongkong roasting,0,0,0,0,0,0,0,0,3,0,0,0,3,1,False,False,HONGKONG ROASTING
jmy money changer,0,2,0,0,0,0,0,1,0,0,0,0,3,2,False,True,JMY MONEY CHANGER
byrons backribs,0,0,0,0,0,0,0,2,1,0,0,0,3,2,False,True,Byron's Backribs
heavenly stitchin moment,0,0,0,1,0,0,0,0,2,0,0,0,3,2,False,True,HEAVENLY STITCHIN MOMENT
jd bakeshop,0,0,0,0,0,0,0,3,0,0,0,0,3,1,False,False,JD Bakeshop
playbook store,0,1,0,0,0,0,1,1,0,0,0,0,3,3,False,True,THE PLAYBOOK STORE (NEW)
hot kitchen by fresh option,0,0,0,0,0,0,0,0,3,0,0,0,3,1,False,False,HOT KITCHEN BY FRESH OPTION
kg oriental bowl,0,0,0,0,0,0,0,0,3,0,0,0,3,1,False,False,KG ORIENTAL BOWL
impressions art gallery,0,0,0,0,0,0,0,0,3,0,0,0,3,1,False,False,IMPRESSIONS ART GALLERY
bench active,0,1,0,0,0,0,0,0,2,0,0,0,3,2,False,True,BENCH ACTIVE
i case,0,0,0,0,0,0,0,0,3,0,0,0,3,1,False,False,I-CASE
over mango,0,0,0,1,0,0,0,0,1,0,1,0,3,3,False,True,OVER MANGO
bio research,0,0,1,0,0,0,0,0,2,0,0,0,3,2,False,True,Bio Research
huawei service center,0,0,0,0,1,0,0,0,2,0,0,0,3,2,False,True,HUAWEI SERVICE CENTER
pink manila,0,2,0,0,0,0,1,0,0,0,0,0,3,2,False,True,PINK MANILA
buko ilonggo,0,0,0,0,0,0,0,3,0,0,0,0,3,1,False,False,Buko Ilonggo
hakata ton ichi,0,0,0,0,0,1,0,0,2,0,0,0,3,2,False,True,HAKATA TON-ICHI
travelscoot,0,0,0,0,0,0,0,0,3,0,0,0,3,1,False,False,TRAVELSCOOT
ortiz skin forum,0,0,0,0,0,0,0,0,3,0,0,0,3,1,False,False,ORTIZ SKIN FORUM
picole healthy ice pops,0,0,0,0,0,0,0,0,3,0,0,0,3,1,False,False,PICOLE HEALTHY ICE POPS
oryspa,0,0,0,0,0,0,0,0,3,0,0,0,3,1,False,False,ORYSPA
hammerhead,0,0,0,0,0,0,0,2,1,0,0,0,3,2,False,True,Hammerhead
prizes prizes,0,0,0,0,0,0,0,0,3,0,0,0,3,1,False,False,PRIZES PRIZES
quix,0,0,0,0,0,0,0,0,3,0,0,0,3,1,False,False,QUIX
klinikwatch service center,0,0,0,0,0,0,0,0,3,0,0,0,3,1,False,False,KLINIKWATCH SERVICE CENTER
toothfairy dr palacio alleyne dental,0,0,0,0,0,0,0,0,3,0,0,0,3,1,False,False,TOOTHFAIRY DR PALACIO - ALLEYNE DENTAL
chichabog,0,0,0,0,0,0,0,0,3,0,0,0,3,1,False,False,CHICHABOG
panwiches,0,0,0,0,1,0,0,0,2,0,0,0,3,2,False,True,PANWICHES
ichoose,0,0,0,0,0,0,0,0,3,0,0,0,3,1,False,False,ICHOOSE
osim,0,1,0,0,0,0,1,0,1,0,0,0,3,3,False,True,OSIM
peri peri charcoal chicken & sauce bar,0,0,1,0,0,0,0,2,0,0,0,0,3,2,False,True,PERI-PERI CHARCOAL CHICKEN & SAUCE BAR
unisilver jewelry,0,0,0,0,1,0,0,2,0,0,0,0,3,2,False,True,Unisilver Jewelry
patton,0,2,0,0,0,0,0,0,1,0,0,0,3,2,False,True,PATTON
topgel nail salon,0,0,0,0,0,0,0,0,3,0,0,0,3,1,False,False,TOPGEL NAIL SALON
unique vision center,0,0,0,0,0,0,0,0,3,0,0,0,3,1,False,False,UNIQUE VISION CENTER
bettys native cake,0,0,0,0,0,0,0,0,3,0,0,0,3,1,False,False,BETTYS NATIVE CAKE
tivoli money changer,0,3,0,0,0,0,0,0,0,0,0,0,3,1,False,False,TIVOLI MONEY CHANGER
jos dental place,0,0,0,0,0,0,0,0,3,0,0,0,3,1,False,False,JOS DENTAL PLACE
buko twist,0,0,0,0,0,0,0,3,0,0,0,0,3,1,False,False,BUKO TWIST
buenas sausages & fries,0,2,0,0,0,0,0,1,0,0,0,0,3,2,False,True,BUENAS SAUSAGES & FRIES
sweet claire patisseries,0,0,0,0,0,0,0,0,3,0,0,0,3,1,False,False,SWEET CLAIRE PATISSERIES
hurley,0,0,0,0,0,0,0,0,3,0,0,0,3,1,False,False,HURLEY
karada japanese body therapy,0,0,0,0,0,0,0,0,3,0,0,0,3,1,False,False,KARADA JAPANESE BODY THERAPY
power mac,0,0,1,0,0,0,0,2,0,0,0,0,3,2,False,True,Power Mac
treasures by carla,0,1,0,0,0,0,0,1,1,0,0,0,3,3,False,True,TREASURES BY CARLA
black scoop,0,0,0,1,0,0,1,0,0,0,1,0,3,3,False,True,Black Scoop
hahn,0,0,0,0,0,0,0,0,3,0,0,0,3,1,False,False,HAHN
jr mx,0,0,0,0,0,0,0,0,3,0,0,0,3,1,False,False,JR MX
prince baker,0,0,0,0,0,1,0,1,1,0,0,0,3,3,False,True,PRINCE BAKER
buffet 101,0,1,0,0,0,0,0,0,2,0,0,0,3,2,False,True,BUFFET 101
sushi unlimited,0,0,0,0,0,0,0,3,0,0,0,0,3,1,False,False,SUSHI UNLIMITED
r&b tea,0,0,1,0,0,0,0,0,2,0,0,0,3,2,False,True,R&B TEA
celebrations party central,0,2,0,0,0,0,0,0,1,0,0,0,3,2,False,True,CELEBRATIONS PARTY CENTRAL
suu balm,0,0,0,0,0,1,0,0,2,0,0,0,3,2,False,True,SUU BALM
suzuki,0,0,0,0,0,0,0,0,3,0,0,0,3,1,False,False,SUZUKI
telecom center,0,3,0,0,0,0,0,0,0,0,0,0,3,1,False,False,TELECOM CENTER
kohi manju,0,0,0,0,0,0,0,2,1,0,0,0,3,2,False,True,KOHI MANJU
r o x,0,3,0,0,0,0,0,0,0,0,0,0,3,1,False,False,R.O.X.
perfect teeth dental center,0,0,0,0,0,0,0,0,3,0,0,0,3,1,False,False,PERFECT TEETH DENTAL CENTER
celine,0,1,1,0,1,0,0,0,0,0,0,0,3,3,False,True,CELINE
pc ak ses uh rees,1,0,0,0,0,0,0,0,2,0,0,0,3,2,False,True,PC AK-SES-UH-REES
tekpone,0,0,0,0,1,0,0,0,2,0,0,0,3,2,False,True,TEKPONE
prime steak house,0,1,0,0,0,0,0,2,0,0,0,0,3,2,False,True,PRIME STEAK HOUSE
cebuana lhullier,0,0,0,0,1,0,0,2,0,0,0,0,3,2,False,True,Cebuana Lhullier
techwizard,0,0,0,0,0,0,0,0,3,0,0,0,3,1,False,False,TECHWIZARD
jeruels,0,0,0,0,0,0,0,2,1,0,0,0,3,2,False,True,Jeruels
islands souvenirs,0,0,1,0,0,0,0,0,2,0,0,0,3,2,False,True,ISLANDS SOUVENIRS
invitation house,0,3,0,0,0,0,0,0,0,0,0,0,3,1,False,False,INVITATION HOUSE
quickzen cellphone accessories,0,0,0,0,0,0,0,0,3,0,0,0,3,1,False,False,QUICKZEN CELLPHONE ACCESSORIES
timeworks,0,0,0,0,0,0,0,0,3,0,0,0,3,1,False,False,TIMEWORKS
insta360,0,0,1,0,0,0,0,0,2,0,0,0,3,2,False,True,INSTA360
inotech,0,0,0,0,0,0,0,2,1,0,0,0,3,2,False,True,INOTECH
bum equipment,1,1,0,0,0,0,0,1,0,0,0,0,3,3,False,True,BUM EQUIPMENT
hpt,0,0,0,0,3,0,0,0,0,0,0,0,3,1,False,False,HPT
uniq,0,0,1,0,0,0,0,0,2,0,0,0,3,2,False,True,UNIQ
itech,0,0,1,0,0,0,0,1,1,0,0,0,3,3,False,True,ITECH
itel,0,0,0,0,0,0,0,3,0,0,0,0,3,1,False,False,ITEL
casa daza empanadas by chef sandy,0,0,0,0,0,0,0,0,3,0,0,0,3,1,False,False,CASA DAZA EMPANADAS BY CHEF SANDY
hp world,0,0,0,0,0,0,1,1,1,0,0,0,3,3,False,True,HP WORLD
harlan holden,0,2,0,0,0,0,0,1,0,0,0,0,3,2,False,True,HARLAN+HOLDEN
brother international philippines,0,0,0,0,0,0,0,0,3,0,0,0,3,1,False,False,BROTHER INTERNATIONAL PHILIPPINES
popique,0,0,0,0,0,0,0,3,0,0,0,0,3,1,False,False,Popique
qnet mobile,0,0,0,0,0,0,0,0,2,0,1,0,3,2,False,True,QNET MOBILE
cebuana lhuillier pawnshop,0,3,0,0,0,0,0,0,0,0,0,0,3,1,False,False,CEBUANA LHUILLIER PAWNSHOP
perez optical,0,1,0,0,0,0,0,2,0,0,0,0,3,2,False,True,Perez Optical
homecare express,0,0,0,0,0,0,0,0,3,0,0,0,3,1,False,False,HOMECARE EXPRESS
potato loco,0,0,0,0,0,0,0,0,0,0,0,3,3,1,False,False,POTATO LOCO
cafe laguna,0,0,0,0,0,0,0,1,2,0,0,0,3,2,False,True,CAFE LAGUNA
tempur,0,2,0,0,0,1,0,0,0,0,0,0,3,2,False,True,TEMPUR
king sisig,0,0,0,0,0,0,0,1,1,1,0,0,3,3,False,True,KING SISIG
idenico,0,0,0,0,0,0,0,0,3,0,0,0,3,1,False,False,IDENICO
blk lifestyle & fashion boutique,0,0,0,0,0,3,0,0,0,0,0,0,3,1,False,False,BLK Lifestyle & Fashion Boutique
big brands,0,0,0,0,0,0,0,3,0,0,0,0,3,1,False,False,Big Brands
powerportal,0,0,0,0,0,0,0,0,3,0,0,0,3,1,False,False,POWERPORTAL
izell mobile phones and accessories shop,0,0,0,0,0,0,0,0,3,0,0,0,3,1,False,False,IZELL MOBILE PHONES AND ACCESSORIES SHOP
chef connies patisserie,0,0,0,0,0,0,0,0,3,0,0,0,3,1,False,False,CHEF CONNIES PATISSERIE
hiro,0,0,0,0,0,0,0,2,1,0,0,0,3,2,False,True,HIRO
innovatronix,0,1,0,0,0,0,0,2,0,0,0,0,3,2,False,True,INNOVATRONIX
bbk,0,0,0,0,0,1,0,0,0,0,2,0,3,2,False,True,BBK
casa daza,0,0,1,0,0,1,0,1,0,0,0,0,3,3,False,True,Casa Daza
popeyes louisiana kitchen,0,3,0,0,0,0,0,0,0,0,0,0,3,1,False,False,POPEYES LOUISIANA KITCHEN
books for less,0,1,0,0,0,0,0,1,1,0,0,0,3,3,False,True,BOOKS FOR LESS
tap station,0,1,0,0,0,2,0,0,0,0,0,0,3,2,False,True,Tap Station
project dc,0,0,1,0,0,0,0,0,2,0,0,0,3,2,False,True,PROJECT DC
cartruck,0,0,0,0,0,0,0,2,1,0,0,0,3,2,False,True,CARTRUCK
bb q chicken,0,0,0,0,0,0,0,3,0,0,0,0,3,1,False,False,BB.Q CHICKEN
cafe perene,0,2,0,0,0,0,1,0,0,0,0,0,3,2,False,True,CAFE PERENE
kiras box,0,2,0,0,0,0,0,1,0,0,0,0,3,2,False,True,KIRA'S BOX
biscocho haus,0,0,0,0,0,1,0,1,1,0,0,0,3,3,False,True,Biscocho Haus
port cafe,0,0,0,0,3,0,0,0,0,0,0,0,3,1,False,False,Port Café
piccadilly,0,1,0,0,0,0,1,0,1,0,0,0,3,3,False,True,PICCADILLY
tannery manila,0,1,0,0,0,0,0,0,2,0,0,0,3,2,False,True,THE TANNERY MANILA
f shang,0,0,0,0,0,0,0,0,2,0,0,0,2,1,False,False,F SHANG
porky best,0,1,0,0,1,0,0,0,0,0,0,0,2,2,False,True,PORKY BEST
ezstep,0,0,0,0,0,0,0,0,2,0,0,0,2,1,False,False,EZSTEP
save on surplus,0,1,1,0,0,0,0,0,0,0,0,0,2,2,False,True,SAVE ON SURPLUS
mars watch service center,0,1,0,0,0,0,0,0,1,0,0,0,2,2,False,True,MARS WATCH SERVICE CENTER
mr franks,0,0,0,0,0,2,0,0,0,0,0,0,2,1,False,False,Mr. Frank's
peppermint,0,0,0,0,0,0,0,1,1,0,0,0,2,2,False,True,Peppermint
mr korea,0,2,0,0,0,0,0,0,0,0,0,0,2,1,False,False,MR. KOREA
marilou,0,0,0,0,0,0,1,0,1,0,0,0,2,2,False,True,Marilou
fantasy amuse,0,0,0,0,0,0,0,1,1,0,0,0,2,2,False,True,Fantasy Amuse
scenteur essentials,0,0,1,0,0,0,0,1,0,0,0,0,2,2,False,True,Scenteur Essentials
mars watch,0,0,0,0,0,0,0,0,0,0,2,0,2,1,False,False,Mars Watch
faian gold,0,0,0,0,0,0,0,0,0,0,2,0,2,1,False,False,Faian Gold
fairy floss,0,0,0,0,0,0,0,0,2,0,0,0,2,1,False,False,FAIRY FLOSS
ichirorain cellphone shop,0,0,0,0,0,0,0,0,2,0,0,0,2,1,False,False,ICHIRORAIN CELLPHONE SHOP
savemore supermarket,0,0,1,0,0,0,0,0,0,0,0,1,2,2,False,True,Savemore Supermarket
mr fried rice,0,0,0,0,0,0,0,2,0,0,0,0,2,1,False,False,MR. FRIED RICE
ezra,0,0,0,0,0,0,0,1,1,0,0,0,2,2,False,True,EZRA
icings,0,0,0,0,0,0,1,1,0,0,0,0,2,2,False,True,Icings
marilou jewellery,0,2,0,0,0,0,0,0,0,0,0,0,2,1,False,False,MARILOU JEWELLERY
ice scramble ni momshie sarah,0,0,0,0,0,0,0,0,2,0,0,0,2,1,False,False,ICE SCRAMBLE NI MOMSHIE SARAH
jin joo korean grill,0,1,0,0,0,1,0,0,0,0,0,0,2,2,False,True,JIN JOO KOREAN GRILL
ez shop,0,0,0,0,1,0,0,0,1,0,0,0,2,2,False,True,EZ SHOP
maristella fine jewelry,0,0,0,0,0,0,2,0,0,0,0,0,2,1,False,False,Maristella Fine Jewelry
marina seafoods,0,1,0,0,0,0,0,1,0,0,0,0,2,2,False,True,Marina Seafoods
marisons,0,0,0,0,0,0,0,1,1,0,0,0,2,2,False,True,Marison’s
fantech,0,0,0,0,0,0,0,0,2,0,0,0,2,1,False,False,FANTECH
fairyland,0,0,0,0,0,0,0,1,1,0,0,0,2,2,False,True,FAIRYLAND
fam friends wellness spa,0,0,0,0,0,0,0,0,2,0,0,0,2,1,False,False,FAM FRIENDS WELLNESS SPA
penongs,0,0,0,0,2,0,0,0,0,0,0,0,2,1,False,False,Penongs
peak motors phils inc,0,0,0,0,0,0,0,0,2,0,0,0,2,1,False,False,PEAK MOTORS PHILS INC
pos digital world,0,0,0,0,0,0,0,0,2,0,0,0,2,1,False,False,POS DIGITAL WORLD
fisher fashion store,0,0,0,2,0,0,0,0,0,0,0,0,2,1,False,False,Fisher Fashion Store
pc gadget technologies,0,0,0,0,0,0,0,0,2,0,0,0,2,1,False,False,PC GADGET TECHNOLOGIES
jonies chicken,0,0,0,0,0,0,0,0,2,0,0,0,2,1,False,False,JONIES CHICKEN
fit n style,0,0,0,0,0,0,0,2,0,0,0,0,2,1,False,False,FIT 'N STYLE
fit knead bakeshop,0,0,0,0,0,0,0,0,2,0,0,0,2,1,False,False,FIT KNEAD BAKESHOP
fisher supermarket,0,0,0,2,0,0,0,0,0,0,0,0,2,1,False,False,Fisher Supermarket
potato madness,0,0,0,0,1,0,0,0,0,0,0,1,2,2,False,True,POTATO MADNESS
pc gate,0,0,0,0,2,0,0,0,0,0,0,0,2,1,False,False,PC Gate
man barbers,0,0,0,0,0,0,0,2,0,0,0,0,2,1,False,False,MAN BARBERS
fisher box office,0,0,0,2,0,0,0,0,0,0,0,0,2,1,False,False,Fisher Box Office
potdog yummy delights,0,0,0,0,0,0,0,2,0,0,0,0,2,1,False,False,Potdog Yummy Delights
fish & co,0,0,0,0,0,2,0,0,0,0,0,0,2,1,False,False,Fish & Co.
pc madness,0,0,1,0,0,0,0,0,1,0,0,0,2,2,False,True,Pc Madness
pc office solution,0,0,0,0,1,0,0,1,0,0,0,0,2,2,False,True,PC OFFICE SOLUTION
firefly,0,0,0,0,0,0,0,0,0,0,0,2,2,1,False,False,FIREFLY
samgyuniku,0,0,0,0,0,2,0,0,0,0,0,0,2,1,False,False,Samgyuniku
samgyup saab,0,0,0,0,0,0,0,2,0,0,0,0,2,1,False,False,SAMGYUP SAAB
finds finds,0,0,0,0,0,0,0,0,0,2,0,0,2,1,False,False,FINDS FINDS!
mandara spa,0,0,0,0,0,1,0,0,1,0,0,0,2,2,False,True,The Mandara Spa
fitness first platinum,0,1,0,0,0,0,0,1,0,0,0,0,2,2,False,True,FITNESS FIRST PLATINUM
my dollar store,0,1,1,0,0,0,0,0,0,0,0,0,2,2,False,True,MY DOLLAR STORE
filigrenasia,0,2,0,0,0,0,0,0,0,0,0,0,2,1,False,False,FILIGRENASIA
salazar bakery,0,0,0,0,0,0,0,0,2,0,0,0,2,1,False,False,SALAZAR BAKERY
florista flowers gifts,0,0,0,0,0,0,0,0,2,0,0,0,2,1,False,False,FLORISTA FLOWERS GIFTS
power corner,0,0,0,0,0,0,0,0,2,0,0,0,2,1,False,False,POWER CORNER
mychoice ice cream,0,0,0,0,0,0,0,0,2,0,0,0,2,1,False,False,MYCHOICE ICE CREAM
mai wei fang,0,0,0,0,0,0,0,1,1,0,0,0,2,2,False,True,Mai Wei Fang
pound x flatterie,0,2,0,0,0,0,0,0,0,0,0,0,2,1,False,False,POUND X FLATTERIE
mail plus,0,0,0,0,0,0,0,0,2,0,0,0,2,1,False,False,MAIL PLUS
my pro,0,0,0,0,0,0,0,0,2,0,0,0,2,1,False,False,MY PRO
pound,0,1,0,0,0,0,0,1,0,0,0,0,2,2,False,True,Pound
pc central,0,0,0,0,0,0,0,0,2,0,0,0,2,1,False,False,PC CENTRAL
mama empanada,0,0,0,0,0,0,0,2,0,0,0,0,2,1,False,False,MAMA EMPANADA
sales,0,0,0,0,0,0,0,0,2,0,0,0,2,1,False,False,SALES
mala house,0,0,0,0,0,0,0,1,1,0,0,0,2,2,False,True,MALA HOUSE
sallys kakanin,0,0,0,1,0,0,0,1,0,0,0,0,2,2,False,True,SALLY'S KAKANIN
mall ocean train,0,0,0,0,0,0,0,2,0,0,0,0,2,1,False,False,MALL OCEAN TRAIN
flaming franks,0,1,0,0,0,0,0,1,0,0,0,0,2,2,False,True,FLAMING FRANKS
my girl milktea & coffee,0,0,0,0,0,0,0,2,0,0,0,0,2,1,False,False,My Girl Milktea & Coffee
pc corner,0,0,0,0,0,0,0,0,2,0,0,0,2,1,False,False,PC CORNER
fix & free salon,0,0,2,0,0,0,0,0,0,0,0,0,2,1,False,False,Fix & Free Salon
i bloom massage,0,0,0,0,0,0,0,2,0,0,0,0,2,1,False,False,I-BLOOM MASSAGE
mandarin chinese drugstore,0,0,0,0,0,0,0,2,0,0,0,0,2,1,False,False,Mandarin Chinese Drugstore
saturday dress,0,0,0,0,0,0,0,0,2,0,0,0,2,1,False,False,SATURDAY DRESS
mso music academy,0,2,0,0,0,0,0,0,0,0,0,0,2,1,False,False,MSO MUSIC ACADEMY
mugna leather arts,0,0,0,0,0,0,0,0,2,0,0,0,2,1,False,False,MUGNA LEATHER ARTS
santa barbara polo & racquet club,2,0,0,0,0,0,0,0,0,0,0,0,2,1,False,False,Santa Barbara Polo & Racquet Club
manila bankers life insurance,0,0,0,0,0,0,0,1,0,1,0,0,2,2,False,True,MANILA BANKERS LIFE INSURANCE
fcj pizza,0,0,0,0,0,0,0,1,0,0,0,1,2,2,False,True,FCJ Pizza
pearls and gems,0,0,0,0,0,0,0,2,0,0,0,0,2,1,False,False,PEARLS AND GEMS
santinos pizza,0,0,1,0,0,0,0,1,0,0,0,0,2,2,False,True,Santino's Pizza
jmj,0,0,0,0,0,0,0,2,0,0,0,0,2,1,False,False,JMJ
manjaru outdoors,0,0,0,0,0,0,0,1,0,1,0,0,2,2,False,True,Manjaru Outdoors
sanyang,0,0,0,0,0,0,0,2,0,0,0,0,2,1,False,False,SANYANG
mipanda,0,0,0,0,0,0,0,0,2,0,0,0,2,1,False,False,MIPANDA
jmc watch repair and key duplicate,0,0,0,0,0,0,0,0,2,0,0,0,2,1,False,False,JMC WATCH REPAIR AND KEY DUPLICATE
sarabia jewelry,0,0,0,0,0,0,0,1,1,0,0,0,2,2,False,True,Sarabia Jewelry
jm s shawarma,0,0,0,0,2,0,0,0,0,0,0,0,2,1,False,False,JM\'s Shawarma
pelican fresh farm produce,0,2,0,0,0,0,0,0,0,0,0,0,2,1,False,False,PELICAN FRESH FARM PRODUCE
jlindeberg,0,0,0,0,0,0,0,0,2,0,0,0,2,1,False,False,JLINDEBERG
positive living station,0,1,0,0,0,0,0,1,0,0,0,0,2,2,False,True,Positive Living Station
positive living,0,0,0,0,1,0,0,1,0,0,0,0,2,2,False,True,Positive Living
mr potato,0,0,0,0,0,0,0,1,1,0,0,0,2,2,False,True,Mr. Potato
feelmore,0,0,0,0,0,0,0,0,1,0,0,1,2,2,False,True,FEELMORE
fely js kitchen,0,2,0,0,0,0,0,0,0,0,0,0,2,1,False,False,FELY J’S KITCHEN
must be moms,0,0,0,0,0,0,0,1,1,0,0,0,2,2,False,True,Must Be Moms
mango burst,0,0,0,0,0,0,0,0,2,0,0,0,2,1,False,False,MANGO BURST
i center,0,0,0,0,0,0,0,0,2,0,0,0,2,1,False,False,I-CENTER
musikwizard,0,0,0,0,0,0,0,0,2,0,0,0,2,1,False,False,MUSIKWIZARD
jolly island,0,0,2,0,0,0,0,0,0,0,0,0,2,1,False,False,Jolly Island
pc quickbuys,0,0,0,0,0,0,0,0,2,0,0,0,2,1,False,False,PC QUICKBUYS
fika coffee and tea,0,0,0,0,0,0,0,0,2,0,0,0,2,1,False,False,FIKA COFFEE AND TEA
music jam,0,0,0,0,0,0,0,0,0,0,0,2,2,1,False,False,MUSIC JAM
pc square,0,0,0,0,0,0,0,0,2,0,0,0,2,1,False,False,PC SQUARE
fiesta favorite souvenir,0,0,0,0,0,2,0,0,0,0,0,0,2,1,False,False,Fiesta Favorite Souvenir
fiery style,0,0,0,0,0,1,0,1,0,0,0,0,2,2,False,True,Fiery Style
potato corner plus & nacho bimby,0,0,0,0,0,0,0,0,2,0,0,0,2,1,False,False,POTATO CORNER PLUS & NACHO BIMBY
jojies painitan central,0,0,0,0,0,0,0,0,2,0,0,0,2,1,False,False,JOJIES PAINITAN CENTRAL
johnson fitness and wellness,0,0,0,0,0,0,0,0,2,0,0,0,2,1,False,False,JOHNSON FITNESS AND WELLNESS
fhuxx mobile specialist,0,0,0,0,0,0,0,0,2,0,0,0,2,1,False,False,FHUXX MOBILE SPECIALIST
sanbry,0,0,0,0,0,0,2,0,0,0,0,0,2,1,False,False,Sanbry
sandisk,0,0,0,0,0,0,0,0,2,0,0,0,2,1,False,False,Sandisk
pcx,0,0,0,0,0,0,0,0,2,0,0,0,2,1,False,False,PCX
potato fridays,0,0,0,0,0,0,0,2,0,0,0,0,2,1,False,False,POTATO FRIDAYS
peak sports,1,1,0,0,0,0,0,0,0,0,0,0,2,2,False,True,PEAK SPORTS
eyecrafts,0,0,0,0,0,1,0,1,0,0,0,0,2,2,False,True,Eyecrafts
hafele,0,2,0,0,0,0,0,0,0,0,0,0,2,1,False,False,HAFELE
masil,0,0,0,0,0,0,2,0,0,0,0,0,2,1,False,False,Masil
iclick,0,0,0,0,0,0,0,0,2,0,0,0,2,1,False,False,ICLICK
elle de marrer,0,0,0,0,0,2,0,0,0,0,0,0,2,1,False,False,Elle de Marrer
j co donuts & coffee,0,0,0,0,0,0,0,2,0,0,0,0,2,1,False,False,J. CO DONUTS & COFFEE
metropolis watch service center,0,0,0,0,0,0,0,0,2,0,0,0,2,1,False,False,METROPOLIS WATCH SERVICE CENTER
elevatione,0,2,0,0,0,0,0,0,0,0,0,0,2,1,False,False,ELEVATIONE
photoline pro,0,0,0,0,0,0,0,0,2,0,0,0,2,1,False,False,PHOTOLINE PRO
elephant grounds,0,1,0,0,0,0,0,0,1,0,0,0,2,2,False,True,ELEPHANT GROUNDS
mmec,0,0,0,0,0,0,0,0,2,0,0,0,2,1,False,False,MMEC
iwatch,0,0,0,0,0,0,0,2,0,0,0,0,2,1,False,False,IWATCH
shiahair salon,0,0,0,0,0,0,0,0,2,0,0,0,2,1,False,False,SHIAHAIR SALON
shield pro,0,0,0,0,0,0,0,0,2,0,0,0,2,1,False,False,SHIELD PRO
shilvys delicacies,0,0,0,1,0,0,0,0,1,0,0,0,2,2,False,True,Shilvy's Delicacies
mm sweet fix,0,0,0,0,0,0,0,0,2,0,0,0,2,1,False,False,MM SWEET FIX
electric studio,0,0,0,0,0,1,0,0,1,0,0,0,2,2,False,True,Electric Studio
mgs philippines,0,0,0,0,0,0,0,0,2,0,0,0,2,1,False,False,MGS PHILIPPINES
mlhuillier,0,0,0,0,1,0,0,1,0,0,0,0,2,2,False,True,Mlhuillier
its a small world kids play center,0,0,0,0,0,0,0,0,2,0,0,0,2,1,False,False,ITS A SMALL WORLD KIDS PLAY CENTER
pks mobile,0,0,0,0,0,0,0,2,0,0,0,0,2,1,False,False,PKS Mobile
elars lechon,0,0,0,1,0,0,1,0,0,0,0,0,2,2,False,True,Elar's Lechon
ela wong gadgets shop,0,2,0,0,0,0,0,0,0,0,0,0,2,1,False,False,ELA WONG GADGETS SHOP
inktech,0,0,0,0,2,0,0,0,0,0,0,0,2,1,False,False,Inktech
pizzulu,0,0,0,0,0,1,0,0,1,0,0,0,2,2,False,True,Pizzulu
j emmanuel pastries the house of pili,0,0,0,0,0,0,0,0,2,0,0,0,2,1,False,False,J EMMANUEL PASTRIES THE HOUSE OF PILI
j tech,0,2,0,0,0,0,0,0,0,0,0,0,2,1,False,False,J-TECH
phone center,0,0,1,0,0,0,0,1,0,0,0,0,2,2,False,True,Phone Center
shake n slurp,0,0,0,0,0,0,0,1,1,0,0,0,2,2,False,True,SHAKE N' SLURP
eo kids,0,0,0,0,0,0,0,2,0,0,0,0,2,1,False,False,EO Kids
meralco,0,2,0,0,0,0,0,0,0,0,0,0,2,1,False,False,MERALCO
philippine airlines,0,0,0,0,1,0,0,0,1,0,0,0,2,2,False,True,PHILIPPINE AIRLINES
eo active eyewear,0,2,0,0,0,0,0,0,0,0,0,0,2,1,False,False,EO ACTIVE EYEWEAR
eo,0,0,0,0,0,0,0,2,0,0,0,0,2,1,False,False,EO
meridian,0,1,0,0,0,0,1,0,0,0,0,0,2,2,False,True,MERIDIAN
energea,0,0,0,0,0,0,0,0,2,0,0,0,2,1,False,False,ENERGEA
mobile monkey,0,0,0,0,0,1,0,1,0,0,0,0,2,2,False,True,Mobile Monkey
enchante nail spa,0,0,0,0,0,0,0,0,2,0,0,0,2,1,False,False,ENCHANTE NAIL SPA
planette mobile,0,0,0,0,0,0,0,1,1,0,0,0,2,2,False,True,Planette Mobile
metro gaisano,0,0,0,0,0,2,0,0,0,0,0,0,2,1,False,False,Metro Gaisano
philippine national bank,0,0,0,0,0,0,0,1,0,1,0,0,2,2,False,True,PHILIPPINE NATIONAL BANK
mobile craze,0,0,0,0,0,0,0,1,0,0,1,0,2,2,False,True,Mobile Craze
pho hoa my thai,0,0,1,0,0,0,0,0,1,0,0,0,2,2,False,True,Pho Hoa / My Thai
share tea,0,0,0,0,0,1,0,0,1,0,0,0,2,2,False,True,Share Tea
elyao frozen yogurt,0,0,0,0,0,0,0,0,2,0,0,0,2,1,False,False,ELYAO FROZEN YOGURT
mobile care,0,0,1,0,0,0,0,1,0,0,0,0,2,2,False,True,MOBILE CARE
phone care,0,0,0,0,0,0,0,0,0,0,2,0,2,1,False,False,Phone Care
metro department store,0,2,0,0,0,0,0,0,0,0,0,0,2,1,False,False,METRO DEPARTMENT STORE
metro department store & supermarket,0,2,0,0,0,0,0,0,0,0,0,0,2,1,False,False,METRO DEPARTMENT STORE & SUPERMARKET
eggstacy,0,0,0,0,0,0,0,2,0,0,0,0,2,1,False,False,EGGSTACY
pizza planet,0,0,0,0,0,0,1,0,1,0,0,0,2,2,False,True,Pizza Planet
shoe hub,0,0,0,0,2,0,0,0,0,0,0,0,2,1,False,False,Shoe Hub
island tea company,0,0,0,0,0,0,0,1,1,0,0,0,2,2,False,True,Island Tea Company
eat pizza,0,0,0,0,0,0,0,0,2,0,0,0,2,1,False,False,EAT PIZZA
pink honey,1,0,0,0,0,0,0,1,0,0,0,0,2,2,False,True,Pink Honey
misuta gyoza,0,0,0,0,0,1,0,1,0,0,0,0,2,2,False,True,MISUTA GYOZA
mister labada,0,0,0,0,0,0,0,1,1,0,0,0,2,2,False,True,MISTER LABADA
siklab,0,0,1,0,0,0,0,0,1,0,0,0,2,2,False,True,Siklab
ming fu asian cuisine,0,1,0,0,0,0,0,1,0,0,0,0,2,2,False,True,Ming Fu Asian Cuisine
mirangcurl,0,0,0,0,0,0,0,0,2,0,0,0,2,1,False,False,MIRANGCURL
isabela vision,0,0,0,0,0,0,0,0,0,0,0,2,2,1,False,False,ISABELA VISION
east west bank,0,0,0,0,2,0,0,0,0,0,0,0,2,1,False,False,East West Bank
silver finds,0,1,0,0,0,0,0,1,0,0,0,0,2,2,False,True,Silver Finds
pink parlour prestige,0,0,0,0,0,1,0,0,1,0,0,0,2,2,False,True,Pink Parlour Prestige
earl of sandwich,0,1,0,0,0,0,1,0,0,0,0,0,2,2,False,True,EARL OF SANDWICH
miranda optical,0,1,0,0,0,0,0,0,0,0,0,1,2,2,False,True,MIRANDA OPTICAL
minimobile gadget accessories cellphone repair shop,0,0,0,0,0,0,0,0,2,0,0,0,2,1,False,False,MINIMOBILE GADGET ACCESSORIES CELLPHONE REPAIR SHOP
pie express,0,0,1,0,0,0,0,0,1,0,0,0,2,2,False,True,Pie Express
silver works,0,0,1,0,0,0,0,1,0,0,0,0,2,2,False,True,Silver Works
e restore leather works,0,0,0,0,0,0,0,0,2,0,0,0,2,1,False,False,E RESTORE LEATHER WORKS
e restore,0,0,0,0,0,0,1,0,1,0,0,0,2,2,False,True,E Restore
e phone,0,1,0,0,0,0,0,0,1,0,0,0,2,2,False,True,E-PHONE
ministuff access,0,0,0,0,0,0,0,0,2,0,0,0,2,1,False,False,MINISTUFF ACCESS
ebi10,0,0,0,0,0,0,2,0,0,0,0,0,2,1,False,False,EBI10
milko,0,0,0,0,0,0,0,0,2,0,0,0,2,1,False,False,MILKO
michelles putong ube,0,0,1,0,0,0,0,1,0,0,0,0,2,2,False,True,Michelle’s Putong Ube
edia,0,1,0,0,0,0,0,0,1,0,0,0,2,2,False,True,EDIA
mk kitchen equipment,0,0,0,0,0,0,0,1,1,0,0,0,2,2,False,True,MK KITCHEN EQUIPMENT
itaewon,0,0,0,0,0,0,0,0,2,0,0,0,2,1,False,False,ITAEWON
egg house,0,0,0,0,0,1,1,0,0,0,0,0,2,2,False,True,Egg House
microcell,0,0,0,0,2,0,0,0,0,0,0,0,2,1,False,False,Microcell
pios cotton candy,0,1,1,0,0,0,0,0,0,0,0,0,2,2,False,True,Pio’s Cotton Candy
shopitude,0,0,0,0,0,0,0,2,0,0,0,0,2,1,False,False,Shopitude (Temporarily Closed)
microgadgets service center,0,0,0,0,0,0,0,0,2,0,0,0,2,1,False,False,MICROGADGETS SERVICE CENTER
intogadgets,0,1,0,0,0,0,0,1,0,0,0,0,2,2,False,True,INTOGADGETS
shoti squid balls,0,0,0,0,2,0,0,0,0,0,0,0,2,1,False,False,Shoti Squid Balls
miguelitos,0,0,0,0,0,0,0,1,0,0,0,1,2,2,False,True,MIGUELITOS
ipxpress,0,0,0,0,0,0,0,0,2,0,0,0,2,1,False,False,IPXPRESS
shrimp shack,0,0,0,0,0,0,0,1,1,0,0,0,2,2,False,True,The Shrimp Shack
pinoy siopao,0,0,0,0,0,0,0,1,1,0,0,0,2,2,False,True,Pinoy Siopao
istyle mobile accessories,0,0,0,0,0,0,0,0,2,0,0,0,2,1,False,False,ISTYLE MOBILE ACCESSORIES
istudio plus,0,0,0,0,0,1,0,1,0,0,0,0,2,2,False,True,iStudio Plus
pinoy pao,0,0,0,0,0,0,0,0,0,0,0,2,2,1,False,False,PINOY PAO
istudio,0,0,1,0,0,0,1,0,0,0,0,0,2,2,False,True,Istudio
issy,0,0,1,0,0,0,0,1,0,0,0,0,2,2,False,True,Issy
si gabrillo optical,0,0,0,0,0,0,0,2,0,0,0,0,2,1,False,False,Si-Gabrillo Optical
pinkberry,0,0,0,0,0,0,1,0,1,0,0,0,2,2,False,True,Pinkberry
mobile suite,0,0,0,0,0,0,0,0,2,0,0,0,2,1,False,False,MOBILE SUITE
mobile tools,0,0,0,0,0,0,0,0,2,0,0,0,2,1,False,False,MOBILE TOOLS
mens room,0,0,0,0,0,0,1,0,1,0,0,0,2,2,False,True,The Mens Room
mooon cafe,0,0,0,0,0,0,0,1,1,0,0,0,2,2,False,True,MOOON CAFE
mayet dela rosa fine jewelry,0,0,0,0,0,0,0,2,0,0,0,0,2,1,False,False,Mayet Dela Rosa Fine Jewelry
motech auto service center,0,2,0,0,0,0,0,0,0,0,0,0,2,1,False,False,MOTECH AUTO SERVICE CENTER
mbt,0,1,1,0,0,0,0,0,0,0,0,0,2,2,False,True,MBT
sea choice,0,0,0,0,0,0,0,2,0,0,0,0,2,1,False,False,SEA CHOICE
moromax money changer,0,0,0,0,0,0,0,2,0,0,0,0,2,1,False,False,Moromax Money Changer
morning after,0,1,1,0,0,0,0,0,0,0,0,0,2,2,False,True,THE MORNING AFTER
seafood island,0,1,0,0,0,1,0,0,0,0,0,0,2,2,False,True,SEAFOOD ISLAND
mc master siomai hut,0,0,0,0,0,0,0,0,2,0,0,0,2,1,False,False,MC MASTER SIOMAI HUT
iguanas sandals,0,0,0,0,0,0,0,1,0,0,0,1,2,2,False,True,Iguanas Sandals
moonleaf,0,0,0,0,1,0,0,0,1,0,0,0,2,2,False,True,MOONLEAF
scribe writing essentials,0,0,0,0,0,0,0,0,2,0,0,0,2,1,False,False,SCRIBE WRITING ESSENTIALS
florsheim shoe company,0,0,0,0,0,0,0,0,2,0,0,0,2,1,False,False,FLORSHEIM SHOE COMPANY
mookies oatmeal cookies,0,0,0,0,0,0,0,0,2,0,0,0,2,1,False,False,MOOKIES OATMEAL COOKIES
pngb,0,0,1,0,0,0,0,1,0,0,0,0,2,2,False,True,PNGB
pet safari,0,0,0,0,2,0,0,0,0,0,0,0,2,1,False,False,Pet Safari
ikshava fresh sugar,0,0,0,0,0,0,0,0,2,0,0,0,2,1,False,False,IKSHAVA FRESH SUGAR
monster mango,0,0,0,0,0,0,0,2,0,0,0,0,2,1,False,False,Monster Mango
express repair,0,0,0,0,0,0,0,0,2,0,0,0,2,1,False,False,EXPRESS REPAIR
mdf massage chair,0,0,0,0,0,0,0,2,0,0,0,0,2,1,False,False,MDF MASSAGE CHAIR
expert gadget accessories,0,0,0,0,0,0,0,0,2,0,0,0,2,1,False,False,EXPERT GADGET ACCESSORIES
ifx foreign exchange,0,0,0,0,0,0,0,0,0,0,2,0,2,1,False,False,IFX Foreign Exchange
polk audio home theater & hifi,0,2,0,0,0,0,0,0,0,0,0,0,2,1,False,False,POLK AUDIO HOME THEATER & HIFI
executive optical kids,0,0,0,0,0,2,0,0,0,0,0,0,2,1,False,False,Executive Optical Kids
idd,0,0,0,0,0,0,0,0,2,0,0,0,2,1,False,False,IDD
eye sports center by ideal vision center,0,0,0,0,0,0,0,0,2,0,0,0,2,1,False,False,EYE SPORTS CENTER BY IDEAL VISION CENTER
mq,0,0,0,0,0,0,0,0,2,0,0,0,2,1,False,False,MQ
masuki,0,0,0,0,0,1,0,0,1,0,0,0,2,2,False,True,Masuki
jewel cafe,0,0,1,0,0,1,0,0,0,0,0,0,2,2,False,True,Jewel Cafe
pergasso,0,0,0,0,0,0,0,0,2,0,0,0,2,1,False,False,PERGASSO
eye society,0,0,0,0,0,0,0,0,2,0,0,0,2,1,False,False,EYE SOCIETY
matimco wood lounge,0,0,0,0,0,0,0,0,2,0,0,0,2,1,False,False,MATIMCO WOOD LOUNGE
matrix,0,0,0,0,0,0,1,0,1,0,0,0,2,2,False,True,Matrix
iconique,0,1,0,0,0,0,0,0,1,0,0,0,2,2,False,True,ICONIQUE
jems barber shop,0,0,0,0,0,0,0,2,0,0,0,0,2,1,False,False,Jem's Barber Shop (OPEN)
maybank,0,0,0,0,0,1,0,1,0,0,0,0,2,2,False,True,Maybank
scouts honor,0,0,0,0,0,1,0,1,0,0,0,0,2,2,False,True,SCOUT'S HONOR (9853060953)
maxicare primary care clinic,0,0,0,0,0,0,0,2,0,0,0,0,2,1,False,False,MAXICARE PRIMARY CARE CLINIC
jems barber salon,0,0,0,0,0,0,0,2,0,0,0,0,2,1,False,False,Jem's Barber Salon
pooch park,1,0,0,0,0,0,0,1,0,0,0,0,2,2,False,True,Pooch Park
jelly g,0,2,0,0,0,0,0,0,0,0,0,0,2,1,False,False,JELLY G
screen protexzone,0,0,0,0,0,0,0,0,2,0,0,0,2,1,False,False,SCREEN PROTEXZONE
maxwax,0,0,0,0,0,0,0,1,1,0,0,0,2,2,False,True,MAXWAX
maxwax waxing & brow design studio,0,2,0,0,0,0,0,0,0,0,0,0,2,1,False,False,MAXWAX WAXING & BROW DESIGN STUDIO
idim diy bakery,0,0,0,0,0,0,0,0,2,0,0,0,2,1,False,False,IDIM DIY BAKERY
monster burger,0,0,0,0,0,0,0,0,0,0,0,2,2,1,False,False,MONSTER BURGER
jcs music,0,0,0,0,0,0,0,2,0,0,0,0,2,1,False,False,JCS Music
sewing room & alterations specialist,0,2,0,0,0,0,0,0,0,0,0,0,2,1,False,False,THE SEWING ROOM & ALTERATIONS SPECIALIST
indio filipino,0,0,0,0,0,0,0,2,0,0,0,0,2,1,False,False,Indio Filipino
meetrovi,0,0,0,0,1,0,0,0,1,0,0,0,2,2,False,True,MEETROVI
seohyun fashion jewelry,0,0,0,0,2,0,0,0,0,0,0,0,2,1,False,False,Seohyun Fashion Jewelry
in tune pro music center,0,0,0,0,0,0,0,0,2,0,0,0,2,1,False,False,IN-TUNE PRO MUSIC CENTER
petshop ph,0,1,1,0,0,0,0,0,0,0,0,0,2,2,False,True,PETSHOP.PH
phat pho,0,1,0,0,0,0,0,1,0,0,0,0,2,2,False,True,Phat Pho
seoul samgyupsal,0,0,0,0,0,0,0,0,2,0,0,0,2,1,False,False,SEOUL SAMGYUPSAL
jay js inasal & restaurant,0,0,0,0,0,0,0,0,0,2,0,0,2,1,False,False,JAY-J'S INASAL & RESTAURANT
seoul yummy,0,0,0,0,0,0,0,1,1,0,0,0,2,2,False,True,Seoul Yummy
seoulskin premier aesthetics,0,0,0,0,0,0,0,0,2,0,0,0,2,1,False,False,SEOULSKIN PREMIER AESTHETICS
indio filipino clothing,0,0,0,0,0,0,1,0,1,0,0,0,2,2,False,True,Indio Filipino Clothing
euro baker,0,0,0,0,2,0,0,0,0,0,0,0,2,1,False,False,Euro Baker
jaslime,0,0,0,0,0,0,0,0,2,0,0,0,2,1,False,False,JASLIME
megacare medical services,0,0,0,0,0,0,0,0,2,0,0,0,2,1,False,False,MEGACARE MEDICAL SERVICES
megapixel,0,0,0,0,0,0,0,2,0,0,0,0,2,1,False,False,MEGAPIXEL
esencia day spa,0,1,0,0,0,1,0,0,0,0,0,0,2,2,False,True,ESENCIA DAY SPA
platinum karaoke,0,0,0,0,0,2,0,0,0,0,0,0,2,1,False,False,Platinum Karaoke
memo xpress,0,0,0,0,0,0,0,2,0,0,0,0,2,1,False,False,Memo Xpress
memoexpress,0,0,0,0,0,0,1,1,0,0,0,0,2,2,False,True,Memoexpress
japan homes centre,0,0,0,0,0,0,0,2,0,0,0,0,2,1,False,False,Japan Homes Centre
mobisews,0,0,0,0,0,0,0,0,2,0,0,0,2,1,False,False,MOBISEWS
sentro 1771,0,1,0,0,0,0,1,0,0,0,0,0,2,2,False,True,SENTRO 1771
meet fresh,0,0,0,0,0,0,0,0,2,0,0,0,2,1,False,False,MEET FRESH
il hwa,0,0,0,0,0,0,0,0,2,0,0,0,2,1,False,False,IL HWA
segunda mana,0,2,0,0,0,0,0,0,0,0,0,0,2,1,False,False,SEGUNDA MANA
me fashion accessories,0,0,0,0,0,0,0,0,2,0,0,0,2,1,False,False,ME FASHION ACCESSORIES
il padrino coffee,0,1,0,0,0,0,0,0,1,0,0,0,2,2,False,True,IL PADRINO COFFEE
monga,0,0,0,0,0,0,0,0,2,0,0,0,2,1,False,False,MONGA
pet zoofari,0,1,0,0,0,0,0,0,1,0,0,0,2,2,False,True,PET ZOOFARI
medco dental,0,0,0,0,0,0,0,2,0,0,0,0,2,1,False,False,Medco Dental
monarc,0,0,0,0,0,0,0,0,2,0,0,0,2,1,False,False,MONARC
petal avenue,0,0,0,0,0,0,0,0,2,0,0,0,2,1,False,False,PETAL AVENUE
jbl store,0,0,0,0,0,0,0,2,0,0,0,0,2,1,False,False,JBL STORE
medicard,0,0,1,0,0,1,0,0,0,0,0,0,2,2,False,True,MediCard
jbl dare to listen,0,0,0,0,0,0,0,0,2,0,0,0,2,1,False,False,JBL DARE TO LISTEN
in 2 skating garments and accessories,0,0,0,0,0,0,0,0,2,0,0,0,2,1,False,False,IN 2 SKATING GARMENTS AND ACCESSORIES
jbl acoustical space,0,0,0,0,0,0,0,0,2,0,0,0,2,1,False,False,JBL ACOUSTICAL SPACE
plc watch repair services,0,2,0,0,0,0,0,0,0,0,0,0,2,1,False,False,PLC WATCH REPAIR SERVICES
evernew,0,0,0,0,0,0,2,0,0,0,0,0,2,1,False,False,Evernew
everlast rings,0,0,0,0,0,0,0,0,2,0,0,0,2,1,False,False,EVERLAST RINGS
seiko showroom,0,0,0,0,0,0,0,0,2,0,0,0,2,1,False,False,SEIKO SHOWROOM
imono jewelry,0,2,0,0,0,0,0,0,0,0,0,0,2,1,False,False,IMONO JEWELRY
playland,0,0,0,2,0,0,0,0,0,0,0,0,2,1,False,False,Playland
sen ryo,0,0,0,0,0,0,1,0,1,0,0,0,2,2,False,True,sen-ryo
imperium,0,0,0,0,0,0,0,0,2,0,0,0,2,1,False,False,IMPERIUM
seafood pier,0,0,0,0,0,0,0,0,2,0,0,0,2,1,False,False,SEAFOOD PIER
fortune jewellers,0,0,0,0,0,0,0,2,0,0,0,0,2,1,False,False,Fortune Jewellers
sakura,0,2,0,0,0,0,0,0,0,0,0,0,2,1,False,False,SAKURA
purple pad thai,0,0,0,0,0,0,0,0,2,0,0,0,2,1,False,False,PURPLE PAD THAI
kids depot,0,1,1,0,0,0,0,0,0,0,0,0,2,2,False,True,KIDS' DEPOT
lavish lashes,0,0,0,0,0,0,0,1,1,0,0,0,2,2,False,True,Lavish Lashes
kids box by kidzooona,0,0,0,0,0,0,0,2,0,0,0,0,2,1,False,False,KID'S BOX BY KIDZOOONA
healthy thoughts,0,0,0,0,0,0,0,0,2,0,0,0,2,1,False,False,HEALTHY THOUGHTS
repair master gadget center,0,0,0,0,0,0,0,0,2,0,0,0,2,1,False,False,REPAIR MASTER GADGET CENTER
purple rice,0,0,0,0,0,1,0,0,1,0,0,0,2,2,False,True,Purple Rice
hearts and arrows,0,2,0,0,0,0,0,0,0,0,0,0,2,1,False,False,HEARTS AND ARROWS
oh so playhouse,0,0,0,0,0,0,0,0,2,0,0,0,2,1,False,False,OH SO PLAYHOUSE
hearts and bells,0,0,0,0,0,1,0,1,0,0,0,0,2,2,False,True,HEARTS AND BELLS
pad by padis point,0,0,0,0,0,0,0,0,2,0,0,0,2,1,False,False,THE PAD by PADIS POINT
glorys ilocos empanada,0,0,0,0,0,0,0,0,2,0,0,0,2,1,False,False,GLORY'S ILOCOS EMPANADA
healthy shabu shabu,0,0,0,0,0,0,0,1,1,0,0,0,2,2,False,True,Healthy Shabu-Shabu
gloria maris,0,0,0,0,0,1,1,0,0,0,0,0,2,2,False,True,Gloria Maris
laycom cellphone and accessories shop,0,0,0,0,0,0,0,0,2,0,0,0,2,1,False,False,LAYCOM CELLPHONE AND ACCESSORIES SHOP
odysseus wedding rings,1,0,0,0,0,1,0,0,0,0,0,0,2,2,False,True,Odysseus Wedding Rings
purple oven,0,1,0,0,0,1,0,0,0,0,0,0,2,2,False,True,PURPLE OVEN
le gran tempus,0,0,0,0,0,0,0,0,2,0,0,0,2,1,False,False,LE GRAN TEMPUS
purple haze designs,0,0,0,0,0,0,0,1,1,0,0,0,2,2,False,True,Purple Haze Designs
glass pp cellphone accessories,0,0,0,0,0,0,0,0,2,0,0,0,2,1,False,False,GLASS PP CELLPHONE ACCESSORIES
retrosweets,0,2,0,0,0,0,0,0,0,0,0,0,2,1,False,False,RETROSWEETS
le katsu,0,0,0,0,0,0,0,2,0,0,0,0,2,1,False,False,Le Katsu
island souvenirs,0,1,0,0,0,0,0,1,0,0,0,0,2,2,False,True,Island Souvenirs
kids hair salon,0,2,0,0,0,0,0,0,0,0,0,0,2,1,False,False,KIDS HAIR SALON
lavie,0,0,0,0,0,0,0,0,2,0,0,0,2,1,False,False,LAVIE
khaleb shawarma,0,0,0,0,0,0,0,0,1,0,1,0,2,2,False,True,KHALEB SHAWARMA
lasa filipino bbq roast by lola,0,0,0,0,0,0,0,0,2,0,0,0,2,1,False,False,LASA FILIPINO BBQ ROAST BY LOLA
okoy king,0,0,0,0,0,0,0,2,0,0,0,0,2,1,False,False,THE OKOY KING
healthie fresh fruit shakes,0,0,0,0,0,0,0,0,2,0,0,0,2,1,False,False,HEALTHIE FRESH FRUIT SHAKES
gold n diamond,0,0,0,0,0,0,0,1,1,0,0,0,2,2,False,True,Gold N Diamond
gold creation jewelry center,0,0,0,0,0,0,0,0,2,0,0,0,2,1,False,False,GOLD CREATION JEWELRY CENTER
healthway,0,0,1,0,0,0,1,0,0,0,0,0,2,2,False,True,Healthway
healthy human,0,0,0,0,0,0,0,0,2,0,0,0,2,1,False,False,HEALTHY HUMAN
relaxia,0,0,0,0,0,0,0,0,2,0,0,0,2,1,False,False,RELAXIA
kimochi aroma,0,1,0,0,0,1,0,0,0,0,0,0,2,2,False,True,KIMOCHI AROMA
oxvor cellular,0,0,1,0,0,0,0,0,0,1,0,0,2,2,False,True,Oxvor Cellular
go salads,0,0,0,0,0,2,0,0,0,0,0,0,2,1,False,False,Go Salads
oxy originals,0,0,0,0,0,0,2,0,0,0,0,0,2,1,False,False,Oxy Originals
remillys yema cake,0,0,0,0,0,0,0,0,2,0,0,0,2,1,False,False,REMILLYS YEMA CAKE
go lokal,0,0,1,0,0,0,0,1,0,0,0,0,2,2,False,True,Go Lokal
kidzooona tiny,0,0,0,0,0,0,0,0,2,0,0,0,2,1,False,False,KIDZOOONA TINY
kidventure play center,0,0,0,0,0,0,0,0,2,0,0,0,2,1,False,False,KIDVENTURE PLAY CENTER
reloading station,0,0,0,0,0,0,0,2,0,0,0,0,2,1,False,False,Reloading Station
oishi batchoi,0,0,0,0,0,0,0,1,1,0,0,0,2,2,False,True,Oishi Batchoi
gnc,0,0,0,0,0,0,0,2,0,0,0,0,2,1,False,False,GNC
healthy lemon est 2021 lemonade station,0,0,0,0,0,0,0,0,2,0,0,0,2,1,False,False,HEALTHY LEMON EST 2021 LEMONADE STATION
ohh la lash,0,2,0,0,0,0,0,0,0,0,0,0,2,1,False,False,OHH LA LASH
q cards,0,0,1,0,0,0,0,0,1,0,0,0,2,2,False,True,Q-cards
remedy,0,1,0,0,0,1,0,0,0,0,0,0,2,2,False,True,REMEDY
le katsu mnl,0,1,0,0,0,0,0,1,0,0,0,0,2,2,False,True,LE KATSU MNL
octoboy,0,1,0,0,0,0,0,0,0,0,0,1,2,2,False,True,OCTOBOY
sairam playland,0,0,0,0,0,0,0,0,2,0,0,0,2,1,False,False,SAIRAM PLAYLAND
pancit ng taga malabon,0,0,0,0,0,0,0,1,1,0,0,0,2,2,False,True,Pancit Ng Taga Malabon
panaderia agape,0,0,0,0,0,0,0,0,2,0,0,0,2,1,False,False,PANADERIA AGAPE
kenji tei,0,2,0,0,0,0,0,0,0,0,0,0,2,1,False,False,KENJI TEI
panaderia de molo,0,0,0,0,0,1,0,0,1,0,0,0,2,2,False,True,Panaderia de Molo
lenovo mobile,0,0,0,0,0,0,0,0,2,0,0,0,2,1,False,False,LENOVO MOBILE
herrera brothers,0,0,0,0,0,0,0,0,2,0,0,0,2,1,False,False,HERRERA BROTHERS
lenscrafter shop,0,0,0,0,0,0,0,0,2,0,0,0,2,1,False,False,THE LENSCRAFTER SHOP
ricky reyes hair clinic,0,0,0,0,0,1,0,0,1,0,0,0,2,2,False,True,Ricky Reyes Hair Clinic
leonardos salon and barbers,0,0,0,0,0,0,0,0,2,0,0,0,2,1,False,False,LEONARDOS SALON AND BARBERS
gerrys restaurant and bar,0,0,0,0,0,0,0,0,2,0,0,0,2,1,False,False,GERRYS RESTAURANT AND BAR
levi s,0,0,0,0,2,0,0,0,0,0,0,0,2,1,False,False,Levi\'s
panda shabu shabu,0,0,0,0,0,0,0,0,2,0,0,0,2,1,False,False,PANDA SHABU SHABU
henrys professional,0,2,0,0,0,0,0,0,0,0,0,0,2,1,False,False,HENRY'S PROFESSIONAL
lfafa enterprise,0,0,0,1,0,0,0,1,0,0,0,0,2,2,False,True,Lfafa Enterprise (Massage Chairs)
psalm medical center,0,0,0,0,0,0,0,1,1,0,0,0,2,2,False,True,Psalm Medical Center
north face,0,0,0,0,0,0,0,0,2,0,0,0,2,1,False,False,THE NORTH FACE
geotime fusion,0,0,0,0,0,0,0,1,0,1,0,0,2,2,False,True,Geotime Fusion
hey fried rice,0,0,0,0,0,0,0,2,0,0,0,0,2,1,False,False,HEY FRIED RICE
hey gulu,0,0,0,0,0,0,0,0,2,0,0,0,2,1,False,False,HEY GULU
nora hair salon,0,0,0,0,0,0,0,1,1,0,0,0,2,2,False,True,NORA HAIR SALON
george and onnies,0,0,0,0,0,0,1,1,0,0,0,0,2,2,False,True,GEORGE and ONNIE'S
george,0,2,0,0,0,0,0,0,0,0,0,0,2,1,False,False,GEORGE
noonsaram,0,0,0,0,2,0,0,0,0,0,0,0,2,1,False,False,Noonsaram
palawan pawnshop,0,0,0,0,0,0,0,1,0,0,1,0,2,2,False,True,PALAWAN PAWNSHOP
nut water buko juice,0,0,0,0,0,0,0,0,2,0,0,0,2,1,False,False,NUT WATER BUKO JUICE
reviva luxury garment care,0,0,0,0,0,0,0,1,1,0,0,0,2,2,False,True,REVIVA LUXURY GARMENT CARE
helping hands,0,0,0,0,0,0,0,0,2,0,0,0,2,1,False,False,THE HELPING HANDS
puregold,0,1,0,0,0,0,0,0,0,1,0,0,2,2,False,True,PUREGOLD
le sucre lab,0,1,0,0,0,0,0,0,1,0,0,0,2,2,False,True,LE SUCRE LAB
giz hub,0,0,0,0,0,0,0,0,2,0,0,0,2,1,False,False,GIZ HUB
giwa korean grill dine,0,0,0,0,0,0,0,0,2,0,0,0,2,1,False,False,GIWA KOREAN GRILL DINE
giordano ladies,0,0,0,0,0,1,0,0,1,0,0,0,2,2,False,True,Giordano Ladies
gioielli,0,0,0,0,0,0,0,0,2,0,0,0,2,1,False,False,GIOIELLI
helen s jewelry,0,0,0,0,2,0,0,0,0,0,0,0,2,1,False,False,Helen\'s Jewelry
league of gamers,0,0,0,0,0,0,0,0,2,0,0,0,2,1,False,False,LEAGUE OF GAMERS
keystamps,0,2,0,0,0,0,0,0,0,0,0,0,2,1,False,False,KEYSTAMPS
gintell,0,0,0,0,0,0,0,1,1,0,0,0,2,2,False,True,GINTELL
rg optical,0,0,0,0,0,0,0,1,1,0,0,0,2,2,False,True,RG Optical
kettofage creation,0,0,0,0,0,0,0,0,2,0,0,0,2,1,False,False,KETTOFAGE CREATION
ocampos,1,1,0,0,0,0,0,0,0,0,0,0,2,2,False,True,OCAMPO'S
oasis,0,0,0,0,0,0,0,0,2,0,0,0,2,1,False,False,OASIS
hemotek renal center,0,0,1,0,0,0,0,1,0,0,0,0,2,2,False,True,Hemotek Renal Center
left behind,0,2,0,0,0,0,0,0,0,0,0,0,2,1,False,False,LEFT BEHIND
puffys souffle pancake cafe,0,0,0,0,0,0,0,2,0,0,0,0,2,1,False,False,Puffy's Souffle Pancake Cafe
legazpi four seasons restaurant,0,0,0,0,0,0,0,0,2,0,0,0,2,1,False,False,LEGAZPI FOUR SEASONS RESTAURANT
giligans island restaurant and bar,0,0,0,0,0,0,0,0,2,0,0,0,2,1,False,False,GILIGANS ISLAND RESTAURANT AND BAR
lemon aid,0,0,0,0,0,0,0,0,2,0,0,0,2,1,False,False,LEMON AID
lemon feels,0,0,0,0,0,0,0,2,0,0,0,0,2,1,False,False,Lemon Feels
lemon grass,0,1,0,0,0,0,0,0,1,0,0,0,2,2,False,True,THE LEMON GRASS
refresh,0,0,0,0,0,0,0,2,0,0,0,0,2,1,False,False,REFRESH
reforma studio,0,1,0,0,0,1,0,0,0,0,0,0,2,2,False,True,REFORMA STUDIO
lapid dental center,0,1,0,0,0,0,0,1,0,0,0,0,2,2,False,True,THE LAPID DENTAL CENTER
optic city,0,0,0,0,0,0,0,0,2,0,0,0,2,1,False,False,OPTIC CITY
ortiz skin clinic,0,0,0,0,0,0,0,0,2,0,0,0,2,1,False,False,ORTIZ SKIN CLINIC
r a f,0,0,0,0,0,0,0,2,0,0,0,0,2,1,False,False,R.A.F (INSIDE MAISONETTE)
hanamaruken ramen,0,0,0,0,0,1,1,0,0,0,0,0,2,2,False,True,Hanamaruken Ramen
greenwich to go,0,0,0,0,0,0,0,0,0,0,0,2,2,1,False,False,GREENWICH TO GO
klgo mobile accessories,0,0,0,0,0,0,0,2,0,0,0,0,2,1,False,False,KLGO MOBILE ACCESSORIES
hangout resto place,0,0,0,0,0,0,0,0,2,0,0,0,2,1,False,False,HANGOUT RESTO PLACE
hannah marielles bakes and cakes,0,0,0,0,0,0,0,0,2,0,0,0,2,1,False,False,HANNAH MARIELLES BAKES AND CAKES
kutie kuts,0,0,0,0,0,0,0,0,2,0,0,0,2,1,False,False,KUTIE KUTS
greenkreations,0,0,0,0,0,0,0,0,2,0,0,0,2,1,False,False,GREENKREATIONS
kutie kuts kids salon,0,0,0,0,0,0,1,1,0,0,0,0,2,2,False,True,Kutie Kuts Kids Salon
hapchan,0,0,0,0,0,0,0,2,0,0,0,0,2,1,False,False,HAPCHAN
gringo,0,1,1,0,0,0,0,0,0,0,0,0,2,2,False,True,GRINGO
otop philippines hub,0,2,0,0,0,0,0,0,0,0,0,0,2,1,False,False,OTOP PHILIPPINES HUB
happilee korean kitchen,0,0,0,0,0,0,1,0,1,0,0,0,2,2,False,True,Happilee Korean Kitchen
kwatogs,0,0,0,0,0,0,0,1,1,0,0,0,2,2,False,True,KWATOGS
green kitchen,0,0,0,0,0,0,0,0,1,0,1,0,2,2,False,True,GREEN KITCHEN
quicklean,0,0,0,0,0,2,0,0,0,0,0,0,2,1,False,False,Quicklean
kwentong barbero,0,0,0,0,0,0,0,0,2,0,0,0,2,1,False,False,KWENTONG BARBERO
rbrs gadget center,0,0,0,0,0,0,0,0,2,0,0,0,2,1,False,False,RBRS GADGET CENTER
rbx rice in a box,0,1,0,0,0,0,0,1,0,0,0,0,2,2,False,True,RBX Rice In A Box
oppa studio,0,0,0,0,0,0,0,1,1,0,0,0,2,2,False,True,OPPA STUDIO
happy leaf milk tea place,0,0,0,0,0,0,0,0,2,0,0,0,2,1,False,False,HAPPY LEAF MILK TEA PLACE
options,0,0,0,0,0,0,0,1,1,0,0,0,2,2,False,True,Options
r florete jewelry,0,0,0,0,0,0,0,2,0,0,0,0,2,1,False,False,R. Florete Jewelry
golden glow traditional thai massage and,0,2,0,0,0,0,0,0,0,0,0,0,2,1,False,False,GOLDEN GLOW TRADITIONAL THAI MASSAGE AND
ramen daisho,0,0,0,0,0,0,0,1,1,0,0,0,2,2,False,True,RAMEN DAISHO
habagat,0,0,0,0,1,0,0,0,1,0,0,0,2,2,False,True,HABAGAT
h2o life source,0,0,0,0,0,2,0,0,0,0,0,0,2,1,False,False,H2O Life Source
koibitos world of gelato,0,0,0,0,0,1,0,0,1,0,0,0,2,2,False,True,KOIBITOS WORLD OF GELATO
rafabels cafe and patisserie,0,0,0,0,0,0,0,0,2,0,0,0,2,1,False,False,RAFABELS CAFE AND PATISSERIE
original cake,0,0,0,0,0,0,0,0,1,1,0,0,2,2,False,True,ORIGINAL CAKE
hai sha,0,0,0,2,0,0,0,0,0,0,0,0,2,1,False,False,Hai-Sha
orodiam jewellery,0,0,0,0,0,0,0,0,2,0,0,0,2,1,False,False,ORODIAM JEWELLERY
hainanese delights,0,0,0,0,0,0,0,2,0,0,0,0,2,1,False,False,Hainanese Delights
orogem jewellers,0,1,0,0,0,0,1,0,0,0,0,0,2,2,False,True,OROGEM JEWELLERS
kogi q,0,0,0,0,0,0,0,0,2,0,0,0,2,1,False,False,KOGI Q
ramen dojo,0,1,0,0,0,0,0,0,1,0,0,0,2,2,False,True,RAMEN DOJO
ramen young wasabi,0,0,1,0,0,0,0,1,0,0,0,0,2,2,False,True,RAMEN YOUNG WASABI
hair studio,0,0,0,0,2,0,0,0,0,0,0,0,2,1,False,False,Hair Studio
haircutters de legazpi city,0,0,0,0,0,0,0,0,2,0,0,0,2,1,False,False,HAIRCUTTERS DE LEGAZPI CITY
guanzon,0,0,0,0,0,0,0,2,0,0,0,0,2,1,False,False,Guanzon
ortigas cinemas,0,0,0,0,0,0,2,0,0,0,0,0,2,1,False,False,Ortigas Cinemas
knickerbocker refreshment stall,0,0,0,0,0,0,0,0,2,0,0,0,2,1,False,False,KNICKERBOCKER REFRESHMENT STALL
origin gold jewelers,0,0,0,0,0,0,0,0,2,0,0,0,2,1,False,False,ORIGIN GOLD JEWELERS
hairscape ph,0,1,0,0,0,0,0,1,0,0,0,0,2,2,False,True,Hairscape.Ph
orange bucket,0,0,0,0,0,2,0,0,0,0,0,0,2,1,False,False,The Orange Bucket
ramen nagi tendon akimitsu,0,2,0,0,0,0,0,0,0,0,0,0,2,1,False,False,RAMEN NAGI / TENDON AKIMITSU
ramen sage,0,0,1,0,0,1,0,0,0,0,0,0,2,2,False,True,Ramen Sage
open source,0,0,0,0,0,0,1,1,0,0,0,0,2,2,False,True,OPEN SOURCE
rc perfume,0,0,1,0,0,0,0,0,1,0,0,0,2,2,False,True,Rc Perfume
queens at bollywood,0,2,0,0,0,0,0,0,0,0,0,0,2,1,False,False,QUEENS AT BOLLYWOOD
lamy,0,2,0,0,0,0,0,0,0,0,0,0,2,1,False,False,LAMY
king louis flowers,0,0,0,0,0,0,0,0,2,0,0,0,2,1,False,False,KING LOUIS FLOWERS
realme mobile phone & accessories,0,2,0,0,0,0,0,0,0,0,0,0,2,1,False,False,REALME MOBILE PHONE & ACCESSORIES
hayes,0,0,0,0,0,0,0,0,2,0,0,0,2,1,False,False,HAYES
hbc,0,0,0,0,2,0,0,0,0,0,0,0,2,1,False,False,HBC
recipes,0,2,0,0,0,0,0,0,0,0,0,0,2,1,False,False,RECIPES
q tickles nails lashes and waxing salon,0,0,0,0,0,0,0,0,2,0,0,0,2,1,False,False,Q TICKLES NAILS LASHES AND WAXING SALON
red berry,0,0,0,0,0,0,0,2,0,0,0,0,2,1,False,False,Red Berry
king louis flower shop,0,2,0,0,0,0,0,0,0,0,0,0,2,1,False,False,KING LOUIS FLOWER SHOP
olympic village fitness,0,0,0,0,0,0,0,0,2,0,0,0,2,1,False,False,OLYMPIC VILLAGE FITNESS
red bowl noodles bbq,0,0,0,0,0,0,0,0,2,0,0,0,2,1,False,False,RED BOWL NOODLES BBQ
lan hot pot,0,1,0,0,0,1,0,0,0,0,0,0,2,2,False,True,LAN HOT POT
great image dear self,0,0,0,0,0,0,2,0,0,0,0,0,2,1,False,False,Great Image/Dear Self
gorilla auto detail car wash,0,2,0,0,0,0,0,0,0,0,0,0,2,1,False,False,GORILLA AUTO DETAIL CAR WASH
headway vera salon,0,1,1,0,0,0,0,0,0,0,0,0,2,2,False,True,HEADWAY VERA SALON
q prizezone,0,0,0,0,0,0,0,0,2,0,0,0,2,1,False,False,Q PRIZEZONE
red dot collective,0,0,0,0,0,0,0,2,0,0,0,0,2,1,False,False,RED DOT COLLECTIVE
lancome,0,0,0,0,0,0,0,2,0,0,0,0,2,1,False,False,Lancome
gongcha,0,0,0,0,0,0,0,1,1,0,0,0,2,2,False,True,GONGCHA
health wave,0,0,0,0,0,0,0,2,0,0,0,0,2,1,False,False,Health Wave
oldmoon photography studio,0,0,0,0,0,0,0,0,2,0,0,0,2,1,False,False,OLDMOON PHOTOGRAPHY STUDIO
redds mango,0,0,0,0,0,0,0,2,0,0,0,0,2,1,False,False,REDD'S MANGO
golden press,0,0,0,0,0,0,0,0,2,0,0,0,2,1,False,False,GOLDEN PRESS
one,0,0,0,0,0,0,0,0,2,0,0,0,2,1,False,False,ONE
la lola churreria,0,0,0,0,0,0,0,2,0,0,0,0,2,1,False,False,La Lola Churreria
one world deli,0,0,0,0,0,1,0,0,1,0,0,0,2,2,False,True,One World Deli
havianas,0,0,1,0,0,0,0,1,0,0,0,0,2,2,False,True,Havianas
queen mother salon,0,0,0,0,0,0,0,0,2,0,0,0,2,1,False,False,QUEEN MOTHER SALON
kyukyu ramen 99,0,0,0,0,0,0,0,2,0,0,0,0,2,1,False,False,KYUKYU RAMEN 99
kyukyu ramen99,0,0,0,0,0,0,0,0,2,0,0,0,2,1,False,False,KYUKYU RAMEN99
quantum amusement corporation,0,0,0,0,0,0,0,0,0,2,0,0,2,1,False,False,QUANTUM AMUSEMENT CORPORATION
ooh la lash,0,0,0,0,0,0,0,1,1,0,0,0,2,2,False,True,OOH LA LASH
our pet care services,0,0,0,0,0,0,0,0,2,0,0,0,2,1,False,False,OUR PET CARE SERVICES
rc perfume collection,0,0,0,0,0,0,0,0,2,0,0,0,2,1,False,False,RC PERFUME COLLECTION
l optique paris,0,0,0,0,0,0,0,0,2,0,0,0,2,1,False,False,L OPTIQUE PARIS
ono poke,0,0,0,0,0,0,1,1,0,0,0,0,2,2,False,True,Ono Poke
ongpin express,0,0,0,0,0,1,0,1,0,0,0,0,2,2,False,True,ONGPIN EXPRESS
our wellness,0,0,0,0,0,0,0,2,0,0,0,0,2,1,False,False,OUR WELLNESS
graphic gadgets,0,0,0,0,0,0,0,0,2,0,0,0,2,1,False,False,GRAPHIC GADGETS
kings bakeshop,0,0,0,0,0,2,0,0,0,0,0,0,2,1,False,False,King's Bakeshop
hard rock cafe,0,1,0,0,0,0,0,0,1,0,0,0,2,2,False,True,HARD ROCK CAFE
grande maison,0,0,0,0,0,0,0,0,2,0,0,0,2,1,False,False,GRANDE MAISON
hashi pan asian restaurant,0,0,0,0,0,1,1,0,0,0,0,0,2,2,False,True,Hashi Pan-Asian Restaurant
ready set relax massage & spa,0,0,1,0,0,0,0,1,0,0,0,0,2,2,False,True,Ready-Set-Relax Massage & Spa
kingplus,0,0,0,0,0,0,0,0,2,0,0,0,2,1,False,False,KINGPLUS
havaianas by all flip flops,0,0,0,0,0,0,0,0,2,0,0,0,2,1,False,False,HAVAIANAS BY ALL FLIP FLOPS
havaianas pop up shop,0,0,0,0,0,0,0,0,2,0,0,0,2,1,False,False,HAVAIANAS POP-UP SHOP
one world medical wellness center,0,0,0,0,0,0,0,0,0,0,2,0,2,1,False,False,One World Medical Wellness Center
geo time fusion,0,0,0,0,0,0,0,0,2,0,0,0,2,1,False,False,GEO TIME FUSION
psa,0,0,0,0,0,1,0,1,0,0,0,0,2,2,False,True,PSA
hfi davao tuna grill,0,0,0,0,0,0,0,0,2,0,0,0,2,1,False,False,HFI DAVAO TUNA GRILL
fred perry authentic,0,0,0,0,0,0,0,0,2,0,0,0,2,1,False,False,FRED PERRY AUTHENTIC
paris miki,0,0,0,0,0,0,0,0,2,0,0,0,2,1,False,False,PARIS MIKI
naked waxing salon,0,1,0,0,0,0,0,0,1,0,0,0,2,2,False,True,NAKED WAXING SALON
house of fruitas,0,0,1,0,0,0,0,0,1,0,0,0,2,2,False,True,House Of Fruitas
luxelle,0,1,0,0,0,0,0,0,1,0,0,0,2,2,False,True,LUXELLE
fresh,0,0,0,0,0,0,0,2,0,0,0,0,2,1,False,False,FRESH
house of lemonade,0,0,0,0,0,0,0,1,1,0,0,0,2,2,False,True,HOUSE OF LEMONADE
luxury seats,0,0,0,0,0,0,0,2,0,0,0,0,2,1,False,False,LUXURY SEATS
lydias lechon,0,0,0,0,0,0,0,0,2,0,0,0,2,1,False,False,LYDIAS LECHON
lyfe bowls,0,0,0,0,0,1,0,0,1,0,0,0,2,2,False,True,Lyfe Bowls
jv shop n shop,0,1,0,0,0,0,0,0,1,0,0,0,2,2,False,True,JV SHOP N’ SHOP
party in the city,0,0,0,0,0,0,1,1,0,0,0,0,2,2,False,True,PARTY IN THE CITY
freshaire salon,0,2,0,0,0,0,0,0,0,0,0,0,2,1,False,False,FRESHAIRE SALON
lzm restaurant,0,2,0,0,0,0,0,0,0,0,0,0,2,1,False,False,LZM RESTAURANT
rtop cellphone accessories,0,0,0,0,0,0,0,0,2,0,0,0,2,1,False,False,RTOP CELLPHONE ACCESSORIES
m bakery,0,2,0,0,0,0,0,0,0,0,0,0,2,1,False,False,M BAKERY
nail lounge,0,0,0,0,0,1,0,0,1,0,0,0,2,2,False,True,Nail Lounge
just squeezed,0,0,0,0,0,1,0,0,1,0,0,0,2,2,False,True,Just Squeezed
party studio,0,0,0,0,0,1,1,0,0,0,0,0,2,2,False,True,Party Studio
rudy project,0,0,0,0,0,1,0,0,1,0,0,0,2,2,False,True,Rudy Project
powerzone,0,0,0,0,0,0,0,0,2,0,0,0,2,1,False,False,POWERZONE
nail garden,0,0,0,0,0,0,0,1,1,0,0,0,2,2,False,True,NAIL GARDEN
frankies,0,0,0,0,0,1,1,0,0,0,0,0,2,2,False,True,Frankie's
k company,0,0,0,0,0,0,0,0,2,0,0,0,2,1,False,False,K COMPANY
precious teeth dental care,0,0,0,0,0,0,0,0,2,0,0,0,2,1,False,False,PRECIOUS TEETH DENTAL CARE
frying chicken,0,1,0,0,0,0,0,0,0,0,1,0,2,2,False,True,FRYING CHICKEN
royal time legacy,0,0,0,0,0,0,0,0,2,0,0,0,2,1,False,False,ROYAL TIME LEGACY
hoshino coffee,0,0,0,0,0,0,1,0,1,0,0,0,2,2,False,True,Hoshino Coffee
paraynos empanada,0,0,0,0,0,0,0,2,0,0,0,0,2,1,False,False,Parayno's Empanada
premium mobile,0,0,0,0,0,0,0,1,1,0,0,0,2,2,False,True,Premium Mobile (Temporarily Closed)
nathaniels,0,0,0,0,0,0,0,0,2,0,0,0,2,1,False,False,NATHANIELS
hot star fried chicken,0,2,0,0,0,0,0,0,0,0,0,0,2,1,False,False,HOT STAR FRIED CHICKEN
royal indian curry house,0,0,0,0,0,1,0,0,1,0,0,0,2,2,False,True,Royal Indian Curry House
narzo,0,0,0,0,0,0,0,1,1,0,0,0,2,2,False,True,NARZO
nars,0,1,0,0,0,0,0,0,1,0,0,0,2,2,False,True,NARS
naomi jewelry,0,0,0,0,0,0,0,0,2,0,0,0,2,1,False,False,NAOMI JEWELRY
luminox,0,1,0,0,0,0,0,0,1,0,0,0,2,2,False,True,LUMINOX
hotdog on stick,0,0,0,0,2,0,0,0,0,0,0,0,2,1,False,False,Hotdog on Stick
nam rai spa,0,0,0,0,0,1,0,1,0,0,0,0,2,2,False,True,NAM RAI SPA
nanbantei of tokyo,0,2,0,0,0,0,0,0,0,0,0,0,2,1,False,False,NANBANTEI OF TOKYO
fruitas de original jamaican pattie shop,0,2,0,0,0,0,0,0,0,0,0,0,2,1,False,False,FRUITAS / DE ORIGINAL JAMAICAN PATTIE SHOP
hotpot session,0,0,0,0,0,0,1,1,0,0,0,0,2,2,False,True,HOTPOT SESSION (0991 421 6242)
k pop optical,0,0,0,0,0,0,0,1,1,0,0,0,2,2,False,True,K-Pop Optical
paris baguette,0,0,0,0,0,0,0,0,2,0,0,0,2,1,False,False,PARIS BAGUETTE
nami ph,0,0,0,0,0,0,0,0,2,0,0,0,2,1,False,False,NAMI PH
nami art gallery,0,0,0,0,0,0,1,0,1,0,0,0,2,2,False,True,Nami Art Gallery
frotea,0,0,0,0,0,0,0,1,1,0,0,0,2,2,False,True,FROTEA
luxallure aesthetic center,0,0,0,0,0,0,0,0,2,0,0,0,2,1,False,False,LUXALLURE AESTHETIC CENTER
rrj and mr lee,0,0,0,0,0,0,0,0,0,0,0,2,2,1,False,False,RRJ AND MR. LEE
nail cocktales hand and foot spa,0,1,0,0,0,0,0,1,0,0,0,0,2,2,False,True,Nail Cocktales Hand and Foot Spa
pasarabo delicacies,0,2,0,0,0,0,0,0,0,0,0,0,2,1,False,False,PASARABO DELICACIES
junrex cellphones,0,0,0,0,0,0,0,0,2,0,0,0,2,1,False,False,JUNREX CELLPHONES
fone fix technoshop,0,0,0,0,0,0,0,0,2,0,0,0,2,1,False,False,FONE FIX TECHNOSHOP
mad marks,0,0,0,0,0,0,0,1,1,0,0,0,2,2,False,True,Mad Mark's
hued salon,0,0,0,0,0,0,0,1,1,0,0,0,2,2,False,True,HUED SALON (NEW)
fonemyx marketing,0,1,0,0,0,0,0,0,1,0,0,0,2,2,False,True,FONEMYX MARKETING
paul boulangerie patisserie salon de the restaurant,0,0,0,0,0,0,0,0,2,0,0,0,2,1,False,False,PAUL BOULANGERIE-PATISSERIE-SALON DE THE-RESTAURANT
juan miro art gallery,0,0,0,0,0,0,0,0,2,0,0,0,2,1,False,False,JUAN MIRO ART GALLERY
paws around the town pet store,0,1,0,0,0,0,0,0,1,0,0,0,2,2,False,True,PAWS AROUND THE TOWN PET STORE
myung jang,0,0,0,0,0,0,0,0,2,0,0,0,2,1,False,False,MYUNG JANG
fone style,0,0,0,2,0,0,0,0,0,0,0,0,2,1,False,False,Fone Style
sachi,0,0,0,0,0,0,0,0,2,0,0,0,2,1,False,False,SACHI
js diamond,0,1,0,0,0,1,0,0,0,0,0,0,2,2,False,True,J’S DIAMOND
jrs express,0,0,0,0,0,1,0,1,0,0,0,0,2,2,False,True,JRS EXPRESS
runnr,0,2,0,0,0,0,0,0,0,0,0,0,2,1,False,False,RUNNR
fone edge plus,0,0,0,0,0,0,0,1,0,1,0,0,2,2,False,True,Fone Edge Plus
jrose fine jewelry,0,0,0,0,1,0,0,0,1,0,0,0,2,2,False,True,JROSE FINE JEWELRY
fon,0,0,0,0,0,0,0,2,0,0,0,0,2,1,False,False,Fon+
folded & hung,0,2,0,0,0,0,0,0,0,0,0,0,2,1,False,False,FOLDED & HUNG
myphone,0,0,0,0,0,0,0,0,0,0,0,2,2,1,False,False,MYPHONE
focus eye clinic,0,0,0,0,0,0,0,0,0,0,2,0,2,1,False,False,Focus Eye Clinic
jr mx memoxpress,0,2,0,0,0,0,0,0,0,0,0,0,2,1,False,False,JR MX MEMOXPRESS
mags,0,0,0,0,0,0,0,2,0,0,0,0,2,1,False,False,MAGS
myhealth clinic,0,0,1,0,0,0,0,1,0,0,0,0,2,2,False,True,Myhealth Clinic
fluff & stuff,0,0,0,0,0,0,0,2,0,0,0,0,2,1,False,False,Fluff & Stuff
mad mango,0,0,0,0,0,0,0,0,1,1,0,0,2,2,False,True,MAD MANGO
mad about travel,0,0,0,0,0,1,1,0,0,0,0,0,2,2,False,True,Mad About Travel
sabater optical,0,0,0,0,0,0,0,2,0,0,0,0,2,1,False,False,Sabater Optical
food club,0,1,1,0,0,0,0,0,0,0,0,0,2,2,False,True,THE FOOD CLUB
founders donuts,0,0,0,0,0,0,0,0,2,0,0,0,2,1,False,False,FOUNDERS DONUTS
junrex,0,2,0,0,0,0,0,0,0,0,0,0,2,1,False,False,JUNREX
passport foods,0,0,0,0,0,0,0,0,2,0,0,0,2,1,False,False,PASSPORT FOODS
rustans department store,0,2,0,0,0,0,0,0,0,0,0,0,2,1,False,False,RUSTAN'S DEPARTMENT STORE
kookee house,0,0,0,0,0,0,0,1,1,0,0,0,2,2,False,True,Kookee House
fortress,0,1,0,0,0,0,1,0,0,0,0,0,2,2,False,True,FORTRESS
pastel baby,0,0,0,0,0,0,0,1,1,0,0,0,2,2,False,True,Pastel Baby
naga garden,0,0,0,0,0,0,0,1,1,0,0,0,2,2,False,True,Naga Garden
juicy juice,0,0,0,0,0,0,0,1,0,0,1,0,2,2,False,True,Juicy Juice
s gadgets,0,0,0,0,0,0,0,2,0,0,0,0,2,1,False,False,S GADGETS
hpt com,0,0,0,0,2,0,0,0,0,0,0,0,2,1,False,False,HPT.Com
machi machi,0,0,0,0,0,0,0,2,0,0,0,0,2,1,False,False,MACHI MACHI
machida shoten japanese ramen,0,0,0,0,0,0,0,0,2,0,0,0,2,1,False,False,MACHIDA SHOTEN JAPANESE RAMEN
patchi,0,1,0,0,0,0,0,1,0,0,0,0,2,2,False,True,PATCHI
macho mucho,0,1,0,0,0,1,0,0,0,0,0,0,2,2,False,True,MACHO MUCHO
juego by badminton hub,0,0,0,0,0,0,0,0,2,0,0,0,2,1,False,False,JUEGO BY BADMINTON HUB
pats putts,0,2,0,0,0,0,0,0,0,0,0,0,2,1,False,False,PAT'S PUTTS
juans bistro,0,0,0,0,0,1,0,0,1,0,0,0,2,2,False,True,Juan's Bistro
hublot,0,2,0,0,0,0,0,0,0,0,0,0,2,1,False,False,HUBLOT
nabe japanese izakaya and hotpot,0,0,0,0,0,0,0,0,2,0,0,0,2,1,False,False,NABE JAPANESE IZAKAYA AND HOTPOT
hubsite,0,0,0,0,0,0,0,2,0,0,0,0,2,1,False,False,Hubsite
horchata,0,0,0,0,0,0,1,0,1,0,0,0,2,2,False,True,Horchata
kalidades house of flowers,0,0,0,0,0,0,0,0,2,0,0,0,2,1,False,False,KALIDADES HOUSE OF FLOWERS
ritas,0,0,0,0,0,2,0,0,0,0,0,0,2,1,False,False,Rita's
gameplace mobile,0,0,0,0,0,0,0,0,2,0,0,0,2,1,False,False,GAMEPLACE MOBILE
katherines cafe,0,2,0,0,0,0,0,0,0,0,0,0,2,1,False,False,KATHERINE'S CAFE
little ones dental clinic,0,0,0,0,0,0,0,0,2,0,0,0,2,1,False,False,LITTLE ONES DENTAL CLINIC
niu,0,0,0,0,0,0,0,0,2,0,0,0,2,1,False,False,NIU
live hub,0,0,0,0,0,0,0,0,2,0,0,0,2,1,False,False,LIVE HUB
living water,0,0,0,0,0,1,0,0,1,0,0,0,2,2,False,True,Living Water
proguard,0,0,0,0,0,0,0,0,2,0,0,0,2,1,False,False,PROGUARD
professional skin care formula by dr alvin,0,0,0,0,0,0,0,0,2,0,0,0,2,1,False,False,PROFESSIONAL SKIN CARE FORMULA BY DR ALVIN
nisce,0,0,0,0,0,0,0,2,0,0,0,0,2,1,False,False,NISCE
nineteen degrees,0,0,0,0,0,0,0,0,2,0,0,0,2,1,False,False,NINETEEN DEGREES
nike rise,0,1,0,0,0,0,0,0,1,0,0,0,2,2,False,True,NIKE RISE
gameone tech store,0,2,0,0,0,0,0,0,0,0,0,0,2,1,False,False,GAMEONE TECH STORE
little farmers coffee,0,1,0,0,0,1,0,0,0,0,0,0,2,2,False,True,LITTLE FARMERS COFFEE
paolitos,0,0,0,0,0,0,0,0,2,0,0,0,2,1,False,False,PAOLITOS
hobbiestock,0,0,1,0,0,0,1,0,0,0,0,0,2,2,False,True,Hobbiestock
loca coffee,0,0,0,0,0,0,0,1,1,0,0,0,2,2,False,True,Loca Coffee
hobing korean dessert cafe,0,1,0,0,0,0,0,0,1,0,0,0,2,2,False,True,HOBING KOREAN DESSERT CAFE
nifty,0,0,0,0,0,0,0,0,2,0,0,0,2,1,False,False,NIFTY
galleon enterprises,0,0,0,0,0,0,0,2,0,0,0,0,2,1,False,False,Galleon Enterprises
kape sur,0,0,0,0,0,1,0,0,1,0,0,0,2,2,False,True,Kape Sur
galerie joaquin,0,0,0,0,0,0,0,1,1,0,0,0,2,2,False,True,GALERIE JOAQUIN
lola cafe,0,0,0,0,0,0,0,0,2,0,0,0,2,1,False,False,LOLA CAFE
rock island armory,0,0,1,0,1,0,0,0,0,0,0,0,2,2,False,True,Rock Island Armory
prologue,0,0,0,0,0,0,2,0,0,0,0,0,2,1,False,False,Prologue
roadhouse cafe,0,0,0,0,0,0,0,0,2,0,0,0,2,1,False,False,ROADHOUSE CAFE
lugaw ni bossing,0,0,0,0,1,0,0,1,0,0,0,0,2,2,False,True,Lugaw ni Bossing
ling nam fried siopao,0,0,0,0,0,0,0,0,2,0,0,0,2,1,False,False,LING NAM FRIED SIOPAO
noodle mix,0,1,0,0,0,0,0,1,0,0,0,0,2,2,False,True,NOODLE MIX
ritas italian ice,0,0,1,0,0,1,0,0,0,0,0,0,2,2,False,True,Rita’s Italian Ice
lilys shiatsu station,0,0,0,0,0,0,0,0,0,2,0,0,2,1,False,False,LILY'S SHIATSU STATION
pru life uk,0,0,0,0,0,2,0,0,0,0,0,0,2,1,False,False,Pru Life Uk
rizal commercial banking corporation,0,2,0,0,0,0,0,0,0,0,0,0,2,1,False,False,RIZAL COMMERCIAL BANKING CORPORATION
gemuine gold,0,0,0,0,0,0,0,0,2,0,0,0,2,1,False,False,GEMUINE GOLD
highland brew coffee,0,0,0,0,0,0,0,0,2,0,0,0,2,1,False,False,HIGHLAND BREW COFFEE
kathnails,0,1,0,0,0,0,0,1,0,0,0,0,2,2,False,True,Kathnails
ling nam,0,0,0,0,0,1,1,0,0,0,0,0,2,2,False,True,Ling Nam
highlands coffee,0,0,0,0,0,1,0,1,0,0,0,0,2,2,False,True,Highlands Coffee
gems and gold by heidi,0,0,0,0,0,0,0,0,2,0,0,0,2,1,False,False,GEMS AND GOLD BY HEIDI
gear up,0,2,0,0,0,0,0,0,0,0,0,0,2,1,False,False,GEAR UP
link plus,0,0,0,0,0,0,0,0,2,0,0,0,2,1,False,False,LINK PLUS
gemline,0,0,0,0,0,0,0,0,2,0,0,0,2,1,False,False,GEMLINE
gelato filipino,0,0,0,0,0,0,0,0,2,0,0,0,2,1,False,False,GELATO FILIPINO
lionesse beauty bar,0,0,1,0,0,0,0,1,0,0,0,0,2,2,False,True,LIONESSE BEAUTY BAR
himay himay,0,0,0,0,0,0,0,0,1,0,1,0,2,2,False,True,HIMAY-HIMAY
liquid flask,0,0,1,0,0,0,0,1,0,0,0,0,2,2,False,True,LIQUID FLASK
rme salon,0,0,0,0,0,0,0,0,2,0,0,0,2,1,False,False,RME SALON
hinam is,0,0,0,0,0,0,0,0,2,0,0,0,2,1,False,False,HINAM-IS
lito sy studio,0,0,0,0,1,0,0,0,1,0,0,0,2,2,False,True,LITO SY STUDIO
property pro,0,0,0,0,0,0,0,0,0,0,0,2,2,1,False,False,PROPERTY PRO
paper moon cafe,0,0,0,0,0,1,0,1,0,0,0,0,2,2,False,True,PAPER MOON CAFE
gadgetlab service center,0,0,0,0,0,0,0,0,2,0,0,0,2,1,False,False,GADGETLAB SERVICE CENTER
rockport,0,1,0,0,0,0,0,0,1,0,0,0,2,2,False,True,ROCKPORT
luciano optical,0,0,0,0,0,0,0,0,0,0,2,0,2,1,False,False,Luciano Optical
lowcal,0,0,0,0,0,0,0,2,0,0,0,0,2,1,False,False,Lowcal
furniture republicsan yang home,0,0,0,0,0,0,0,0,2,0,0,0,2,1,False,False,FURNITURE REPUBLICSAN-YANG HOME
paperworks,0,1,0,0,0,0,0,0,1,0,0,0,2,2,False,True,PAPERWORKS
kandila essentials,0,0,0,0,0,0,0,1,1,0,0,0,2,2,False,True,Kandila Essentials
lower left,1,0,0,0,0,0,0,0,1,0,0,0,2,2,False,True,LOWER LEFT
nba store,0,0,0,0,0,0,1,0,1,0,0,0,2,2,False,True,NBA Store
nautica,0,0,0,0,0,0,0,2,0,0,0,0,2,1,False,False,Nautica
fundevmentals therapy center,0,0,0,0,0,1,0,0,1,0,0,0,2,2,False,True,Fundevmentals Therapy Center
hongkong style noodles dimsum,0,0,0,0,0,0,0,0,2,0,0,0,2,1,False,False,HONGKONG STYLE NOODLES DIMSUM
natys lechon,0,1,0,0,0,0,0,0,1,0,0,0,2,2,False,True,NATY'S LECHON
fun nation,0,0,0,0,0,0,0,1,0,0,1,0,2,2,False,True,Fun Nation
kaon ta,0,0,0,0,0,0,0,2,0,0,0,0,2,1,False,False,Kaon Ta
kamiseta skin clinic,0,2,0,0,0,0,0,0,0,0,0,0,2,1,False,False,KAMISETA SKIN CLINIC
kamicos,0,0,0,0,0,0,1,1,0,0,0,0,2,2,False,True,Kamicos
lucky 8 bingo,0,0,0,0,2,0,0,0,0,0,0,0,2,1,False,False,Lucky 8 Bingo
honor service center,0,0,0,0,0,0,0,1,1,0,0,0,2,2,False,True,Honor Service Center
hoo dermatology,0,2,0,0,0,0,0,0,0,0,0,0,2,1,False,False,HOO DERMATOLOGY
papubbit,0,0,0,1,0,1,0,0,0,0,0,0,2,2,False,True,Papubbit
fulcrum coffee,0,0,0,0,0,0,0,1,1,0,0,0,2,2,False,True,Fulcrum Coffee
fuji shin cellphone and accessories trading,0,0,0,0,0,0,0,0,2,0,0,0,2,1,False,False,FUJI-SHIN CELLPHONE AND ACCESSORIES TRADING
fuji film digital imaging,0,0,0,0,0,0,0,0,2,0,0,0,2,1,False,False,FUJI FILM DIGITAL IMAGING
fudge rock,0,2,0,0,0,0,0,0,0,0,0,0,2,1,False,False,FUDGE ROCK
furry tails,0,0,0,0,0,0,0,0,2,0,0,0,2,1,False,False,FURRY TAILS
ronnie joe,0,0,0,0,0,0,0,0,2,0,0,0,2,1,False,False,RONNIE JOE
lovelink,0,0,0,0,0,1,0,1,0,0,0,0,2,2,False,True,LOVELINK
g gadgets,0,0,0,0,0,0,0,0,2,0,0,0,2,1,False,False,G GADGETS
rockstar,0,1,0,0,0,0,1,0,0,0,0,0,2,2,False,True,ROCKSTAR
gadget station,0,0,0,0,0,0,0,2,0,0,0,0,2,1,False,False,Gadget Station
gadget shield,0,0,0,0,0,0,0,0,2,0,0,0,2,1,False,False,GADGET SHIELD
lolo landos lechon,0,0,0,0,0,1,0,0,0,0,1,0,2,2,False,True,Lolo Lando's Lechon
gadget plus,0,0,0,0,0,0,0,1,1,0,0,0,2,2,False,True,Gadget Plus
prime silver,0,0,0,0,0,0,0,1,0,0,0,1,2,2,False,True,Prime Silver
lomi imua,0,0,0,0,0,2,0,0,0,0,0,0,2,1,False,False,Lomi Imua
gadget phonecare,0,0,0,0,0,0,0,0,1,0,1,0,2,2,False,True,GADGET PHONECARE
gadget multiverse,0,0,0,0,0,0,0,0,2,0,0,0,2,1,False,False,GADGET MULTIVERSE
look at me,0,0,0,0,0,0,0,0,2,0,0,0,2,1,False,False,LOOK AT ME
look boutique,0,1,0,0,0,0,0,1,0,0,0,0,2,2,False,True,The Look Boutique
rolex lucerne,0,2,0,0,0,0,0,0,0,0,0,0,2,1,False,False,ROLEX-LUCERNE
lorenzos way,0,2,0,0,0,0,0,0,0,0,0,0,2,1,False,False,LORENZO’S WAY
kanzen sushi roll,0,0,0,0,0,0,0,0,2,0,0,0,2,1,False,False,KANZEN SUSHI ROLL
new bombay,0,1,0,0,0,0,0,1,0,0,0,0,2,2,False,True,New Bombay
pretzelmaker,0,0,1,0,0,0,0,0,1,0,0,0,2,2,False,True,Pretzelmaker
nesh fashion,0,1,0,0,0,0,1,0,0,0,0,0,2,2,False,True,NESH FASHION
g&g,0,0,0,0,0,0,0,2,0,0,0,0,2,1,False,False,G&G
honey lemon,0,0,1,0,0,0,0,1,0,0,0,0,2,2,False,True,Honey Lemon
honey tang,0,0,0,0,0,1,0,0,1,0,0,0,2,2,False,True,"Honey, Tang"
papermoon cafe,0,0,0,0,0,0,0,2,0,0,0,0,2,1,False,False,Papermoon Cafe
island photo,0,1,0,0,0,1,0,0,0,0,0,0,2,2,False,True,ISLAND PHOTO
mipow,0,0,0,0,0,0,0,0,2,0,0,0,2,1,False,False,MIPOW
aloha palamig,0,0,0,0,2,0,0,0,0,0,0,0,2,1,False,False,Aloha Palamig
spa riviera,0,0,0,0,0,1,0,0,1,0,0,0,2,2,False,True,Spa Riviera
daily detox,0,0,0,0,0,0,0,0,2,0,0,0,2,1,False,False,THE DAILY DETOX
amara shia jewelry,0,0,0,0,0,0,0,0,2,0,0,0,2,1,False,False,AMARA SHIA JEWELRY
amare la cucina,0,1,0,0,0,0,0,0,1,0,0,0,2,2,False,True,AMARE LA CUCINA
tech boy,0,0,0,0,0,0,0,0,2,0,0,0,2,1,False,False,TECH BOY
ccaf,0,0,0,0,0,0,0,0,0,0,2,0,2,1,False,False,CCAF
ccaf gadget repair shop,0,0,0,0,0,0,0,0,2,0,0,0,2,1,False,False,CCAF GADGET REPAIR SHOP
amave,0,0,0,0,0,0,0,0,2,0,0,0,2,1,False,False,AMAVE
amazfit,0,0,0,0,0,0,0,0,2,0,0,0,2,1,False,False,AMAZFIT
wonder nails,0,0,0,0,0,0,0,0,2,0,0,0,2,1,False,False,WONDER NAILS
cd r king,0,0,0,0,0,0,0,0,0,0,0,2,2,1,False,False,CD-R KING
ultimate sandwich station,0,2,0,0,0,0,0,0,0,0,0,0,2,1,False,False,ULTIMATE SANDWICH STATION
bee healthy lemon freshly squeezed juice,0,0,0,0,0,0,0,0,2,0,0,0,2,1,False,False,BEE HEALTHY LEMON FRESHLY SQUEEZED JUICE
american bazaar,0,1,0,0,0,0,0,0,0,0,1,0,2,2,False,True,AMERICAN BAZAAR
bee choo origins,0,2,0,0,0,0,0,0,0,0,0,0,2,1,False,False,BEE CHOO ORIGINS
bee choo origin wellness center,0,0,0,0,0,0,0,0,2,0,0,0,2,1,False,False,BEE CHOO ORIGIN WELLNESS CENTER
bee choo origin,0,0,0,0,0,1,0,1,0,0,0,0,2,2,False,True,Bee Choo Origin
american ribs and wings,0,0,0,0,0,0,0,0,2,0,0,0,2,1,False,False,AMERICAN RIBS AND WINGS
wk design,0,1,0,0,0,0,0,0,1,0,0,0,2,2,False,True,WK DESIGN
wiwu,0,0,0,0,0,0,0,0,2,0,0,0,2,1,False,False,WIWU
spa signature,0,0,0,0,0,0,0,0,2,0,0,0,2,1,False,False,SPA SIGNATURE
wonderland for kids,0,0,0,0,2,0,0,0,0,0,0,0,2,1,False,False,Wonderland for Kids
beauty atelier,0,0,0,0,0,1,0,1,0,0,0,0,2,2,False,True,BEAUTY ATELIER
cassalleyah beauty products,0,0,0,0,2,0,0,0,0,0,0,0,2,1,False,False,Cassalleyah Beauty Products
technomarine,0,1,0,0,0,0,0,0,1,0,0,0,2,2,False,True,TECHNOMARINE
souk london,0,0,0,0,2,0,0,0,0,0,0,0,2,1,False,False,Souk London
twu,0,0,0,0,0,1,1,0,0,0,0,0,2,2,False,True,TWU (Things We Use)
aloha ice cream shake,0,0,0,0,2,0,0,0,0,0,0,0,2,1,False,False,Aloha Ice Cream Shake
sunrays money exchange,0,1,0,0,0,0,0,1,0,0,0,0,2,2,False,True,Sunray's Money Exchange
alot barbero lokal,0,0,0,0,0,0,0,1,1,0,0,0,2,2,False,True,ALOT BARBERO LOKAL
casa daza by chef sandy,0,2,0,0,0,0,0,0,0,0,0,0,2,1,False,False,CASA DAZA BY CHEF SANDY
casa daza empanada,0,1,0,0,0,0,0,1,0,0,0,0,2,2,False,True,Casa Daza Empanada
u s polo assn,0,0,0,0,0,1,0,1,0,0,0,0,2,2,False,True,U.S POLO ASSN.
techno planet,0,0,0,0,0,0,0,0,2,0,0,0,2,1,False,False,TECHNO PLANET
danidoo,0,1,0,0,0,0,0,0,1,0,0,0,2,2,False,True,DANIDOO
bench fix lab,0,2,0,0,0,0,0,0,0,0,0,0,2,1,False,False,BENCH FIX LAB
casa verde,0,1,0,0,0,0,0,0,1,0,0,0,2,2,False,True,CASA VERDE
bench barbers,0,2,0,0,0,0,0,0,0,0,0,0,2,1,False,False,BENCH BARBERS
dalmore,0,0,0,0,0,2,0,0,0,0,0,0,2,1,False,False,The Dalmore
workstation,0,2,0,0,0,0,0,0,0,0,0,0,2,1,False,False,WORKSTATION
southern sky travel and tours,0,0,0,0,0,0,0,1,1,0,0,0,2,2,False,True,Southern Sky Travel and Tours
alternative,0,0,0,0,0,0,0,2,0,0,0,0,2,1,False,False,The Alternative (OPEN)
techlife by realme,0,0,0,0,0,0,0,0,2,0,0,0,2,1,False,False,TECHLIFE BY REALME
spex appeal,0,0,0,0,0,0,0,2,0,0,0,0,2,1,False,False,Spex Appeal
cebuana,0,0,0,0,0,0,1,1,0,0,0,0,2,2,False,True,Cebuana
allsports,0,0,0,0,0,0,0,0,0,2,0,0,2,1,False,False,ALLSPORTS
csl cut shave lounge,0,0,0,0,0,0,0,0,2,0,0,0,2,1,False,False,CSL CUT SHAVE LOUNGE
bbq nation by the epicurious gastropub,0,0,0,0,0,0,0,0,2,0,0,0,2,1,False,False,BBQ NATION BY THE EPICURIOUS GASTROPUB
cell comport cellshop,0,0,0,0,0,0,0,0,2,0,0,0,2,1,False,False,CELL-COMPORT CELLSHOP
crystal vu optical,0,0,0,0,0,0,0,0,0,0,2,0,2,1,False,False,Crystal Vu Optical
crustasia,0,0,0,0,0,2,0,0,0,0,0,0,2,1,False,False,Crustasia
unionbank atm,0,0,0,0,0,2,0,0,0,0,0,0,2,1,False,False,UnionBank ATM
tangfruits,0,0,0,0,0,1,1,0,0,0,0,0,2,2,False,True,TangFruits
white drip,0,0,0,0,0,0,0,0,2,0,0,0,2,1,False,False,THE WHITE DRIP
crunch boneless fried chicken,0,0,0,0,0,0,0,0,2,0,0,0,2,1,False,False,THE CRUNCH BONELESS FRIED CHICKEN
bbb car stickers,0,0,0,0,0,0,0,0,2,0,0,0,2,1,False,False,BBB CAR STICKERS
cell station,0,0,0,0,1,0,0,0,1,0,0,0,2,2,False,True,CELL STATION
bay tal mal,0,0,0,0,0,0,0,1,1,0,0,0,2,2,False,True,BAY TAL MAL
crown park restaurant,0,0,0,0,0,0,0,1,1,0,0,0,2,2,False,True,Crown Park Restaurant
squeezy lemon,0,0,0,1,0,0,0,0,1,0,0,0,2,2,False,True,Squeezy Lemon
animal wellness,0,0,0,0,0,1,0,1,0,0,0,0,2,2,False,True,Animal Wellness
cellcom,0,0,0,0,0,0,0,2,0,0,0,0,2,1,False,False,Cellcom
srixon,0,0,0,0,0,0,2,0,0,0,0,0,2,1,False,False,Srixon
cellcom world communications,0,0,0,0,0,0,0,0,2,0,0,0,2,1,False,False,CELLCOM WORLD COMMUNICATIONS
annie young,0,0,0,0,0,0,0,2,0,0,0,0,2,1,False,False,ANNIE YOUNG
bathroom,0,0,0,0,0,0,2,0,0,0,0,0,2,1,False,False,Bathroom
tapawan dental clinic,0,0,0,0,0,0,0,1,1,0,0,0,2,2,False,True,Tapawan Dental Clinic
ct zone,0,0,0,0,0,0,0,0,2,0,0,0,2,1,False,False,CT ZONE
beauty and butter,0,0,0,0,0,0,0,0,2,0,0,0,2,1,False,False,BEAUTY AND BUTTER
wiijump trampoline park,0,0,1,0,0,1,0,0,0,0,0,0,2,2,False,True,WiiJUMP Trampoline Park
cebuana lhuiller,0,0,0,0,0,0,0,2,0,0,0,0,2,1,False,False,CEBUANA LHUILLER
cyma,0,0,0,0,0,1,0,1,0,0,0,0,2,2,False,True,CYMA
cyberwidget,0,0,0,0,0,0,0,0,2,0,0,0,2,1,False,False,CYBERWIDGET
tastes from the greens,0,0,0,0,0,0,0,0,2,0,0,0,2,1,False,False,TASTES FROM THE GREENS
cybertech gaming,0,0,0,0,0,0,0,0,2,0,0,0,2,1,False,False,CYBERTECH GAMING
cyber center,0,0,0,0,0,0,0,0,2,0,0,0,2,1,False,False,CYBER CENTER
wingers unlimited,0,1,0,0,0,0,0,1,0,0,0,0,2,2,False,True,Wingers Unlimited
taste of czaczacza cafe,0,0,0,0,0,0,0,0,2,0,0,0,2,1,False,False,THE TASTE OF CZACZACZA CAFE
beanbag coffee,0,0,0,0,0,0,0,1,1,0,0,0,2,2,False,True,Beanbag Coffee
cv cebu,0,0,0,0,0,0,0,0,2,0,0,0,2,1,False,False,CV CEBU
cutting edge,0,2,0,0,0,0,0,0,0,0,0,0,2,1,False,False,CUTTING EDGE
cuts for tots,0,0,0,0,0,2,0,0,0,0,0,0,2,1,False,False,Cuts For Tots
cut encarnacion,0,0,0,0,0,0,0,0,0,1,0,1,2,2,False,True,CUT ENCARNACION
sports warehouse,0,0,0,0,0,0,0,2,0,0,0,0,2,1,False,False,THE SPORTS WAREHOUSE
sports zone,0,0,0,0,0,0,0,2,0,0,0,0,2,1,False,False,SPORTS ZONE
cupi,0,0,0,0,0,1,1,0,0,0,0,0,2,2,False,True,Cupi
cell act,0,0,0,0,0,0,0,0,2,0,0,0,2,1,False,False,CELL ACT
wild flour,0,0,0,0,0,0,1,0,1,0,0,0,2,2,False,True,Wild Flour
spud diner,0,0,0,0,0,0,0,0,2,0,0,0,2,1,False,False,THE SPUD DINER
technopop,0,0,0,0,1,1,0,0,0,0,0,0,2,2,False,True,Technopop
twinline trading,0,0,0,0,0,0,0,0,2,0,0,0,2,1,False,False,TWINLINE TRADING
tripologie,1,0,0,0,0,1,0,0,0,0,0,0,2,2,False,True,Tripologie
bingo bayan,0,1,0,1,0,0,0,0,0,0,0,0,2,2,False,True,BINGO BAYAN
true religion,0,0,0,0,0,1,0,0,1,0,0,0,2,2,False,True,True Religion
snoq,0,0,0,0,0,0,0,0,2,0,0,0,2,1,False,False,SNOQ
yaki yaki sumo,0,0,1,0,0,0,0,0,1,0,0,0,2,2,False,True,Yaki Yaki Sumo
true vision,0,2,0,0,0,0,0,0,0,0,0,0,2,1,False,False,TRUE VISION
snowpy ice cream,0,0,0,0,1,0,0,1,0,0,0,0,2,2,False,True,Snowpy Ice Cream
cafe janggeum,0,0,0,0,0,0,0,0,2,0,0,0,2,1,False,False,CAFE JANGGEUM
aiko sushi,0,0,0,2,0,0,0,0,0,0,0,0,2,1,False,False,Aiko Sushi
dental lounge,0,0,0,0,0,0,0,0,2,0,0,0,2,1,False,False,THE DENTAL LOUNGE
xtreme appliances,0,0,0,0,0,0,0,2,0,0,0,0,2,1,False,False,XTREME APPLIANCES
soban,0,2,0,0,0,0,0,0,0,0,0,0,2,1,False,False,SOBAN
xtreme appliance,0,0,0,0,0,0,0,2,0,0,0,0,2,1,False,False,XTREME APPLIANCE
tsokolateria,0,0,0,0,0,0,1,0,1,0,0,0,2,2,False,True,Tsokolateria
aj thai street food,0,0,1,0,0,0,0,1,0,0,0,0,2,2,False,True,AJ Thai Street Food
thaiwadee,0,0,0,0,0,0,0,1,1,0,0,0,2,2,False,True,THAIWADEE
thai bbq,0,0,0,0,0,0,2,0,0,0,0,0,2,1,False,False,Thai BBQ
cake miss,0,0,0,0,0,0,0,1,1,0,0,0,2,2,False,True,CAKE MISS
denta care,0,0,0,0,0,2,0,0,0,0,0,0,2,1,False,False,Denta Care
biggs diner,0,1,0,0,0,0,0,1,0,0,0,0,2,2,False,True,Bigg's Diner
tff,0,0,0,0,0,0,0,2,0,0,0,0,2,1,False,False,TFF
yakiniku like,0,0,0,0,0,0,0,0,2,0,0,0,2,1,False,False,YAKINIKU LIKE
dental world manila,0,0,0,0,0,0,0,0,2,0,0,0,2,1,False,False,DENTAL WORLD MANILA
bigbucks money changer,0,0,0,0,0,0,0,0,0,0,2,0,2,1,False,False,Bigbucks Money Changer
sneakerlab,0,1,0,0,0,0,0,0,1,0,0,0,2,2,False,True,SNEAKERLAB
aficionado perfume,0,0,0,0,0,0,0,0,0,2,0,0,2,1,False,False,AFICIONADO PERFUME
trollbeads,0,1,0,0,0,0,0,1,0,0,0,0,2,2,False,True,Trollbeads
bingo republic,0,0,0,0,0,0,0,2,0,0,0,0,2,1,False,False,Bingo Republic
smiles at 34th dental clinic,0,0,0,0,0,0,0,0,2,0,0,0,2,1,False,False,SMILES AT 34TH DENTAL CLINIC
ca exhibit,0,0,0,0,0,0,0,0,0,0,0,2,2,1,False,False,CA EXHIBIT
yards meters,0,0,0,0,0,0,0,0,2,0,0,0,2,1,False,False,YARDS METERS
deovir,0,0,0,0,0,0,0,0,2,0,0,0,2,1,False,False,DEOVIR
yappari steak house,0,0,0,0,0,0,0,0,2,0,0,0,2,1,False,False,YAPPARI STEAK HOUSE
agara,0,0,0,0,0,0,0,2,0,0,0,0,2,1,False,False,AGARA
dentxp dental clinic,0,0,0,0,0,0,0,0,2,0,0,0,2,1,False,False,DENTXP DENTAL CLINIC
bingo extravaganza,0,0,0,0,0,0,0,0,2,0,0,0,2,1,False,False,BINGO EXTRAVAGANZA
caerus specialty coffee bistro,0,0,0,0,0,0,0,0,2,0,0,0,2,1,False,False,CAERUS SPECIALTY COFFEE BISTRO
dentista nina juan,0,0,0,0,0,0,0,0,2,0,0,0,2,1,False,False,DENTISTA NINA JUAN
agsa medical service,0,0,0,0,0,0,0,1,1,0,0,0,2,2,False,True,AGSA MEDICAL SERVICE
aguahome,0,0,0,0,0,1,0,1,0,0,0,0,2,2,False,True,AGUAHOME
ahkie swirl,0,0,0,0,0,0,0,0,0,0,2,0,2,1,False,False,Ahkie Swirl
ahkie swirl station,0,0,0,0,0,0,0,0,2,0,0,0,2,1,False,False,AHKIE SWIRL STATION
sneaker kyler,0,0,0,0,0,1,0,0,1,0,0,0,2,2,False,True,Sneaker Kyler
thinkingtoolsmall,0,0,0,0,0,0,0,0,2,0,0,0,2,1,False,False,THINKINGTOOLSMALL
bigbys restaurant,0,0,0,0,0,1,0,1,0,0,0,0,2,2,False,True,Bigby's Restaurant
tex mex,0,0,0,0,0,0,0,0,2,0,0,0,2,1,False,False,TEX MEX
cartel,0,0,0,0,0,1,0,1,0,0,0,0,2,2,False,True,CARTEL
alert driving academy,0,0,0,0,0,0,0,1,1,0,0,0,2,2,False,True,ALERT DRIVING ACADEMY
teng roma,0,0,1,0,0,0,0,0,1,0,0,0,2,2,False,True,Teng Roma
de navelte,0,0,0,0,0,0,0,0,0,0,2,0,2,1,False,False,DE NAVELTE
candyup cotton candy,0,0,0,0,0,0,0,0,2,0,0,0,2,1,False,False,CANDYUP COTTON CANDY
better barbers,0,0,0,0,0,0,0,0,2,0,0,0,2,1,False,False,BETTER BARBERS
caps & things,1,0,0,0,0,0,0,1,0,0,0,0,2,2,False,True,Caps & Things
aliya,0,0,0,0,2,0,0,0,0,0,0,0,2,1,False,False,Aliya
caps things,0,0,0,0,0,0,0,0,2,0,0,0,2,1,False,False,CAPS THINGS
dd store,0,0,0,0,0,0,0,0,2,0,0,0,2,1,False,False,DD STORE
tempus,0,1,0,0,0,0,0,0,1,0,0,0,2,2,False,True,TEMPUS
best takoyaki,0,0,0,0,0,0,0,2,0,0,0,0,2,1,False,False,BEST TAKOYAKI
all about you day spa,0,0,0,0,0,0,0,0,2,0,0,0,2,1,False,False,ALL ABOUT YOU DAY SPA
wow mobile center,0,0,0,0,0,0,0,1,1,0,0,0,2,2,False,True,Wow Mobile Center
tela fabrica,0,0,0,0,0,0,0,0,2,0,0,0,2,1,False,False,TELA FABRICA
berovan,0,0,1,0,0,0,0,1,0,0,0,0,2,2,False,True,Berovan
berntech,0,0,0,0,0,0,0,0,2,0,0,0,2,1,False,False,BERNTECH
alley,0,0,0,0,0,2,0,0,0,0,0,0,2,1,False,False,Alley
allhome,0,0,0,0,0,0,0,0,0,2,0,0,2,1,False,False,ALLHOME
sophia jewellry,0,0,0,0,0,0,0,2,0,0,0,0,2,1,False,False,SOPHIA JEWELLRY
carry cellshop and accessories,0,0,0,0,0,0,0,0,0,0,2,0,2,1,False,False,Carry Cellshop And Accessories
tenya,0,0,0,0,0,0,0,0,2,0,0,0,2,1,False,False,TENYA
x doria,0,0,0,0,0,0,0,0,2,0,0,0,2,1,False,False,X-DORIA
denimhub,0,0,0,0,0,0,0,2,0,0,0,0,2,1,False,False,DENIMHUB
dear self self portrait studio,0,0,0,0,0,0,0,0,2,0,0,0,2,1,False,False,DEAR SELF SELF PORTRAIT STUDIO
teva,1,0,0,0,0,0,1,0,0,0,0,0,2,2,False,True,Teva
big shop,0,0,0,0,0,0,0,0,2,0,0,0,2,1,False,False,THE BIG SHOP
dencios kamayan,0,0,0,0,0,0,0,0,2,0,0,0,2,1,False,False,DENCIOS KAMAYAN
california pizza kitchen,0,0,1,0,0,1,0,0,0,0,0,0,2,2,False,True,California Pizza Kitchen
society eight,0,0,0,0,0,0,0,2,0,0,0,0,2,1,False,False,Society Eight (Temporarily Closed)
delos reyes optical,0,1,0,0,0,0,0,0,1,0,0,0,2,2,False,True,DELOS REYES OPTICAL
tubo ko,0,0,0,0,0,0,0,0,2,0,0,0,2,1,False,False,TUBO KO
tesda,0,0,0,0,0,0,0,2,0,0,0,0,2,1,False,False,TESDA
tudor,0,0,0,0,0,0,1,0,1,0,0,0,2,2,False,True,Tudor
alba,0,0,0,0,0,0,2,0,0,0,0,0,2,1,False,False,ALBA
alberto g&g,0,1,0,0,0,0,0,1,0,0,0,0,2,2,False,True,Alberto/G&G
delco computer installation,0,0,0,0,0,0,0,0,0,0,2,0,2,1,False,False,Delco Computer Installation
del mundo eye clinic,0,2,0,0,0,0,0,0,0,0,0,0,2,1,False,False,DEL MUNDO EYE CLINIC
alberto shoes,0,0,0,0,0,0,0,2,0,0,0,0,2,1,False,False,Alberto Shoes
tung lok seafood,0,0,0,0,0,0,1,0,1,0,0,0,2,2,False,True,TUNG LOK SEAFOOD
teppanya bar resto,0,0,0,0,0,0,0,0,2,0,0,0,2,1,False,False,TEPPANYA BAR RESTO
decor,0,1,0,0,0,0,0,0,1,0,0,0,2,2,False,True,DECOR
soi,0,0,0,0,0,0,0,0,2,0,0,0,2,1,False,False,SOI
candy castle,0,0,0,0,0,0,0,2,0,0,0,0,2,1,False,False,Candy Castle
cellnote,0,2,0,0,0,0,0,0,0,0,0,0,2,1,False,False,CELLNOTE
bath origins,0,0,0,0,0,0,0,0,2,0,0,0,2,1,False,False,BATH ORIGINS
takoyummy,0,0,1,0,0,0,0,1,0,0,0,0,2,2,False,True,Takoyummy
coffee buddy,0,0,0,0,0,0,0,2,0,0,0,0,2,1,False,False,COFFEE BUDDY
vanity k,0,0,0,0,0,0,0,0,2,0,0,0,2,1,False,False,VANITY K
chiggy s kessaku,0,0,0,0,2,0,0,0,0,0,0,0,2,1,False,False,Chiggy\'s Kessaku
coffee bean and tea leaf,0,0,1,0,0,0,0,1,0,0,0,0,2,2,False,True,THE COFFEE BEAN AND TEA LEAF
strip & browhaus,0,2,0,0,0,0,0,0,0,0,0,0,2,1,False,False,STRIP & BROWHAUS
asian derma,0,0,0,0,0,0,0,0,0,0,0,2,2,1,False,False,ASIAN DERMA
strip ministry of waxing,0,0,0,0,0,0,0,0,2,0,0,0,2,1,False,False,STRIP MINISTRY OF WAXING
bag o shrimps,0,0,0,0,0,1,0,0,1,0,0,0,2,2,False,True,Bag O' Shrimps
asian eye institute,0,1,0,0,0,0,0,0,1,0,0,0,2,2,False,True,ASIAN EYE INSTITUTE
chimac chicken & beer,0,0,0,0,0,2,0,0,0,0,0,0,2,1,False,False,ChiMac Chicken & Beer
cocoichibanya,0,0,0,0,0,0,2,0,0,0,0,0,2,1,False,False,Cocoichibanya
vitos bbq,0,0,0,0,0,1,0,0,1,0,0,0,2,2,False,True,Vito's BBQ
asina mart,0,2,0,0,0,0,0,0,0,0,0,0,2,1,False,False,ASINA MART
vitor tours and travel,0,0,0,0,0,0,0,0,2,0,0,0,2,1,False,False,VITOR TOURS AND TRAVEL
studiomatic,0,0,0,0,0,2,0,0,0,0,0,0,2,1,False,False,Studiomatic
sushi box,0,0,0,0,0,0,0,0,1,0,1,0,2,2,False,True,THE SUSHI BOX
assi fresh,0,0,0,0,0,2,0,0,0,0,0,0,2,1,False,False,Assi Fresh
stylash,0,0,0,1,0,0,0,1,0,0,0,0,2,2,False,True,STYLASH
clydes breads & pastries,0,0,1,0,0,0,0,1,0,0,0,0,2,2,False,True,CLYDE'S BREADS & PASTRIES
club synergy,0,0,0,0,0,0,0,0,2,0,0,0,2,1,False,False,CLUB SYNERGY
vanguard,0,0,0,0,0,0,0,0,2,0,0,0,2,1,False,False,VANGUARD
coffee corner,0,0,0,0,0,0,0,2,0,0,0,0,2,1,False,False,Coffee Corner
chinese beef noodles house,0,0,0,0,0,0,2,0,0,0,0,0,2,1,False,False,Chinese Beef Noodles House
chicken namnam,0,0,0,0,0,0,0,1,0,0,1,0,2,2,False,True,Chicken NamNam
sweet n fancy,0,0,0,0,0,0,0,0,2,0,0,0,2,1,False,False,SWEET N' FANCY
color bar,0,0,0,0,0,1,1,0,0,0,0,0,2,2,False,True,The Color Bar
bake my day,0,0,0,0,0,0,0,0,0,2,0,0,2,1,False,False,BAKE MY DAY
artisan emporium,0,0,0,0,0,0,1,0,1,0,0,0,2,2,False,True,Artisan Emporium
sweet kitchen house of desserts,0,0,0,0,0,0,0,0,2,0,0,0,2,1,False,False,SWEET KITCHEN HOUSE OF DESSERTS
chicago flame dog,0,0,0,0,0,1,0,1,0,0,0,0,2,2,False,True,Chicago Flame Dog
coleman,0,0,0,0,0,0,0,1,1,0,0,0,2,2,False,True,Coleman
stop n smile dental clinic,0,0,0,0,0,0,0,0,2,0,0,0,2,1,False,False,STOP N SMILE DENTAL CLINIC
arya,0,0,0,0,0,0,1,1,0,0,0,0,2,2,False,True,Arya
w express,0,0,0,0,0,0,0,2,0,0,0,0,2,1,False,False,W EXPRESS
as lemonade station,0,0,0,0,0,0,0,1,1,0,0,0,2,2,False,True,AS LEMONADE STATION
chicha san chen,0,0,0,0,0,1,1,0,0,0,0,0,2,2,False,True,Chicha San Chen
ash letrato,0,0,0,0,0,0,0,2,0,0,0,0,2,1,False,False,Ash Letrato
coffee overdose,0,0,0,0,0,0,0,1,1,0,0,0,2,2,False,True,Coffee Overdose
chicken bacolod,0,2,0,0,0,0,0,0,0,0,0,0,2,1,False,False,CHICKEN BACOLOD
chicken charlie,0,0,0,0,2,0,0,0,0,0,0,0,2,1,False,False,Chicken Charlie
coffee drop,0,0,0,0,0,1,0,1,0,0,0,0,2,2,False,True,COFFEE DROP
coffee dream plus,0,1,0,0,0,0,0,1,0,0,0,0,2,2,False,True,Coffee Dream Plus
vpharma,0,0,0,0,0,0,0,1,1,0,0,0,2,2,False,True,VPHARMA
subscribers place,0,0,0,0,0,0,0,1,0,0,1,0,2,2,False,True,Subscriber's Place
clinica manila,0,0,0,0,0,0,0,0,2,0,0,0,2,1,False,False,CLINICA MANILA
crescendo,0,0,0,0,0,0,0,0,2,0,0,0,2,1,False,False,CRESCENDO
chongs siomai rice,0,1,0,0,0,0,0,0,1,0,0,0,2,2,False,True,CHONG’S SIOMAI RICE
b braun dialysis center,0,0,1,0,0,1,0,0,0,0,0,0,2,2,False,True,B. Braun Dialysis Center
autokicks ph,0,2,0,0,0,0,0,0,0,0,0,0,2,1,False,False,AUTOKICKS PH
automobile association of the philippines,0,2,0,0,0,0,0,0,0,0,0,0,2,1,False,False,AUTOMOBILE ASSOCIATION OF THE PHILIPPINES
chooks diner,0,0,0,0,0,1,0,1,0,0,0,0,2,2,False,True,CHOOK'S DINER
sumo takoyaki,0,0,0,0,0,0,0,0,2,0,0,0,2,1,False,False,SUMO TAKOYAKI
citybites,0,0,0,0,0,0,0,0,2,0,0,0,2,1,False,False,CITYBITES
sumosam,0,1,0,0,0,0,0,1,0,0,0,0,2,2,False,True,Sumosam
vervince,0,2,0,0,0,0,0,0,0,0,0,0,2,1,False,False,VERVINCE
sun shop,0,0,0,1,0,0,0,0,0,0,0,1,2,2,False,True,The Sun Shop
azb88 driving school,0,0,0,0,0,0,0,1,1,0,0,0,2,2,False,True,AZB88 Driving School
citrus quenchers,0,0,0,0,0,0,0,1,1,0,0,0,2,2,False,True,Citrus Quenchers
via venetto,0,1,0,0,0,0,0,0,1,0,0,0,2,2,False,True,VIA VENETTO
victory church,0,0,0,0,0,0,2,0,0,0,0,0,2,1,False,False,Victory Church
sunspell,0,0,0,0,0,0,1,1,0,0,0,0,2,2,False,True,Sunspell
avon,1,0,0,0,0,0,0,1,0,0,0,0,2,2,False,True,AVON
avo bravo,0,0,0,0,0,0,0,0,2,0,0,0,2,1,False,False,AVO BRAVO
chungchun rice corn dog,0,0,0,0,0,0,0,0,2,0,0,0,2,1,False,False,CHUNGCHUN RICE CORN DOG
sunnies cafe,0,1,0,0,0,0,0,0,1,0,0,0,2,2,False,True,SUNNIES CAFE
sunnies studio,0,0,0,0,0,0,0,2,0,0,0,0,2,1,False,False,SUNNIES STUDIO
ck underwear,0,1,0,0,0,0,0,0,1,0,0,0,2,2,False,True,CK UNDERWEAR
sukiya,0,0,1,0,0,0,0,0,1,0,0,0,2,2,False,True,Sukiya
suds laundry & dry cleaning services,0,2,0,0,0,0,0,0,0,0,0,0,2,1,False,False,SUDS LAUNDRY & DRY CLEANING SERVICES
superpark,0,0,0,0,0,2,0,0,0,0,0,0,2,1,False,False,SuperPark
vendo,0,0,0,1,1,0,0,0,0,0,0,0,2,2,False,True,VENDO
suellas the shoe laundry,0,0,0,0,0,0,0,0,2,0,0,0,2,1,False,False,SUELLAS THE SHOE LAUNDRY
vipro,0,0,0,0,0,0,0,0,2,0,0,0,2,1,False,False,VIPRO
cleanbean laundry and lounge,0,0,0,0,0,0,0,0,2,0,0,0,2,1,False,False,CLEANBEAN LAUNDRY AND LOUNGE
sugarbee,0,1,0,0,0,0,0,0,1,0,0,0,2,2,False,True,SUGARBEE
clci cinemas,0,2,0,0,0,0,0,0,0,0,0,0,2,1,False,False,CLCI CINEMAS
venofye,0,0,0,0,0,0,0,0,2,0,0,0,2,1,False,False,VENOFYE
chins,0,0,0,0,0,0,0,0,2,0,0,0,2,1,False,False,CHINS
atoms philippines specialties,0,0,0,0,0,0,0,0,0,0,2,0,2,1,False,False,Atom's Philippines Specialties
chins express,0,0,0,1,0,0,0,0,1,0,0,0,2,2,False,True,CHIN'S EXPRESS
baan khun thai,0,0,0,0,0,1,0,0,1,0,0,0,2,2,False,True,Baan Khun Thai
augustus,0,0,0,0,0,0,0,2,0,0,0,0,2,1,False,False,Augustus
aula,0,0,0,0,0,0,0,0,2,0,0,0,2,1,False,False,AULA
chn cafe,0,0,0,0,0,0,0,0,2,0,0,0,2,1,False,False,CHN CAFÉ
chocful of nuts,0,0,0,0,0,0,1,1,0,0,0,0,2,2,False,True,Chocful of Nuts
aurea pearls,0,1,0,0,0,0,1,0,0,0,0,0,2,2,False,True,AUREA PEARLS
aurum,0,1,0,0,0,0,0,1,0,0,0,0,2,2,False,True,AURUM
supersam,0,0,0,0,0,1,1,0,0,0,0,0,2,2,False,True,Supersam
chocolates by nicole,0,0,0,0,0,0,0,0,2,0,0,0,2,1,False,False,CHOCOLATES BY NICOLE
bakebe,0,0,0,0,0,0,0,0,2,0,0,0,2,1,False,False,BAKEBE
baked puff ph,0,0,0,0,0,0,0,0,2,0,0,0,2,1,False,False,BAKED PUFF PH
colours digital foto,0,2,0,0,0,0,0,0,0,0,0,0,2,1,False,False,COLOURS DIGITAL FOTO
st jude optical clinic,0,1,0,0,0,0,0,1,0,0,0,0,2,2,False,True,St. Jude Optical Clinic
certified calm,0,1,0,0,0,0,0,0,1,0,0,0,2,2,False,True,CERTIFIED CALM
anything creation,0,0,0,0,0,0,0,0,2,0,0,0,2,1,False,False,ANYTHING CREATION
wealthbank,0,1,0,0,0,1,0,0,0,0,0,0,2,2,False,True,WEALTHBANK
taho boy,0,1,0,0,0,0,0,1,0,0,0,0,2,2,False,True,Taho Boy
champas mexican grill and taqueria,0,0,0,0,0,0,0,0,2,0,0,0,2,1,False,False,CHAMPAS MEXICAN GRILL AND TAQUERIA
chantel collections,0,0,0,0,1,0,0,1,0,0,0,0,2,2,False,True,Chantel Collections
chapel,0,0,0,0,2,0,0,0,0,0,0,0,2,1,False,False,Chapel
cotton on kids,0,1,0,0,0,0,0,1,0,0,0,0,2,2,False,True,COTTON ON KIDS
chapes keto cakes,0,1,0,0,0,0,0,0,1,0,0,0,2,2,False,True,CHAPES KETO CAKES
cosmolash salon,0,0,0,0,0,0,0,0,2,0,0,0,2,1,False,False,COSMOLASH SALON
tactical specialist,0,1,0,0,0,0,0,1,0,0,0,0,2,2,False,True,Tactical Specialist
chapters & pages,0,0,0,0,0,1,0,1,0,0,0,0,2,2,False,True,Chapters & Pages
chapters and pages,0,0,0,0,0,0,0,2,0,0,0,0,2,1,False,False,CHAPTERS AND PAGES
barcino wine resto bar,0,0,0,0,0,0,0,0,2,0,0,0,2,1,False,False,BARCINO WINE RESTO BAR
corrsys kitchen,0,0,0,0,0,0,0,0,2,0,0,0,2,1,False,False,CORRSYS KITCHEN
appe thai zing,0,0,0,0,0,0,0,0,2,0,0,0,2,1,False,False,APPE THAI-ZING
star frappe,0,0,0,0,0,0,0,1,0,0,0,1,2,2,False,True,Star Frappe
apple & eve,0,1,0,0,0,0,0,0,1,0,0,0,2,2,False,True,APPLE & EVE
star mobile,0,0,0,0,1,0,0,0,1,0,0,0,2,2,False,True,STAR MOBILE
universal eyecheck,0,0,0,0,0,0,0,2,0,0,0,0,2,1,False,False,Universal Eyecheck
craft coffee revolution,0,0,0,0,0,0,0,0,2,0,0,0,2,1,False,False,CRAFT COFFEE REVOLUTION
sweetblooms,0,0,0,0,0,0,0,0,2,0,0,0,2,1,False,False,SWEETBLOOMS
basekamp,0,0,0,0,1,0,0,1,0,0,0,0,2,2,False,True,BASEKAMP
cellpod,0,1,0,0,0,0,0,0,1,0,0,0,2,2,False,True,CELLPOD
batchoy king,0,0,0,0,2,0,0,0,0,0,0,0,2,1,False,False,Batchoy King
united coconut planters bank,0,1,0,0,0,0,0,0,1,0,0,0,2,2,False,True,UNITED COCONUT PLANTERS BANK
bata shoes,0,1,0,0,0,0,0,0,1,0,0,0,2,2,False,True,BATA SHOES
bata,0,0,1,0,0,0,0,0,1,0,0,0,2,2,False,True,BATA
takoyaki lab,0,0,0,0,0,0,0,2,0,0,0,0,2,1,False,False,TAKOYAKI LAB
takoyaki king,0,0,0,1,0,0,0,1,0,0,0,0,2,2,False,True,Takoyaki King
anta basketball,0,0,0,0,0,0,0,1,1,0,0,0,2,2,False,True,ANTA BASKETBALL
takoyaki empress,0,0,0,0,0,0,0,2,0,0,0,0,2,1,False,False,TAKOYAKI EMPRESS
cre8 salon premier,0,0,0,0,0,0,0,0,2,0,0,0,2,1,False,False,CRE8 SALON PREMIER
cre8 salon,0,1,0,0,0,0,0,1,0,0,0,0,2,2,False,True,Cre8 Salon
wellness plus,0,1,0,0,0,0,0,1,0,0,0,0,2,2,False,True,Wellness Plus
basil,0,1,0,0,0,0,0,0,1,0,0,0,2,2,False,True,BASIL
crazy curry,0,0,0,0,0,0,0,1,1,0,0,0,2,2,False,True,CRAZY CURRY
wellcare,0,0,0,0,0,0,0,0,0,0,2,0,2,1,False,False,Wellcare
centrafone mobile corp,0,0,0,0,0,0,0,0,0,0,0,2,2,1,False,False,CENTRAFONE MOBILE CORP
baseus,0,0,0,0,0,0,0,0,2,0,0,0,2,1,False,False,BASEUS
well point medical clinic and diagnostic center,0,0,0,0,0,0,0,0,2,0,0,0,2,1,False,False,WELL POINT MEDICAL CLINIC AND DIAGNOSTIC CENTER
crate barrel,0,0,0,0,0,0,0,0,2,0,0,0,2,1,False,False,CRATE BARREL
t f f tarsier fried food,0,0,0,0,0,1,0,1,0,0,0,0,2,2,False,True,T.F.F Tarsier Fried Food
aqua best,0,0,0,0,0,2,0,0,0,0,0,0,2,1,False,False,Aqua Best
urban gadgets,0,1,0,0,0,0,0,0,1,0,0,0,2,2,False,True,URBAN GADGETS
chef ala eh,0,0,0,0,0,0,0,1,1,0,0,0,2,2,False,True,Chef Ala Eh
concept computer,0,0,0,0,0,0,0,1,1,0,0,0,2,2,False,True,Concept Computer
ari beauty spa,0,0,0,0,0,0,0,0,2,0,0,0,2,1,False,False,ARI BEAUTY SPA
switch,0,1,0,0,0,0,0,0,1,0,0,0,2,2,False,True,SWITCH
swisstech,0,0,0,0,0,0,0,2,0,0,0,0,2,1,False,False,Swisstech
balayong bakery,0,0,0,0,0,0,0,1,1,0,0,0,2,2,False,True,Balayong Bakery
ari nails and spa,0,0,0,0,0,0,0,0,2,0,0,0,2,1,False,False,ARI NAILS AND SPA
swiss gear,0,1,0,0,0,0,0,0,1,0,0,0,2,2,False,True,SWISS GEAR
compuware computer center,0,0,0,0,0,0,0,0,2,0,0,0,2,1,False,False,COMPUWARE COMPUTER CENTER
balay ilocos,0,0,0,0,0,0,0,0,2,0,0,0,2,1,False,False,BALAY ILOCOS
armani exchange,0,2,0,0,0,0,0,0,0,0,0,0,2,1,False,False,ARMANI EXCHANGE
commonwealth,0,1,0,0,0,0,0,0,1,0,0,0,2,2,False,True,COMMONWEALTH
swirls,0,0,0,0,0,0,0,2,0,0,0,0,2,1,False,False,SWIRLS
common ground,0,2,0,0,0,0,0,0,0,0,0,0,2,1,False,False,COMMON GROUND
uv care,0,0,0,0,0,0,0,1,1,0,0,0,2,2,False,True,UV Care
stephens party depot,0,0,0,0,0,0,0,0,2,0,0,0,2,1,False,False,STEPHENS PARTY DEPOT
sweetisan,0,0,0,0,0,0,0,0,2,0,0,0,2,1,False,False,SWEETISAN
art 68 coffee corner,0,0,0,0,0,0,0,0,2,0,0,0,2,1,False,False,ART 68 COFFEE CORNER
v,0,1,0,0,0,0,0,0,1,0,0,0,2,2,False,True,V!
comic alley,0,0,0,0,1,0,0,0,1,0,0,0,2,2,False,True,COMIC ALLEY
steak station,0,0,0,1,0,1,0,0,0,0,0,0,2,2,False,True,Steak Station
cong caphe,0,0,0,0,0,1,0,1,0,0,0,0,2,2,False,True,Cong Caphe
ussc service store,0,0,0,0,0,0,0,1,0,0,0,1,2,2,False,True,USSC SERVICE STORE
aquazorb,0,0,0,0,0,0,0,1,1,0,0,0,2,2,False,True,Aquazorb
starbike,0,0,1,0,0,0,0,0,1,0,0,0,2,2,False,True,Starbike
urban outfit,1,0,0,0,0,0,0,1,0,0,0,0,2,2,False,True,Urban Outfit
urban outfits,0,1,0,0,0,0,0,1,0,0,0,0,2,2,False,True,URBAN OUTFITS
urban revivo,0,2,0,0,0,0,0,0,0,0,0,0,2,1,False,False,URBAN REVIVO
urban roots,0,0,0,0,0,0,0,1,1,0,0,0,2,2,False,True,Urban Roots
aqua smartguard,0,0,0,0,0,0,0,0,2,0,0,0,2,1,False,False,AQUA SMARTGUARD
coopers coffee haus,0,2,0,0,0,0,0,0,0,0,0,0,2,1,False,False,COOPER'S COFFEE HAUS
aquaflask kids,0,0,1,0,0,0,0,1,0,0,0,0,2,2,False,True,AQUAFLASK KIDS
starfrappe,0,0,0,0,1,0,0,1,0,0,0,0,2,2,False,True,Starfrappe
usams,0,0,0,0,0,0,0,1,1,0,0,0,2,2,False,True,USAMS
symmetry lab parfums,0,0,0,0,0,0,0,0,2,0,0,0,2,1,False,False,SYMMETRY LAB PARFUMS
wat pho thai massage,0,0,1,0,0,0,0,0,1,0,0,0,2,2,False,True,Wat Pho Thai Massage
bambu,0,0,0,0,1,0,0,1,0,0,0,0,2,2,False,True,Bambu
aranaz,0,1,0,0,0,0,0,1,0,0,0,0,2,2,False,True,ARANAZ
contis bakeshop,0,0,0,1,0,0,0,1,0,0,0,0,2,2,False,True,Conti’s Bakeshop
washington,0,0,0,0,0,0,0,0,2,0,0,0,2,1,False,False,WASHINGTON
consumer welfare desk,0,0,0,0,0,0,0,0,2,0,0,0,2,1,False,False,CONSUMER WELFARE DESK
wash up laundry,0,0,0,0,0,0,0,2,0,0,0,0,2,1,False,False,Wash Up Laundry
smile designs,0,0,0,0,0,0,0,0,2,0,0,0,2,1,False,False,SMILE DESIGNS
sunny smiles station dental clinic,0,0,0,0,0,0,0,0,2,0,0,0,2,1,False,False,SUNNY SMILES STATION DENTAL CLINIC
skin center,0,0,0,0,0,0,0,0,2,0,0,0,2,1,False,False,THE SKIN CENTER
zia salon premier,0,0,0,0,0,0,0,0,2,0,0,0,2,1,False,False,ZIA SALON PREMIER
disneyworld travel & tours,0,0,0,0,0,0,0,0,0,0,2,0,2,1,False,False,DISNEYWORLD TRAVEL & TOURS
dito,0,0,0,0,0,0,0,2,0,0,0,0,2,1,False,False,DITO
bonita,0,1,0,0,0,0,1,0,0,0,0,0,2,2,False,True,BONITA
time zone,0,0,0,0,0,0,0,2,0,0,0,0,2,1,False,False,TIME ZONE (TEMPORARILY CLOSED)
skl touch,0,0,0,0,0,0,0,0,2,0,0,0,2,1,False,False,SKL TOUCH
blessings copy center bookbinding services,0,0,0,0,0,0,0,0,2,0,0,0,2,1,False,False,BLESSINGS COPY CENTER BOOKBINDING SERVICES
360 barbers & beauty,0,0,0,1,0,0,0,1,0,0,0,0,2,2,False,True,360 Barbers & Beauty
dream land,0,0,0,0,0,0,0,1,1,0,0,0,2,2,False,True,DREAM LAND
bum,0,0,0,0,1,0,0,1,0,0,0,0,2,2,False,True,Bum
zig,0,0,0,0,0,0,0,1,1,0,0,0,2,2,False,True,ZIG
token fun station,0,0,0,0,0,0,0,0,2,0,0,0,2,1,False,False,TOKEN FUN STATION
360 tea shop,0,0,0,0,2,0,0,0,0,0,0,0,2,1,False,False,360° Tea Shop
bulgogi brothers,0,0,0,0,0,1,0,0,1,0,0,0,2,2,False,True,Bulgogi Brothers
dreamwave,0,0,0,0,0,0,0,0,0,0,0,2,2,1,False,False,DREAMWAVE
blissful bali spa and aesthetic center,0,0,0,0,0,0,0,0,2,0,0,0,2,1,False,False,BLISSFUL BALI SPA AND AESTHETIC CENTER
timecheck watch repair,0,0,0,0,0,0,0,2,0,0,0,0,2,1,False,False,Timecheck Watch Repair
toho restaurant,0,0,0,0,0,0,0,0,2,0,0,0,2,1,False,False,TOHO RESTAURANT
diy hardware,0,1,0,1,0,0,0,0,0,0,0,0,2,2,False,True,DIY HARDWARE
sit relax,0,0,0,0,0,0,0,0,2,0,0,0,2,1,False,False,SIT RELAX
dra des kids dental clinic,0,0,0,0,0,0,0,0,2,0,0,0,2,1,False,False,DRA DES KIDS DENTAL CLINIC
accessorium,0,0,0,0,0,0,0,0,2,0,0,0,2,1,False,False,ACCESSORIUM
3f watch,0,0,0,0,0,0,0,2,0,0,0,0,2,1,False,False,3F Watch
brickyard lils hobby center,0,2,0,0,0,0,0,0,0,0,0,0,2,1,False,False,THE BRICKYARD / LILS HOBBY CENTER
5 11 tactical series,0,2,0,0,0,0,0,0,0,0,0,0,2,1,False,False,5.11 TACTICAL SERIES
dj jewelry shop,0,0,0,0,0,0,0,2,0,0,0,0,2,1,False,False,DJ JEWELRY SHOP
bongbongs,0,0,0,0,0,0,0,2,0,0,0,0,2,1,False,False,Bongbong's (TEMPORARILY CLOSED)
touch & type,0,0,0,0,0,0,0,1,0,0,0,1,2,2,False,True,Touch & Type
treat street cafe,0,2,0,0,0,0,0,0,0,0,0,0,2,1,False,False,TREAT STREET CAFE
digilock,0,1,0,0,0,0,0,0,1,0,0,0,2,2,False,True,DIGILOCK
time avenue,0,0,0,0,0,0,0,1,1,0,0,0,2,2,False,True,Time Avenue
2358 store,0,0,0,0,2,0,0,0,0,0,0,0,2,1,False,False,The 2358 Store
yole,0,0,0,0,0,0,0,2,0,0,0,0,2,1,False,False,Yole
digital tunnel,0,0,0,0,0,0,0,0,2,0,0,0,2,1,False,False,DIGITAL TUNNEL
dimensione,0,1,0,0,0,0,0,0,1,0,0,0,2,2,False,True,DIMENSIONE
toll house,0,0,0,0,0,0,0,0,2,0,0,0,2,1,False,False,TOLL HOUSE
tooth in style dental clinic,0,0,0,0,0,0,0,0,2,0,0,0,2,1,False,False,TOOTH IN STYLE DENTAL CLINIC
yoressa,0,1,1,0,0,0,0,0,0,0,0,0,2,2,False,True,YORESSA
acqua suisse,0,0,0,0,2,0,0,0,0,0,0,0,2,1,False,False,Acqua Suisse
slimmers world,0,1,1,0,0,0,0,0,0,0,0,0,2,2,False,True,SLIMMERS WORLD
sledgers,0,1,0,0,0,0,0,0,1,0,0,0,2,2,False,True,SLEDGERS
dimsum frito,0,0,0,0,0,0,0,0,2,0,0,0,2,1,False,False,DIMSUM FRITO
zouyo cellphone accessories,0,0,0,0,0,0,0,0,2,0,0,0,2,1,False,False,ZOUYO CELLPHONE ACCESSORIES
skyzone,0,0,0,0,0,0,0,0,2,0,0,0,2,1,False,False,SKYZONE
dreamwave hotel,0,0,0,0,0,0,0,0,0,0,0,2,2,1,False,False,DREAMWAVE HOTEL
breakfast at antonios,0,0,0,0,0,0,0,2,0,0,0,0,2,1,False,False,BREAKFAST AT ANTONIO'S
time central,0,0,0,0,2,0,0,0,0,0,0,0,2,1,False,False,Time Central
black canyon coffee,0,2,0,0,0,0,0,0,0,0,0,0,2,1,False,False,BLACK CANYON COFFEE
burger factory,0,0,0,0,0,0,0,0,0,0,0,2,2,1,False,False,BURGER FACTORY
ding how,0,1,0,0,0,0,0,1,0,0,0,0,2,2,False,True,Ding How
siomai lab,0,0,0,0,0,0,0,1,1,0,0,0,2,2,False,True,SIOMAI LAB
time concept,0,0,0,0,0,0,0,1,0,0,0,1,2,2,False,True,Time Concept
black crust pizza co,0,0,0,0,0,0,0,0,2,0,0,0,2,1,False,False,BLACK CRUST PIZZA CO
zoe scoop ice cream,0,0,0,0,0,0,0,0,2,0,0,0,2,1,False,False,ZOE SCOOP ICE CREAM
dino paradise,0,0,0,0,0,0,0,2,0,0,0,0,2,1,False,False,Dino Paradise
treats of l a,0,0,0,0,2,0,0,0,0,0,0,0,2,1,False,False,Treats of L.A.
2go travel,0,0,0,0,0,0,0,1,0,1,0,0,2,2,False,True,2GO TRAVEL
ac travel tours,0,0,0,0,0,0,0,0,2,0,0,0,2,1,False,False,AC TRAVEL TOURS
skinplicity,0,0,0,0,0,0,0,0,2,0,0,0,2,1,False,False,SKINPLICITY
bukoman refreshment zone,0,0,0,0,0,0,0,0,2,0,0,0,2,1,False,False,BUKOMAN REFRESHMENT ZONE
towelite,0,0,0,0,0,0,0,0,2,0,0,0,2,1,False,False,TOWELITE
buko bar,0,0,0,0,0,0,0,0,1,0,1,0,2,2,False,True,BUKO BAR
toyota,0,0,0,0,0,0,0,0,2,0,0,0,2,1,False,False,TOYOTA
boho dreams handcrafts,0,0,0,0,0,0,0,0,2,0,0,0,2,1,False,False,BOHO DREAMS HANDCRAFTS
dos pueblos,0,0,0,0,0,0,0,1,1,0,0,0,2,2,False,True,Dos Pueblos
dollar store,0,0,0,0,0,0,1,1,0,0,0,0,2,2,False,True,Dollar Store
abaca baking,0,2,0,0,0,0,0,0,0,0,0,0,2,1,False,False,ABACA BAKING
brothers burger,0,2,0,0,0,0,0,0,0,0,0,0,2,1,False,False,BROTHER'S BURGER
bodytech,0,0,0,0,0,0,0,2,0,0,0,0,2,1,False,False,Bodytech
browhaus,0,2,0,0,0,0,0,0,0,0,0,0,2,1,False,False,BROWHAUS
blushing beauty,0,1,0,0,0,0,0,0,1,0,0,0,2,2,False,True,BLUSHING BEAUTY
buffalo wings n things,0,0,0,0,0,1,0,1,0,0,0,0,2,2,False,True,BUFFALO WINGS' N' THINGS
a&r beauty,0,0,0,0,0,1,0,0,1,0,0,0,2,2,False,True,A&R Beauty
tipsy pig,0,0,0,0,0,1,1,0,0,0,0,0,2,2,False,True,Tipsy Pig
top trust,0,0,0,0,0,0,0,1,0,0,0,1,2,2,False,True,Top Trust
don don tei,0,0,0,0,0,0,1,1,0,0,0,0,2,2,False,True,DON DON TEI
skin by ledeecia,0,0,0,0,0,0,0,0,2,0,0,0,2,1,False,False,SKIN BY LEDEECIA
skin body face station,0,0,0,0,0,0,0,0,2,0,0,0,2,1,False,False,"SKIN, BODY FACE STATION"
bubi trampoline,0,0,0,0,0,0,0,0,0,0,0,2,2,1,False,False,BUBI TRAMPOLINE
dons original spanish churros,0,0,0,1,0,0,0,1,0,0,0,0,2,2,False,True,Don's Original Spanish Churros
touch of wellness,0,0,0,0,2,0,0,0,0,0,0,0,2,1,False,False,Touch of Wellness
titanium mobile,0,0,0,0,0,0,0,0,2,0,0,0,2,1,False,False,TITANIUM MOBILE
dondon yamagata,0,0,0,0,0,0,0,0,2,0,0,0,2,1,False,False,DONDON YAMAGATA
dong won garden,0,0,0,0,0,0,0,0,2,0,0,0,2,1,False,False,DONG WON GARDEN
donna chang,0,0,1,0,0,1,0,0,0,0,0,0,2,2,False,True,Donna Chang
a b d g,0,0,0,0,0,2,0,0,0,0,0,0,2,1,False,False,A.B.D.G.+
bobs footwear,0,0,0,0,0,0,0,0,0,0,0,2,2,1,False,False,BOB'S FOOTWEAR
brood,0,0,0,0,0,0,0,1,1,0,0,0,2,2,False,True,BROOD
dough creamery,0,0,0,0,0,0,1,0,1,0,0,0,2,2,False,True,Dough Creamery
skin manila,0,0,0,0,0,1,0,0,1,0,0,0,2,2,False,True,Skin Manila
toryanos chicken haus,0,0,0,0,1,0,0,0,1,0,0,0,2,2,False,True,TORYANOS CHICKEN HAUS
528 ilawod cafe,0,0,0,0,0,0,0,0,2,0,0,0,2,1,False,False,528 ILAWOD CAFE
529 polish nail studio,0,0,0,0,0,0,0,0,2,0,0,0,2,1,False,False,529 POLISH NAIL STUDIO
buko zone,0,0,0,0,0,0,0,1,1,0,0,0,2,2,False,True,BUKO ZONE
skinlandia,0,0,0,0,0,1,0,0,1,0,0,0,2,2,False,True,SKINLANDIA
buko rocks,0,0,0,0,0,0,0,2,0,0,0,0,2,1,False,False,Buko Rocks
travel pros,0,0,0,0,0,0,0,0,2,0,0,0,2,1,False,False,TRAVEL PROS
dr j specs,0,0,1,0,0,1,0,0,0,0,0,0,2,2,False,True,Dr. J Specs
buko republic,0,0,0,0,0,0,0,1,1,0,0,0,2,2,False,True,Buko Republic
yugen,0,0,0,0,0,0,0,1,1,0,0,0,2,2,False,True,YUGEN (9773649805)
tori yamu japanese bbq,0,0,0,0,0,0,0,0,2,0,0,0,2,1,False,False,TORI YAMU JAPANESE BBQ
yummy dumplings,0,0,0,0,0,0,0,0,2,0,0,0,2,1,False,False,YUMMY DUMPLINGS
brique,0,1,0,0,0,0,0,1,0,0,0,0,2,2,False,True,Brique
blu nektar,0,0,0,0,0,0,0,0,2,0,0,0,2,1,False,False,BLU NEKTAR
bon banhmi,0,0,0,0,0,0,0,0,2,0,0,0,2,1,False,False,BON BANHMI
briquito silvanas,0,1,0,0,0,0,0,0,1,0,0,0,2,2,False,True,BRIQUITO SILVANAS
abenson appliance,0,0,0,0,1,0,0,0,0,0,1,0,2,2,False,True,Abenson Appliance
bon appetea,0,0,0,0,1,0,0,0,1,0,0,0,2,2,False,True,BON APPETEA
7c silver,0,0,0,0,0,0,0,2,0,0,0,0,2,1,False,False,7C Silver
zen zone,0,0,0,0,2,0,0,0,0,0,0,0,2,1,False,False,Zen Zone
bom gosto,0,0,0,0,0,1,0,0,1,0,0,0,2,2,False,True,Bom Gosto!
buko island,0,0,0,0,0,0,0,2,0,0,0,0,2,1,False,False,Buko Island
buko frio,0,0,0,0,0,0,0,1,1,0,0,0,2,2,False,True,BUKO FRIO (NEW)
8 cuts burger blends,0,0,0,0,0,0,0,0,2,0,0,0,2,1,False,False,8 CUTS BURGER BLENDS
dough&grocer,0,0,0,0,0,0,2,0,0,0,0,0,2,1,False,False,Dough&Grocer
traffic footwear,0,0,0,0,0,0,0,0,2,0,0,0,2,1,False,False,TRAFFIC FOOTWEAR
bootcamp,0,2,0,0,0,0,0,0,0,0,0,0,2,1,False,False,BOOTCAMP
time square,0,0,0,0,0,1,0,1,0,0,0,0,2,2,False,True,Time Square
sm consumer welfare desk,0,0,0,0,0,0,0,0,2,0,0,0,2,1,False,False,SM CONSUMER WELFARE DESK
bistro charlemagne,0,2,0,0,0,0,0,0,0,0,0,0,2,1,False,False,BISTRO CHARLEMAGNE
digi store,0,0,0,0,0,0,0,2,0,0,0,0,2,1,False,False,DIGI-STORE
1 smile city dental center,0,1,1,0,0,0,0,0,0,0,0,0,2,2,False,True,1 SMILE CITY DENTAL CENTER
bistro ocean city,0,0,0,0,0,1,0,0,1,0,0,0,2,2,False,True,Bistro Ocean City
yoga,0,0,0,0,0,0,0,0,2,0,0,0,2,1,False,False,YOGA
sm development corporation,0,0,0,0,0,0,0,0,2,0,0,0,2,1,False,False,SM DEVELOPMENT CORPORATION
bos shoes bags repair shop,0,0,0,0,0,0,0,0,2,0,0,0,2,1,False,False,BOS SHOES BAGS REPAIR SHOP
bos bistro,0,0,1,0,0,0,0,1,0,0,0,0,2,2,False,True,Bo's Bistro
buzzz cafe,0,0,0,0,0,0,0,1,1,0,0,0,2,2,False,True,The Buzzz Cafe
ties that travel,0,0,0,0,0,0,0,0,2,0,0,0,2,1,False,False,TIES THAT TRAVEL
zullo coffee and loaf,0,0,0,0,0,0,0,0,2,0,0,0,2,1,False,False,ZULLO COFFEE AND LOAF
zubuchon,0,0,0,0,0,0,0,0,2,0,0,0,2,1,False,False,ZUBUCHON
adidas brand center,0,2,0,0,0,0,0,0,0,0,0,0,2,1,False,False,ADIDAS BRAND CENTER
smart suite,0,0,0,0,0,0,0,0,2,0,0,0,2,1,False,False,SMART SUITE
dungan by kamay kainan,0,0,0,0,0,0,0,0,2,0,0,0,2,1,False,False,DUNGAN BY KAMAY KAINAN
yeobo korean corndog,0,0,0,0,0,0,0,2,0,0,0,0,2,1,False,False,YEOBO KOREAN CORNDOG
adventureland,0,0,0,0,0,0,0,0,2,0,0,0,2,1,False,False,ADVENTURELAND
smashing lemons lam heung ling,0,0,0,0,0,0,0,0,2,0,0,0,2,1,False,False,SMASHING LEMONS LAM HEUNG LING
simple ride,0,0,0,0,0,0,0,0,2,0,0,0,2,1,False,False,SIMPLE RIDE
adelings native delicacies,0,0,0,0,0,0,0,0,0,0,2,0,2,1,False,False,Adelings Native Delicacies
aesthetiq wellness and spa,0,0,0,0,0,0,0,0,2,0,0,0,2,1,False,False,AESTHETIQ WELLNESS AND SPA
tomiko mobile,0,0,0,0,0,0,0,0,2,0,0,0,2,1,False,False,TOMIKO MOBILE
bouldering hive,0,1,0,0,0,0,1,0,0,0,0,0,2,2,False,True,BOULDERING HIVE
e & e takuyaki,0,0,0,0,0,0,0,2,0,0,0,0,2,1,False,False,E & E TAKUYAKI
bymp3 electronic gadget express,0,0,0,0,0,0,0,0,2,0,0,0,2,1,False,False,BYMP3 ELECTRONIC GADGET EXPRESS
thisplay inc,0,0,0,0,0,0,0,0,2,0,0,0,2,1,False,False,THISPLAY INC
bioderma,0,0,0,0,0,0,0,0,2,0,0,0,2,1,False,False,BIODERMA
bossman by dapper club,0,2,0,0,0,0,0,0,0,0,0,0,2,1,False,False,BOSSMAN BY DAPPER CLUB
dumpling king,0,0,0,0,0,0,0,0,0,0,0,2,2,1,False,False,DUMPLING KING
simply skin,0,0,1,0,0,0,0,0,1,0,0,0,2,2,False,True,Simply Skin
tribu,0,0,0,1,0,0,0,0,0,0,0,1,2,2,False,True,Tribu
smdc showroom,0,0,0,0,0,0,0,0,2,0,0,0,2,1,False,False,SMDC SHOWROOM
toni & guy,0,0,0,0,0,1,0,0,1,0,0,0,2,2,False,True,Toni & Guy
tonkotsu kazan ramen,0,0,1,0,0,0,0,0,1,0,0,0,2,2,False,True,Tonkotsu Kazan Ramen
yococo,0,0,0,0,0,0,0,2,0,0,0,0,2,1,False,False,YOCOCO
ticket 1,0,0,0,0,0,0,0,2,0,0,0,0,2,1,False,False,Ticket 1
1984 barbershop & laser studio,0,2,0,0,0,0,0,0,0,0,0,0,2,1,False,False,1984 BARBERSHOP & LASER STUDIO
simply pretty,0,0,0,0,0,0,0,2,0,0,0,0,2,1,False,False,Simply Pretty
dermorepubliq,0,0,0,0,0,0,0,0,2,0,0,0,2,1,False,False,DERMOREPUBLIQ
addas,0,0,0,0,0,0,0,0,1,0,1,0,2,2,False,True,ADDAS
bistro rosarios cake out counter,0,0,0,0,0,0,0,0,2,0,0,0,2,1,False,False,BISTRO ROSARIOS CAKE-OUT COUNTER
verve,0,0,0,0,0,0,0,0,1,0,0,0,1,1,False,False,VERVE
optimo global,0,0,1,0,0,0,0,0,0,0,0,0,1,1,False,False,Optimo Global
pet zafari,0,0,0,0,1,0,0,0,0,0,0,0,1,1,False,False,Pet Zafari
vertext handyphones,0,0,0,0,0,0,0,0,1,0,0,0,1,1,False,False,VERTEXT HANDYPHONES
toris buco corner,0,0,0,0,0,0,0,0,1,0,0,0,1,1,False,False,TORIS BUCO CORNER
penshoppe hexi health,0,0,0,0,0,0,0,0,0,0,0,1,1,1,False,False,PENSHOPPE HEXI HEALTH
urban tech,0,0,0,0,0,0,0,1,0,0,0,0,1,1,False,False,Urban Tech
pentagon dental,0,0,0,0,0,0,0,1,0,0,0,0,1,1,False,False,Pentagon Dental
urban pawz,0,0,0,0,0,0,0,0,1,0,0,0,1,1,False,False,URBAN PAWZ
oil paint store,1,0,0,0,0,0,0,0,0,0,0,0,1,1,False,False,THE OIL PAINT STORE
options studios,0,0,0,0,0,1,0,0,0,0,0,0,1,1,False,False,Options Studios
options boutique,0,0,0,0,0,1,0,0,0,0,0,0,1,1,False,False,Options Boutique
urbidontics,0,1,0,0,0,0,0,0,0,0,0,0,1,1,False,False,URBIDONTICS
oishi maki,0,0,0,0,0,0,0,0,0,0,1,0,1,1,False,False,Oishi Maki
oraderm care clinic,0,0,0,0,0,1,0,0,0,0,0,0,1,1,False,False,Oraderm Care Clinic
oishi manju,0,0,0,0,1,0,0,0,0,0,0,0,1,1,False,False,Oishi Manju
very important pets,0,0,0,0,0,1,0,0,0,0,0,0,1,1,False,False,Very Important Pets
opulence cafe,0,0,0,0,0,0,1,0,0,0,0,0,1,1,False,False,Opulence Cafe
optimum skin,0,0,0,0,0,1,0,0,0,0,0,0,1,1,False,False,Optimum Skin
urban seoul,0,0,0,0,0,1,0,0,0,0,0,0,1,1,False,False,Urban Seoul
toni and guy,0,1,0,0,0,0,0,0,0,0,0,0,1,1,False,False,TONI AND GUY
toni guy,0,0,0,0,0,0,0,0,1,0,0,0,1,1,False,False,TONI GUY
us polo,0,0,0,0,1,0,0,0,0,0,0,0,1,1,False,False,US Polo
optika vision,0,0,0,0,1,0,0,0,0,0,0,0,1,1,False,False,Optika Vision
perene cakes and pastries,0,0,0,0,0,0,0,1,0,0,0,0,1,1,False,False,PERENE CAKES AND PASTRIES
peppermint 9352438904,0,0,0,0,0,0,0,1,0,0,0,0,1,1,False,False,Peppermint 9352438904
tonkatsu aoki,0,0,0,0,0,1,0,0,0,0,0,0,1,1,False,False,Tonkatsu Aoki
ojo signature & kids,0,0,1,0,0,0,0,0,0,0,0,0,1,1,False,False,Ojo Signature & Kids
pera mpc,0,0,0,0,0,0,0,1,0,0,0,0,1,1,False,False,Pera MPC
versus barcade,0,0,0,0,0,1,0,0,0,0,0,0,1,1,False,False,Versus Barcade
utharo san,0,0,0,0,0,0,0,1,0,0,0,0,1,1,False,False,UTHARO SAN
topnet enterprise,0,0,0,0,0,0,0,0,1,0,0,0,1,1,False,False,TOPNET ENTERPRISE
vertext,0,0,0,0,0,0,0,1,0,0,0,0,1,1,False,False,Vertext
ok bob,0,0,0,0,0,0,0,0,1,0,0,0,1,1,False,False,"OK, BOB"
tophealth medical clinics part of keralty clinics,0,0,0,0,0,0,0,0,1,0,0,0,1,1,False,False,TOPHEALTH MEDICAL CLINICS PART OF KERALTY CLINICS
oppo safariphone,0,0,0,0,0,0,0,1,0,0,0,0,1,1,False,False,Oppo/Safariphone
oppo premium,0,0,0,0,1,0,0,0,0,0,0,0,1,1,False,False,Oppo Premium
oppo play telecom,0,0,0,0,0,0,0,1,0,0,0,0,1,1,False,False,Oppo/Play Telecom
okonomi takoyaki,0,0,0,0,0,0,0,1,0,0,0,0,1,1,False,False,OKONOMI TAKOYAKI
topokis,0,0,0,0,0,0,0,0,1,0,0,0,1,1,False,False,TOPOKIS
ussc western union before,0,0,0,0,0,0,0,1,0,0,0,0,1,1,False,False,USSC -Western Union Before
topokkiman,0,0,0,0,0,0,0,0,1,0,0,0,1,1,False,False,TOPOKKIMAN
ussc western union,0,0,0,0,1,0,0,0,0,0,0,0,1,1,False,False,USSC / Western Union
optical house,0,0,0,0,0,0,0,1,0,0,0,0,1,1,False,False,Optical House
toppoki man,0,1,0,0,0,0,0,0,0,0,0,0,1,1,False,False,TOPPOKI MAN
optical shop,0,0,0,0,0,0,0,0,1,0,0,0,1,1,False,False,THE OPTICAL SHOP
tops sizzling,0,0,0,0,0,0,0,0,1,0,0,0,1,1,False,False,TOPS SIZZLING
pet spot supplies and grooming center,0,0,0,0,0,0,0,0,1,0,0,0,1,1,False,False,PET SPOT SUPPLIES AND GROOMING CENTER
pepd pampanga,0,0,0,0,0,0,0,0,1,0,0,0,1,1,False,False,PEPD PAMPANGA
penshoppe beauche,0,0,0,0,0,0,0,0,0,0,0,1,1,1,False,False,PENSHOPPE Beauche
ursabia dance studio,0,1,0,0,0,0,0,0,0,0,0,0,1,1,False,False,URSABIA DANCE STUDIO
peoples palace,0,1,0,0,0,0,0,0,0,0,0,0,1,1,False,False,PEOPLE'S PALACE
urod barber shop,0,0,0,0,0,0,0,1,0,0,0,0,1,1,False,False,UROD BARBER SHOP
peoples champorado,0,0,0,0,0,0,0,1,0,0,0,0,1,1,False,False,People's Champorado
opticians by george,0,1,0,0,0,0,0,0,0,0,0,0,1,1,False,False,THE OPTICIANS BY GEORGE
torimomo,0,0,0,0,0,0,0,1,0,0,0,0,1,1,False,False,Torimomo
ohtako takoyaki,0,0,1,0,0,0,0,0,0,0,0,0,1,1,False,False,Ohtako Takoyaki
orange karenderia,0,0,0,0,0,0,0,0,1,0,0,0,1,1,False,False,ORANGE KARENDERIA
tortosa organic farm,0,1,0,0,0,0,0,0,0,0,0,0,1,1,False,False,TORTOSA ORGANIC FARM
orlina dental clinic,0,0,0,0,0,0,0,0,0,0,1,0,1,1,False,False,ORLINA DENTAL CLINIC
totongs delicacies,0,1,0,0,0,0,0,0,0,0,0,0,1,1,False,False,TOTONG’S DELICACIES
oro china premier,0,0,0,0,0,0,0,0,1,0,0,0,1,1,False,False,ORO CHINA PREMIER
uno department store jesus is best siomai house,0,0,0,0,0,0,0,0,0,0,0,1,1,1,False,False,UNO DEPARTMENT STORE JESUS IS BEST SIOMAI HOUSE
pedro the grocer,0,0,0,0,0,1,0,0,0,0,0,0,1,1,False,False,Pedro the Grocer
victoria farms,0,1,0,0,0,0,0,0,0,0,0,0,1,1,False,False,VICTORIA FARMS
ormocnet,0,0,0,0,0,0,0,1,0,0,0,0,1,1,False,False,Ormocnet
totobits streat food stall,0,0,0,0,0,0,0,0,1,0,0,0,1,1,False,False,TOTOBITS STREAT FOOD STALL
oris,1,0,0,0,0,0,0,0,0,0,0,0,1,1,False,False,Oris
toni & sergio,0,0,0,0,0,1,0,0,0,0,0,0,1,1,False,False,Toni & Sergio
uno departmetn store minigem exhibit 37,0,0,0,0,0,0,0,0,0,0,0,1,1,1,False,False,UNO DEPARTMETN STORE MINIGEM EXHIBIT # 37 (STAIRWAY 1)
peking garden,0,1,0,0,0,0,0,0,0,0,0,0,1,1,False,False,PEKING GARDEN
petite graine preschool,0,0,0,0,0,1,0,0,0,0,0,0,1,1,False,False,Petite Graine Preschool
vicaria,0,0,0,0,0,0,1,0,0,0,0,0,1,1,False,False,Vicaria
oh my goodies,0,0,0,1,0,0,0,0,0,0,0,0,1,1,False,False,Oh My Goodies!
uno departmetn store minigem exhibit 39,0,0,0,0,0,0,0,0,0,0,0,1,1,1,False,False,UNO DEPARTMETN STORE MINIGEM EXHIBIT #39
uno dept store,0,0,0,0,0,0,0,0,0,0,0,1,1,1,False,False,Uno Dept. Store
uno department store,0,0,0,0,0,0,0,0,0,0,0,1,1,1,False,False,UNO DEPARTMENT STORE
pedro pen buko,0,0,0,0,1,0,0,0,0,0,0,0,1,1,False,False,Pedro Pen Buko
tory burch,0,1,0,0,0,0,0,0,0,0,0,0,1,1,False,False,TORY BURCH
oro saudi gold,0,0,0,0,0,0,0,1,0,0,0,0,1,1,False,False,ORO SAUDI GOLD
universal storefront services corp,0,0,0,0,0,0,0,0,0,0,0,1,1,1,False,False,UNIVERSAL STOREFRONT SERVICES CORP.
victorious event organizer,0,0,0,0,0,0,0,0,0,0,0,1,1,1,False,False,VICTORIOUS EVENT ORGANIZER
orocher jewellery store,0,0,0,0,0,0,0,0,1,0,0,0,1,1,False,False,OROCHER JEWELLERY STORE
oro talia,0,0,0,0,0,0,0,1,0,0,0,0,1,1,False,False,Oro Talia
oro shawarma rice company,0,1,0,0,0,0,0,0,0,0,0,0,1,1,False,False,ORO SHAWARMA RICE COMPANY
oro shawarma,0,0,0,0,0,0,0,1,0,0,0,0,1,1,False,False,Oro Shawarma
victorias secret,0,0,0,0,0,0,0,0,1,0,0,0,1,1,False,False,VICTORIAS SECRET
oro italia jewelry shop,0,0,0,0,1,0,0,0,0,0,0,0,1,1,False,False,Oro Italia Jewelry Shop
totu,0,0,0,0,0,0,0,0,1,0,0,0,1,1,False,False,TOTU
unlimited manila,0,0,0,0,0,0,0,1,0,0,0,0,1,1,False,False,UNLIMITED MANILA (9262228122)
unlimted laundry services,0,0,0,0,0,0,0,0,1,0,0,0,1,1,False,False,UNLIMTED LAUNDRY SERVICES
unnie manju,0,0,0,0,0,0,0,1,0,0,0,0,1,1,False,False,UNNIE MANJU
uno adventure & holidays,0,0,0,0,0,1,0,0,0,0,0,0,1,1,False,False,Uno  Adventure & Holidays
oro gold,0,0,0,0,1,0,0,0,0,0,0,0,1,1,False,False,Oro Gold
victoria semi permanent makeup & beauty spa,0,1,0,0,0,0,0,0,0,0,0,0,1,1,False,False,VICTORIA SEMI PERMANENT MAKEUP & BEAUTY SPA
oh holiday apothecary,0,0,0,0,0,0,0,0,1,0,0,0,1,1,False,False,OH HOLIDAY APOTHECARY
toto kaloys bibingka,0,0,0,0,0,0,0,1,0,0,0,0,1,1,False,False,Toto Kaloy's Bibingka
uno factory outlet passage way,0,0,0,0,0,0,0,0,0,0,0,1,1,1,False,False,UNO FACTORY OUTLET PASSAGE WAY
original biscocho haus kiosk,0,0,0,0,0,0,0,1,0,0,0,0,1,1,False,False,Original Biscocho Haus Kiosk
orbitz pearl shake mini gem exhibit 12,0,0,0,0,0,0,0,0,0,0,0,1,1,1,False,False,ORBITZ PEARL SHAKE MINI GEM EXHIBIT #12( FC created space # 9 )
oriental art home,0,1,0,0,0,0,0,0,0,0,0,0,1,1,False,False,ORIENTAL ART HOME
vets in practice,0,0,0,0,0,1,0,0,0,0,0,0,1,1,False,False,Vets In Practice
peter john arts,0,0,0,0,0,0,0,0,1,0,0,0,1,1,False,False,PETER JOHN ARTS
organiko beverage shop,0,0,0,0,0,0,0,0,1,0,0,0,1,1,False,False,ORGANIKO BEVERAGE SHOP
organail organic nail lounge spa,0,0,0,0,0,0,0,0,1,0,0,0,1,1,False,False,ORGANAIL ORGANIC NAIL LOUNGE SPA
orells banana thins,0,0,0,0,0,0,0,0,1,0,0,0,1,1,False,False,ORELLS BANANA THINS
penongs barbecue seafoods and grill,0,0,0,0,0,0,0,0,1,0,0,0,1,1,False,False,PENONGS BARBECUE SEAFOODS AND GRILL
orbisos buko shake and juice center,0,0,0,0,0,0,0,0,1,0,0,0,1,1,False,False,ORBISOS BUKO SHAKE AND JUICE CENTER
uno lifestyle cafe,0,0,0,0,0,0,0,0,1,0,0,0,1,1,False,False,UNO LIFESTYLE CAFÉ
orange tea,0,0,1,0,0,0,0,0,0,0,0,0,1,1,False,False,Orange Tea
vespa,0,0,0,0,0,0,0,0,1,0,0,0,1,1,False,False,VESPA
oppo 9367318614,0,0,0,0,0,0,0,1,0,0,0,0,1,1,False,False,OPPO 9367318614 (OPEN)
orange factorie,0,1,0,0,0,0,0,0,0,0,0,0,1,1,False,False,ORANGE FACTORIE
oh waffles & crepes,0,0,0,0,0,0,0,1,0,0,0,0,1,1,False,False,OH! WAFFLES & CREPES
urban concept,0,0,0,0,0,0,0,1,0,0,0,0,1,1,False,False,Urban Concept
petco,0,0,0,0,0,0,0,0,1,0,0,0,1,1,False,False,PETCO
oh tanghulu,0,0,0,0,0,0,0,0,1,0,0,0,1,1,False,False,OH TANGHULU
tosh,0,0,0,0,0,0,0,1,0,0,0,0,1,1,False,False,TOSH
oriental treasures,0,1,0,0,0,0,0,0,0,0,0,0,1,1,False,False,ORIENTAL TREASURES
uptown cinemas snackbar,0,0,0,0,0,1,0,0,0,0,0,0,1,1,False,False,Uptown Cinemas - Snackbar
upcycle manila,0,0,0,0,0,0,1,0,0,0,0,0,1,1,False,False,Upcycle Manila
vibes massage edilberto san diego food cart,0,0,0,0,0,0,0,0,0,0,0,1,1,1,False,False,VIBES MASSAGE EDILBERTO SAN DIEGO FOOD CART
penguin,0,0,0,0,0,0,0,1,0,0,0,0,1,1,False,False,Penguin
vibes massage 0933 862 4925,0,0,0,0,0,0,0,1,0,0,0,0,1,1,False,False,VIBES MASSAGE 0933-862-4925 (NEW)
penn & paengs kakanin,0,0,0,0,0,0,0,1,0,0,0,0,1,1,False,False,PENN & PAENG'S KAKANIN
vibes masage ca exhibits,0,0,0,0,0,0,0,0,0,0,0,1,1,1,False,False,VIBES MASAGE CA EXHIBITS ( PROPERTY PRO )
original bakery,0,0,0,0,0,0,0,0,1,0,0,0,1,1,False,False,ORIGINAL BAKERY
toshiba,0,0,0,0,1,0,0,0,0,0,0,0,1,1,False,False,Toshiba
original all american,0,0,0,0,0,0,0,1,0,0,0,0,1,1,False,False,Original All American
viande,0,0,0,0,0,0,1,0,0,0,0,0,1,1,False,False,Viande
originails,0,1,0,0,0,0,0,0,0,0,0,0,1,1,False,False,ORIGINAILS
petes place,0,0,0,0,0,0,0,0,1,0,0,0,1,1,False,False,Pete's Place
vgc pet grooming,0,0,0,0,0,0,0,1,0,0,0,0,1,1,False,False,VGC Pet Grooming
uppercuts barbershop,0,0,0,0,0,0,0,0,1,0,0,0,1,1,False,False,UPPERCUTS BARBERSHOP
uptown cinemas,0,0,0,0,0,1,0,0,0,0,0,0,1,1,False,False,Uptown Cinemas
oppo kiosk,1,0,0,0,0,0,0,0,0,0,0,0,1,1,False,False,OPPO KIOSK
perfect scoop,0,0,0,0,0,0,0,0,1,0,0,0,1,1,False,False,THE PERFECT SCOOP
perfect image,0,0,0,0,0,0,0,1,0,0,0,0,1,1,False,False,Perfect Image
on stage,1,0,0,0,0,0,0,0,0,0,0,0,1,1,False,False,ON STAGE
vapor station,0,1,0,0,0,0,0,0,0,0,0,0,1,1,False,False,VAPOR STATION
varacco,0,0,0,0,0,0,0,0,1,0,0,0,1,1,False,False,VARACCO
venice creation,0,1,0,0,0,0,0,0,0,0,0,0,1,1,False,False,VENICE CREATION
tooth welcare,0,0,0,0,1,0,0,0,0,0,0,0,1,1,False,False,Tooth Welcare
tooth spa dental clinic,0,0,0,0,0,0,0,1,0,0,0,0,1,1,False,False,Tooth Spa Dental Clinic
tooth saver avenue dental clinic co,0,0,0,0,0,0,0,1,0,0,0,0,1,1,False,False,Tooth Saver Avenue Dental Clinic Co.
peri peri charcoal chiken & sauce bar,0,0,0,1,0,0,0,0,0,0,0,0,1,1,False,False,Peri-peri Charcoal Chiken & Sauce Bar
varda flame grill,0,0,0,0,0,0,0,0,0,1,0,0,1,1,False,False,VARDA FLAME GRILL
tool box,0,0,0,0,0,0,0,1,0,0,0,0,1,1,False,False,Tool Box
vault card shop,0,1,0,0,0,0,0,0,0,0,0,0,1,1,False,False,VAULT CARD SHOP
on,0,0,0,0,0,0,0,0,1,0,0,0,1,1,False,False,ON
vavavoom,0,1,0,0,0,0,0,0,0,0,0,0,1,1,False,False,VAVAVOOM
perk up coffee,0,0,0,0,0,0,0,1,0,0,0,0,1,1,False,False,Perk Up Coffee
vaxcen bakuna center,0,0,0,0,0,0,0,0,1,0,0,0,1,1,False,False,VAXCEN BAKUNA CENTER
omotenashi ramen restaurant,0,1,0,0,0,0,0,0,0,0,0,0,1,1,False,False,OMOTENASHI RAMEN RESTAURANT
perpetual help community cooperative,0,0,0,0,0,0,0,1,0,0,0,0,1,1,False,False,PERPETUAL HELP COMMUNITY COOPERATIVE
vape warehouse,0,0,0,0,0,1,0,0,0,0,0,0,1,1,False,False,Vape Warehouse
on stage school for the arts,0,0,0,0,0,0,0,1,0,0,0,0,1,1,False,False,ON STAGE SCHOOL FOR THE ARTS
versaphone,0,0,0,0,0,0,0,1,0,0,0,0,1,1,False,False,Versaphone
tooth welcare dental clinic,0,0,0,0,1,0,0,0,0,0,0,0,1,1,False,False,Tooth Welcare Dental Clinic
one up,0,0,0,0,0,0,0,1,0,0,0,0,1,1,False,False,One Up (World Balance)
venoyfe,0,0,1,0,0,0,0,0,0,0,0,0,1,1,False,False,Venoyfe
one stop food shop,0,1,0,0,0,0,0,0,0,0,0,0,1,1,False,False,ONE STOP FOOD SHOP
one pot shabu shabu restaurant,0,0,0,0,0,0,0,0,1,0,0,0,1,1,False,False,ONE POT SHABU-SHABU RESTAURANT
toothville,0,0,0,0,0,0,0,1,0,0,0,0,1,1,False,False,Toothville
toothfix,0,0,0,0,0,0,0,1,0,0,0,0,1,1,False,False,Toothfix
one network bank,0,0,0,0,1,0,0,0,0,0,0,0,1,1,False,False,One Network Bank (ATM)
one life,0,0,0,0,0,0,1,0,0,0,0,0,1,1,False,False,One Life
on the go shawarma & pies,0,0,0,0,0,0,0,1,0,0,0,0,1,1,False,False,ON THE GO SHAWARMA & PIES
one fine pictures,0,0,0,0,0,0,0,1,0,0,0,0,1,1,False,False,One Fine Pictures
one blue moo cafe,0,0,0,0,0,0,0,1,0,0,0,0,1,1,False,False,One Blue Moo Cafe
peri peri 8366 5928 09664010054,0,0,0,0,0,0,0,1,0,0,0,0,1,1,False,False,Peri Peri 8366-5928 / 09664010054
one audio acoustics,0,0,0,0,0,0,0,1,0,0,0,0,1,1,False,False,One Audio Acoustics
toob oh treats,0,0,0,0,0,0,0,1,0,0,0,0,1,1,False,False,Toob Oh Treats
toocki,0,0,0,0,0,0,0,0,1,0,0,0,1,1,False,False,TOOCKI
vape depot philippines,0,0,0,0,0,0,0,1,0,0,0,0,1,1,False,False,VAPE DEPOT PHILIPPINES
oldtown white coffee,0,0,0,0,0,1,0,0,0,0,0,0,1,1,False,False,OldTown White Coffee
vcf,0,0,1,0,0,0,0,0,0,0,0,0,1,1,False,False,Vcf
olfaction,0,1,0,0,0,0,0,0,0,0,0,0,1,1,False,False,OLFACTION
olympic village 8564 9746,0,0,0,0,0,0,0,1,0,0,0,0,1,1,False,False,Olympic Village 8564-9746
omar umpar,0,0,0,0,0,0,0,0,0,0,0,1,1,1,False,False,OMAR UMPAR
vengo,0,0,1,0,0,0,0,0,0,0,0,0,1,1,False,False,Vengo
omair cellphone accessories,0,0,0,0,0,0,0,0,0,0,0,1,1,1,False,False,OMAIR CELLPHONE ACCESSORIES
olympic village outlet,0,0,0,0,0,0,0,1,0,0,0,0,1,1,False,False,Olympic Village Outlet
perple yam,0,0,0,0,0,0,0,1,0,0,0,0,1,1,False,False,PERPLE YAM
tooth fairies dental clinic 511 4518,0,0,0,0,0,0,0,1,0,0,0,0,1,1,False,False,Tooth Fairies Dental Clinic (032)511-4518
veger,0,0,0,0,0,0,0,0,1,0,0,0,1,1,False,False,VEGER
velandres notary public 0918 3533511,0,0,0,0,0,0,0,1,0,0,0,0,1,1,False,False,VELANDRES NOTARY PUBLIC 0918-3533511
olinor accessories ca exhibits,0,0,0,0,0,0,0,0,0,0,0,1,1,1,False,False,Olinor Accessories (2.24 SQM) CA EXHIBITS ( PROPERTY PRO )
olympic outlet,0,0,0,0,0,0,0,1,0,0,0,0,1,1,False,False,Olympic Outlet
olvis visa services,0,1,0,0,0,0,0,0,0,0,0,0,1,1,False,False,OLVIS VISA SERVICES
ollie bowls,0,0,0,0,0,0,0,1,0,0,0,0,1,1,False,False,OLLIE BOWLS (0921 843 2125)
tooth doctor,0,0,0,0,0,0,0,1,0,0,0,0,1,1,False,False,THE TOOTH DOCTOR
tools trading,0,0,0,0,0,0,0,1,0,0,0,0,1,1,False,False,Tool's Trading
vendo corp,0,0,0,0,0,0,0,0,0,0,0,1,1,1,False,False,VENDO CORP
vendo machine,0,0,0,0,1,0,0,0,0,0,0,0,1,1,False,False,Vendo Machine
omar umpar exhibit,0,0,0,0,0,0,0,0,0,0,0,1,1,1,False,False,OMAR UMPAR EXHIBIT
omayah,0,0,0,0,0,0,0,1,0,0,0,0,1,1,False,False,Omayah
ve eusebio skin center,0,0,0,0,0,0,0,0,1,0,0,0,1,1,False,False,VE EUSEBIO SKIN CENTER
omberry,0,0,0,0,0,0,0,1,0,0,0,0,1,1,False,False,Omberry
omniverse museum,0,1,0,0,0,0,0,0,0,0,0,0,1,1,False,False,OMNIVERSE MUSEUM
venice cineplex snackbar,0,0,0,0,0,1,0,0,0,0,0,0,1,1,False,False,Venice Cineplex - Snackbar
omg oh my gifts shop,0,0,0,0,0,0,0,1,0,0,0,0,1,1,False,False,OMG! Oh My Gifts! Shop
omg milk shake,0,0,1,0,0,0,0,0,0,0,0,0,1,1,False,False,Omg Milk Shake
venice cineplex,0,0,0,0,0,1,0,0,0,0,0,0,1,1,False,False,Venice Cineplex
omf literature 0925 722 9638,0,0,0,0,0,0,0,1,0,0,0,0,1,1,False,False,OMF LITERATURE 0925-722-9638
olive fashion collection,0,0,0,0,0,0,0,1,0,0,0,0,1,1,False,False,Olive Fashion Collection
omf literature,0,0,0,0,0,0,0,1,0,0,0,0,1,1,False,False,OMF Literature
omf lit bookshop,0,0,0,0,0,0,0,0,1,0,0,0,1,1,False,False,OMF LIT BOOKSHOP
pet alley lounge,0,1,0,0,0,0,0,0,0,0,0,0,1,1,False,False,PET ALLEY LOUNGE
vcf kids church,0,0,1,0,0,0,0,0,0,0,0,0,1,1,False,False,Vcf Kids Church
persian palate,0,1,0,0,0,0,0,0,0,0,0,0,1,1,False,False,PERSIAN PALATE
vclub vending machine,0,0,0,0,0,1,0,0,0,0,0,0,1,1,False,False,VClub Vending Machine
ombre salon,0,1,0,0,0,0,0,0,0,0,0,0,1,1,False,False,OMBRE SALON
olive garden,0,0,0,0,0,0,0,0,1,0,0,0,1,1,False,False,OLIVE GARDEN
vans outlet,0,0,0,0,0,0,0,1,0,0,0,0,1,1,False,False,VANS OUTLET
top & bottom,0,1,0,0,0,0,0,0,0,0,0,0,1,1,False,False,TOP & BOTTOM
perfumista,0,0,1,0,0,0,0,0,0,0,0,0,1,1,False,False,Perfumista
pet family,0,0,1,0,0,0,0,0,0,0,0,0,1,1,False,False,Pet Family
v store,0,0,0,0,0,0,0,0,1,0,0,0,1,1,False,False,V STORE
verite,0,1,0,0,0,0,0,0,0,0,0,0,1,1,False,False,VERITE
opatra,0,0,0,0,0,1,0,0,0,0,0,0,1,1,False,False,Opatra
okto,0,0,0,0,0,0,0,0,1,0,0,0,1,1,False,False,OKTO
ooma sushi bar,0,0,0,0,0,1,0,0,0,0,0,0,1,1,False,False,Ooma Sushi Bar
ola by siesta,0,0,0,0,0,1,0,0,0,0,0,0,1,1,False,False,OLA by Siesta
va bene pasta deli,0,1,0,0,0,0,0,0,0,0,0,0,1,1,False,False,VA BENE PASTA DELI
top ten nails,0,0,0,0,0,0,0,1,0,0,0,0,1,1,False,False,Top Ten Nails
onoodles,0,0,0,0,0,0,0,0,0,0,0,1,1,1,False,False,O'Noodles
ookit enterprises,0,0,0,0,0,0,0,0,1,0,0,0,1,1,False,False,OOKIT ENTERPRISES
old manila coffee house,0,0,0,0,0,0,0,1,0,0,0,0,1,1,False,False,Old Manila Coffee House
ooh cha,0,0,0,0,0,0,0,1,0,0,0,0,1,1,False,False,Ooh Cha
vacations to go,0,0,0,0,0,0,0,1,0,0,0,0,1,1,False,False,Vacations To Go
perfect sight eye center,0,0,0,0,0,0,0,0,1,0,0,0,1,1,False,False,PERFECT SIGHT EYE CENTER
old manila coffee shop,0,0,0,0,0,0,0,0,0,0,0,1,1,1,False,False,OLD MANILA COFFEE SHOP
vaccination site,0,0,0,0,0,1,0,0,0,0,0,0,1,1,False,False,Vaccination Site
v spa,0,0,1,0,0,0,0,0,0,0,0,0,1,1,False,False,V Spa
v maison,0,0,1,0,0,0,0,0,0,0,0,0,1,1,False,False,V Maison
v abarintos vision center,0,0,0,0,0,0,0,0,1,0,0,0,1,1,False,False,V ABARINTOS VISION CENTER
open kitchen,0,0,0,0,0,1,0,0,0,0,0,0,1,1,False,False,Open Kitchen
pet perks,0,0,0,0,0,0,0,0,1,0,0,0,1,1,False,False,PET PERKS
perfect pint,0,0,0,0,0,0,1,0,0,0,0,0,1,1,False,False,Perfect Pint
verity restaurant,0,0,0,0,0,0,0,0,1,0,0,0,1,1,False,False,VERITY RESTAURANT
tonton tei takoyaki,0,0,0,0,0,0,0,1,0,0,0,0,1,1,False,False,Tonton Tei Takoyaki
uv express,0,0,0,0,0,0,0,0,0,0,0,1,1,1,False,False,UV EXPRESS
perfect pixel,0,0,0,0,0,0,0,1,0,0,0,0,1,1,False,False,Perfect Pixel
uy dental clinic,0,0,0,0,0,0,0,0,1,0,0,0,1,1,False,False,UY DENTAL CLINIC
uzumaki,0,0,1,0,0,0,0,0,0,0,0,0,1,1,False,False,Uzumaki
olivia,0,0,0,0,0,0,0,1,0,0,0,0,1,1,False,False,Olivia
opis ni juan,0,0,0,0,0,0,0,1,0,0,0,0,1,1,False,False,Opis ni Juan
ophthal mix optical service,0,0,0,0,0,0,0,0,1,0,0,0,1,1,False,False,OPHTHAL-MIX OPTICAL SERVICE
perfect scoop 9956697833,0,0,0,0,0,0,0,1,0,0,0,0,1,1,False,False,The Perfect Scoop 9956697833
pet lovers center,0,1,0,0,0,0,0,0,0,0,0,0,1,1,False,False,PET LOVERS CENTER
perfect shot,0,0,0,0,0,0,0,0,1,0,0,0,1,1,False,False,PERFECT SHOT
pet lover centre,0,0,0,0,0,0,0,1,0,0,0,0,1,1,False,False,Pet Lover Centre
old moon studio,0,0,0,0,0,0,0,0,1,0,0,0,1,1,False,False,OLD MOON STUDIO
tony & jackey beauty salon,0,0,1,0,0,0,0,0,0,0,0,0,1,1,False,False,Tony & Jackey Beauty Salon
perfumery bar,0,0,0,1,0,0,0,0,0,0,0,0,1,1,False,False,The Perfumery Bar
old town barbrrshop,0,0,0,0,0,0,0,1,0,0,0,0,1,1,False,False,Old Town Barbrrshop
pet bowtique and salon,0,0,0,0,0,0,0,1,0,0,0,0,1,1,False,False,Pet Bowtique And Salon
perfectly polished nail salon and spa,0,0,0,0,0,0,0,0,1,0,0,0,1,1,False,False,PERFECTLY POLISHED NAIL SALON AND SPA
oneone shop,1,0,0,0,0,0,0,0,0,0,0,0,1,1,False,False,ONEONE SHOP
oneone,1,0,0,0,0,0,0,0,0,0,0,0,1,1,False,False,ONEONE
verdiamonds,0,0,0,0,0,0,1,0,0,0,0,0,1,1,False,False,Verdiamonds
old town barber shop,0,1,0,0,0,0,0,0,0,0,0,0,1,1,False,False,OLD TOWN BARBER SHOP
oneills irish pub,0,0,0,0,0,1,0,0,0,0,0,0,1,1,False,False,O'Neill's Irish Pub
verde by villarosa,0,0,0,0,0,0,0,0,1,0,0,0,1,1,False,False,VERDE BY VILLAROSA
top nails,0,0,0,0,0,1,0,0,0,0,0,0,1,1,False,False,Top Nails
vamos,0,0,0,0,0,1,0,0,0,0,0,0,1,1,False,False,VAMOS
perftech,0,0,0,0,0,0,0,0,1,0,0,0,1,1,False,False,PERFTECH
top brands,0,0,0,1,0,0,0,0,0,0,0,0,1,1,False,False,Top Brands
vanilla skin 8293 0914 09171799064 temporarily closed,0,0,0,0,0,0,0,1,0,0,0,0,1,1,False,False,Vanilla Skin 8293-0914 / 09171799064 TEMPORARILY CLOSED
vanilla softi,0,0,0,0,0,0,0,0,1,0,0,0,1,1,False,False,VANILLA SOFTI
one zo,0,0,0,0,0,0,1,0,0,0,0,0,1,1,False,False,One Zo
vanity circle salon 8293 0914,0,0,0,0,0,0,0,1,0,0,0,0,1,1,False,False,Vanity Circle Salon 8293-0914 /
valsinni bridal salon,0,0,0,0,0,0,0,0,1,0,0,0,1,1,False,False,VALSINNI BRIDAL SALON
perfectly polished,0,0,0,0,0,0,0,1,0,0,0,0,1,1,False,False,Perfectly Polished
valsinni 9174976004,0,0,0,0,0,0,0,1,0,0,0,0,1,1,False,False,Valsinni 9174976004
perfect zone cellphone and accessories 9564672085,0,0,0,0,0,0,0,1,0,0,0,0,1,1,False,False,PERFECT ZONE CELLPHONE AND ACCESSORIES 9564672085
perfect smile,0,0,0,0,0,0,0,0,1,0,0,0,1,1,False,False,PERFECT SMILE
pet corner,0,0,0,0,0,0,0,0,1,0,0,0,1,1,False,False,PET CORNER
vacheron constantin,0,1,0,0,0,0,0,0,0,0,0,0,1,1,False,False,VACHERON CONSTANTIN
old navy,0,1,0,0,0,0,0,0,0,0,0,0,1,1,False,False,OLD NAVY
top n dog,0,0,0,0,0,0,0,0,1,0,0,0,1,1,False,False,TOP N DOG
perfect smile dental clinic,0,0,0,0,0,0,0,1,0,0,0,0,1,1,False,False,Perfect Smile Dental Clinic
valentino santos,0,0,0,0,0,0,0,0,0,0,0,1,1,1,False,False,VALENTINO SANTOS
online travel express,0,0,0,0,0,0,0,1,0,0,0,0,1,1,False,False,ONLINE TRAVEL EXPRESS
valera dental center,0,0,0,0,0,0,0,0,1,0,0,0,1,1,False,False,VALERA DENTAL CENTER
top breed,0,1,0,0,0,0,0,0,0,0,0,0,1,1,False,False,TOP BREED
onisasa,0,0,0,0,0,1,0,0,0,0,0,0,1,1,False,False,Onisasa
old soul bar beans,0,0,0,0,0,0,0,0,1,0,0,0,1,1,False,False,OLD SOUL BAR BEANS
valledens,0,0,0,0,0,0,0,1,0,0,0,0,1,1,False,False,Valleden's
onezo tapioca,0,0,0,0,0,0,0,0,1,0,0,0,1,1,False,False,ONEZO TAPIOCA
top brands jag tribal lee us polo assn,0,0,0,0,0,0,0,0,1,0,0,0,1,1,False,False,TOP BRANDS JAG TRIBAL LEE US POLO ASSN
orodiam,0,0,1,0,0,0,0,0,0,0,0,0,1,1,False,False,Orodiam
pasalubong centrale,0,1,0,0,0,0,0,0,0,0,0,0,1,1,False,False,PASALUBONG CENTRALE
universal store front service,0,0,0,0,0,0,0,0,0,0,1,0,1,1,False,False,Universal Store Front Service
tutanes dental,0,0,0,0,0,0,0,1,0,0,0,0,1,1,False,False,Tutanes Dental
panero,0,0,0,0,0,0,0,1,0,0,0,0,1,1,False,False,PANERO
paws unlimited,0,0,0,0,0,0,1,0,0,0,0,0,1,1,False,False,Paws Unlimited
panerai,0,1,0,0,0,0,0,0,0,0,0,0,1,1,False,False,PANERAI
pawssentials pet store,0,0,0,0,0,0,0,0,1,0,0,0,1,1,False,False,PAWSSENTIALS PET STORE
tres filipino twist,0,0,0,0,0,0,0,1,0,0,0,0,1,1,False,False,TRES FILIPINO TWIST
turks 9175677006,0,0,0,0,0,0,0,1,0,0,0,0,1,1,False,False,TURKS 9175677006
turks 995450011,0,0,0,0,0,0,0,1,0,0,0,0,1,1,False,False,TURKS 995450011
tres,0,0,0,0,0,0,0,0,1,0,0,0,1,1,False,False,TRES
turks sharwarma,0,0,0,0,0,0,0,1,0,0,0,0,1,1,False,False,TURKS SHARWARMA
payless shoe source,1,0,0,0,0,0,0,0,0,0,0,0,1,1,False,False,PAYLESS SHOE SOURCE
turks shawarma 9328426548,0,0,0,0,0,0,0,1,0,0,0,0,1,1,False,False,Turks Shawarma 9328426548
pandayan temp stockroom,0,0,0,0,0,0,0,0,0,0,0,1,1,1,False,False,PANDAYAN TEMP. STOCKROOM
turn on,0,0,0,0,0,0,0,1,0,0,0,0,1,1,False,False,Turn On
pandayan prescripto,0,0,0,0,0,0,0,0,0,0,0,1,1,1,False,False,Pandayan Prescripto
trendz salon junairah,0,0,0,0,0,0,0,0,0,0,0,1,1,1,False,False,TRENDZ SALON JUNAIRAH
pandayan myphone,0,0,0,0,0,0,0,0,0,0,0,1,1,1,False,False,PANDAYAN MYPHONE
pandayan bookstore,0,0,0,0,0,0,0,0,0,0,0,1,1,1,False,False,PANDAYAN BOOKSTORE
pandayan bookshop mr donut,0,0,0,0,0,0,0,0,0,0,0,1,1,1,False,False,PANDAYAN BOOKSHOP MR. DONUT
pandayan bookshop,0,0,0,0,0,0,0,0,0,0,0,1,1,1,False,False,PANDAYAN BOOKSHOP
panulce,0,0,0,0,0,0,0,1,0,0,0,0,1,1,False,False,Panulce
paws fins & tails,0,0,0,0,0,1,0,0,0,0,0,0,1,1,False,False,Paws Fins & Tails
turks 0966 178 6279,0,0,0,0,0,0,0,1,0,0,0,0,1,1,False,False,Turks 📲 0966-178-6279
tuna republik,0,0,0,0,0,0,0,0,1,0,0,0,1,1,False,False,TUNA REPUBLIK
paul smith,0,1,0,0,0,0,0,0,0,0,0,0,1,1,False,False,PAUL SMITH
paw station,0,0,0,0,0,1,0,0,0,0,0,0,1,1,False,False,The Paw Station
paper bunny,0,0,0,0,0,1,0,0,0,0,0,0,1,1,False,False,The Paper Bunny
tulip garden showroom,0,0,0,0,0,1,0,0,0,0,0,0,1,1,False,False,Tulip Garden Showroom
tulua cafe,0,0,0,0,0,0,0,0,1,0,0,0,1,1,False,False,TULUA CAFÉ
tuna by chonas,0,0,0,0,0,0,0,0,1,0,0,0,1,1,False,False,TUNA BY CHONAS
tuna express by holy halo,0,0,0,0,0,0,0,1,0,0,0,0,1,1,False,False,Tuna Express by Holy Halo
tresor rare,0,0,0,0,0,0,0,1,0,0,0,0,1,1,False,False,TRESOR RARE
papelemento visual arts and scenography,0,0,0,0,0,0,0,0,1,0,0,0,1,1,False,False,PAPELEMENTO VISUAL ARTS AND SCENOGRAPHY
turkish grille plus,0,0,0,0,0,0,0,0,1,0,0,0,1,1,False,False,TURKISH GRILLE PLUS
papatoks food hub,0,0,0,0,0,0,0,0,1,0,0,0,1,1,False,False,PAPATOK'S FOOD HUB
papa kebs shawarma and kebab,0,0,0,0,0,0,0,0,1,0,0,0,1,1,False,False,PAPA KEBS SHAWARMA AND KEBAB
paotsin temporarily closed,0,0,0,0,0,0,0,1,0,0,0,0,1,1,False,False,PAOTSIN TEMPORARILY CLOSED
tunes corner,0,0,0,0,0,0,0,1,0,0,0,0,1,1,False,False,TUNE'S CORNER
pawchester,0,0,0,0,0,0,1,0,0,0,0,0,1,1,False,False,Pawchester
treskuleros records trading,1,0,0,0,0,0,0,0,0,0,0,0,1,1,False,False,TRESKULEROS RECORDS TRADING
turk s shawarma,0,0,0,0,1,0,0,0,0,0,0,0,1,1,False,False,Turk\'s Shawarma
pao tsin specialties,0,0,0,0,0,0,0,0,1,0,0,0,1,1,False,False,PAO TSIN SPECIALTIES
pandayan book shop,0,0,0,1,0,0,0,0,0,0,0,0,1,1,False,False,PANDAYAN BOOK SHOP
tutti,0,0,0,0,0,0,0,0,1,0,0,0,1,1,False,False,TUTTI
tudor lucerne,0,1,0,0,0,0,0,0,0,0,0,0,1,1,False,False,TUDOR-LUCERNE
tw steel,0,1,0,0,0,0,0,0,0,0,0,0,1,1,False,False,TW STEEL
pamana,0,0,0,0,0,0,1,0,0,0,0,0,1,1,False,False,Pamana
trendy merch novelty shop,0,0,0,0,0,0,0,0,1,0,0,0,1,1,False,False,TRENDY MERCH NOVELTY SHOP
palpitate ph,0,0,0,0,0,0,0,0,1,0,0,0,1,1,False,False,PALPITATE PH
palpitate coffee,0,0,0,0,0,0,0,1,0,0,0,0,1,1,False,False,PALPITATE COFFEE
twinkle wellness spa,0,0,0,0,0,0,0,1,0,0,0,0,1,1,False,False,TWINKLE WELLNESS SPA
palawan swing,0,0,0,0,0,0,0,1,0,0,0,0,1,1,False,False,PALAWAN SWING
palawan pearls & souvenirs,0,0,0,0,0,0,0,1,0,0,0,0,1,1,False,False,PALAWAN PEARLS & SOUVENIRS
trend tech cctv trading,0,0,0,0,0,0,0,1,0,0,0,0,1,1,False,False,Trend Tech CCTV Trading
tree shade spa,0,1,0,0,0,0,0,0,0,0,0,0,1,1,False,False,TREE SHADE SPA
twins playhouse,0,0,0,0,0,0,0,1,0,0,0,0,1,1,False,False,Twin's Playhouse
palawan express pera padala,0,0,0,0,0,0,0,0,0,0,1,0,1,1,False,False,Palawan Express Pera Padala
pazio s grill,0,0,0,0,1,0,0,0,0,0,0,0,1,1,False,False,Pazio\'s Grill
pazu,0,0,0,0,0,0,0,0,1,0,0,0,1,1,False,False,PAZU
twintext,0,0,0,0,0,0,0,1,0,0,0,0,1,1,False,False,Twintext
pazzion,0,1,0,0,0,0,0,0,0,0,0,0,1,1,False,False,PAZZION
tyconnspa,0,0,0,0,0,0,0,1,0,0,0,0,1,1,False,False,Tyconnspa
palawan cart,0,1,0,0,0,0,0,0,0,0,0,0,1,1,False,False,PALAWAN CART
palawan cafe,0,0,0,0,0,0,0,1,0,0,0,0,1,1,False,False,Palawan Cafe
palamuti jewelry and accessories shop,0,0,0,0,0,0,0,1,0,0,0,0,1,1,False,False,PALAMUTI JEWELRY AND ACCESSORIES SHOP
payless shoe store,0,0,0,0,0,0,0,1,0,0,0,0,1,1,False,False,Payless Shoe Store
pamela,0,0,0,0,0,0,1,0,0,0,0,0,1,1,False,False,Pamela
twinkle toes nail spa,0,0,0,0,0,0,0,1,0,0,0,0,1,1,False,False,TWINKLE TOES NAIL SPA
twin chocos,0,0,0,0,0,0,0,1,0,0,0,0,1,1,False,False,TWIN CHOCO'S
panco cafe,0,0,0,0,0,0,0,0,1,0,0,0,1,1,False,False,PANCO CAFÉ
twelve 28th cafe,0,0,0,0,0,0,1,0,0,0,0,0,1,1,False,False,The Twelve 28th Café
trendz,0,0,0,0,0,0,0,1,0,0,0,0,1,1,False,False,Trendz
twelve plus,0,0,0,0,0,0,0,1,0,0,0,0,1,1,False,False,Twelve Plus
twelvebikes shop,0,0,1,0,0,0,0,0,0,0,0,0,1,1,False,False,Twelvebikes Shop
twenty four bakeshop,0,0,0,0,0,0,1,0,0,0,0,0,1,1,False,False,Twenty Four Bakeshop
panapton open,0,0,0,0,0,0,0,1,0,0,0,0,1,1,False,False,PANAPTON OPEN
pananom co,0,0,0,0,0,0,0,0,1,0,0,0,1,1,False,False,PANANOM CO
panaderro bakery,0,0,0,0,0,0,0,0,1,0,0,0,1,1,False,False,PANADERRO BAKERY
pampanga bingo,0,0,0,0,0,0,0,0,1,0,0,0,1,1,False,False,PAMPANGA BINGO
panaderro,0,0,0,0,0,0,0,1,0,0,0,0,1,1,False,False,Panaderro
panaderia pantoja,0,1,0,0,0,0,0,0,0,0,0,0,1,1,False,False,PANADERIA PANTOJA
twin dragon,0,0,1,0,0,0,0,0,0,0,0,0,1,1,False,False,Twin Dragon (beside Medicard)
pan de sal express,0,1,0,0,0,0,0,0,0,0,0,0,1,1,False,False,PAN DE SAL EXPRESS
twin pines,0,0,1,0,0,0,0,0,0,0,0,0,1,1,False,False,Twin Pines
pampered & polished wellness & spa,0,1,0,0,0,0,0,0,0,0,0,0,1,1,False,False,PAMPERED & POLISHED WELLNESS & SPA
pampanga regional cart,0,1,0,0,0,0,0,0,0,0,0,0,1,1,False,False,PAMPANGA REGIONAL CART
twindragon,0,0,1,0,0,0,0,0,0,0,0,0,1,1,False,False,Twindragon (carousel)
tuguegarao co events space,0,0,0,0,0,0,0,1,0,0,0,0,1,1,False,False,TUGUEGARAO CO-EVENTS SPACE
tuburan cafe,0,0,0,0,0,0,0,0,1,0,0,0,1,1,False,False,TUBURAN CAFE
pc broker,0,0,0,0,0,0,0,0,1,0,0,0,1,1,False,False,PC BROKER
pasty shop of bobs,0,0,0,0,0,0,0,1,0,0,0,0,1,1,False,False,THE PASTY SHOP OF BOB'S
park avenue,0,0,0,0,0,0,1,0,0,0,0,0,1,1,False,False,Park Avenue
tropix,0,0,0,0,0,0,0,0,0,0,0,1,1,1,False,False,TROPIX ( STORM SANDALS)
tru check medical and diagnostic center,0,0,0,0,0,0,0,1,0,0,0,0,1,1,False,False,TRU-Check Medical and Diagnostic Center
passionnails,0,0,1,0,0,0,0,0,0,0,0,0,1,1,False,False,Passionnails
paris esse parfum,0,0,1,0,0,0,0,0,0,0,0,0,1,1,False,False,Paris Esse Parfum
true boss,0,0,0,0,0,0,0,0,1,0,0,0,1,1,False,False,TRUE BOSS
triple b cellphone turks shawarma,0,0,0,0,0,0,0,0,0,0,0,1,1,1,False,False,TRIPLE B CELLPHONE TURKS SHAWARMA
paris crepes,0,0,0,0,0,0,0,0,1,0,0,0,1,1,False,False,PARIS CREPES
pasta dolce amore temporarily closed,0,0,0,0,0,0,0,1,0,0,0,0,1,1,False,False,PASTA DOLCE AMORE TEMPORARILY CLOSED
true lemon,0,0,0,0,0,1,0,0,0,0,0,0,1,1,False,False,True Lemon
triple b cellphone and accessories mitsubishi,0,0,0,0,0,0,0,0,0,0,0,1,1,1,False,False,TRIPLE B CELLPHONE AND ACCESSORIES MITSUBISHI
true north empanada,0,0,0,0,0,0,0,0,1,0,0,0,1,1,False,False,TRUE NORTH EMPANADA
trip hub travel services,0,0,0,0,0,0,0,0,1,0,0,0,1,1,False,False,TRIP HUB TRAVEL SERVICES
pastil nation,0,0,0,0,0,1,0,0,0,0,0,0,1,1,False,False,Pastil Nation
parilya,0,0,1,0,0,0,0,0,0,0,0,0,1,1,False,False,Parilya
pasto,0,0,0,0,0,1,0,0,0,0,0,0,1,1,False,False,Pasto
parfois 8373 7182,0,0,0,0,0,0,0,1,0,0,0,0,1,1,False,False,Parfois 8373-7182
pastry shop of bobs,0,0,0,0,0,0,0,1,0,0,0,0,1,1,False,False,The Pastry Shop Of Bob's
tricels ensaymada,0,1,0,0,0,0,0,0,0,0,0,0,1,1,False,False,TRICEL'S ENSAYMADA
parking,0,0,0,0,0,0,1,0,0,0,0,0,1,1,False,False,Parking
parklane,0,0,0,0,0,0,0,1,0,0,0,0,1,1,False,False,PARKLANE
parks bakery k mart,0,0,0,0,0,0,0,0,1,0,0,0,1,1,False,False,PARKS BAKERY K-MART
passenger seat,0,0,0,0,0,0,0,0,1,0,0,0,1,1,False,False,PASSENGER SEAT
triumph 900526929,0,0,0,0,0,0,0,1,0,0,0,0,1,1,False,False,Triumph 900526929
triple seven gaming,0,0,0,0,1,0,0,0,0,0,0,0,1,1,False,False,Triple Seven Gaming
party phone,0,0,0,0,1,0,0,0,0,0,0,0,1,1,False,False,Party Phone
triple r gaming station,0,0,0,0,1,0,0,0,0,0,0,0,1,1,False,False,Triple R Gaming Station
pasarabo ilocandia 0907 141 1116,0,0,0,0,0,0,0,1,0,0,0,0,1,1,False,False,PASARABO ILOCANDIA 0907-141-1116
tronix imaging center 0997 220 8188,0,0,0,0,0,0,0,1,0,0,0,0,1,1,False,False,Tronix Imaging Center 0997-220-8188
paseo art gallery,0,0,0,0,0,0,0,0,1,0,0,0,1,1,False,False,PASEO ART GALLERY
pasig city hall annex 2,0,0,0,0,0,0,0,1,0,0,0,0,1,1,False,False,PASIG CITY HALL ANNEX 2
passion & health lines,0,0,0,0,0,0,0,1,0,0,0,0,1,1,False,False,Passion & Health Lines
passionart gallery,0,0,0,0,0,0,0,0,1,0,0,0,1,1,False,False,PASSIONART GALLERY
triple m,0,0,0,0,0,0,0,0,0,0,0,1,1,1,False,False,TRIPLE M
party house by michelle ballon shop,0,0,0,0,0,0,0,1,0,0,0,0,1,1,False,False,PARTY HOUSE BY MICHELLE BALLON SHOP
tropical hut,0,0,0,0,0,0,1,0,0,0,0,0,1,1,False,False,Tropical Hut
passionails nail salon and spa,0,1,0,0,0,0,0,0,0,0,0,0,1,1,False,False,PASSIONAILS NAIL SALON AND SPA
tropics salad delights,0,0,0,0,0,0,0,0,1,0,0,0,1,1,False,False,TROPICS SALAD DELIGHTS
partners in child,0,0,0,0,0,0,0,0,0,0,1,0,1,1,False,False,Partners in Child
parties unlimited,0,0,0,0,0,0,0,0,1,0,0,0,1,1,False,False,PARTIES UNLIMITED
triple fajitas,0,0,0,0,0,0,0,1,0,0,0,0,1,1,False,False,Triple Fajitas
trust trade,0,0,0,0,0,0,0,1,0,0,0,0,1,1,False,False,TRUST TRADE
pares university,0,0,0,0,0,1,0,0,0,0,0,0,1,1,False,False,Pares University
paper world,0,0,0,0,0,0,0,1,0,0,0,0,1,1,False,False,Paper World
tsboost beauty salon,0,0,0,0,0,0,0,1,0,0,0,0,1,1,False,False,TSBOOST BEAUTY SALON
triboa bay living,0,0,0,0,0,0,0,0,1,0,0,0,1,1,False,False,TRIBOA BAY LIVING
patrick toy shop,0,0,0,0,0,0,1,0,0,0,0,0,1,1,False,False,Patrick Toy Shop
tribal cuts,0,0,0,0,0,0,0,1,0,0,0,0,1,1,False,False,TRIBAL CUTS
patsada accessories,0,0,0,0,0,0,0,0,1,0,0,0,1,1,False,False,PATSADA ACCESSORIES
papu panda captains cove,0,0,0,1,0,0,0,0,0,0,0,0,1,1,False,False,Papu Panda Captains Cove
paps cyclezone,0,0,0,0,0,0,0,1,0,0,0,0,1,1,False,False,Paps Cyclezone
tsuru,0,1,0,0,0,0,0,0,0,0,0,0,1,1,False,False,TSURU
tteokis party needs,0,0,0,0,0,0,0,1,0,0,0,0,1,1,False,False,TTEOKI'S PARTY NEEDS
triangle,0,0,0,0,0,0,0,1,0,0,0,0,1,1,False,False,Triangle
tri c pawnshop,0,0,0,0,0,0,0,1,0,0,0,0,1,1,False,False,TRI-C PAWNSHOP
ttom travel services,0,0,0,0,0,0,0,1,0,0,0,0,1,1,False,False,TTOM TRAVEL SERVICES
paul,0,0,0,0,0,0,0,1,0,0,0,0,1,1,False,False,PAUL
ttom travel services 421 1640,0,0,0,0,0,0,0,1,0,0,0,0,1,1,False,False,TTOM TRAVEL SERVICES 421-1640
tuan tuan chinese brasserie,0,1,0,0,0,0,0,0,0,0,0,0,1,1,False,False,TUAN TUAN CHINESE BRASSERIE
papermoon,0,0,0,0,0,0,1,0,0,0,0,0,1,1,False,False,Papermoon
tubo cane juice,0,0,1,0,0,0,0,0,0,0,0,0,1,1,False,False,Tubo Cane Juice
papermints,0,0,0,0,0,0,0,0,1,0,0,0,1,1,False,False,PAPERMINTS
tri c jewelry,0,0,0,0,0,0,0,1,0,0,0,0,1,1,False,False,Tri-C Jewelry
tubong banua jewelry services,0,0,0,0,0,0,0,0,0,0,1,0,1,1,False,False,Tubong Banua Jewelry Services
patricio dental plaza,0,0,0,0,0,0,0,0,1,0,0,0,1,1,False,False,THE PATRICIO DENTAL PLAZA
tsukemen,0,0,0,0,0,0,0,1,0,0,0,0,1,1,False,False,TSUKEMEN
par tee bloc,0,0,0,0,0,0,0,0,0,0,0,1,1,1,False,False,PAR-TEE BLOC
paras alteration,0,0,0,0,0,0,0,1,0,0,0,0,1,1,False,False,Paras Alteration
tsim sha tsu,0,0,0,0,0,0,0,1,0,0,0,0,1,1,False,False,Tsim Sha Tsu
pat & cameo,0,0,0,0,0,0,1,0,0,0,0,0,1,1,False,False,Pat & Cameo
pares at tendon,0,0,0,0,0,0,0,0,1,0,0,0,1,1,False,False,PARES AT TENDON
pares at sizzling,0,0,0,0,0,1,0,0,0,0,0,0,1,1,False,False,Pares at Sizzling
paref preschool rosefield south triangle,0,0,0,0,0,0,0,0,1,0,0,0,1,1,False,False,PAREF PRESCHOOL ROSEFIELD SOUTH TRIANGLE
tsim sha tsui dimsum & tea,0,1,0,0,0,0,0,0,0,0,0,0,1,1,False,False,TSIM SHA TSUI DIMSUM & TEA
parasat hd,0,1,0,0,0,0,0,0,0,0,0,0,1,1,False,False,PARASAT HD
paras alterstation 0945 592 5424,0,0,0,0,0,0,0,1,0,0,0,0,1,1,False,False,PARAS ALTERSTATION 0945-592-5424 (NEW)
tsim sha tsui dimsum tea bar,0,0,0,0,0,0,0,0,1,0,0,0,1,1,False,False,TSIM SHA TSUI DIMSUM TEA BAR
paradise air,0,0,0,0,0,0,0,0,1,0,0,0,1,1,False,False,PARADISE AIR
patek philippe,0,1,0,0,0,0,0,0,0,0,0,0,1,1,False,False,PATEK PHILIPPE
tsukada nojo,0,0,0,0,0,0,0,0,1,0,0,0,1,1,False,False,TSUKADA NOJO
paramus,0,1,0,0,0,0,0,0,0,0,0,0,1,1,False,False,PARAMUS
paramount life and general insurance,0,0,0,0,0,0,0,0,1,0,0,0,1,1,False,False,PARAMOUNT LIFE AND GENERAL INSURANCE
paraiba 8425 677 09555695900,0,0,0,0,0,0,0,1,0,0,0,0,1,1,False,False,Paraiba 8425-677 / 09555695900
paragon,0,0,0,0,0,1,0,0,0,0,0,0,1,1,False,False,Paragon
tsuke men,0,0,0,0,0,0,0,0,1,0,0,0,1,1,False,False,TSUKE-MEN
paradise air freshener,0,0,0,0,0,0,0,0,1,0,0,0,1,1,False,False,PARADISE AIR FRESHENER
treasure trove,0,0,0,0,0,0,0,0,0,0,0,1,1,1,False,False,TREASURE TROVE
pc cartel,0,0,0,0,0,0,0,0,1,0,0,0,1,1,False,False,PC CARTEL
peculiar eyewear,0,0,0,0,0,0,0,0,1,0,0,0,1,1,False,False,PECULIAR EYEWEAR
otto shoes mini gem exhibit,0,0,0,0,0,0,0,0,0,0,0,1,1,1,False,False,OTTO SHOES MINI GEM EXHIBIT (23)
outlet,0,0,0,0,1,0,0,0,0,0,0,0,1,1,False,False,Outlet
unigold jewelry,0,0,0,0,0,0,0,0,1,0,0,0,1,1,False,False,UNIGOLD JEWELRY
outdoors,0,0,0,0,1,0,0,0,0,0,0,0,1,1,False,False,Outdoors
traffic,0,0,0,0,0,0,1,0,0,0,0,0,1,1,False,False,Traffic
outback cafe,0,0,0,0,1,0,0,0,0,0,0,0,1,1,False,False,Outback Café
pcworx,0,1,0,0,0,0,0,0,0,0,0,0,1,1,False,False,PCWORX
uniking,0,0,0,0,0,0,0,0,1,0,0,0,1,1,False,False,UNIKING
unimart,0,0,0,0,0,0,1,0,0,0,0,0,1,1,False,False,Unimart
tracy elaine silver,0,0,0,0,0,0,0,0,0,0,1,0,1,1,False,False,TRACY ELAINE Silver
unimart supermarket,0,0,0,0,0,0,1,0,0,0,0,0,1,1,False,False,Unimart Supermarket
uninice flower shop,0,0,1,0,0,0,0,0,0,0,0,0,1,1,False,False,Uninice Flower Shop
toytown,0,1,0,0,0,0,0,0,0,0,0,0,1,1,False,False,TOYTOWN
toys r us toy box,0,0,0,0,0,0,0,1,0,0,0,0,1,1,False,False,TOYS R US TOY BOX
pcx mobile,0,0,0,0,0,0,0,0,1,0,0,0,1,1,False,False,PCX MOBILE
union bank,0,0,0,0,0,0,1,0,0,0,0,0,1,1,False,False,Union Bank
oui tacos,0,0,0,0,0,1,0,0,0,0,0,0,1,1,False,False,Oui Tacos
pdf massage,0,0,0,0,0,0,0,1,0,0,0,0,1,1,False,False,PDF Massage
ouch tattoo & body piercing studio,0,0,0,0,0,0,0,1,0,0,0,0,1,1,False,False,OUCH! TATTOO & BODY PIERCING STUDIO
pdos travel express,0,1,0,0,0,0,0,0,0,0,0,0,1,1,False,False,PDOS TRAVEL EXPRESS
pcso lotto outlet,0,0,0,0,0,0,0,1,0,0,0,0,1,1,False,False,PCSO LOTTO OUTLET
uniclassy,0,0,0,0,0,0,0,1,0,0,0,0,1,1,False,False,Uniclassy
unica by unica hija,0,1,0,0,0,0,0,0,0,0,0,0,1,1,False,False,UNICA BY UNICA HIJA
tranis resto bar,0,0,0,0,0,0,0,0,1,0,0,0,1,1,False,False,TRANIS RESTO BAR
uncle johns0998 846 6030,0,0,0,0,0,0,0,1,0,0,0,0,1,1,False,False,UNCLE JOHN'S0998-846-6030
uncle jovs restaurant torque,0,0,0,0,0,0,0,0,0,0,0,1,1,1,False,False,Uncle Jov's Restaurant TORQUE
own days,0,0,0,0,0,0,0,1,0,0,0,0,1,1,False,False,Own Days
uncle juans iskrambol,0,0,0,0,0,0,0,0,1,0,0,0,1,1,False,False,UNCLE JUANS ISKRAMBOL
overflow,0,0,0,0,0,0,0,1,0,0,0,0,1,1,False,False,Overflow
transview,0,0,0,0,0,0,0,0,1,0,0,0,1,1,False,False,TRANSVIEW
uncle moes,0,0,0,0,0,1,0,0,0,0,0,0,1,1,False,False,Uncle Moe's
overbreak,0,0,0,0,0,1,0,0,0,0,0,0,1,1,False,False,Overbreak
uni barber,0,0,0,0,0,0,0,1,0,0,0,0,1,1,False,False,UNI BARBER
trail sign outdoor shop,0,0,0,0,0,0,0,0,1,0,0,0,1,1,False,False,TRAIL SIGN OUTDOOR SHOP
pc worx tempo satellite,0,0,1,0,0,0,0,0,0,0,0,0,1,1,False,False,Pc Worx Tempo Satellite
over again,1,0,0,0,0,0,0,0,0,0,0,0,1,1,False,False,OVER AGAIN
uni barber shop spa and salon,0,0,0,0,0,0,0,0,1,0,0,0,1,1,False,False,UNI BARBER SHOP SPA AND SALON
pcbs,0,0,0,0,0,0,0,1,0,0,0,0,1,1,False,False,PCBS
uni silver,0,0,1,0,0,0,0,0,0,0,0,0,1,1,False,False,Uni Silver
uni silver time,0,0,1,0,0,0,0,0,0,0,0,0,1,1,False,False,Uni Silver Time
uniballsity,0,0,0,0,0,0,0,0,1,0,0,0,1,1,False,False,UNIBALLSITY
trajet travel agency,0,0,0,0,0,0,0,1,0,0,0,0,1,1,False,False,TRAJET TRAVEL AGENCY
peak,0,0,0,0,0,0,0,1,0,0,0,0,1,1,False,False,Peak
toy town,0,0,1,0,0,0,0,0,0,0,0,0,1,1,False,False,Toy Town
owwa,0,0,0,0,0,0,0,0,1,0,0,0,1,1,False,False,OWWA
otto,0,0,0,0,0,0,0,1,0,0,0,0,1,1,False,False,Otto
touch with faith,0,0,0,0,0,0,0,1,0,0,0,0,1,1,False,False,Touch with Faith
pearl farm,0,1,0,0,0,0,0,0,0,0,0,0,1,1,False,False,PEARL FARM
united colors of benetton,0,0,0,0,0,0,0,0,1,0,0,0,1,1,False,False,UNITED COLORS OF BENETTON
osaka takoyaki house,0,1,0,0,0,0,0,0,0,0,0,0,1,1,False,False,OSAKA TAKOYAKI HOUSE
pearl market,0,1,0,0,0,0,0,0,0,0,0,0,1,1,False,False,PEARL MARKET!
pearl shop & precious stone village,0,0,1,0,0,0,0,0,0,0,0,0,1,1,False,False,Pearl Shop & Precious Stone Village
os furniture furnishings by coast pacific,0,0,0,0,0,0,0,0,1,0,0,0,1,1,False,False,OS FURNITURE FURNISHINGS BY COAST PACIFIC
united global specialty center,0,0,0,0,0,0,0,1,0,0,0,0,1,1,False,False,UNITED GLOBAL SPECIALTY CENTER
pearls & gems,0,0,0,0,0,0,0,1,0,0,0,0,1,1,False,False,Pearls & Gems
united nude,0,0,0,0,0,1,0,0,0,0,0,0,1,1,False,False,United Nude
touch of thai,0,0,0,0,0,0,0,1,0,0,0,0,1,1,False,False,TOUCH OF THAI
united table tennis club,0,0,1,0,0,0,0,0,0,0,0,0,1,1,False,False,United Table Tennis Club
peastry shop,0,0,1,0,0,0,0,0,0,0,0,0,1,1,False,False,The Peastry Shop
peavey,1,0,0,0,0,0,0,0,0,0,0,0,1,1,False,False,PEAVEY
orthofix dental center,0,0,0,0,0,0,0,0,1,0,0,0,1,1,False,False,ORTHOFIX DENTAL CENTER
orogem jewelry,0,0,0,0,0,0,0,0,1,0,0,0,1,1,False,False,OROGEM JEWELRY
touch of art photo printing,0,0,0,0,0,0,0,0,1,0,0,0,1,1,False,False,TOUCH OF ART PHOTO PRINTING
universal eye check,0,0,0,0,0,0,0,1,0,0,0,0,1,1,False,False,Universal Eye Check
universal eye check optical,0,0,0,0,0,0,0,1,0,0,0,0,1,1,False,False,Universal Eye Check Optical
oshiekun bites,0,0,0,0,0,1,0,0,0,0,0,0,1,1,False,False,Oshiekun Bites
tough unscratched,0,0,0,0,0,0,0,0,1,0,0,0,1,1,False,False,TOUGH UNSCRATCHED
pearl dianne,0,1,0,0,0,0,0,0,0,0,0,0,1,1,False,False,PEARL DIANNE
oth tech,0,0,0,0,0,0,0,1,0,0,0,0,1,1,False,False,OTH Tech
uniq dental clinic,0,0,0,0,0,0,0,1,0,0,0,0,1,1,False,False,UNIQ Dental Clinic
uniqlo 0355276359,0,0,0,0,0,0,0,1,0,0,0,0,1,1,False,False,UNIQLO '0355276359 (OPEN)
peak physical theraphy & scoliosis center,0,0,0,0,0,1,0,0,0,0,0,0,1,1,False,False,PEAK Physical Theraphy & Scoliosis Center
toy nuts,0,0,0,0,0,0,1,0,0,0,0,0,1,1,False,False,Toy Nuts
peak sport,0,0,1,0,0,0,0,0,0,0,0,0,1,1,False,False,Peak Sport
uniqlo coffee,0,1,0,0,0,0,0,0,0,0,0,0,1,1,False,False,UNIQLO COFFEE
unisilver 9171036849,0,0,0,0,0,0,0,1,0,0,0,0,1,1,False,False,Unisilver 9171036849 (OPEN)
otop ph hub butuan,0,0,0,0,0,0,0,0,1,0,0,0,1,1,False,False,OTOP PH HUB BUTUAN
ot dei clinic,0,0,0,0,0,0,0,1,0,0,0,0,1,1,False,False,OT DEI CLINIC
unit 605 coffee,0,0,0,0,0,0,0,0,1,0,0,0,1,1,False,False,UNIT 605 COFFEE
trish and trin,0,0,0,0,0,0,0,1,0,0,0,0,1,1,False,False,Trish and Trin
ossu 8724 4591,0,0,0,0,0,0,0,1,0,0,0,0,1,1,False,False,OSSU 8724-4591
ossco,0,0,0,0,1,0,0,0,0,0,0,0,1,1,False,False,OSSCO
ossam,0,0,0,0,0,1,0,0,0,0,0,0,1,1,False,False,OSSAM!
town orchids design & concepts,0,1,0,0,0,0,0,0,0,0,0,0,1,1,False,False,TOWN ORCHIDS DESIGN & CONCEPTS
osmar led,0,0,1,0,0,0,0,0,0,0,0,0,1,1,False,False,Osmar Led
towel republic,0,0,0,0,0,0,0,1,0,0,0,0,1,1,False,False,Towel Republic
pearl body touch facial center,0,0,0,0,0,0,0,1,0,0,0,0,1,1,False,False,PEARL BODY TOUCH FACIAL CENTER
uncle johns 0998 846 6053,0,0,0,0,0,0,0,1,0,0,0,0,1,1,False,False,Uncle John's 0998-846-6053
trattoria altrove,0,0,0,0,0,0,0,0,1,0,0,0,1,1,False,False,TRATTORIA ALTROVE
u green,0,0,0,0,0,0,0,1,0,0,0,0,1,1,False,False,U-GREEN
pacsafe urbanize,0,0,0,0,0,0,0,1,0,0,0,0,1,1,False,False,Pacsafe/Urbanize
pag ibig satellite branch office,0,0,0,0,0,0,0,1,0,0,0,0,1,1,False,False,PAG-IBIG Satellite Branch Office
travelgeeks co,0,0,0,0,0,0,0,0,1,0,0,0,1,1,False,False,TRAVELGEEKS CO
pag ibig satellite,0,0,0,0,0,0,0,0,0,0,0,1,1,1,False,False,PAG-IBIG SATELLITE
ucpb,0,0,0,0,0,1,0,0,0,0,0,0,1,1,False,False,UCPB
ucpb temporarily closed,0,0,0,0,0,0,0,1,0,0,0,0,1,1,False,False,UCPB (ATM) TEMPORARILY CLOSED
paengs midtown bowling and billiards,0,0,0,0,0,0,0,1,0,0,0,0,1,1,False,False,PAENG'S MIDTOWN BOWLING AND BILLIARDS
paengs freedom bowl,0,0,0,0,0,0,0,1,0,0,0,0,1,1,False,False,Paeng's Freedom Bowl
travelesque tours,0,0,0,0,0,0,0,0,1,0,0,0,1,1,False,False,TRAVELESQUE TOURS
paengs eastwood bowling and billiards,0,0,0,0,0,0,0,1,0,0,0,0,1,1,False,False,PAENG'S EASTWOOD BOWLING AND BILLIARDS
paengs,0,0,1,0,0,0,0,0,0,0,0,0,1,1,False,False,Paeng’s
padrinos way,0,1,0,0,0,0,0,0,0,0,0,0,1,1,False,False,PADRINO’S WAY
udc,0,0,0,0,0,0,0,0,1,0,0,0,1,1,False,False,UDC
ugbo,0,0,0,0,0,1,0,0,0,0,0,0,1,1,False,False,Ugbo
ugreen philippines,0,0,0,0,0,0,0,1,0,0,0,0,1,1,False,False,UGreen Philippines
pc gadgets mobile hub,0,0,0,0,0,0,0,0,1,0,0,0,1,1,False,False,PC GADGETS MOBILE HUB
travelease,0,0,0,0,0,0,0,0,1,0,0,0,1,1,False,False,TRAVELEASE
pacundos,0,0,0,0,0,0,0,0,1,0,0,0,1,1,False,False,PACUNDOS
paculba flower shop,0,0,0,0,0,0,0,1,0,0,0,0,1,1,False,False,PACULBA FLOWER SHOP
pc gilmore,0,0,0,1,0,0,0,0,0,0,0,0,1,1,False,False,PC Gilmore
ucc park cafe,0,0,0,0,0,0,0,1,0,0,0,0,1,1,False,False,UCC Park Cafe
ucc mentore,0,0,0,0,0,0,0,0,1,0,0,0,1,1,False,False,UCC MENTORE
pc dynamic,0,0,0,0,0,0,0,0,1,0,0,0,1,1,False,False,PC DYNAMIC
traxx 1 ca exhibits,0,0,0,0,0,0,0,0,0,0,0,1,1,1,False,False,Traxx 1 ( 6.40 SQM) CA EXHIBITS ( PROPERTY PRO )
palamig kombucha,0,0,0,0,0,0,0,0,1,0,0,0,1,1,False,False,PALAMIG KOMBUCHA
u super service center,0,0,0,0,0,0,0,1,0,0,0,0,1,1,False,False,U SUPER SERVICE CENTER
palace,0,0,0,0,0,1,0,0,0,0,0,0,1,1,False,False,The Palace
treasure box,0,0,0,0,0,0,0,0,1,0,0,0,1,1,False,False,TREASURE BOX
u watch,0,0,0,0,0,0,0,0,1,0,0,0,1,1,False,False,U-WATCH
pal by john gold,0,0,0,0,1,0,0,0,0,0,0,0,1,1,False,False,PAL by: John Gold
pal,0,0,0,0,0,0,0,0,1,0,0,0,1,1,False,False,PAL
pajo optical,0,0,0,0,0,0,0,1,0,0,0,0,1,1,False,False,Pajo Optical
pain rehab care,0,0,0,0,0,0,0,0,1,0,0,0,1,1,False,False,PAIN REHAB CARE
pagibig fund,0,0,0,0,0,0,0,1,0,0,0,0,1,1,False,False,PAGIBIG FUND
paiks coffee and bakery,0,0,0,0,0,0,0,1,0,0,0,0,1,1,False,False,PAIK'S COFFEE AND BAKERY
travelista tours and services,0,0,0,0,0,0,0,0,1,0,0,0,1,1,False,False,TRAVELISTA TOURS AND SERVICES
ubra,0,0,0,0,0,0,0,0,1,0,0,0,1,1,False,False,UBRA
ucc cafe,0,0,1,0,0,0,0,0,0,0,0,0,1,1,False,False,Ucc Cafe
paglaum,0,0,0,0,0,0,0,0,1,0,0,0,1,1,False,False,PAGLAUM
pagkaing pinoy,0,1,0,0,0,0,0,0,0,0,0,0,1,1,False,False,PAGKAING PINOY
pc depot,0,0,0,0,0,0,0,0,1,0,0,0,1,1,False,False,PC DEPOT
ucc cafe terrace,0,0,0,0,0,1,0,0,0,0,0,0,1,1,False,False,UCC Cafe Terrace
ukiyo beauty bar,0,0,0,0,0,0,0,0,1,0,0,0,1,1,False,False,UKIYO BEAUTY BAR
ultima salon,0,0,0,0,0,0,1,0,0,0,0,0,1,1,False,False,Ultima Salon
pc quickbuys computer sales and services,0,1,0,0,0,0,0,0,0,0,0,0,1,1,False,False,PC QUICKBUYS COMPUTER SALES AND SERVICES
pc hub,0,0,0,0,0,0,0,0,1,0,0,0,1,1,False,False,PC HUB
umi matsu,0,0,0,0,0,0,0,0,1,0,0,0,1,1,False,False,UMI MATSU
umi sushi,0,0,0,0,0,0,0,0,1,0,0,0,1,1,False,False,UMI SUSHI
umidigi,0,0,0,0,0,0,0,0,1,0,0,0,1,1,False,False,UMIDIGI
una casita,0,0,0,0,0,1,0,0,0,0,0,0,1,1,False,False,Una Casita
una konsulta riversides one stop health shop,0,0,0,0,0,0,0,0,1,0,0,0,1,1,False,False,UNA KONSULTA RIVERSIDES ONE-STOP HEALTH SHOP
travel port travel and tours,0,1,0,0,0,0,0,0,0,0,0,0,1,1,False,False,TRAVEL PORT TRAVEL AND TOURS
unang panahon,0,0,0,0,0,0,0,0,1,0,0,0,1,1,False,False,UNANG PANAHON
travel lounge,0,0,0,0,0,0,0,1,0,0,0,0,1,1,False,False,TRAVEL LOUNGE
pc ondemand,0,0,0,0,0,0,0,0,1,0,0,0,1,1,False,False,PC ONDEMAND
oxord computer solutions & repair center,0,0,0,0,0,0,0,1,0,0,0,0,1,1,False,False,Oxord - Computer Solutions & Repair Center
oxims,0,0,0,0,0,0,0,0,1,0,0,0,1,1,False,False,OXIM'S
unarosa,0,0,0,0,0,0,1,0,0,0,0,0,1,1,False,False,Unarosa
unbox,0,0,0,0,0,0,1,0,0,0,0,0,1,1,False,False,Unbox
uncle bobs,0,0,0,0,0,1,0,0,0,0,0,0,1,1,False,False,Uncle Bob's
uncle brew,0,0,0,0,0,0,0,0,1,0,0,0,1,1,False,False,UNCLE BREW
uncle fish balls,0,0,0,0,0,1,0,0,0,0,0,0,1,1,False,False,Uncle Fish Balls
pc quarters,0,0,0,0,0,0,0,0,1,0,0,0,1,1,False,False,PC QUARTERS
travel club & delsey,0,0,0,0,0,1,0,0,0,0,0,0,1,1,False,False,The Travel Club & Delsey
oxford scents,1,0,0,0,0,0,0,0,0,0,0,0,1,1,False,False,OXFORD SCENTS
umeya,0,0,0,0,0,0,0,0,1,0,0,0,1,1,False,False,UMEYA
p,0,0,0,0,1,0,0,0,0,0,0,0,1,1,False,False,P
p and d,0,0,0,0,1,0,0,0,0,0,0,0,1,1,False,False,P and D
pc micro,0,0,0,0,0,0,0,0,1,0,0,0,1,1,False,False,PC MICRO
pc inspire enterprise,0,0,0,0,0,0,0,0,0,0,0,1,1,1,False,False,PC INSPIRE ENTERPRISE
pack your bags travel and tours,0,0,0,0,0,0,0,1,0,0,0,0,1,1,False,False,PACK YOUR BAGS TRAVEL AND TOURS
pc live,0,0,0,0,0,0,0,0,1,0,0,0,1,1,False,False,PC LIVE
pack your bags,0,0,0,0,0,0,0,1,0,0,0,0,1,1,False,False,Pack Your Bags
travel time,0,0,1,0,0,0,0,0,0,0,0,0,1,1,False,False,Travel Time
pacific money exchange,0,0,0,0,0,0,0,1,0,0,0,0,1,1,False,False,Pacific Money Exchange
pablings barbershop,0,0,0,0,0,1,0,0,0,0,0,0,1,1,False,False,Pablings Barbershop
pabder uomo,0,1,0,0,0,0,0,0,0,0,0,0,1,1,False,False,PABDER UOMO
ultra lagree,0,0,0,0,0,0,1,0,0,0,0,0,1,1,False,False,Ultra Lagree
p and d cellphone and accessories,0,1,0,0,0,0,0,0,0,0,0,0,1,1,False,False,P AND D CELLPHONE AND ACCESSORIES
travel scoot,0,0,0,0,0,0,1,0,0,0,0,0,1,1,False,False,Travel Scoot
p99 store,0,0,0,0,1,0,0,0,0,0,0,0,1,1,False,False,P99 Store
p5 idrive driving school,0,0,0,0,0,0,0,1,0,0,0,0,1,1,False,False,P5 iDrive Driving School
p4 mobile updates,0,0,0,0,0,0,0,0,0,0,0,1,1,1,False,False,P4 MOBILE UPDATES
p&a,0,0,0,0,0,0,0,1,0,0,0,0,1,1,False,False,P&A
uma uma,0,0,0,0,0,0,0,0,1,0,0,0,1,1,False,False,UMA UMA
p e watch repair center,0,0,0,0,0,0,0,0,1,0,0,0,1,1,False,False,P E WATCH REPAIR CENTER
umami,0,0,0,0,0,0,0,1,0,0,0,0,1,1,False,False,UMAMI
silvertec,0,0,0,0,0,0,0,0,1,0,0,0,1,1,False,False,SILVERTEC
viva massage center,0,0,0,0,0,0,0,0,1,0,0,0,1,1,False,False,VIVA MASSAGE CENTER
oh georg,0,1,0,0,0,0,0,0,0,0,0,0,1,1,False,False,OH GEORG!
yao money changer,0,0,0,0,0,0,0,1,0,0,0,0,1,1,False,False,Yao Money Changer
yakun kaya toast,0,1,0,0,0,0,0,0,0,0,0,0,1,1,False,False,YAKUN KAYA TOAST
yakutako,0,0,0,0,0,0,0,1,0,0,0,0,1,1,False,False,YAKUTAKO
mr green,0,0,0,0,0,0,0,0,1,0,0,0,1,1,False,False,MR GREEN
yalo,0,0,0,0,0,0,1,0,0,0,0,0,1,1,False,False,Yalo
yam cosmetics,0,0,0,0,0,0,0,1,0,0,0,0,1,1,False,False,YAM COSMETICS
mr fluffy,0,0,0,0,0,0,0,1,0,0,0,0,1,1,False,False,Mr.fluffy
mr dynamic,0,0,0,0,0,0,1,0,0,0,0,0,1,1,False,False,Mr Dynamic
mr doods laundry hub,0,0,0,0,0,0,0,0,1,0,0,0,1,1,False,False,MR DOODS LAUNDRY HUB
yamang bukid 9478041524,0,0,0,0,0,0,0,1,0,0,0,0,1,1,False,False,Yamang Bukid 9478041524
mr diecast & collectibles,0,0,0,0,0,0,0,1,0,0,0,0,1,1,False,False,Mr. Diecast & Collectibles
yankee candle,0,0,0,0,0,0,0,0,1,0,0,0,1,1,False,False,YANKEE CANDLE
mr d cellphone store,0,0,0,0,0,0,0,1,0,0,0,0,1,1,False,False,Mr. D. Cellphone Store
mr helmet,0,0,0,0,0,0,0,1,0,0,0,0,1,1,False,False,MR. HELMET
mr cutter,0,0,0,0,0,0,0,1,0,0,0,0,1,1,False,False,Mr Cutter
mr creamy station,0,0,0,0,0,0,0,1,0,0,0,0,1,1,False,False,Mr. Creamy Station (Temporarily Closed)
mr coco,0,0,0,0,0,0,0,0,1,0,0,0,1,1,False,False,MR COCO
mr clive shoe repair shop,0,0,0,0,0,0,0,1,0,0,0,0,1,1,False,False,MR. CLIVE SHOE REPAIR SHOP
mr bingsu,0,0,0,0,0,0,0,0,1,0,0,0,1,1,False,False,MR BINGSU
yardstick,0,0,0,0,0,0,0,1,0,0,0,0,1,1,False,False,YARDSTICK
mps telcom,0,0,0,0,0,0,0,1,0,0,0,0,1,1,False,False,MPS Telcom
movieworld,0,0,0,0,0,0,0,1,0,0,0,0,1,1,False,False,MOVIEWORLD
move it powered rental scooter,0,0,0,0,0,0,0,0,1,0,0,0,1,1,False,False,MOVE IT POWERED RENTAL SCOOTER
move dance studio,0,0,0,0,0,0,0,0,1,0,0,0,1,1,False,False,MOVE DANCE STUDIO
mountain express,0,0,0,0,0,0,0,1,0,0,0,0,1,1,False,False,MOUNTAIN EXPRESS
yaku restaurant,0,0,0,0,0,0,0,0,1,0,0,0,1,1,False,False,YAKU RESTAURANT
mr hongs unlimited samgyeopsal,0,0,0,0,0,0,0,0,0,1,0,0,1,1,False,False,MR. HONG'S UNLIMITED SAMGYEOPSAL
motto,0,0,0,0,0,0,0,1,0,0,0,0,1,1,False,False,Motto
mr parks bread cake,0,0,0,0,0,0,0,0,1,0,0,0,1,1,False,False,MR PARKS BREAD CAKE
mr quickie 9686914110,0,0,0,0,0,0,0,1,0,0,0,0,1,1,False,False,Mr. Quickie 9686914110
xo 46 heritage bistro,0,0,0,0,0,0,0,0,1,0,0,0,1,1,False,False,XO 46 HERITAGE BISTRO
xo46 heritage bistro,0,0,0,0,0,0,1,0,0,0,0,0,1,1,False,False,XO46 Heritage Bistro
xpert key duplication,0,0,0,0,0,0,0,0,1,0,0,0,1,1,False,False,XPERT KEY DUPLICATION
xpresso to go,0,0,1,0,0,0,0,0,0,0,0,0,1,1,False,False,Xpresso To Go
xt pro computer,0,0,0,0,0,0,1,0,0,0,0,0,1,1,False,False,Xt Pro Computer
mr pluffy the cotton candy company,0,0,0,0,0,0,0,0,1,0,0,0,1,1,False,False,MR PLUFFY THE COTTON CANDY COMPANY
xtreme,0,0,0,0,0,0,0,1,0,0,0,0,1,1,False,False,XTREME
xtreme 9954989429,0,0,0,0,0,0,0,1,0,0,0,0,1,1,False,False,XTREME 9954989429
mr pluffy 9688979455,0,0,0,0,0,0,0,1,0,0,0,0,1,1,False,False,Mr. Pluffy 9688979455
mr patatas,0,0,0,0,0,0,0,1,0,0,0,0,1,1,False,False,Mr. Patatas
xtreme mobile,0,1,0,0,0,0,0,0,0,0,0,0,1,1,False,False,XTREME MOBILE
mr key fix beauche,0,0,0,0,0,0,0,0,0,0,0,1,1,1,False,False,MR. KEY FIX (EXTENSION) BEAUCHE
mr noodle,0,0,0,0,0,0,0,0,1,0,0,0,1,1,False,False,MR NOODLE
y e s,0,0,0,0,1,0,0,0,0,0,0,0,1,1,False,False,Y.E.S.
mr ninja,0,1,0,0,0,0,0,0,0,0,0,0,1,1,False,False,MR. NINJA
mr mala hotpot,0,0,0,0,0,0,0,0,1,0,0,0,1,1,False,False,MR. MALA HOTPOT
mr lee rrj,0,0,0,0,0,0,0,0,0,1,0,0,1,1,False,False,MR. LEE/RRJ
mr lee,0,0,0,0,0,0,0,0,0,0,1,0,1,1,False,False,Mr. Lee
yabu house of katsu,0,0,0,0,0,0,0,1,0,0,0,0,1,1,False,False,YABU: HOUSE OF KATSU
mr kokio food cart,0,0,0,0,0,0,0,0,1,0,0,0,1,1,False,False,MR KOKIO FOOD CART
yaels bibingka,0,0,0,0,0,0,0,0,0,0,1,0,1,1,False,False,Yael's Bibingka
yaki yaki,0,0,0,0,0,1,0,0,0,0,0,0,1,1,False,False,Yaki Yaki
mr key fix jewelrich,0,0,0,0,0,0,0,0,0,0,0,1,1,1,False,False,MR. KEY FIX JEWELRICH
mountain blend,0,0,0,0,0,0,0,0,1,0,0,0,1,1,False,False,MOUNTAIN BLEND
yardstick coffee,0,0,0,0,0,0,0,0,1,0,0,0,1,1,False,False,YARDSTICK COFFEE
mr renes quick shoes and bags repair shop,0,0,0,0,0,0,0,0,1,0,0,0,1,1,False,False,MR RENES QUICK SHOES AND BAGS REPAIR SHOP
yoh froz,0,0,0,0,0,0,0,0,1,0,0,0,1,1,False,False,YOH FROZ
yhazer fudokato,0,0,0,0,0,0,0,1,0,0,0,0,1,1,False,False,YHAZER FUDOKATO
yi technology,0,0,0,0,0,0,0,0,1,0,0,0,1,1,False,False,YI TECHNOLOGY
mossimo satellite selling,0,0,0,0,0,0,0,1,0,0,0,0,1,1,False,False,MOSSIMO SATELLITE SELLING
ymca canteen,0,0,1,0,0,0,0,0,0,0,0,0,1,1,False,False,Ymca Canteen
yo mobile,0,0,0,0,1,0,0,0,0,0,0,0,1,1,False,False,Yo! Mobile
moshi koshi,0,1,0,0,0,0,0,0,0,0,0,0,1,1,False,False,MOSHI KOSHI
moshi gran cafe,0,1,0,0,0,0,0,0,0,0,0,0,1,1,False,False,MOSHI GRAN CAFE
yogi hotdog,0,0,0,0,0,0,0,0,1,0,0,0,1,1,False,False,YOGI HOTDOG
mos simo,0,0,0,0,0,0,0,1,0,0,0,0,1,1,False,False,MOS SIMO
yogii yogurt and ice cream 9535260843,0,0,0,0,0,0,0,1,0,0,0,0,1,1,False,False,YOGII YOGURT AND ICE CREAM 9535260843
mortons the steakhouse,0,0,0,0,0,1,0,0,0,0,0,0,1,1,False,False,Morton's The Steakhouse
morning after antro,0,0,0,0,0,0,1,0,0,0,0,0,1,1,False,False,The Morning After/Antro
mother base,0,0,0,0,0,0,1,0,0,0,0,0,1,1,False,False,Mother Base
yohans apparel,0,0,0,0,0,0,0,1,0,0,0,0,1,1,False,False,YOHANS APPAREL
morihs hair & beauty salon,0,0,0,0,0,0,0,1,0,0,0,0,1,1,False,False,MORIH'S HAIR & BEAUTY SALON
moressi,0,0,0,0,0,0,0,0,1,0,0,0,1,1,False,False,MORESSI
yoi yoi tei,0,0,0,0,0,0,0,0,1,0,0,0,1,1,False,False,YOI YOI TEI
morellis gelato caffe,0,0,0,0,0,0,1,0,0,0,0,0,1,1,False,False,Morelli's Gelato Caffe
more hair center,0,0,0,0,0,0,1,0,0,0,0,0,1,1,False,False,MoRe Hair Center
moostea cafe,0,0,0,0,0,0,0,0,0,1,0,0,1,1,False,False,MOOSTEA CAFE
yong studio,0,0,0,0,0,0,0,0,1,0,0,0,1,1,False,False,YONG STUDIO
yoobao,0,0,0,0,0,0,0,0,1,0,0,0,1,1,False,False,YOOBAO
moonsky sunny,0,0,0,0,0,0,0,0,1,0,0,0,1,1,False,False,MOONSKY SUNNY
moonleaf tea,0,0,0,0,0,0,0,1,0,0,0,0,1,1,False,False,MOONLEAF TEA
yeubo,0,0,0,0,0,0,0,1,0,0,0,0,1,1,False,False,YEUBO
yes please,0,0,0,0,0,1,0,0,0,0,0,0,1,1,False,False,Yes Please
yassies collection,0,0,0,0,1,0,0,0,0,0,0,0,1,1,False,False,Yassies Collection
yellow sweets cafe,0,0,0,0,0,0,0,0,1,0,0,0,1,1,False,False,YELLOW SWEETS CAFE
yassys kitchen,0,0,0,0,0,0,0,0,0,1,0,0,1,1,False,False,YASSY'S KITCHEN
motosport,0,0,0,0,0,0,0,1,0,0,0,0,1,1,False,False,Motosport
yasuo,0,0,0,0,0,0,0,1,0,0,0,0,1,1,False,False,Yasuo
motorola,0,0,0,0,1,0,0,0,0,0,0,0,1,1,False,False,Motorola
yatai spa,0,0,0,0,0,1,0,0,0,0,0,0,1,1,False,False,Yatai Spa
yedang,0,0,0,0,0,0,1,0,0,0,0,0,1,1,False,False,Yedang
motorino,0,0,0,0,0,0,0,0,1,0,0,0,1,1,False,False,MOTORINO
motor pro,0,0,0,0,0,0,0,0,0,0,1,0,1,1,False,False,Motor Pro
motomarket,0,0,0,0,0,1,0,0,0,0,0,0,1,1,False,False,Motomarket
moto aqua flask,0,0,0,0,0,0,0,1,0,0,0,0,1,1,False,False,Moto/ Aqua Flask
yellie & co,0,0,0,0,0,0,0,0,1,0,0,0,1,1,False,False,YELLIE & CO
moti,0,0,0,0,0,0,0,1,0,0,0,0,1,1,False,False,Moti (NEW)
yes land realty 0917 133 6146,0,0,0,0,0,0,0,1,0,0,0,0,1,1,False,False,Yes Land Realty 0917 133 6146
mothers touch hilot massage,0,0,0,0,0,0,0,0,1,0,0,0,1,1,False,False,MOTHER'S TOUCH HILOT + MASSAGE
mothers touch 9178676877,0,0,0,0,0,0,0,1,0,0,0,0,1,1,False,False,Mother's Touch 9178676877
yellowcab,0,0,0,0,0,0,0,1,0,0,0,0,1,1,False,False,Yellowcab
yeobo corndog,0,0,0,0,0,0,0,1,0,0,0,0,1,1,False,False,YEOBO CORNDOG
mothers fried chicken,0,1,0,0,0,0,0,0,0,0,0,0,1,1,False,False,MOTHER'S FRIED CHICKEN
mothers cake house,0,0,0,0,0,0,0,0,1,0,0,0,1,1,False,False,MOTHERS CAKE HOUSE
mothercare 8682 3163,0,0,0,0,0,0,0,1,0,0,0,0,1,1,False,False,Mothercare 8682-3163
yeobo korean style corndog,0,0,0,0,0,0,0,1,0,0,0,0,1,1,False,False,YEOBO KOREAN STYLE CORNDOG
yeobos korean style corndog,0,0,0,0,0,0,0,0,1,0,0,0,1,1,False,False,YEOBOS KOREAN STYLE CORNDOG
mother hen,0,0,0,0,0,1,0,0,0,0,0,0,1,1,False,False,Mother Hen
yes gulu,0,0,0,0,0,0,0,0,1,0,0,0,1,1,False,False,YES GULU
mr quickie plus,0,0,0,0,0,0,0,1,0,0,0,0,1,1,False,False,MR. QUICKIE PLUS
mr shaw,0,0,0,0,0,1,0,0,0,0,0,0,1,1,False,False,Mr. Shaw
mood brows and lashes,0,0,0,0,0,0,0,0,1,0,0,0,1,1,False,False,MOOD BROWS AND LASHES
musashi maru,0,1,0,0,0,0,0,0,0,0,0,0,1,1,False,False,MUSASHI MARU
wow lechon,0,0,0,0,1,0,0,0,0,0,0,0,1,1,False,False,Wow Lechon
wow panda malatang,0,0,0,0,0,1,0,0,0,0,0,0,1,1,False,False,Wow Panda Malatang
music school of ryan cayabyab,0,0,0,0,0,0,0,1,0,0,0,0,1,1,False,False,THE MUSIC SCHOOL OF RYAN CAYABYAB
music museum,0,0,0,0,0,0,1,0,0,0,0,0,1,1,False,False,Music Museum
music mayhem,0,0,0,0,0,0,0,1,0,0,0,0,1,1,False,False,MUSIC MAYHEM
wow travel,0,0,0,0,0,0,0,1,0,0,0,0,1,1,False,False,WOW Travel
music jam el bonitos,0,0,0,0,0,0,0,0,0,0,0,1,1,1,False,False,MUSIC JAM EL BONITOS
music house,0,0,0,0,0,0,1,0,0,0,0,0,1,1,False,False,The Music House
wow travel more,0,0,0,0,0,0,0,0,1,0,0,0,1,1,False,False,WOW TRAVEL MORE
museum of emotions,0,1,0,0,0,0,0,0,0,0,0,0,1,1,False,False,MUSEUM OF EMOTIONS
museo barbershop nail gallery spa,0,0,0,0,0,0,0,0,1,0,0,0,1,1,False,False,MUSEO BARBERSHOP NAIL GALLERY SPA
musar music,0,0,0,0,0,0,0,0,1,0,0,0,1,1,False,False,MUSAR MUSIC
wow cow hot pot,0,0,0,0,0,0,0,0,1,0,0,0,1,1,False,False,WOW COW HOT POT
munies,0,0,0,0,0,0,0,1,0,0,0,0,1,1,False,False,Munies
mundae soft serve ice cream,0,0,0,0,0,0,0,0,1,0,0,0,1,1,False,False,MUNDAE SOFT SERVE ICE CREAM
mundae,0,0,0,0,0,0,1,0,0,0,0,0,1,1,False,False,Mundae
wrap it,0,1,0,0,0,0,0,0,0,0,0,0,1,1,False,False,WRAP IT!
wrap shop,0,0,0,0,0,0,0,0,1,0,0,0,1,1,False,False,WRAP SHOP
mumin innovations,0,0,0,0,0,0,0,1,0,0,0,0,1,1,False,False,MUMIN INNOVATIONS
mumbaki,0,0,0,0,0,0,0,1,0,0,0,0,1,1,False,False,Mumbaki
wrapnatics,0,0,0,0,0,0,0,1,0,0,0,0,1,1,False,False,WRAPNATICS
multisport hub,0,1,0,0,0,0,0,0,0,0,0,0,1,1,False,False,MULTISPORT HUB
wrc toys,0,0,0,0,0,0,1,0,0,0,0,0,1,1,False,False,WRC Toys
multi time emporium,0,0,0,0,0,0,0,0,1,0,0,0,1,1,False,False,MULTI-TIME EMPORIUM
musik wizzard,0,0,0,0,0,0,0,1,0,0,0,0,1,1,False,False,Musik Wizzard
wow chow,0,1,0,0,0,0,0,0,0,0,0,0,1,1,False,False,WOW CHOW
wristpod philip stein,0,1,0,0,0,0,0,0,0,0,0,0,1,1,False,False,WRISTPOD/PHILIP STEIN
world of fun house of takoyaki,0,0,0,0,0,0,0,0,0,0,0,1,1,1,False,False,WORLD OF FUN House of Takoyaki
my falafel,0,0,0,0,0,1,0,0,0,0,0,0,1,1,False,False,My Falafel
my dollar store plus,1,0,0,0,0,0,0,0,0,0,0,0,1,1,False,False,MY DOLLAR STORE PLUS
world master international travel,0,0,0,0,0,0,0,1,0,0,0,0,1,1,False,False,WORLD MASTER INTERNATIONAL TRAVEL
my diamond technomarine,0,0,0,0,0,0,0,1,0,0,0,0,1,1,False,False,MY DIAMOND / TECHNOMARINE
my destination tours and travel,0,0,0,0,0,0,0,0,1,0,0,0,1,1,False,False,MY DESTINATION TOURS AND TRAVEL
world of fun 9058818079,0,0,0,0,0,0,0,1,0,0,0,0,1,1,False,False,WORLD OF FUN 9058818079 (OPEN)
my box,0,0,0,0,1,0,0,0,0,0,0,0,1,1,False,False,My Box
world of fun 9063309735,0,0,0,0,0,0,0,1,0,0,0,0,1,1,False,False,World of Fun 9063309735
my angels two fashion,0,0,0,0,0,0,0,0,0,0,0,1,1,1,False,False,MY ANGELS TWO FASHION
my angels enterprise,0,1,0,0,0,0,0,0,0,0,0,0,1,1,False,False,MY ANGELS ENTERPRISE
mxt restaurant,0,0,0,0,0,0,0,0,1,0,0,0,1,1,False,False,MXT RESTAURANT
world of fun huawei,0,0,0,0,0,0,0,0,0,0,0,1,1,1,False,False,World of Fun HUAWEI
wow cellphone,0,0,0,0,0,0,0,0,0,0,0,1,1,1,False,False,WOW CELLPHONE
world of fun satellite,0,0,0,0,0,0,0,0,0,0,0,1,1,1,False,False,WORLD OF FUN SATELLITE
mwell primary care,0,0,1,0,0,0,0,0,0,0,0,0,1,1,False,False,Mwell Primary Care
world of fun satellite redbucks coffee shop,0,0,0,0,0,0,0,0,0,0,0,1,1,1,False,False,WORLD OF FUN Satellite REDBUCKS COFFEE SHOP
mvt mobile,0,0,0,0,0,1,0,0,0,0,0,0,1,1,False,False,MVT Mobile
mvp taekwando,0,0,0,0,0,1,0,0,0,0,0,0,1,1,False,False,MVP Taekwando
world watch gallery,0,0,0,0,0,0,0,1,0,0,0,0,1,1,False,False,World Watch Gallery
mutt chery,0,0,0,0,0,0,0,0,1,0,0,0,1,1,False,False,MUTT CHERY
worlds finest liquor,0,0,0,0,0,1,0,0,0,0,0,0,1,1,False,False,The World's Finest Liquor
would u like,0,0,0,1,0,0,0,0,0,0,0,0,1,1,False,False,Would U Like
wow and fye,0,0,0,0,0,0,0,0,0,0,0,1,1,1,False,False,WOW AND FYE
wow and fye cellphone and accessories,0,0,0,0,0,0,0,0,0,0,0,1,1,1,False,False,WOW AND FYE CELLPHONE AND ACCESSORIES
wristpod,0,0,0,0,0,0,0,1,0,0,0,0,1,1,False,False,Wristpod
muju,0,0,0,0,0,0,0,1,0,0,0,0,1,1,False,False,Muju
mr sizzlers,0,0,0,0,0,0,0,0,1,0,0,0,1,1,False,False,MR SIZZLERS
xiaomi 0999 167 2888,0,0,0,0,0,0,0,1,0,0,0,0,1,1,False,False,XIAOMI 0999-167-2888
ms cellphone accessories 9488740401,0,0,0,0,0,0,0,1,0,0,0,0,1,1,False,False,MS CELLPHONE ACCESSORIES 9488740401
ms cellphone accessories,0,0,0,0,0,0,0,1,0,0,0,0,1,1,False,False,MS CELLPHONE ACCESSORIES
ms by marjories,0,0,0,0,0,0,0,0,1,0,0,0,1,1,False,False,MS BY MARJORIES
xentromed,0,0,0,0,0,0,0,0,0,0,0,1,1,1,False,False,XENTROMED
mrz mobile repair zone,0,0,0,0,0,0,0,0,1,0,0,0,1,1,False,False,MRZ MOBILE REPAIR ZONE
xhanders kambingan handyman exhibit thematic,0,0,0,0,0,0,0,0,0,0,0,1,1,1,False,False,Xhanders Kambingan HANDYMAN EXHIBIT THEMATIC
xiao jiu noodle house,0,0,0,0,0,0,0,0,1,0,0,0,1,1,False,False,XIAO JIU NOODLE HOUSE
mrs goodies,0,0,0,0,0,0,0,0,1,0,0,0,1,1,False,False,MRS GOODIES
mrs affogato,0,0,0,0,0,1,0,0,0,0,0,0,1,1,False,False,Mrs. Affogato
mrl empanada factory,0,0,0,0,1,0,0,0,0,0,0,0,1,1,False,False,MRL Empanada Factory
mrg law office,0,0,0,0,0,0,0,1,0,0,0,0,1,1,False,False,MRG Law Office
mr wippy,0,0,0,0,0,0,0,1,0,0,0,0,1,1,False,False,MR. WIPPY
msa academic advancement institute,0,1,0,0,0,0,0,0,0,0,0,0,1,1,False,False,MSA ACADEMIC ADVANCEMENT INSTITUTE
mr unlocker,0,1,0,0,0,0,0,0,0,0,0,0,1,1,False,False,MR. UNLOCKER
xiaomi 8802 1532 09669776715,0,0,0,0,0,0,0,1,0,0,0,0,1,1,False,False,XIAOMI 8802-1532 / 09669776715
xin chao vietnamese restaurant,0,0,0,0,0,0,0,0,1,0,0,0,1,1,False,False,XIN CHAO VIETNAMESE RESTAURANT
mr ube,0,1,0,0,0,0,0,0,0,0,0,0,1,1,False,False,MR. UBE
mr toppings 9190869698,0,0,0,0,0,0,0,1,0,0,0,0,1,1,False,False,MR. TOPPINGS 9190869698
xinyi chicken,0,0,0,0,0,0,0,0,1,0,0,0,1,1,False,False,XINYI CHICKEN
mr teapsy,0,0,0,0,1,0,0,0,0,0,0,0,1,1,False,False,Mr. Teapsy
mr taho,0,0,0,0,0,0,0,0,1,0,0,0,1,1,False,False,MR TAHO
mr taco,0,0,0,0,0,0,0,0,1,0,0,0,1,1,False,False,MR TACO
xinyx design consultancy and services inc,0,0,0,0,0,0,0,0,1,0,0,0,1,1,False,False,XINYX DESIGN CONSULTANCY AND SERVICES INC
xitrix,0,0,0,0,0,0,0,0,1,0,0,0,1,1,False,False,XITRIX
xchange zamin foreign exchange,0,0,0,0,0,0,0,1,0,0,0,0,1,1,False,False,Xchange/Zamin Foreign Exchange
msc detour car care center,0,1,0,0,0,0,0,0,0,0,0,0,1,1,False,False,MSC DETOUR CAR CARE CENTER
muji pop up store,1,0,0,0,0,0,0,0,0,0,0,0,1,1,False,False,MUJI Pop-Up Store
x8r scooter rental,0,0,1,0,0,0,0,0,0,0,0,0,1,1,False,False,X8r Scooter Rental
wrld bbq,0,0,0,0,0,0,1,0,0,0,0,0,1,1,False,False,WRLD BBQ
muhlachs ensaymada,0,0,0,0,0,0,0,1,0,0,0,0,1,1,False,False,Muhlach’s Ensaymada
wus kitchen,0,0,0,0,0,0,1,0,0,0,0,0,1,1,False,False,Wu's Kitchen
wxwise,0,0,0,0,0,0,0,1,0,0,0,0,1,1,False,False,WXWISE
x play,0,0,0,0,0,0,0,1,0,0,0,0,1,1,False,False,X Play
x print,0,1,0,0,0,0,0,0,0,0,0,0,1,1,False,False,X-PRINT
x sight,0,0,0,0,0,0,0,1,0,0,0,0,1,1,False,False,X-Sight
x site,0,0,1,0,0,0,0,0,0,0,0,0,1,1,False,False,X-site
mugna,0,0,0,0,0,0,0,1,0,0,0,0,1,1,False,False,MUGNA
x11,0,0,0,0,0,0,0,1,0,0,0,0,1,1,False,False,X11
muelvans,0,0,0,0,1,0,0,0,0,0,0,0,1,1,False,False,Muelvans
xamxen helmet depository,0,0,0,0,0,0,0,0,1,0,0,0,1,1,False,False,XAMXEN HELMET DEPOSITORY
xcel driving school,0,0,0,1,0,0,0,0,0,0,0,0,1,1,False,False,Xcel Driving School
xander pawnshop rcbc,0,0,0,0,0,0,0,0,0,0,0,1,1,1,False,False,XANDER PAWNSHOP (GOLDEN VISION) RCBC
muebles italiano,0,0,0,0,0,0,0,0,1,0,0,0,1,1,False,False,MUEBLES ITALIANO
xander tutorial school,0,0,0,0,0,0,0,0,0,0,0,1,1,1,False,False,XANDER TUTORIAL SCHOOL
mu lan general merchandise,0,0,0,0,0,0,0,1,0,0,0,0,1,1,False,False,MU LAN GENERAL MERCHANDISE
mtmb,0,0,0,0,0,0,0,0,0,1,0,0,1,1,False,False,MTMB
xandra photoshop ksa magic soap,0,0,0,0,0,0,0,0,0,0,0,1,1,1,False,False,XANDRA PHOTOSHOP (KODAK) KSA MAGIC SOAP
xavier roast master,0,0,0,0,0,0,0,1,0,0,0,0,1,1,False,False,Xavier Roast Master
mtcs money changer,0,0,0,0,0,0,0,0,0,0,0,1,1,1,False,False,MTC'S MONEY CHANGER
mt stomach,0,0,0,0,0,1,0,0,0,0,0,0,1,1,False,False,MT Stomach
msr pro,0,0,0,0,0,0,0,0,1,0,0,0,1,1,False,False,MSR PRO
xaviers home of dialysis center,0,0,1,0,0,0,0,0,0,0,0,0,1,1,False,False,Xavier’s Home Of Dialysis Center
yoshi meat su,0,0,0,0,0,0,1,0,0,0,0,0,1,1,False,False,Yoshi Meat-su
monza barcade concept,0,0,0,0,0,1,0,0,0,0,0,0,1,1,False,False,Monza / Barcade Concept
oglimen dental clinic,0,0,0,0,0,0,0,0,0,0,1,0,1,1,False,False,Oglimen Dental Clinic
zhenti massage,0,0,0,0,0,0,0,0,1,0,0,0,1,1,False,False,ZHENTI MASSAGE
mljl trading gadgetz atbp,0,0,0,0,0,0,0,1,0,0,0,0,1,1,False,False,MLJL Trading (Satellite) - Gadgetz atbp.
mlhuillier jewelry,0,0,0,0,1,0,0,0,0,0,0,0,1,1,False,False,MLhuillier Jewelry
mlhuillier jewellers,0,0,0,0,0,0,0,1,0,0,0,0,1,1,False,False,MLHUILLIER JEWELLERS
mlg travel & tours,0,0,0,0,0,0,0,1,0,0,0,0,1,1,False,False,MLG Travel & Tours
mlb korea,0,0,0,0,0,1,0,0,0,0,0,0,1,1,False,False,MLB Korea
mlb beauty and wellness hub,0,0,0,0,0,0,0,1,0,0,0,0,1,1,False,False,MLB Beauty and Wellness Hub
zero degree,0,0,0,0,0,0,0,0,1,0,0,0,1,1,False,False,ZERO DEGREE
zero one story salon,0,0,0,0,0,1,0,0,0,0,0,0,1,1,False,False,Zero One Story Salon
zero plus,0,0,0,0,0,0,0,0,0,0,0,1,1,1,False,False,ZERO PLUS (OPPO)
zero plus vivo,0,0,0,0,0,0,0,0,0,0,0,1,1,1,False,False,ZERO PLUS VIVO
zete house of beauty cloud phone,0,0,0,0,0,0,0,0,0,0,0,1,1,1,False,False,ZETE HOUSE OF BEAUTY (AVON) CLOUD PHONE
zhenzhu massage,0,0,0,0,0,0,0,1,0,0,0,0,1,1,False,False,Zhenzhu Massage
zenway health and beauty shop,0,0,0,0,0,0,0,0,1,0,0,0,1,1,False,False,ZENWAY HEALTH AND BEAUTY SHOP
zhulin restaurant,0,0,0,0,0,0,0,1,0,0,0,0,1,1,False,False,ZHULIN RESTAURANT
mkc vintage shop,0,1,0,0,0,0,0,0,0,0,0,0,1,1,False,False,MKC VINTAGE SHOP
zids sticker shop,0,0,0,0,0,0,0,0,1,0,0,0,1,1,False,False,ZIDS STICKER SHOP
mk fried noodles,0,0,1,0,0,0,0,0,0,0,0,0,1,1,False,False,Mk Fried Noodles
mjks food corner,0,0,0,0,0,0,0,1,0,0,0,0,1,1,False,False,MJK's Food Corner
zion 1,0,0,0,0,0,1,0,0,0,0,0,0,1,1,False,False,Zion-1
zip & bottons,0,0,0,0,0,0,0,1,0,0,0,0,1,1,False,False,ZIP & Bottons
mjc accessories,0,0,0,0,0,0,0,0,0,0,0,1,1,1,False,False,MJC ACCESSORIES
zippo,0,0,0,0,0,0,0,0,1,0,0,0,1,1,False,False,ZIPPO
mj gold & silver,0,0,0,0,0,0,0,1,0,0,0,0,1,1,False,False,MJ Gold & Silver
zma mobile center,0,0,0,0,1,0,0,0,0,0,0,0,1,1,False,False,ZMA Mobile Center
zenzest,0,0,0,0,0,0,0,1,0,0,0,0,1,1,False,False,Zenzest
mljv dental works,0,0,0,0,0,0,0,0,0,0,0,1,1,1,False,False,MLJV DENTAL WORKS
mizusawa milktea and coffee,0,0,0,0,0,0,0,0,1,0,0,0,1,1,False,False,MIZUSAWA MILKTEA AND COFFEE
mobi express,0,0,0,0,0,0,0,1,0,0,0,0,1,1,False,False,Mobi Express
zedrick,0,0,0,0,0,0,0,1,0,0,0,0,1,1,False,False,Zedrick
zedrick cellshop and laptop accessories,0,0,0,0,0,0,0,1,0,0,0,0,1,1,False,False,Zedrick Cellshop and Laptop Accessories
zeiss vision center,0,0,0,0,0,0,1,0,0,0,0,0,1,1,False,False,Zeiss Vision Center
zele wellness center,0,0,0,0,0,0,0,0,1,0,0,0,1,1,False,False,ZELE WELLNESS CENTER
zelphone,0,0,0,0,1,0,0,0,0,0,0,0,1,1,False,False,Zelphone
zen cell,0,0,1,0,0,0,0,0,0,0,0,0,1,1,False,False,Zen Cell
zen mobility,0,0,0,0,1,0,0,0,0,0,0,0,1,1,False,False,Zen Mobility
zen sushi,0,0,0,0,0,0,0,0,1,0,0,0,1,1,False,False,ZEN SUSHI
zen zest y valera,0,0,0,0,0,0,0,0,0,0,0,1,1,1,False,False,ZEN ZEST/Y.VALERA
mobile accessories,0,0,0,0,1,0,0,0,0,0,0,0,1,1,False,False,Mobile Accessories
mobicity,0,0,0,0,0,0,0,1,0,0,0,0,1,1,False,False,MOBICITY
zen zone massage chairs,0,1,0,0,0,0,0,0,0,0,0,0,1,1,False,False,ZEN-ZONE MASSAGE CHAIRS
mls,0,0,0,0,0,0,0,0,0,1,0,0,1,1,False,False,MLS
mobell copy center,0,0,0,0,0,0,0,1,0,0,0,0,1,1,False,False,Mobell Copy Center
zencell telecom,0,0,0,0,0,0,0,0,1,0,0,0,1,1,False,False,ZENCELL TELECOM
mnm de masaje massage chair services,0,0,0,0,0,0,0,1,0,0,0,0,1,1,False,False,MNM DE MASAJE MASSAGE CHAIR SERVICES (NEW)
mnm de masaje,0,0,0,0,0,0,0,1,0,0,0,0,1,1,False,False,MNM de Masaje
mnla,0,0,0,0,0,0,0,0,1,0,0,0,1,1,False,False,MNLA
mncc cellphones and accessories store,0,0,0,0,0,0,0,1,0,0,0,0,1,1,False,False,MNCC CELLPHONES AND ACCESSORIES STORE
zenit,0,0,0,0,1,0,0,0,0,0,0,0,1,1,False,False,Zenit
mml essentials,0,0,0,0,0,1,0,0,0,0,0,0,1,1,False,False,MML - Essentials
zensuals beauty & nail lounge,0,0,0,0,0,1,0,0,0,0,0,0,1,1,False,False,Zensuals Beauty & Nail Lounge
mmda satellite office,0,0,0,0,0,0,0,1,0,0,0,0,1,1,False,False,MMDA Satellite Office
zentea,0,0,0,0,0,0,0,1,0,0,0,0,1,1,False,False,Zentea
mj gadget,0,0,0,0,0,0,1,0,0,0,0,0,1,1,False,False,Mj Gadget
mizuno,0,1,0,0,0,0,0,0,0,0,0,0,1,1,False,False,MIZUNO
mobile care solutions,0,0,0,0,0,0,1,0,0,0,0,0,1,1,False,False,Mobile Care Solutions
miruu,0,0,0,0,0,0,0,1,0,0,0,0,1,1,False,False,MIRUU
mist & co,0,0,0,0,0,0,0,1,0,0,0,0,1,1,False,False,MIST & CO
missy bon bon,0,0,0,0,0,0,0,1,0,0,0,0,1,1,False,False,Missy Bon Bon
zumanity videoke live,0,0,0,0,0,0,0,0,0,0,0,1,1,1,False,False,ZUMANITY VIDEOKE LIVE
missing link,0,0,0,0,0,1,0,0,0,0,0,0,1,1,False,False,Missing Link
miss tea cafe,0,0,0,0,0,0,0,1,0,0,0,0,1,1,False,False,MISS TEA CAFE
miss olives ice cream,0,0,0,0,0,0,0,1,0,0,0,0,1,1,False,False,MISS OLIVE'S ICE CREAM
miss esthe,0,0,0,0,0,1,0,0,0,0,0,0,1,1,False,False,Miss Esthe
misreen pet food & accessories,0,0,0,0,0,0,1,0,0,0,0,0,1,1,False,False,Misreen Pet Food & Accessories
mismukuno,0,1,0,0,0,0,0,0,0,0,0,0,1,1,False,False,MISMUKUNO
misen homewares,0,0,0,1,0,0,0,0,0,0,0,0,1,1,False,False,Misen Homewares
misaki,0,0,1,0,0,0,0,0,0,0,0,0,1,1,False,False,Misaki
mirrors salon & spa,0,0,0,0,0,0,0,1,0,0,0,0,1,1,False,False,MIRRORS SALON & SPA
mister donut kiosk,0,0,0,0,0,0,0,1,0,0,0,0,1,1,False,False,MISTER DONUT KIOSK
mirrored his & hers studio,0,0,0,0,0,0,0,0,1,0,0,0,1,1,False,False,MIRRORED HIS & HERS STUDIO
miratap,0,0,0,0,0,0,1,0,0,0,0,0,1,1,False,False,Miratap
mirangcurl korea salon,0,1,0,0,0,0,0,0,0,0,0,0,1,1,False,False,MIRANGCURL KOREA SALON
zuriels gadget & accessories shop,0,0,0,0,0,0,0,1,0,0,0,0,1,1,False,False,Zuriel's Gadget & Accessories Shop
zya & knox home furniture,0,1,0,0,0,0,0,0,0,0,0,0,1,1,False,False,ZYA & KNOX HOME FURNITURE
zyberauto,0,0,0,0,0,0,0,1,0,0,0,0,1,1,False,False,ZYBERAUTO
zyberone service center,0,0,0,0,0,0,0,0,1,0,0,0,1,1,False,False,ZYBERONE SERVICE CENTER
zydnieland ferielle,0,0,0,0,0,0,0,0,1,0,0,0,1,1,False,False,ZYDNIELAND FERIELLE
mira stationers,0,0,0,0,0,0,0,1,0,0,0,0,1,1,False,False,MIRA STATIONERS
miquits therapeutic blind massage,0,0,0,0,0,0,0,0,1,0,0,0,1,1,False,False,MIQUITS THERAPEUTIC BLIND MASSAGE
miquesi salon,0,0,0,0,0,1,0,0,0,0,0,0,1,1,False,False,Miquesi Salon
mister donut cafe,0,0,0,0,0,0,0,0,1,0,0,0,1,1,False,False,MISTER DONUT CAFE
mister donut zagu,0,0,0,0,0,0,0,0,0,0,0,1,1,1,False,False,MISTER DONUT / ZAGU
mizuki,0,0,0,0,0,1,0,0,0,0,0,0,1,1,False,False,Mizuki
mix eat,0,0,0,0,0,0,0,1,0,0,0,0,1,1,False,False,Mix Eat
mixx,0,0,0,0,0,0,0,1,0,0,0,0,1,1,False,False,MIXX
zn pearl shake,0,0,0,0,0,0,0,1,0,0,0,0,1,1,False,False,ZN Pearl Shake
mixue ice cream & tea,0,0,0,0,0,0,0,1,0,0,0,0,1,1,False,False,MIXUE ICE CREAM & TEA
mixue ice cream,0,1,0,0,0,0,0,0,0,0,0,0,1,1,False,False,MIXUE ICE CREAM
mixte,0,0,0,0,0,0,1,0,0,0,0,0,1,1,False,False,Mixté
zojirushi,0,1,0,0,0,0,0,0,0,0,0,0,1,1,False,False,ZOJIRUSHI
zoofari,0,0,0,0,0,0,0,0,1,0,0,0,1,1,False,False,ZOOFARI
zoomoov,0,0,0,0,0,1,0,0,0,0,0,0,1,1,False,False,Zoomoov
mix n magic,0,0,0,0,1,0,0,0,0,0,0,0,1,1,False,False,Mix n Magic
mix in style,0,0,0,0,0,0,0,1,0,0,0,0,1,1,False,False,Mix In Style
mix gems,0,0,0,0,0,0,1,0,0,0,0,0,1,1,False,False,Mix Gems
zorro boomz petshop,0,0,0,0,0,0,1,0,0,0,0,0,1,1,False,False,Zorro Boomz Petshop
mister frosty,0,0,0,0,0,0,0,0,1,0,0,0,1,1,False,False,MISTER FROSTY
mitubl,0,0,0,0,0,0,0,0,1,0,0,0,1,1,False,False,MITUBL
mitsuhana,0,0,0,0,0,0,0,1,0,0,0,0,1,1,False,False,MITSUHANA
mitsubishi motors fast autoworld,0,0,0,0,0,0,0,0,1,0,0,0,1,1,False,False,MITSUBISHI MOTORS - FAST AUTOWORLD
mitsubishi motors cebu lifestlye center,0,0,0,0,0,0,0,0,1,0,0,0,1,1,False,False,MITSUBISHI MOTORS CEBU LIFESTLYE CENTER
zozo frozen yogurt,0,0,0,0,0,0,0,0,1,0,0,0,1,1,False,False,ZOZO FROZEN YOGURT
zte mobile,0,0,0,0,0,0,0,0,1,0,0,0,1,1,False,False,ZTE MOBILE
ztwo,0,0,0,0,0,0,0,1,0,0,0,0,1,1,False,False,Ztwo
zu,0,0,0,0,0,0,1,0,0,0,0,0,1,1,False,False,Zu
mita,0,0,0,0,0,0,0,1,0,0,0,0,1,1,False,False,Mita
zu boh ti,0,0,0,0,0,0,0,1,0,0,0,0,1,1,False,False,ZU BOH TI
mister siomai atbp,0,0,0,0,0,0,0,0,1,0,0,0,1,1,False,False,MISTER SIOMAI ATBP
zeb fashion boutique 9685856392,0,0,0,0,0,0,0,1,0,0,0,0,1,1,False,False,ZEB FASHION BOUTIQUE 9685856392
mobile circuit,0,0,1,0,0,0,0,0,0,0,0,0,1,1,False,False,Mobile Circuit
yoshimeatsu,0,0,0,0,0,1,0,0,0,0,0,0,1,1,False,False,Yoshimeatsu
yssabelle aesthetics and wellness,0,1,0,0,0,0,0,0,0,0,0,0,1,1,False,False,YSSABELLE AESTHETICS AND WELLNESS
ysa dermatology & dentistry,0,0,0,0,0,0,0,1,0,0,0,0,1,1,False,False,Ysa Dermatology & Dentistry
ysa skin & body experts,0,0,0,0,0,0,0,1,0,0,0,0,1,1,False,False,Ysa Skin & Body Experts
ysa skin and body experts,0,0,1,0,0,0,0,0,0,0,0,0,1,1,False,False,Ysa Skin And Body Experts
ysa skin care,0,0,0,0,0,0,0,1,0,0,0,0,1,1,False,False,Ysa Skin Care
moms ube choco champorado,0,0,0,0,0,0,0,1,0,0,0,0,1,1,False,False,MOMS UBE-CHOCO CHAMPORADO
moms ube and triple chocolate champorado,0,0,0,0,0,0,0,1,0,0,0,0,1,1,False,False,MOM'S UBE AND TRIPLE CHOCOLATE CHAMPORADO
ysa skin care center dermatology dentistry,0,0,0,0,0,1,0,0,0,0,0,0,1,1,False,False,Ysa Skin Care Center Dermatology - Dentistry
ysabela drink corner,0,0,0,0,0,0,0,0,0,0,0,1,1,1,False,False,YSABELA DRINK CORNER
momoyo ice cream & iced coffee,0,0,0,0,0,0,0,1,0,0,0,0,1,1,False,False,Momoyo Ice Cream & Iced Coffee
ysl fragrance,0,0,0,0,0,1,0,0,0,0,0,0,1,1,False,False,YSL Fragrance
ysobel art gallery,0,1,0,0,0,0,0,0,0,0,0,0,1,1,False,False,YSOBEL ART GALLERY
ystilo,0,0,0,0,0,0,1,0,0,0,0,0,1,1,False,False,Ystilo
monarch montage skin science and medical aesthetics,0,0,1,0,0,0,0,0,0,0,0,0,1,1,False,False,Monarch Montage Skin Science And Medical Aesthetics
ytelcom,0,0,0,0,1,0,0,0,0,0,0,0,1,1,False,False,Ytelcom
momo cart,0,0,0,0,0,0,0,1,0,0,0,0,1,1,False,False,Momo Cart
mommas fresh lumpia,0,0,0,0,0,0,0,0,1,0,0,0,1,1,False,False,MOMMAS FRESH LUMPIA
mom ube choco champorado,0,0,0,0,0,0,0,1,0,0,0,0,1,1,False,False,MOM' UBE CHOCO CHAMPORADO
mom czes pares mami house,0,0,0,0,0,0,0,1,0,0,0,0,1,1,False,False,Mom Cze's Pares Mami House
yucca wellness spa,0,0,0,0,0,0,0,0,1,0,0,0,1,1,False,False,YUCCA WELLNESS SPA
yummy,0,0,0,0,1,0,0,0,0,0,0,0,1,1,False,False,Yummy
molino grill,0,0,0,0,0,0,0,1,0,0,0,0,1,1,False,False,Molino Grill
yummy niku,0,0,0,0,0,0,0,0,1,0,0,0,1,1,False,False,YUMMY NIKU
moi s empanada,0,0,0,0,1,0,0,0,0,0,0,0,1,1,False,False,Moi\'s Empanada
moderna,0,0,0,0,0,1,0,0,0,0,0,0,1,1,False,False,Moderna
yrys,0,0,0,0,0,0,0,0,1,0,0,0,1,1,False,False,YRYS
mondae,0,0,0,0,0,0,0,0,1,0,0,0,1,1,False,False,MONDAE
modern shang and fish & co,0,0,0,0,0,0,0,1,0,0,0,0,1,1,False,False,Modern Shang and Fish & Co
mons takuyaki japanese food cart,0,0,0,0,0,0,0,0,1,0,0,0,1,1,False,False,MONS TAKUYAKI JAPANESE FOOD CART
montesa medical group aesthetic center,0,1,0,0,0,0,0,0,0,0,0,0,1,1,False,False,MONTESA MEDICAL GROUP AESTHETIC CENTER
monters siomai,0,0,0,0,0,0,0,1,0,0,0,0,1,1,False,False,MONTERS SIOMAI
monteal money changer,0,0,0,0,0,1,0,0,0,0,0,0,1,1,False,False,Monteal Money Changer
montblanc,0,1,0,0,0,0,0,0,0,0,0,0,1,1,False,False,MONTBLANC
mont blanc,0,0,0,0,0,0,0,1,0,0,0,0,1,1,False,False,Mont-Blanc
young artist studio,0,0,0,0,0,0,1,0,0,0,0,0,1,1,False,False,Young Artist Studio
younglim,0,0,0,0,0,0,0,0,1,0,0,0,1,1,False,False,YOUNGLIM
monster radio,0,0,0,0,1,0,0,0,0,0,0,0,1,1,False,False,Monster Radio
your dental place,0,0,0,0,0,1,0,0,0,0,0,0,1,1,False,False,Your Dental Place
your eyewear specialist,0,0,0,1,0,0,0,0,0,0,0,0,1,1,False,False,Your Eyewear Specialist
yowell all you can,0,0,0,0,0,0,0,0,1,0,0,0,1,1,False,False,YOWELL ALL YOU CAN
mono mansion,0,0,0,0,0,0,0,0,1,0,0,0,1,1,False,False,MONO MANSION
money changer,0,0,0,0,0,0,0,1,0,0,0,0,1,1,False,False,Money Changer
yoyi,0,0,0,0,0,0,0,0,1,0,0,0,1,1,False,False,YOYI
yoyis cakes & pastries,0,0,0,0,0,0,0,1,0,0,0,0,1,1,False,False,Yoyi's Cakes & Pastries
mono echelon,0,0,0,0,1,0,0,0,0,0,0,0,1,1,False,False,Mono / Echelon
monki,0,0,0,0,0,0,0,0,1,0,0,0,1,1,False,False,MONKI
monkey grounds coffee,0,0,0,0,0,1,0,0,0,0,0,0,1,1,False,False,Monkey Grounds Coffee
monicas handicrafts,0,0,0,0,0,0,0,0,1,0,0,0,1,1,False,False,MONICAS HANDICRAFTS
monicas apartment laundry room,0,0,0,0,0,1,0,0,0,0,0,0,1,1,False,False,Monica's Apartment Laundry Room
mongolian stir fried noodles,0,0,0,0,0,0,0,1,0,0,0,0,1,1,False,False,MONGOLIAN STIR FRIED NOODLES
yoyis pastries and desserts,0,0,0,0,0,0,0,1,0,0,0,0,1,1,False,False,Yoyi's Pastries and Desserts
money xpress,0,0,0,0,0,1,0,0,0,0,0,0,1,1,False,False,Money Xpress
yoyong palima photography,0,0,0,0,1,0,0,0,0,0,0,0,1,1,False,False,Yoyong Palima Photography
modern smiles,0,0,0,0,0,0,0,0,1,0,0,0,1,1,False,False,MODERN SMILES
yummy panghimagas,0,0,0,0,0,0,0,0,1,0,0,0,1,1,False,False,YUMMY PANGHIMAGAS
zcc mobile,0,0,0,0,1,0,0,0,0,0,0,0,1,1,False,False,ZCC Mobile
mobile networks,0,0,0,0,1,0,0,0,0,0,0,0,1,1,False,False,Mobile Networks
mobile tech ave,0,0,0,0,0,0,0,0,1,0,0,0,1,1,False,False,MOBILE TECH AVE
zaki potato fries avenue,0,0,0,0,0,0,0,0,1,0,0,0,1,1,False,False,ZAKI POTATO FRIES AVENUE
zakka,0,0,1,0,0,0,0,0,0,0,0,0,1,1,False,False,Zakka
zamin,0,0,0,0,0,0,0,1,0,0,0,0,1,1,False,False,Zamin
zamin exchange,0,0,0,0,0,0,0,1,0,0,0,0,1,1,False,False,Zamin Exchange
mobile shop,0,1,0,0,0,0,0,0,0,0,0,0,1,1,False,False,MOBILE SHOP
mobile shield,0,0,0,0,0,0,0,0,1,0,0,0,1,1,False,False,MOBILE SHIELD
zandys goodies 9685728514,0,0,0,0,0,0,0,1,0,0,0,0,1,1,False,False,ZANDY'S GOODIES 9685728514
mobile place,0,0,0,0,0,0,0,0,1,0,0,0,1,1,False,False,MOBILE PLACE
zao,0,0,0,0,0,0,1,0,0,0,0,0,1,1,False,False,ZAO
mobile outfitters,0,0,0,0,0,1,0,0,0,0,0,0,1,1,False,False,Mobile Outfitters
zar clothing collection,0,0,0,0,0,0,0,0,0,0,0,1,1,1,False,False,ZAR CLOTHING COLLECTION
mobile to go,0,0,0,0,0,0,1,0,0,0,0,0,1,1,False,False,Mobile To Go
zara s travel,0,0,0,0,1,0,0,0,0,0,0,0,1,1,False,False,Zara\'s Travel
zarah fashion boutique argentee,0,0,0,0,0,0,0,0,0,0,0,1,1,1,False,False,ZARAH FASHION BOUTIQUE ARGENTEE
mobile g mik,0,0,0,0,0,0,0,0,1,0,0,0,1,1,False,False,MOBILE G-MIK
zarah juan,0,1,0,0,0,0,0,0,0,0,0,0,1,1,False,False,ZARAH JUAN
zaras travel & tour cebu pacific,0,0,0,0,0,0,0,1,0,0,0,0,1,1,False,False,Zara's Travel & Tour - Cebu pacific
zarks,0,0,0,0,0,1,0,0,0,0,0,0,1,1,False,False,Zark's
zatazza cafe,0,0,0,0,0,0,0,1,0,0,0,0,1,1,False,False,Zatazza Cafe
mobile extras,0,0,0,0,0,0,0,1,0,0,0,0,1,1,False,False,Mobile Extras
zaxy,0,0,0,0,0,0,0,0,1,0,0,0,1,1,False,False,ZAXY
zayre medical supplies,0,0,0,0,0,0,0,1,0,0,0,0,1,1,False,False,Zayre Medical Supplies
mobile core,0,0,0,0,0,0,0,0,1,0,0,0,1,1,False,False,MOBILE CORE
zaine cosmetics,0,0,0,0,0,0,0,0,0,1,0,0,1,1,False,False,ZAINE COSMETICS
zaigold,0,0,0,0,0,0,1,0,0,0,0,0,1,1,False,False,Zaigold
modern pet,0,0,0,0,0,1,0,0,0,0,0,0,1,1,False,False,Modern Pet
yvan,0,0,0,0,0,0,0,1,0,0,0,0,1,1,False,False,YVAN
modern optics and eye center,0,0,0,0,0,0,0,0,1,0,0,0,1,1,False,False,MODERN OPTICS AND EYE CENTER
modern optics,0,0,0,0,0,0,0,0,1,0,0,0,1,1,False,False,MODERN OPTICS
modern gadgets,0,0,1,0,0,0,0,0,0,0,0,0,1,1,False,False,Modern Gadgets
modern dental studio,0,0,0,0,0,1,0,0,0,0,0,0,1,1,False,False,Modern Dental Studio
yummy treats,0,0,0,0,0,0,0,1,0,0,0,0,1,1,False,False,YUMMY TREATS
modern bamboo,0,0,0,0,0,0,0,0,1,0,0,0,1,1,False,False,MODERN BAMBOO
yuvolt,0,0,0,0,0,0,0,0,1,0,0,0,1,1,False,False,YUVOLT
modbed,0,0,0,0,0,0,1,0,0,0,0,0,1,1,False,False,modbed
mod audio ph,0,0,0,0,0,0,0,0,1,0,0,0,1,1,False,False,MOD AUDIO PH
mochi mama,0,0,0,0,0,0,0,0,1,0,0,0,1,1,False,False,MOCHI MAMA
mobteq,0,0,0,0,0,0,0,0,1,0,0,0,1,1,False,False,MOBTEQ
yves rocher france,0,0,1,0,0,0,0,0,0,0,0,0,1,1,False,False,Yves Rocher France
mobile works,0,0,0,0,0,0,0,0,1,0,0,0,1,1,False,False,MOBILE WORKS
z and z print labs,0,0,0,0,0,0,0,0,1,0,0,0,1,1,False,False,Z AND Z PRINT LABS
za wrap food express,0,0,0,0,0,0,0,0,1,0,0,0,1,1,False,False,ZA-WRAP FOOD EXPRESS
zabroso pizza & pasta,0,0,0,0,0,0,0,0,1,0,0,0,1,1,False,False,ZABROSO PIZZA & PASTA
zachasia,0,0,1,0,0,0,0,0,0,0,0,0,1,1,False,False,Zachasia
mobistar cellphone and accessories,0,0,0,0,0,0,0,1,0,0,0,0,1,1,False,False,MOBISTAR CELLPHONE AND ACCESSORIES
zachys sweetreats pastillas collection,0,0,0,0,0,0,0,0,1,0,0,0,1,1,False,False,ZACHYS SWEETREATS PASTILLAS COLLECTION
mobility scooter kiosk,0,0,0,0,0,0,0,1,0,0,0,0,1,1,False,False,MOBILITY SCOOTER KIOSK
zagu exterior,0,0,0,0,0,0,0,0,0,1,0,0,1,1,False,False,ZAGU EXTERIOR
mobilinks,0,0,0,0,0,0,0,1,0,0,0,0,1,1,False,False,MOBILINKS
zagu foods gf,0,0,0,0,0,0,0,0,0,1,0,0,1,1,False,False,ZAGU FOODS GF
zagu potato corner,0,0,0,0,0,0,0,0,0,0,0,1,1,1,False,False,ZAGU POTATO CORNER
world harvest church,0,1,0,0,0,0,0,0,0,0,0,0,1,1,False,False,WORLD HARVEST CHURCH
world coffee,0,0,1,0,0,0,0,0,0,0,0,0,1,1,False,False,World Coffee
my gems,0,0,0,0,0,0,1,0,0,0,0,0,1,1,False,False,My Gems
nomikai gastropub,0,0,0,0,0,0,0,1,0,0,0,0,1,1,False,False,Nomikai Gastropub
vsing philippines,0,0,0,0,0,1,0,0,0,0,0,0,1,1,False,False,VSing Philippines
vuddy vuddy,0,0,0,0,0,0,0,0,1,0,0,0,1,1,False,False,VUDDY VUDDY
noodle house exhibit,0,0,0,0,0,0,0,0,1,0,0,0,1,1,False,False,NOODLE HOUSE EXHIBIT
noodle house 0917 862 4055,0,0,0,0,0,0,0,1,0,0,0,0,1,1,False,False,NOODLE HOUSE 0917 862 4055
vvt,0,0,0,0,0,0,0,1,0,0,0,0,1,1,False,False,VVT
vxi global holdings,0,0,0,0,0,0,0,1,0,0,0,0,1,1,False,False,VXI GLOBAL HOLDINGS
nonnas pasta & pizzeria,0,1,0,0,0,0,0,0,0,0,0,0,1,1,False,False,NONNA'S PASTA & PIZZERIA
nonki japanese restaurant,0,0,0,0,0,0,0,0,1,0,0,0,1,1,False,False,NONKI JAPANESE RESTAURANT
waffle 101,0,0,0,0,0,0,0,0,1,0,0,0,1,1,False,False,WAFFLE 101
noms,0,0,0,0,0,0,0,0,1,0,0,0,1,1,False,False,NOMS
nomikashi,0,0,0,0,0,0,0,0,1,0,0,0,1,1,False,False,NOMIKASHI
waffle fun,0,0,0,0,0,0,0,0,0,0,0,1,1,1,False,False,WAFFLE FUN
noodles everyday,0,0,0,0,0,1,0,0,0,0,0,0,1,1,False,False,Noodles Everyday
noahs petsmart,0,1,0,0,0,0,0,0,0,0,0,0,1,1,False,False,NOAH'S PETSMART
waffle mate,0,0,0,0,0,0,0,0,1,0,0,0,1,1,False,False,WAFFLE MATE
waffle time 9954641325,0,0,0,0,0,0,0,1,0,0,0,0,1,1,False,False,Waffle Time 9954641325
wafflehaus,0,0,0,0,0,0,0,1,0,0,0,0,1,1,False,False,Wafflehaus
wagas crafts,0,1,0,0,0,0,0,0,0,0,0,0,1,1,False,False,WAGAS CRAFTS
wagyu,0,0,0,0,0,1,0,0,0,0,0,0,1,1,False,False,Wagyu
wai ying dimsum,0,0,0,0,0,1,0,0,0,0,0,0,1,1,False,False,Wai Ying Dimsum
no strips salon 0907 509 7345,0,0,0,0,0,0,0,1,0,0,0,0,1,1,False,False,NO STRIPS SALON 0907-509-7345
wakuland exhibit,0,0,0,0,0,0,0,0,0,0,0,1,1,1,False,False,WAKULAND EXHIBIT
no problem stk,0,0,0,0,0,0,0,0,1,0,0,0,1,1,False,False,NO PROBLEM STK
no problem lets go bingo,0,0,0,0,0,0,0,1,0,0,0,0,1,1,False,False,No Problem Lets Go Bingo
vryrus gsm ent,0,0,0,0,0,0,0,1,0,0,0,0,1,1,False,False,Vryrus GSM Ent.
noon talk,0,0,0,0,0,0,0,0,1,0,0,0,1,1,False,False,NOON TALK
no brand,0,1,0,0,0,0,0,0,0,0,0,0,1,1,False,False,NO BRAND
norsaimah,0,0,0,0,0,0,0,1,0,0,0,0,1,1,False,False,Norsaimah
notary public,0,0,0,0,0,0,0,1,0,0,0,0,1,1,False,False,Notary Public
not just silver,0,0,0,0,0,0,0,1,0,0,0,0,1,1,False,False,Not Just Silver
not for lease,0,0,0,0,0,0,0,0,0,0,0,1,1,1,False,False,NOT FOR LEASE
vivre medical group,0,0,0,0,0,0,0,0,1,0,0,0,1,1,False,False,THE VIVRE MEDICAL GROUP
nostalgia kings silver,0,0,0,0,0,0,0,0,0,0,0,1,1,1,False,False,NOSTALGIA KINGS SILVER
nose boop,0,0,0,0,0,1,0,0,0,0,0,0,1,1,False,False,Nose Boop
north tech,0,0,0,0,0,0,0,0,1,0,0,0,1,1,False,False,NORTH TECH
vloved,0,0,0,0,0,0,0,1,0,0,0,0,1,1,False,False,VLOVED
vmaxx cellphone & accessories shop,0,0,0,0,0,0,0,0,0,0,1,0,1,1,False,False,VMAXX Cellphone & Accessories Shop
north dental clinic,0,0,0,0,0,0,0,0,1,0,0,0,1,1,False,False,NORTH DENTAL CLINIC
north brew,0,0,0,0,0,0,0,0,1,0,0,0,1,1,False,False,NORTH BREW
nors footwear,0,0,0,0,0,0,0,1,0,0,0,0,1,1,False,False,NORS FOOTWEAR
vq smart,0,0,0,0,0,0,0,0,1,0,0,0,1,1,False,False,VQ - SMART
nori san,0,0,0,0,0,0,0,0,1,0,0,0,1,1,False,False,NORI-SAN
voice,0,0,0,0,0,0,0,1,0,0,0,0,1,1,False,False,Voice
voice solutions,0,0,0,0,0,0,0,0,0,1,0,0,1,1,False,False,VOICE SOLUTIONS
nords bread hub,0,0,0,0,0,0,0,0,1,0,0,0,1,1,False,False,NORDS BREAD HUB
noralyns beauty product,0,0,0,0,0,0,0,0,0,0,0,1,1,1,False,False,NORALYN'S BEAUTY PRODUCT
nora salon,0,0,0,0,0,0,0,1,0,0,0,0,1,1,False,False,Nora Salon
vonel salon and spa,0,1,0,0,0,0,0,0,0,0,0,0,1,1,False,False,VONEL SALON AND SPA
noontalk nail lounge,0,0,0,0,0,0,0,1,0,0,0,0,1,1,False,False,NOONTALK NAIL LOUNGE
noonsaram korean cafe,0,0,0,0,0,0,0,0,1,0,0,0,1,1,False,False,NOONSARAM KOREAN CAFE
vpharma 9493526427,0,0,0,0,0,0,0,1,0,0,0,0,1,1,False,False,VPHARMA 9493526427
vpower accessories,0,0,0,0,1,0,0,0,0,0,0,0,1,1,False,False,Vpower Accessories
no curfew,0,0,0,0,0,0,0,0,1,0,0,0,1,1,False,False,NO CURFEW
no bad days coffee,0,0,0,0,0,1,0,0,0,0,0,0,1,1,False,False,No Bad Days Coffee
nouveau skin clinic,0,1,0,0,0,0,0,0,0,0,0,0,1,1,False,False,NOUVEAU SKIN CLINIC
watch empire,0,0,0,0,0,0,1,0,0,0,0,0,1,1,False,False,Watch Empire
washore laundry shop,0,0,0,0,0,0,0,0,1,0,0,0,1,1,False,False,WASHORE LAUNDRY SHOP
wat pho,0,0,0,0,0,0,0,1,0,0,0,0,1,1,False,False,WAT PHO
nikkei,0,0,0,0,0,0,0,0,1,0,0,0,1,1,False,False,NIKKEI
nike zone,0,0,0,0,0,0,0,1,0,0,0,0,1,1,False,False,Nike Zone
nike sports center,0,1,0,0,0,0,0,0,0,0,0,0,1,1,False,False,NIKE SPORTS CENTER
nike outlet,0,0,0,0,0,0,1,0,0,0,0,0,1,1,False,False,Nike Outlet
watami grill sushi bar,0,0,0,0,0,0,0,0,1,0,0,0,1,1,False,False,WATAMI GRILL SUSHI BAR
nihonkai tsukiji,0,0,0,0,0,1,0,0,0,0,0,0,1,1,False,False,Nihonkai Tsukiji
nightshade cocktails & spirits,0,0,0,0,0,1,0,0,0,0,0,0,1,1,False,False,Nightshade Cocktails & Spirits
watami japanese restaurant,0,0,0,0,0,0,0,0,1,0,0,0,1,1,False,False,WATAMI JAPANESE RESTAURANT
watch ceantral,0,0,0,0,0,0,0,1,0,0,0,0,1,1,False,False,WATCH CEANTRAL
nids binalot,0,0,0,0,0,0,0,1,0,0,0,0,1,1,False,False,Nid's Binalot
washin where,0,0,0,0,0,0,0,0,1,0,0,0,1,1,False,False,WASHIN WHERE
nicoletti home,0,0,0,0,0,1,0,0,0,0,0,0,1,1,False,False,Nicoletti Home
nicolette bakery cafe,0,0,0,0,0,0,0,0,1,0,0,0,1,1,False,False,NICOLETTE BAKERY CAFE
nicole gadgets,0,0,0,0,0,0,1,0,0,0,0,0,1,1,False,False,Nicole Gadgets
nicks,0,0,0,0,0,0,0,0,1,0,0,0,1,1,False,False,NICKS
nichomart,0,0,0,0,0,0,0,1,0,0,0,0,1,1,False,False,Nichomart
nice day carwash,0,0,0,0,0,0,0,0,0,1,0,0,1,1,False,False,NICE DAY CARWASH
ngohiong express,0,1,0,0,0,0,0,0,0,0,0,0,1,1,False,False,NGOHIONG EXPRESS
ngitiann dental clinic,0,0,0,0,0,0,0,0,0,0,0,1,1,1,False,False,Ngitiann Dental Clinic
ngenius it hub,0,0,0,0,0,0,0,0,1,0,0,0,1,1,False,False,NGENIUS IT HUB
watch station,0,0,0,0,1,0,0,0,0,0,0,0,1,1,False,False,Watch Station
newtopia,0,0,0,0,0,0,0,1,0,0,0,0,1,1,False,False,Newtopia
nikola moto,0,0,0,0,0,0,0,0,1,0,0,0,1,1,False,False,NIKOLA MOTO
wash up,0,1,0,0,0,0,0,0,0,0,0,0,1,1,False,False,WASH UP
no 1 malatang,0,0,0,0,0,0,1,0,0,0,0,0,1,1,False,False,No.1 Malatang
nitro 7 coffee tea bar,0,0,0,0,0,0,0,0,1,0,0,0,1,1,False,False,NITRO 7 COFFEE TEA BAR
waling flowers,0,1,0,0,0,0,0,0,0,0,0,0,1,1,False,False,WALING FLOWERS
walker,1,0,0,0,0,0,0,0,0,0,0,0,1,1,False,False,WALKER
nn photo kodak,0,0,0,0,0,0,0,0,0,0,0,1,1,1,False,False,NN PHOTO/KODAK
nmb kiosk,0,0,0,0,0,0,0,0,0,0,0,1,1,1,False,False,NMB KIOSK
walkstar shop rtr,0,0,0,0,0,0,0,1,0,0,0,0,1,1,False,False,Walkstar Shop RTR (Res-Toe-Run)
njb printing & souvenir shop,0,0,0,0,0,0,0,0,0,0,1,0,1,1,False,False,NJB PRINTING & SOUVENIR SHOP
nj fashion,0,0,0,0,1,0,0,0,0,0,0,0,1,1,False,False,NJ Fashion
wally magic,0,0,0,0,1,0,0,0,0,0,0,0,1,1,False,False,Wally Magic
niya claw machine,0,0,0,0,0,0,0,1,0,0,0,0,1,1,False,False,NIYA CLAW MACHINE
waltermart cinema,0,0,0,0,0,0,0,0,0,0,1,0,1,1,False,False,WalterMart Cinema
wam skin clinic and medical spa,0,0,1,0,0,0,0,0,0,0,0,0,1,1,False,False,Wam Skin Clinic And Medical Spa
nitro 7 coffee 9395400418,0,0,0,0,0,0,0,1,0,0,0,0,1,1,False,False,Nitro 7 Coffee 9395400418
ninetygo,0,0,0,0,0,0,0,0,1,0,0,0,1,1,False,False,NINETYGO
nitro 7 coffee,0,0,0,0,0,0,1,0,0,0,0,0,1,1,False,False,Nitro 7 Coffee
nitro 7,0,0,0,0,0,0,0,0,1,0,0,0,1,1,False,False,NITRO 7
nitori,0,0,1,0,0,0,0,0,0,0,0,0,1,1,False,False,Nitori
nissan showroom,0,0,0,0,0,0,0,1,0,0,0,0,1,1,False,False,NISSAN SHOWROOM
nissan car display,0,0,0,0,0,0,0,1,0,0,0,0,1,1,False,False,Nissan Car Display
wasei care,0,0,0,0,0,0,0,1,0,0,0,0,1,1,False,False,Wasei Care
niseko coffee,0,0,0,0,0,0,1,0,0,0,0,0,1,1,False,False,Niseko Coffee
wash & wear,0,0,0,0,0,0,0,1,0,0,0,0,1,1,False,False,WASH & WEAR
nisce skin medispa,0,0,0,0,0,0,0,0,1,0,0,0,1,1,False,False,NISCE SKIN MEDISPA
nisce skin clinic,0,0,0,0,0,0,0,1,0,0,0,0,1,1,False,False,NISCE SKIN CLINIC (0930-648-9600)
wash n wear 9669776715,0,0,0,0,0,0,0,1,0,0,0,0,1,1,False,False,Wash N' Wear 9669776715
nothing but laundry,0,0,0,0,0,1,0,0,0,0,0,0,1,1,False,False,Nothing But Laundry
nova skin,0,0,0,0,0,0,1,0,0,0,0,0,1,1,False,False,Nova Skin
world chicken house,0,0,0,0,0,0,0,0,1,0,0,0,1,1,False,False,WORLD CHICKEN HOUSE
villarica,0,0,0,0,0,0,1,0,0,0,0,0,1,1,False,False,Villarica
octo takoyaki,0,0,0,0,0,0,0,1,0,0,0,0,1,1,False,False,OCTO TAKOYAKI
octavians rtw surplus mega cellular network inc,0,0,0,0,0,0,0,0,0,0,0,1,1,1,False,False,"OCTAVIAN'S RTW SURPLUS MEGA CELLULAR NETWORK, INC"
vilcrafty handicraft,1,0,0,0,0,0,0,0,0,0,0,0,1,1,False,False,VILCRAFTY HANDICRAFT
octagon computer shop,0,0,0,0,0,0,0,1,0,0,0,0,1,1,False,False,OCTAGON COMPUTER SHOP
octagon al obied,0,0,0,0,0,0,0,0,0,0,0,1,1,1,False,False,Octagon AL - OBIED
village art gallery,0,1,0,0,0,0,0,0,0,0,0,0,1,1,False,False,VILLAGE ART GALLERY
villalon padron dental clinic and dental laboratory,0,0,0,0,0,0,0,0,1,0,0,0,1,1,False,False,VILLALON-PADRON DENTAL CLINIC AND DENTAL LABORATORY
ochie,0,0,0,0,0,0,1,0,0,0,0,0,1,1,False,False,Ochie
ochado,0,0,1,0,0,0,0,0,0,0,0,0,1,1,False,False,Ochado
oceannail nail and lashes salon,0,1,0,0,0,0,0,0,0,0,0,0,1,1,False,False,OCEANNAIL NAIL AND LASHES SALON
ocean seafood restaurant,0,0,0,0,0,0,0,0,1,0,0,0,1,1,False,False,OCEAN SEAFOOD RESTAURANT
villarosa creations,0,0,0,0,0,0,0,0,1,0,0,0,1,1,False,False,VILLAROSA CREATIONS
octoboy unli wagyu and seafood grill,0,0,0,0,0,0,0,0,1,0,0,0,1,1,False,False,OCTOBOY UNLI WAGYU AND SEAFOOD GRILL
occupational safety and health center,0,1,0,0,0,0,0,0,0,0,0,0,1,1,False,False,OCCUPATIONAL SAFETY AND HEALTH CENTER
occassions,0,1,0,0,0,0,0,0,0,0,0,0,1,1,False,False,OCCASSIONS
occassion gift shop,1,0,0,0,0,0,0,0,0,0,0,0,1,1,False,False,OCCASSION GIFT SHOP
vincent hobby shop,0,0,1,0,0,0,0,0,0,0,0,0,1,1,False,False,Vincent Hobby Shop
ocampos fine jewellery,0,0,0,0,0,0,0,1,0,0,0,0,1,1,False,False,Ocampo's Fine Jewellery
vincents hobby shop,1,0,0,0,0,0,0,0,0,0,0,0,1,1,False,False,VINCENT'S HOBBY SHOP
obrang pilipino,0,0,0,0,0,0,0,0,1,0,0,0,1,1,False,False,OBRANG PILIPINO
vinci medical aesthetics,0,0,1,0,0,0,0,0,0,0,0,0,1,1,False,False,Vinci Medical Aesthetics
vinfast,0,0,0,0,0,0,0,1,0,0,0,0,1,1,False,False,VINFAST
vintage photo booth,0,0,0,0,0,0,0,1,0,0,0,0,1,1,False,False,Vintage Photo Booth
vintage restore,0,0,0,0,0,0,0,0,1,0,0,0,1,1,False,False,VINTAGE RESTORE
viktor jeans,0,1,0,0,0,0,0,0,0,0,0,0,1,1,False,False,VIKTOR JEANS
vikings venue,0,0,0,0,0,0,0,0,1,0,0,0,1,1,False,False,VIKINGS VENUE
vintage vision international,0,0,0,0,0,0,0,1,0,0,0,0,1,1,False,False,Vintage Vision International
office,0,0,0,0,0,0,1,0,0,0,0,0,1,1,False,False,The Office
victorious one,0,0,0,0,0,0,0,0,0,0,0,1,1,1,False,False,VICTORIOUS ONE
ogetsu hime,0,0,0,0,0,0,0,0,1,0,0,0,1,1,False,False,OGETSU HIME
ogawa japanese restaurant,0,0,0,0,0,1,0,0,0,0,0,0,1,1,False,False,Ogawa Japanese Restaurant
ogawa 8571 0812,0,0,0,0,0,0,0,1,0,0,0,0,1,1,False,False,OGAWA 8571-0812
victory,0,0,0,0,0,0,0,1,0,0,0,0,1,1,False,False,VICTORY
ofixph,0,0,0,0,0,0,0,0,1,0,0,0,1,1,False,False,OFIXPH
officine universelle buly,0,1,0,0,0,0,0,0,0,0,0,0,1,1,False,False,OFFICINE UNIVERSELLE BULY
victory christian fellowship 0977 806 6323,0,0,0,0,0,0,0,1,0,0,0,0,1,1,False,False,Victory Christian Fellowship 0977-806-6323
officepartners 360 inc,0,0,0,0,0,0,0,0,1,0,0,0,1,1,False,False,OFFICEPARTNERS 360 INC
office of the city prosecutor,0,0,1,0,0,0,0,0,0,0,0,0,1,1,False,False,Office Of The City Prosecutor
office ergonomics,0,0,1,0,0,0,0,0,0,0,0,0,1,1,False,False,Office Ergonomics
off price el torogi,0,0,0,0,0,0,0,0,0,0,0,1,1,1,False,False,"OFF PRICE, EL TOROGI"
od cafe express,0,0,0,0,0,0,0,1,0,0,0,0,1,1,False,False,OD CAFE EXPRESS
odz whitening beauty products,0,0,0,0,0,0,0,1,0,0,0,0,1,1,False,False,ODZ Whitening Beauty Products
odyssey driving school,0,0,0,0,0,0,0,0,1,0,0,0,1,1,False,False,ODYSSEY DRIVING SCHOOL
victory churches of asia,0,0,0,0,0,0,0,0,0,1,0,0,1,1,False,False,VICTORY CHURCHES OF ASIA
odysseus suarez wedding rings 9451382492,0,0,0,0,0,0,0,1,0,0,0,0,1,1,False,False,ODYSSEUS SUAREZ WEDDING RINGS 9451382492
victory of althea travels & tours,0,0,0,0,0,0,0,1,0,0,0,0,1,1,False,False,VICTORY OF ALTHEA TRAVELS & TOURS
videotel 1,0,0,0,0,1,0,0,0,0,0,0,0,1,1,False,False,Videotel 1
oden house of pearl,0,0,0,0,0,0,0,1,0,0,0,0,1,1,False,False,ODEN HOUSE OF PEARL
viennes treasure fine jewelry,0,0,0,0,0,0,0,0,1,0,0,0,1,1,False,False,VIENNES TREASURE FINE JEWELRY
viewers telecom,0,0,0,0,0,0,0,0,1,0,0,0,1,1,False,False,VIEWERS TELECOM
vikings luxury buffet 8845 4647,0,0,0,0,0,0,0,1,0,0,0,0,1,1,False,False,VIKINGS LUXURY BUFFET (02) 8845-4647
oddballs,0,0,1,0,0,0,0,0,0,0,0,0,1,1,False,False,Oddballs
vintage vision,0,0,0,0,0,0,0,1,0,0,0,0,1,1,False,False,Vintage Vision
o2 wellness k beauty,0,0,0,0,0,1,0,0,0,0,0,0,1,1,False,False,O2 Wellness K-Beauty
viviers blooms,0,0,0,0,0,0,0,0,1,0,0,0,1,1,False,False,VIVIERS BLOOMS
nu fairview inc,0,0,0,0,0,0,0,0,1,0,0,0,1,1,False,False,NU FAIRVIEW INC
nullspace,0,0,0,0,0,1,0,0,0,0,0,0,1,1,False,False,Nullspace
nuggets foreign exchange services,0,0,0,0,0,0,0,1,0,0,0,0,1,1,False,False,NUGGETS FOREIGN EXCHANGE SERVICES
nude floor dance studio,0,1,0,0,0,0,0,0,0,0,0,0,1,1,False,False,NUDE FLOOR DANCE STUDIO
viseversa,0,1,0,0,0,0,0,0,0,0,0,0,1,1,False,False,VISEVERSA
nuat thai premier,0,0,0,0,0,0,0,0,1,0,0,0,1,1,False,False,NUAT THAI PREMIER
vision express counter,0,0,1,0,0,0,0,0,0,0,0,0,1,1,False,False,Vision Express Counter
vision hub,0,0,0,0,0,0,0,0,0,0,0,1,1,1,False,False,Vision Hub
vision link optical,0,0,0,0,0,0,0,0,0,0,0,1,1,1,False,False,VISION LINK OPTICAL
vision saver,0,0,0,0,0,0,0,0,0,0,0,1,1,1,False,False,VISION SAVER
vision worx,0,0,0,0,0,0,0,0,1,0,0,0,1,1,False,False,VISION WORX
visionpro clinic,0,0,0,0,0,1,0,0,0,0,0,0,1,1,False,False,VisionPro Clinic
visual sense,0,0,0,0,1,0,0,0,0,0,0,0,1,1,False,False,Visual Sense
visa center towards a brighter future,0,0,0,0,0,0,0,0,1,0,0,0,1,1,False,False,THE VISA CENTER TOWARDS A BRIGHTER FUTURE
nu bulacan inc,0,0,0,0,0,0,0,0,1,0,0,0,1,1,False,False,NU BULACAN INC
ntoys,0,0,0,0,0,0,1,0,0,0,0,0,1,1,False,False,Ntoys
nstyle nail beauty lounge,0,0,0,0,0,0,0,0,1,0,0,0,1,1,False,False,NSTYLE NAIL BEAUTY LOUNGE
vita bella bubble tea & coffee,0,0,0,0,0,0,0,1,0,0,0,0,1,1,False,False,VITA BELLA BUBBLE TEA & COFFEE
nsn dentalworks,0,0,0,0,0,0,0,0,1,0,0,0,1,1,False,False,NSN DENTALWORKS
nrl petgrooming pet shop,0,0,0,0,0,0,0,1,0,0,0,0,1,1,False,False,NRL PETGROOMING PET SHOP
vital skin hub,0,0,0,0,0,0,0,0,1,0,0,0,1,1,False,False,THE VITAL SKIN HUB
npower accessories,0,0,0,0,1,0,0,0,0,0,0,0,1,1,False,False,Npower Accessories
tong yang shabu shabu express,0,0,0,0,0,0,0,0,1,0,0,0,1,1,False,False,TONG YANG SHABU SHABU EXPRESS
vivaia,0,0,1,0,0,0,0,0,0,0,0,0,1,1,False,False,Vivaia
vivi,0,0,0,0,1,0,0,0,0,0,0,0,1,1,False,False,Vivi
number 1 barbeque,0,0,0,0,0,0,0,0,1,0,0,0,1,1,False,False,NUMBER 1 BARBEQUE
virtuous cafe,0,0,0,0,0,0,0,0,1,0,0,0,1,1,False,False,VIRTUOUS CAFE
o noodle,0,0,0,0,0,0,0,1,0,0,0,0,1,1,False,False,O' Noodle
nuts and bits,0,0,0,0,0,0,0,0,0,0,1,0,1,1,False,False,Nuts And Bits
o d c dental clinic co,0,1,0,0,0,0,0,0,0,0,0,0,1,1,False,False,O.D.C DENTAL CLINIC CO.
o banh mi,0,0,0,0,0,0,0,1,0,0,0,0,1,1,False,False,O BANH MI
vintage vision optical,0,0,0,0,0,0,0,1,0,0,0,0,1,1,False,False,Vintage Vision Optical
nyfd premiere,0,1,0,0,0,0,0,0,0,0,0,0,1,1,False,False,NYFD PREMIERE
vip cinema,0,0,0,1,0,0,0,0,0,0,0,0,1,1,False,False,VIP Cinema
nyc studio salon,0,0,0,0,0,0,0,0,1,0,0,0,1,1,False,False,NYC STUDIO SALON
vip optical ca exhibits,0,0,0,0,0,0,0,0,0,0,0,1,1,1,False,False,VIP OPTICAL CA EXHIBITS ( PROPERTY PRO )
ny buffalo brads hot wings,0,1,0,0,0,0,0,0,0,0,0,0,1,1,False,False,NY BUFFALO BRADS HOT WINGS
ny bagel by kates,0,1,0,0,0,0,0,0,0,0,0,0,1,1,False,False,NY BAGEL BY KATE'S
nuvera aesthetic,0,0,0,0,0,1,0,0,0,0,0,0,1,1,False,False,Nuvera Aesthetic
nutwater buko juice,0,0,0,0,1,0,0,0,0,0,0,0,1,1,False,False,Nutwater Buko Juice
viphone,0,1,0,0,0,0,0,0,0,0,0,0,1,1,False,False,VIPHONE
nurlikas pearl shoppe,0,1,0,0,0,0,0,0,0,0,0,0,1,1,False,False,NURLIKA'S PEARL SHOPPE
virgies homemade food products,0,1,0,0,0,0,0,0,0,0,0,0,1,1,False,False,VIRGIE'S HOMEMADE FOOD PRODUCTS
viro casa,0,1,0,0,0,0,0,0,0,0,0,0,1,1,False,False,VIRO CASA
virtu salon,0,0,0,0,0,0,0,1,0,0,0,0,1,1,False,False,Virtu Salon
nutriel,0,0,0,0,0,0,0,1,0,0,0,0,1,1,False,False,Nutriel
nutri health and beauty products trading,1,0,0,0,0,0,0,0,0,0,0,0,1,1,False,False,NUTRI HEALTH AND BEAUTY PRODUCTS TRADING
nutech solutions,0,0,0,0,0,0,0,0,1,0,0,0,1,1,False,False,NUTECH SOLUTIONS
nutech,0,1,0,0,0,0,0,0,0,0,0,0,1,1,False,False,NUTECH
nutcracker,0,0,0,0,0,0,0,0,1,0,0,0,1,1,False,False,THE NUTCRACKER
virtual station,0,0,0,0,0,0,1,0,0,0,0,0,1,1,False,False,Virtual Station
virtual world,0,0,0,0,0,0,0,0,1,0,0,0,1,1,False,False,VIRTUAL WORLD
nut water,0,0,0,0,1,0,0,0,0,0,0,0,1,1,False,False,Nut Water
newport cinemas,0,0,0,0,0,1,0,0,0,0,0,0,1,1,False,False,Newport Cinemas
newlife cellphone and accessories,0,0,0,0,0,0,0,0,1,0,0,0,1,1,False,False,NEWLIFE CELLPHONE AND ACCESSORIES
new your fries and dip,0,0,0,0,0,0,0,1,0,0,0,0,1,1,False,False,New Your Fries and Dip
wm gadget hub,0,0,0,0,0,0,0,0,1,0,0,0,1,1,False,False,WM GADGET HUB
wink,0,0,0,0,0,1,0,0,0,0,0,0,1,1,False,False,Wink
wipe out carwash,0,0,0,0,0,0,0,1,0,0,0,0,1,1,False,False,WIPE OUT CARWASH
wiredbox,0,0,0,0,0,0,1,0,0,0,0,0,1,1,False,False,Wiredbox
wireless,0,0,0,0,0,0,1,0,0,0,0,0,1,1,False,False,Wireless
wireless avenue,0,0,0,0,0,0,0,0,1,0,0,0,1,1,False,False,WIRELESS AVENUE
nail corner spa,0,0,0,0,0,0,0,0,1,0,0,0,1,1,False,False,NAIL CORNER SPA
witelcom,0,0,0,0,0,0,0,1,0,0,0,0,1,1,False,False,WITELCOM
wjf enterprise,0,0,1,0,0,0,0,0,0,0,0,0,1,1,False,False,Wjf Enterprise
wlp lucky charms,0,0,1,0,0,0,0,0,0,0,0,0,1,1,False,False,Wlp Lucky Charms
nai cha,0,0,0,0,0,0,0,0,1,0,0,0,1,1,False,False,NAI CHA
nagomi zakura,0,0,0,0,0,0,0,0,1,0,0,0,1,1,False,False,NAGOMI ZAKURA
naga optical,0,0,0,0,0,0,0,0,1,0,0,0,1,1,False,False,NAGA OPTICAL
nail s and hair salon,0,0,0,0,1,0,0,0,0,0,0,0,1,1,False,False,Nail\'s and Hair Salon
woffys fun express,0,0,0,0,0,0,0,1,0,0,0,0,1,1,False,False,Woffy's Fun Express
wok alley,0,0,0,0,0,0,0,0,1,0,0,0,1,1,False,False,WOK ALLEY
naduma,0,0,0,0,0,0,0,0,1,0,0,0,1,1,False,False,NADUMA
nadomi maki food house,0,0,0,0,0,0,0,0,1,0,0,0,1,1,False,False,NADOMI MAKI FOOD HOUSE
wok it food and beverage house,0,0,0,0,0,0,0,0,1,0,0,0,1,1,False,False,WOK IT FOOD AND BEVERAGE HOUSE
nadines medical clinic,0,0,0,0,0,0,0,1,0,0,0,0,1,1,False,False,Nadine's Medical Clinic
nadines a z driving academy,0,0,0,0,0,0,0,1,0,0,0,0,1,1,False,False,Nadine's A-Z Driving Academy
nadela dental clinic,0,0,0,0,0,0,0,0,1,0,0,0,1,1,False,False,NADELA DENTAL CLINIC
nadai fujisoba,0,0,0,0,0,0,0,0,1,0,0,0,1,1,False,False,NADAI FUJISOBA
wok man,0,0,0,0,1,0,0,0,0,0,0,0,1,1,False,False,Wok Man
wokman siomai,0,0,0,0,1,0,0,0,0,0,0,0,1,1,False,False,Wokman Siomai
wingyard,0,0,0,0,0,0,0,0,1,0,0,0,1,1,False,False,WINGYARD
wings wraps by aviesha,0,0,0,0,0,0,0,0,1,0,0,0,1,1,False,False,WINGS WRAPS BY AVIESHA
wolflink wood smoked sausage and meats,0,1,0,0,0,0,0,0,0,0,0,0,1,1,False,False,WOLFLINK WOOD SMOKED SAUSAGE AND MEATS
win88win,0,0,0,0,0,0,0,0,1,0,0,0,1,1,False,False,WIN88WIN
nailtensity,0,0,0,0,0,0,0,1,0,0,0,0,1,1,False,False,Nailtensity
wilda manalo,0,0,0,0,0,0,0,0,0,0,0,1,1,1,False,False,WILDA MANALO
nails toes spa,0,0,0,0,0,0,0,0,1,0,0,0,1,1,False,False,NAILS TOES SPA
wildflour,0,0,0,0,0,0,0,1,0,0,0,0,1,1,False,False,WILDFLOUR
nails solutions,0,0,0,0,0,0,0,1,0,0,0,0,1,1,False,False,Nails Solutions
wildflour cafe,0,0,0,0,0,1,0,0,0,0,0,0,1,1,False,False,Wildflour Cafe
wilson,0,0,1,0,0,0,0,0,0,0,0,0,1,1,False,False,Wilson
wiltelcom prestige,0,0,0,0,0,0,0,0,1,0,0,0,1,1,False,False,WILTELCOM PRESTIGE
wimpys,0,1,0,0,0,0,0,0,0,0,0,0,1,1,False,False,WIMPY’S
nails dot glow,0,0,0,0,0,1,0,0,0,0,0,0,1,1,False,False,Nails Dot Glow
win makati church,0,1,0,0,0,0,0,0,0,0,0,0,1,1,False,False,WIN MAKATI CHURCH
nailcrush,0,0,0,0,0,0,0,0,0,0,1,0,1,1,False,False,NailCrush
nail spa lounge by ellabell,0,0,0,0,0,0,0,1,0,0,0,0,1,1,False,False,NAIL SPA LOUNGE BY ELLABELL
windmills,0,0,0,0,1,0,0,0,0,0,0,0,1,1,False,False,Windmills
wine story,0,0,0,0,0,1,0,0,0,0,0,0,1,1,False,False,Wine Story
wing 2x korean chicken,0,0,0,0,0,0,0,0,1,0,0,0,1,1,False,False,WING 2X KOREAN CHICKEN
wing it,0,1,0,0,0,0,0,0,0,0,0,0,1,1,False,False,WING IT
winged potato,0,0,0,0,0,0,0,0,1,0,0,0,1,1,False,False,WINGED POTATO
wingers unlimited flavored wings,0,0,0,0,0,0,0,0,1,0,0,0,1,1,False,False,WINGERS UNLIMITED FLAVORED WINGS
wings and wraps,0,0,0,0,0,0,0,1,0,0,0,0,1,1,False,False,WINGS AND WRAPS
nail vitale,0,0,0,0,0,0,0,1,0,0,0,0,1,1,False,False,NAIL VITALE
nail tropics body shop,0,0,0,0,0,0,0,0,1,0,0,0,1,1,False,False,NAIL TROPICS BODY SHOP
wings gate travel & tours,0,0,0,0,0,1,0,0,0,0,0,0,1,1,False,False,Wings Gate Travel & Tours
nail story,0,0,0,0,0,0,0,0,1,0,0,0,1,1,False,False,NAIL STORY
wolflink,0,0,0,0,0,0,0,0,1,0,0,0,1,1,False,False,WOLFLINK
naclemons,0,0,0,0,0,0,0,1,0,0,0,0,1,1,False,False,Naclemons
watchline,0,0,0,0,0,0,0,1,0,0,0,0,1,1,False,False,Watchline
world balance & easy soft,0,1,0,0,0,0,0,0,0,0,0,0,1,1,False,False,WORLD BALANCE & EASY SOFT
woodnymph korean restaurant,0,0,0,0,0,0,0,0,1,0,0,0,1,1,False,False,WOODNYMPH KOREAN RESTAURANT
workplace cafe,0,1,0,0,0,0,0,0,0,0,0,0,1,1,False,False,WORKPLACE CAFE
my skin clinic,0,0,1,0,0,0,0,0,0,0,0,0,1,1,False,False,My Skin Clinic
my phone toyota,0,0,0,0,0,0,0,0,0,0,0,1,1,1,False,False,My Phone TOYOTA
workstation appliances,0,1,0,0,0,0,0,0,0,0,0,0,1,1,False,False,WORKSTATION APPLIANCES
my nail society,0,0,0,0,0,0,0,0,1,0,0,0,1,1,False,False,MY NAIL SOCIETY
my metroloading station,0,0,0,0,0,0,0,1,0,0,0,0,1,1,False,False,My Metroloading Station
workstation home,0,1,0,0,0,0,0,0,0,0,0,0,1,1,False,False,WORKSTATION HOME
my lavandera ka mini gem exhibit,0,0,0,0,0,0,0,0,0,0,0,1,1,1,False,False,MY LAVANDERA KA MINI GEM EXHIBIT (8)
my lash salon,0,1,0,0,0,0,0,0,0,0,0,0,1,1,False,False,MY LASH SALON
my laksa,0,0,0,0,0,0,0,0,1,0,0,0,1,1,False,False,MY LAKSA
my jewelry box,0,0,0,0,0,0,1,0,0,0,0,0,1,1,False,False,My Jewelry Box
my smile,0,0,0,0,0,0,0,1,0,0,0,0,1,1,False,False,My Smile
my jewellery box,0,0,0,0,0,0,1,0,0,0,0,0,1,1,False,False,My Jewellery Box
my j & s,0,0,0,0,0,0,0,1,0,0,0,0,1,1,False,False,MY J & S
world balance arzel,0,0,0,0,0,0,0,0,0,0,0,1,1,1,False,False,WORLD BALANCE ARZEL
my health clinic quezon city,0,0,0,0,0,0,0,0,1,0,0,0,1,1,False,False,MY HEALTH CLINIC - QUEZON CITY
my health clinic 238 8802 268 8502,0,0,0,0,0,0,0,1,0,0,0,0,1,1,False,False,MY HEALTH CLINIC (032)238-8802/(032)268-8502
my health clinic,0,0,1,0,0,0,0,0,0,0,0,0,1,1,False,False,My Health Clinic
world balance satellite,0,0,0,0,0,0,0,1,0,0,0,0,1,1,False,False,WORLD BALANCE SATELLITE
world balance sr,0,0,0,0,1,0,0,0,0,0,0,0,1,1,False,False,World Balance SR
my health,0,0,0,0,0,1,0,0,0,0,0,0,1,1,False,False,My Health
my happy home,0,0,0,0,0,0,1,0,0,0,0,0,1,1,False,False,My Happy Home
my greek taverna,0,0,0,0,0,0,0,0,1,0,0,0,1,1,False,False,MY GREEK TAVERNA
wonton,0,0,0,0,0,0,1,0,0,0,0,0,1,1,False,False,Wonton
my south hall,0,0,0,0,0,0,0,0,1,0,0,0,1,1,False,False,MY SOUTH HALL
nacho shack,0,0,0,0,0,0,0,0,1,0,0,0,1,1,False,False,NACHO SHACK
mystery case,0,0,0,0,0,0,0,0,1,0,0,0,1,1,False,False,MYSTERY CASE
womb world of my baby,0,0,0,0,0,0,0,0,1,0,0,0,1,1,False,False,WOMB WORLD OF MY BABY
nabe unlimited japanese hotpot,0,0,0,0,0,0,0,0,1,0,0,0,1,1,False,False,NABE UNLIMITED JAPANESE HOTPOT
wonder city,0,0,0,0,0,0,0,1,0,0,0,0,1,1,False,False,WONDER CITY
n1 coffee,0,0,0,0,0,0,0,1,0,0,0,0,1,1,False,False,N1 COFFEE
wonder rides,0,0,0,0,0,0,0,0,0,0,1,0,1,1,False,False,WONDER RIDES
wonder tubo,0,0,0,0,0,0,0,1,0,0,0,0,1,1,False,False,Wonder Tubo
mywatch,1,0,0,0,0,0,0,0,0,0,0,0,1,1,False,False,myWatch
myungrang hotdog,0,1,0,0,0,0,0,0,0,0,0,0,1,1,False,False,MYUNGRANG HOTDOG
wonder wharf dino rides,0,0,0,0,0,0,0,1,0,0,0,0,1,1,False,False,WONDER WHARF DINO RIDES
mythai,0,0,0,0,0,0,1,0,0,0,0,0,1,1,False,False,Mythai
mystery manila,0,0,0,0,0,1,0,0,0,0,0,0,1,1,False,False,Mystery Manila
myrtelle fonebytes,0,0,0,0,0,0,0,1,0,0,0,0,1,1,False,False,Myrtelle Fonebytes
my thai,0,0,0,0,0,1,0,0,0,0,0,0,1,1,False,False,My Thai
myrtelle fone bytes trading,0,0,0,0,0,0,0,0,1,0,0,0,1,1,False,False,MYRTELLE FONE BYTES TRADING
wonder wharf train,0,0,0,0,0,0,0,1,0,0,0,0,1,1,False,False,WONDER WHARF TRAIN
mylo speech therapy center,0,0,0,0,0,0,1,0,0,0,0,0,1,1,False,False,Mylo Speech Therapy Center
wondercity,0,0,0,0,0,0,0,1,0,0,0,0,1,1,False,False,WONDERCITY
wonderhome naturals,0,0,0,0,0,0,0,1,0,0,0,0,1,1,False,False,WONDERHOME NATURALS
mylenes ensaymada & banana cake,0,1,0,0,0,0,0,0,0,0,0,0,1,1,False,False,MYLENE'S ENSAYMADA & BANANA CAKE
wonderland for kids playground,0,0,0,0,1,0,0,0,0,0,0,0,1,1,False,False,Wonderland for Kids Playground
mygold,0,1,0,0,0,0,0,0,0,0,0,0,1,1,False,False,MYGOLD
wondershake,0,0,0,0,0,0,0,1,0,0,0,0,1,1,False,False,Wondershake
mychow,0,0,0,0,0,0,0,1,0,0,0,0,1,1,False,False,MYCHOW
wong place,0,0,0,0,0,0,1,0,0,0,0,0,1,1,False,False,Wong Place
wild wings unlimited wings rice and fries kyte,0,0,0,0,0,0,0,0,1,0,0,0,1,1,False,False,"WILD WINGS UNLIMITED WINGS, RICE AND FRIES KYTE"
wild west roadhouse grill,0,1,0,0,0,0,0,0,0,0,0,0,1,1,False,False,WILD WEST ROADHOUSE GRILL
nakedskyn beauty hub,0,0,0,0,1,0,0,0,0,0,0,0,1,1,False,False,Nakedskyn Beauty Hub
weaves & bows,0,0,0,0,0,0,0,1,0,0,0,0,1,1,False,False,Weaves & Bows
netopia internet cafe,0,0,0,0,1,0,0,0,0,0,0,0,1,1,False,False,Netopia Internet Cafe
ness press carwash,0,0,0,0,0,0,0,1,0,0,0,0,1,1,False,False,Ness Press Carwash
wealth tea,0,0,0,0,0,0,0,0,1,0,0,0,1,1,False,False,WEALTH TEA
wearmilkshake,0,0,0,0,0,0,0,0,1,0,0,0,1,1,False,False,WEARMILKSHAKE
nephromed asia dialysis center,0,0,0,0,0,0,0,0,1,0,0,0,1,1,False,False,NEPHROMED ASIA DIALYSIS CENTER
nephroasia dialysis center 0945 133 3131,0,0,0,0,0,0,0,1,0,0,0,0,1,1,False,False,Nephroasia Dialysis Center 0945 133 3131
nephroasia clinic,0,0,0,0,0,0,0,1,0,0,0,0,1,1,False,False,Nephroasia Clinic
neola nails & spa,0,0,0,0,0,0,1,0,0,0,0,0,1,1,False,False,Neola Nails & Spa
nenita farms,0,1,0,0,0,0,0,0,0,0,0,0,1,1,False,False,NENITA FARMS
needles & threads,0,1,0,0,0,0,0,0,0,0,0,0,1,1,False,False,NEEDLES & THREADS
need coffee,0,0,0,0,0,0,0,1,0,0,0,0,1,1,False,False,Need Coffee
wedding library,0,0,0,0,0,0,0,0,1,0,0,0,1,1,False,False,THE WEDDING LIBRARY
we smile dental imaging,0,0,0,0,0,0,0,1,0,0,0,0,1,1,False,False,We Smile Dental Imaging
neeco1,0,0,0,0,0,0,0,0,0,0,1,0,1,1,False,False,Neeco1
near dental clinic,0,0,0,0,0,0,0,0,1,0,0,0,1,1,False,False,NEAR DENTAL CLINIC
ne bakeshop,0,0,0,0,0,0,0,1,0,0,0,0,1,1,False,False,NE BAKESHOP
weeze,0,0,0,0,0,0,0,0,1,0,0,0,1,1,False,False,WEEZE
nce computer center burger factory,0,0,0,0,0,0,0,0,0,0,0,1,1,1,False,False,NCE Computer Center Burger Factory
wego giftshop,0,0,0,0,0,0,0,0,1,0,0,0,1,1,False,False,WEGO GIFTSHOP
wei renal care,0,0,0,0,0,0,0,1,0,0,0,0,1,1,False,False,Wei Renal Care
wei wei cold store,0,1,0,0,0,0,0,0,0,0,0,0,1,1,False,False,WEI WEI COLD STORE
nbs mezzanine,0,0,0,0,1,0,0,0,0,0,0,0,1,1,False,False,NBS Mezzanine
well gadget cellphone and accessories,0,0,0,0,1,0,0,0,0,0,0,0,1,1,False,False,Well-Gadget Cellphone and Accessories
nazrea pearls,0,1,0,0,0,0,0,0,0,0,0,0,1,1,False,False,NAZREA PEARLS
we the people coffee,0,0,0,0,0,0,0,1,0,0,0,0,1,1,False,False,WE THE PEOPLE COFFEE
neutral grounds spiel,0,0,0,0,0,0,0,0,1,0,0,0,1,1,False,False,NEUTRAL GROUNDS SPIEL
naki pica pica corner,0,0,0,0,0,0,0,0,1,0,0,0,1,1,False,False,NAKI PICA PICA CORNER
new innovation cellphone and accessories,0,0,0,0,0,0,0,0,1,0,0,0,1,1,False,False,NEW INNOVATION CELLPHONE AND ACCESSORIES
new york supreme,0,0,0,0,0,0,0,0,1,0,0,0,1,1,False,False,NEW YORK SUPREME
new york cubao,0,0,0,0,0,0,0,1,0,0,0,0,1,1,False,False,"New York, Cubao"
new york buffalo brads hot wings,0,0,0,0,0,0,0,0,1,0,0,0,1,1,False,False,NEW YORK BUFFALO BRADS HOT WINGS
new york bagels,0,0,0,0,0,0,0,1,0,0,0,0,1,1,False,False,New York Bagels
new sunbeam,0,0,0,0,0,0,1,0,0,0,0,0,1,1,False,False,New Sunbeam
new nemar,0,0,0,0,0,0,0,0,1,0,0,0,1,1,False,False,NEW NEMAR
watchlink,0,0,0,0,0,0,0,0,1,0,0,0,1,1,False,False,WATCHLINK
watchman mossin olama cp,0,0,0,0,0,0,0,0,0,0,0,1,1,1,False,False,WATCHMAN MOSSIN OLAMA CP
watson red diamond,0,0,0,0,0,0,0,0,0,0,0,1,1,1,False,False,WATSON RED DIAMOND
new life christian center,0,1,0,0,0,0,0,0,0,0,0,0,1,1,False,False,NEW LIFE CHRISTIAN CENTER
new life,0,0,0,0,0,1,0,0,0,0,0,0,1,1,False,False,New Life
watsons 0923 744 0690,0,0,0,0,0,0,0,1,0,0,0,0,1,1,False,False,Watsons 0923-744-0690
wb courtside,1,0,0,0,0,0,0,0,0,0,0,0,1,1,False,False,WB Courtside
watsons 0995 011 1269,0,0,0,0,0,0,0,1,0,0,0,0,1,1,False,False,WATSONS 0995-011-1269
watsons beauty,0,0,0,0,0,0,0,0,1,0,0,0,1,1,False,False,WATSONS BEAUTY
new generation dental premier,0,0,0,0,0,0,0,1,0,0,0,0,1,1,False,False,NEW GENERATION DENTAL PREMIER
watsons ca exhibit network,0,0,0,0,0,0,0,0,0,0,0,1,1,1,False,False,WATSONS (L1-101 & L1-102) CA EXHIBIT NETWORK
watsons drug,0,0,0,0,0,0,0,0,1,0,0,0,1,1,False,False,WATSONS DRUG
watsons master siomai,0,0,0,0,0,0,0,0,0,0,0,1,1,1,False,False,WATSONS Master Siomai
new bombay restaurant,0,0,0,0,0,0,0,0,1,0,0,0,1,1,False,False,NEW BOMBAY RESTAURANT
watsons walvis exhibit,0,0,0,0,0,0,0,0,0,0,0,1,1,1,False,False,WATSONS Walvis Exhibit
waxcovado,0,0,0,0,0,0,0,0,1,0,0,0,1,1,False,False,WAXCOVADO
waxcovado salon & spa,0,1,0,0,0,0,0,0,0,0,0,0,1,1,False,False,WAXCOVADO SALON & SPA
new age pc solutions 0917 893 6614,0,0,0,0,0,0,0,1,0,0,0,0,1,1,False,False,NEW AGE PC SOLUTIONS 0917-893-6614
naytess lutong bahay,0,1,0,0,0,0,0,0,0,0,0,0,1,1,False,False,NAYTESS LUTONG BAHAY
nay linas homemade pies,0,0,0,0,0,0,0,0,1,0,0,0,1,1,False,False,NAY LINAS HOMEMADE PIES
naughty nachos,0,0,0,0,0,1,0,0,0,0,0,0,1,1,False,False,Naughty Nachos
nanay julings batangas cuisine,0,0,0,0,0,0,0,0,1,0,0,0,1,1,False,False,NANAY JULINGS BATANGAS CUISINE
western union kiosk,0,0,0,0,0,0,0,0,0,0,0,1,1,1,False,False,WESTERN UNION KIOSK
nasreyah cellphones & accessories,0,0,0,0,0,0,0,1,0,0,0,0,1,1,False,False,NASREYAH CELLPHONES & ACCESSORIES
nashe,0,0,0,0,1,0,0,0,0,0,0,0,1,1,False,False,Nashe
western union minigem exhibit,0,0,0,0,0,0,0,0,0,0,0,1,1,1,False,False,WESTERN UNION MINIGEM EXHIBIT(14)
nara thai cuisine,0,0,0,0,0,0,0,0,1,0,0,0,1,1,False,False,NARA THAI CUISINE
western union norania cellphone 1,0,0,0,0,0,0,0,0,0,0,0,1,1,1,False,False,WESTERN UNION (USSC) NORANIA CELLPHONE 1
western union olayns,0,0,0,0,0,0,0,0,0,0,0,1,1,1,False,False,WESTERN UNION Olayns
wet market,0,0,0,0,0,0,0,0,0,0,0,1,1,1,False,False,WET MARKET
wet park,0,0,0,0,0,1,0,0,0,0,0,0,1,1,False,False,Wet Park
whimsical wonderland,0,0,0,0,0,1,0,0,0,0,0,0,1,1,False,False,Whimsical Wonderland
nanay ses pasalubong,0,0,0,0,0,0,0,1,0,0,0,0,1,1,False,False,NANAY SE'S PASALUBONG
whiten gluta lounge,0,0,0,0,0,0,0,0,1,0,0,0,1,1,False,False,WHITEN GLUTA LOUNGE
wellness and soft nail salon,0,0,0,0,0,0,0,0,1,0,0,0,1,1,False,False,WELLNESS AND SOFT NAIL SALON
nanay juliets eatery,0,1,0,0,0,0,0,0,0,0,0,0,1,1,False,False,NANAY JULIET'S EATERY
nanas frozen delights,0,0,0,0,0,0,0,0,0,0,0,1,1,1,False,False,NANA’S FROZEN DELIGHTS
nanam iloco,0,0,0,0,0,0,0,0,1,0,0,0,1,1,False,False,NANAM ILOCO
whiten premiere,0,0,0,0,0,0,1,0,0,0,0,0,1,1,False,False,WhiteN Premiere
whitestone animal clinic,0,0,0,0,0,1,0,0,0,0,0,0,1,1,False,False,Whitestone Animal Clinic
wholesome table,0,1,0,0,0,0,0,0,0,0,0,0,1,1,False,False,THE WHOLESOME TABLE
namaste skin care spa massage,0,0,0,0,0,0,0,0,1,0,0,0,1,1,False,False,NAMASTE SKIN CARE SPA MASSAGE
whse1 marketing,0,1,0,0,0,0,0,0,0,0,0,0,1,1,False,False,WHSE1 MARKETING
namaste,0,0,0,0,0,0,0,1,0,0,0,0,1,1,False,False,Namaste
widex,0,0,0,0,0,0,1,0,0,0,0,0,1,1,False,False,Widex
nakpil eye clinic and vision therapy center,0,0,1,0,0,0,0,0,0,0,0,0,1,1,False,False,Nakpil Eye Clinic And Vision Therapy Center
western union el bonitos,0,0,0,0,0,0,0,0,0,0,0,1,1,1,False,False,WESTERN UNION ( USSC) EL BONITOS
nathaniels bakeshop,0,1,0,0,0,0,0,0,0,0,0,0,1,1,False,False,NATHANIEL'S BAKESHOP
western union aficionado,0,0,0,0,0,0,0,0,0,0,0,1,1,1,False,False,WESTERN UNION Aficionado
nathans famous,0,0,0,0,0,0,0,0,1,0,0,0,1,1,False,False,NATHANS FAMOUS
wellness concepts,0,1,0,0,0,0,0,0,0,0,0,0,1,1,False,False,WELLNESS CONCEPTS
wellness sanctuary,0,0,0,0,0,1,0,0,0,0,0,0,1,1,False,False,Wellness Sanctuary
wellnessfix,0,0,0,0,0,0,0,0,1,0,0,0,1,1,False,False,WELLNESSFIX
natures way aromatherapy,0,0,0,0,0,0,0,0,1,0,0,0,1,1,False,False,THE NATURES WAY AROMATHERAPY
wellohas,0,0,0,0,0,0,0,0,1,0,0,0,1,1,False,False,WELLOHAS
nature republic n cat,0,1,0,0,0,0,0,0,0,0,0,0,1,1,False,False,NATURE REPUBLIC / N.CAT
wells,0,1,0,0,0,0,0,0,0,0,0,0,1,1,False,False,WELLS
wemart convenience store and cafe,0,0,0,0,0,1,0,0,0,0,0,0,1,1,False,False,Wemart Convenience Store and Cafe
natividad,0,0,0,0,0,0,0,0,1,0,0,0,1,1,False,False,NATIVIDAD
native kopi & co,0,0,0,0,0,0,0,0,1,0,0,0,1,1,False,False,NATIVE KOPI & CO
wenourish,0,0,0,0,0,0,0,0,1,0,0,0,1,1,False,False,WENOURISH
national university inc,0,0,0,0,0,0,0,0,1,0,0,0,1,1,False,False,NATIONAL UNIVERSITY INC
national police clearance,0,0,0,0,0,0,0,1,0,0,0,0,1,1,False,False,National Police Clearance
national labor relations commission,0,0,1,0,0,0,0,0,0,0,0,0,1,1,False,False,National Labor Relations Commission (nlrc)
national home mortgage 0920 911 6299,0,0,0,0,0,0,0,1,0,0,0,0,1,1,False,False,National Home Mortgage 0920-911-6299
national geographic,0,0,0,0,0,0,0,0,1,0,0,0,1,1,False,False,NATIONAL GEOGRAPHIC
west elm,0,0,0,0,0,0,1,0,0,0,0,0,1,1,False,False,West Elm
national everyday,0,0,0,0,0,1,0,0,0,0,0,0,1,1,False,False,National Everyday
national bureau of investigation,0,0,1,0,0,0,0,0,0,0,0,0,1,1,False,False,National Bureau Of Investigation (nbi)
west print,0,0,0,0,0,0,0,1,0,0,0,0,1,1,False,False,WEST PRINT
national book store inc fegis footwear,0,0,0,0,0,0,0,0,0,0,0,1,1,1,False,False,"NATIONAL BOOK STORE, INC. FEGIS FOOTWEAR"
west smile dental,0,0,0,0,0,1,0,0,0,0,0,0,1,1,False,False,West Smile Dental
western,0,0,0,0,0,0,0,0,1,0,0,0,1,1,False,False,WESTERN
tongara ramen,0,0,0,0,0,0,1,0,0,0,0,0,1,1,False,False,Tongara Ramen
tiny twinkle,0,0,0,0,0,0,1,0,0,0,0,0,1,1,False,False,Tiny Twinkle
petron,0,0,0,0,0,0,0,0,0,1,0,0,1,1,False,False,PETRON
rudys goto minigem,0,0,0,0,0,0,0,0,0,0,0,1,1,1,False,False,RUDY'S GOTO MINIGEM (#46)
rulls satellite,0,0,1,0,0,0,0,0,0,0,0,0,1,1,False,False,Rulls Satellite
special toy center,0,0,1,0,0,0,0,0,0,0,0,0,1,1,False,False,Special Toy Center
specialized,0,0,0,0,0,0,0,0,1,0,0,0,1,1,False,False,SPECIALIZED
rulls cellphones accessories,0,0,0,0,0,0,0,0,1,0,0,0,1,1,False,False,RULLS CELLPHONES ACCESSORIES
specialty cakes by hearts bells,0,0,0,0,0,0,0,0,1,0,0,0,1,1,False,False,SPECIALTY CAKES BY HEARTS BELLS
spectacles by sarabia,0,1,0,0,0,0,0,0,0,0,0,0,1,1,False,False,SPECTACLES BY SARABIA
ruella merchandise,0,0,0,0,1,0,0,0,0,0,0,0,1,1,False,False,Ruella Merchandise
rue bourbon,0,0,0,0,0,1,0,0,0,0,0,0,1,1,False,False,Rue Bourbon
spectrum,0,0,0,0,0,0,0,0,1,0,0,0,1,1,False,False,SPECTRUM
speed circuit,0,0,0,0,0,0,0,1,0,0,0,0,1,1,False,False,Speed Circuit
rudys master key duplicating shop,0,0,0,0,0,0,0,0,1,0,0,0,1,1,False,False,RUDY'S MASTER KEY DUPLICATING SHOP
spenders trading & cellphone repair services,0,0,0,0,0,0,0,1,0,0,0,0,1,1,False,False,Spenders Trading & Cellphone Repair Services
spatio,0,0,0,0,0,0,0,1,0,0,0,0,1,1,False,False,SPATIO
sperry keds,0,1,0,0,0,0,0,0,0,0,0,0,1,1,False,False,SPERRY / KEDS
rta castanas,0,0,0,0,0,0,0,1,0,0,0,0,1,1,False,False,RTA CASTANAS
rsy spa,0,0,0,0,0,0,0,0,0,0,0,1,1,1,False,False,RSY SPA
spex appeal repair services,0,0,0,0,0,0,0,0,1,0,0,0,1,1,False,False,SPEX APPEAL REPAIR SERVICES
spice fusion,0,1,0,0,0,0,0,0,0,0,0,0,1,1,False,False,SPICE FUSION
rsr jewelry & repair shop,0,0,0,0,0,0,1,0,0,0,0,0,1,1,False,False,RSR Jewelry & Repair Shop
spicy kitchen,0,0,0,0,1,0,0,0,0,0,0,0,1,1,False,False,Spicy Kitchen
rsm watch repair,0,0,0,0,0,0,0,0,0,0,1,0,1,1,False,False,RSM Watch Repair
rsm watch,0,0,0,0,0,0,0,1,0,0,0,0,1,1,False,False,RSM Watch
rsh 1 rosalina cellphone,0,0,0,0,0,0,0,0,0,0,0,1,1,1,False,False,RSH-1 / ROSALINA CELLPHONE
spigen ph,0,0,0,0,0,0,0,1,0,0,0,0,1,1,False,False,Spigen Ph
rulls social technomatic,0,0,0,0,1,0,0,0,0,0,0,0,1,1,False,False,Rulls / Social Technomatic
ruro martin pet accessories & supplies,0,0,0,0,0,0,0,1,0,0,0,0,1,1,False,False,RURO MARTIN PET ACCESSORIES & SUPPLIES
spikes and frozen treats,0,0,0,0,1,0,0,0,0,0,0,0,1,1,False,False,Spikes And Frozen Treats
rusty lopez cherry mobile,0,0,0,0,0,0,0,0,0,0,0,1,1,1,False,False,RUSTY LOPEZ CHERRY MOBILE
ryu ramen and curry,0,0,0,0,0,0,0,0,1,0,0,0,1,1,False,False,RYU RAMEN AND CURRY
ryllies kimchi sushi express,0,0,0,0,0,0,0,0,1,0,0,0,1,1,False,False,RYLLIES KIMCHI SUSHI EXPRESS
rygatel,0,0,0,0,1,0,0,0,0,0,0,0,1,1,False,False,Rygatel (Former Ryantel)
rydax,0,1,0,0,0,0,0,0,0,0,0,0,1,1,False,False,RYDAX
ryans infinity hub,0,0,0,0,0,0,0,1,0,0,0,0,1,1,False,False,Ryan's Infinity Hub
space arcade,0,0,0,0,0,0,0,0,1,0,0,0,1,1,False,False,SPACE ARCADE
rwonderland,0,0,0,0,0,0,0,1,0,0,0,0,1,1,False,False,RWONDERLAND
ruth leyes boutique collin ink shop,0,0,0,0,0,0,0,0,0,0,0,1,1,1,False,False,RUTH LEYES BOUTIQUE COLLIN INK SHOP
ruth fashion accessories minigem,0,0,0,0,0,0,0,0,0,0,0,1,1,1,False,False,RUTH FASHION ACCESSORIES MINIGEM (#47)
rusty lopez rajine seafoods square,0,0,0,0,0,0,0,0,0,0,0,1,1,1,False,False,Rusty Lopez Rajine Seafoods Square
rusty lopez manjaru,0,0,0,0,0,0,0,0,0,0,0,1,1,1,False,False,RUSTY LOPEZ MANJARU
rusty lopez ca exhibits,0,0,0,0,0,0,0,0,0,0,0,1,1,1,False,False,RUSTY LOPEZ CA EXHIBITS ( PROPERTY PRO )
ruro martin pet accessories and supplies corp,0,0,0,0,0,0,0,1,0,0,0,0,1,1,False,False,Ruro Martin Pet Accessories and Supplies Corp.
space burger,0,0,0,0,1,0,0,0,0,0,0,0,1,1,False,False,Space Burger
rustic seafood,0,0,0,0,0,0,1,0,0,0,0,0,1,1,False,False,Rustic Seafood
space time cube,0,0,0,0,0,0,0,0,1,0,0,0,1,1,False,False,SPACE TIME CUBE
rustic box steakhouse,0,0,0,0,0,0,0,0,1,0,0,0,1,1,False,False,RUSTIC BOX STEAKHOUSE
space touch,0,0,0,0,0,1,0,0,0,0,0,0,1,1,False,False,Space Touch
space x time cube,0,0,0,0,0,0,0,0,1,0,0,0,1,1,False,False,SPACE X TIME CUBE
spark tech mobile,0,0,0,0,0,0,0,0,1,0,0,0,1,1,False,False,SPARK TECH MOBILE
sparkk,0,0,0,0,0,0,0,0,1,0,0,0,1,1,False,False,SPARKK
rustans,1,0,0,0,0,0,0,0,0,0,0,0,1,1,False,False,Rustan's
spart wellness center,0,0,0,0,1,0,0,0,0,0,0,0,1,1,False,False,Spart Wellness Center
russ marketing,0,0,0,0,0,0,0,0,0,0,0,1,1,1,False,False,RUSS MARKETING
rsb takoyaki 0975 2059170,0,0,0,0,0,0,0,1,0,0,0,0,1,1,False,False,RSB TAKOYAKI 0975-2059170
rsa music center,1,0,0,0,0,0,0,0,0,0,0,0,1,1,False,False,RSA MUSIC CENTER
squires bingham international,0,0,0,0,0,0,0,1,0,0,0,0,1,1,False,False,SQUIRES BINGHAM INTERNATIONAL
square meal food services,0,0,0,0,0,0,0,1,0,0,0,0,1,1,False,False,Square Meal Food Services
roy and popoys batchoy food house,0,0,0,0,0,0,0,0,1,0,0,0,1,1,False,False,ROY AND POPOYS BATCHOY FOOD HOUSE
sqeeze n twist,0,0,0,0,0,0,0,1,0,0,0,0,1,1,False,False,Sqeeze N Twist
rover system,0,0,0,0,0,0,1,0,0,0,0,0,1,1,False,False,Rover System
route 80,0,0,0,0,0,0,0,1,0,0,0,0,1,1,False,False,Route 80
sqj pasalubong,0,1,0,0,0,0,0,0,0,0,0,0,1,1,False,False,SQJ PASALUBONG
round the clock cafe and bakery,0,0,0,0,0,0,0,0,1,0,0,0,1,1,False,False,ROUND-THE-CLOCK CAFE AND BAKERY
squad skates,0,0,0,0,0,0,0,0,1,0,0,0,1,1,False,False,SQUAD SKATES
squad skates roller rink,0,0,0,0,0,0,0,0,1,0,0,0,1,1,False,False,SQUAD SKATES ROLLER RINK
round circle,0,0,1,0,0,0,0,0,0,0,0,0,1,1,False,False,Round Circle
square meal,0,0,0,0,0,0,0,1,0,0,0,0,1,1,False,False,Square Meal
rotech,0,0,0,0,0,0,0,0,1,0,0,0,1,1,False,False,ROTECH
rotation inc,0,0,0,1,0,0,0,0,0,0,0,0,1,1,False,False,Rotation Inc.
spyder adventure,0,0,0,0,1,0,0,0,0,0,0,0,1,1,False,False,Spyder Adventure
squeeze it,0,0,0,0,0,0,0,0,1,0,0,0,1,1,False,False,SQUEEZE IT
rossopomodoro,0,0,0,0,0,0,0,0,1,0,0,0,1,1,False,False,ROSSOPOMODORO
squeeze it lemon,0,0,0,0,0,0,0,1,0,0,0,0,1,1,False,False,SQUEEZE IT LEMON
rossini ristorante italiano,0,0,0,0,0,0,0,0,1,0,0,0,1,1,False,False,ROSSINI RISTORANTE ITALIANO
rosemed supplies,0,0,1,0,0,0,0,0,0,0,0,0,1,1,False,False,Rosemed Supplies
squeeze me,0,0,0,0,0,0,0,1,0,0,0,0,1,1,False,False,SQUEEZE ME
rosemed medical supplies,0,0,0,0,0,0,0,0,1,0,0,0,1,1,False,False,ROSEMED MEDICAL SUPPLIES
squeeze n twist 9953335509,0,0,0,0,0,0,0,1,0,0,0,0,1,1,False,False,Squeeze N Twist 9953335509
roselyns canteen daforts sisig on the spot,0,0,0,0,0,0,0,0,0,0,0,1,1,1,False,False,Roselyn's Canteen Daforts Sisig on the Spot
rorys billiard,0,0,0,0,0,1,0,0,0,0,0,0,1,1,False,False,Rory's Billiard
squiggy food shop,0,0,0,0,0,0,0,0,1,0,0,0,1,1,False,False,SQUIGGY FOOD SHOP
roy queen,0,0,0,0,1,0,0,0,0,0,0,0,1,1,False,False,Roy Queen
spud boy,0,0,0,0,0,0,0,1,0,0,0,0,1,1,False,False,Spud Boy
spinkie,0,0,0,0,0,0,0,0,1,0,0,0,1,1,False,False,SPINKIE
rrj & mr lee melvino,0,0,0,0,0,0,0,0,0,0,0,1,1,1,False,False,RRJ & MR. LEE MELVINO
rs tech,0,0,0,0,0,0,1,0,0,0,0,0,1,1,False,False,Rs Tech
rs jewels,0,0,0,0,0,0,0,1,0,0,0,0,1,1,False,False,RS JEWELS
splash,0,0,0,0,0,0,1,0,0,0,0,0,1,1,False,False,Splash
rrj greatfit,0,0,0,0,0,0,0,0,0,0,0,1,1,1,False,False,RRJ/GREATFIT
sploop,0,0,0,0,0,0,0,1,0,0,0,0,1,1,False,False,Sploop
rrj cai cellphone & accessories,0,0,0,0,0,0,0,0,0,0,0,1,1,1,False,False,RRJ CAI CELLPHONE & ACCESSORIES
rrj blues brothers inc,0,0,0,0,0,0,0,0,0,0,0,1,1,1,False,False,"RRJ/ BLUES BROTHERS, INC."
spoofs,0,1,0,0,0,0,0,0,0,0,0,0,1,1,False,False,SPOOFS
rrj and mr lee exhibit,0,0,0,0,0,0,0,0,0,0,0,1,1,1,False,False,RRJ AND MR. LEE EXHIBIT
rrj and mr lee d candy station,0,0,0,0,0,0,0,0,0,0,0,1,1,1,False,False,RRJ and Mr. Lee D' CANDY STATION
sport b,0,0,0,0,0,1,0,0,0,0,0,0,1,1,False,False,Sport B
sport shop ph,0,0,0,0,0,1,0,0,0,0,0,0,1,1,False,False,Sport Shop Ph
sprinto 9654826767,0,0,0,0,0,0,0,1,0,0,0,0,1,1,False,False,Sprinto 9654826767
rpm pilinut candies,0,0,0,0,0,0,0,0,1,0,0,0,1,1,False,False,RPM PILINUT CANDIES
rpm dental health care plus,0,0,0,0,0,0,0,0,1,0,0,0,1,1,False,False,RPM DENTAL HEALTH CARE PLUS
royce chocolate,0,0,0,0,0,0,0,0,1,0,0,0,1,1,False,False,ROYCE CHOCOLATE
sports basics,0,0,0,0,0,0,0,1,0,0,0,0,1,1,False,False,Sports Basics
royaltea,0,0,0,0,0,0,0,0,1,0,0,0,1,1,False,False,ROYALTEA
royale,0,0,0,0,0,0,0,1,0,0,0,0,1,1,False,False,Royale
sports direct,0,0,1,0,0,0,0,0,0,0,0,0,1,1,False,False,Sports Direct
sports shop ph,0,0,0,0,0,0,0,0,1,0,0,0,1,1,False,False,SPORTS SHOP PH
royal panda,0,1,0,0,0,0,0,0,0,0,0,0,1,1,False,False,ROYAL PANDA
royal oasis,0,0,0,0,0,0,0,0,0,0,0,1,1,1,False,False,ROYAL OASIS
spring rolls,0,0,0,0,0,0,0,1,0,0,0,0,1,1,False,False,SPRING ROLLS
rzkh pet supplies & grooming,0,0,0,0,0,0,0,0,0,0,1,0,1,1,False,False,RZKH Pet Supplies & Grooming
space and style furnishing and interiors,0,0,0,0,0,0,0,0,1,0,0,0,1,1,False,False,SPACE AND STYLE FURNISHING AND INTERIORS
s & j cellphone and accessories,0,0,0,0,0,0,0,1,0,0,0,0,1,1,False,False,S & J CELLPHONE AND ACCESSORIES
sony square,0,0,0,0,1,0,0,0,0,0,0,0,1,1,False,False,Sony Square
some thai,0,0,0,0,0,0,0,1,0,0,0,0,1,1,False,False,SOME THAI
saliha,0,0,0,0,0,0,0,1,0,0,0,0,1,1,False,False,Saliha
salih cosmetics shop,0,0,0,0,0,0,0,1,0,0,0,0,1,1,False,False,SALIH COSMETICS SHOP
sales rain bpo,0,0,0,0,0,0,0,1,0,0,0,0,1,1,False,False,SALES RAIN BPO
sonakshi,0,0,0,0,0,0,0,1,0,0,0,0,1,1,False,False,SONAKSHI
salem,0,0,0,0,0,0,0,0,1,0,0,0,1,1,False,False,SALEM
sonic gameworkx,0,0,0,0,1,0,0,0,0,0,0,0,1,1,False,False,Sonic Gameworkx
sony centre by avid,1,0,0,0,0,0,0,0,0,0,0,0,1,1,False,False,Sony Centre by Avid
salaryman,0,0,0,0,0,1,0,0,0,0,0,0,1,1,False,False,Salaryman
salamangka,0,0,0,0,0,1,0,0,0,0,0,0,1,1,False,False,Salamangka
salah cellphone & accessories,0,0,0,0,0,0,0,1,0,0,0,0,1,1,False,False,SALAH CELLPHONE & ACCESSORIES
salads and wraps by healthy kitchen,0,0,0,0,0,0,0,0,1,0,0,0,1,1,False,False,SALADS AND WRAPS BY HEALTHY KITCHEN
sallys footwear security bank corporation,0,0,0,0,0,0,0,0,0,0,0,1,1,1,False,False,SALLYS FOOTWEAR SECURITY BANK CORPORATION
sonyda inchiban,0,0,0,0,0,0,0,1,0,0,0,0,1,1,False,False,SONYDA INCHIBAN
salad station,0,0,0,0,0,0,0,0,0,0,0,1,1,1,False,False,SALAD STATION
sala thai kitchen,0,0,0,0,0,0,1,0,0,0,0,0,1,1,False,False,Sala Thai Kitchen
sala bistro,0,1,0,0,0,0,0,0,0,0,0,0,1,1,False,False,SALA BISTRO
sakura restaurant,0,0,0,0,0,0,0,0,1,0,0,0,1,1,False,False,SAKURA RESTAURANT
sophia jewellery,0,0,0,0,0,0,0,0,1,0,0,0,1,1,False,False,SOPHIA JEWELLERY
sophia jewelry,0,0,0,0,1,0,0,0,0,0,0,0,1,1,False,False,Sophia Jewelry
sophias cellphone accessories store,0,0,0,0,0,0,0,1,0,0,0,0,1,1,False,False,SOPHIA’S CELLPHONE ACCESSORIES STORE
sophias hair and nail salon,0,0,0,0,0,0,0,0,1,0,0,0,1,1,False,False,SOPHIA'S HAIR AND NAIL SALON
sajang chicken,0,0,0,0,0,1,0,0,0,0,0,0,1,1,False,False,Sajang Chicken
saizen,0,1,0,0,0,0,0,0,0,0,0,0,1,1,False,False,SAIZEN
solon flower shop,0,0,0,0,0,0,0,1,0,0,0,0,1,1,False,False,SOLON FLOWER SHOP
sallys homemade kakanin,0,0,0,0,0,0,0,0,1,0,0,0,1,1,False,False,SALLYS HOMEMADE KAKANIN
s b a shoes shop,0,0,0,0,0,0,0,1,0,0,0,0,1,1,False,False,S B A SHOES SHOP
salon de poseur,0,0,0,0,0,0,0,0,1,0,0,0,1,1,False,False,SALON DE POSEUR
salt & ice,0,0,0,0,0,1,0,0,0,0,0,0,1,1,False,False,Salt & Ice
salonga music,1,0,0,0,0,0,0,0,0,0,0,0,1,1,False,False,SALONGA MUSIC
sole game,0,0,1,0,0,0,0,0,0,0,0,0,1,1,False,False,Sole Game
sole game by the barbery,0,0,0,0,0,0,0,0,1,0,0,0,1,1,False,False,SOLE GAME BY THE BARBERY
salonfix studio juhaira caps & sunglasses,0,0,0,0,0,0,0,0,0,0,0,1,1,1,False,False,SALONFIX STUDIO JUHAIRA CAPS & SUNGLASSES
salon360,0,0,0,0,0,0,0,1,0,0,0,0,1,1,False,False,SALON360
sole mate,0,0,1,0,0,0,0,0,0,0,0,0,1,1,False,False,Sole Mate
salon tokoya,0,0,0,0,0,0,0,1,0,0,0,0,1,1,False,False,Salon Tokoya
salon de rose 0920 910 2476,0,0,0,0,0,0,0,1,0,0,0,0,1,1,False,False,SALON DE ROSE 0920-910-2476
sole surgeon,0,0,0,0,0,0,0,1,0,0,0,0,1,1,False,False,SOLE SURGEON
solemn vows,0,1,0,0,0,0,0,0,0,0,0,0,1,1,False,False,SOLEMN VOWS
solid motors,0,0,0,0,0,0,0,0,1,0,0,0,1,1,False,False,SOLID MOTORS
solohod,0,0,0,0,0,0,0,0,1,0,0,0,1,1,False,False,SOLOHOD
solidarity sticker,0,0,1,0,0,0,0,0,0,0,0,0,1,1,False,False,Solidarity Sticker
salon de konad,0,0,0,0,0,0,0,0,0,0,1,0,1,1,False,False,SALON DE KONAD
salon de elegancia,0,0,0,0,0,0,0,1,0,0,0,0,1,1,False,False,Salon De Elegancia
soliman paroli eye care,0,0,0,0,0,0,0,0,1,0,0,0,1,1,False,False,SOLIMAN PAROLI EYE CARE
salon de berns,0,1,0,0,0,0,0,0,0,0,0,0,1,1,False,False,SALON DE BERNS
salon de belleza,0,0,0,0,0,1,0,0,0,0,0,0,1,1,False,False,Salon De Belleza
salon 360 and cafe international,0,0,0,0,0,0,0,0,0,0,0,1,1,1,False,False,SALON 360 AND CAFÉ INTERNATIONAL
salon 360,0,0,0,0,0,0,0,1,0,0,0,0,1,1,False,False,Salon 360
solinea showroom,0,1,0,0,0,0,0,0,0,0,0,0,1,1,False,False,SOLINEA SHOWROOM
solitas bakehouse,0,0,0,0,0,1,0,0,0,0,0,0,1,1,False,False,Solita's Bakehouse
salma tago,0,0,0,0,0,0,1,0,0,0,0,0,1,1,False,False,Salma Tago
sairus cellphone & accessories,0,0,0,0,0,0,0,0,0,0,0,1,1,1,False,False,SAIRUS CELLPHONE & ACCESSORIES ( ASLIAH NOOR )
sophistikated 9657396745,0,0,0,0,0,0,0,1,0,0,0,0,1,1,False,False,SOPHISTIKATED 9657396745
saint jude optical clinic,0,0,0,0,0,0,0,0,1,0,0,0,1,1,False,False,SAINT JUDE OPTICAL CLINIC
southwoods mall,0,0,0,0,0,1,0,0,0,0,0,0,1,1,False,False,Southwoods Mall
southbound manjaru,0,0,0,0,0,0,0,0,0,0,0,1,1,1,False,False,SOUTHBOUND MANJARU
southeast dermatology,0,0,0,0,0,1,0,0,0,0,0,0,1,1,False,False,Southeast Dermatology
sabie bakes,0,0,0,0,0,0,0,0,1,0,0,0,1,1,False,False,SABIE BAKES
sabella,0,0,0,0,0,0,0,0,1,0,0,0,1,1,False,False,SABELLA
sabel s kambingan,0,0,0,0,1,0,0,0,0,0,0,0,1,1,False,False,Sabel\'s Kambingan
southern arms corp,0,0,0,0,1,0,0,0,0,0,0,0,1,1,False,False,Southern Arms Corp.
sabater paredes optical,1,0,0,0,0,0,0,0,0,0,0,0,1,1,False,False,SABATER-PAREDES OPTICAL
southern grind bistro,0,0,0,0,0,0,0,1,0,0,0,0,1,1,False,False,Southern Grind Bistro
southstar drugstore,0,0,0,0,0,0,0,1,0,0,0,0,1,1,False,False,SOUTHSTAR DRUGSTORE
southwoods cinemas,0,0,0,0,0,1,0,0,0,0,0,0,1,1,False,False,Southwoods Cinemas
southwoods cinemas snackbar,0,0,0,0,0,1,0,0,0,0,0,0,1,1,False,False,Southwoods Cinemas - Snackbar
saad gems,0,0,0,0,0,0,1,0,0,0,0,0,1,1,False,False,Saad Gems
saint jo flowers,0,1,0,0,0,0,0,0,0,0,0,0,1,1,False,False,SAINT JO FLOWERS
sa poste cafe,0,0,0,0,0,1,0,0,0,0,0,0,1,1,False,False,Sa Poste Cafe
s8 concept district,0,1,0,0,0,0,0,0,0,0,0,0,1,1,False,False,S8 CONCEPT DISTRICT
souv by cyma,0,0,0,0,0,0,0,0,1,0,0,0,1,1,False,False,SOUV By Cyma
souvenir shop,0,0,0,0,1,0,0,0,0,0,0,0,1,1,False,False,Souvenir Shop
sowing life,0,0,0,0,0,0,0,0,1,0,0,0,1,1,False,False,SOWING LIFE
s&s cellphone accessories,0,0,0,0,0,0,0,1,0,0,0,0,1,1,False,False,S&S Cellphone Accessories
soy bean,0,0,0,0,0,0,0,0,1,0,0,0,1,1,False,False,SOY BEAN
soy bueno,0,0,0,0,0,0,1,0,0,0,0,0,1,1,False,False,Soy Bueno
s&r new york style pizza 9688958586 9175417483,0,0,0,0,0,0,0,1,0,0,0,0,1,1,False,False,S&R New York Style Pizza 9688958586/9175417483
s&r,0,0,0,0,0,0,0,1,0,0,0,0,1,1,False,False,S&R
s toy c,0,0,1,0,0,0,0,0,0,0,0,0,1,1,False,False,S-toy C
southbank cafe lounge,0,0,0,0,0,0,1,0,0,0,0,0,1,1,False,False,Southbank Café Lounge
sabinas cravings,0,0,0,0,0,0,0,1,0,0,0,0,1,1,False,False,SABINA'S CRAVING'S
saboten,0,1,0,0,0,0,0,0,0,0,0,0,1,1,False,False,SABOTEN
sac people,0,0,0,0,0,0,0,0,1,0,0,0,1,1,False,False,SAC PEOPLE
sophistikated aesthetics and beauty loungee,0,0,0,0,0,0,0,1,0,0,0,0,1,1,False,False,SophistiKated Aesthetics and Beauty Loungee
saint camillus premium healthcare inc,0,0,0,0,0,0,0,1,0,0,0,0,1,1,False,False,"SAINT CAMILLUS PREMIUM HEALTHCARE, INC"
saigosan,0,0,0,0,0,1,0,0,0,0,0,0,1,1,False,False,Saigosan
sophistique spa,0,0,0,0,0,0,0,1,0,0,0,0,1,1,False,False,SOPHISTIQUE SPA
sorelle skin care and spa,0,0,0,0,0,0,0,0,1,0,0,0,1,1,False,False,SORELLE SKIN CARE AND SPA
saibachi,0,0,1,0,0,0,0,0,0,0,0,0,1,1,False,False,Saibachi
sahroden cellphone shop & acc,0,0,0,0,0,0,0,0,0,0,0,1,1,1,False,False,SAHRODEN CELLPHONE SHOP & ACC.
sagye,0,0,0,0,0,0,0,0,1,0,0,0,1,1,False,False,SAGYE
sage garden,0,0,1,0,0,0,0,0,0,0,0,0,1,1,False,False,The Sage Garden
sagat crust,0,0,0,0,0,0,0,1,0,0,0,0,1,1,False,False,Sagat Crust
soul potato,0,0,0,0,0,0,0,1,0,0,0,0,1,1,False,False,Soul Potato
saffron sips,0,0,0,0,0,0,0,1,0,0,0,0,1,1,False,False,SAFFRON SIPS
safa fashion accessories,0,0,0,0,0,0,0,1,0,0,0,0,1,1,False,False,SAFA FASHION ACCESSORIES
soundroom,0,0,0,0,0,0,0,0,1,0,0,0,1,1,False,False,SOUNDROOM
saetta mae cellshop,0,0,0,0,0,0,0,0,0,0,0,1,1,1,False,False,SAETTA MAE CELLSHOP
saem 9761213972,0,0,0,0,0,0,0,1,0,0,0,0,1,1,False,False,The Saem 9761213972
souper hot,0,0,0,0,0,0,0,0,1,0,0,0,1,1,False,False,SOUPER HOT
saem,0,0,0,0,0,0,0,1,0,0,0,0,1,1,False,False,THE SAEM
south bay dental,0,0,1,0,0,0,0,0,0,0,0,0,1,1,False,False,South Bay Dental
sachi ramen,0,1,0,0,0,0,0,0,0,0,0,0,1,1,False,False,SACHI RAMEN
south com,0,0,0,0,1,0,0,0,0,0,0,0,1,1,False,False,South Com
south salon,0,1,0,0,0,0,0,0,0,0,0,0,1,1,False,False,SOUTH SALON
south star drugs,0,0,0,0,0,0,0,1,0,0,0,0,1,1,False,False,SOUTH STAR DRUGS
roots collective,0,0,0,0,0,1,0,0,0,0,0,0,1,1,False,False,Roots Collective
sr new york style pizza,0,0,0,0,0,0,0,0,1,0,0,0,1,1,False,False,SR NEW YORK STYLE PIZZA
sole destination travel services inc,0,0,0,0,0,0,0,1,0,0,0,0,1,1,False,False,Sole Destination Travel Services Inc
stephen o bullo 0919 228 1010,0,0,0,0,0,0,0,1,0,0,0,0,1,1,False,False,Stephen O. Bullo 0919-228-1010
stellamari spa,0,0,0,0,0,0,0,1,0,0,0,0,1,1,False,False,STELLAMARI SPA
ringside,0,0,0,0,0,0,0,1,0,0,0,0,1,1,False,False,Ringside
stemz healthcare philippines private inc,0,0,0,0,0,0,0,0,1,0,0,0,1,1,False,False,STEMZ HEALTHCARE PHILIPPINES PRIVATE INC
ringke,0,0,0,0,0,0,0,1,0,0,0,0,1,1,False,False,Ringke
step by step,0,0,0,0,0,0,1,0,0,0,0,0,1,1,False,False,Step by Step
step up,0,0,0,0,0,0,0,0,0,0,0,1,1,1,False,False,STEP UP
rimowa,0,1,0,0,0,0,0,0,0,0,0,0,1,1,False,False,RIMOWA
right dress fashion goldilocks,0,0,0,0,0,0,0,0,0,0,0,1,1,1,False,False,Right Dress Fashion Goldilocks
riff center,0,0,0,0,0,0,0,1,0,0,0,0,1,1,False,False,RIFF CENTER
step up boutique,0,1,0,0,0,0,0,0,0,0,0,0,1,1,False,False,STEP-UP BOUTIQUE
step up globe,0,0,0,0,0,0,0,0,0,0,0,1,1,1,False,False,STEP UP / GLOBE
ride revolution,0,1,0,0,0,0,0,0,0,0,0,0,1,1,False,False,RIDE REVOLUTION
steelcad,0,0,0,0,0,0,0,1,0,0,0,0,1,1,False,False,STEELCAD
ricsjen beauty & wellness shop,0,0,0,0,0,0,0,1,0,0,0,0,1,1,False,False,Ricsjen Beauty & Wellness Shop
steveston pizza,0,0,0,0,0,0,0,0,1,0,0,0,1,1,False,False,STEVESTON PIZZA
stick on me,0,0,0,0,0,0,0,0,1,0,0,0,1,1,False,False,STICK ON ME
richyu fashion,0,0,0,0,0,0,0,1,0,0,0,0,1,1,False,False,Richyu Fashion
richtech minigem,0,0,0,0,0,0,0,0,0,0,0,1,1,1,False,False,Richtech MINIGEM (12)
richtech 2 ca exhibits,0,0,0,0,0,0,0,0,0,0,0,1,1,1,False,False,Richtech 2 ( 3.11 SQM) CA EXHIBITS ( PROPERTY PRO )
richtech 1 ca exhibits,0,0,0,0,0,0,0,0,0,0,0,1,1,1,False,False,Richtech 1( 5.04 SQM) CA EXHIBITS ( PROPERTY PRO )
richmond medical,0,0,0,0,0,1,0,0,0,0,0,0,1,1,False,False,Richmond Medical
sticks & strings,0,0,0,0,0,0,0,1,0,0,0,0,1,1,False,False,Sticks & Strings
richielda cabucos lao 238 1567 0925 706 8455,0,0,0,0,0,0,0,1,0,0,0,0,1,1,False,False,Richielda Cabucos - Lao (032)238-1567/0925-706-8455
richchad coffee shop,0,0,0,0,0,0,0,1,0,0,0,0,1,1,False,False,Richchad Coffee Shop
rink star,0,0,0,0,0,0,0,0,1,0,0,0,1,1,False,False,RINK STAR
steamworks,0,0,0,0,0,0,0,1,0,0,0,0,1,1,False,False,STEAMWORKS
stitch and sole,0,0,0,0,0,1,0,0,0,0,0,0,1,1,False,False,Stitch and Sole
rj reloading,0,0,0,0,0,0,0,0,0,0,0,1,1,1,False,False,RJ RELOADING (VIRTECK)
rmg gadget shops,0,0,1,0,0,0,0,0,0,0,0,0,1,1,False,False,Rmg Gadget Shops
starcon fitness gym,0,0,0,0,0,1,0,0,0,0,0,0,1,1,False,False,Starcon Fitness Gym
rmc technics cellphone repair and accessories,0,0,0,0,0,0,0,0,0,0,0,1,1,1,False,False,RMC TECHNICS CELLPHONE REPAIR AND ACCESSORIES
stardust fine jewelry,0,0,0,0,0,0,1,0,0,0,0,0,1,1,False,False,Stardust Fine Jewelry
rm phone accessories,0,0,0,0,1,0,0,0,0,0,0,0,1,1,False,False,RM Phone Accessories
rm cellshop,0,0,0,0,0,0,0,1,0,0,0,0,1,1,False,False,RM CELLSHOP
rk telecom,0,0,0,0,0,0,0,1,0,0,0,0,1,1,False,False,RK Telecom
rk tel cellphone accessories,0,0,0,0,1,0,0,0,0,0,0,0,1,1,False,False,RK-Tel Cellphone Accessories
rjs barbershop,0,0,0,0,0,0,0,0,1,0,0,0,1,1,False,False,RJS BARBERSHOP
rjl medical clinic,0,0,0,0,1,0,0,0,0,0,0,0,1,1,False,False,RJL / Medical Clinic
starkey locksmith & watch repair,0,1,0,0,0,0,0,0,0,0,0,0,1,1,False,False,STARKEY LOCKSMITH & WATCH REPAIR
starmall cinemas,0,0,0,0,0,0,0,0,0,1,0,0,1,1,False,False,STARMALL CINEMAS
rita optical,0,1,0,0,0,0,0,0,0,0,0,0,1,1,False,False,RITA OPTICAL
starphone,0,0,0,0,0,0,0,0,1,0,0,0,1,1,False,False,STARPHONE
rj agency visa consultancy,0,0,0,0,0,0,0,1,0,0,0,0,1,1,False,False,RJ Agency Visa Consultancy
rizal dairy farms,0,1,0,0,0,0,0,0,0,0,0,0,1,1,False,False,RIZAL DAIRY FARMS
starrbites,0,0,0,0,0,0,0,1,0,0,0,0,1,1,False,False,STARRBITES
rizal commercial banking corp,0,0,0,0,0,0,0,0,0,1,0,0,1,1,False,False,RIZAL COMMERCIAL BANKING CORP. (RCBC)
rivians special ice cream,0,0,0,0,0,0,0,1,0,0,0,0,1,1,False,False,RIVIAN'S SPECIAL ICE CREAM
statement theory,0,0,0,0,0,0,0,0,1,0,0,0,1,1,False,False,STATEMENT THEORY
statesman barbershop,0,0,0,0,0,0,0,1,0,0,0,0,1,1,False,False,Statesman Barbershop
status hair salon,0,0,0,0,0,0,0,1,0,0,0,0,1,1,False,False,Status Hair Salon
steak & gravy,0,0,0,0,0,0,0,0,1,0,0,0,1,1,False,False,STEAK & GRAVY
steak & sushi,0,1,0,0,0,0,0,0,0,0,0,0,1,1,False,False,STEAK & SUSHI
rich and shine fashion accessories and store,0,0,0,0,0,0,0,0,0,0,0,1,1,1,False,False,RICH AND SHINE FASHION ACCESSORIES AND STORE
rich and shine fashion accessories,0,0,0,0,0,0,0,0,0,0,0,1,1,1,False,False,RICH AND SHINE FASHION ACCESSORIES
sr watch repair shop,0,0,0,0,0,0,0,1,0,0,0,0,1,1,False,False,SR Watch Repair Shop
revlon mini gem exhibit 13,0,0,0,0,0,0,0,0,0,0,0,1,1,1,False,False,REVLON MINI GEM EXHIBIT ( FC DATING VIDEOKE) #13
reymel canteen,0,1,0,0,0,0,0,0,0,0,0,0,1,1,False,False,REYMEL CANTEEN
reylyn tech minigem,0,0,0,0,0,0,0,0,0,0,0,1,1,1,False,False,Reylyn Tech MINIGEM (12)
reyes haircutters,0,0,0,0,0,0,0,0,0,0,1,0,1,1,False,False,Reyes Haircutters
reyes hair cutter,0,0,0,0,0,0,0,0,0,0,0,1,1,1,False,False,REYES HAIR CUTTER
reyes barbeque,0,0,0,0,0,0,0,1,0,0,0,0,1,1,False,False,REYES BARBEQUE
streat balls,0,0,0,0,0,0,0,1,0,0,0,0,1,1,False,False,STREAT BALLS
reycon watch repair center,0,0,0,0,0,0,0,0,0,0,1,0,1,1,False,False,REYCON WATCH REPAIR CENTER
street pro,0,0,0,0,0,0,0,1,0,0,0,0,1,1,False,False,Street Pro
rey silver station & watch repair center zsj dimsum hauz,0,0,0,0,0,0,0,0,0,0,0,1,1,1,False,False,REY SILVER STATION & WATCH REPAIR CENTER ZSJ DIMSUM HAUZ ( SIOMAI KING )
streetyard,0,0,0,0,0,0,0,0,1,0,0,0,1,1,False,False,STREETYARD
rexcue fone,0,1,0,0,0,0,0,0,0,0,0,0,1,1,False,False,REXCUE FONE
revlon,0,0,0,0,0,0,0,0,0,0,0,1,1,1,False,False,REVLON
rfg watch service center,0,0,0,0,0,0,0,0,1,0,0,0,1,1,False,False,RFG WATCH SERVICE CENTER
stretch center salon,0,0,0,0,0,0,0,0,1,0,0,0,1,1,False,False,STRETCH CENTER SALON
reva footwear,0,0,0,0,0,0,0,1,0,0,0,0,1,1,False,False,Reva Footwear
strip,0,1,0,0,0,0,0,0,0,0,0,0,1,1,False,False,STRIP
rev,0,0,0,0,0,0,0,0,1,0,0,0,1,1,False,False,REV
retro,0,0,0,0,0,0,0,1,0,0,0,0,1,1,False,False,RETRO
retokelly salon & spa,0,0,0,0,0,0,0,1,0,0,0,0,1,1,False,False,RETOKELLY SALON & SPA
retokelly group of salon,0,0,0,0,0,0,0,0,1,0,0,0,1,1,False,False,RETOKELLY GROUP OF SALON
retailogy,0,0,0,0,0,0,0,1,0,0,0,0,1,1,False,False,RETAILOGY
retail lab,0,0,0,0,0,0,1,0,0,0,0,0,1,1,False,False,Retail Lab
restwell massage,0,0,0,0,1,0,0,0,0,0,0,0,1,1,False,False,Restwell Massage
restoerun,0,0,0,0,0,0,1,0,0,0,0,0,1,1,False,False,Restoerun
strap shop delscollection,1,0,0,0,0,0,0,0,0,0,0,0,1,1,False,False,STRAP SHOP / DELSCOLLECTION
rfone solutions gadgets & repair shop,0,1,0,0,0,0,0,0,0,0,0,0,1,1,False,False,RFONE SOLUTIONS GADGETS & REPAIR SHOP
rice toppings and lemon express,0,0,0,0,1,0,0,0,0,0,0,0,1,1,False,False,Rice Toppings and Lemon Express
riannetel,0,0,0,0,1,0,0,0,0,0,0,0,1,1,False,False,Riannetel
stitches and charm,0,0,0,0,0,0,0,0,0,0,0,1,1,1,False,False,STITCHES AND CHARM
rice in box,0,0,0,0,0,0,0,0,0,0,0,1,1,1,False,False,RICE IN BOX
rice in a box staffhouse superb shanghai siomai,0,0,0,0,0,0,0,0,0,0,0,1,1,1,False,False,RICE IN A BOX STAFFHOUSE SUPERB SHANGHAI SIOMAI
stitches and charm boutique cocais food stall,0,0,0,0,0,0,0,0,0,0,0,1,1,1,False,False,STITCHES AND CHARM BOUTIQUE COCAI’S FOOD STALL
rice at your doorstep,0,0,0,0,0,1,0,0,0,0,0,0,1,1,False,False,Rice at Your Doorstep
stockroom,0,1,0,0,0,0,0,0,0,0,0,0,1,1,False,False,THE STOCKROOM
rice & rolls,0,0,0,0,0,1,0,0,0,0,0,0,1,1,False,False,Rice & Rolls
stockwell cafe lounge,0,0,0,0,0,0,0,0,1,0,0,0,1,1,False,False,STOCKWELL CAFE LOUNGE
stop & shack house minigem exhibit,0,0,0,0,0,0,0,0,0,0,0,1,1,1,False,False,STOP & SHACK HOUSE MINIGEM EXHIBIT (28)
ribs n bibs restaurant,0,1,0,0,0,0,0,0,0,0,0,0,1,1,False,False,RIBS N BIBS RESTAURANT
ribs bibs,0,0,0,0,0,0,0,0,1,0,0,0,1,1,False,False,RIBS BIBS
stop and style,0,0,0,0,0,0,0,1,0,0,0,0,1,1,False,False,Stop and Style
strands salon,0,0,0,0,0,1,0,0,0,0,0,0,1,1,False,False,Strands Salon
rianne,0,0,0,0,0,0,0,1,0,0,0,0,1,1,False,False,Rianne
store 2823,0,0,0,0,0,0,0,0,1,0,0,0,1,1,False,False,STORE 2823
rhearen musical instrument avon ca exhibits,0,0,0,0,0,0,0,0,0,0,0,1,1,1,False,False,RHEAREN MUSICAL INSTRUMENT / AVON CA EXHIBITS ( PROPERTY PRO )
rgz beauty and wellness products shop,0,0,0,0,0,0,0,1,0,0,0,0,1,1,False,False,RGZ Beauty and Wellness Products Shop
stormtech 9752669286,0,0,0,0,0,0,0,1,0,0,0,0,1,1,False,False,Stormtech 9752669286
rgm i care,0,0,0,0,0,0,0,0,0,0,1,0,1,1,False,False,RGM I-CARE
rgentee,0,0,0,0,0,0,0,1,0,0,0,0,1,1,False,False,Rgentee
straight forward,0,0,0,0,0,0,0,1,0,0,0,0,1,1,False,False,STRAIGHT FORWARD
rgbtoyzone,0,0,0,0,0,0,1,0,0,0,0,0,1,1,False,False,RGBToyzone
straight naturelle,0,0,0,0,0,0,0,0,1,0,0,0,1,1,False,False,STRAIGHT NATURELLE
straightfroward,0,0,0,0,0,0,0,1,0,0,0,0,1,1,False,False,Straightfroward
starbucks reserve 8280 0726,0,0,0,0,0,0,0,1,0,0,0,0,1,1,False,False,Starbucks Reserve 8280-0726
rmj flowers,0,0,0,0,0,0,0,1,0,0,0,0,1,1,False,False,RMJ Flowers
rms fashion gallery,0,0,0,0,0,0,0,0,0,0,0,1,1,1,False,False,RMS FASHION GALLERY
rockbords phones and gadgets,0,0,0,0,1,0,0,0,0,0,0,0,1,1,False,False,Rockbords Phones and Gadgets
st ali,0,0,0,0,0,0,0,1,0,0,0,0,1,1,False,False,ST. ALI
st ali coffee,0,0,0,0,0,0,0,1,0,0,0,0,1,1,False,False,ST. ALI COFFEE
st clare of asissi,0,0,0,0,0,0,0,1,0,0,0,0,1,1,False,False,ST. CLARE OF ASISSI
st john,0,0,1,0,0,0,0,0,0,0,0,0,1,1,False,False,St. John
st joseph,0,0,0,0,0,0,0,1,0,0,0,0,1,1,False,False,St. Joseph
rocky s barbershop,0,0,0,0,1,0,0,0,0,0,0,0,1,1,False,False,Rocky\'s Barbershop
rocky mountain chocolate factory,0,0,0,0,0,0,0,0,1,0,0,0,1,1,False,False,ROCKY MOUNTAIN CHOCOLATE FACTORY
st joseph drug,0,0,0,0,0,0,0,0,0,0,0,1,1,1,False,False,ST JOSEPH DRUG
rockstar by centerstage,0,0,0,0,0,0,0,0,1,0,0,0,1,1,False,False,ROCKSTAR BY CENTERSTAGE
st joseph religious items shop,0,0,0,0,0,0,0,1,0,0,0,0,1,1,False,False,St. Joseph Religious items Shop
st joseph religious items shop 9915586481,0,0,0,0,0,0,0,1,0,0,0,0,1,1,False,False,St. Joseph Religious items Shop 9915586481
rock on boulder gym,0,1,0,0,0,0,0,0,0,0,0,0,1,1,False,False,ROCK ON BOULDER GYM
rodness pasalubong,0,0,0,0,0,0,0,1,0,0,0,0,1,1,False,False,Rodness Pasalubong
st louis house of fine ice cream & desserts,0,1,0,0,0,0,0,0,0,0,0,0,1,1,False,False,ST. LOUIS HOUSE OF FINE ICE CREAM & DESSERTS
rock n sole,0,0,0,0,0,0,1,0,0,0,0,0,1,1,False,False,Rock n Sole
st marc cafe,0,0,0,0,0,0,0,0,1,0,0,0,1,1,False,False,ST MARC CAFE
robys sports,0,0,0,0,0,0,0,1,0,0,0,0,1,1,False,False,ROBY'S SPORTS
robs,0,0,0,0,0,1,0,0,0,0,0,0,1,1,False,False,Rob's
robots & dolls salon,0,0,0,0,0,1,0,0,0,0,0,0,1,1,False,False,Robots & Dolls Salon
robots & dolls,0,0,0,0,0,1,0,0,0,0,0,0,1,1,False,False,Robots & Dolls
sta barbara,0,0,0,0,0,0,0,1,0,0,0,0,1,1,False,False,Sta. Barbara
robisnons deparment store,0,0,0,0,0,0,0,1,0,0,0,0,1,1,False,False,ROBISNONS DEPARMENT STORE
sta lucia holdings,0,0,0,0,0,0,0,1,0,0,0,0,1,1,False,False,Sta. Lucia Holdings
robinsons supermarket hot ticket fashion shop,0,0,0,0,0,0,0,0,0,0,0,1,1,1,False,False,ROBINSONS SUPERMARKET HOT TICKET FASHION SHOP
sst laptop & pc shop,0,0,1,0,0,0,0,0,0,0,0,0,1,1,False,False,Sst Laptop & Pc Shop
roger vivier,0,1,0,0,0,0,0,0,0,0,0,0,1,1,False,False,ROGER VIVIER
road house manila,0,0,0,0,0,0,0,0,1,0,0,0,1,1,False,False,ROAD HOUSE MANILA
romulo cafe,0,1,0,0,0,0,0,0,0,0,0,0,1,1,False,False,ROMULO CAFE
srl panoceph dental diagnostic clinic 0917 8557566,0,0,0,0,0,0,0,1,0,0,0,0,1,1,False,False,Srl Panoceph Dental Diagnostic Clinic 0917-8557566
rookie kids,0,0,0,0,0,0,1,0,0,0,0,0,1,1,False,False,Rookie Kids
rookie,0,0,0,0,0,0,0,1,0,0,0,0,1,1,False,False,ROOKIE
rons flower garden,0,0,0,0,0,0,0,1,0,0,0,0,1,1,False,False,Ron's Flower Garden
srt merchandising,0,0,0,0,0,0,0,1,0,0,0,0,1,1,False,False,SRT Merchandising
ssamjang express,0,0,0,0,0,0,0,0,1,0,0,0,1,1,False,False,SSAMJANG EXPRESS
roninsons supermarket,0,0,0,0,0,0,0,1,0,0,0,0,1,1,False,False,RONINSONS SUPERMARKET
ron salon,0,0,0,0,0,0,0,0,1,0,0,0,1,1,False,False,RON SALON
ssamjang korean restaurant,0,0,0,0,0,0,0,0,1,0,0,0,1,1,False,False,SSAMJANG KOREAN RESTAURANT
ron mar handicraft,0,0,0,0,0,0,0,0,1,0,0,0,1,1,False,False,RON MAR HANDICRAFT
ssr household,0,0,0,0,0,0,0,1,0,0,0,0,1,1,False,False,SSR Household
sss additional area,0,0,0,0,0,0,0,0,0,0,0,1,1,1,False,False,SSS ADDITIONAL AREA
rogue gaming,0,0,0,0,0,0,0,0,1,0,0,0,1,1,False,False,ROGUE GAMING
sss bluepoint com,0,0,0,0,0,0,0,0,0,0,0,1,1,1,False,False,SSS BLUEPOINT.COM
sss satellite,0,0,0,0,0,0,0,0,0,0,0,1,1,1,False,False,SSS SATELLITE
romeos steak & spice,0,0,0,0,0,0,0,1,0,0,0,0,1,1,False,False,Romeo's Steak & Spice
romeos spice & steaks,0,0,0,0,0,0,0,1,0,0,0,0,1,1,False,False,Romeo’s Spice & Steaks
romeos,0,0,0,0,0,0,1,0,0,0,0,0,1,1,False,False,Romeo's
sss ystilo,0,0,0,0,0,0,0,0,0,0,0,1,1,1,False,False,"SSS, YSTILO"
roma wellness beauty centre,0,0,0,0,0,0,0,0,1,0,0,0,1,1,False,False,ROMA WELLNESS BEAUTY CENTRE
sst gadgets repair,0,0,0,0,0,0,0,1,0,0,0,0,1,1,False,False,SST GADGETS REPAIR
roller fever,0,0,1,0,0,0,0,0,0,0,0,0,1,1,False,False,Roller Fever
rolex washington watch group,0,1,0,0,0,0,0,0,0,0,0,0,1,1,False,False,ROLEX - WASHINGTON WATCH GROUP
sst laptop & gadget repair shop 9438205423,0,0,0,0,0,0,0,1,0,0,0,0,1,1,False,False,SST LAPTOP & GADGET REPAIR SHOP 9438205423
robinsons supermarket corp daud macapa ar,0,0,0,0,0,0,0,0,0,0,0,1,1,1,False,False,Robinsons Supermarket Corp. DAUD MACAPA-AR
robinsons supermarket bainor repair services 1,0,0,0,0,0,0,0,0,0,0,0,1,1,1,False,False,ROBINSONS SUPERMARKET BAINOR REPAIR SERVICES 1
robinsons supermarket 8961 6029,0,0,0,0,0,0,0,1,0,0,0,0,1,1,False,False,Robinsons Supermarket 8961-6029
robinson handyman exhibit,0,0,0,0,0,0,0,0,0,0,0,1,1,1,False,False,ROBINSON HANDYMAN EXHIBIT
star finder optical shop 0949 430 5969,0,0,0,0,0,0,0,1,0,0,0,0,1,1,False,False,Star Finder Optical Shop 0949-430-5969
robinsons bank jewelrich,0,0,0,0,0,0,0,0,0,0,0,1,1,1,False,False,ROBINSONS BANK Jewelrich
robinsons bank 8702 9500 local 499,0,0,0,0,0,0,0,1,0,0,0,0,1,1,False,False,Robinsons Bank 8702-9500 local 499
robinsons bank 0917 321 0930,0,0,0,0,0,0,0,1,0,0,0,0,1,1,False,False,ROBINSONS BANK 0917-321-0930
robinsons appliances oppo mobile,0,0,0,0,0,0,0,0,0,0,0,1,1,1,False,False,Robinsons Appliances OPPO MOBILE
robinsons appliances arzel,0,0,0,0,0,0,0,0,0,0,0,1,1,1,False,False,ROBINSONS APPLIANCES ARZEL
star frappe green bowl,0,0,0,0,0,0,0,0,0,0,0,1,1,1,False,False,"STAR FRAPPE , GREEN BOWL"
robinsons appliances 9988466445,0,0,0,0,0,0,0,1,0,0,0,0,1,1,False,False,Robinsons Appliances 9988466445
star jury toys ca exhibits,0,0,0,0,0,0,0,0,0,0,0,1,1,1,False,False,STAR JURY TOYS CA EXHIBITS ( PROPERTY PRO )
robinsons appliance store bainor repair services ii,0,0,0,0,0,0,0,0,0,0,0,1,1,1,False,False,ROBINSONS APPLIANCE STORE BAINOR REPAIR SERVICES II
robinsons appliance center,0,0,0,0,0,0,0,1,0,0,0,0,1,1,False,False,Robinsons Appliance Center
roberts toys,0,0,0,0,0,0,1,0,0,0,0,0,1,1,False,False,Roberts Toys
sta lucia land inc,0,0,0,0,0,0,0,1,0,0,0,0,1,1,False,False,Sta. Lucia Land Inc.
roberts accessories khalid saud,0,0,0,0,0,0,0,0,0,0,0,1,1,1,False,False,Roberts Accessories (LIN MIN XU ) (4.44 SQM) KHALID SAUD
star sports,0,0,1,0,0,0,0,0,0,0,0,0,1,1,False,False,Star Sports
star telecom,0,0,0,0,0,0,0,0,0,0,0,1,1,1,False,False,STAR TELECOM
robert series,0,0,0,0,1,0,0,0,0,0,0,0,1,1,False,False,Robert Series
robert chicken,0,0,0,0,0,0,0,1,0,0,0,0,1,1,False,False,ROBERT CHICKEN
robelo watch repair,0,0,0,0,0,0,0,0,0,0,1,0,1,1,False,False,ROBELO WATCH REPAIR
robata by chef alexander sebastian,0,0,0,0,0,0,0,0,1,0,0,0,1,1,False,False,ROBATA BY CHEF ALEXANDER SEBASTIAN
roasted duck express,0,0,0,0,0,0,1,0,0,0,0,0,1,1,False,False,Roasted Duck Express
roasted beans & coffee shop,0,0,0,0,0,0,0,1,0,0,0,0,1,1,False,False,ROASTED BEANS & COFFEE SHOP
roasted & grilled,0,0,0,0,0,0,0,1,0,0,0,0,1,1,False,False,Roasted & Grilled
starbucks 032 8896 2755,0,0,0,0,0,0,0,1,0,0,0,0,1,1,False,False,STARBUCKS 032.8896.2755
star finder optical,0,0,0,0,0,0,0,0,1,0,0,0,1,1,False,False,STAR-FINDER OPTICAL
robinsons department store home outlet h and m cp ii,0,0,0,0,0,0,0,0,0,0,0,1,1,1,False,False,Robinsons Department Store Home Outlet ( Exhibit) H AND M CP II
stampede,1,0,0,0,0,0,0,0,0,0,0,0,1,1,False,False,STAMPEDE
robinsons department store home outlet n & l cellphone and accessories,0,0,0,0,0,0,0,0,0,0,0,1,1,1,False,False,Robinsons Department Store Home Outlet ( Exhibit) N & L CELLPHONE AND ACCESSORIES
sta teresa resto,0,0,0,0,0,0,0,1,0,0,0,0,1,1,False,False,Sta. Teresa Resto
robinsons supermaket,0,0,0,0,0,0,0,1,0,0,0,0,1,1,False,False,ROBINSONS SUPERMAKET
robinsons super market,0,0,0,0,0,0,0,1,0,0,0,0,1,1,False,False,ROBINSONS SUPER MARKET
robinsons residences,0,0,0,0,0,0,0,1,0,0,0,0,1,1,False,False,Robinsons Residences
robinsons movieworld 881 2545,0,0,0,0,0,0,0,1,0,0,0,0,1,1,False,False,ROBINSONS MOVIEWORLD (054) 881-2545
robinsons movieworld 8397 1888 loc 36029,0,0,0,0,0,0,0,1,0,0,0,0,1,1,False,False,ROBINSONS MOVIEWORLD ( 8397-1888 loc.36029
robinsons movieworld 815 7771,0,0,0,0,0,0,0,1,0,0,0,0,1,1,False,False,ROBINSONS MOVIEWORLD (085) 815-7771
robinsons movieworld 224 2822,0,0,0,0,0,0,0,1,0,0,0,0,1,1,False,False,ROBINSONS MOVIEWORLD ( 063 ) 224-2822
robinsons movieworld 0998 840 3587,0,0,0,0,0,0,0,1,0,0,0,0,1,1,False,False,ROBINSONS MOVIEWORLD (OPEN) 0998-840-3587
robinsons movieworld 0997 508 5366,0,0,0,0,0,0,0,1,0,0,0,0,1,1,False,False,ROBINSONS MOVIEWORLD (OPEN) 0997-508-5366
robinsons movieworld 0945 852 5486,0,0,0,0,0,0,0,1,0,0,0,0,1,1,False,False,ROBINSONS MOVIEWORLD 0945-852-5486 (OPEN)
sta teresa resto 9177931584,0,0,0,0,0,0,0,1,0,0,0,0,1,1,False,False,STA. TERESA RESTO 9177931584
robinsons movie world 8887 0726,0,0,0,0,0,0,0,1,0,0,0,0,1,1,False,False,ROBINSONS MOVIE WORLD (OPEN) (02) 8887-0726
stacks,0,0,0,0,0,0,0,0,1,0,0,0,1,1,False,False,STACKS
stallion fashion house,0,0,0,0,0,0,0,1,0,0,0,0,1,1,False,False,Stallion Fashion House
robinsons homes inc,0,0,0,0,0,0,0,1,0,0,0,0,1,1,False,False,Robinsons Homes Inc.
stallion fashion house 0929 318 6731,0,0,0,0,0,0,0,1,0,0,0,0,1,1,False,False,Stallion Fashion House 0929-318-6731
stamp attack,0,0,0,0,0,0,0,0,1,0,0,0,1,1,False,False,STAMP ATTACK
robinsons handyman stockroom firefly,0,0,0,0,0,0,0,0,0,0,0,1,1,1,False,False,Robinsons Handyman Stockroom FIREFLY
robinsons handyman,0,0,0,0,0,0,0,0,0,0,0,1,1,1,False,False,ROBINSON'S HANDYMAN
stamp shop fashion boutique,0,1,0,0,0,0,0,0,0,0,0,0,1,1,False,False,STAMP SHOP FASHION BOUTIQUE
stamp studio,0,0,0,0,0,0,0,0,1,0,0,0,1,1,False,False,STAMP STUDIO
robinsons department store jaju playhouse,0,0,0,0,0,0,0,0,0,0,0,1,1,1,False,False,Robinsons Department Store JAJU PLAYHOUSE
salt & stone,0,0,0,0,0,0,0,1,0,0,0,0,1,1,False,False,SALT & STONE
salt & stone wellness spa,0,0,0,0,0,0,0,0,1,0,0,0,1,1,False,False,SALT & STONE WELLNESS SPA
stud & sassy,0,0,0,0,0,1,0,0,0,0,0,0,1,1,False,False,Stud & Sassy
skin bar,0,0,0,0,0,0,1,0,0,0,0,0,1,1,False,False,Skin Bar
shakeys pizza,0,0,0,0,0,0,0,1,0,0,0,0,1,1,False,False,Shakey's Pizza
shakeys korn,0,0,0,0,0,0,0,0,0,0,0,1,1,1,False,False,SHAKEYS KORN
shakeys 9278110353,0,0,0,0,0,0,0,1,0,0,0,0,1,1,False,False,SHAKEY'S 9278110353 (OPEN)
shakeys 505 5860,0,0,0,0,0,0,0,1,0,0,0,0,1,1,False,False,SHAKEY'S (032)505-5860
shakey s,0,0,0,0,1,0,0,0,0,0,0,0,1,1,False,False,Shakey\'s
skin 911 facial and slimming centre,0,1,0,0,0,0,0,0,0,0,0,0,1,1,False,False,SKIN 911 FACIAL AND SLIMMING CENTRE
skin adept,0,0,0,0,0,0,1,0,0,0,0,0,1,1,False,False,Skin Adept
shaka cafes,0,0,0,0,0,0,0,0,1,0,0,0,1,1,False,False,SHAKA CAFES
shaka cafe,0,0,0,0,0,1,0,0,0,0,0,0,1,1,False,False,Shaka Cafe
shadows & patterns,0,0,0,0,0,0,1,0,0,0,0,0,1,1,False,False,Shadows & Patterns
shaburi kintan,0,1,0,0,0,0,0,0,0,0,0,0,1,1,False,False,SHABURI KINTAN
sha xian snack,0,0,0,0,0,1,0,0,0,0,0,0,1,1,False,False,Sha-Xian Snack
shams,0,0,0,0,0,0,0,1,0,0,0,0,1,1,False,False,Shams
skin breathe,1,0,0,0,0,0,0,0,0,0,0,0,1,1,False,False,SKIN BREATHE
skin care solutions,0,0,0,0,0,0,0,0,1,0,0,0,1,1,False,False,SKIN CARE SOLUTIONS
sgt sisig,0,0,0,0,0,0,0,0,0,0,0,1,1,1,False,False,SGT. SISIG
sgroppino italia coffee shop,0,0,0,0,0,0,0,0,1,0,0,0,1,1,False,False,SGROPPINO ITALIA COFFEE SHOP
sg urban empanada,0,0,0,0,0,0,0,1,0,0,0,0,1,1,False,False,SG Urban Empanada
sg dermatology and surgical aesthetic clinic,0,0,1,0,0,0,0,0,0,0,0,0,1,1,False,False,Sg Dermatology And Surgical Aesthetic Clinic
sg clinic,0,0,0,0,0,0,0,1,0,0,0,0,1,1,False,False,SG Clinic
sfx porcelain trading,1,0,0,0,0,0,0,0,0,0,0,0,1,1,False,False,SFX PORCELAIN TRADING
sfdc ngipin station,0,0,1,0,0,0,0,0,0,0,0,0,1,1,False,False,Sfdc Ngipin Station
skin cell,0,0,0,0,0,1,0,0,0,0,0,0,1,1,False,False,Skin Cell
skin centraal dermatology clinic,0,1,0,0,0,0,0,0,0,0,0,0,1,1,False,False,SKIN CENTRAAL DERMATOLOGY CLINIC
shama 0946 604 7577,0,0,0,0,0,0,0,1,0,0,0,0,1,1,False,False,SHAMA 0946-604-7577 (NEW)
shandie,0,0,0,0,0,0,0,1,0,0,0,0,1,1,False,False,Shandie
sexy on jeans philippine savings bank,0,0,0,0,0,0,0,0,0,0,0,1,1,1,False,False,SEXY ON JEANS PHILIPPINE SAVINGS BANK
sjm watch services,0,0,0,0,0,0,0,0,1,0,0,0,1,1,False,False,SJM WATCH SERVICES
sheenas sleek,1,0,0,0,0,0,0,0,0,0,0,0,1,1,False,False,SHEENA'S SLEEK
sheeha money changer,0,0,0,0,0,1,0,0,0,0,0,0,1,1,False,False,Sheeha Money Changer
shee bakes,0,0,0,0,0,0,0,1,0,0,0,0,1,1,False,False,SHEE BAKES
shearmahz,0,0,0,0,0,0,0,0,1,0,0,0,1,1,False,False,SHEARMAHZ
shaxia snack house,0,0,0,0,0,1,0,0,0,0,0,0,1,1,False,False,Shaxia Snack House
shawie nails spa,0,1,0,0,0,0,0,0,0,0,0,0,1,1,False,False,SHAWIE NAILS SPA
shawarma shack 9298246713,0,0,0,0,0,0,0,1,0,0,0,0,1,1,False,False,Shawarma Shack 9298246713
shawarma shack 0917 573 2556,0,0,0,0,0,0,0,1,0,0,0,0,1,1,False,False,SHAWARMA SHACK 0917-573-2556 (NEW)
sizzling smoque,0,0,0,0,0,0,0,0,1,0,0,0,1,1,False,False,SIZZLING SMOQUE
shawarma lover,0,0,0,0,0,0,0,1,0,0,0,0,1,1,False,False,Shawarma Lover
sj lifestyle,0,0,1,0,0,0,0,0,0,0,0,0,1,1,False,False,Sj Lifestyle
sk pierceson,0,0,0,0,0,0,0,1,0,0,0,0,1,1,False,False,SK. PIERCESON
shanghai express,0,0,0,0,0,1,0,0,0,0,0,0,1,1,False,False,Shanghai Express
shawarma craze,0,0,0,0,0,0,0,1,0,0,0,0,1,1,False,False,SHAWARMA CRAZE
shawarma,0,1,0,0,0,0,0,0,0,0,0,0,1,1,False,False,SHAWARMA
sharmainescakes and patries,0,0,0,0,0,0,0,1,0,0,0,0,1,1,False,False,Sharmaines'Cakes and Patries
shark ninja,0,0,1,0,0,0,0,0,0,0,0,0,1,1,False,False,Shark Ninja
sharetea,0,0,0,0,0,0,0,1,0,0,0,0,1,1,False,False,Sharetea
skewd,0,0,0,0,0,0,0,1,0,0,0,0,1,1,False,False,SKEW'D
shapes and sizes,0,1,0,0,0,0,0,0,0,0,0,0,1,1,False,False,SHAPES AND SIZES
shanylle p h,0,0,0,0,0,0,1,0,0,0,0,0,1,1,False,False,Shanylle P.h
skin,0,1,0,0,0,0,0,0,0,0,0,0,1,1,False,False,SKIN +
skin & body,0,0,1,0,0,0,0,0,0,0,0,0,1,1,False,False,Skin & Body
shanghai saloon,0,0,0,0,0,0,0,0,1,0,0,0,1,1,False,False,SHANGHAI SALOON
seyah collection,0,0,0,0,0,0,0,0,0,0,0,1,1,1,False,False,SEYAH COLLECTION
skin doctors,0,0,0,0,1,0,0,0,0,0,0,0,1,1,False,False,Skin Doctors
skintrends,0,0,0,0,0,0,0,0,1,0,0,0,1,1,False,False,SKINTRENDS
seoul food house,0,0,0,0,0,0,0,1,0,0,0,0,1,1,False,False,Seoul Food House
skin trends,0,0,0,0,0,1,0,0,0,0,0,0,1,1,False,False,Skin Trends
seoulgyupsal open,0,0,0,0,0,0,0,1,0,0,0,0,1,1,False,False,Seoulgyupsal OPEN
skin u love,0,0,0,0,0,0,0,0,1,0,0,0,1,1,False,False,SKIN U LOVE
seoul station,0,0,0,0,0,1,0,0,0,0,0,0,1,1,False,False,Seoul Station
skincare rx,0,0,0,0,0,0,1,0,0,0,0,0,1,1,False,False,Skincare Rx
skincell advanced aesthetic clinics,0,1,0,0,0,0,0,0,0,0,0,0,1,1,False,False,SKINCELL ADVANCED AESTHETIC CLINICS
seoul mate home kitchen,0,0,0,0,0,1,0,0,0,0,0,0,1,1,False,False,Seoul Mate Home Kitchen
skines,0,0,0,1,0,0,0,0,0,0,0,0,1,1,False,False,Skines
seoul korean grill cuisine,0,1,0,0,0,0,0,0,0,0,0,0,1,1,False,False,SEOUL KOREAN GRILL + CUISINE
skinmode tattoo,0,0,0,0,1,0,0,0,0,0,0,0,1,1,False,False,Skinmode Tattoo
skinology spa wellness center,0,0,0,0,0,0,0,0,1,0,0,0,1,1,False,False,SKINOLOGY SPA WELLNESS CENTER
sentro cafe,0,0,0,0,0,0,0,0,1,0,0,0,1,1,False,False,SENTRO CAFE
serafina,0,0,0,0,0,0,0,0,1,0,0,0,1,1,False,False,SERAFINA
skinrev aesthetic clinic,0,0,0,0,0,0,0,0,1,0,0,0,1,1,False,False,SKINREV AESTHETIC CLINIC
senses,0,0,0,0,0,0,0,1,0,0,0,0,1,1,False,False,SENSES
sensei exhibit,0,0,0,0,0,0,0,1,0,0,0,0,1,1,False,False,SENSEI EXHIBIT
sensei,0,0,1,0,0,0,0,0,0,0,0,0,1,1,False,False,Sensei
skintech,0,1,0,0,0,0,0,0,0,0,0,0,1,1,False,False,SKINTECH
skintech face & beauty center,0,0,1,0,0,0,0,0,0,0,0,0,1,1,False,False,Skintech Face & Beauty Center
senorita de bacolod,0,0,0,0,0,0,0,0,1,0,0,0,1,1,False,False,SEÑORITA DE BACOLOD
skinthetics,0,0,0,0,0,0,0,1,0,0,0,0,1,1,False,False,SKINTHETICS
senor sabores tacos nachos wings,0,0,0,0,0,0,0,0,1,0,0,0,1,1,False,False,SEÑOR SABORES TACOS NACHOS WINGS
senor pollo,0,0,0,0,0,0,1,0,0,0,0,0,1,1,False,False,Senor Pollo
senor barbershop,0,0,0,0,0,1,0,0,0,0,0,0,1,1,False,False,Señor Barbershop
skin touch,0,0,1,0,0,0,0,0,0,0,0,0,1,1,False,False,Skin Touch
skin studio,0,0,0,0,0,0,0,1,0,0,0,0,1,1,False,False,Skin Studio
skin doctors beauty and wellness,0,0,0,0,1,0,0,0,0,0,0,0,1,1,False,False,Skin Doctors Beauty and Wellness
seven gems jewelry,0,0,0,0,0,0,0,0,1,0,0,0,1,1,False,False,SEVEN GEMS JEWELRY
sewing room and alterations specialist,0,0,0,0,0,1,0,0,0,0,0,0,1,1,False,False,The Sewing Room And Alterations Specialist
skin files beauty lounge,0,0,0,0,0,0,0,0,1,0,0,0,1,1,False,False,SKIN FILES BEAUTY LOUNGE
skin hub aesthetic laser center,0,0,0,0,0,0,0,0,1,0,0,0,1,1,False,False,SKIN HUB AESTHETIC LASER CENTER
skin magical,0,0,0,0,0,0,0,1,0,0,0,0,1,1,False,False,Skin Magical
sewing bar,0,1,0,0,0,0,0,0,0,0,0,0,1,1,False,False,SEWING BAR
sew terrific,0,0,0,0,0,0,1,0,0,0,0,0,1,1,False,False,Sew Terrific
sew it right,0,0,0,0,0,0,0,0,0,0,1,0,1,1,False,False,Sew It Right
sew fit upcycling alterations,0,0,0,0,0,0,0,0,1,0,0,0,1,1,False,False,SEW FIT UPCYCLING ALTERATIONS
sew and fit alterations,0,0,0,0,0,1,0,0,0,0,0,0,1,1,False,False,Sew and Fit Alterations
seventh j,0,0,0,0,0,0,1,0,0,0,0,0,1,1,False,False,Seventh J
seven seven,0,0,0,0,0,0,0,1,0,0,0,0,1,1,False,False,Seven Seven
sesou,0,0,0,0,0,0,0,0,1,0,0,0,1,1,False,False,SESOU
serenes hair extension and spa,0,0,0,0,0,0,0,0,1,0,0,0,1,1,False,False,SERENES HAIR EXTENSION AND SPA
servicio,0,0,0,0,0,0,0,0,1,0,0,0,1,1,False,False,SERVICIO
serta,0,1,0,0,0,0,0,0,0,0,0,0,1,1,False,False,SERTA
skin nurse,0,0,0,0,0,0,0,1,0,0,0,0,1,1,False,False,SKIN NURSE
skin perfect temporarily closed,0,0,0,0,0,0,0,1,0,0,0,0,1,1,False,False,Skin Perfect TEMPORARILY CLOSED
skin plus,0,0,0,0,0,0,0,0,1,0,0,0,1,1,False,False,SKIN PLUS
skin rejuve,0,0,0,0,0,0,0,0,1,0,0,0,1,1,False,False,SKIN REJUVE
skin republic,0,0,0,0,0,1,0,0,0,0,0,0,1,1,False,False,Skin Republic
serious player only,0,0,0,0,0,0,1,0,0,0,0,0,1,1,False,False,Serious Player Only
serinas fashion jewelry,0,0,0,0,0,0,0,1,0,0,0,0,1,1,False,False,SERINA'S FASHION JEWELRY
serinas,0,0,0,0,0,0,0,1,0,0,0,0,1,1,False,False,SERINA'S
skin story beauty lounge,0,0,0,0,0,0,0,0,1,0,0,0,1,1,False,False,SKIN STORY BEAUTY LOUNGE
sizzling seafoods,0,0,0,0,0,0,0,1,0,0,0,0,1,1,False,False,Sizzling Seafoods
shell ev charging station,0,0,0,0,0,0,0,1,0,0,0,0,1,1,False,False,Shell EV Charging Station
sherean fashion,0,0,0,0,0,0,0,1,0,0,0,0,1,1,False,False,Sherean Fashion
siomai house empanada espesyal,0,0,0,0,0,0,0,0,0,0,0,1,1,1,False,False,SIOMAI HOUSE/EMPANADA ESPESYAL
siennalos,0,0,0,0,0,0,0,0,1,0,0,0,1,1,False,False,SIENNALOS
sio republic,0,0,0,0,0,0,0,0,1,0,0,0,1,1,False,False,SIO REPUBLIC
sidechick,0,0,0,0,0,0,0,0,1,0,0,0,1,1,False,False,SIDECHICK
side quest,0,0,0,0,0,0,1,0,0,0,0,0,1,1,False,False,Side Quest
sio yummy,0,1,0,0,0,0,0,0,0,0,0,0,1,1,False,False,SIO-YUMMY
sicilian roast,0,0,0,0,0,0,0,0,1,0,0,0,1,1,False,False,SICILIAN ROAST
siomai district,0,0,0,0,0,0,0,0,1,0,0,0,1,1,False,False,SIOMAI DISTRICT
sibyullee,0,0,0,0,0,0,1,0,0,0,0,0,1,1,False,False,Sibyullee
siargao de palmas,0,0,0,0,0,0,0,0,1,0,0,0,1,1,False,False,SIARGAO DE PALMAS
siomai express,0,0,0,0,0,0,0,1,0,0,0,0,1,1,False,False,Siomai Express
siam thai,0,0,0,0,0,0,1,0,0,0,0,0,1,1,False,False,Siam Thai
shylaer sizzling steak,0,0,0,0,0,0,0,0,1,0,0,0,1,1,False,False,SHYLAER SIZZLING STEAK
sier,0,0,0,0,0,0,0,1,0,0,0,0,1,1,False,False,SIER
shuyi grass jelly,0,0,0,0,0,1,0,0,0,0,0,0,1,1,False,False,Shuyi Grass Jelly
shuyi,0,0,0,0,0,1,0,0,0,0,0,0,1,1,False,False,Shuyi
siomai house exterior,0,0,0,0,0,0,0,0,0,1,0,0,1,1,False,False,SIOMAI HOUSE EXTERIOR
shuomai,0,0,0,0,0,0,0,1,0,0,0,0,1,1,False,False,SHUOMAI
siomai house minigem,0,0,0,0,0,0,0,0,0,0,0,1,1,1,False,False,SIOMAI HOUSE Minigem (#43)
siomai house unlimited,0,0,1,0,0,0,0,0,0,0,0,0,1,1,False,False,Siomai House Unlimited
shukey key duplicator,0,0,0,0,0,0,0,1,0,0,0,0,1,1,False,False,Shukey Key Duplicator
shui head spa,0,0,0,0,0,0,0,0,1,0,0,0,1,1,False,False,SHUI HEAD SPA
siomai king 0908 783 0318,0,0,0,0,0,0,0,1,0,0,0,0,1,1,False,False,SIOMAI KING 0908 783 0318
siomai king 9954641325,0,0,0,0,0,0,0,1,0,0,0,0,1,1,False,False,Siomai King 9954641325
siomai sa tisa,0,0,0,0,0,0,0,1,0,0,0,0,1,1,False,False,SIOMAI SA TISA
sio cha,0,0,0,0,0,1,0,0,0,0,0,0,1,1,False,False,Sio-Cha
siete estrellas inc,0,0,0,0,0,0,0,0,0,0,0,1,1,1,False,False,"SIETE ESTRELLAS, INC."
sizzling race,0,0,0,0,0,0,0,1,0,0,0,0,1,1,False,False,Sizzling Race
simply fashion boutique asgar store,0,0,0,0,0,0,0,0,0,0,0,1,1,1,False,False,SIMPLY FASHION BOUTIQUE ASGAR STORE
silverich,0,0,0,0,1,0,0,0,0,0,0,0,1,1,False,False,Silverich
silverholic,0,0,0,0,0,0,0,0,1,0,0,0,1,1,False,False,SILVERHOLIC
simon designs,0,0,0,0,0,0,0,0,1,0,0,0,1,1,False,False,SIMON DESIGNS
simple & whole,0,0,0,0,0,0,0,0,1,0,0,0,1,1,False,False,SIMPLE & WHOLE
simple jump,0,0,0,0,0,0,0,0,1,0,0,0,1,1,False,False,SIMPLE JUMP
simplicitea place,0,0,0,0,0,0,0,0,1,0,0,0,1,1,False,False,SIMPLICITEA PLACE
silver gems,0,0,0,0,0,0,0,1,0,0,0,0,1,1,False,False,SILVER GEMS
silver gadgets tech and services,0,0,0,0,0,0,0,1,0,0,0,0,1,1,False,False,SILVER GADGETS TECH AND SERVICES
simplicity crafts frames county,0,0,0,0,0,0,0,0,1,0,0,0,1,1,False,False,SIMPLICITY CRAFTS FRAMES COUNTY
silver gadget tech and services,0,0,0,0,0,0,0,0,1,0,0,0,1,1,False,False,SILVER GADGET TECH AND SERVICES
silver gadget tech & services,0,0,0,0,0,0,0,1,0,0,0,0,1,1,False,False,Silver Gadget Tech & Services
silver collections,0,0,0,0,0,0,0,1,0,0,0,0,1,1,False,False,Silver Collections
sifra,0,1,0,0,0,0,0,0,0,0,0,0,1,1,False,False,SIFRA
silver best,1,0,0,0,0,0,0,0,0,0,0,0,1,1,False,False,SILVER BEST
silog express,0,0,1,0,0,0,0,0,0,0,0,0,1,1,False,False,Silog Express
silkygirl,0,0,0,0,0,0,0,0,0,0,0,1,1,1,False,False,SILKYGIRL
silicon valley kimencier,0,0,0,0,0,0,0,0,0,0,0,1,1,1,False,False,SILICON VALLEY KIMENCIER
simula ph,0,1,0,0,0,0,0,0,0,0,0,0,1,1,False,False,SIMULA PH
silantro fil mex cantina,0,1,0,0,0,0,0,0,0,0,0,0,1,1,False,False,SILANTRO FIL-MEX CANTINA
silantro,0,0,0,0,0,1,0,0,0,0,0,0,1,1,False,False,Silantro
sikwate house,0,0,0,0,0,0,0,1,0,0,0,0,1,1,False,False,SIKWATE HOUSE
sincerity,0,0,0,0,0,1,0,0,0,0,0,0,1,1,False,False,Sincerity
signet,0,0,0,0,0,0,0,1,0,0,0,0,1,1,False,False,SIGNET
sift laureana,0,0,0,0,0,1,0,0,0,0,0,0,1,1,False,False,Sift Laureana
shou la mien hand pulled noodles,0,1,0,0,0,0,0,0,0,0,0,0,1,1,False,False,SHOU LA MIEN HAND-PULLED NOODLES
sip and gogh,0,0,0,0,0,1,0,0,0,0,0,0,1,1,False,False,Sip And Gogh
sip n stack,0,0,1,0,0,0,0,0,0,0,0,0,1,1,False,False,Sip N Stack
six doors buffet,0,0,0,0,0,1,0,0,0,0,0,0,1,1,False,False,Six Doors Buffet
sit rest massage station,0,0,0,0,0,0,0,0,1,0,0,0,1,1,False,False,SIT REST MASSAGE STATION
site for eyes optical clinic,0,0,0,0,0,0,0,0,1,0,0,0,1,1,False,False,SITE FOR EYES OPTICAL CLINIC
shipshape,0,0,0,0,0,1,0,0,0,0,0,0,1,1,False,False,Shipshape
shiotis,0,0,0,0,0,0,1,0,0,0,0,0,1,1,False,False,Shiotis
sitsirya,0,0,0,0,0,0,1,0,0,0,0,0,1,1,False,False,Sitsirya
shinju massage clinic,0,0,0,0,0,0,0,0,1,0,0,0,1,1,False,False,SHINJU MASSAGE CLINIC
shing fang,0,0,0,0,0,0,0,0,1,0,0,0,1,1,False,False,SHING FANG
sitting massage clinic,0,0,0,0,0,0,0,1,0,0,0,0,1,1,False,False,Sitting Massage Clinic
shine salon,0,0,0,0,0,0,0,1,0,0,0,0,1,1,False,False,Shine Salon
shine korean salon,0,0,0,0,0,1,0,0,0,0,0,0,1,1,False,False,Shine Korean Salon
shimmian,0,0,0,0,0,0,0,0,1,0,0,0,1,1,False,False,SHIMMIAN
sizzle corner,0,0,0,0,0,0,0,1,0,0,0,0,1,1,False,False,SIZZLE CORNER
sir george salon,0,0,0,0,0,1,0,0,0,0,0,0,1,1,False,False,Sir George Salon
sizzle mania,0,0,0,0,0,0,0,1,0,0,0,0,1,1,False,False,SIZZLE MANIA
shielas fashion,0,0,0,0,0,0,0,1,0,0,0,0,1,1,False,False,SHIELA'S FASHION
sizzlers steak & chops,0,0,0,0,0,1,0,0,0,0,0,0,1,1,False,False,Sizzlers Steak & Chops
sizzlers steak and chops,0,0,0,0,0,0,0,1,0,0,0,0,1,1,False,False,Sizzlers Steak and Chops
sizzlers steaks and chops 0928 559 0043,0,0,0,0,0,0,0,1,0,0,0,0,1,1,False,False,SIZZLERS STEAKS AND CHOPS 0928-559-0043
shi takoyaki,0,0,0,0,0,0,0,0,1,0,0,0,1,1,False,False,SHI' TAKOYAKI
shi shi noodle house,0,0,0,0,0,0,0,0,1,0,0,0,1,1,False,False,SHI SHI NOODLE HOUSE
sizzlig,0,0,0,0,0,0,0,1,0,0,0,0,1,1,False,False,Sizzlig
sizzling city,0,0,0,0,0,0,0,0,1,0,0,0,1,1,False,False,SIZZLING CITY
shi ki sai,0,0,0,0,0,1,0,0,0,0,0,0,1,1,False,False,Shi Ki Sai
sizzling cuisine,0,0,0,0,0,0,0,1,0,0,0,0,1,1,False,False,Sizzling Cuisine
shirley jewelry,0,0,0,0,1,0,0,0,0,0,0,0,1,1,False,False,Shirley Jewelry
shiro,0,0,0,0,1,0,0,0,0,0,0,0,1,1,False,False,Shiro
shirt circuit,0,1,0,0,0,0,0,0,0,0,0,0,1,1,False,False,SHIRT CIRCUIT
shirts & tee,0,0,0,0,0,0,0,1,0,0,0,0,1,1,False,False,Shirts & Tee
shopwise supermarket,0,0,1,0,0,0,0,0,0,0,0,0,1,1,False,False,Shopwise Supermarket
shopwise international grocery,1,0,0,0,0,0,0,0,0,0,0,0,1,1,False,False,Shopwise International Grocery
shopwise,0,1,0,0,0,0,0,0,0,0,0,0,1,1,False,False,SHOPWISE
sir george salon aurom,0,0,0,0,0,0,0,0,1,0,0,0,1,1,False,False,SIR GEORGE SALON AUROM
sir sisig,0,0,0,0,0,0,0,1,0,0,0,0,1,1,False,False,SIR SISIG
shopaholics galaxy burger,0,0,0,0,0,0,0,0,0,0,0,1,1,1,False,False,SHOPAHOLICS GALAXY BURGER
shomai heart,0,0,0,0,0,0,0,1,0,0,0,0,1,1,False,False,Shomai Heart
shokuji,0,0,0,0,0,0,1,0,0,0,0,0,1,1,False,False,Shokuji
shokudo,0,0,0,0,0,0,0,0,1,0,0,0,1,1,False,False,SHOKUDO
shoesalon,0,0,1,0,0,0,0,0,0,0,0,0,1,1,False,False,Shoesalon
sir tseff,0,0,0,0,0,1,0,0,0,0,0,0,1,1,False,False,Sir Tseff'
shoefix master shoes and bags repair & key duplication,0,0,0,0,0,0,0,1,0,0,0,0,1,1,False,False,SHOEFIX MASTER SHOES AND BAGS REPAIR & KEY DUPLICATION
shoebox,0,0,0,0,0,0,0,1,0,0,0,0,1,1,False,False,SHOEBOX
sisig express,0,0,1,0,0,0,0,0,0,0,0,0,1,1,False,False,Sisig Express
sisig express minigem,0,0,0,0,0,0,0,0,0,0,0,1,1,1,False,False,SISIG EXPRESS MINIGEM (#45)
sisig hooray gourmet express,0,0,0,0,0,0,0,0,1,0,0,0,1,1,False,False,SISIG HOORAY GOURMET EXPRESS
shoe game,0,0,0,0,0,0,0,0,1,0,0,0,1,1,False,False,SHOE GAME
sisig station,0,0,0,0,0,0,0,1,0,0,0,0,1,1,False,False,SISIG STATION
sit & rest massage station,0,0,0,0,0,0,0,1,0,0,0,0,1,1,False,False,SIT & REST MASSAGE STATION
shoe crew ph,0,0,0,0,0,0,0,0,1,0,0,0,1,1,False,False,SHOE CREW PH
shizuru,0,0,0,0,0,0,0,0,1,0,0,0,1,1,False,False,SHIZURU
shitako takoyaki and pita wrap express,0,1,0,0,0,0,0,0,0,0,0,0,1,1,False,False,SHITAKO TAKOYAKI AND PITA WRAP EXPRESS
sit and rest,0,0,0,0,1,0,0,0,0,0,0,0,1,1,False,False,Sit and Rest
sendem,0,1,0,0,0,0,0,0,0,0,0,0,1,1,False,False,SENDEM
skintrends the acne authority,0,0,0,0,0,0,0,0,0,0,1,0,1,1,False,False,SkinTrends The Acne Authority
sole depot,0,1,0,0,0,0,0,0,0,0,0,0,1,1,False,False,SOLE DEPOT
sano frozen yogurt,0,0,0,0,0,0,0,1,0,0,0,0,1,1,False,False,SANO FROZEN YOGURT
santibanez flower shop,0,1,0,0,0,0,0,0,0,0,0,0,1,1,False,False,SANTIBAÑEZ FLOWER SHOP
santa barbara polo & raquet 9632236124,0,0,0,0,0,0,0,1,0,0,0,0,1,1,False,False,SANTA BARBARA POLO & RAQUET 9632236124
santa barbara,0,0,0,0,0,1,0,0,0,0,0,0,1,1,False,False,Santa Barbara
sans rival cakes and pastries,0,0,0,0,0,0,0,1,0,0,0,0,1,1,False,False,Sans Rival Cakes and Pastries
so fashionable,0,0,0,0,0,0,0,0,0,0,0,1,1,1,False,False,SO FASHIONABLE
so good gift shop,0,0,0,0,0,0,0,1,0,0,0,0,1,1,False,False,SO GOOD GIFT SHOP
sans rival cake and pastries,0,0,0,0,0,0,0,1,0,0,0,0,1,1,False,False,SANS RIVAL CAKE AND PASTRIES
sans rival bistro,0,0,1,0,0,0,0,0,0,0,0,0,1,1,False,False,Sans Rival Bistro
so good gift shop 9356219291,0,0,0,0,0,0,0,1,0,0,0,0,1,1,False,False,So Good Gift Shop 9356219291
sans rival,0,0,0,0,0,0,0,1,0,0,0,0,1,1,False,False,SANS RIVAL
sobra cafe,0,0,0,0,0,0,0,1,0,0,0,0,1,1,False,False,SOBRA CAFE
sankyodai sushi bar,0,1,0,0,0,0,0,0,0,0,0,0,1,1,False,False,SANKYODAI SUSHI BAR
so be near,0,0,0,0,0,0,0,1,0,0,0,0,1,1,False,False,So Be Near
sanitize us,0,0,1,0,0,0,0,0,0,0,0,0,1,1,False,False,Sanitize Us
sangyupsal house 9121180732 09654654670,0,0,0,0,0,0,0,1,0,0,0,0,1,1,False,False,Sangyupsal House 9121180732/09654654670
sandztel mobile,0,0,0,0,0,0,0,0,1,0,0,0,1,1,False,False,SANDZTEL MOBILE
social,0,1,0,0,0,0,0,0,0,0,0,0,1,1,False,False,THE SOCIAL
sandugo storage room yash gadgets,0,0,0,0,0,0,0,0,0,0,0,1,1,1,False,False,SANDUGO STORAGE ROOM YASH GADGETS
sandugo stockroom,0,0,0,0,0,0,0,0,0,0,0,1,1,1,False,False,SANDUGO STOCKROOM
sandugo sandals,0,1,0,0,0,0,0,0,0,0,0,0,1,1,False,False,SANDUGO SANDALS
social donuts,0,0,0,0,0,0,0,1,0,0,0,0,1,1,False,False,The Social Donuts
sandok ni teng,0,0,1,0,0,0,0,0,0,0,0,0,1,1,False,False,Sandok Ni Teng
sandok,0,0,0,0,1,0,0,0,0,0,0,0,1,1,False,False,Sandok
sandobox,0,0,0,0,0,0,0,1,0,0,0,0,1,1,False,False,SANDOBOX
santino s,0,0,0,0,1,0,0,0,0,0,0,0,1,1,False,False,Santino\'s
snowpy ice cream mini gem exhibit,0,0,0,0,0,0,0,0,0,0,0,1,1,1,False,False,SNOWPY ICE CREAM MINI GEM EXHIBIT
sandbox clinic,0,0,0,0,0,0,0,1,0,0,0,0,1,1,False,False,SANDBOX CLINIC (0917-118-9289)
sarabia optical 9062676755,0,0,0,0,0,0,0,1,0,0,0,0,1,1,False,False,Sarabia Optical 9062676755
sassa,0,0,1,0,0,0,0,0,0,0,0,0,1,1,False,False,Sassa
sasa cafe,0,0,0,0,0,0,0,1,0,0,0,0,1,1,False,False,SASA CAFE
sariwon,0,1,0,0,0,0,0,0,0,0,0,0,1,1,False,False,SARIWON
sarahs bakeshop,0,0,0,0,0,0,0,0,1,0,0,0,1,1,False,False,SARAH'S BAKESHOP
snacks,0,0,0,0,0,0,0,0,1,0,0,0,1,1,False,False,SNACKS
sarah lea travel and tours,0,0,0,0,0,0,0,1,0,0,0,0,1,1,False,False,SARAH LEA TRAVEL AND TOURS
sarah fashion,0,0,0,0,0,0,0,1,0,0,0,0,1,1,False,False,SARAH FASHION
sarah & sophie trading,0,1,0,0,0,0,0,0,0,0,0,0,1,1,False,False,SARAH & SOPHIE TRADING
snacktime dc,0,0,0,0,0,0,0,0,1,0,0,0,1,1,False,False,SNACKTIME - DC
sarabia optical world,0,1,0,0,0,0,0,0,0,0,0,0,1,1,False,False,SARABIA OPTICAL WORLD
snacktime imax,0,0,0,0,0,0,0,0,1,0,0,0,1,1,False,False,SNACKTIME - IMAX
snakyard 9190893201,0,0,0,0,0,0,0,1,0,0,0,0,1,1,False,False,SNAKYARD 9190893201
snow plus,0,0,0,0,0,0,0,1,0,0,0,0,1,1,False,False,Snow Plus
sneaker box,0,0,0,0,0,0,1,0,0,0,0,0,1,1,False,False,Sneaker Box
sapatero plus,0,1,0,0,0,0,0,0,0,0,0,0,1,1,False,False,SAPATERO PLUS
sneakerbox manila,0,0,0,0,0,1,0,0,0,0,0,0,1,1,False,False,SneakerBox Manila
sanyang furniture,0,0,0,0,0,0,0,1,0,0,0,0,1,1,False,False,Sanyang Furniture
santos land,0,0,0,0,1,0,0,0,0,0,0,0,1,1,False,False,Santos Land
santorini dental digital express,0,0,0,0,0,0,0,0,1,0,0,0,1,1,False,False,SANTORINI DENTAL DIGITAL EXPRESS
snooze,1,0,0,0,0,0,0,0,0,0,0,0,1,1,False,False,SNOOZE
santis deli,0,1,0,0,0,0,0,0,0,0,0,0,1,1,False,False,SANTI'S DELI
snow clean laundry service,0,0,0,0,0,1,0,0,0,0,0,0,1,1,False,False,Snow Clean Laundry Service
santinos supreme slice,0,0,0,0,0,0,0,0,0,1,0,0,1,1,False,False,SANTINO'S SUPREME SLICE
santinos supreme italian pizza,0,1,0,0,0,0,0,0,0,0,0,0,1,1,False,False,SANTINO'S SUPREME ITALIAN PIZZA
social housing finance corp,0,0,1,0,0,0,0,0,0,0,0,0,1,1,False,False,Social Housing Finance Corp
sanbry mens grooming house,0,0,0,0,0,1,0,0,0,0,0,0,1,1,False,False,Sanbry Men's Grooming House
skinwell aesthetic spa,0,0,0,0,0,0,0,0,0,0,0,1,1,1,False,False,SKINWELL AESTHETIC SPA
samgyup rice bowl,0,0,0,0,0,0,0,1,0,0,0,0,1,1,False,False,Samgyup Rice Bowl
sogeum by soban,0,0,0,0,0,0,0,1,0,0,0,0,1,1,False,False,SOGEUM BY SOBAN
sams everthing on sticks,0,0,0,0,0,0,0,1,0,0,0,0,1,1,False,False,SAM'S EVERTHING ON STICKS
sams,0,0,0,0,0,0,0,1,0,0,0,0,1,1,False,False,Sam's
samnice weeding treats of la,0,0,0,0,0,0,0,0,0,0,0,1,1,1,False,False,SAMNICE WEEDING TREATS OF LA
sogo home,1,0,0,0,0,0,0,0,0,0,0,0,1,1,False,False,SOGO HOME
samgyupsal,0,0,0,0,0,0,0,1,0,0,0,0,1,1,False,False,THE SAMGYUPSAL
samgyupsaab korean bbq 0985 532 2098,0,0,0,0,0,0,0,1,0,0,0,0,1,1,False,False,Samgyupsaab Korean BBQ 0985 532 2098
samgyupsaab korean bbq,0,0,0,0,0,0,0,0,1,0,0,0,1,1,False,False,SAMGYUPSAAB KOREAN BBQ
sogo home & office centre,0,0,0,0,0,0,0,1,0,0,0,0,1,1,False,False,Sogo Home & Office Centre
samgyupchill,0,0,0,0,0,0,0,1,0,0,0,0,1,1,False,False,SAMGYUPCHILL
sogo home & office furniture,0,1,0,0,0,0,0,0,0,0,0,0,1,1,False,False,SOGO HOME & OFFICE FURNITURE
samgyup korean restaurant,0,0,0,0,0,0,0,0,1,0,0,0,1,1,False,False,SAMGYUP KOREAN RESTAURANT
softy ice cream,0,0,0,0,0,0,0,0,0,0,0,1,1,1,False,False,SOFTY ICE CREAM
samgyuniku unlimited japanese korean bbq,0,0,1,0,0,0,0,0,0,0,0,0,1,1,False,False,Samgyuniku Unlimited Japanese Korean Bbq
sogo home and office center,0,0,0,0,0,0,0,1,0,0,0,0,1,1,False,False,Sogo Home and Office Center
sogo office & home furniture,0,0,0,0,0,0,0,1,0,0,0,0,1,1,False,False,Sogo Office & Home Furniture
samgyniku,0,0,0,0,0,0,0,1,0,0,0,0,1,1,False,False,SAMGYNIKU
samgyeop masarap,0,0,0,0,0,0,1,0,0,0,0,0,1,1,False,False,Samgyeop Masarap
sameer,0,0,0,0,0,0,0,1,0,0,0,0,1,1,False,False,SAMEER
sambokojin,0,0,0,0,0,0,0,0,1,0,0,0,1,1,False,False,SAMBOKOJIN
samathas steamboat,0,0,0,0,0,0,0,1,0,0,0,0,1,1,False,False,Samatha's Steamboat
sam stew,0,1,0,0,0,0,0,0,0,0,0,0,1,1,False,False,SAM STEW
sole avenue,0,1,0,0,0,0,0,0,0,0,0,0,1,1,False,False,SOLE AVENUE
salvatore cuomo cafe,0,0,0,0,0,0,0,0,1,0,0,0,1,1,False,False,SALVATORE CUOMO CAFE
sogamiga,0,0,1,0,0,0,0,0,0,0,0,0,1,1,False,False,Sogamiga
samsung 5320034,0,0,0,0,0,0,0,1,0,0,0,0,1,1,False,False,Samsung 5320034
social technomatic save n earn,0,0,0,0,0,0,0,1,0,0,0,0,1,1,False,False,SOCIAL TECHNOMATIC / SAVE N' EARN
samui,0,0,0,0,0,0,0,0,1,0,0,0,1,1,False,False,SAMUI
sana lamig,0,0,1,0,0,0,0,0,0,0,0,0,1,1,False,False,Sana Lamig
san yang home,0,0,1,0,0,0,0,0,0,0,0,0,1,1,False,False,San-yang Home
social technomatic save n earn 9481175744,0,0,0,0,0,0,0,1,0,0,0,0,1,1,False,False,Social Technomatic/Save N' Earn 9481175744
san salvador dental clinic,0,0,0,1,0,0,0,0,0,0,0,0,1,1,False,False,San Salvador Dental Clinic
san roque retrouvaille center,0,0,0,0,0,0,0,0,1,0,0,0,1,1,False,False,SAN ROQUE RETROUVAILLE CENTER
socialite collecitons,0,0,0,0,0,1,0,0,0,0,0,0,1,1,False,False,Socialite Collecitons
san guo la mien,0,0,0,0,0,1,0,0,0,0,0,0,1,1,False,False,San Guo La Mien
san diegos fab,0,1,0,0,0,0,0,0,0,0,0,0,1,1,False,False,SAN DIEGO'S FAB
san augusto driving school,0,0,0,0,0,0,0,0,1,0,0,0,1,1,False,False,SAN AUGUSTO DRIVING SCHOOL
socialites driving school,0,1,0,0,0,0,0,0,0,0,0,0,1,1,False,False,SOCIALITES DRIVING SCHOOL
samyan thai street food,0,0,0,0,0,0,0,1,0,0,0,0,1,1,False,False,SAMYAN THAI STREET FOOD
sodam,0,0,0,0,0,0,0,1,0,0,0,0,1,1,False,False,SODAM
samsung 8961 3056,0,0,0,0,0,0,0,1,0,0,0,0,1,1,False,False,Samsung 8961-3056
samsung suzuki,0,0,0,0,0,0,0,0,0,0,0,1,1,1,False,False,Samsung SUZUKI
soen broadway picture city cinnun tronix evans,0,0,0,0,0,0,0,0,0,0,0,1,1,1,False,False,"SOEN, BROADWAY, PICTURE CITY, CINNUN, TRONIX, EVANS"
samsung service center,0,0,0,0,1,0,0,0,0,0,0,0,1,1,False,False,Samsung Service Center
soen jwin cellphone loading and computer accessories,0,0,0,0,0,0,0,0,0,0,0,1,1,1,False,False,"SOEN JWIN CELLPHONE, LOADING AND COMPUTER ACCESSORIES"
samsung optical,1,0,0,0,0,0,0,0,0,0,0,0,1,1,False,False,SAMSUNG OPTICAL
samsung mobile captains burger,0,0,0,0,0,0,0,0,0,0,0,1,1,1,False,False,SAMSUNG MOBILE CAPTAINS BURGER
softawalk,0,0,0,0,0,0,0,1,0,0,0,0,1,1,False,False,Softawalk
samsung experience store,0,0,0,0,0,0,0,1,0,0,0,0,1,1,False,False,Samsung Experience Store
samsung concept store,0,0,0,0,0,0,0,1,0,0,0,0,1,1,False,False,Samsung Concept Store
samsung appliance,0,0,0,0,1,0,0,0,0,0,0,0,1,1,False,False,Samsung Appliance
softwash laundromat,0,0,0,0,0,0,0,0,1,0,0,0,1,1,False,False,SOFTWASH LAUNDROMAT
satchmisatchmi cafe,0,0,0,0,0,0,0,0,1,0,0,0,1,1,False,False,SATCHMISATCHMI CAFE
snackbar,0,0,0,0,0,0,0,0,1,0,0,0,1,1,False,False,SNACKBAR
saucony,0,1,0,0,0,0,0,0,0,0,0,0,1,1,False,False,SAUCONY
sm cinema regular cinema 1 4,0,0,0,0,0,0,0,0,1,0,0,0,1,1,False,False,SM CINEMA Regular Cinema 1-4
seashack,0,0,0,0,0,0,0,1,0,0,0,0,1,1,False,False,Seashack
sealy,0,1,0,0,0,0,0,0,0,0,0,0,1,1,False,False,SEALY
seahorse houseboats & yachts,0,0,0,0,0,1,0,0,0,0,0,0,1,1,False,False,Seahorse Houseboats & Yachts
slimmers world elite,0,0,0,0,0,0,0,0,1,0,0,0,1,1,False,False,SLIMMERS WORLD ELITE
sloppy lemonade,0,0,0,0,0,0,0,1,0,0,0,0,1,1,False,False,Sloppy Lemonade
sm business service center,0,0,0,0,0,0,0,0,1,0,0,0,1,1,False,False,SM BUSINESS SERVICE CENTER
seafood fiesta,0,0,0,0,0,0,0,1,0,0,0,0,1,1,False,False,Seafood Fiesta (OPEN)
seafood and steaks,0,0,0,0,0,0,0,1,0,0,0,0,1,1,False,False,Seafood and Steaks
sea shack,0,0,0,0,0,0,0,0,1,0,0,0,1,1,False,False,SEA SHACK
sm by the bay,0,0,0,0,0,0,0,0,1,0,0,0,1,1,False,False,SM BY THE BAY
sea of spa,0,0,0,0,0,0,0,0,1,0,0,0,1,1,False,False,SEA OF SPA
scs,0,1,0,0,0,0,0,0,0,0,0,0,1,1,False,False,SCS
slap stack burger,0,0,0,0,0,0,1,0,0,0,0,0,1,1,False,False,Slap Stack Burger
sm department store,0,0,0,0,0,0,1,0,0,0,0,0,1,1,False,False,SM Department Store
scribe,0,0,0,0,0,1,0,0,0,0,0,0,1,1,False,False,Scribe
sm game park,0,0,0,0,0,0,0,0,1,0,0,0,1,1,False,False,SM GAME PARK
sm hypermarket carts,0,0,0,0,0,0,0,0,1,0,0,0,1,1,False,False,SM HYPERMARKET CARTS
sm malls online fulfillment center,0,0,0,0,0,0,0,0,1,0,0,0,1,1,False,False,SM MALLS ONLINE FULFILLMENT CENTER
sm parking,0,0,0,0,0,0,0,0,0,0,0,1,1,1,False,False,SM PARKING
scratch smashburgers,0,0,0,0,0,1,0,0,0,0,0,0,1,1,False,False,Scratch Smashburgers
sma world of gems,0,0,0,0,0,0,0,1,0,0,0,0,1,1,False,False,SMA World of Gems (TEMPORARILY CLOSED)
smallville montessori,0,0,0,0,0,0,1,0,0,0,0,0,1,1,False,False,Smallville Montessori
smart business center,0,0,0,0,0,0,0,1,0,0,0,0,1,1,False,False,Smart - Business Center
smart driving corporation,0,0,0,0,0,0,0,0,0,1,0,0,1,1,False,False,SMART DRIVING CORPORATION
sebamed,0,0,0,0,0,0,0,0,1,0,0,0,1,1,False,False,Sebamed
sebastians ice cream station,0,0,0,0,0,0,0,0,1,0,0,0,1,1,False,False,SEBASTIANS ICE CREAM STATION
saudi gold 18k,0,0,0,0,0,0,0,1,0,0,0,0,1,1,False,False,SAUDI GOLD 18K
sky lounge travel and tours,0,1,0,0,0,0,0,0,0,0,0,0,1,1,False,False,THE SKY LOUNGE TRAVEL AND TOURS
selera sets,0,0,0,0,0,0,0,0,1,0,0,0,1,1,False,False,SELERA SETS
selah dental clinic,0,0,0,0,0,1,0,0,0,0,0,0,1,1,False,False,Selah Dental Clinic
skk,0,0,0,0,0,0,0,0,0,0,0,1,1,1,False,False,SKK
skoop,0,0,0,0,0,0,1,0,0,0,0,0,1,1,False,False,Skoop
skoops ice ceam,0,0,0,0,0,0,0,1,0,0,0,0,1,1,False,False,SKOOPS ICE CEAM
skoops ice cream,0,0,0,0,0,0,0,1,0,0,0,0,1,1,False,False,SKOOPS ICE CREAM
sks massage,0,0,0,0,0,0,0,0,1,0,0,0,1,1,False,False,SKS MASSAGE
segunda mana outlet store,1,0,0,0,0,0,0,0,0,0,0,0,1,1,False,False,SEGUNDA MANA OUTLET STORE
sky hall,0,0,0,0,0,0,0,0,1,0,0,0,1,1,False,False,SKY HALL
segovias cakes and recipes,0,0,0,0,0,0,0,0,1,0,0,0,1,1,False,False,SEGOVIAS CAKES AND RECIPES
segovia strength,0,1,0,0,0,0,0,0,0,0,0,0,1,1,False,False,SEGOVIA STRENGTH
segoi yugo japanese fusion teppan sushi bar,0,0,0,0,0,0,0,0,1,0,0,0,1,1,False,False,SEGOI YUGO JAPANESE FUSION TEPPAN SUSHI BAR
skytower dental clinic,0,0,0,0,0,0,0,0,1,0,0,0,1,1,False,False,SKYTOWER DENTAL CLINIC
skycom,0,0,0,0,1,0,0,0,0,0,0,0,1,1,False,False,Skycom
segnatempo,0,0,0,0,0,1,0,0,0,0,0,0,1,1,False,False,Segnatempo
seekshine,0,0,1,0,0,0,0,0,0,0,0,0,1,1,False,False,Seekshine
skyland,0,0,0,0,0,0,0,1,0,0,0,0,1,1,False,False,Skyland
skylight cellphone accessories,0,0,0,0,0,0,0,1,0,0,0,0,1,1,False,False,SKYLIGHT CELLPHONE ACCESSORIES
skymall,0,0,0,0,0,0,0,1,0,0,0,0,1,1,False,False,Skymall
skymc travel and tours,0,0,0,0,0,0,0,1,0,0,0,0,1,1,False,False,SKYMC TRAVEL AND TOURS
secret recipe,0,0,0,0,0,0,0,0,1,0,0,0,1,1,False,False,SECRET RECIPE
secosana,0,1,0,0,0,0,0,0,0,0,0,0,1,1,False,False,SECOSANA
secondo,0,1,0,0,0,0,0,0,0,0,0,0,1,1,False,False,SECONDO
second corner clothing store,0,1,0,0,0,0,0,0,0,0,0,0,1,1,False,False,SECOND CORNER CLOTHING STORE
smart driving school hello kitty,0,0,0,0,0,0,0,0,0,0,0,1,1,1,False,False,SMART DRIVING SCHOOL HELLO KITTY
scoops frozen yogurt,0,0,0,0,0,0,0,1,0,0,0,0,1,1,False,False,Scoops Frozen Yogurt
scooping bar,0,0,0,0,0,0,0,0,1,0,0,0,1,1,False,False,THE SCOOPING BAR
savemore warehouse,0,0,0,0,0,0,0,0,0,0,0,1,1,1,False,False,SAVEMORE WAREHOUSE
sbarro satellite,0,0,1,0,0,0,0,0,0,0,0,0,1,1,False,False,Sbarro Satellite
sbarro earl of sandwich,0,1,0,0,0,0,0,0,0,0,0,0,1,1,False,False,SBARRO / EARL OF SANDWICH
sbarro 9452702356,0,0,0,0,0,0,0,1,0,0,0,0,1,1,False,False,Sbarro 9452702356
smile city,0,0,0,0,0,0,0,1,0,0,0,0,1,1,False,False,SMILE CITY
smile city dental essentials,0,0,0,0,0,0,0,0,1,0,0,0,1,1,False,False,SMILE CITY DENTAL ESSENTIALS
sawada ichigo cafe,0,0,0,0,0,0,0,1,0,0,0,0,1,1,False,False,SAWADA ICHIGO CAFE
smile dental hub,0,1,0,0,0,0,0,0,0,0,0,0,1,1,False,False,SMILE DENTAL HUB
savoura,0,0,0,0,0,0,0,1,0,0,0,0,1,1,False,False,Savoura
savouge aesthetic and wellness center,0,0,0,0,0,0,0,0,1,0,0,0,1,1,False,False,SAVOUGE AESTHETIC AND WELLNESS CENTER
savory,0,0,0,0,0,0,0,1,0,0,0,0,1,1,False,False,Savory
savers appliance depot,0,0,0,0,0,0,0,0,0,0,0,1,1,1,False,False,SAVERS APPLIANCE DEPOT
savemore supermarket lawrence cp 2,0,0,0,0,0,0,0,0,0,0,0,1,1,1,False,False,SAVEMORE SUPERMARKET LAWRENCE CP 2
smart fishtel,0,0,0,1,0,0,0,0,0,0,0,0,1,1,False,False,SMART FISHTEL
smile in style dental clinic,0,0,0,0,0,0,0,0,1,0,0,0,1,1,False,False,SMILE IN STYLE DENTAL CLINIC
smile lounge,0,0,0,0,0,0,0,1,0,0,0,0,1,1,False,False,Smile Lounge
savemore storage room,0,0,0,0,0,0,0,0,0,0,0,1,1,1,False,False,SAVEMORE STORAGE ROOM
smile on dental clinic,0,0,0,0,0,0,1,0,0,0,0,0,1,1,False,False,Smile On Dental Clinic
smj gold,0,0,1,0,0,0,0,0,0,0,0,0,1,1,False,False,Smj Gold
smooth secrets waxing salon,0,1,0,0,0,0,0,0,0,0,0,0,1,1,False,False,SMOOTH SECRETS WAXING SALON
savemore display,0,0,0,0,0,0,0,0,0,0,0,1,1,1,False,False,SAVEMORE DISPLAY
sms technology,0,0,0,0,0,0,0,1,0,0,0,0,1,1,False,False,SMS Technology
smx convention center bacolod,0,0,0,0,0,0,0,0,1,0,0,0,1,1,False,False,SMX CONVENTION CENTER BACOLOD
snack attack,0,0,0,0,0,0,0,0,0,0,0,1,1,1,False,False,SNACK ATTACK
snack bar,0,0,0,0,0,0,0,0,0,0,0,1,1,1,False,False,SNACK BAR
smile channel dental clinic,0,1,0,0,0,0,0,0,0,0,0,0,1,1,False,False,SMILE CHANNEL DENTAL CLINIC
smile bar,0,1,0,0,0,0,0,0,0,0,0,0,1,1,False,False,THE SMILE BAR
smile and beyond,0,0,0,0,0,0,0,1,0,0,0,0,1,1,False,False,SMILE AND BEYOND
smell me,0,0,0,0,0,0,0,1,0,0,0,0,1,1,False,False,Smell Me
scoop pilates studio,0,0,0,0,0,0,0,1,0,0,0,0,1,1,False,False,SCOOP PILATES STUDIO
scoobys 422 2761,0,0,0,0,0,0,0,1,0,0,0,0,1,1,False,False,SCOOBY'S 422-2761
scoobys,0,0,0,0,0,0,0,1,0,0,0,0,1,1,False,False,Scooby's
scissors palace sandugo,0,0,0,0,0,0,0,0,0,0,0,1,1,1,False,False,Scissors Palace SANDUGO
school bus internet,0,0,0,0,0,0,0,1,0,0,0,0,1,1,False,False,School Bus Internet
smart telecommunications,0,0,0,0,1,0,0,0,0,0,0,0,1,1,False,False,Smart Telecommunications
scholl,0,0,0,0,0,0,1,0,0,0,0,0,1,1,False,False,Scholl
smart wheel,0,0,0,0,0,0,0,0,1,0,0,0,1,1,False,False,SMART WHEEL
schola de vita progressive school,0,0,0,0,0,0,0,1,0,0,0,0,1,1,False,False,SCHOLA DE VITA PROGRESSIVE SCHOOL
smart wireless,0,0,0,0,1,0,0,0,0,0,0,0,1,1,False,False,Smart Wireless
smart wireless center,0,0,0,0,0,0,0,1,0,0,0,0,1,1,False,False,SMART WIRELESS CENTER
scfv internet services,0,0,1,0,0,0,0,0,0,0,0,0,1,1,False,False,Scfv Internet Services
smartflight,0,1,0,0,0,0,0,0,0,0,0,0,1,1,False,False,SMARTFLIGHT
scentswatch,0,0,1,0,0,0,0,0,0,0,0,0,1,1,False,False,Scentswatch
smdc,0,0,0,0,0,0,0,0,1,0,0,0,1,1,False,False,SMDC
scents co 9973679659,0,0,0,0,0,0,0,1,0,0,0,0,1,1,False,False,THE SCENTS CO. 9973679659
smdc field residences,0,0,0,0,0,0,0,0,1,0,0,0,1,1,False,False,SMDC FIELD RESIDENCES
smdc green 2 residences,0,0,0,0,0,0,0,0,1,0,0,0,1,1,False,False,SMDC GREEN 2 RESIDENCES
scents and sensibilities,0,0,0,0,0,0,0,0,1,0,0,0,1,1,False,False,SCENTS AND SENSIBILITIES
scents and blends,0,0,1,0,0,0,0,0,0,0,0,0,1,1,False,False,Scents And Blends
scentaur essentials,0,0,0,0,0,0,0,1,0,0,0,0,1,1,False,False,SCENTAUR ESSENTIALS
scent studio by bc fragrance,0,0,0,0,0,0,0,0,1,0,0,0,1,1,False,False,SCENT STUDIO BY BC FRAGRANCE
smell chic,0,0,0,0,0,0,0,0,1,0,0,0,1,1,False,False,SMELL CHIC
stroop & zo,0,0,0,0,0,0,0,1,0,0,0,0,1,1,False,False,Stroop & Zo
rest and go,0,0,0,0,0,0,0,1,0,0,0,0,1,1,False,False,Rest and Go
tong yang grill shabu shabu,0,0,0,0,0,0,0,0,1,0,0,0,1,1,False,False,TONG YANG GRILL SHABU-SHABU
popcycle at elektrik avenue,0,0,0,0,0,0,1,0,0,0,0,0,1,1,False,False,Popcycle at Elektrik Avenue
pops all filipino buffet,0,0,0,0,0,0,0,0,1,0,0,0,1,1,False,False,POPS ALL FILIPINO BUFFET
poppers pop temporarily closed,0,0,0,0,0,0,0,1,0,0,0,0,1,1,False,False,Popper's Pop TEMPORARILY CLOSED
tessera,0,0,0,0,0,0,0,1,0,0,0,0,1,1,False,False,TESSERA
test kitchen,0,1,0,0,0,0,0,0,0,0,0,0,1,1,False,False,TEST KITCHEN
tetsu teppan yaki,0,0,0,0,0,0,0,0,1,0,0,0,1,1,False,False,TETSU TEPPAN-YAKI
poplife,0,0,0,0,0,0,0,1,0,0,0,0,1,1,False,False,POPLIFE
popique beauty,0,0,0,0,0,1,0,0,0,0,0,0,1,1,False,False,Popique Beauty
teviant,0,0,0,0,0,0,0,1,0,0,0,0,1,1,False,False,TEVIANT
popeyes 8371 1436,0,0,0,0,0,0,0,1,0,0,0,0,1,1,False,False,POPEYES (02) 8371-1436
text terminal,0,0,0,0,0,0,0,0,1,0,0,0,1,1,False,False,TEXT TERMINAL
tff tarsier fried food,0,0,0,0,0,0,0,0,1,0,0,0,1,1,False,False,TFF TARSIER FRIED FOOD
thai bbq original restaurant,0,1,0,0,0,0,0,0,0,0,0,0,1,1,False,False,THAI BBQ ORIGINAL RESTAURANT
popshop 0917 825 9440,0,0,0,0,0,0,0,1,0,0,0,0,1,1,False,False,POPSHOP (OPEN) 0917-825-9440
thai boran phils inc,0,1,0,0,0,0,0,0,0,0,0,0,1,1,False,False,THAI BORAN PHILS. INC.
pop up kidzoona,0,0,0,0,0,0,0,1,0,0,0,0,1,1,False,False,Pop Up! Kidzoona
pop socket,0,0,0,0,0,0,0,1,0,0,0,0,1,1,False,False,POP SOCKET
thai guy,0,0,0,0,0,0,0,0,1,0,0,0,1,1,False,False,THE THAI GUY
pop junk love go lokal,0,1,0,0,0,0,0,0,0,0,0,0,1,1,False,False,POP JUNK LOVE GO LOKAL
pop enthusiast,0,0,0,0,0,0,1,0,0,0,0,0,1,1,False,False,Pop Enthusiast
pop culture,0,0,0,0,0,1,0,0,0,0,0,0,1,1,False,False,Pop Culture
poopers pop,0,0,0,0,0,0,0,1,0,0,0,0,1,1,False,False,POOPER'S POP
tharts yema cake,0,0,0,0,0,0,0,0,1,0,0,0,1,1,False,False,THARTS YEMA CAKE
thates gadget emporium,0,0,0,0,0,0,0,1,0,0,0,0,1,1,False,False,Thate's Gadget Emporium
thats d pointe,0,0,0,1,0,0,0,0,0,0,0,0,1,1,False,False,That's D Pointe
popshop,0,0,0,0,0,0,0,1,0,0,0,0,1,1,False,False,POPSHOP
tesoros,0,1,0,0,0,0,0,0,0,0,0,0,1,1,False,False,TESORO'S
theo & miguel,0,0,0,0,0,0,0,1,0,0,0,0,1,1,False,False,THEO & MIGUEL
teresita razon,0,0,0,1,0,0,0,0,0,0,0,0,1,1,False,False,Teresita Razon
teofy palamig,0,0,0,0,0,0,0,0,0,0,0,1,1,1,False,False,TEOFY PALAMIG
teofys,0,0,0,0,0,0,0,1,0,0,0,0,1,1,False,False,Teofy's
potato corner 9923186737,0,0,0,0,0,0,0,1,0,0,0,0,1,1,False,False,Potato Corner 9923186737
teofys palamig,0,0,0,0,0,0,0,1,0,0,0,0,1,1,False,False,Teofy's Palamig
teofys special palamig,0,0,0,0,0,0,0,0,1,0,0,0,1,1,False,False,TEOFYS SPECIAL PALAMIG
teppan teppan,0,0,1,0,0,0,0,0,0,0,0,0,1,1,False,False,Teppan Teppan
potato corner 0932 876 1142,0,0,0,0,0,0,0,1,0,0,0,0,1,1,False,False,POTATO CORNER 0932-876-1142
teppen,0,0,0,0,0,1,0,0,0,0,0,0,1,1,False,False,Teppen
terannova,0,0,0,0,0,0,0,1,0,0,0,0,1,1,False,False,Terannova
teresita r razons,0,0,0,0,0,0,0,1,0,0,0,0,1,1,False,False,TERESITA R. RAZON'S
post shop,0,0,0,0,0,0,0,0,1,0,0,0,1,1,False,False,POST SHOP
positive living saij skin care essential,0,0,0,0,0,0,0,0,0,0,0,1,1,1,False,False,Positive Living SAIJ SKIN CARE ESSENTIAL
tesla supercharger,0,0,0,0,0,0,0,1,0,0,0,0,1,1,False,False,TESLA SUPERCHARGER
positive living massage chair temporarily closed,0,0,0,0,0,0,0,1,0,0,0,0,1,1,False,False,POSITIVE LIVING MASSAGE CHAIR TEMPORARILY CLOSED
teresita razons halo halo and palabok,0,0,0,0,0,0,0,0,1,0,0,0,1,1,False,False,TERESITA RAZONS HALO HALO AND PALABOK
posh nails hand and foot spa,0,0,0,0,0,0,0,0,1,0,0,0,1,1,False,False,POSH NAILS HAND AND FOOT SPA
terracotta berde plant and garden supplies,0,0,0,0,0,1,0,0,0,0,0,0,1,1,False,False,Terracotta Berde Plant and Garden Supplies
terrafit,0,0,0,0,0,0,0,1,0,0,0,0,1,1,False,False,Terrafit
pos digital 5320034,0,0,0,0,0,0,0,1,0,0,0,0,1,1,False,False,PO'S DIGITAL 5320034
terrie botique,0,0,0,0,0,0,1,0,0,0,0,0,1,1,False,False,Terrie Botique
port mango,0,0,0,0,0,0,0,1,0,0,0,0,1,1,False,False,PORT MANGO
terry selection,0,0,0,0,0,0,0,0,1,0,0,0,1,1,False,False,TERRY SELECTION
porsche design,0,0,0,0,0,1,0,0,0,0,0,0,1,1,False,False,Porsche Design
tesla,0,0,0,0,0,1,0,0,0,0,0,0,1,1,False,False,Tesla
thcil blind massage,0,0,0,0,0,0,0,1,0,0,0,0,1,1,False,False,THCIL Blind Massage
pong pongs pasalubong store,0,0,0,0,0,0,0,1,0,0,0,0,1,1,False,False,PONG PONG'S PASALUBONG STORE
playhouse mutiple intelligence and turtorial center sanz cellphone,0,0,0,0,0,0,0,0,0,0,0,1,1,1,False,False,Playhouse Mutiple Intelligence and Turtorial Center SANZ CELLPHONE
pldt 9684513213,0,0,0,0,0,0,0,1,0,0,0,0,1,1,False,False,PLDT 9684513213
pnb allianz,0,0,0,0,0,0,0,1,0,0,0,0,1,1,False,False,PNB ALLIANZ
thisplay,0,0,0,0,0,0,0,0,1,0,0,0,1,1,False,False,THISPLAY
pmz melon station,0,0,0,0,0,0,0,0,1,0,0,0,1,1,False,False,PMZ MELON STATION
pmc watchstore,0,0,0,0,0,0,0,1,0,0,0,0,1,1,False,False,PMC Watchstore
pluto photo,0,0,1,0,0,0,0,0,0,0,0,0,1,1,False,False,Pluto Photo
plusmakeover,0,0,0,0,0,0,1,0,0,0,0,0,1,1,False,False,Plusmakeover
plum roast,0,0,0,0,0,0,0,1,0,0,0,0,1,1,False,False,Plum Roast
ploom,0,0,0,0,0,0,0,1,0,0,0,0,1,1,False,False,Ploom
pley tito,0,0,0,0,0,0,0,0,1,0,0,0,1,1,False,False,PLEY-TITO
pldt smart 1888 532 0018,0,0,0,0,0,0,0,1,0,0,0,0,1,1,False,False,PLDT-SMART *1888 532 0018
pldt exhibit,0,0,0,0,0,0,0,0,0,0,0,1,1,1,False,False,PLDT EXHIBIT
thomson road kitchen,0,0,0,0,0,0,0,1,0,0,0,0,1,1,False,False,THOMSON ROAD KITCHEN
pnb atm 9685728514,0,0,0,0,0,0,0,1,0,0,0,0,1,1,False,False,PNB ATM 9685728514
three dots,0,0,0,0,0,0,1,0,0,0,0,0,1,1,False,False,Three Dots
three hearts jewelry shoppe,0,0,0,0,0,0,0,0,1,0,0,0,1,1,False,False,THREE HEARTS JEWELRY SHOPPE
plaza fair department store,0,0,0,0,0,0,0,0,0,0,0,1,1,1,False,False,PLAZA FAIR DEPARTMENT STORE
plaza fair,0,0,0,0,0,0,0,0,0,0,0,1,1,1,False,False,PLAZA FAIR
playville,0,0,0,0,1,0,0,0,0,0,0,0,1,1,False,False,Playville
threema,0,0,0,0,0,0,1,0,0,0,0,0,1,1,False,False,Threema
playstation,0,0,0,0,0,0,0,0,1,0,0,0,1,1,False,False,PLAYSTATION
playnation,0,1,0,0,0,0,0,0,0,0,0,0,1,1,False,False,PLAYNATION
thrillist grill & restaurant,0,0,0,0,0,0,0,1,0,0,0,0,1,1,False,False,THRILLIST GRILL & RESTAURANT
tia titas restaurant,0,0,0,0,0,0,0,1,0,0,0,0,1,1,False,False,Tia Tita's Restaurant
tian mansion hotpot,0,0,0,0,0,0,0,0,1,0,0,0,1,1,False,False,TIAN MANSION HOTPOT
thirsty juices and shakes,0,0,0,0,0,0,0,1,0,0,0,0,1,1,False,False,THIRSTY JUICES AND SHAKES
thirsty fresh juices,0,0,0,0,1,0,0,0,0,0,0,0,1,1,False,False,Thirsty Fresh Juices
pomelo,0,0,0,0,0,0,0,1,0,0,0,0,1,1,False,False,POMELO
thinking out love flower shop,0,0,0,0,0,0,0,0,1,0,0,0,1,1,False,False,THINKING OUT LOVE FLOWER SHOP
polyglot international academy,0,0,0,0,0,1,0,0,0,0,0,0,1,1,False,False,Polyglot International Academy
theos flower shop,0,0,0,0,0,0,0,0,1,0,0,0,1,1,False,False,THEOS FLOWER SHOP
polyeast,0,0,0,1,0,0,0,0,0,0,0,0,1,1,False,False,Polyeast
polo ralph lauren,0,1,0,0,0,0,0,0,0,0,0,0,1,1,False,False,POLO RALPH LAUREN
polland,0,0,0,0,0,0,1,0,0,0,0,0,1,1,False,False,Polland
polk home theater hifi,0,0,0,0,0,0,0,0,1,0,0,0,1,1,False,False,POLK HOME THEATER HIFI
theranaturals,0,1,0,0,0,0,0,0,0,0,0,0,1,1,False,False,THERANATURALS
therapeutic masseur blind massage,0,0,0,0,0,0,0,1,0,0,0,0,1,1,False,False,THERAPEUTIC MASSEUR BLIND MASSAGE
therapy time,0,0,0,0,0,1,0,0,0,0,0,0,1,1,False,False,Therapy Time
think pink salon,0,1,0,0,0,0,0,0,0,0,0,0,1,1,False,False,THINK PINK SALON
point and dots,0,0,0,0,0,0,0,0,1,0,0,0,1,1,False,False,POINT AND DOTS
thinkpad,0,0,0,0,0,0,0,0,1,0,0,0,1,1,False,False,THINKPAD
pnb eastwest,0,0,0,0,0,0,0,0,0,0,0,1,1,1,False,False,"PNB, EASTWEST"
pocofino,0,0,0,0,0,0,1,0,0,0,0,0,1,1,False,False,Pocofino
thinne almedas home collezione,0,0,0,0,0,0,0,0,1,0,0,0,1,1,False,False,THINNE ALMEDAS HOME COLLEZIONE
poco deli,0,0,0,0,0,0,1,0,0,0,0,0,1,1,False,False,Poco Deli
pockets waffles cream,0,0,0,0,0,0,0,0,1,0,0,0,1,1,False,False,POCKETS WAFFLES CREAM
pocket gears,0,0,0,0,0,0,0,0,1,0,0,0,1,1,False,False,POCKET GEARS
pobros house of chicken n waffles,0,0,0,0,0,0,0,0,1,0,0,0,1,1,False,False,POBROS HOUSE OF CHICKEN N WAFFLES
pngb jewelries,0,0,0,0,1,0,0,0,0,0,0,0,1,1,False,False,PNGB Jewelries
pngb gold buyer,0,0,0,0,0,0,0,1,0,0,0,0,1,1,False,False,PNGB Gold Buyer
thirdys boutique,0,1,0,0,0,0,0,0,0,0,0,0,1,1,False,False,THIRDY'S BOUTIQUE
thirsty 0906 546 4903,0,0,0,0,0,0,0,1,0,0,0,0,1,1,False,False,THIRSTY 0906-546-4903
thirsty fresh fruit juices,0,0,0,0,1,0,0,0,0,0,0,0,1,1,False,False,Thirsty Fresh Fruit Juices
potato corner hyundai,0,0,0,0,0,0,0,0,0,0,0,1,1,1,False,False,POTATO CORNER HYUNDAI
tenshie repair specialist ca exhibits,0,0,0,0,0,0,0,0,0,0,0,1,1,1,False,False,Tenshie Repair Specialist (8.79 SQM) CA EXHIBITS ( PROPERTY PRO )
tensheng,0,0,0,0,1,0,0,0,0,0,0,0,1,1,False,False,Tensheng
precious asher trading corp,0,0,0,0,0,0,0,1,0,0,0,0,1,1,False,False,Precious Asher Trading Corp
tech mobile,0,0,0,0,0,0,0,1,0,0,0,0,1,1,False,False,Tech Mobile
prego jeans,0,1,0,0,0,0,0,0,0,0,0,0,1,1,False,False,PREGO JEANS
tech republic,0,0,0,0,0,0,0,0,1,0,0,0,1,1,False,False,TECH REPUBLIC
predire wellness,0,0,0,0,0,1,0,0,0,0,0,0,1,1,False,False,Predire Wellness
tech stnergy,0,0,0,0,0,0,0,1,0,0,0,0,1,1,False,False,TECH STNERGY
predire,0,0,0,0,0,0,0,1,0,0,0,0,1,1,False,False,Predire
tech21,0,0,0,0,0,0,0,0,1,0,0,0,1,1,False,False,TECH21
precision driving school,0,0,0,0,0,0,0,1,0,0,0,0,1,1,False,False,PRECISION DRIVING SCHOOL (OPEN)
techie mobile zone,0,0,0,0,0,0,0,1,0,0,0,0,1,1,False,False,Techie Mobile Zone
precious teeth,0,0,0,0,0,0,0,1,0,0,0,0,1,1,False,False,PRECIOUS TEETH
precious journey,0,0,0,0,0,0,0,0,0,0,0,1,1,1,False,False,PRECIOUS JOURNEY
techmate,0,0,0,0,0,0,1,0,0,0,0,0,1,1,False,False,Techmate
prego outlet,0,0,0,0,0,0,0,0,0,1,0,0,1,1,False,False,PREGO OUTLET
precious and nick asher scrap gold buyer 0943 1356561,0,0,0,0,0,0,0,1,0,0,0,0,1,1,False,False,Precious and Nick Asher Scrap Gold Buyer 0943-1356561
techmobile,0,0,0,0,0,0,0,1,0,0,0,0,1,1,False,False,Techmobile
precious and nick asher scrap gold buyer,0,1,0,0,0,0,0,0,0,0,0,0,1,1,False,False,PRECIOUS AND NICK ASHER SCRAP GOLD BUYER
prawn house seafood restaurant,0,0,0,0,0,0,0,1,0,0,0,0,1,1,False,False,Prawn House Seafood Restaurant
prada,0,1,0,0,0,0,0,0,0,0,0,0,1,1,False,False,PRADA
techno 9178069360,0,0,0,0,0,0,0,1,0,0,0,0,1,1,False,False,Techno 9178069360
techno geek,0,0,0,0,0,0,0,0,1,0,0,0,1,1,False,False,TECHNO GEEK
powerstation,0,0,0,0,0,0,0,0,1,0,0,0,1,1,False,False,POWERSTATION
techno moto,0,0,0,0,0,0,0,1,0,0,0,0,1,1,False,False,Techno Moto
powermac center,0,0,0,0,0,0,0,1,0,0,0,0,1,1,False,False,Powermac Center
technocare accessories,0,0,0,0,0,0,0,0,1,0,0,0,1,1,False,False,TECHNOCARE ACCESSORIES
tech maven,0,0,0,0,0,0,0,0,1,0,0,0,1,1,False,False,TECH MAVEN
prego trattoria,0,0,0,0,0,0,0,0,1,0,0,0,1,1,False,False,PREGO TRATTORIA
potato fries station,0,0,0,0,0,0,0,1,0,0,0,0,1,1,False,False,POTATO FRIES STATION
tea house kitchen by chona,0,0,0,0,0,0,0,0,1,0,0,0,1,1,False,False,TEA HOUSE KITCHEN BY CHONA
taylor living,0,0,0,0,0,0,0,1,0,0,0,0,1,1,False,False,TAYLOR LIVING
taylors play cafe,0,0,0,0,0,0,1,0,0,0,0,0,1,1,False,False,Taylor’s Play Café
tc travel and tours,0,0,0,0,0,1,0,0,0,0,0,0,1,1,False,False,TC Travel and Tours
tca digital square,0,0,0,0,0,0,0,0,1,0,0,0,1,1,False,False,TCA DIGITAL SQUARE
prestea,0,0,0,0,0,0,0,1,0,0,0,0,1,1,False,False,Prestea
te quiero davao,0,0,0,0,0,0,0,0,1,0,0,0,1,1,False,False,TE QUIERO DAVAO
pressnet,0,0,0,0,0,0,0,0,0,0,1,0,1,1,False,False,Pressnet
press play pictures phils inc,0,0,0,0,0,0,0,0,1,0,0,0,1,1,False,False,PRESS PLAY PICTURES PHILS INC
press citycycle,0,0,0,0,0,0,0,0,1,0,0,0,1,1,False,False,PRESS CITYCYCLE
tea 101,0,0,0,0,0,0,0,0,1,0,0,0,1,1,False,False,TEA 101
presnet master siomai,0,0,0,0,0,0,0,0,0,0,0,1,1,1,False,False,PRESNET MASTER SIOMAI
tea republic,0,0,0,0,1,0,0,0,0,0,0,0,1,1,False,False,Tea Republic
tech know,0,0,0,0,0,0,0,1,0,0,0,0,1,1,False,False,TECH KNOW
tealicious,0,0,0,0,1,0,0,0,0,0,0,0,1,1,False,False,Tealicious
team barista cafe,0,0,0,0,0,0,0,0,1,0,0,0,1,1,False,False,TEAM BARISTA CAFÉ
teas and toast,0,0,0,0,0,1,0,0,0,0,0,0,1,1,False,False,Teas and Toast
tease blow hair and face beauty lounge,0,0,0,0,0,0,0,0,1,0,0,0,1,1,False,False,TEASE BLOW HAIR AND FACE BEAUTY LOUNGE
prep center,0,0,0,0,0,0,1,0,0,0,0,0,1,1,False,False,PREP Center
premiumbikes,0,0,0,0,0,0,0,1,0,0,0,0,1,1,False,False,PREMIUMBIKES
premium technology,0,0,0,0,0,0,0,0,1,0,0,0,1,1,False,False,PREMIUM TECHNOLOGY
tebanz batchoy and tapsilogan,0,0,0,0,0,1,0,0,0,0,0,0,1,1,False,False,Tebanz Batchoy And Tapsilogan
premier samgyupsal,0,0,0,0,0,1,0,0,0,0,0,0,1,1,False,False,Premier Samgyupsal
premier hair and nails salon,0,0,0,0,0,1,0,0,0,0,0,0,1,1,False,False,Premier Hair and Nails Salon
tech hub,0,0,1,0,0,0,0,0,0,0,0,0,1,1,False,False,Tech Hub
powermac,0,0,0,0,0,0,0,1,0,0,0,0,1,1,False,False,POWERMAC
powerhouse tools,0,0,0,0,0,0,0,0,1,0,0,0,1,1,False,False,POWERHOUSE TOOLS
technocell planet mobile,0,0,0,0,1,0,0,0,0,0,0,0,1,1,False,False,Technocell Planet Mobile
potato monster,0,0,0,0,1,0,0,0,0,0,0,0,1,1,False,False,Potato Monster
pound for pound fitness,0,0,0,0,0,0,0,1,0,0,0,0,1,1,False,False,POUND FOR POUND FITNESS
teito fries,0,0,0,0,0,0,0,1,0,0,0,0,1,1,False,False,Teito Fries
telco hub,0,1,0,0,0,0,0,0,0,0,0,0,1,1,False,False,TELCO HUB
pottery barn,0,0,0,0,0,0,1,0,0,0,0,0,1,1,False,False,Pottery Barn
telecom world,0,0,0,0,0,0,0,1,0,0,0,0,1,1,False,False,Telecom World
poto poto,0,0,0,0,0,1,0,0,0,0,0,0,1,1,False,False,Poto Poto
telego,0,0,0,0,0,0,0,0,1,0,0,0,1,1,False,False,TELEGO
telego mobile,0,0,0,0,1,0,0,0,0,0,0,0,1,1,False,False,Telego Mobile
telesin,0,0,0,0,0,0,0,0,1,0,0,0,1,1,False,False,TELESIN
teletek point,0,0,0,0,0,0,0,0,1,0,0,0,1,1,False,False,TELETEK POINT
telus,0,0,0,0,0,1,0,0,0,0,0,0,1,1,False,False,Telus
telus international philippines,0,1,0,0,0,0,0,0,0,0,0,0,1,1,False,False,TELUS INTERNATIONAL PHILIPPINES
powerhouse pilates,0,1,0,0,0,0,0,0,0,0,0,0,1,1,False,False,POWERHOUSE PILATES
temple garden spa,0,0,0,0,0,0,0,0,1,0,0,0,1,1,False,False,TEMPLE GARDEN SPA
templora dermatologica,0,0,0,1,0,0,0,0,0,0,0,0,1,1,False,False,TEMPLORA DERMATOLOGICA
potato humps,0,0,0,0,1,0,0,0,0,0,0,0,1,1,False,False,Potato Humps
potato hub,0,0,0,0,0,0,0,1,0,0,0,0,1,1,False,False,Potato Hub
tempura go,0,0,0,0,0,0,0,0,1,0,0,0,1,1,False,False,TEMPURA GO
tempura spot,0,0,0,0,0,0,0,1,0,0,0,0,1,1,False,False,TEMPURA SPOT
ten yen king,0,0,0,0,0,1,0,0,0,0,0,0,1,1,False,False,Ten Yen King
potato giant 9635551532,0,0,0,0,0,0,0,1,0,0,0,0,1,1,False,False,POTATO GIANT 9635551532
tenant,0,0,0,0,0,0,0,0,0,0,0,1,1,1,False,False,TENANT
tender beef shop,0,0,0,0,0,0,0,1,0,0,0,0,1,1,False,False,TENDER BEEF SHOP
tender juicy frozen delights,0,0,0,0,0,0,0,0,0,0,0,1,1,1,False,False,TENDER JUICY / FROZEN DELIGHTS
teeth clinic,0,0,0,0,0,0,0,0,1,0,0,0,1,1,False,False,TEETH CLINIC
teeth avenue by cailles dental clinic,0,0,0,0,0,0,0,0,1,0,0,0,1,1,False,False,TEETH AVENUE by CAILLES DENTAL CLINIC
power gadgets,0,0,0,0,0,0,0,0,1,0,0,0,1,1,False,False,POWER GADGETS
power house,0,0,0,0,0,1,0,0,0,0,0,0,1,1,False,False,Power House
technocure computer center city tech,0,0,0,0,0,0,0,0,0,0,0,1,1,1,False,False,Technocure Computer Center ( INTER PC ) City Tech
technofinds,0,0,0,0,0,0,1,0,0,0,0,0,1,1,False,False,Technofinds
powerclick,0,0,0,0,0,0,0,0,1,0,0,0,1,1,False,False,POWERCLICK
powerbooks noteworthy,0,0,0,0,0,0,0,0,1,0,0,0,1,1,False,False,POWERBOOKS NOTEWORTHY
power up,0,0,1,0,0,0,0,0,0,0,0,0,1,1,False,False,Power Up
power touch wellness massage,0,0,0,1,0,0,0,0,0,0,0,0,1,1,False,False,Power Touch Wellness Massage
power switch,0,0,1,0,0,0,0,0,0,0,0,0,1,1,False,False,Power Switch
technosuit,0,0,0,0,0,0,0,1,0,0,0,0,1,1,False,False,TECHNOSUIT
power smile dental clinic,0,0,0,0,0,0,0,0,1,0,0,0,1,1,False,False,POWER SMILE DENTAL CLINIC
techplus service center,0,0,0,0,0,0,0,0,1,0,0,0,1,1,False,False,TECHPLUS SERVICE CENTER
techpro unlimited,0,1,0,0,0,0,0,0,0,0,0,0,1,1,False,False,TECHPRO UNLIMITED
power play,0,1,0,0,0,0,0,0,0,0,0,0,1,1,False,False,POWER PLAY
power mack & f accessories,0,0,0,0,0,0,0,1,0,0,0,0,1,1,False,False,Power MacK & F ACCESSORIES
power mac service center,0,1,0,0,0,0,0,0,0,0,0,0,1,1,False,False,POWER MAC SERVICE CENTER
techrui,0,0,0,0,0,0,0,0,1,0,0,0,1,1,False,False,TECHRUI
power mac center spotlight,0,1,0,0,0,0,0,0,0,0,0,0,1,1,False,False,POWER MAC CENTER SPOTLIGHT
power mac center & mobile care,0,0,1,0,0,0,0,0,0,0,0,0,1,1,False,False,Power Mac Center & Mobile Care
techtronix,0,0,0,0,0,0,0,1,0,0,0,0,1,1,False,False,Techtronix
techwarez computer center,0,0,0,0,0,0,0,0,1,0,0,0,1,1,False,False,TECHWAREZ COMPUTER CENTER
teds oldtimer la paz batchoy,0,1,0,0,0,0,0,0,0,0,0,0,1,1,False,False,TED'S OLDTIMER LA PAZ BATCHOY
tee zone boutique autosonix,0,0,0,0,0,0,0,0,0,0,0,1,1,1,False,False,TEE ZONE BOUTIQUE AUTOSONIX
teeth avenue,0,1,0,0,0,0,0,0,0,0,0,0,1,1,False,False,TEETH AVENUE
power lite phone shop,0,0,0,0,1,0,0,0,0,0,0,0,1,1,False,False,Power Lite Phone Shop
tianlala,0,0,0,0,0,0,0,0,1,0,0,0,1,1,False,False,TIANLALA
playground samuelitos,0,0,0,0,0,0,0,0,0,0,0,1,1,1,False,False,PLAYGROUND SAMUELITOS
pretea,0,0,0,0,0,0,0,1,0,0,0,0,1,1,False,False,PRETEA
phonemax,1,0,0,0,0,0,0,0,0,0,0,0,1,1,False,False,PHONEMAX
tobys estate coffee roaster,0,1,0,0,0,0,0,0,0,0,0,0,1,1,False,False,TOBY'S ESTATE COFFEE ROASTER
tobys sport,0,0,0,0,0,0,0,1,0,0,0,0,1,1,False,False,Toby's Sport
tobys sport friends fries,0,0,0,0,0,0,0,0,0,0,0,1,1,1,False,False,Toby's Sport FRIENDS FRIES
photo image,0,0,0,0,0,0,0,1,0,0,0,0,1,1,False,False,PHOTO IMAGE
toco berry,0,0,0,0,0,0,1,0,0,0,0,0,1,1,False,False,Toco Berry
phonix kiosk,1,0,0,0,0,0,0,0,0,0,0,0,1,1,False,False,PHONIX KIOSK
todays photographic studio,0,0,0,0,0,0,0,1,0,0,0,0,1,1,False,False,TODAY'S PHOTOGRAPHIC STUDIO
todays photoph,0,0,0,0,0,1,0,0,0,0,0,0,1,1,False,False,Today's Photoph
phonix,0,0,0,0,0,0,0,1,0,0,0,0,1,1,False,False,Phonix
phoneville mobile,0,0,0,0,0,0,0,0,1,0,0,0,1,1,False,False,PHONEVILLE MOBILE
phonetwist lj house of beauty,0,0,0,0,0,0,0,0,0,0,0,1,1,1,False,False,"PHONETWIST, LJ HOUSE OF BEAUTY"
tods,0,1,0,0,0,0,0,0,0,0,0,0,1,1,False,False,TOD'S
photo trend,0,0,1,0,0,0,0,0,0,0,0,0,1,1,False,False,Photo Trend
toho antigua,0,0,1,0,0,0,0,0,0,0,0,0,1,1,False,False,Toho Antigua
phonebay,0,0,0,0,0,0,0,0,1,0,0,0,1,1,False,False,PHONEBAY
phone shop,0,1,0,0,0,0,0,0,0,0,0,0,1,1,False,False,THE PHONE SHOP
phone partz,0,0,0,0,0,0,0,0,1,0,0,0,1,1,False,False,PHONE PARTZ
phone max,0,0,0,0,0,0,0,0,1,0,0,0,1,1,False,False,PHONE MAX
phone gallery,0,0,0,0,0,0,0,0,0,0,1,0,1,1,False,False,The Phone Gallery
phone care cellphone accessories,0,0,0,0,0,0,0,0,1,0,0,0,1,1,False,False,PHONE CARE CELLPHONE ACCESSORIES
phone avenue,0,0,0,0,0,0,1,0,0,0,0,0,1,1,False,False,Phone Avenue
phoenix dragon,0,0,0,0,0,1,0,0,0,0,0,0,1,1,False,False,Phoenix Dragon
phoenix bazaar,0,0,0,0,0,0,0,1,0,0,0,0,1,1,False,False,Phoenix Bazaar
tokki tokki,0,0,0,0,0,1,0,0,0,0,0,0,1,1,False,False,Tokki Tokki
photo tech,0,0,1,0,0,0,0,0,0,0,0,0,1,1,False,False,Photo Tech
tobys estate,0,0,0,0,0,0,0,0,1,0,0,0,1,1,False,False,TOBY'S ESTATE
phobac vietnamese specialties,0,0,0,0,0,1,0,0,0,0,0,0,1,1,False,False,Phobac Vietnamese Specialties
picanti,0,1,0,0,0,0,0,0,0,0,0,0,1,1,False,False,PICANTI
pickleball court,0,0,1,0,0,0,0,0,0,0,0,0,1,1,False,False,Pickleball Court
pick up stix,0,0,0,0,0,0,0,0,1,0,0,0,1,1,False,False,PICK-UP-STIX
tlm yema buko pie,0,0,0,0,0,0,0,0,1,0,0,0,1,1,False,False,TLM YEMA BUKO PIE
pick up at sm supermalls,0,0,0,0,0,0,0,0,1,0,0,0,1,1,False,False,PICK UP AT SM SUPERMALLS
tm lewin,0,0,0,0,0,0,0,1,0,0,0,0,1,1,False,False,TM Lewin
tmj print avenue,0,0,0,0,0,0,0,0,1,0,0,0,1,1,False,False,TMJ PRINT AVENUE
tnalak home,0,1,0,0,0,0,0,0,0,0,0,0,1,1,False,False,T'NALAK HOME
pick mix,0,0,0,0,0,0,0,0,1,0,0,0,1,1,False,False,PICK MIX
pick a trip travel and tours,0,0,0,0,0,0,0,0,1,0,0,0,1,1,False,False,PICK A TRIP TRAVEL AND TOURS
pick & save,0,0,0,0,0,0,0,1,0,0,0,0,1,1,False,False,PICK & SAVE
tnd bazaar,0,0,0,0,0,1,0,0,0,0,0,0,1,1,False,False,TND Bazaar
to kho ngan,0,0,0,0,0,0,0,1,0,0,0,0,1,1,False,False,TO-KHO-NGAN
photoline 0917 541 5156,0,0,0,0,0,0,0,1,0,0,0,0,1,1,False,False,PHOTOLINE 0917-541-5156
picabean,0,1,0,0,0,0,0,0,0,0,0,0,1,1,False,False,PICABEAN
pica pica by slers,0,0,0,0,0,0,0,0,1,0,0,0,1,1,False,False,PICA PICA BY SLERS
pic n print,0,0,0,0,0,0,1,0,0,0,0,0,1,1,False,False,Pic N Print
pibu aesthetics,0,1,0,0,0,0,0,0,0,0,0,0,1,1,False,False,PIBU AESTHETICS
pias gadget store,0,0,0,0,0,0,0,1,0,0,0,0,1,1,False,False,PIA'S GADGET STORE
to kho ngan 9395573510,0,0,0,0,0,0,0,1,0,0,0,0,1,1,False,False,To-Kho-Ngan 9395573510
tobys 9776592253,0,0,0,0,0,0,0,1,0,0,0,0,1,1,False,False,Toby's 9776592253
physiare,0,0,1,0,0,0,0,0,0,0,0,0,1,1,False,False,Physiare
photovoltaic,0,0,0,0,0,0,0,1,0,0,0,0,1,1,False,False,Photovoltaic
tobys arena,0,1,0,0,0,0,0,0,0,0,0,0,1,1,False,False,TOBY'S ARENA
photoline digital,0,0,0,0,0,0,0,1,0,0,0,0,1,1,False,False,Photoline Digital
phoenix,0,0,0,0,0,0,0,1,0,0,0,0,1,1,False,False,Phoenix
phobac vietnamese specialist,0,1,0,0,0,0,0,0,0,0,0,0,1,1,False,False,PHOBAC VIETNAMESE SPECIALIST
tiara,0,0,0,0,0,0,0,1,0,0,0,0,1,1,False,False,Tiara
phiil health,0,0,0,0,0,0,0,1,0,0,0,0,1,1,False,False,PHIIL HEALTH
philippe charriol,0,0,0,0,0,0,0,0,1,0,0,0,1,1,False,False,PHILIPPE CHARRIOL
tomato time,0,0,0,1,0,0,0,0,0,0,0,0,1,1,False,False,Tomato Time
philip steinl time studio,0,0,0,0,0,0,0,0,1,0,0,0,1,1,False,False,PHILIP STEINL TIME STUDIO
philip stein tw steel wenger luminox,0,0,0,0,0,0,0,0,1,0,0,0,1,1,False,False,PHILIP STEIN TW STEEL WENGER LUMINOX
tommy hilfiger by the watch store,0,0,0,0,0,0,0,0,1,0,0,0,1,1,False,False,TOMMY HILFIGER BY THE WATCH STORE
tommy jeans,0,0,0,0,0,0,0,1,0,0,0,0,1,1,False,False,Tommy Jeans
philgin travel and tours,0,0,0,0,0,0,0,0,0,1,0,0,1,1,False,False,PHILGIN TRAVEL AND TOURS (2GO)
philcopy,0,0,0,0,0,0,0,0,1,0,0,0,1,1,False,False,PHILCOPY
phil post,0,0,0,0,1,0,0,0,0,0,0,0,1,1,False,False,Phil Post
tomoro coffee,0,0,0,0,0,0,0,0,1,0,0,0,1,1,False,False,TOMORO COFFEE
toms playground,0,0,0,0,0,0,0,1,0,0,0,0,1,1,False,False,TOM'S PLAYGROUND
phia footwear,0,0,0,0,0,0,0,1,0,0,0,0,1,1,False,False,PHIA FOOTWEAR
tom sawyers,0,0,0,0,0,0,1,0,0,0,0,0,1,1,False,False,Tom Sawyer's
phat pho 0942 539 6399,0,0,0,0,0,0,0,1,0,0,0,0,1,1,False,False,PHAT PHO 0942-539-6399
toms world 0999 983 8319,0,0,0,0,0,0,0,1,0,0,0,0,1,1,False,False,TOMS WORLD 0999 983 8319
toms world 8961 6210,0,0,0,0,0,0,0,1,0,0,0,0,1,1,False,False,Tom's World 8961 6210 (OPEN)
phad thai,0,0,0,0,0,0,0,1,0,0,0,0,1,1,False,False,Phad Thai
pgp ticketing office outlet,0,0,0,0,0,0,0,0,1,0,0,0,1,1,False,False,PGP TICKETING OFFICE OUTLET
toms world mall train,0,0,0,0,0,0,0,1,0,0,0,0,1,1,False,False,TOM'S WORLD MALL TRAIN
toms world satelite,0,0,0,0,0,0,0,1,0,0,0,0,1,1,False,False,TOM'S WORLD SATELITE
ton ton thai massage,0,0,0,0,0,0,0,0,1,0,0,0,1,1,False,False,TON TON THAI MASSAGE
petropolis animal clinic,0,1,0,0,0,0,0,0,0,0,0,0,1,1,False,False,PETROPOLIS ANIMAL CLINIC
tong se,0,0,0,0,0,0,0,1,0,0,0,0,1,1,False,False,Tong Se
petron car care center,0,0,0,0,0,0,0,0,1,0,0,0,1,1,False,False,PETRON CAR CARE CENTER
tom sawyers old fashioned krispy chicken,0,0,0,0,0,0,0,0,1,0,0,0,1,1,False,False,TOM SAWYER'S OLD FASHIONED KRISPY CHICKEN
tom n toms coffee,0,0,0,0,0,1,0,0,0,0,0,0,1,1,False,False,Tom N Toms Coffee
pho hoa my thai jacks loft,0,0,1,0,0,0,0,0,0,0,0,0,1,1,False,False,Pho Hoa / My Thai / Jack’s Loft
tokyo milkcheese factory,0,0,0,0,0,0,1,0,0,0,0,0,1,1,False,False,Tokyo Milkcheese Factory
tokutokuya,0,0,0,0,1,0,0,0,0,0,0,0,1,1,False,False,Tokutokuya
tokyo bubble tea,0,1,0,0,0,0,0,0,0,0,0,0,1,1,False,False,TOKYO BUBBLE TEA
tokyo g shock,0,0,0,0,0,0,0,1,0,0,0,0,1,1,False,False,@ TOKYO / G-SHOCK
tokyo glam eyelash & nail salon,0,1,0,0,0,0,0,0,0,0,0,0,1,1,False,False,TOKYO GLAM EYELASH & NAIL SALON
pho co,0,0,0,0,0,0,0,0,1,0,0,0,1,1,False,False,PHO.CO
tokyo joe japanese fastfood,0,0,0,0,0,0,0,0,1,0,0,0,1,1,False,False,TOKYO JOE JAPANESE FASTFOOD
phlippine national bank,0,0,1,0,0,0,0,0,0,0,0,0,1,1,False,False,Phlippine National Bank (pnb)
philux,0,0,0,0,0,0,0,0,1,0,0,0,1,1,False,False,PHILUX
philsys step 2 registration,0,0,0,0,0,0,0,1,0,0,0,0,1,1,False,False,PHILSYS STEP 2 REGISTRATION
tokyo milk cheese cafe,0,1,0,0,0,0,0,0,0,0,0,0,1,1,False,False,TOKYO MILK CHEESE CAFE
tokyo milk cheese factory & cow cow ice,0,1,0,0,0,0,0,0,0,0,0,0,1,1,False,False,TOKYO MILK CHEESE FACTORY & COW COW ICE
tokyo store,0,0,0,0,0,0,0,1,0,0,0,0,1,1,False,False,@TOKYO STORE
philippine airlines golden jc holiday travel,0,0,0,0,0,0,0,0,1,0,0,0,1,1,False,False,PHILIPPINE AIRLINES GOLDEN JC HOLIDAY TRAVEL
philips easy key,0,1,0,0,0,0,0,0,0,0,0,0,1,1,False,False,PHILIPS EASY KEY
toledo medical clinic,0,0,0,0,0,1,0,0,0,0,0,0,1,1,False,False,Toledo Medical Clinic
philippine savings bank atm,0,0,0,0,0,0,0,0,0,0,1,0,1,1,False,False,Philippine Savings Bank ATM
philippine racing club inc,0,1,0,0,0,0,0,0,0,0,0,0,1,1,False,False,PHILIPPINE RACING CLUB INC.
philippine pizza inc,0,0,0,0,0,0,0,0,0,0,0,1,1,1,False,False,"PHILIPPINE PIZZA, INC."
philippine national police,0,0,1,0,0,0,0,0,0,0,0,0,1,1,False,False,Philippine National Police (pnp)
tolentino law office,0,0,0,0,0,1,0,0,0,0,0,0,1,1,False,False,Tolentino Law Office
tollhouse,0,1,0,0,0,0,0,0,0,0,0,0,1,1,False,False,TOLLHOUSE
philippine business savings bank,0,0,0,0,0,1,0,0,0,0,0,0,1,1,False,False,Philippine Business Savings Bank
philippine airlines pal john gold,0,0,0,0,1,0,0,0,0,0,0,0,1,1,False,False,Philippine Airlines / PAL / John Gold
tom n toms,0,0,0,0,0,0,0,1,0,0,0,0,1,1,False,False,TOM N' TOMS
tlida,0,0,0,0,0,0,0,0,1,0,0,0,1,1,False,False,TLIDA
tittos bbq,0,0,0,0,0,0,1,0,0,0,0,0,1,1,False,False,Tittos BBQ
pickup coffee 0970 688 7973,0,0,0,0,0,0,0,1,0,0,0,0,1,1,False,False,PICKUP COFFEE 0970-688-7973
pj super siomai,0,0,0,0,1,0,0,0,0,0,0,0,1,1,False,False,PJ Super Siomai
time adventure,0,0,0,0,1,0,0,0,0,0,0,0,1,1,False,False,Time Adventure
plains and prints,0,0,0,0,1,0,0,0,0,0,0,0,1,1,False,False,Plains and Prints
plains & prints 9199149527,0,0,0,0,0,0,0,1,0,0,0,0,1,1,False,False,Plains & Prints 9199149527(OPEN)
time check watch service,0,0,0,0,0,0,0,1,0,0,0,0,1,1,False,False,Time Check Watch Service
plains,0,0,0,0,1,0,0,0,0,0,0,0,1,1,False,False,Plains
plain & prints,0,0,0,0,0,0,0,1,0,0,0,0,1,1,False,False,PLAIN & PRINTS
pktt mobile center,0,0,0,0,1,0,0,0,0,0,0,0,1,1,False,False,PKTT Mobile Center
pks phones,0,0,0,0,0,0,0,1,0,0,0,0,1,1,False,False,PKS Phones
pks phone,0,0,0,0,0,0,0,1,0,0,0,0,1,1,False,False,PKS Phone
time concept emporium,0,0,0,0,0,0,0,0,0,0,0,1,1,1,False,False,TIME CONCEPT EMPORIUM
pjs sleepwear 9237431998,0,0,0,0,0,0,0,1,0,0,0,0,1,1,False,False,PJs Sleepwear 9237431998
time express watch repair and key duplication services,0,0,0,0,0,1,0,0,0,0,0,0,1,1,False,False,Time Express Watch Repair and Key Duplication Services
time & gems,0,0,0,0,0,0,1,0,0,0,0,0,1,1,False,False,Time & Gems
pj lhuillier inc,0,0,0,0,0,0,0,0,0,1,0,0,1,1,False,False,PJ LHUILLIER INC. (CEBUANA)
time gallery,0,0,0,0,0,0,1,0,0,0,0,0,1,1,False,False,Time Gallery
time network,0,0,0,0,0,0,0,0,0,0,0,1,1,1,False,False,TIME NETWORK
time trend center,0,0,0,0,0,0,0,0,1,0,0,0,1,1,False,False,TIME TREND CENTER
pizzakaya,0,0,0,0,0,0,0,1,0,0,0,0,1,1,False,False,Pizzakaya
pizzahut,0,0,0,0,0,0,0,1,0,0,0,0,1,1,False,False,PIZZAHUT
pizza volante,0,0,0,0,0,0,0,0,1,0,0,0,1,1,False,False,PIZZA VOLANTE
pizza to go,0,0,0,0,0,0,0,0,1,0,0,0,1,1,False,False,PIZZA TO GO
pizza smile xbox,0,0,0,0,0,0,0,0,0,0,0,1,1,1,False,False,PIZZA SMILE XBOX
timecheck,0,0,0,0,0,0,0,1,0,0,0,0,1,1,False,False,Timecheck
pizza hut kiosk,0,0,0,0,0,0,0,1,0,0,0,0,1,1,False,False,PIZZA HUT KIOSK
planet sport,0,0,0,0,0,0,0,1,0,0,0,0,1,1,False,False,PLANET SPORT
planet sports asia,0,0,0,0,0,0,1,0,0,0,0,0,1,1,False,False,Planet Sports Asia
titter tatter playhouse,0,0,0,0,0,0,0,1,0,0,0,0,1,1,False,False,TITTER TATTER PLAYHOUSE
play book store,0,1,0,0,0,0,0,0,0,0,0,0,1,1,False,False,THE PLAY BOOK STORE
tic toc doc,0,0,0,0,0,0,0,0,1,0,0,0,1,1,False,False,TIC TOC DOC
playground 9232881783,0,0,0,0,0,0,0,1,0,0,0,0,1,1,False,False,Playground 9232881783
playcafe,0,0,0,0,0,1,0,0,0,0,0,0,1,1,False,False,Playcafe
ticket 1 9171094611,0,0,0,0,0,0,0,1,0,0,0,0,1,1,False,False,TICKET 1 9171094611
play works,0,0,0,0,0,0,0,0,1,0,0,0,1,1,False,False,PLAY WORKS
ticket express,0,0,0,0,1,0,0,0,0,0,0,0,1,1,False,False,Ticket Express
ticket royale,0,0,0,0,0,0,0,1,0,0,0,0,1,1,False,False,Ticket Royale
play studio,0,0,0,0,0,0,0,1,0,0,0,0,1,1,False,False,Play Studio
ticketport travel and tours,0,0,0,0,0,0,0,0,1,0,0,0,1,1,False,False,TICKETPORT TRAVEL AND TOURS
play n learn kids playroom childcare center,0,0,0,0,0,0,0,0,1,0,0,0,1,1,False,False,PLAY N LEARN KIDS PLAYROOM CHILDCARE CENTER
play giant,0,1,0,0,0,0,0,0,0,0,0,0,1,1,False,False,PLAY GIANT
play 2 learn,0,1,0,0,0,0,0,0,0,0,0,0,1,1,False,False,PLAY 2 LEARN
timcheck watch repair,0,0,0,0,0,0,0,1,0,0,0,0,1,1,False,False,TIMCHECK WATCH REPAIR
tickettime travel & tours,0,0,0,0,0,0,0,1,0,0,0,0,1,1,False,False,Tickettime Travel & Tours
tidex carwash,0,0,0,0,0,0,0,1,0,0,0,0,1,1,False,False,TIDEX CARWASH
tienda street food,0,0,0,0,0,0,0,1,0,0,0,0,1,1,False,False,Tienda Street Food
tiger sugar 9772116188,0,0,0,0,0,0,0,1,0,0,0,0,1,1,False,False,TIGER SUGAR 9772116188
tiktilaok 0997 746 7278,0,0,0,0,0,0,0,1,0,0,0,0,1,1,False,False,TIKTILAOK 0997-746-7278
platinium karaoke,0,0,0,0,0,0,0,1,0,0,0,0,1,1,False,False,PLATINIUM KARAOKE
plantsnilloids,0,1,0,0,0,0,0,0,0,0,0,0,1,1,False,False,PLANTSNILLOIDS
tile express shop,0,0,0,0,0,0,0,0,1,0,0,0,1,1,False,False,TILE EXPRESS SHOP
plantmate plants shop,0,0,0,0,0,0,0,0,1,0,0,0,1,1,False,False,PLANTMATE PLANTS SHOP
tili dhali temporarily closed,0,0,0,0,0,0,0,1,0,0,0,0,1,1,False,False,TILI DHALI TEMPORARILY CLOSED
timber toys,1,0,0,0,0,0,0,0,0,0,0,0,1,1,False,False,TIMBER TOYS
pizza hut food cart,0,0,0,0,0,0,0,1,0,0,0,0,1,1,False,False,Pizza Hut Food Cart
timeline watch repair 0922 889 0086,0,0,0,0,0,0,0,1,0,0,0,0,1,1,False,False,Timeline Watch Repair 0922-889-0086
pizza haus,0,0,0,0,0,0,0,1,0,0,0,0,1,1,False,False,Pizza Haus
pidoks,0,1,0,0,0,0,0,0,0,0,0,0,1,1,False,False,PIDOKS
pines telecom,0,0,0,0,0,0,0,1,0,0,0,0,1,1,False,False,Pines Telecom
tiny teapot,0,0,0,0,0,0,0,1,0,0,0,0,1,1,False,False,Tiny Teapot
tiny town,0,0,0,0,0,0,0,0,1,0,0,0,1,1,False,False,TINY TOWN
pina seoul,0,0,0,0,0,0,0,1,0,0,0,0,1,1,False,False,PINA SEOUL
pimp kicks,0,0,0,0,0,0,1,0,0,0,0,0,1,1,False,False,Pimp Kicks
pili ani,0,0,0,0,0,0,1,0,0,0,0,0,1,1,False,False,Pili Ani
pieza de mano art ang frames,0,0,0,0,0,0,0,1,0,0,0,0,1,1,False,False,PIEZA DE MANO ART ANG FRAMES
pieza de mano,0,0,0,0,0,0,0,1,0,0,0,0,1,1,False,False,Pieza De Mano
silverworks satellite,0,0,1,0,0,0,0,0,0,0,0,0,1,1,False,False,Silverworks Satellite
tipness gym,0,1,0,0,0,0,0,0,0,0,0,0,1,1,False,False,TIPNESS GYM
tips n toes,0,1,0,0,0,0,0,0,0,0,0,0,1,1,False,False,TIPS 'N TOES
tips n toes nail salon,0,0,0,0,0,0,0,0,1,0,0,0,1,1,False,False,TIPS N TOES NAIL SALON
pizza boy 9778098547,0,0,0,0,0,0,0,1,0,0,0,0,1,1,False,False,Pizza boy 9778098547
picture city mayandug cellphone accessories,0,0,0,0,0,0,0,0,0,0,0,1,1,1,False,False,PICTURE CITY Mayandug Cellphone Accessories
tita beths pancit malabon haus,0,1,0,0,0,0,0,0,0,0,0,0,1,1,False,False,TITA BETH'S PANCIT MALABON HAUS
picture city green heart naturals enterprise,0,0,0,0,0,0,0,0,0,0,0,1,1,1,False,False,Picture City Green Heart Naturals Enterprise ( HUMAN NATURE )
tita paring,0,0,0,0,0,0,1,0,0,0,0,0,1,1,False,False,Tita Paring
picture books,0,0,0,0,0,0,0,0,1,0,0,0,1,1,False,False,PICTURE BOOKS
tita paring 9178543267,0,0,0,0,0,0,0,1,0,0,0,0,1,1,False,False,Tita Paring (OPEN) 9178543267
tita yummys burger,0,0,0,0,0,0,0,1,0,0,0,0,1,1,False,False,Tita Yummy's Burger
titan barbershop,0,0,0,0,0,0,0,0,1,0,0,0,1,1,False,False,TITAN BARBERSHOP
picole 0966 142 6389,0,0,0,0,0,0,0,1,0,0,0,0,1,1,False,False,Picole 0966 142 6389
picole,0,0,0,0,0,0,0,0,1,0,0,0,1,1,False,False,PICOLE
titas bags and accessories,1,0,0,0,0,0,0,0,0,0,0,0,1,1,False,False,Tita's Bags and Accessories
pings eatabols,0,1,0,0,0,0,0,0,0,0,0,0,1,1,False,False,PING’S EATABOLS
pink & brown boutique,0,0,0,0,0,0,0,1,0,0,0,0,1,1,False,False,Pink & Brown Boutique
pink belles fashion,0,0,0,0,0,0,0,1,0,0,0,0,1,1,False,False,Pink Belle's Fashion
pink dot,0,1,0,0,0,0,0,0,0,0,0,0,1,1,False,False,PINK DOT
pixie forest,0,0,1,0,0,0,0,0,0,0,0,0,1,1,False,False,Pixie Forest
pixelport,0,0,0,0,0,0,0,0,1,0,0,0,1,1,False,False,PIXELPORT
pixel point by photoline,0,0,0,0,0,0,0,0,1,0,0,0,1,1,False,False,PIXEL POINT BY PHOTOLINE
pirazzo,0,0,0,0,0,0,0,1,0,0,0,0,1,1,False,False,PIRAZZO
pirates grill open,0,0,0,0,0,0,0,1,0,0,0,0,1,1,False,False,Pirate's Grill OPEN
timeshoppe,0,0,0,0,0,0,0,0,1,0,0,0,1,1,False,False,TIMESHOPPE
pinoy silugan,0,0,0,0,0,0,0,0,0,0,0,1,1,1,False,False,PINOY SILUGAN
pinoy pyesta,0,0,0,0,0,0,0,0,1,0,0,0,1,1,False,False,PINOY PYESTA
timezone 8364 2426,0,0,0,0,0,0,0,1,0,0,0,0,1,1,False,False,Timezone 8364 2426 (OPEN)
pinoy krispy sisig,0,0,0,0,0,0,0,1,0,0,0,0,1,1,False,False,Pinoy Krispy Sisig
pinkies box,0,0,0,0,0,0,0,1,0,0,0,0,1,1,False,False,PINKIES BOX
timezone carousel,0,1,0,0,0,0,0,0,0,0,0,0,1,1,False,False,TIMEZONE CAROUSEL
timhowan,0,0,0,0,0,0,1,0,0,0,0,0,1,1,False,False,TimHowan
pink2pink body & face skin,0,1,0,0,0,0,0,0,0,0,0,0,1,1,False,False,PINK2PINK BODY & FACE SKIN
tin accessories,0,0,0,0,1,0,0,0,0,0,0,0,1,1,False,False,Tin Accessories
pink pony tails,0,0,0,0,1,0,0,0,0,0,0,0,1,1,False,False,Pink Pony Tails
tina berin fresh flowers,0,1,0,0,0,0,0,0,0,0,0,0,1,1,False,False,TINA BERIN FRESH FLOWERS
pink polish nail lounge,0,0,0,0,1,0,0,0,0,0,0,0,1,1,False,False,Pink Polish Nail Lounge
pink polish,0,0,0,0,1,0,0,0,0,0,0,0,1,1,False,False,Pink Polish
tinker club,0,0,0,0,0,0,0,1,0,0,0,0,1,1,False,False,Tinker Club
pink lemonade,0,0,0,0,0,0,0,1,0,0,0,0,1,1,False,False,Pink Lemonade
tinkerville 9500207078,0,0,0,0,0,0,0,1,0,0,0,0,1,1,False,False,TINKERVILLE 9500207078
pink dough,0,0,0,0,0,1,0,0,0,0,0,0,1,1,False,False,Pink Dough
prestige trading,0,0,0,0,0,0,0,0,1,0,0,0,1,1,False,False,PRESTIGE TRADING
pretty little lashes & nail studio,0,0,0,0,0,0,0,0,0,1,0,0,1,1,False,False,PRETTY LITTLE LASHES & NAIL STUDIO
rest & go,0,0,0,0,0,0,0,1,0,0,0,0,1,1,False,False,Rest & Go (OPEN)
raptor,0,0,1,0,0,0,0,0,0,0,0,0,1,1,False,False,Raptor
super pollo,0,0,0,0,0,0,0,0,1,0,0,0,1,1,False,False,SUPER POLLO
rayos dental,0,0,0,0,0,0,0,1,0,0,0,0,1,1,False,False,RAYOS DENTAL
super uncle claypot,0,0,0,0,0,0,1,0,0,0,0,0,1,1,False,False,Super Uncle Claypot
rave studio,0,1,0,0,0,0,0,0,0,0,0,0,1,1,False,False,RAVE STUDIO
super value inc,0,0,0,0,0,0,0,0,0,0,0,1,1,1,False,False,SUPER VALUE INC.
superb shanghai siomai,0,0,0,0,0,0,0,0,0,0,0,1,1,1,False,False,SUPERB SHANGHAI SIOMAI
rasay meatshop,0,0,0,0,1,0,0,0,0,0,0,0,1,1,False,False,Rasay Meatshop
rari,0,0,0,0,0,0,0,0,1,0,0,0,1,1,False,False,RARI
rarepair,0,0,0,0,0,0,0,0,1,0,0,0,1,1,False,False,RAREPAIR
superga 7720 9679,0,0,0,0,0,0,0,1,0,0,0,0,1,1,False,False,Superga 7720-9679
rare collective,0,0,0,0,0,1,0,0,0,0,0,0,1,1,False,False,Rare Collective
rapidfix,0,0,0,0,0,0,0,0,1,0,0,0,1,1,False,False,RAPIDFIX
super metro,0,0,1,0,0,0,0,0,0,0,0,0,1,1,False,False,Super Metro
rapide,0,0,0,0,0,1,0,0,0,0,0,0,1,1,False,False,Rapide
raphas corner,0,0,0,0,0,0,0,0,1,0,0,0,1,1,False,False,RAPHAS CORNER
rangoon ruby,0,0,1,0,0,0,0,0,0,0,0,0,1,1,False,False,Rangoon Ruby
superlicious bakeshop,0,0,0,0,0,0,0,0,1,0,0,0,1,1,False,False,SUPERLICIOUS BAKESHOP
randys donut,0,1,0,0,0,0,0,0,0,0,0,0,1,1,False,False,RANDY’S DONUT
randy ortiz dental clinic,0,0,0,1,0,0,0,0,0,0,0,0,1,1,False,False,RANDY ORTIZ DENTAL CLINIC
rams balloons,0,0,0,0,1,0,0,0,0,0,0,0,1,1,False,False,Rams Balloons
ramous region,0,0,0,0,0,0,0,1,0,0,0,0,1,1,False,False,RAMOUS REGION
ramirez printing services,0,0,1,0,0,0,0,0,0,0,0,0,1,1,False,False,Ramirez Printing Services
ramenco,0,1,0,0,0,0,0,0,0,0,0,0,1,1,False,False,RAMENCO
ramen yushoken,0,0,0,0,0,0,1,0,0,0,0,0,1,1,False,False,Ramen Yushoken
razons buko rocks,0,0,0,0,0,0,0,0,0,0,0,1,1,1,False,False,RAZONS (L.L Lacap's Halo-Halo) BUKO ROCKS
super buko,0,0,0,0,0,0,0,1,0,0,0,0,1,1,False,False,Super Buko
ramen tetora,0,0,0,0,0,0,0,1,0,0,0,0,1,1,False,False,RAMEN TETORA
rc skin lite face body center,0,0,0,0,0,0,0,0,1,0,0,0,1,1,False,False,RC SKIN LITE FACE BODY CENTER
rds home outlet,0,0,0,0,0,0,0,1,0,0,0,0,1,1,False,False,RDS HOME OUTLET
rds business center,0,0,0,0,0,0,0,1,0,0,0,0,1,1,False,False,RDS Business Center
rde eatery,0,0,0,0,0,0,0,1,0,0,0,0,1,1,False,False,RDE EATERY
sunika manila,0,0,1,0,0,0,0,0,0,0,0,0,1,1,False,False,Sunika Manila
suniway group of companies inc,0,0,0,0,0,0,0,0,1,0,0,0,1,1,False,False,SUNIWAY GROUP OF COMPANIES INC
rcg watch service,0,0,0,0,0,0,0,0,0,0,1,0,1,1,False,False,RCG Watch Service
rcd sticker,0,0,0,0,0,0,0,1,0,0,0,0,1,1,False,False,RCD Sticker
sunkissed cafe,0,0,0,0,0,0,0,1,0,0,0,0,1,1,False,False,SUNKISSED CAFE
rcbc exhibit mini gem exhibit,0,0,0,0,0,0,0,0,0,0,0,1,1,1,False,False,RCBC/EXHIBIT MINI GEM Exhibit (#8)
sunlab,0,0,0,0,1,0,0,0,0,0,0,0,1,1,False,False,Sunlab
sunnies,0,0,0,0,0,0,0,1,0,0,0,0,1,1,False,False,Sunnies
sunnies coffee,0,0,0,0,0,0,0,1,0,0,0,0,1,1,False,False,SUNNIES COFFEE (9178293590)
super bagnet,0,0,0,0,1,0,0,0,0,0,0,0,1,1,False,False,Super Bagnet
sunnies specs sunnies studios,0,0,0,0,0,0,0,0,1,0,0,0,1,1,False,False,SUNNIES SPECS SUNNIES STUDIOS
sunnies studios 9178293590,0,0,0,0,0,0,0,1,0,0,0,0,1,1,False,False,Sunnies Studios 9178293590
rc management and medical services,0,0,0,0,0,0,0,0,1,0,0,0,1,1,False,False,RC MANAGEMENT AND MEDICAL SERVICES
sunrise bloom plants & flowers,0,1,0,0,0,0,0,0,0,0,0,0,1,1,False,False,SUNRISE BLOOM PLANTS & FLOWERS
rbx,0,0,0,0,0,0,0,1,0,0,0,0,1,1,False,False,RBX (Rice in a Box)
sunset dry goods,0,0,0,0,0,1,0,0,0,0,0,0,1,1,False,False,Sunset Dry Goods
rbc cable,0,0,0,0,0,0,0,1,0,0,0,0,1,1,False,False,RBC CABLE
razons halo halo & palabok,0,1,0,0,0,0,0,0,0,0,0,0,1,1,False,False,RAZON'S HALO HALO & PALABOK
sunshine accessories,0,0,0,0,1,0,0,0,0,0,0,0,1,1,False,False,Sunshine Accessories
razons halo halo,0,0,0,0,0,0,0,1,0,0,0,0,1,1,False,False,Razon's Halo Halo
sunstar jewelry,0,0,0,0,0,0,1,0,0,0,0,0,1,1,False,False,Sunstar Jewelry
ramen ton ichi express,0,0,0,0,0,0,0,1,0,0,0,0,1,1,False,False,Ramen Ton-Ichi Express
superwasher,0,0,0,0,0,0,0,0,1,0,0,0,1,1,False,False,SUPERWASHER
sushi station,0,0,0,0,0,0,0,0,1,0,0,0,1,1,False,False,SUSHI STATION
susans flower,0,0,0,0,0,0,0,0,0,0,0,1,1,1,False,False,SUSAN'S FLOWER
rainbow asia logistics services inc,0,0,0,0,0,0,1,0,0,0,0,0,1,1,False,False,Rainbow Asia Logistics Services Inc.
rage room and coffee,0,1,0,0,0,0,0,0,0,0,0,0,1,1,False,False,THE RAGE ROOM AND COFFEE
rage racer,0,0,0,0,0,0,0,1,0,0,0,0,1,1,False,False,Rage Racer
raffy cellphone & accessories,0,0,0,0,0,1,0,0,0,0,0,0,1,1,False,False,Raffy Cellphone & Accessories
raffas treats on stix,0,0,0,0,0,0,0,1,0,0,0,0,1,1,False,False,Raffa's Treats on Stix
rafaels tapas bar & restaurant,0,0,0,0,0,1,0,0,0,0,0,0,1,1,False,False,Rafael's Tapas Bar & Restaurant
susan milan,0,1,0,0,0,0,0,0,0,0,0,0,1,1,False,False,SUSAN MILAN
rado frederique constant,0,0,0,0,0,0,0,0,1,0,0,0,1,1,False,False,RADO FREDERIQUE CONSTANT
susans canteen,0,0,0,0,0,0,0,0,0,0,0,1,1,1,False,False,SUSAN'S CANTEEN
rado atelier,0,1,0,0,0,0,0,0,0,0,0,0,1,1,False,False,THE RADO ATELIER
rado,0,1,0,0,0,0,0,0,0,0,0,0,1,1,False,False,RADO
radius telecom,0,1,0,0,0,0,0,0,0,0,0,0,1,1,False,False,RADIUS TELECOM
rajah palabok plus,0,0,0,0,0,0,0,1,0,0,0,0,1,1,False,False,RAJAH PALABOK PLUS
rad tattoo studio,0,0,0,0,0,0,0,0,1,0,0,0,1,1,False,False,RAD TATTOO STUDIO
sushi bake,0,0,0,0,0,0,0,1,0,0,0,0,1,1,False,False,SUSHI BAKE
racquels bakeshop & catering services,0,0,0,0,0,0,0,1,0,0,0,0,1,1,False,False,Racquel's Bakeshop & Catering Services
racks restaurant,0,0,1,0,0,0,0,0,0,0,0,0,1,1,False,False,Racks Restaurant
sushi bar by jiro,0,0,0,0,0,0,0,0,1,0,0,0,1,1,False,False,SUSHI BAR BY JIRO
racing edge,0,0,0,0,1,0,0,0,0,0,0,0,1,1,False,False,Racing Edge
rachelles alteration services,0,0,0,0,0,0,0,0,1,0,0,0,1,1,False,False,RACHELLES ALTERATION SERVICES
rachelle anns flower,0,1,0,0,0,0,0,0,0,0,0,0,1,1,False,False,RACHELLE ANN'S FLOWER
racell,0,0,0,0,0,0,0,0,1,0,0,0,1,1,False,False,RACELL
sushi sor,0,0,0,0,0,0,0,0,1,0,0,0,1,1,False,False,SUSHI SOR
ra taho,0,0,0,0,0,0,0,0,1,0,0,0,1,1,False,False,RA TAHO
rainbow project,0,0,0,0,1,0,0,0,0,0,0,0,1,1,False,False,The Rainbow Project
raki yata ramen,0,0,0,0,0,0,0,0,1,0,0,0,1,1,False,False,RAKI-YATA RAMEN
ramen naijiro,0,0,0,0,0,0,0,1,0,0,0,0,1,1,False,False,RAMEN NAIJIRO
ramen bari uma,0,0,0,0,0,0,0,0,1,0,0,0,1,1,False,False,RAMEN BARI-UMA
ramen nagi to go,0,0,0,0,0,0,0,1,0,0,0,0,1,1,False,False,Ramen Nagi To-Go
supreme hotdogs,0,0,0,0,0,0,0,0,1,0,0,0,1,1,False,False,SUPREME HOTDOGS
supreme tactical shop,0,0,0,0,0,0,0,0,1,0,0,0,1,1,False,False,SUPREME TACTICAL SHOP
sure vision,0,0,0,0,0,0,0,1,0,0,0,0,1,1,False,False,Sure Vision
sure vision optical,0,0,0,0,0,0,0,0,0,0,1,0,1,1,False,False,SURE VISION OPTICAL
surefix,0,0,0,0,0,0,0,1,0,0,0,0,1,1,False,False,Surefix
ramen keisuke tori king,0,0,0,0,0,0,0,0,1,0,0,0,1,1,False,False,RAMEN KEISUKE TORI KING
ramen ibuki,0,0,0,0,0,1,0,0,0,0,0,0,1,1,False,False,Ramen Ibuki
surefix gadget repair center,0,0,0,0,0,0,0,0,0,0,1,0,1,1,False,False,Surefix Gadget Repair Center
ramen bari uma jr,0,0,0,0,0,0,0,0,1,0,0,0,1,1,False,False,RAMEN BARI-UMA JR
surge fitness gym,0,0,0,0,0,0,0,0,1,0,0,0,1,1,False,False,SURGE FITNESS GYM
surge fitness lifestyle,0,0,1,0,0,0,0,0,0,0,0,0,1,1,False,False,Surge Fitness + Lifestyle
raki yata ramen house,0,1,0,0,0,0,0,0,0,0,0,0,1,1,False,False,RAKI-YATA RAMEN HOUSE
ramboys,0,0,0,0,0,0,0,0,1,0,0,0,1,1,False,False,RAMBOYS
ramar ticketing,0,0,0,0,0,0,0,1,0,0,0,0,1,1,False,False,RAMAR TICKETING
surya int l trading corp,0,0,0,0,1,0,0,0,0,0,0,0,1,1,False,False,Surya Int\'l Trading Corp.
ralph sports,0,0,0,0,0,0,1,0,0,0,0,0,1,1,False,False,Ralph Sports
ral party time,0,0,0,0,1,0,0,0,0,0,0,0,1,1,False,False,Ral Party Time
rakuzen food house,0,0,0,0,0,0,0,1,0,0,0,0,1,1,False,False,RAKUZEN FOOD HOUSE
rakso air travel & tours,0,0,0,0,0,0,0,1,0,0,0,0,1,1,False,False,Rakso Air Travel & Tours
susan canteen norhaimen telecom shop,0,0,0,0,0,0,0,0,0,0,0,1,1,1,False,False,SUSAN CANTEEN NORHAIMEN TELECOM SHOP
rakshionista,0,0,0,0,0,0,0,1,0,0,0,0,1,1,False,False,RAKSHIONISTA
raks power exhibit junaina slippers,0,0,0,0,0,0,0,0,0,0,0,1,1,1,False,False,RAK'S POWER EXHIBIT (MTC ABSORB TENANT) JUNAINA SLIPPERS
rakimah,0,0,0,0,0,0,1,0,0,0,0,0,1,1,False,False,Rakimah
rds trendy 2024,0,0,0,0,0,0,0,1,0,0,0,0,1,1,False,False,RDS TRENDY 2024
rds tru,0,0,0,0,0,0,0,1,0,0,0,0,1,1,False,False,RDS TRU
re find,0,0,1,0,0,0,0,0,0,0,0,0,1,1,False,False,Re-find
suds go hydro core water filling station,0,0,0,0,0,0,0,0,1,0,0,0,1,1,False,False,SUDS GO HYDRO CORE WATER FILLING STATION
styles n smiles salon,0,0,0,0,0,0,0,1,0,0,0,0,1,1,False,False,Styles N Smiles Salon
religioso,0,1,0,0,0,0,0,0,0,0,0,0,1,1,False,False,RELIGIOSO
reli tours & travel company,0,0,0,0,0,0,0,1,0,0,0,0,1,1,False,False,RELI TOURS & TRAVEL COMPANY
suarez bros,0,0,0,0,0,0,0,0,1,0,0,0,1,1,False,False,SUAREZ BROS
suarez sons metal artsjewelry,0,0,0,0,0,0,0,0,1,0,0,0,1,1,False,False,SUAREZ SONS METAL ARTSJEWELRY
relaxia massage center,0,0,0,0,0,0,0,1,0,0,0,0,1,1,False,False,RELAXIA MASSAGE CENTER
relaxia 9959233806,0,0,0,0,0,0,0,1,0,0,0,0,1,1,False,False,Relaxia 9959233806
sucheri,0,0,0,0,0,0,1,0,0,0,0,0,1,1,False,False,Sucheri
relaxant shades of blonde,0,0,0,0,0,0,0,0,1,0,0,0,1,1,False,False,RELAXANT SHADES OF BLONDE
relax haven,0,0,0,0,0,0,0,1,0,0,0,0,1,1,False,False,RELAX HAVEN
reinberry,0,0,0,0,0,0,0,0,1,0,0,0,1,1,False,False,REINBERRY
rehabwise pain and mobility clinic,0,0,0,0,0,0,0,0,1,0,0,0,1,1,False,False,REHABWISE PAIN AND MOBILITY CLINIC
styles asia home,0,0,0,0,0,0,1,0,0,0,0,0,1,1,False,False,Styles Asia Home
regus,0,0,0,0,0,0,0,0,1,0,0,0,1,1,False,False,REGUS
regenix aesthetic wellness centre,0,0,0,0,0,0,0,1,0,0,0,0,1,1,False,False,REGENIX AESTHETIC WELLNESS CENTRE
regenesis,0,0,1,0,0,0,0,0,0,0,0,0,1,1,False,False,Regenesis
regatta 7720 9629,0,0,0,0,0,0,0,1,0,0,0,0,1,1,False,False,Regatta 7720-9629 (TEMPORARILY CLOSED)
sugar daddy,0,0,0,0,0,0,0,0,1,0,0,0,1,1,False,False,SUGAR DADDY
sugar panda,0,0,0,0,1,0,0,0,0,0,0,0,1,1,False,False,Sugar Panda
sugar plum,0,0,0,0,1,0,0,0,0,0,0,0,1,1,False,False,Sugar Plum
reformer revolution,0,0,0,0,0,1,0,0,0,0,0,0,1,1,False,False,Reformer Revolution
sugarcane beyond,0,0,0,0,0,0,0,0,1,0,0,0,1,1,False,False,SUGARCANE BEYOND
redteck inc,0,0,0,0,0,0,0,1,0,0,0,0,1,1,False,False,Redteck Inc
redtech ronyels cellphone and accessories,0,0,0,0,0,0,0,0,0,0,0,1,1,1,False,False,REDTECH RONYEL'S CELLPHONE AND ACCESSORIES
relojes mundo,0,1,0,0,0,0,0,0,0,0,0,0,1,1,False,False,RELOJES MUNDO
style venue,0,0,0,0,1,0,0,0,0,0,0,0,1,1,False,False,Style Venue
re jewerly store,0,0,0,0,0,0,0,1,0,0,0,0,1,1,False,False,RE Jewerly STore
repair me,0,0,0,0,0,0,0,1,0,0,0,0,1,1,False,False,Repair Me
reshienel,0,0,0,0,0,0,0,1,0,0,0,0,1,1,False,False,Reshienel
reshape,0,1,0,0,0,0,0,0,0,0,0,0,1,1,False,False,RESHAPE
studio 28,0,0,0,0,0,1,0,0,0,0,0,0,1,1,False,False,Studio 28
reserve,0,0,0,0,0,1,0,0,0,0,0,0,1,1,False,False,Reserve
res toe run 8282 2220,0,0,0,0,0,0,0,1,0,0,0,0,1,1,False,False,Res Toe Run 8282-2220
studio ceremonie,0,0,0,0,0,0,0,0,1,0,0,0,1,1,False,False,STUDIO CEREMONIE
res,0,0,0,1,0,0,0,0,0,0,0,0,1,1,False,False,Res|Toe|Run
studio fix,0,1,0,0,0,0,0,0,0,0,0,0,1,1,False,False,STUDIO FIX
studio m salon and spa,0,1,0,0,0,0,0,0,0,0,0,0,1,1,False,False,STUDIO M SALON AND SPA
study,0,0,0,0,0,1,0,0,0,0,0,0,1,1,False,False,The Study
repertory philippines,0,0,0,0,0,1,0,0,0,0,0,0,1,1,False,False,Repertory Philippines
study enderun tutorial and language center,0,0,0,0,0,0,0,0,1,0,0,0,1,1,False,False,THE STUDY ENDERUN TUTORIAL AND LANGUAGE CENTER
style n comfort,1,0,0,0,0,0,0,0,0,0,0,0,1,1,False,False,STYLE N' COMFORT
study of enderun,0,0,0,0,0,0,1,0,0,0,0,0,1,1,False,False,Study of Enderun
repair advise,0,0,0,0,0,0,1,0,0,0,0,0,1,1,False,False,Repair Advise
renovar wellness,0,0,1,0,0,0,0,0,0,0,0,0,1,1,False,False,Renovar Wellness
study room,0,0,1,0,0,0,0,0,0,0,0,0,1,1,False,False,Study Room
renergy dermspa,0,1,0,0,0,0,0,0,0,0,0,0,1,1,False,False,RENERGY DERMSPA
stuff toys,0,0,0,0,0,0,0,0,0,0,0,1,1,1,False,False,STUFF TOYS
reneelen,0,0,0,0,0,0,1,0,0,0,0,0,1,1,False,False,Reneelen
rene mouris,0,0,0,0,0,0,0,0,1,0,0,0,1,1,False,False,RENE MOURIS
renaissance art gallery,0,0,0,0,0,0,0,0,1,0,0,0,1,1,False,False,RENAISSANCE ART GALLERY
remnants thrift shop,1,0,0,0,0,0,0,0,0,0,0,0,1,1,False,False,REMNANTS THRIFT SHOP
style hunter boutique,0,1,0,0,0,0,0,0,0,0,0,0,1,1,False,False,STYLE HUNTER BOUTIQUE
redtech,0,0,0,0,0,0,0,0,1,0,0,0,1,1,False,False,REDTECH
redsas flower shop,0,1,0,0,0,0,0,0,0,0,0,0,1,1,False,False,REDSA'S FLOWER SHOP
redragon,0,0,0,0,0,0,0,0,1,0,0,0,1,1,False,False,REDRAGON
recess,0,0,0,0,0,0,0,1,0,0,0,0,1,1,False,False,RECESS (INSIDE MAISONETTE)
red crab alimango house,0,0,0,0,0,1,0,0,0,0,0,0,1,1,False,False,The Red Crab Alimango House
red crab,0,0,0,0,0,1,0,0,0,0,0,0,1,1,False,False,The Red Crab
red corner burger cafe,0,0,0,0,0,0,0,0,1,0,0,0,1,1,False,False,RED CORNER BURGER CAFE
red corner,0,0,0,0,1,0,0,0,0,0,0,0,1,1,False,False,Red Corner
red clay,0,0,0,0,0,0,0,0,1,0,0,0,1,1,False,False,RED CLAY
suman latik & native delicacies,0,1,0,0,0,0,0,0,0,0,0,0,1,1,False,False,SUMAN LATIK & NATIVE DELICACIES
summer house,0,0,0,0,0,1,0,0,0,0,0,0,1,1,False,False,Summer House
summit world,0,0,0,0,0,0,0,0,1,0,0,0,1,1,False,False,SUMMIT WORLD
sumo niku unlimited japanese barbecue,0,0,0,0,0,0,0,0,1,0,0,0,1,1,False,False,SUMO NIKU UNLIMITED JAPANESE BARBECUE
recoverylimjoe lemony juice station,0,0,0,0,0,0,0,0,1,0,0,0,1,1,False,False,RecoveryLIMJOE LEMONY JUICE STATION
reclaim health care administrative services corporation,0,0,0,0,0,0,0,0,1,0,0,0,1,1,False,False,RECLAIM HEALTH CARE ADMINISTRATIVE SERVICES CORPORATION
sumo takuyaki,0,0,0,0,1,0,0,0,0,0,0,0,1,1,False,False,Sumo Takuyaki
redline 3,0,0,0,0,0,0,0,0,0,0,0,1,1,1,False,False,REDLINE 3
reame,0,0,0,0,0,0,0,1,0,0,0,0,1,1,False,False,REAME
realme service center,0,0,0,0,0,0,0,0,1,0,0,0,1,1,False,False,REALME SERVICE CENTER
sun cellular the sun shop,0,0,0,0,1,0,0,0,0,0,0,0,1,1,False,False,Sun Cellular - The Sun Shop
realme concept store,0,0,0,0,0,0,0,0,1,0,0,0,1,1,False,False,REALME CONCEPT STORE
sun life of canada,0,1,0,0,0,0,0,0,0,0,0,0,1,1,False,False,SUN LIFE OF CANADA
realme 0917 123 4115,0,0,0,0,0,0,0,1,0,0,0,0,1,1,False,False,REALME 0917-123-4115
sun money changer,0,0,0,0,0,0,0,1,0,0,0,0,1,1,False,False,Sun Money Changer
sunburst,0,0,0,0,0,0,0,1,0,0,0,0,1,1,False,False,Sunburst
real me service center,0,0,0,0,0,0,0,1,0,0,0,0,1,1,False,False,Real Me Service Center
sunglass haven 9177003700,0,0,0,0,0,0,0,1,0,0,0,0,1,1,False,False,Sunglass Haven 9177003700
ready set relax,0,0,0,0,0,0,0,1,0,0,0,0,1,1,False,False,READY-SET-RELAX
red dot,0,0,0,0,0,0,0,1,0,0,0,0,1,1,False,False,RED DOT
suki ya,0,1,0,0,0,0,0,0,0,0,0,0,1,1,False,False,SUKI-YA
suki gyouza,0,1,0,0,0,0,0,0,0,0,0,0,1,1,False,False,SUKI-GYOUZA
red green pepper mexican grill,0,0,0,0,0,0,0,0,1,0,0,0,1,1,False,False,RED GREEN PEPPER MEXICAN GRILL
sugarmunch,0,0,0,0,1,0,0,0,0,0,0,0,1,1,False,False,Sugarmunch
redhee gentext telecom,0,0,0,0,0,0,0,0,1,0,0,0,1,1,False,False,REDHEE GENTEXT TELECOM
sugbahan,0,0,0,0,0,0,0,1,0,0,0,0,1,1,False,False,Sugbahan
redbucks coffee shake,0,0,0,0,0,0,0,0,0,0,0,1,1,1,False,False,REDBUCK'S COFFEE SHAKE
red trendy,0,0,0,0,0,0,0,1,0,0,0,0,1,1,False,False,Red Trendy
red table,0,0,0,0,0,0,0,0,1,0,0,0,1,1,False,False,RED TABLE
sugbahan 0943 802 4476,0,0,0,0,0,0,0,1,0,0,0,0,1,1,False,False,SUGBAHAN 0943-802-4476
red robin kitchen,0,0,0,0,0,1,0,0,0,0,0,0,1,1,False,False,Red Robin Kitchen
sugbahan food corner,0,1,0,0,0,0,0,0,0,0,0,0,1,1,False,False,SUGBAHAN FOOD CORNER
red ribbon foss coffee,0,0,0,0,0,0,0,0,0,0,0,1,1,1,False,False,Red Ribbon FOSS COFFEE
red ribbon bakeshop inc,0,0,0,0,0,0,0,0,0,1,0,0,1,1,False,False,"RED RIBBON BAKESHOP, INC"
red ribbon bakeshop,0,0,0,0,0,0,0,1,0,0,0,0,1,1,False,False,RED RIBBON BAKESHOP
suhailas cellphone accessories,0,0,0,0,0,0,0,1,0,0,0,0,1,1,False,False,Suhaila's Cellphone Accessories
red ribbon 9688515256,0,0,0,0,0,0,0,1,0,0,0,0,1,1,False,False,Red Ribbon 9688515256
suisse cakery,0,0,0,0,0,0,0,1,0,0,0,0,1,1,False,False,SUISSE CAKERY
red monster shop,1,0,0,0,0,0,0,0,0,0,0,0,1,1,False,False,Red Monster Shop
red manila,0,0,0,0,0,1,0,0,0,0,0,0,1,1,False,False,Red Manila
suki,0,0,0,0,0,0,1,0,0,0,0,0,1,1,False,False,Suki
red lotus,0,0,0,0,0,0,0,1,0,0,0,0,1,1,False,False,RED LOTUS
red house taiwan shabu shabu,0,0,1,0,0,0,0,0,0,0,0,0,1,1,False,False,Red House Taiwan Shabu-shabu
red hen restaurant,0,0,0,0,0,0,0,1,0,0,0,0,1,1,False,False,Red Hen Restaurant
red hen,0,0,0,0,0,1,0,0,0,0,0,0,1,1,False,False,Red Hen
red hat donut,0,0,0,0,0,0,0,0,1,0,0,0,1,1,False,False,RED HAT DONUT
ra digital by robinsons appliances,0,0,0,0,0,0,0,1,0,0,0,0,1,1,False,False,RA DIGITAL BY ROBINSONS APPLIANCES
ra beauty touch facial spa center,0,0,0,0,0,0,0,0,1,0,0,0,1,1,False,False,RA BEAUTY TOUCH FACIAL SPA CENTER
pretty needs,0,0,0,0,0,0,0,0,0,0,0,1,1,1,False,False,PRETTY NEEDS
takoyaki sensei,0,0,0,0,0,0,0,1,0,0,0,0,1,1,False,False,Takoyaki Sensei ( TEMPORARILY CLOSED )
tako kaizen,0,0,0,0,0,0,0,1,0,0,0,0,1,1,False,False,TAKO KAIZEN
tako ramen,0,0,0,0,0,0,0,1,0,0,0,0,1,1,False,False,TAKO RAMEN
puffys hk egg waffle,0,0,0,0,0,0,0,0,1,0,0,0,1,1,False,False,PUFFYS HK EGG WAFFLE
puff and plug vape shop,0,0,0,0,0,1,0,0,0,0,0,0,1,1,False,False,Puff and Plug Vape Shop
takoyadon prime,0,0,0,0,0,0,0,0,1,0,0,0,1,1,False,False,TAKOYADON PRIME
takoyadon temporarily closed,0,0,0,0,0,0,0,1,0,0,0,0,1,1,False,False,TAKOYADON TEMPORARILY CLOSED
puerto electronico,0,0,0,0,0,0,0,0,1,0,0,0,1,1,False,False,PUERTO ELECTRONICO
takoyaki ban chan,0,0,0,1,0,0,0,0,0,0,0,0,1,1,False,False,Takoyaki Ban Chan
pub express,0,0,0,0,0,0,0,0,1,0,0,0,1,1,False,False,PUB EXPRESS
psbank atm,0,0,0,0,0,1,0,0,0,0,0,0,1,1,False,False,PSBank ATM
takoyaki lab 0931 979 8807,0,0,0,0,0,0,0,1,0,0,0,0,1,1,False,False,TAKOYAKI LAB 0931-979-8807
takoyaki taste,0,0,0,0,0,0,0,1,0,0,0,0,1,1,False,False,TAKOYAKI TASTE
tako bros,0,0,0,0,0,0,0,0,0,0,1,0,1,1,False,False,Tako Bros
psalm diagnostic center,0,0,0,0,0,0,0,1,0,0,0,0,1,1,False,False,Psalm Diagnostic Center
psa philsys natl id registration,0,0,0,0,0,0,0,1,0,0,0,0,1,1,False,False,PSA PHILSYS NAT'L ID REGISTRATION
takoyakings,0,0,0,0,0,0,0,0,1,0,0,0,1,1,False,False,TAKOYAKINGS
takuyaki,0,0,0,0,0,0,0,1,0,0,0,0,1,1,False,False,Takuyaki
takuyaki go,0,0,0,0,0,0,0,1,0,0,0,0,1,1,False,False,TAKUYAKI GO
takuyaki japanese food,0,0,0,0,0,0,0,1,0,0,0,0,1,1,False,False,Takuyaki Japanese Food
talk a tees,0,0,0,0,1,0,0,0,0,0,0,0,1,1,False,False,Talk A Tees
tamago,0,0,0,0,0,1,0,0,0,0,0,0,1,1,False,False,Tamago
tambilawan kamayan restaurant,0,0,0,0,0,0,0,1,0,0,0,0,1,1,False,False,Tambilawan Kamayan Restaurant
prudential guarantee and assurance inc,0,0,0,0,0,0,0,0,1,0,0,0,1,1,False,False,PRUDENTIAL GUARANTEE AND ASSURANCE INC
proxpert,0,0,0,0,0,0,0,0,1,0,0,0,1,1,False,False,PROXPERT
tako depot,0,1,0,0,0,0,0,0,0,0,0,0,1,1,False,False,TAKO DEPOT
takkra,0,0,0,0,0,0,0,1,0,0,0,0,1,1,False,False,TAKKRA
tamoya udon,0,0,0,0,0,0,1,0,0,0,0,0,1,1,False,False,Tamoya Udon
purple groom petshop,0,0,0,0,0,0,1,0,0,0,0,0,1,1,False,False,The Purple Groom Petshop
py,0,0,0,0,0,0,0,1,0,0,0,0,1,1,False,False,PY
tactics water gear 9178887849,0,0,0,0,0,0,0,1,0,0,0,0,1,1,False,False,Tactics Water Gear 9178887849
putien,0,0,0,0,0,0,0,0,1,0,0,0,1,1,False,False,PUTIEN
purplebox technologies inc,0,1,0,0,0,0,0,0,0,0,0,0,1,1,False,False,PURPLEBOX TECHNOLOGIES INC.
purple yam homemade cakes and pastries,0,0,0,0,0,0,0,0,1,0,0,0,1,1,False,False,PURPLE YAM HOMEMADE CAKES AND PASTRIES
tadakuma,0,0,0,0,0,0,0,0,1,0,0,0,1,1,False,False,TADAKUMA
tadzmaki sushi restaurant,0,0,0,0,0,0,0,0,1,0,0,0,1,1,False,False,TADZMAKI SUSHI RESTAURANT
tagoros abuhan,0,0,0,0,0,0,0,1,0,0,0,0,1,1,False,False,Tagoro's Abuhan
taguig crocheters,0,0,0,0,0,1,0,0,0,0,0,0,1,1,False,False,Taguig Crocheters
tah mee 0968 449 0361 temporarily closed,0,0,0,0,0,0,0,1,0,0,0,0,1,1,False,False,TAH MEE 0968 449 0361 TEMPORARILY CLOSED
taho manila,0,0,0,0,0,0,0,0,1,0,0,0,1,1,False,False,TAHO MANILA
purple groom pet salon,0,0,0,0,0,1,0,0,0,0,0,0,1,1,False,False,The Purple Groom Pet Salon
takeme coffee,0,0,0,0,0,0,0,0,1,0,0,0,1,1,False,False,TAKEME COFFEE
taho ni mang andres,0,0,0,0,0,0,0,0,1,0,0,0,1,1,False,False,TAHO NI MANG ANDRES
purefoods tj hotdogs,0,0,0,0,0,0,0,1,0,0,0,0,1,1,False,False,Purefoods TJ Hotdogs
taho soy avenue,0,0,0,0,0,0,0,0,1,0,0,0,1,1,False,False,TAHO SOY AVENUE
tai koo hk roast,0,0,0,0,0,0,0,0,1,0,0,0,1,1,False,False,TAI KOO HK ROAST
purefoods tender juicy,0,0,0,0,0,0,0,1,0,0,0,0,1,1,False,False,PUREFOODS TENDER JUICY
taiyen,0,0,0,0,0,0,1,0,0,0,0,0,1,1,False,False,Taiyen
pure lemon,0,0,0,0,0,0,0,0,0,0,0,1,1,1,False,False,PURE LEMON
pupsi ultrasound & lab,0,1,0,0,0,0,0,0,0,0,0,0,1,1,False,False,PUPSI ULTRASOUND & LAB
punong bayan,0,0,0,0,0,0,0,1,0,0,0,0,1,1,False,False,Punong Bayan
punch out,0,0,0,0,0,0,1,0,0,0,0,0,1,1,False,False,Punch Out
taj,0,0,0,0,0,0,0,0,1,0,0,0,1,1,False,False,TAJ
tambunting pawnshop,0,0,0,0,0,0,0,0,0,0,1,0,1,1,False,False,Tambunting Pawnshop
protect connect,0,0,0,0,0,0,0,0,1,0,0,0,1,1,False,False,PROTECT CONNECT
r&n trading,0,0,0,0,0,0,0,1,0,0,0,0,1,1,False,False,R&N Trading
tata ones,0,0,0,0,1,0,0,0,0,0,0,0,1,1,False,False,Tata Ones
tartufo ristorante,0,1,0,0,0,0,0,0,0,0,0,0,1,1,False,False,TARTUFO RISTORANTE
tasa barbershop,0,0,0,0,0,0,1,0,0,0,0,0,1,1,False,False,Tasa Barbershop
taste & tell,0,0,0,0,0,0,1,0,0,0,0,0,1,1,False,False,Taste & Tell
princegadgets marketing cellphone,1,0,0,0,0,0,0,0,0,0,0,0,1,1,False,False,Princegadgets Marketing Cellphone
primewell city,0,0,0,0,0,0,0,0,1,0,0,0,1,1,False,False,THE PRIMEWELL CITY
primetime,0,0,0,0,0,0,0,1,0,0,0,0,1,1,False,False,Primetime
primesteak house,0,0,0,0,0,0,0,1,0,0,0,0,1,1,False,False,PRIMESTEAK HOUSE
primeros sizzling steaks,0,0,0,0,0,0,0,0,1,0,0,0,1,1,False,False,PRIMEROS SIZZLING STEAKS
primera jewelry,0,1,0,0,0,0,0,0,0,0,0,0,1,1,False,False,PRIMERA JEWELRY
tasty habit,0,0,0,0,0,0,1,0,0,0,0,0,1,1,False,False,Tasty Habit
tasty treats,0,0,0,0,1,0,0,0,0,0,0,0,1,1,False,False,Tasty Treats
tatays inato,0,0,0,0,0,0,0,1,0,0,0,0,1,1,False,False,Tatay's Inato
tarsier fried food,0,0,0,0,0,0,1,0,0,0,0,0,1,1,False,False,Tarsier Fried Food
prime key,0,0,0,0,0,0,0,0,1,0,0,0,1,1,False,False,PRIME KEY
tater s,0,0,0,0,1,0,0,0,0,0,0,0,1,1,False,False,Tater\'s
prime care,0,0,0,0,0,0,0,0,1,0,0,0,1,1,False,False,PRIME CARE
prima medica health clinic,0,0,0,0,0,0,0,0,1,0,0,0,1,1,False,False,PRIMA MEDICA HEALTH CLINIC
prima gold,0,0,0,0,0,0,0,1,0,0,0,0,1,1,False,False,PRIMA GOLD
prettyvibe,0,0,0,0,0,0,0,1,0,0,0,0,1,1,False,False,PRETTYVIBE
prettylooks,0,0,0,0,0,1,0,0,0,0,0,0,1,1,False,False,Prettylooks
pretty woman house of fashion minigem,0,0,0,0,0,0,0,0,0,0,0,1,1,1,False,False,PRETTY WOMAN HOUSE OF FASHION MINIGEM (42)
taters kiosk,0,0,0,0,0,0,0,1,0,0,0,0,1,1,False,False,Tater's Kiosk
tavolata,0,1,0,0,0,0,0,0,0,0,0,0,1,1,False,False,TAVOLATA
pretty nest,0,0,0,0,0,0,0,1,0,0,0,0,1,1,False,False,Pretty Nest
princess diaries,0,0,0,0,1,0,0,0,0,0,0,0,1,1,False,False,Princess\' Diaries
tarlac electric inc,0,0,0,0,0,0,0,0,1,0,0,0,1,1,False,False,TARLAC ELECTRIC INC
tan dermatology center for asia,0,0,0,0,0,0,0,0,1,0,0,0,1,1,False,False,TAN DERMATOLOGY CENTER FOR ASIA
profile dental,0,0,0,0,0,0,0,1,0,0,0,0,1,1,False,False,Profile Dental
protagonist cafe and cocktail lounge,0,0,0,0,0,1,0,0,0,0,0,0,1,1,False,False,Protagonist Cafe and Cocktail Lounge
proposed mang inasal,0,0,0,0,0,0,0,0,0,0,0,1,1,1,False,False,Proposed Mang Inasal
tan yan shi fu,0,0,0,0,0,0,0,0,1,0,0,0,1,1,False,False,TAN YAN SHI FU
tandoor by rich,0,0,0,0,0,0,0,0,1,0,0,0,1,1,False,False,TANDOOR BY RICH
promate technologies,0,0,0,0,0,0,0,0,1,0,0,0,1,1,False,False,PROMATE TECHNOLOGIES
promate,0,0,0,0,0,0,0,1,0,0,0,0,1,1,False,False,PROMATE
tanyas hopia,0,0,0,0,1,0,0,0,0,0,0,0,1,1,False,False,Tanyas Hopia
tao yuan,0,0,0,0,0,1,0,0,0,0,0,0,1,1,False,False,Tao Yuan
tapang realty,0,0,0,0,0,0,0,1,0,0,0,0,1,1,False,False,Tapang Realty
progressive orthodontics,0,0,0,0,0,0,0,0,1,0,0,0,1,1,False,False,PROGRESSIVE ORTHODONTICS
progear timepieces center,0,0,0,0,0,0,0,0,1,0,0,0,1,1,False,False,PROGEAR TIMEPIECES CENTER
professional regulation commission,0,0,0,0,0,0,0,1,0,0,0,0,1,1,False,False,PROFESSIONAL REGULATION COMMISSION (PRC)
princess han playground grand entertainment and quality recreation,0,0,0,0,0,0,0,0,0,0,0,1,1,1,False,False,PRINCESS HAN (HADJA COLLEC.) PLAYGROUND /Grand Entertainment and Quality Recreation
procare cellphone accessories,0,0,0,0,0,0,0,0,1,0,0,0,1,1,False,False,PROCARE CELLPHONE ACCESSORIES
pro parking,0,0,0,0,0,0,0,1,0,0,0,0,1,1,False,False,Pro Parking
pro gear,0,0,0,0,0,0,0,0,0,0,1,0,1,1,False,False,Pro Gear
tappil flowers,0,0,0,0,0,0,0,0,1,0,0,0,1,1,False,False,TAPPIL FLOWERS
pro ech,0,0,0,0,0,0,0,0,1,0,0,0,1,1,False,False,PRO+ECH
tapsihan,0,0,0,0,0,0,0,0,0,0,0,1,1,1,False,False,TAPSIHAN
privon patiserrie,0,0,0,0,0,0,0,0,1,0,0,0,1,1,False,False,PRIVON PATISERRIE
tapsihan sa mtc avenue,0,0,0,0,0,0,0,0,0,0,0,1,1,1,False,False,TAPSIHAN SA MTC AVENUE
taqueria chupacabra,0,0,0,0,0,0,0,0,1,0,0,0,1,1,False,False,TAQUERIA CHUPACABRA
printemps,0,0,0,0,0,0,0,0,1,0,0,0,1,1,False,False,PRINTEMPS
print layout,0,0,0,0,0,0,0,1,0,0,0,0,1,1,False,False,Print Layout
tactics bag,0,0,0,0,0,0,0,1,0,0,0,0,1,1,False,False,Tactics Bag
tactics,0,0,0,0,0,0,0,1,0,0,0,0,1,1,False,False,Tactics
pyt,0,0,0,0,0,0,0,1,0,0,0,0,1,1,False,False,PYT
sweet spot,0,0,0,0,0,0,0,1,0,0,0,0,1,1,False,False,THE SWEET SPOT
quinos cafe,0,0,0,0,0,0,0,0,1,0,0,0,1,1,False,False,QUINOS CAFE
quinon ticketing services,0,0,0,0,0,0,0,1,0,0,0,0,1,1,False,False,Quiñon Ticketing Services
quinns cake,0,0,0,0,0,0,0,1,0,0,0,0,1,1,False,False,Quinn's Cake
quikstop 0923 903 0594,0,0,0,0,0,0,0,1,0,0,0,0,1,1,False,False,QUIKSTOP 0923-903-0594
quikstop,0,0,0,0,0,0,0,1,0,0,0,0,1,1,False,False,Quikstop
sweet ideas,0,0,0,0,0,0,0,0,1,0,0,0,1,1,False,False,SWEET IDEAS
sweet leaf bubble tea cafe,0,0,0,0,1,0,0,0,0,0,0,0,1,1,False,False,Sweet Leaf Bubble Tea Café
sweet lemon,0,0,0,0,0,0,0,1,0,0,0,0,1,1,False,False,Sweet Lemon
quickstop,0,0,0,0,0,0,0,1,0,0,0,0,1,1,False,False,Quickstop
quickpeek,0,0,0,0,0,0,0,1,0,0,0,0,1,1,False,False,QUICKPEEK
sweet scape salon spa aesthetic center,0,0,0,0,0,0,0,0,1,0,0,0,1,1,False,False,SWEET SCAPE SALON SPA AESTHETIC CENTER
quickly refreshment,0,0,0,0,0,0,0,1,0,0,0,0,1,1,False,False,Quickly Refreshment
quinque,0,0,0,0,0,0,0,0,1,0,0,0,1,1,False,False,QUINQUE
quickly 0950 823 3174,0,0,0,0,0,0,0,1,0,0,0,0,1,1,False,False,QUICKLY 0950-823-3174
sweet stems flowershop,0,0,0,0,0,0,0,0,1,0,0,0,1,1,False,False,SWEET STEMS FLOWERSHOP
sweet taste buds,0,0,0,0,0,0,0,1,0,0,0,0,1,1,False,False,SWEET TASTE BUDS
quickline micro,0,0,0,0,0,0,0,0,1,0,0,0,1,1,False,False,QUICKLINE MICRO
sweet things,0,0,0,0,0,0,0,0,1,0,0,0,1,1,False,False,SWEET THINGS
quicklean laundry,0,0,0,0,0,0,0,0,1,0,0,0,1,1,False,False,QUICKLEAN LAUNDRY
sweet things cakes and cups,0,1,0,0,0,0,0,0,0,0,0,0,1,1,False,False,SWEET THINGS CAKES AND CUPS
quick peek studio,0,0,0,0,0,0,0,1,0,0,0,0,1,1,False,False,QUICK PEEK STUDIO
quezon city government city treasurers office,0,0,0,0,0,0,0,0,1,0,0,0,1,1,False,False,QUEZON CITY GOVERNMENT CITY TREASURERS OFFICE
quezon city business centre,0,0,0,0,0,0,0,1,0,0,0,0,1,1,False,False,QUEZON CITY BUSINESS CENTRE (OPEN)
quezon city business center 9189430200,0,0,0,0,0,0,0,1,0,0,0,0,1,1,False,False,QUEZON CITY BUSINESS CENTER 9189430200
sweet escakes,0,0,0,0,0,0,0,0,1,0,0,0,1,1,False,False,SWEET ESCAKES
sweet ecstasy,0,0,0,0,0,0,0,0,1,0,0,0,1,1,False,False,SWEET ECSTASY
tactical corner,1,0,0,0,0,0,0,0,0,0,0,0,1,1,False,False,TACTICAL CORNER
r l ponti dental,0,0,0,0,0,0,0,0,1,0,0,0,1,1,False,False,R L PONTI DENTAL
r&j diamonds in style jewelry co,0,0,0,0,0,0,0,1,0,0,0,0,1,1,False,False,R&J Diamonds In Style Jewelry Co.
r&c motors,0,0,0,0,0,0,0,0,0,0,1,0,1,1,False,False,R&C MOTORS
susies cuisine,0,0,0,0,0,0,0,0,1,0,0,0,1,1,False,False,SUSIES CUISINE
r star white dental clinic,0,0,0,0,0,0,0,1,0,0,0,0,1,1,False,False,R Star White Dental Clinic
r sarabia optical,0,0,0,0,0,0,0,0,1,0,0,0,1,1,False,False,R SARABIA OPTICAL
svy domingo,0,0,0,0,0,0,1,0,0,0,0,0,1,1,False,False,Svy Domingo
sweet aroma bakeshop,0,0,0,0,1,0,0,0,0,0,0,0,1,1,False,False,Sweet Aroma Bakeshop
r n r beauty products,0,0,0,0,0,0,0,1,0,0,0,0,1,1,False,False,R N R BEAUTY PRODUCTS
sweet aroma bakeshoppe,0,0,0,0,1,0,0,0,0,0,0,0,1,1,False,False,Sweet Aroma Bakeshoppe
sweet blossoms,0,0,0,0,0,0,0,0,1,0,0,0,1,1,False,False,SWEET BLOSSOMS
r lapids,0,0,0,0,0,0,0,1,0,0,0,0,1,1,False,False,R. LAPIDS
sweet buds,0,0,0,0,0,0,0,0,1,0,0,0,1,1,False,False,SWEET BUDS
qv salon,0,0,0,0,0,0,0,1,0,0,0,0,1,1,False,False,QV Salon
r florete,0,0,0,0,0,0,0,0,1,0,0,0,1,1,False,False,R FLORETE
r e jewelry shop,0,0,0,0,0,0,0,1,0,0,0,0,1,1,False,False,R E JEWELRY SHOP (NEW)
r cayabyab dc musical instruments trading,0,0,0,0,0,0,0,0,1,0,0,0,1,1,False,False,R CAYABYAB DC MUSICAL INSTRUMENTS TRADING
r appliance s,0,0,0,0,0,0,0,1,0,0,0,0,1,1,False,False,R APPLIANCE S
sweet cloth,0,0,0,0,0,0,0,0,1,0,0,0,1,1,False,False,THE SWEET CLOTH
r a taho,0,0,0,0,0,0,0,1,0,0,0,0,1,1,False,False,R.A TAHO
sweet corner,0,0,0,0,0,0,0,0,1,0,0,0,1,1,False,False,SWEET CORNER
sweet dentist,0,0,0,0,0,0,0,1,0,0,0,0,1,1,False,False,THE SWEET DENTIST
sweet ecstacy,0,0,0,0,0,0,1,0,0,0,0,0,1,1,False,False,Sweet Ecstacy
r a d tattoo studio,0,0,0,0,0,0,0,0,1,0,0,0,1,1,False,False,R.A.D. TATTOO STUDIO
r,0,0,0,0,1,0,0,0,0,0,0,0,1,1,False,False,R
swim,0,0,0,0,0,0,1,0,0,0,0,0,1,1,False,False,Swim
swirl studio yogurt your style,0,0,0,0,0,0,0,0,1,0,0,0,1,1,False,False,SWIRL STUDIO YOGURT YOUR STYLE
queens toys & candy store,0,0,0,0,0,0,0,1,0,0,0,0,1,1,False,False,QUEEN'S TOYS & CANDY STORE
t mobile,0,0,0,0,1,0,0,0,0,0,0,0,1,1,False,False,T-Mobile
qcd technology,0,0,0,0,0,0,0,1,0,0,0,0,1,1,False,False,QCD Technology
synchro 9650958478,0,0,0,0,0,0,0,1,0,0,0,0,1,1,False,False,Synchro 9650958478
qavalo 0917 506 6867,0,0,0,0,0,0,0,1,0,0,0,0,1,1,False,False,QAVALO 0917-506-6867
syncom,0,0,0,0,0,0,1,0,0,0,0,0,1,1,False,False,Syncom
qatar visa center qvc,0,0,0,0,0,0,0,0,1,0,0,0,1,1,False,False,QATAR VISA CENTER QVC
q2,0,0,0,0,1,0,0,0,0,0,0,0,1,1,False,False,Q2
q shop,0,0,0,0,1,0,0,0,0,0,0,0,1,1,False,False,Q-Shop
syncrho,0,0,0,0,0,0,0,1,0,0,0,0,1,1,False,False,SYNCRHO
t & j prime salon,0,0,0,0,0,0,0,1,0,0,0,0,1,1,False,False,T & J Prime Salon
t bone king premium,0,0,0,0,0,1,0,0,0,0,0,0,1,1,False,False,T-Bone King Premium
t m lewin,0,1,0,0,0,0,0,0,0,0,0,0,1,1,False,False,T.M. LEWIN
ta ke ho me sushi stand,0,0,0,0,0,0,0,0,1,0,0,0,1,1,False,False,TA KE HO ME SUSHI STAND
queen sweets,0,0,0,1,0,0,0,0,0,0,0,0,1,1,False,False,Queen Sweets
q net mobile,0,0,0,0,1,0,0,0,0,0,0,0,1,1,False,False,Q Net Mobile
q linx,0,0,0,0,0,0,0,0,1,0,0,0,1,1,False,False,Q-LINX
tabas barbershop,0,0,0,0,0,0,1,0,0,0,0,0,1,1,False,False,Tabas Barbershop
tabas barbershop and haberdashery,0,0,0,0,0,0,0,0,1,0,0,0,1,1,False,False,TABAS BARBERSHOP AND HABERDASHERY
q hub,0,0,0,0,0,0,0,1,0,0,0,0,1,1,False,False,Q-Hub
tabbs barbershop,0,0,1,0,0,0,0,0,0,0,0,0,1,1,False,False,Tabbs Barbershop
q dees philippines,0,0,0,0,0,1,0,0,0,0,0,0,1,1,False,False,Q-dees Philippines
q dees international preschool enrichment center,0,0,0,0,0,0,0,0,1,0,0,0,1,1,False,False,Q-DEES INTERNATIONAL PRESCHOOL ENRICHMENT CENTER
q cell shop,0,0,0,0,1,0,0,0,0,0,0,0,1,1,False,False,Q Cell Shop
table tennis,0,0,0,0,0,0,0,1,0,0,0,0,1,1,False,False,Table Tennis
tablet world,0,0,0,0,1,0,0,0,0,0,0,0,1,1,False,False,Tablet World
qirin vape,0,0,0,0,0,0,0,1,0,0,0,0,1,1,False,False,QIRIN VAPE
sync,0,0,0,0,0,0,0,0,1,0,0,0,1,1,False,False,SYNC
qmx money changer,0,0,0,0,0,0,0,1,0,0,0,0,1,1,False,False,QMX Money Changer
symphony by prestige,0,0,0,0,0,0,0,0,1,0,0,0,1,1,False,False,SYMPHONY BY PRESTIGE
swirls jr,0,0,0,0,0,0,0,1,0,0,0,0,1,1,False,False,Swirls Jr.
swiss baker,0,0,0,0,0,0,0,0,1,0,0,0,1,1,False,False,SWISS BAKER
queen mother,0,0,0,1,0,0,0,0,0,0,0,0,1,1,False,False,QUEEN MOTHER
qube,0,1,0,0,0,0,0,0,0,0,0,0,1,1,False,False,QUBE
quantum carousel 9178004531,0,0,0,0,0,0,0,1,0,0,0,0,1,1,False,False,Quantum Carousel 9178004531
quantum amusement,0,0,0,0,0,0,0,1,0,0,0,0,1,1,False,False,QUANTUM AMUSEMENT
swiss gear philip stein,0,0,0,0,0,0,0,0,1,0,0,0,1,1,False,False,SWISS GEAR PHILIP STEIN
quan native delicacies,0,1,0,0,0,0,0,0,0,0,0,0,1,1,False,False,QUAN NATIVE DELICACIES
switchmode advertising centre,0,0,0,0,1,0,0,0,0,0,0,0,1,1,False,False,Switchmode Advertising Centre
qualfon,0,0,0,0,0,0,0,1,0,0,0,0,1,1,False,False,Qualfon
quad b health services inc,0,0,0,0,0,0,0,0,1,0,0,0,1,1,False,False,QUAD B HEALTH SERVICES INC
qtickles,0,0,0,0,0,0,1,0,0,0,0,0,1,1,False,False,Qtickles
qsl,0,0,0,0,0,0,0,1,0,0,0,0,1,1,False,False,QSL
qsi perfume station,0,0,0,0,0,0,0,1,0,0,0,0,1,1,False,False,QSI PERFUME STATION
qq star depot,0,0,0,0,0,0,0,0,0,0,0,1,1,1,False,False,QQ STAR DEPOT
qq home depot,0,0,0,0,0,0,0,0,0,0,0,1,1,1,False,False,QQ HOME DEPOT
qq depot mobile arena,0,0,0,0,0,0,0,0,0,0,0,1,1,1,False,False,QQ Depot MOBILE ARENA
swt ave,0,0,0,0,0,0,0,0,1,0,0,0,1,1,False,False,SWT AVE
sylpauljoyce,1,0,0,0,0,0,0,0,0,0,0,0,1,1,False,False,SYLPAULJOYCE
qnet,0,0,0,0,1,0,0,0,0,0,0,0,1,1,False,False,Qnet
qmx money changing services,0,1,0,0,0,0,0,0,0,0,0,0,1,1,False,False,QMX MONEY CHANGING SERVICES
symmetry lab,0,0,0,0,0,0,0,1,0,0,0,0,1,1,False,False,Symmetry Lab
symphony,0,0,0,0,0,0,0,0,1,0,0,0,1,1,False,False,SYMPHONY
sans rival 9234200285,0,0,0,0,0,0,0,1,0,0,0,0,1,1,False,False,Sans Rival 9234200285
0402 coffee,0,0,0,0,0,0,0,1,0,0,0,0,1,1,False,False,0402 Coffee
minute fried,0,0,0,0,0,0,0,1,0,0,0,0,1,1,False,False,Minute Fried
coffee break premier,0,0,0,0,0,1,0,0,0,0,0,0,1,1,False,False,Coffee Break Premier
coffee dream,0,0,0,0,0,0,0,0,1,0,0,0,1,1,False,False,COFFEE DREAM
coffee for peace,0,1,0,0,0,0,0,0,0,0,0,0,1,1,False,False,COFFEE FOR PEACE
coffee guys coffee shop,0,0,0,0,0,0,0,0,1,0,0,0,1,1,False,False,COFFEE GUYS COFFEE SHOP
coffee lounge,0,0,0,0,0,0,0,0,1,0,0,0,1,1,False,False,THE COFFEE LOUNGE
coffee shop,0,0,0,0,0,0,1,0,0,0,0,0,1,1,False,False,The Coffee Shop
coffee spot,0,0,0,0,0,0,0,1,0,0,0,0,1,1,False,False,Coffee Spot
coffeebreak nxt,0,0,0,0,0,0,0,1,0,0,0,0,1,1,False,False,Coffeebreak NXT
coi,0,0,0,0,0,0,0,1,0,0,0,0,1,1,False,False,COI
col financial philippines davao,0,0,0,0,0,0,0,1,0,0,0,0,1,1,False,False,Col Financial Philippines Davao
cold cups,0,0,0,0,0,0,0,1,0,0,0,0,1,1,False,False,Cold Cups
cold layers,0,0,0,1,0,0,0,0,0,0,0,0,1,1,False,False,Cold Layers
cold plate rolled ice cream,0,0,0,0,0,0,0,0,1,0,0,0,1,1,False,False,COLD PLATE ROLLED ICE CREAM
cold zone,0,0,0,0,0,0,0,0,1,0,0,0,1,1,False,False,COLD ZONE
coldee coffee,0,0,1,0,0,0,0,0,0,0,0,0,1,1,False,False,Coldee Coffee
cole haan grandshop,0,0,0,0,0,0,0,0,1,0,0,0,1,1,False,False,COLE HAAN GRANDSHOP
coffee but better,0,0,0,0,0,0,0,0,1,0,0,0,1,1,False,False,COFFEE BUT BETTER
coffee break elite,0,0,0,0,0,1,0,0,0,0,0,0,1,1,False,False,Coffee Break Elite
collective base,0,0,0,0,0,0,1,0,0,0,0,0,1,1,False,False,Collective Base
coffee bean and tea leaf 0966 547 0005,0,0,0,0,0,0,0,1,0,0,0,0,1,1,False,False,THE COFFEE BEAN AND TEA LEAF 0966-547-0005
coach,0,1,0,0,0,0,0,0,0,0,0,0,1,1,False,False,COACH
cobo tea beverages,0,0,0,0,0,0,0,0,1,0,0,0,1,1,False,False,COBO TEA BEVERAGES
cocktails md,0,0,1,0,0,0,0,0,0,0,0,0,1,1,False,False,Cocktails Md
coco circle,0,0,0,0,0,0,0,1,0,0,0,0,1,1,False,False,COCO CIRCLE
coco corner,0,0,0,0,0,0,0,0,1,0,0,0,1,1,False,False,COCO CORNER
coco life,0,0,0,0,0,0,0,1,0,0,0,0,1,1,False,False,COCO LIFE
cocolicious,0,0,0,0,0,0,0,1,0,0,0,0,1,1,False,False,COCOLICIOUS
coconut club and family & friends,0,1,0,0,0,0,0,0,0,0,0,0,1,1,False,False,COCONUT CLUB AND FAMILY & FRIENDS
coffee & pine,0,0,0,0,0,0,0,0,1,0,0,0,1,1,False,False,COFFEE & PINE
coffee academics 9209733716,0,0,0,0,0,0,0,1,0,0,0,0,1,1,False,False,THE COFFEE ACADEMICS 9209733716
coffee academics cafe,0,0,0,0,0,0,0,0,1,0,0,0,1,1,False,False,THE COFFEE ACADEMICS CAFE
coffee and you coffee house,0,0,0,0,0,0,0,0,1,0,0,0,1,1,False,False,COFFEE AND YOU COFFEE HOUSE
coffee bay,0,0,0,0,0,0,0,0,1,0,0,0,1,1,False,False,COFFEE BAY
coffee bean,0,0,0,0,1,0,0,0,0,0,0,0,1,1,False,False,Coffee Bean
coffee bean & tea leaf 0917 848 2790,0,0,0,0,0,0,0,1,0,0,0,0,1,1,False,False,THE COFFEE BEAN & TEA LEAF 0917-848-2790
collage,0,1,0,0,0,0,0,0,0,0,0,0,1,1,False,False,COLLAGE
colonial creamery,0,0,0,0,0,0,0,0,1,0,0,0,1,1,False,False,COLONIAL CREAMERY
candava,0,0,0,0,0,0,0,1,0,0,0,0,1,1,False,False,Candava
concept gaming hub,0,0,0,0,0,0,0,0,1,0,0,0,1,1,False,False,CONCEPT GAMING HUB
confetti glaze,0,0,0,0,0,0,0,0,0,0,0,1,1,1,False,False,Confetti Glaze
confluence health and wellness products,0,0,0,0,0,0,0,1,0,0,0,0,1,1,False,False,Confluence Health And Wellness Products
congo grille,0,0,0,0,0,0,0,0,1,0,0,0,1,1,False,False,CONGO GRILLE
connect pilates,0,0,0,0,0,0,1,0,0,0,0,0,1,1,False,False,Connect Pilates
conquer outdoor equipment,0,0,0,0,0,1,0,0,0,0,0,0,1,1,False,False,Conquer Outdoor Equipment
conquest tech,0,0,0,0,1,0,0,0,0,0,0,0,1,1,False,False,Conquest Tech.
consuelos,0,0,0,0,0,0,0,1,0,0,0,0,1,1,False,False,CONSUELO'S
continkuous,0,0,0,0,0,0,0,0,1,0,0,0,1,1,False,False,CONTINKUOUS
contis island kiosk,0,0,0,0,0,0,0,0,1,0,0,0,1,1,False,False,CONTI'S ISLAND KIOSK
contis takeout nook,0,0,0,0,0,0,0,1,0,0,0,0,1,1,False,False,Conti's Takeout Nook
cook & coffee,0,1,0,0,0,0,0,0,0,0,0,0,1,1,False,False,COOK & COFFEE
cook coffee,0,0,0,0,0,0,0,0,1,0,0,0,1,1,False,False,COOK COFFEE
cookpub,0,0,0,0,0,0,0,0,1,0,0,0,1,1,False,False,COOKPUB
cool charm boutique,0,0,0,0,0,0,0,0,0,0,0,1,1,1,False,False,COOL CHARM BOUTIQUE (FITZWELL FASHION)
cool vision,0,0,0,0,0,0,0,1,0,0,0,0,1,1,False,False,Cool Vision
concon,0,0,0,0,0,0,1,0,0,0,0,0,1,1,False,False,Concon
concentrix hub,0,0,0,0,0,0,0,1,0,0,0,0,1,1,False,False,CONCENTRIX HUB
color me mine,0,0,0,0,0,1,0,0,0,0,0,0,1,1,False,False,Color Me Mine
comworld,0,0,0,0,1,0,0,0,0,0,0,0,1,1,False,False,Comworld
color my hair,0,0,0,0,0,0,0,0,1,0,0,0,1,1,False,False,COLOR MY HAIR
colorado photo,0,0,0,0,0,0,0,0,1,0,0,0,1,1,False,False,COLORADO PHOTO
colourette,0,0,0,0,0,0,0,0,1,0,0,0,1,1,False,False,COLOURETTE
colours,0,0,0,0,1,0,0,0,0,0,0,0,1,1,False,False,Colours
combo de luxe,0,0,0,0,0,0,0,1,0,0,0,0,1,1,False,False,COMBO DE LUXE
comic oddysey,0,0,0,0,0,0,0,1,0,0,0,0,1,1,False,False,Comic Oddysey
commatics,0,0,1,0,0,0,0,0,0,0,0,0,1,1,False,False,Commatics
comme des garcons,0,1,0,0,0,0,0,0,0,0,0,0,1,1,False,False,COMME DES GARCONS
common room,0,1,0,0,0,0,0,0,0,0,0,0,1,1,False,False,COMMON ROOM
communicare therapy center,0,0,0,0,0,0,0,0,1,0,0,0,1,1,False,False,COMMUNICARE THERAPY CENTER
complex lifestyle,0,0,0,0,0,0,0,1,0,0,0,0,1,1,False,False,COMPLEX LIFESTYLE
comprehensive dermatology center,0,0,0,0,0,0,0,1,0,0,0,0,1,1,False,False,Comprehensive Dermatology Center
computer kingdom,0,0,0,0,1,0,0,0,0,0,0,0,1,1,False,False,Computer Kingdom
comworks inc,0,0,0,0,0,0,0,0,0,0,1,0,1,1,False,False,Comworks Inc.
comworks multibrand,0,0,0,1,0,0,0,0,0,0,0,0,1,1,False,False,Comworks-Multibrand
co limited,0,0,0,0,0,0,0,0,1,0,0,0,1,1,False,False,CO LIMITED
cnyna house of fashion,0,0,0,0,1,0,0,0,0,0,0,0,1,1,False,False,Cnyna House of Fashion
cna sjd beauty shop,0,0,0,0,0,0,0,0,0,1,0,0,1,1,False,False,CNA-SJD BEAUTY SHOP
citrus pulp detox,0,0,0,0,0,0,0,0,1,0,0,0,1,1,False,False,CITRUS PULP DETOX
city buffet,0,0,0,0,0,0,0,0,1,0,0,0,1,1,False,False,CITY BUFFET
city cycle,0,0,0,0,0,1,0,0,0,0,0,0,1,1,False,False,City Cycle
city government of bacoor regional trial court,0,0,1,0,0,0,0,0,0,0,0,0,1,1,False,False,"City Government Of Bacoor Regional Trial Court (branch 114, 115, 116, 117, 118 And 119)"
city government of taguig satellite office,0,0,0,0,0,0,0,0,1,0,0,0,1,1,False,False,CITY GOVERNMENT OF TAGUIG SATELLITE OFFICE
city light,0,0,0,1,0,0,0,0,0,0,0,0,1,1,False,False,City Light
city md,0,0,0,0,0,0,0,1,0,0,0,0,1,1,False,False,City MD
city smiles,0,0,0,0,0,0,0,1,0,0,0,0,1,1,False,False,City Smiles
city smiles dental services,0,0,0,0,0,0,0,1,0,0,0,0,1,1,False,False,City Smiles Dental Services
city time,0,0,0,0,0,0,0,0,1,0,0,0,1,1,False,False,CITY TIME
city treasurers office,0,0,0,1,0,0,0,0,0,0,0,0,1,1,False,False,CITY TREASURER'S OFFICE
citybites laundry,0,0,0,0,0,1,0,0,0,0,0,0,1,1,False,False,Citybites Laundry
citycomputer,0,0,0,0,0,0,0,1,0,0,0,0,1,1,False,False,CITYCOMPUTER
citydent dental specialty,0,0,0,0,0,0,0,0,1,0,0,0,1,1,False,False,CITYDENT DENTAL SPECIALTY
civet coffee roasters,0,0,0,0,0,0,0,0,1,0,0,0,1,1,False,False,THE CIVET COFFEE ROASTERS
civina healthline,0,0,0,0,0,0,0,1,0,0,0,0,1,1,False,False,Civina Healthline
city best dental clinic,0,0,0,0,0,0,0,0,1,0,0,0,1,1,False,False,CITY BEST DENTAL CLINIC
citrus blend,0,0,0,0,0,0,0,0,0,0,1,0,1,1,False,False,Citrus Blend
cmendoza food services,0,0,0,0,0,0,0,0,0,0,0,1,1,1,False,False,CMENDOZA FOOD SERVICES
citrus and shakes,0,0,0,0,0,0,0,1,0,0,0,0,1,1,False,False,CITRUS AND SHAKES
ciao mango,0,0,0,0,0,0,0,1,0,0,0,0,1,1,False,False,CIAO MANGO
cindys,0,0,0,0,0,0,0,1,0,0,0,0,1,1,False,False,Cindy's
cindys bakeshop,0,0,0,0,0,0,0,0,0,0,0,1,1,1,False,False,CINDY'S BAKESHOP
cinema lotto outlet,0,0,0,0,0,0,0,0,0,0,0,1,1,1,False,False,Cinema LOTTO OUTLET
cinema mc donalds dessert kiosk,0,0,0,0,0,0,0,0,0,0,0,1,1,1,False,False,CINEMA MC DONALDS DESSERT KIOSK
cinema snack bar,0,0,0,0,1,0,0,0,0,0,0,0,1,1,False,False,Cinema Snack Bar
cinnun apparel,0,0,0,0,0,0,0,0,0,0,0,1,1,1,False,False,CINNUN APPAREL
circus circus,0,0,0,0,0,0,0,0,0,0,0,1,1,1,False,False,CIRCUS CIRCUS
cisco systems management b v,0,0,0,0,0,0,0,0,1,0,0,0,1,1,False,False,CISCO SYSTEMS MANAGEMENT B V
citi bites pizza & pasta,0,0,0,0,0,0,0,1,0,0,0,0,1,1,False,False,Citi Bites Pizza & Pasta
citi express telecom,0,0,0,0,1,0,0,0,0,0,0,0,1,1,False,False,Citi Express Telecom
citidrug,0,0,0,0,0,0,0,0,0,0,0,1,1,1,False,False,CITIDRUG
citistores inc,0,0,0,0,0,0,0,0,0,0,0,1,1,1,False,False,"CITISTORES, INC."
citiwings unli diner,0,0,0,0,0,0,0,1,0,0,0,0,1,1,False,False,CITIWINGS UNLI DINER
citrus & chips,0,0,0,0,0,0,0,1,0,0,0,0,1,1,False,False,Citrus & Chips
cj five,1,0,0,0,0,0,0,0,0,0,0,0,1,1,False,False,CJ FIVE
cj home,0,0,0,0,0,0,0,1,0,0,0,0,1,1,False,False,CJ Home
cjj,1,0,0,0,0,0,0,0,0,0,0,0,1,1,False,False,CJJ
ck&gw storage room,0,0,0,0,0,0,0,0,0,0,0,1,1,1,False,False,CK&GW STORAGE ROOM
clinic for dental concerns,0,0,0,0,0,0,0,1,0,0,0,0,1,1,False,False,Clinic For Dental Concerns
clinica comfy dental,0,1,0,0,0,0,0,0,0,0,0,0,1,1,False,False,CLINICA COMFY DENTAL
clinica esthetica 0917 8557566,0,0,0,0,0,0,0,1,0,0,0,0,1,1,False,False,Clinica Esthetica 0917-8557566
clipper,0,0,0,0,1,0,0,0,0,0,0,0,1,1,False,False,Clipper
cln 532 0010,0,0,0,0,0,0,0,1,0,0,0,0,1,1,False,False,CLN 532-0010
clothes by jah,0,1,0,0,0,0,0,0,0,0,0,0,1,1,False,False,CLOTHES BY JAH
clothes of joy,0,0,0,0,0,0,0,0,0,0,0,1,1,1,False,False,CLOTHES OF JOY
cloud eats,0,0,0,0,0,1,0,0,0,0,0,0,1,1,False,False,Cloud Eats
cloudfone,0,0,0,0,1,0,0,0,0,0,0,0,1,1,False,False,Cloudfone
cloudys chicken hub,0,0,0,0,0,0,0,0,1,0,0,0,1,1,False,False,CLOUDYS CHICKEN HUB
clt cafe,0,0,0,0,0,0,0,1,0,0,0,0,1,1,False,False,CLT CAFE
club lux,0,0,0,0,0,1,0,0,0,0,0,0,1,1,False,False,Club Lux
clydes bread and pastries,0,0,0,0,0,0,0,1,0,0,0,0,1,1,False,False,CLYDE'S BREAD AND PASTRIES
clydes breads,0,0,0,0,0,1,0,0,0,0,0,0,1,1,False,False,Clyde's Breads
cma cgm philippines inc,0,0,0,0,0,0,0,0,1,0,0,0,1,1,False,False,CMA CGM PHILIPPINES INC
clickstore,0,0,0,1,0,0,0,0,0,0,0,0,1,1,False,False,CLICKSTORE
clicks n clocks,0,0,0,0,0,0,0,0,0,0,0,1,1,1,False,False,CLICKS N CLOCKS
click & prints,0,0,0,0,0,0,0,1,0,0,0,0,1,1,False,False,Click & Prints
classic burger,0,0,0,0,0,0,0,0,0,0,0,1,1,1,False,False,CLASSIC BURGER
ckk kiosk,0,0,0,0,0,0,0,0,0,0,0,1,1,1,False,False,CKK KIOSK
cku digital supplies,0,0,0,0,0,0,0,1,0,0,0,0,1,1,False,False,CKU Digital Supplies
claire & carlos,0,0,0,0,0,0,1,0,0,0,0,0,1,1,False,False,Claire & Carlos
clara scents,0,0,0,0,0,0,0,0,1,0,0,0,1,1,False,False,CLARA SCENTS
clarisse,0,0,0,0,0,0,0,0,1,0,0,0,1,1,False,False,CLARISSE
clarkie,0,0,0,0,0,1,0,0,0,0,0,0,1,1,False,False,Clarkie
classic hifi,0,1,0,0,0,0,0,0,0,0,0,0,1,1,False,False,CLASSIC HIFI
clearcom merchandising,0,0,0,0,0,0,0,0,1,0,0,0,1,1,False,False,CLEARCOM MERCHANDISING
classique home interior,0,0,1,0,0,0,0,0,0,0,0,0,1,1,False,False,Classique Home Interior
claw cafe,0,0,0,0,0,0,1,0,0,0,0,0,1,1,False,False,Claw Cafe
cle de peau beaute,0,1,0,0,0,0,0,0,0,0,0,0,1,1,False,False,CLE DE PEAU BEAUTE
clean & bright professional carwash,0,0,0,0,0,0,0,1,0,0,0,0,1,1,False,False,Clean & Bright Professional Carwash
cleaning crew,0,0,0,0,0,1,0,0,0,0,0,0,1,1,False,False,Cleaning Crew
clear view 3d ultrasound,0,0,0,0,0,0,0,1,0,0,0,0,1,1,False,False,Clear View 3D Ultrasound
coola,0,0,0,0,0,0,0,0,1,0,0,0,1,1,False,False,COOLA
coopertech,0,0,0,0,0,0,0,0,1,0,0,0,1,1,False,False,COOPERTECH
copytown,0,0,0,0,0,0,0,1,0,0,0,0,1,1,False,False,COPYTOWN
cybertech multibrand,0,0,0,0,0,0,0,1,0,0,0,0,1,1,False,False,Cybertech Multibrand
cycles & cradles,0,0,0,0,0,1,0,0,0,0,0,0,1,1,False,False,Cycles & Cradles
cyma greek taverna,0,1,0,0,0,0,0,0,0,0,0,0,1,1,False,False,CYMA GREEK TAVERNA
cynthias house of fashion,0,0,0,0,0,0,0,0,0,0,0,1,1,1,False,False,CYNTHIA'S HOUSE OF FASHION
cyrille pasalubong,0,0,0,0,0,0,0,1,0,0,0,0,1,1,False,False,Cyrille Pasalubong
czarina exchange,0,0,0,0,0,0,0,1,0,0,0,0,1,1,False,False,Czarina Exchange
d amazing patricias pizza,0,0,0,0,0,0,0,1,0,0,0,0,1,1,False,False,D' AMAZING PATRICIA'S PIZZA
d cell city,0,0,0,0,0,0,0,1,0,0,0,0,1,1,False,False,D' Cell City
d changing style,0,0,0,0,0,0,0,0,0,0,1,0,1,1,False,False,D' Changing Style
d cream,0,0,0,0,0,0,0,0,1,0,0,0,1,1,False,False,D' CREAM
d froyo mart,0,0,0,0,0,1,0,0,0,0,0,0,1,1,False,False,D' Froyo Mart
d i y hardware & japan home centre,0,0,0,0,0,1,0,0,0,0,0,0,1,1,False,False,D.I.Y. Hardware & Japan Home Centre
d kapitan sisig,0,0,0,0,0,0,0,0,1,0,0,0,1,1,False,False,D KAPITAN SISIG
d nail haus,0,0,0,0,0,0,0,1,0,0,0,0,1,1,False,False,D' Nail Haus
d rebonding center,0,0,0,0,0,0,0,1,0,0,0,0,1,1,False,False,D' Rebonding Center
d soul express,0,0,0,0,0,0,0,1,0,0,0,0,1,1,False,False,D-Soul Express
cycle shack,0,0,0,0,0,0,0,1,0,0,0,0,1,1,False,False,Cycle Shack
cyber excalades,0,0,0,0,0,0,0,1,0,0,0,0,1,1,False,False,Cyber Excalades
cupotato,0,0,0,0,0,0,0,1,0,0,0,0,1,1,False,False,CUP'OTATO
cy7 cellphone & accessories,0,0,0,0,0,0,0,1,0,0,0,0,1,1,False,False,CY7 Cellphone & Accessories
curried away,0,0,0,0,0,0,1,0,0,0,0,0,1,1,False,False,Curried Away
curry angel,0,0,0,0,0,0,0,1,0,0,0,0,1,1,False,False,CURRY ANGEL
curves beauty and wellness spa,0,0,0,0,0,0,0,0,1,0,0,0,1,1,False,False,CURVES BEAUTY AND WELLNESS SPA
custodio medical clinic,0,0,0,0,0,0,0,0,1,0,0,0,1,1,False,False,CUSTODIO MEDICAL CLINIC
custom mate,0,1,0,0,0,0,0,0,0,0,0,0,1,1,False,False,CUSTOM MATE
customistation,0,0,0,0,0,0,1,0,0,0,0,0,1,1,False,False,Customistation
cut 4 tots,0,0,1,0,0,0,0,0,0,0,0,0,1,1,False,False,Cut 4 Tots
cut encarnacion group of salon dayamona new,0,0,0,0,0,0,0,0,0,0,0,1,1,1,False,False,CUT ENCARNACION GROUP OF SALON DAYAMONA NEW
cut n polish,0,0,0,0,0,0,0,0,1,0,0,0,1,1,False,False,CUT N POLISH
cut salon,0,0,0,0,0,0,1,0,0,0,0,0,1,1,False,False,Cut Salon
cuts 4 tots,0,0,1,0,0,0,0,0,0,0,0,0,1,1,False,False,Cuts 4 Tots
cuttin loose,0,0,0,0,0,0,0,1,0,0,0,0,1,1,False,False,Cuttin' Loose
cvc casing,0,0,0,0,0,0,0,0,1,0,0,0,1,1,False,False,CVC CASING
cvc repair,0,0,0,0,0,0,0,0,1,0,0,0,1,1,False,False,CVC REPAIR
cxf design center,0,0,0,0,0,0,1,0,0,0,0,0,1,1,False,False,CXF Design Center
d vendo,0,0,0,0,0,0,0,1,0,0,0,0,1,1,False,False,D' Vendo
d vj jewellers,0,0,0,0,0,0,0,1,0,0,0,0,1,1,False,False,D' VJ Jewellers
d westside,0,0,0,0,0,0,0,0,1,0,0,0,1,1,False,False,D WESTSIDE
d&d backyard hydrophonics farm,0,0,0,0,0,0,0,0,1,0,0,0,1,1,False,False,D&D BACKYARD HYDROPHONICS FARM
dairy queen 285884000,0,0,0,0,0,0,0,1,0,0,0,0,1,1,False,False,Dairy Queen 285884000
dairy queen cart,0,0,1,0,0,0,0,0,0,0,0,0,1,1,False,False,Dairy Queen Cart
daisees bakeshop,0,0,0,0,0,0,0,0,1,0,0,0,1,1,False,False,DAISEE'S BAKESHOP
daiso japan 0919 083 7370,0,0,0,0,0,0,0,1,0,0,0,0,1,1,False,False,Daiso Japan 0919-083-7370
daiso japan 0998 8478837,0,0,0,0,0,0,0,1,0,0,0,0,1,1,False,False,Daiso Japan 0998-8478837
daiso japan temporary space,0,0,0,0,0,0,0,1,0,0,0,0,1,1,False,False,DAISO JAPAN TEMPORARY SPACE
daiso saizen,0,0,0,0,0,0,0,1,0,0,0,0,1,1,False,False,Daiso/Saizen
daiso snowpy,0,0,0,0,0,0,0,0,0,0,0,1,1,1,False,False,DAISO Snowpy
dakasi & hot star,0,0,0,0,0,1,0,0,0,0,0,0,1,1,False,False,Dakasi & Hot Star
dakasi hot star,0,0,0,0,0,0,0,0,1,0,0,0,1,1,False,False,DAKASI HOT STAR
dal mobile closet accessories,0,0,0,0,1,0,0,0,0,0,0,0,1,1,False,False,Dal Mobile Closet Accessories
dallida korean mart,0,0,0,0,0,0,0,0,1,0,0,0,1,1,False,False,DALLIDA KOREAN MART
dalmore cigar lounge,0,0,0,0,0,1,0,0,0,0,0,0,1,1,False,False,Dalmore Cigar Lounge
dalton jewelry,0,0,0,0,0,0,0,1,0,0,0,0,1,1,False,False,Dalton Jewelry
dalubhasa,0,0,0,0,0,0,1,0,0,0,0,0,1,1,False,False,Dalubhasa
dairy queen 0908 881 6694,0,0,0,0,0,0,0,1,0,0,0,0,1,1,False,False,DAIRY QUEEN 0908-881-6694
dainty tea house and cafe,0,0,0,0,0,0,0,0,1,0,0,0,1,1,False,False,DAINTY TEA HOUSE AND CAFE
dainty restaurant,0,0,0,0,0,0,0,0,1,0,0,0,1,1,False,False,DAINTY RESTAURANT
dae joa gem,0,0,0,0,0,0,0,0,1,0,0,0,1,1,False,False,DAE JOA GEM
d&d backyard hydroponic farm,0,0,0,0,0,0,0,0,1,0,0,0,1,1,False,False,D&D BACKYARD HYDROPONIC FARM
d&d guitar,0,0,0,0,0,0,0,1,0,0,0,0,1,1,False,False,D&D GUITAR
d&j barber shop,0,0,0,0,0,0,1,0,0,0,0,0,1,1,False,False,D&J Barber Shop
d&j hair salon,0,0,0,0,0,0,1,0,0,0,0,0,1,1,False,False,D&J Hair Salon
daddys toasted siopao,0,0,0,0,0,0,0,0,1,0,0,0,1,1,False,False,DADDYS TOASTED SIOPAO
dadskamayansaisaki,0,0,0,0,0,0,0,0,1,0,0,0,1,1,False,False,DADSKAMAYANSAISAKI
dahon dine,0,0,0,0,1,0,0,0,0,0,0,0,1,1,False,False,Dahon Dine
daily tech,0,0,0,0,0,0,0,0,0,0,1,0,1,1,False,False,DAILY TECH
daiesumi digital cafe,0,0,0,0,0,0,0,0,1,0,0,0,1,1,False,False,DAIESUMI DIGITAL CAFE
daily beer,0,0,0,0,0,1,0,0,0,0,0,0,1,1,False,False,Daily Beer
daily bread,0,0,0,0,0,0,0,0,1,0,0,0,1,1,False,False,DAILY BREAD
daily cut,0,0,0,0,0,0,0,0,1,0,0,0,1,1,False,False,THE DAILY CUT
daily drive,0,0,0,0,0,1,0,0,0,0,0,0,1,1,False,False,The Daily Drive
daily joe coffee shop,0,0,0,0,0,0,0,0,1,0,0,0,1,1,False,False,DAILY JOE COFFEE SHOP
cuppa,0,0,0,0,0,0,0,0,1,0,0,0,1,1,False,False,CUPPA
cupcakes by sonja,0,0,0,0,0,0,0,0,1,0,0,0,1,1,False,False,CUPCAKES BY SONJA
corals candy bar,0,0,0,0,0,0,0,0,1,0,0,0,1,1,False,False,CORALS CANDY BAR
cougar,0,0,0,0,0,0,0,0,1,0,0,0,1,1,False,False,COUGAR
country phone,0,0,0,0,1,0,0,0,0,0,0,0,1,1,False,False,Country Phone
countryside steakhouse & cafe,0,0,0,0,0,0,0,1,0,0,0,0,1,1,False,False,Countryside Steakhouse & Cafe
cowrie grill,0,0,0,0,0,0,1,0,0,0,0,0,1,1,False,False,Cowrie Grill
cpm drug testing & medical center,0,0,0,0,0,0,0,1,0,0,0,0,1,1,False,False,CPM DRUG TESTING & MEDICAL CENTER
cppc fix,0,0,0,0,0,0,0,0,1,0,0,0,1,1,False,False,CPPC FIX
crackles,0,0,0,0,0,0,0,0,1,0,0,0,1,1,False,False,CRACKLES
craft central cafe,0,1,0,0,0,0,0,0,0,0,0,0,1,1,False,False,THE CRAFT CENTRAL CAFÉ
craft lounge,0,0,0,0,0,0,0,0,1,0,0,0,1,1,False,False,CRAFT LOUNGE
craft n prints,0,0,0,0,1,0,0,0,0,0,0,0,1,1,False,False,Craft n Prints
craft shop,0,0,0,0,1,0,0,0,0,0,0,0,1,1,False,False,Craft Shop
crave halal,0,0,0,0,0,0,0,1,0,0,0,0,1,1,False,False,CRAVE HALAL
crawling animals,0,0,0,0,0,0,0,1,0,0,0,0,1,1,False,False,Crawling Animals
crawling dinosaurs,0,0,0,0,0,0,0,1,0,0,0,0,1,1,False,False,Crawling Dinosaurs
craze mango,0,0,0,0,0,0,0,0,1,0,0,0,1,1,False,False,CRAZE MANGO
crazy lemons,0,0,0,0,0,0,0,0,1,0,0,0,1,1,False,False,CRAZY LEMONS
country basket pastries more,0,0,0,0,0,0,0,0,1,0,0,0,1,1,False,False,COUNTRY BASKET PASTRIES MORE
cotton kendi,0,0,0,0,0,0,0,0,1,0,0,0,1,1,False,False,COTTON KENDI
cupcake boss,0,0,0,0,1,0,0,0,0,0,0,0,1,1,False,False,Cupcake Boss
cotton depot,0,0,1,0,0,0,0,0,0,0,0,0,1,1,False,False,Cotton Depot
coras food house,0,0,0,0,0,0,0,0,0,0,1,0,1,1,False,False,Cora's Food House
corc,0,0,0,0,0,0,1,0,0,0,0,0,1,1,False,False,CORC
cordon dragon management and development corp,0,1,0,0,0,0,0,0,0,0,0,0,1,1,False,False,CORDON DRAGON MANAGEMENT AND DEVELOPMENT CORP.
core pacific exchange,0,0,0,0,0,0,0,1,0,0,0,0,1,1,False,False,Core Pacific Exchange
core pacific money exchange 0917 312 7533,0,0,0,0,0,0,0,1,0,0,0,0,1,1,False,False,CORE PACIFIC MONEY EXCHANGE 0917-312-7533
coreen razons halo halo,0,0,0,0,0,0,0,0,1,0,0,0,1,1,False,False,COREEN RAZONS HALO-HALO
corn dog,0,0,0,0,0,0,0,1,0,0,0,0,1,1,False,False,CORN DOG
corndog28,0,0,0,0,0,1,0,0,0,0,0,0,1,1,False,False,Corndog28
corner market,0,0,0,0,0,0,0,0,1,0,0,0,1,1,False,False,CORNER MARKET
cornerstone animal clinic,0,0,0,0,0,0,1,0,0,0,0,0,1,1,False,False,Cornerstone Animal Clinic
cos,0,0,0,0,0,0,0,0,1,0,0,0,1,1,False,False,COS
cosmic kidz,0,0,0,0,0,0,0,0,1,0,0,0,1,1,False,False,COSMIC KIDZ
cosmopolitan parlor manjaru,0,0,0,0,0,0,0,0,0,0,0,1,1,1,False,False,COSMOPOLITAN PARLOR MANJARU
costal & co,0,0,0,0,0,0,1,0,0,0,0,0,1,1,False,False,Costal & Co
cotton candy,0,0,1,0,0,0,0,0,0,0,0,0,1,1,False,False,Cotton Candy(timezone)
crazy maki,0,0,1,0,0,0,0,0,0,0,0,0,1,1,False,False,Crazy Maki
cream n bake 0932 775 3987,0,0,0,0,0,0,0,1,0,0,0,0,1,1,False,False,CREAM N' BAKE 0932-775-3987
creamee d lite,0,0,0,0,0,0,0,1,0,0,0,0,1,1,False,False,CREAMEE D-LITE
creations lourd ramos salon,0,0,0,0,0,0,0,0,1,0,0,0,1,1,False,False,CREATIONS LOURD RAMOS SALON
crunch boneless chicken,0,0,0,0,0,1,0,0,0,0,0,0,1,1,False,False,The Crunch Boneless Chicken
crunchy corner,0,0,0,0,0,0,0,1,0,0,0,0,1,1,False,False,CRUNCHY CORNER
crushh landing korean dog,0,0,0,0,0,0,0,1,0,0,0,0,1,1,False,False,CRUSHH LANDING KOREAN DOG
crystal cdr world,0,0,0,0,0,0,1,0,0,0,0,0,1,1,False,False,Crystal Cdr World
crystalderm,0,0,0,0,0,0,0,0,1,0,0,0,1,1,False,False,CRYSTALDERM
cs by lfisher,0,0,0,0,0,0,0,0,1,0,0,0,1,1,False,False,CS BY LFISHER
csl cut & shave lounge,0,1,0,0,0,0,0,0,0,0,0,0,1,1,False,False,CSL CUT & SHAVE LOUNGE
ct mobile solution,0,0,0,0,0,0,0,0,1,0,0,0,1,1,False,False,CT MOBILE SOLUTION
ctines gadget shop 9616040564,0,0,0,0,0,0,0,1,0,0,0,0,1,1,False,False,CTINES GADGET SHOP 9616040564
cuadro specialists,0,1,0,0,0,0,0,0,0,0,0,0,1,1,False,False,CUADRO SPECIALISTS
cualoping securities corporation,0,1,0,0,0,0,0,0,0,0,0,0,1,1,False,False,CUALOPING SECURITIES CORPORATION
cube bazaar,0,1,0,0,0,0,0,0,0,0,0,0,1,1,False,False,THE CUBE BAZAAR
cubyx collective,0,0,0,0,0,0,0,1,0,0,0,0,1,1,False,False,CUBYX Collective
cuesina,0,0,0,0,0,0,0,0,1,0,0,0,1,1,False,False,CUESINA
cul de sac,0,0,0,0,0,0,0,0,1,0,0,0,1,1,False,False,CUL-DE-SAC
crucible,0,0,0,0,0,0,0,0,1,0,0,0,1,1,False,False,THE CRUCIBLE
crown royale,0,0,0,0,0,0,0,0,1,0,0,0,1,1,False,False,CROWN ROYALE
crown dental,0,0,0,0,0,1,0,0,0,0,0,0,1,1,False,False,Crown Dental
criscom telecom,0,0,0,0,0,0,0,0,0,0,1,0,1,1,False,False,Criscom Telecom
creative play corner school,0,0,0,0,0,1,0,0,0,0,0,0,1,1,False,False,Creative Play Corner School
creativity lounge,0,1,0,0,0,0,0,0,0,0,0,0,1,1,False,False,CREATIVITY LOUNGE
crepe espresso and kuroda,0,0,0,0,0,1,0,0,0,0,0,0,1,1,False,False,"Crepe, Espresso and Kuroda"
crepe glazik,0,0,0,0,0,1,0,0,0,0,0,0,1,1,False,False,Crepe Glazik
crepelato,0,0,0,0,1,0,0,0,0,0,0,0,1,1,False,False,Crepelato
crimson souvenier,0,0,0,0,1,0,0,0,0,0,0,0,1,1,False,False,Crimson / Souvenier (DPS)
criseldas,0,0,0,0,0,0,0,1,0,0,0,0,1,1,False,False,Criseldas
crosta,0,0,0,0,0,0,1,0,0,0,0,0,1,1,False,False,Crosta
crisfe milchar cellphone,0,0,0,0,1,0,0,0,0,0,0,0,1,1,False,False,Crisfe Milchar Cellphone
crismalee,0,0,0,0,0,0,0,1,0,0,0,0,1,1,False,False,Crismalee
crisostomo restaurant,0,0,0,0,0,0,0,1,0,0,0,0,1,1,False,False,Crisostomo Restaurant
crispy popiah,0,0,0,0,0,0,0,0,1,0,0,0,1,1,False,False,CRISPY POPIAH
cropp,0,0,0,0,0,0,0,0,1,0,0,0,1,1,False,False,CROPP
crossway kidney care,0,0,0,0,0,1,0,0,0,0,0,0,1,1,False,False,Crossway Kidney Care
churrostar,0,0,0,0,0,0,0,0,1,0,0,0,1,1,False,False,CHURROSTAR
chunky boss,0,0,0,0,0,0,0,0,1,0,0,0,1,1,False,False,CHUNKY BOSS
chualong telecom sales & services,0,0,0,0,0,0,0,0,0,0,0,1,1,1,False,False,CHUALONG TELECOM SALES & SERVICES
cebu orthopaedic institute l4 0943 072 4856,0,0,0,0,0,0,0,1,0,0,0,0,1,1,False,False,Cebu Orthopaedic Institute L4 0943-072-4856
cebu products,0,1,0,0,0,0,0,0,0,0,0,0,1,1,False,False,CEBU PRODUCTS
cebu smile studio 0908 254 2305,0,0,0,0,0,0,0,1,0,0,0,0,1,1,False,False,Cebu Smile Studio 0908-254-2305
cebu smiles dentistry co,0,0,0,0,0,0,0,0,1,0,0,0,1,1,False,False,CEBU SMILES DENTISTRY CO
cebu smiles doctors clinic 9173204651,0,0,0,0,0,0,0,1,0,0,0,0,1,1,False,False,Cebu Smiles Doctors Clinic 9173204651
cebu sweet candy store,0,0,0,0,0,0,0,0,1,0,0,0,1,1,False,False,CEBU SWEET CANDY STORE
cebuana lhuiller financial,0,0,0,0,0,0,0,1,0,0,0,0,1,1,False,False,Cebuana Lhuiller Financial
cebuana lhuillier financial,0,0,0,0,0,0,0,1,0,0,0,0,1,1,False,False,Cebuana Lhuillier Financial
cebuana lhuillier jewelry premium,0,0,0,0,0,0,0,0,1,0,0,0,1,1,False,False,CEBUANA LHUILLIER JEWELRY PREMIUM
cebuana lhuillier pawnshop bs mobile,0,0,0,0,0,0,0,0,0,0,0,1,1,1,False,False,CEBUANA LHUILLIER PAWNSHOP BS MOBILE
cebuana lhuillier pera padala,0,1,0,0,0,0,0,0,0,0,0,0,1,1,False,False,CEBUANA LHUILLIER PERA PADALA
cebus best ricos lechon,0,0,0,0,0,0,0,0,1,0,0,0,1,1,False,False,Cebu's Best Rico's Lechon
cebus tasty lechon,0,0,0,0,0,0,0,0,1,0,0,0,1,1,False,False,CEBUS TASTY LECHON
cecil s,0,0,0,0,1,0,0,0,0,0,0,0,1,1,False,False,Cecil\'s
cecils snack inn,0,1,0,0,0,0,0,0,0,0,0,0,1,1,False,False,CECIL'S SNACK INN
cedric time enterprises,0,1,0,0,0,0,0,0,0,0,0,0,1,1,False,False,CEDRIC TIME ENTERPRISES
cebu pacific air,0,0,0,0,0,0,0,1,0,0,0,0,1,1,False,False,Cebu Pacific Air
cebu fiesta island of the south restaurant,0,0,0,0,0,0,0,0,1,0,0,0,1,1,False,False,CEBU FIESTA ISLAND OF THE SOUTH RESTAURANT
casy,0,0,0,0,0,0,0,1,0,0,0,0,1,1,False,False,Casy
cdr king signature trading,0,0,0,0,0,0,0,0,0,0,0,1,1,1,False,False,CDR KING Signature Trading
catholic trade,1,0,0,0,0,0,0,0,0,0,0,0,1,1,False,False,CATHOLIC TRADE
cavitechon lechon house,0,0,0,0,0,0,0,0,1,0,0,0,1,1,False,False,CAVITECHON LECHON HOUSE
cayettas pasalubong,0,0,0,1,0,0,0,0,0,0,0,0,1,1,False,False,Cayetta's Pasalubong
cbc teller card,0,0,0,0,0,0,0,0,0,0,1,0,1,1,False,False,CBC Teller Card
cbc tellercard,0,0,0,0,0,0,0,0,1,0,0,0,1,1,False,False,CBC TELLERCARD
ccf,0,0,0,0,0,1,0,0,0,0,0,0,1,1,False,False,CCF
ccg philpan,1,0,0,0,0,0,0,0,0,0,0,0,1,1,False,False,CCG / PHILPAN
cd options,0,0,0,0,0,0,0,0,1,0,0,0,1,1,False,False,CD OPTIONS
cdm salon,0,0,0,0,1,0,0,0,0,0,0,0,1,1,False,False,CDM Salon
cdms hair gallery & spa,0,0,0,0,0,0,0,1,0,0,0,0,1,1,False,False,CDM'S HAIR GALLERY & SPA
cdo skin experts dermatology & laser clinic,0,1,0,0,0,0,0,0,0,0,0,0,1,1,False,False,THE CDO SKIN EXPERTS DERMATOLOGY & LASER CLINIC
cdo skin health experts dermatology laser clinic,0,0,0,0,0,0,0,0,1,0,0,0,1,1,False,False,CDO SKIN HEALTH EXPERTS DERMATOLOGY LASER CLINIC
cdr king,0,0,0,0,0,0,0,0,0,0,0,1,1,1,False,False,CDR KING
cdr king bs mobile,0,0,0,0,0,0,0,0,0,0,0,1,1,1,False,False,CDR KING BS MOBILE
cdr king h and m cp,0,0,0,0,0,0,0,0,0,0,0,1,1,1,False,False,CDR King H AND M CP
celebrations,0,0,1,0,0,0,0,0,0,0,0,0,1,1,False,False,Celebrations
celebrity jam cake and pastry shop,0,0,0,0,0,0,0,0,1,0,0,0,1,1,False,False,CELEBRITY JAM CAKE AND PASTRY SHOP
celeste pinon,0,0,0,0,0,0,0,0,0,0,0,1,1,1,False,False,CELESTE PIÑON
celestial,0,0,0,0,0,0,0,1,0,0,0,0,1,1,False,False,Celestial
celldome cellphone accessories,0,0,0,0,0,0,0,1,0,0,0,0,1,1,False,False,Celldome Cellphone Accessories
cellections,0,1,0,0,0,0,0,0,0,0,0,0,1,1,False,False,CELLECTIONS
cellfad mobile accessories,0,0,0,0,0,0,0,0,1,0,0,0,1,1,False,False,CELLFAD MOBILE ACCESSORIES
cellmates cellphone accessories,0,0,0,0,0,0,0,1,0,0,0,0,1,1,False,False,Cellmates Cellphone Accessories
cellmax,0,0,0,0,0,0,0,1,0,0,0,0,1,1,False,False,Cellmax
cellphone and accessories pretty angels,0,0,0,0,0,0,0,0,0,0,0,1,1,1,False,False,CELLPHONE and ACCESSORIES (SOEN) PRETTY ANGELS
cellphone plus,0,0,0,0,0,0,0,0,1,0,0,0,1,1,False,False,CELLPHONE PLUS
cellphone republic,0,0,0,0,0,0,1,0,0,0,0,0,1,1,False,False,Cellphone Republic
cellshoppe,0,0,0,0,0,0,0,0,1,0,0,0,1,1,False,False,CELLSHOPPE
cellsite mobile center,0,0,0,0,0,0,0,0,1,0,0,0,1,1,False,False,CELLSITE MOBILE CENTER
cellstreet,0,0,0,0,0,0,0,1,0,0,0,0,1,1,False,False,Cellstreet
celltech,0,0,0,0,0,0,0,1,0,0,0,0,1,1,False,False,Celltech
celltime co,0,0,0,0,0,0,0,0,1,0,0,0,1,1,False,False,CELLTIME CO
cellulike cellphone,0,0,0,0,0,0,0,0,0,0,0,1,1,1,False,False,CELLULIKE CELLPHONE
cellware telecom supplies trading,0,0,0,0,0,0,0,1,0,0,0,0,1,1,False,False,Cellware Telecom Supplies Trading
cellcomm,0,0,0,0,0,0,0,1,0,0,0,0,1,1,False,False,Cellcomm
cellboy fix center,0,0,0,0,0,0,0,0,1,0,0,0,1,1,False,False,CELLBOY FIX CENTER
cellboy fix,0,0,0,0,0,0,0,0,1,0,0,0,1,1,False,False,CELLBOY FIX
cell decor,0,1,0,0,0,0,0,0,0,0,0,0,1,1,False,False,CELL DECOR
celines gems jewels,0,0,0,0,0,0,0,0,1,0,0,0,1,1,False,False,CELINES GEMS JEWELS
cell active,0,0,0,0,0,0,0,1,0,0,0,0,1,1,False,False,Cell Active
cell active cellphone repair,0,0,0,0,0,0,0,0,1,0,0,0,1,1,False,False,CELL ACTIVE CELLPHONE REPAIR
cell axis,0,1,0,0,0,0,0,0,0,0,0,0,1,1,False,False,CELL AXIS
cell connect,0,0,0,0,1,0,0,0,0,0,0,0,1,1,False,False,Cell Connect
cell corner,0,0,0,0,0,0,0,1,0,0,0,0,1,1,False,False,Cell Corner
cell exchange,0,0,0,0,1,0,0,0,0,0,0,0,1,1,False,False,Cell Exchange
cellbox,0,1,0,0,0,0,0,0,0,0,0,0,1,1,False,False,CELLBOX
cell fit cellphone,0,0,0,0,1,0,0,0,0,0,0,0,1,1,False,False,Cell Fit Cellphone
cell interface,0,0,0,0,0,0,0,0,1,0,0,0,1,1,False,False,CELL INTERFACE
cell kid,0,0,0,0,0,0,0,0,1,0,0,0,1,1,False,False,CELL-KID
cell lab,0,0,0,0,1,0,0,0,0,0,0,0,1,1,False,False,Cell Lab
cell sight,0,0,0,0,0,0,0,1,0,0,0,0,1,1,False,False,Cell Sight
cell teck cellphone accessories,0,0,0,0,0,0,0,1,0,0,0,0,1,1,False,False,Cell Teck Cellphone Accessories
caterpillar room,0,0,0,0,0,1,0,0,0,0,0,0,1,1,False,False,The Caterpillar Room
castle candy,0,0,0,0,0,0,0,1,0,0,0,0,1,1,False,False,CASTLE CANDY
cellxesorya,0,0,0,0,0,0,0,1,0,0,0,0,1,1,False,False,Cellxesorya
cara mia cakes & gelato,0,0,0,0,0,0,0,0,1,0,0,0,1,1,False,False,CARA MIA CAKES & GELATO
caramel cafe,0,0,0,0,0,0,0,0,1,0,0,0,1,1,False,False,CARAMEL CAFE
caramia cakes gelato,0,0,0,0,0,0,0,0,1,0,0,0,1,1,False,False,CARAMIA CAKES GELATO
caravel global travelware,0,0,0,0,0,0,1,0,0,0,0,0,1,1,False,False,Caravel Global Travelware
card stop,0,0,0,0,1,0,0,0,0,0,0,0,1,1,False,False,Card Stop
cardinal eyecare clinic,0,0,0,0,0,0,0,0,1,0,0,0,1,1,False,False,CARDINAL EYECARE CLINIC
cardinal santos kidney care center,0,0,0,0,0,0,0,0,1,0,0,0,1,1,False,False,CARDINAL SANTOS KIDNEY CARE CENTER
care and cure hub,0,1,0,0,0,0,0,0,0,0,0,0,1,1,False,False,CARE AND CURE HUB
care to bear skin and body clinic,0,1,0,0,0,0,0,0,0,0,0,0,1,1,False,False,CARE TO BEAR SKIN AND BODY CLINIC
carehealth,0,0,0,0,0,0,0,1,0,0,0,0,1,1,False,False,Carehealth
carehealth plus,0,0,0,0,0,0,0,0,0,1,0,0,1,1,False,False,CAREHEALTH PLUS
carel kanes cp,0,0,0,0,0,0,0,0,0,0,0,1,1,1,False,False,CAREL KANES CP
carelab,0,0,0,0,0,0,0,1,0,0,0,0,1,1,False,False,Carelab
carelon,0,0,0,0,0,0,0,1,0,0,0,0,1,1,False,False,Carelon
cargofish & burnt bamboo,0,0,0,0,0,1,0,0,0,0,0,0,1,1,False,False,CargoFish & Burnt Bamboo
carl care services,0,0,0,0,0,0,0,1,0,0,0,0,1,1,False,False,Carl Care Services
caracole,0,0,0,0,0,0,1,0,0,0,0,0,1,1,False,False,Caracole
cara laser skin care,0,1,0,0,0,0,0,0,0,0,0,0,1,1,False,False,CARA LASER SKIN CARE
castel scrub,0,0,0,0,0,0,1,0,0,0,0,0,1,1,False,False,Castel Scrub
car fads,0,1,0,0,0,0,0,0,0,0,0,0,1,1,False,False,CAR FADS
candy jar,0,0,0,0,0,0,0,1,0,0,0,0,1,1,False,False,CANDY JAR
candy land,0,0,0,0,0,0,0,1,0,0,0,0,1,1,False,False,CANDY LAND
candy mania,0,0,0,0,0,0,0,0,1,0,0,0,1,1,False,False,CANDY MANIA
candy stop rclm jewelries,0,0,0,0,0,0,0,0,0,0,0,1,1,1,False,False,CANDY STOP RCLM JEWELRIES
candy up,0,0,0,0,0,0,0,1,0,0,0,0,1,1,False,False,Candy Up
candys cafe & restaurant,0,1,0,0,0,0,0,0,0,0,0,0,1,1,False,False,CANDY'S CAFE & RESTAURANT
cangrejos locos,0,0,0,0,0,1,0,0,0,0,0,0,1,1,False,False,Cangrejos Locos
canvasse skin,0,0,0,0,0,0,1,0,0,0,0,0,1,1,False,False,Canvásse Skin
capellini ristorante,0,0,0,0,1,0,0,0,0,0,0,0,1,1,False,False,Capellini Ristorante
caprice,0,0,0,0,0,0,0,0,1,0,0,0,1,1,False,False,CAPRICE
capricho jewelry,0,0,0,1,0,0,0,0,0,0,0,0,1,1,False,False,CAPRICHO JEWELRY
captain barber,0,0,0,0,0,0,0,0,1,0,0,0,1,1,False,False,CAPTAIN BARBER
captain gadget,0,0,0,0,0,0,0,0,1,0,0,0,1,1,False,False,CAPTAIN GADGET
captain lemon,0,0,0,0,0,0,0,1,0,0,0,0,1,1,False,False,Captain Lemon
captains burger,0,0,0,0,0,0,0,0,0,0,0,1,1,1,False,False,CAPTAIN'S BURGER
carlin s flower shop,0,0,0,0,1,0,0,0,0,0,0,0,1,1,False,False,Carlin\'s Flower Shop
carlins flowershop,0,0,0,0,0,0,0,0,1,0,0,0,1,1,False,False,CARLINS FLOWERSHOP
carlitos bar and grill,0,0,0,0,0,0,0,0,0,0,0,1,1,1,False,False,CARLITO'S BAR AND GRILL
carlos bakeshop & cafe,0,0,0,0,0,0,0,1,0,0,0,0,1,1,False,False,Carlos Bakeshop & Cafe
casa norte,0,0,0,0,0,0,0,0,1,0,0,0,1,1,False,False,CASA NORTE
casa reyes,0,0,0,0,0,0,1,0,0,0,0,0,1,1,False,False,Casa Reyes
casa romantica,0,1,0,0,0,0,0,0,0,0,0,0,1,1,False,False,CASA ROMANTICA
casa sofrea,0,0,1,0,0,0,0,0,0,0,0,0,1,1,False,False,Casa Sofrea
casa velyn,0,0,0,0,0,0,0,0,1,0,0,0,1,1,False,False,CASA VELYN
casaje optical,0,0,0,0,0,0,1,0,0,0,0,0,1,1,False,False,Casaje Optical
case 4 u,0,0,0,0,0,0,0,1,0,0,0,0,1,1,False,False,CASE 4 U
case to case,0,0,0,1,0,0,0,0,0,0,0,0,1,1,False,False,Case to Case
caseology,0,0,0,0,0,0,0,0,1,0,0,0,1,1,False,False,CASEOLOGY
casio asprey,0,0,0,0,0,0,0,0,0,0,1,0,1,1,False,False,Casio/Asprey
casipit dental center,0,0,0,0,0,0,0,0,1,0,0,0,1,1,False,False,CASIPIT DENTAL CENTER
casipit dental group,0,0,0,0,0,0,0,1,0,0,0,0,1,1,False,False,Casipit Dental Group
cassa calle,0,0,0,0,0,0,0,0,0,0,1,0,1,1,False,False,Cassa Calle
cassaleyah beauty hub,0,0,0,0,0,0,0,1,0,0,0,0,1,1,False,False,Cassaleyah Beauty Hub
cassalu,0,0,1,0,0,0,0,0,0,0,0,0,1,1,False,False,Cassalu
casa medica,0,0,0,0,0,0,0,0,1,0,0,0,1,1,False,False,CASA MEDICA
casa euro,0,0,0,0,0,0,0,0,1,0,0,0,1,1,False,False,CASA EURO
casa elegante,0,0,0,0,0,0,0,1,0,0,0,0,1,1,False,False,Casa Elegante
carry thru cs 1,0,0,0,0,0,0,0,0,0,0,0,1,1,1,False,False,CARRY THRU CS-1
carlos primo velayo,0,1,0,0,0,0,0,0,0,0,0,0,1,1,False,False,CARLOS PRIMO VELAYO
carmelas home favourite,0,0,0,0,0,0,0,1,0,0,0,0,1,1,False,False,CARMELAS HOME FAVOURITE
carmens best,0,0,0,0,0,0,0,1,0,0,0,0,1,1,False,False,Carmen's Best
carolina herrera,0,1,0,0,0,0,0,0,0,0,0,0,1,1,False,False,CAROLINA HERRERA
carolinas lace shoppe,0,1,0,0,0,0,0,0,0,0,0,0,1,1,False,False,CAROLINA'S LACE SHOPPE
carrensline,0,0,0,0,0,0,1,0,0,0,0,0,1,1,False,False,Carrensline
carry thru iguanas,0,0,0,0,0,0,0,0,0,0,0,1,1,1,False,False,CARRY THRU IGUANAS
casa derma,0,1,0,0,0,0,0,0,0,0,0,0,1,1,False,False,CASA DERMA
carters,0,0,0,0,0,0,0,0,1,0,0,0,1,1,False,False,CARTERS
carters osh kosh b gosh,0,0,0,0,0,0,0,1,0,0,0,0,1,1,False,False,Carter's Osh Kosh B' Gosh
cartier,0,1,0,0,0,0,0,0,0,0,0,0,1,1,False,False,CARTIER
cartrick,0,0,0,0,0,0,0,1,0,0,0,0,1,1,False,False,Cartrick
carwash,0,0,0,0,0,0,0,0,0,0,0,1,1,1,False,False,CARWASH
casa blanca,0,0,1,0,0,0,0,0,0,0,0,0,1,1,False,False,Casa Blanca
cellworks digital,0,0,0,0,0,0,0,1,0,0,0,0,1,1,False,False,Cellworks Digital
cena golden free fashion shop,0,1,0,0,0,0,0,0,0,0,0,0,1,1,False,False,CENA GOLDEN FREE FASHION SHOP
chua s garden exdeal,0,0,0,0,1,0,0,0,0,0,0,0,1,1,False,False,Chua\'s Garden - Exdeal
chika an,0,0,0,0,0,0,0,1,0,0,0,0,1,1,False,False,Chika-an
chikaan 0917 163 6548,0,0,0,0,0,0,0,1,0,0,0,0,1,1,False,False,Chikaan 0917-163-6548
chikaan sa cebu,0,1,0,0,0,0,0,0,0,0,0,0,1,1,False,False,CHIKAAN SA CEBU
chikten wings,0,0,0,0,0,0,0,1,0,0,0,0,1,1,False,False,ChikTEN Wings
chill bar,0,0,0,0,0,0,0,0,0,1,0,0,1,1,False,False,CHILL BAR
chill cafe,0,0,0,0,0,0,0,1,0,0,0,0,1,1,False,False,Chill Cafe
chill hub,0,1,0,0,0,0,0,0,0,0,0,0,1,1,False,False,CHILL HUB
chill top,0,0,0,0,0,0,1,0,0,0,0,0,1,1,False,False,Chill Top
chimes,0,1,0,0,0,0,0,0,0,0,0,0,1,1,False,False,CHIMES
chimmy 0922 881 1961,0,0,0,0,0,0,0,1,0,0,0,0,1,1,False,False,CHIMMY 0922 881 1961
chin chins jewelry,0,0,0,0,0,0,0,1,0,0,0,0,1,1,False,False,CHIN CHINS JEWELRY
chin medical clinic,0,0,0,0,0,0,0,1,0,0,0,0,1,1,False,False,Chin Medical Clinic
chin medical clinic 0977 342 5489 0918 900 7522,0,0,0,0,0,0,0,1,0,0,0,0,1,1,False,False,Chin Medical Clinic 0977-342-5489/0918-900-7522
chin sticks 9154049029,0,0,0,0,0,0,0,1,0,0,0,0,1,1,False,False,CHIN STICKS 9154049029
chin sticks food corner,0,0,0,0,0,0,0,1,0,0,0,0,1,1,False,False,Chin Sticks Food Corner
china bank atm,0,0,0,0,1,0,0,0,0,0,0,0,1,1,False,False,China Bank ATM
chikaan,0,1,0,0,0,0,0,0,0,0,0,0,1,1,False,False,CHIKAAN
chigue house of kimchi,0,1,0,0,0,0,0,0,0,0,0,0,1,1,False,False,CHIGUE HOUSE OF KIMCHI
cherrys stitches,0,0,0,0,0,0,0,0,0,0,1,0,1,1,False,False,Cherrys Stitches
chiggys kesaku,0,0,0,0,0,0,0,1,0,0,0,0,1,1,False,False,CHIGGY'S KESAKU
cheskaffe,0,0,0,0,0,0,0,0,1,0,0,0,1,1,False,False,CHESKAFFE
chester enterprises inc,0,0,0,0,0,0,0,0,1,0,0,0,1,1,False,False,CHESTER ENTERPRISES INC
chesterup gadget solution,0,0,0,0,0,0,0,0,1,0,0,0,1,1,False,False,CHESTERUP GADGET SOLUTION
chez rose,0,0,0,0,0,0,0,1,0,0,0,0,1,1,False,False,Chez Rose
chi cha san chen,0,0,0,0,0,0,0,1,0,0,0,0,1,1,False,False,Chi Cha San Chen
chi luxury,0,0,0,0,0,1,0,0,0,0,0,0,1,1,False,False,Chi Luxury
chias letchon house,0,0,0,0,0,0,0,1,0,0,0,0,1,1,False,False,CHIA'S LETCHON HOUSE
chibis fried chicken,0,0,0,0,0,0,0,0,0,0,1,0,1,1,False,False,CHIBIS FRIED CHICKEN
chicberry,0,0,0,0,0,0,0,1,0,0,0,0,1,1,False,False,Chicberry
chick net,0,0,1,0,0,0,0,0,0,0,0,0,1,1,False,False,Chick Net
chick wings,0,0,0,0,0,0,0,1,0,0,0,0,1,1,False,False,CHICK WINGS
chicken chingu,0,1,0,0,0,0,0,0,0,0,0,0,1,1,False,False,CHICKEN CHINGU
chickin,0,0,0,0,0,1,0,0,0,0,0,0,1,1,False,False,Chickin
chido donuts,0,0,0,0,0,1,0,0,0,0,0,0,1,1,False,False,Chido Donuts
chiekai s collection,0,0,0,0,1,0,0,0,0,0,0,0,1,1,False,False,Chiekai\'s Collection
china bank savings,0,0,0,0,0,0,0,0,1,0,0,0,1,1,False,False,CHINA BANK SAVINGS
china mommy,0,0,0,0,0,0,0,1,0,0,0,0,1,1,False,False,China Mommy
chinabank atm,0,0,0,0,0,1,0,0,0,0,0,0,1,1,False,False,Chinabank ATM
chinatown cafe,0,0,0,0,0,0,0,0,1,0,0,0,1,1,False,False,CHINATOWN CAFE
choo choo train,0,0,0,0,0,0,0,1,0,0,0,0,1,1,False,False,THE CHOO CHOO TRAIN
chosen lane,0,0,0,0,0,0,0,0,0,0,0,1,1,1,False,False,CHOSEN LANE
chotto matcha,0,0,0,0,0,1,0,0,0,0,0,0,1,1,False,False,Chotto Matcha
chow dynasty,0,0,0,0,0,0,1,0,0,0,0,0,1,1,False,False,Chow Dynasty
chowking 0912 294 7886,0,0,0,0,0,0,0,1,0,0,0,0,1,1,False,False,CHOWKING 0912-294-7886 (NEW)
chowtime,0,0,0,0,0,0,0,0,0,0,1,0,1,1,False,False,CHOWTIME
chrishas kitchen,0,1,0,0,0,0,0,0,0,0,0,0,1,1,False,False,CHRISHA'S KITCHEN
christian dior,0,1,0,0,0,0,0,0,0,0,0,0,1,1,False,False,CHRISTIAN DIOR
christianna,0,1,0,0,0,0,0,0,0,0,0,0,1,1,False,False,CHRISTIANNA
christine lhuillere parfumerie,1,0,0,0,0,0,0,0,0,0,0,0,1,1,False,False,Christine Lhuillere Parfumerie
christine lhuillier perfumerie,0,0,0,0,0,0,0,1,0,0,0,0,1,1,False,False,CHRISTINE LHUILLIER PERFUMERIE
christine llhuilier,0,0,0,0,0,0,1,0,0,0,0,0,1,1,False,False,Christine Llhuilier
chroma men,0,0,0,0,0,0,0,1,0,0,0,0,1,1,False,False,CHROMA MEN
chronomile watch store,0,0,0,0,0,0,0,1,0,0,0,0,1,1,False,False,CHRONOMILE WATCH STORE
chronomile watch store 9338260383,0,0,0,0,0,0,0,1,0,0,0,0,1,1,False,False,Chronomile Watch Store 9338260383
choi garden,0,0,0,0,0,0,1,0,0,0,0,0,1,1,False,False,Choi Garden
chocolate chamber,0,0,0,0,0,0,0,1,0,0,0,0,1,1,False,False,The Chocolate Chamber
chocfull of nuts,0,0,0,0,0,0,0,1,0,0,0,0,1,1,False,False,Chocfull of Nuts
chinooks,0,0,0,0,0,0,0,1,0,0,0,0,1,1,False,False,CHINOOKS
chinese mandarin,0,0,0,0,0,0,1,0,0,0,0,0,1,1,False,False,Chinese Mandarin
chingkeetea,0,1,0,0,0,0,0,0,0,0,0,0,1,1,False,False,CHINGKEETEA
chingu buko house 0925 735 0760,0,0,0,0,0,0,0,1,0,0,0,0,1,1,False,False,CHINGU BUKO HOUSE 0925-735-0760
chingu buko house 0950 877 1061,0,0,0,0,0,0,0,1,0,0,0,0,1,1,False,False,Chingu Buko House 📲 0950-877-1061
chingu buko house 9177725146,0,0,0,0,0,0,0,1,0,0,0,0,1,1,False,False,CHINGU BUKO HOUSE 9177725146
chino latino,0,0,0,0,0,0,0,1,0,0,0,0,1,1,False,False,CHINO LATINO (FOOD TRUCK) (NEW)
chinooks roast and fried chicken,0,0,0,0,0,0,0,1,0,0,0,0,1,1,False,False,CHINOOKS ROAST AND FRIED CHICKEN
chlosam laundry services,0,0,0,0,0,0,0,0,1,0,0,0,1,1,False,False,CHLOSAM LAUNDRY SERVICES
chinoys merienda express delight mitsubishi caravan,0,0,0,0,0,0,0,0,0,0,0,1,1,1,False,False,Chinoys Merienda Express Delight MITSUBISHI CARAVAN
chins express inihaw express,0,0,1,0,0,0,0,0,0,0,0,0,1,1,False,False,Chin’s Express / Inihaw Express
chippens,0,0,0,0,0,0,0,1,0,0,0,0,1,1,False,False,CHIPPENS
chirks n dips,0,0,0,0,0,0,0,1,0,0,0,0,1,1,False,False,Chirk's N' Dips
chiropractor inc,0,0,0,0,0,1,0,0,0,0,0,0,1,1,False,False,"The Chiropractor, Inc."
chizmoza,0,0,0,0,0,0,1,0,0,0,0,0,1,1,False,False,Chizmoza
cherys jewelry,0,0,0,0,0,0,1,0,0,0,0,0,1,1,False,False,Chery's Jewelry
cherrys house of stitches n frames,0,0,0,0,0,0,0,0,0,0,1,0,1,1,False,False,Cherry's House of Stitches N' Frames
cencio,0,0,0,0,0,0,0,1,0,0,0,0,1,1,False,False,Cencio
chaa,0,0,0,0,0,0,0,1,0,0,0,0,1,1,False,False,Chaa
chaiwan milktea house,0,0,0,0,0,0,0,0,1,0,0,0,1,1,False,False,CHAIWAN MILKTEA HOUSE
champion sports park,0,0,1,0,0,0,0,0,0,0,0,0,1,1,False,False,Champion Sports Park
chang thai tea,0,0,0,0,0,0,0,1,0,0,0,0,1,1,False,False,CHANG THAI TEA
chansel pizza haus,0,0,0,0,0,0,0,0,1,0,0,0,1,1,False,False,CHANSEL PIZZA HAUS
chantel mobile,0,0,0,0,1,0,0,0,0,0,0,0,1,1,False,False,Chantel Mobile
chanti gem fine jewelry collection,0,1,0,0,0,0,0,0,0,0,0,0,1,1,False,False,CHANTI GEM FINE JEWELRY COLLECTION
chapel of our lady of perpetual hope,0,1,0,0,0,0,0,0,0,0,0,0,1,1,False,False,CHAPEL OF OUR LADY OF PERPETUAL HOPE
chapes delectables,0,0,0,0,0,0,0,0,1,0,0,0,1,1,False,False,CHAPES DELECTABLES
chapes keto cakes and donuts,0,0,0,0,0,0,0,0,1,0,0,0,1,1,False,False,CHAPES KETO CAKES AND DONUTS
chapes keto dream cakes,0,0,0,0,0,0,0,0,1,0,0,0,1,1,False,False,CHAPES KETO DREAM CAKES
chapos grill & sizzlers,0,0,0,0,0,0,0,1,0,0,0,0,1,1,False,False,Chapo's Grill & Sizzlers
chapos grill and sizzlers,0,0,0,0,0,0,0,0,1,0,0,0,1,1,False,False,CHAPOS GRILL AND SIZZLERS
charging station,0,0,0,1,0,0,0,0,0,0,0,0,1,1,False,False,Charging Station (LGF)
charina sarte,0,1,0,0,0,0,0,0,0,0,0,0,1,1,False,False,CHARINA SARTE
charitos delights,0,0,0,0,0,0,0,1,0,0,0,0,1,1,False,False,Charito's Delights
chai connection,0,0,0,0,0,0,0,0,1,0,0,0,1,1,False,False,CHAI CONNECTION
cha tuk chak thai cafe,0,0,0,0,0,0,0,0,1,0,0,0,1,1,False,False,CHA TUK CHAK THAI CAFE
cherryfic finds,0,0,0,0,1,0,0,0,0,0,0,0,1,1,False,False,Cherryfic Finds
cg skin solutions,0,0,0,0,0,0,0,0,1,0,0,0,1,1,False,False,CG SKIN SOLUTIONS
cencom,1,0,0,0,0,0,0,0,0,0,0,0,1,1,False,False,CENCOM
center for advanced dentistry,0,0,0,0,0,0,1,0,0,0,0,0,1,1,False,False,Center for Advanced Dentistry (CAD)
center stage,0,0,0,0,0,0,0,0,1,0,0,0,1,1,False,False,CENTER STAGE
centrafone mobile inc,0,0,0,0,0,0,0,0,0,0,0,1,1,1,False,False,"CENTRAFONE MOBILE, INC."
central gallery,1,0,0,0,0,0,0,0,0,0,0,0,1,1,False,False,CENTRAL GALLERY
central jewelry,0,0,0,0,0,0,1,0,0,0,0,0,1,1,False,False,Central Jewelry
centro department store,0,0,0,0,0,0,0,0,0,0,0,1,1,1,False,False,CENTRO DEPARTMENT STORE
centro dept,0,0,0,0,0,0,0,0,0,0,0,1,1,1,False,False,CENTRO DEPT
centro dept store lotto,0,0,0,0,0,0,0,0,0,0,0,1,1,1,False,False,CENTRO DEPT. STORE LOTTO
ceo,0,0,0,0,0,0,0,1,0,0,0,0,1,1,False,False,CEO
cerveseria,0,0,0,0,0,1,0,0,0,0,0,0,1,1,False,False,Cerveseria
cess and gab cellphone and accessories store,0,0,0,0,0,0,0,1,0,0,0,0,1,1,False,False,Cess and Gab Cellphone and Accessories Store
ceylanka 0998 846 3813,0,0,0,0,0,0,0,1,0,0,0,0,1,1,False,False,CEYLANKA 0998-846-3813
cfg,0,1,0,0,0,0,0,0,0,0,0,0,1,1,False,False,CFG
cfront quesine,0,0,0,0,0,0,0,0,1,0,0,0,1,1,False,False,CFRONT QUESINE
charlene clothing,0,1,0,0,0,0,0,0,0,0,0,0,1,1,False,False,CHARLENE CLOTHING
charlene clothing co,0,0,0,0,0,0,0,1,0,0,0,0,1,1,False,False,Charlene Clothing Co.
charm by dr j lopez md,0,0,0,0,0,0,1,0,0,0,0,0,1,1,False,False,Charm by Dr. J. Lopez MD
charms gift shop & accesories,0,0,0,0,0,0,0,1,0,0,0,0,1,1,False,False,CHARMS GIFT SHOP & ACCESORIES
chef vinz lugawan,0,0,0,0,1,0,0,0,0,0,0,0,1,1,False,False,Chef Vinz Lugawan
chef waffles & pastries,0,0,0,0,0,0,0,1,0,0,0,0,1,1,False,False,CHEF WAFFLES & PASTRIES
chefnaths cronuts,0,0,0,0,0,0,0,0,1,0,0,0,1,1,False,False,CHEFNATHS CRONUTS
chefs bowl & rice,0,0,0,0,0,0,0,1,0,0,0,0,1,1,False,False,Chef's Bowl & Rice
cheggs,0,0,0,0,0,0,0,1,0,0,0,0,1,1,False,False,Cheggs
chelsea,0,1,0,0,0,0,0,0,0,0,0,0,1,1,False,False,CHELSEA
chemworld,0,0,0,0,0,1,0,0,0,0,0,0,1,1,False,False,Chemworld
chemworld fragrance,0,0,1,0,0,0,0,0,0,0,0,0,1,1,False,False,Chemworld Fragrance
cher nail tropics salon & spa,0,0,1,0,0,0,0,0,0,0,0,0,1,1,False,False,Cher Nail Tropics Salon & Spa
cherish bakeshop,0,0,0,0,1,0,0,0,0,0,0,0,1,1,False,False,Cherish Bakeshop
cherry miranda optical clinic,0,0,0,0,0,0,0,0,0,0,1,0,1,1,False,False,Cherry Miranda Optical Clinic
cherry mobile miguelitos,0,0,0,0,0,0,0,0,0,0,0,1,1,1,False,False,Cherry Mobile MIGUELITOS
cherry mobile store,0,0,0,0,0,0,0,0,0,1,0,0,1,1,False,False,CHERRY MOBILE STORE
cherry service center,0,0,0,0,1,0,0,0,0,0,0,0,1,1,False,False,Cherry Service Center
cherry turf,0,0,0,0,0,0,0,0,1,0,0,0,1,1,False,False,CHERRY TURF
chef tonys,0,0,0,0,0,0,0,1,0,0,0,0,1,1,False,False,Chef Tony's
chef sinauna,0,0,0,0,0,0,1,0,0,0,0,0,1,1,False,False,Chef Sinauna
chef restys beef carving station,0,0,0,0,0,1,0,0,0,0,0,0,1,1,False,False,Chef Resty's Beef Carving Station
chebi webbi,0,0,0,0,0,0,1,0,0,0,0,0,1,1,False,False,Chebi Webbi
charms sapin sapin,0,0,0,0,0,0,0,0,1,0,0,0,1,1,False,False,CHARMS SAPIN-SAPIN
chase,0,1,0,0,0,0,0,0,0,0,0,0,1,1,False,False,CHASE
chateau 1771,0,1,0,0,0,0,0,0,0,0,0,0,1,1,False,False,CHATEAU 1771
chatoyer,0,0,0,1,0,0,0,0,0,0,0,0,1,1,False,False,Chatoyer
chaya,0,0,0,0,0,0,0,0,1,0,0,0,1,1,False,False,CHAYA
chayi,0,0,0,0,0,1,0,0,0,0,0,0,1,1,False,False,ChaYi
chedengs snack bar,0,0,0,0,0,0,0,0,1,0,0,0,1,1,False,False,CHEDENGS SNACK BAR
chef rahab,0,0,0,0,0,0,0,0,1,0,0,0,1,1,False,False,CHEF RAHAB
cheechat clothing shop,0,1,0,0,0,0,0,0,0,0,0,0,1,1,False,False,CHEECHAT CLOTHING SHOP
cheese & stalk,0,0,0,0,0,0,0,0,1,0,0,0,1,1,False,False,CHEESE & STALK
cheese corn express,0,0,0,0,0,0,0,1,0,0,0,0,1,1,False,False,Cheese Corn Express
cheesu,0,0,0,0,0,0,0,0,1,0,0,0,1,1,False,False,CHEESU
chef corea,0,0,0,0,0,1,0,0,0,0,0,0,1,1,False,False,Chef Corea
chef gerwins happy tummy binalot 0905 488 2537,0,0,0,0,0,0,0,1,0,0,0,0,1,1,False,False,CHEF GERWIN'S HAPPY TUMMY BINALOT 0905 488 2537
danbhels fitness gym,0,0,0,0,0,0,0,0,1,0,0,0,1,1,False,False,DANBHELS FITNESS GYM
daneco,0,0,0,0,1,0,0,0,0,0,0,0,1,1,False,False,DANECO
daneco inc,0,0,0,0,0,0,0,1,0,0,0,0,1,1,False,False,DANECO INC.
elita reyes canteen,0,0,0,0,1,0,0,0,0,0,0,0,1,1,False,False,Elita Reyes - Canteen
elite cut salon,0,0,0,0,0,0,0,0,1,0,0,0,1,1,False,False,ELITE CUT SALON
elite fitness,0,0,0,0,0,1,0,0,0,0,0,0,1,1,False,False,Elite Fitness
elite mnl,0,0,1,0,0,0,0,0,0,0,0,0,1,1,False,False,Elite Mnl
elixer aesthec center,0,0,0,0,0,0,0,1,0,0,0,0,1,1,False,False,THE ELIXER AESTHEC CENTER
elixir aesthetic center,0,0,0,0,0,0,0,1,0,0,0,0,1,1,False,False,THE ELIXIR AESTHETIC CENTER
elle de marrer 639190954320,0,0,0,0,0,0,0,1,0,0,0,0,1,1,False,False,Elle De Marrer 639190954320
elles salad,0,0,0,0,0,0,0,1,0,0,0,0,1,1,False,False,Elle's Salad
elliot bar restaurant,0,0,0,0,0,0,0,0,1,0,0,0,1,1,False,False,ELLIOT BAR RESTAURANT
elmers massage,0,0,0,0,0,0,0,1,0,0,0,0,1,1,False,False,ELMER'S MASSAGE
elmo rose cellphone accessories,0,0,0,0,0,0,0,0,0,0,1,0,1,1,False,False,Elmo-Rose Cellphone Accessories
elov chinese drug store,0,0,0,0,0,0,0,0,0,0,1,0,1,1,False,False,Elov Chinese Drug Store
elros barber shop,0,0,0,0,0,0,0,0,1,0,0,0,1,1,False,False,ELRO'S BARBER SHOP
elverde food,0,0,0,0,0,0,1,0,0,0,0,0,1,1,False,False,Elverde Food
elygem cellphone accessories,0,0,0,0,0,0,0,0,0,0,0,1,1,1,False,False,ELYGEM CELLPHONE ACCESSORIES
elygem ii cellphone accessories 2,0,0,0,0,0,0,0,0,0,0,0,1,1,1,False,False,ELYGEM II CELLPHONE ACCESSORIES 2
elite & aqua mineral,0,0,0,0,0,0,0,1,0,0,0,0,1,1,False,False,Elite & Aqua Mineral
eliahbella aesthetics and skin clinic,0,0,0,0,0,0,0,0,1,0,0,0,1,1,False,False,ELIAHBELLA AESTHETICS AND SKIN CLINIC
el ideal,0,1,0,0,0,0,0,0,0,0,0,0,1,1,False,False,EL IDEAL
elevate fitness studio,0,0,0,0,0,0,0,1,0,0,0,0,1,1,False,False,Elevate Fitness Studio
el torogi extension ufc telecom,0,0,0,0,0,0,0,0,0,0,0,1,1,1,False,False,EL TOROGI EXTENSION UFC TELECOM
el torogi mrc,0,0,0,0,0,0,0,0,0,0,0,1,1,1,False,False,EL TOROGI MRC
elait,0,0,0,0,0,0,0,0,1,0,0,0,1,1,False,False,ELAIT
elait overdoughs,0,0,0,0,0,1,0,0,0,0,0,0,1,1,False,False,Elait + Overdoughs
elarz lechon,0,0,0,0,0,0,0,1,0,0,0,0,1,1,False,False,Elarz Lechon
eldio elcias pasalubong center,0,0,0,0,0,1,0,0,0,0,0,0,1,1,False,False,Eldio Elcia's Pasalubong Center
electric cycle,0,0,0,0,0,0,1,0,0,0,0,0,1,1,False,False,Electric Cycle
electric massage chair,0,0,0,0,0,0,0,1,0,0,0,0,1,1,False,False,ELECTRIC MASSAGE CHAIR
electric studio rhythm boxing,0,0,0,0,0,0,0,0,1,0,0,0,1,1,False,False,ELECTRIC STUDIO RHYTHM BOXING
electrocomputer data system,0,0,0,0,0,0,0,0,1,0,0,0,1,1,False,False,ELECTROCOMPUTER DATA SYSTEM
electromechanical shop,0,0,0,0,0,0,0,0,0,0,0,1,1,1,False,False,ELECTROMECHANICAL SHOP
electronico,0,0,0,0,0,0,0,1,0,0,0,0,1,1,False,False,Electronico
elederm skin clinic,0,0,0,0,0,0,0,1,0,0,0,0,1,1,False,False,Elederm Skin Clinic
elenj general,0,0,0,0,0,0,0,0,0,0,0,1,1,1,False,False,ELENJ GENERAL (ESSENSA)
elev8 fitness studio,0,0,0,0,0,0,0,0,1,0,0,0,1,1,False,False,ELEV8 FITNESS STUDIO
emcor,0,0,0,0,0,0,0,1,0,0,0,0,1,1,False,False,Emcor
emerald star jewelry,0,0,0,0,0,0,0,1,0,0,0,0,1,1,False,False,Emerald Star Jewelry
emerson watch accessories shop,0,0,0,0,0,0,0,0,1,0,0,0,1,1,False,False,EMERSON WATCH ACCESSORIES SHOP
emilias jewelry,0,1,0,0,0,0,0,0,0,0,0,0,1,1,False,False,EMILIA'S JEWELRY
encarnacion furnitures,0,0,0,0,0,0,0,1,0,0,0,0,1,1,False,False,Encarnacion Furnitures
endless treasures,0,0,0,0,0,0,0,0,1,0,0,0,1,1,False,False,ENDLESS TREASURES
engkanto brewery,0,0,0,0,0,1,0,0,0,0,0,0,1,1,False,False,Engkanto Brewery
enhance cosmetic surgery skin care center,0,0,0,0,0,0,0,0,1,0,0,0,1,1,False,False,ENHANCE COSMETIC SURGERY SKIN CARE CENTER
enovas modular cabinet trading,0,0,0,0,0,0,0,0,1,0,0,0,1,1,False,False,ENOVAS MODULAR CABINET TRADING
ensorcell beauty,0,0,0,0,0,0,1,0,0,0,0,0,1,1,False,False,Ensorcell Beauty
enter10,0,0,0,0,0,1,0,0,0,0,0,0,1,1,False,False,Enter10
envy me salon & spa,0,0,0,0,0,0,0,1,0,0,0,0,1,1,False,False,Envy Me Salon & Spa
envyblooms skincare clinic,0,0,0,0,0,0,0,0,1,0,0,0,1,1,False,False,ENVYBLOOMS SKINCARE CLINIC
eo executives optical,0,0,0,0,0,0,0,1,0,0,0,0,1,1,False,False,EO EXECUTIVES OPTICAL
eo for kids and up 0998 573 1087,0,0,0,0,0,0,0,1,0,0,0,0,1,1,False,False,EO FOR KIDS AND UP 0998-573-1087
eo kids and up,0,0,0,0,0,0,0,1,0,0,0,0,1,1,False,False,EO KIDS AND UP
eomma korean foody,0,0,1,0,0,0,0,0,0,0,0,0,1,1,False,False,Eomma Korean Foody
er herbal,0,0,0,0,0,0,0,1,0,0,0,0,1,1,False,False,ER Herbal
er herbal store,0,0,0,0,0,0,0,1,0,0,0,0,1,1,False,False,ER Herbal Store
emsq fragrant,0,0,0,0,0,0,0,1,0,0,0,0,1,1,False,False,EMSQ Fragrant
emshar,0,0,0,0,0,0,0,1,0,0,0,0,1,1,False,False,Emshar
ems pasta and rolls,0,0,0,0,1,0,0,0,0,0,0,0,1,1,False,False,EMS Pasta and Rolls
empanadabes snack bar,0,0,0,0,0,0,0,0,1,0,0,0,1,1,False,False,EMPANADABES SNACK BAR
emj cellphone accesories,0,0,0,0,0,0,0,1,0,0,0,0,1,1,False,False,EMJ CELLPHONE ACCESORIES
emma canalog,0,0,0,0,0,0,1,0,0,0,0,0,1,1,False,False,Emma Canalog
emma lacsons delicacies,0,1,0,0,0,0,0,0,0,0,0,0,1,1,False,False,EMMA LACSON’S DELICACIES
emmans homemade foodeez,0,0,0,0,0,0,0,1,0,0,0,0,1,1,False,False,Emman's Homemade Foodeez
empanada bes,0,0,0,0,0,0,0,1,0,0,0,0,1,1,False,False,EMPANADA BES
empanada de ilocos,0,0,0,0,0,0,0,1,0,0,0,0,1,1,False,False,EMPANADA DE ILOCOS
emperador,0,0,0,0,0,1,0,0,0,0,0,0,1,1,False,False,Emperador
empress dining palace,0,1,0,0,0,0,0,0,0,0,0,0,1,1,False,False,THE EMPRESS DINING PALACE
emperador brandy museum,0,0,0,0,0,1,0,0,0,0,0,0,1,1,False,False,Emperador Brandy Museum
emperor siomai,0,0,0,0,0,0,0,0,0,0,0,1,1,1,False,False,Emperor Siomai
emperors siomai,0,0,0,0,0,0,0,0,0,0,0,1,1,1,False,False,Emperors Siomai
emperors tea,0,0,0,0,0,0,0,1,0,0,0,0,1,1,False,False,Emperor's Tea
empire east showroom,0,0,0,0,0,1,0,0,0,0,0,0,1,1,False,False,Empire East Showroom
empress beauty skin care essentials,0,1,0,0,0,0,0,0,0,0,0,0,1,1,False,False,EMPRESS BEAUTY SKIN CARE ESSENTIALS
el paso cafe,0,1,0,0,0,0,0,0,0,0,0,0,1,1,False,False,EL PASO CAFÉ
el corazon,0,0,0,0,0,1,0,0,0,0,0,0,1,1,False,False,El Corazon
eric kayser,0,0,0,0,0,0,0,0,1,0,0,0,1,1,False,False,ERIC KAYSER
eastern terra,0,0,0,0,0,0,0,0,1,0,0,0,1,1,False,False,EASTERN TERRA
eastwood citywalk cinemas,0,0,0,0,0,1,0,0,0,0,0,0,1,1,False,False,Eastwood Citywalk Cinemas
eastwood citywalk cinemas snackbar,0,0,0,0,0,1,0,0,0,0,0,0,1,1,False,False,Eastwood Citywalk Cinemas - Snackbar
eastwood mall cinemas,0,0,0,0,0,1,0,0,0,0,0,0,1,1,False,False,Eastwood Mall Cinemas
eastwood mall cinemas snackbar,0,0,0,0,0,1,0,0,0,0,0,0,1,1,False,False,Eastwood Mall Cinemas - Snackbar
eastworld home,0,1,0,0,0,0,0,0,0,0,0,0,1,1,False,False,EASTWORLD HOME
easy soft,0,0,1,0,0,0,0,0,0,0,0,0,1,1,False,False,Easy Soft
easy tiger,0,0,0,0,0,0,0,0,1,0,0,0,1,1,False,False,"Easy ,Tiger"
easy trip digital station,0,0,0,0,0,0,0,1,0,0,0,0,1,1,False,False,EASY TRIP DIGITAL STATION
eat a pita,0,0,0,0,1,0,0,0,0,0,0,0,1,1,False,False,Eat-A-Pita
eatery happy days,0,0,0,0,0,1,0,0,0,0,0,0,1,1,False,False,Eatery Happy Days
eatfitly,0,0,0,0,0,0,0,0,1,0,0,0,1,1,False,False,EATFITLY
eau thermale av ne,0,0,0,0,0,0,0,0,1,0,0,0,1,1,False,False,EAU THERMALE AV?NE
eau thermale avene,0,0,0,0,0,0,0,0,1,0,0,0,1,1,False,False,EAU THERMALE AVENE
ebingo,0,0,0,0,0,0,0,1,0,0,0,0,1,1,False,False,EBINGO
ebiz western union,0,0,0,0,0,0,0,0,0,1,0,0,1,1,False,False,EBIZ WESTERN UNION
eastwing golf,0,0,0,0,0,0,1,0,0,0,0,0,1,1,False,False,Eastwing Golf
eastern pacific travel & tours mej fashion store,0,0,0,0,0,0,0,0,0,0,0,1,1,1,False,False,Eastern Pacific Travel & Tours MEJ FASHION STORE
el chato mexican kitchen,0,0,0,0,0,0,0,0,1,0,0,0,1,1,False,False,EL CHATO MEXICAN KITCHEN
east city dental center,0,0,0,0,0,0,0,0,0,0,1,0,1,1,False,False,East City Dental Center
e bingo boutique,0,1,0,0,0,0,0,0,0,0,0,0,1,1,False,False,E-BINGO BOUTIQUE
e cp & accessories,0,0,0,0,0,0,0,0,0,0,0,1,1,1,False,False,E CP & ACCESSORIES ( Techie Mania)
e era,0,0,0,0,0,0,0,0,1,0,0,0,1,1,False,False,E-ERA
e g g,0,0,0,0,0,0,0,1,0,0,0,0,1,1,False,False,E.G.G. (Exciting Gifts & Goodies)
e games,0,0,1,0,0,0,0,0,0,0,0,0,1,1,False,False,E-games
e s jamora eye care,0,0,0,0,1,0,0,0,0,0,0,0,1,1,False,False,E.S Jamora Eye Care
e&e takoyaki,0,0,0,0,0,0,0,1,0,0,0,0,1,1,False,False,E&E Takoyaki
e&e takuyaki 9177725146,0,0,0,0,0,0,0,1,0,0,0,0,1,1,False,False,E&E TAKUYAKI 9177725146
e&es takuyaki,0,0,0,0,0,0,0,1,0,0,0,0,1,1,False,False,E&E's Takuyaki
ear technologies,0,0,0,0,0,0,0,0,1,0,0,0,1,1,False,False,EAR TECHNOLOGIES
earls jewelry,0,0,0,0,0,0,0,1,0,0,0,0,1,1,False,False,EARL'S JEWELRY
earls jewelry & souvenirs,0,0,0,0,0,0,0,1,0,0,0,0,1,1,False,False,EARL'S JEWELRY & SOUVENIRS
earth beauty aesthetics,0,0,0,0,0,0,0,0,1,0,0,0,1,1,False,False,EARTH BEAUTY AESTHETICS
earthy kit,0,0,0,0,0,0,0,0,1,0,0,0,1,1,False,False,EARTHY KIT
ease off by modish,0,0,0,0,0,0,0,0,1,0,0,0,1,1,False,False,EASE OFF BY MODISH
ec cafe,0,0,0,0,0,0,0,0,1,0,0,0,1,1,False,False,EC CAFE | RESTAURANT
ec hip hop mini gem exhibit,0,0,0,0,0,0,0,0,0,0,0,1,1,1,False,False,EC HIP HOP MINI GEM EXHIBIT (#9)
eca optical clinic world balance,0,0,0,0,0,0,0,0,0,0,0,1,1,1,False,False,ECA Optical Clinic WORLD BALANCE
ecco,0,0,0,0,0,0,0,0,1,0,0,0,1,1,False,False,ECCO
ednas pasalubong,0,0,0,0,0,0,0,1,0,0,0,0,1,1,False,False,Edna's Pasalubong
edoya,0,0,0,0,0,1,0,0,0,0,0,0,1,1,False,False,Edoya
eduardo hantic ong,0,0,0,0,0,0,0,0,0,0,0,1,1,1,False,False,EDUARDO HANTIC ONG
edwin lisa,0,0,0,0,0,1,0,0,0,0,0,0,1,1,False,False,Edwin Lisa
eesome,0,0,0,0,0,1,0,0,0,0,0,0,1,1,False,False,Eesome
efren watch repair,0,0,0,0,0,0,0,1,0,0,0,0,1,1,False,False,Efren Watch Repair
egg depot,0,0,0,0,0,0,0,0,1,0,0,0,1,1,False,False,EGG DEPOT
egg exciting gifts goodies,0,1,0,0,0,0,0,0,0,0,0,0,1,1,False,False,EGG [EXCITING GIFTS + GOODIES]
egg project,0,0,0,0,0,0,0,1,0,0,0,0,1,1,False,False,THE EGG PROJECT
egg tarts mnl,0,0,1,0,0,0,0,0,0,0,0,0,1,1,False,False,Egg Tarts Mnl
eggluck,0,0,0,0,0,0,0,1,0,0,0,0,1,1,False,False,EGGLUCK
eight gig,0,0,0,0,0,0,0,0,1,0,0,0,1,1,False,False,EIGHT GIG
eisor fashion collection,0,0,0,0,0,0,0,0,0,0,0,1,1,1,False,False,EISOR FASHION COLLECTION
ekart raceway,0,0,0,0,0,0,0,0,1,0,0,0,1,1,False,False,EKART RACEWAY
el bonito pizza,0,0,0,0,0,0,0,1,0,0,0,0,1,1,False,False,El Bonito Pizza
edita aranez jewelry,1,0,0,0,0,0,0,0,0,0,0,0,1,1,False,False,EDITA ARANEZ JEWELRY
edifier,0,0,0,0,0,0,0,0,1,0,0,0,1,1,False,False,EDIFIER
edifer enterprises,0,0,0,0,0,0,0,1,0,0,0,0,1,1,False,False,EDIFER ENTERPRISES
eden hair & nail station,0,0,0,0,0,0,0,1,0,0,0,0,1,1,False,False,EDEN HAIR & NAIL STATION
echague bakery,0,0,0,1,0,0,0,0,0,0,0,0,1,1,False,False,Echague Bakery
echolac,0,0,0,0,0,1,0,0,0,0,0,0,1,1,False,False,Echolac
echt appliance and trading,0,0,0,0,0,0,0,1,0,0,0,0,1,1,False,False,ECHT APPLIANCE AND TRADING
eco oil,0,0,0,0,0,0,0,1,0,0,0,0,1,1,False,False,ECO OIL
ecpay,0,1,0,0,0,0,0,0,0,0,0,0,1,1,False,False,ECPAY
eddah,0,0,0,0,0,0,0,1,0,0,0,0,1,1,False,False,Eddah
eden s lechon,0,0,0,0,1,0,0,0,0,0,0,0,1,1,False,False,Eden\'s Lechon
edifer electronics,0,0,0,0,0,0,0,0,0,0,1,0,1,1,False,False,Edifer Electronics
edengs toy center,0,1,0,0,0,0,0,0,0,0,0,0,1,1,False,False,EDENG'S TOY CENTER
edens hair & nail salon,0,0,0,0,0,0,0,1,0,0,0,0,1,1,False,False,EDEN'S HAIR & NAIL SALON
edge,0,0,0,0,1,0,0,0,0,0,0,0,1,1,False,False,Edge
edge care plus,0,0,0,0,0,0,0,0,1,0,0,0,1,1,False,False,EDGE CARE PLUS
edge care plus telecom,0,0,0,0,0,0,0,0,1,0,0,0,1,1,False,False,EDGE CARE PLUS TELECOM
edgecare plus,0,0,0,0,0,0,0,0,0,0,1,0,1,1,False,False,Edgecare Plus
ergo home,0,0,0,0,0,0,0,0,1,0,0,0,1,1,False,False,ERGO HOME
erickelle marie frances,0,0,0,0,0,0,0,1,0,0,0,0,1,1,False,False,Erickelle Marie Frances
e & es takuyaki,0,0,0,0,0,0,0,1,0,0,0,0,1,1,False,False,E & E's Takuyaki
eyes at work,0,0,0,0,1,0,0,0,0,0,0,0,1,1,False,False,Eyes at Work
ez text,0,0,0,0,0,0,1,0,0,0,0,0,1,1,False,False,Ez Text
f,0,0,0,0,1,0,0,0,0,0,0,0,1,1,False,False,F
f&c jewelry,0,1,0,0,0,0,0,0,0,0,0,0,1,1,False,False,F&C JEWELRY
f&m niceday carwash,0,0,0,0,0,0,0,1,0,0,0,0,1,1,False,False,F&M Niceday Carwash
faathena gen merchandise,0,0,0,0,0,0,0,1,0,0,0,0,1,1,False,False,FAATHENA GEN. MERCHANDISE
fab you lush,0,0,0,0,0,0,0,1,0,0,0,0,1,1,False,False,FAB-YOU-LUSH
fabric life by larrys,0,0,0,0,0,0,0,0,1,0,0,0,1,1,False,False,FABRIC LIFE BY LARRYS
fabrics plus,0,0,0,0,0,0,0,0,1,0,0,0,1,1,False,False,FABRICS PLUS
fabularize smile,0,0,0,0,0,0,0,1,0,0,0,0,1,1,False,False,FABULARIZE SMILE
fabularized cafe,0,0,0,0,0,0,0,1,0,0,0,0,1,1,False,False,FABULARIZED CAFE
fabulous burger,0,0,0,0,1,0,0,0,0,0,0,0,1,1,False,False,Fabulous Burger
face,0,1,0,0,0,0,0,0,0,0,0,0,1,1,False,False,FACE
faceshop,0,0,0,0,0,0,0,1,0,0,0,0,1,1,False,False,THE FACESHOP
facial plus,0,1,0,0,0,0,0,0,0,0,0,0,1,1,False,False,FACIAL PLUS
facial plus spa,0,0,0,0,0,0,0,0,1,0,0,0,1,1,False,False,FACIAL PLUS SPA
eyezone vision center,0,0,0,0,0,0,0,0,1,0,0,0,1,1,False,False,EYEZONE VISION CENTER
eyes & shades optical clinic,0,0,0,0,0,0,0,1,0,0,0,0,1,1,False,False,Eyes & Shades Optical Clinic
extraordineri salon,0,1,0,0,0,0,0,0,0,0,0,0,1,1,False,False,EXTRAORDINERI SALON
eyepod,0,0,0,0,0,0,0,0,1,0,0,0,1,1,False,False,THE EYEPOD
extreme mobile cellphone accessories,0,0,0,0,1,0,0,0,0,0,0,0,1,1,False,False,Extreme-Mobile Cellphone Accessories
exzone repair shop,0,0,0,0,0,0,0,0,1,0,0,0,1,1,False,False,EXZONE REPAIR SHOP
eye & optics,0,0,0,0,0,0,0,1,0,0,0,0,1,1,False,False,Eye & Optics
eye city,0,0,0,0,0,1,0,0,0,0,0,0,1,1,False,False,The Eye City
eye design optical clinic,0,0,0,0,0,0,0,1,0,0,0,0,1,1,False,False,Eye Design Optical Clinic
eye lab,0,0,0,0,0,0,0,0,1,0,0,0,1,1,False,False,THE EYE LAB
eye optics,0,0,0,0,0,0,0,0,1,0,0,0,1,1,False,False,EYE OPTICS
eye q optical solution,1,0,0,0,0,0,0,0,0,0,0,0,1,1,False,False,EYE-Q OPTICAL SOLUTION
eye republic,0,1,0,0,0,0,0,0,0,0,0,0,1,1,False,False,EYE REPUBLIC
eye sports,0,1,0,0,0,0,0,0,0,0,0,0,1,1,False,False,EYE SPORTS
eye studio,0,0,0,0,0,0,0,1,0,0,0,0,1,1,False,False,Eye Studio
eye style vision ctr,0,0,0,0,1,0,0,0,0,0,0,0,1,1,False,False,Eye Style Vision CTR
eyebrowdery,0,0,0,0,0,0,0,0,1,0,0,0,1,1,False,False,THE EYEBROWDERY
eyecare deluxe optical clinic,0,1,0,0,0,0,0,0,0,0,0,0,1,1,False,False,EYECARE DELUXE OPTICAL CLINIC
eyecrafter,0,1,0,0,0,0,0,0,0,0,0,0,1,1,False,False,EYECRAFTER
fairy land,0,0,0,0,0,0,0,1,0,0,0,0,1,1,False,False,Fairy land
fairy trail 9332662016,0,0,0,0,0,0,0,1,0,0,0,0,1,1,False,False,Fairy Trail 9332662016
fairy trail trackless electric train,0,0,0,0,0,0,0,1,0,0,0,0,1,1,False,False,FAIRY TRAIL TRACKLESS ELECTRIC TRAIN (OPEN)
fairyland specialty shop,0,0,0,0,0,0,0,1,0,0,0,0,1,1,False,False,Fairyland Specialty Shop
fashion mobile,0,0,0,0,0,0,0,0,1,0,0,0,1,1,False,False,FASHION MOBILE
fashion plate,0,0,0,0,0,0,0,0,0,0,0,1,1,1,False,False,FASHION PLATE
fashion plate rsc,0,0,0,0,0,0,0,0,0,0,0,1,1,1,False,False,THE FASHION PLATE/RSC
fashion square 9533153345,0,0,0,0,0,0,0,1,0,0,0,0,1,1,False,False,Fashion Square 9533153345
fashion tv,0,1,0,0,0,0,0,0,0,0,0,0,1,1,False,False,FASHION TV
fashion view btg,0,0,0,0,1,0,0,0,0,0,0,0,1,1,False,False,Fashion View BTG
fashionista mom beauty lounge,0,0,0,0,0,0,0,0,1,0,0,0,1,1,False,False,FASHIONISTA MOM BEAUTY LOUNGE
fashionistas dimsum republic,0,0,0,0,0,0,0,0,0,0,0,1,1,1,False,False,FASHIONISTA'S DIMSUM REPUBLIC
fast fix key duplication shoes and bags repair,0,0,0,0,0,0,0,0,1,0,0,0,1,1,False,False,FAST FIX KEY DUPLICATION SHOES AND BAGS REPAIR
fast play,0,0,0,0,0,0,0,1,0,0,0,0,1,1,False,False,FAST PLAY
fastplay,0,0,0,0,0,0,0,1,0,0,0,0,1,1,False,False,Fastplay
fat belly kitchen,0,0,0,0,0,0,0,1,0,0,0,0,1,1,False,False,FAT BELLY KITCHEN
fat chef restaurant,0,0,0,0,0,0,0,0,1,0,0,0,1,1,False,False,FAT CHEF RESTAURANT
fat monk,0,0,0,0,0,0,0,0,1,0,0,0,1,1,False,False,FAT MONK
fatboys pizza & pasta,0,0,0,0,0,0,0,0,0,0,1,0,1,1,False,False,Fatboys Pizza & Pasta
fashion face exhibit,0,0,0,0,0,0,0,0,0,0,0,1,1,1,False,False,FASHION FACE EXHIBIT
fashion 21,0,0,0,0,0,0,0,1,0,0,0,0,1,1,False,False,FASHION 21
fashion 101,0,0,0,0,0,0,1,0,0,0,0,0,1,1,False,False,Fashion 101
famous belgain waffle,0,0,0,0,0,0,0,1,0,0,0,0,1,1,False,False,FAMOUS BELGAIN WAFFLE
falcor marketing corporation,0,0,0,0,0,0,0,0,1,0,0,0,1,1,False,False,FALCOR MARKETING CORPORATION
fame in hollywood diner,0,0,0,0,1,0,0,0,0,0,0,0,1,1,False,False,Fame in Hollywood Diner
family appliance center,0,0,0,0,1,0,0,0,0,0,0,0,1,1,False,False,Family Appliance Center
family eye center,0,0,0,0,0,0,0,1,0,0,0,0,1,1,False,False,Family Eye Center
family fried chicken,0,0,0,0,0,0,0,1,0,0,0,0,1,1,False,False,FAMILY FRIED CHICKEN
family health & beauty corp,0,0,0,0,0,0,0,0,0,0,0,1,1,1,False,False,FAMILY HEALTH & BEAUTY CORP.
famous belgian,0,0,0,0,0,0,0,1,0,0,0,0,1,1,False,False,FAMOUS BELGIAN
farronccino cafe,0,0,0,0,1,0,0,0,0,0,0,0,1,1,False,False,Farronccino Café
famous belgian waffle 0932 232 9222,0,0,0,0,0,0,0,1,0,0,0,0,1,1,False,False,FAMOUS BELGIAN WAFFLE 0932-232-9222
famous country waffles,0,0,0,0,0,0,0,1,0,0,0,0,1,1,False,False,FAMOUS COUNTRY WAFFLES
fantasyworld,0,0,0,0,0,0,0,0,1,0,0,0,1,1,False,False,FANTASYWORLD
farm stay,0,0,0,0,1,0,0,0,0,0,0,0,1,1,False,False,Farm Stay
farmery deli,0,0,0,0,0,0,1,0,0,0,0,0,1,1,False,False,Farmery Deli
farron coffee,0,0,0,1,0,0,0,0,0,0,0,0,1,1,False,False,FARRON COFFEE
extreme mobile,0,0,0,0,1,0,0,0,0,0,0,0,1,1,False,False,Extreme Mobile
exquisite advanced dental clinic,0,0,0,0,0,0,0,1,0,0,0,0,1,1,False,False,EXQUISITE ADVANCED DENTAL CLINIC
ermenegildo zegna,0,1,0,0,0,0,0,0,0,0,0,0,1,1,False,False,ERMENEGILDO ZEGNA
essens,0,0,0,0,0,0,0,0,0,0,1,0,1,1,False,False,Essens
essenza esthetica,0,0,0,0,0,0,0,0,1,0,0,0,1,1,False,False,ESSENZA ESTHETICA
est by grand castella,0,0,0,0,0,0,0,0,1,0,0,0,1,1,False,False,EST BY GRAND CASTELLA
estees toy house,0,0,0,0,0,0,0,1,0,0,0,0,1,1,False,False,Estee's Toy House
esthetique,0,0,0,0,0,0,0,0,1,0,0,0,1,1,False,False,ESTHETIQUE
ettas,0,0,0,0,0,0,0,0,1,0,0,0,1,1,False,False,ETTAS
etude casa musica,0,1,0,0,0,0,0,0,0,0,0,0,1,1,False,False,ETUDE CASA MUSICA
eu yan sang,0,0,0,0,0,0,0,1,0,0,0,0,1,1,False,False,Eu Yan Sang
euphony,0,0,0,0,0,0,0,1,0,0,0,0,1,1,False,False,Euphony
euro baker bakeshop,0,0,0,0,1,0,0,0,0,0,0,0,1,1,False,False,Euro Baker Bakeshop
euro oriental massage,0,0,0,0,0,0,0,0,1,0,0,0,1,1,False,False,EURO-ORIENTAL MASSAGE
eurobake,0,0,0,0,0,0,1,0,0,0,0,0,1,1,False,False,Eurobake
eurocave,0,1,0,0,0,0,0,0,0,0,0,0,1,1,False,False,EUROCAVE
euronet,0,1,0,0,0,0,0,0,0,0,0,0,1,1,False,False,EURONET
europak,0,0,1,0,0,0,0,0,0,0,0,0,1,1,False,False,Europak
eurostep footwear 9178887849,0,0,0,0,0,0,0,1,0,0,0,0,1,1,False,False,Eurostep Footwear 9178887849
essensuals by toni guy,0,0,0,0,0,0,0,0,1,0,0,0,1,1,False,False,ESSENSUALS BY TONI GUY
essencia skin care spa,0,0,0,0,0,0,0,0,1,0,0,0,1,1,False,False,ESSENCIA SKIN CARE SPA
exquisite advance dental center,0,0,0,0,0,0,0,1,0,0,0,0,1,1,False,False,EXQUISITE ADVANCE DENTAL CENTER
essence derm aesthetic,0,0,0,0,0,1,0,0,0,0,0,0,1,1,False,False,Essence Derm Aesthetic
ernies lemonade,0,0,0,0,0,0,0,0,0,0,0,1,1,1,False,False,ERNIE'S LEMONADE
eronic cp and accessories 2,0,0,0,0,0,0,0,0,0,0,0,1,1,1,False,False,ERONIC CP AND ACCESSORIES 2
ersao,0,0,0,0,0,0,0,0,1,0,0,0,1,1,False,False,ERSAO
erwin g hair salon,0,0,0,0,0,0,0,0,1,0,0,0,1,1,False,False,ERWIN G HAIR SALON
es elle aesthetic,0,0,0,0,0,1,0,0,0,0,0,0,1,1,False,False,Es Elle Aesthetic
es things specialty shop,0,0,0,0,0,0,0,0,1,0,0,0,1,1,False,False,ES THINGS SPECIALTY SHOP
escape cebu,0,0,0,0,0,0,0,1,0,0,0,0,1,1,False,False,ESCAPE Cebu
esotico,0,0,0,0,0,0,0,1,0,0,0,0,1,1,False,False,Esotico
esotico jewelry,0,0,0,0,0,0,0,0,1,0,0,0,1,1,False,False,ESOTICO JEWELRY
espacio manila artphile,0,0,1,0,0,0,0,0,0,0,0,0,1,1,False,False,Espacio Manila / Artphile
espieranza,1,0,0,0,0,0,0,0,0,0,0,0,1,1,False,False,ESPIERANZA
espressions mobile center,0,0,0,0,0,0,0,1,0,0,0,0,1,1,False,False,ESPRESSIONS MOBILE CENTER
esprit oshkosh,0,0,0,0,0,0,1,0,0,0,0,0,1,1,False,False,Esprit / Oshkosh
esse,0,0,0,0,0,0,0,1,0,0,0,0,1,1,False,False,ESSE
esse parfum,0,0,0,0,0,0,0,0,1,0,0,0,1,1,False,False,ESSE PARFUM
ev dental,0,0,0,0,0,0,0,1,0,0,0,0,1,1,False,False,EV Dental
evans goto,0,0,0,0,0,0,0,1,0,0,0,0,1,1,False,False,EVAN'S GOTO
evegate tranquilo wellness massage,0,0,0,0,0,0,0,0,1,0,0,0,1,1,False,False,EVEGATE TRANQUILO WELLNESS MASSAGE
events photo booth bicol,0,0,0,0,0,0,0,1,0,0,0,0,1,1,False,False,Events Photo Booth Bicol
exhibit,0,0,0,0,0,0,0,0,0,0,0,1,1,1,False,False,EXHIBIT
exhibit depot,0,0,0,0,0,0,0,0,0,0,0,1,1,1,False,False,EXHIBIT DEPOT
exi health& beauty,0,0,0,0,0,0,0,0,0,0,0,1,1,1,False,False,Exi Health& Beauty
express cut,0,1,0,0,0,0,0,0,0,0,0,0,1,1,False,False,EXPRESS CUT
express relief,0,0,0,0,0,0,0,1,0,0,0,0,1,1,False,False,Express Relief
express sincerity,0,0,0,0,0,0,0,1,0,0,0,0,1,1,False,False,Express Sincerity
expresscut,0,0,0,0,0,0,0,0,1,0,0,0,1,1,False,False,EXPRESSCUT
expresse cafe,0,0,0,0,0,0,0,1,0,0,0,0,1,1,False,False,Expresse Cafe
expression,0,0,0,0,0,0,0,1,0,0,0,0,1,1,False,False,EXPRESSION
expressions exhibit,0,0,0,0,0,0,0,0,0,0,0,1,1,1,False,False,EXPRESSIONS EXHIBIT
expressions fabric square,0,1,0,0,0,0,0,0,0,0,0,0,1,1,False,False,EXPRESSIONS FABRIC SQUARE
expressions stationary,0,0,0,0,1,0,0,0,0,0,0,0,1,1,False,False,Expressions Stationary
expressions stationery inc,0,0,0,0,0,0,0,1,0,0,0,0,1,1,False,False,Expressions Stationery Inc.
expressions stationery shop,0,0,0,0,0,0,0,0,0,1,0,0,1,1,False,False,EXPRESSIONS STATIONERY SHOP
expressions stationery shop inc,0,0,0,0,0,0,0,0,0,1,0,0,1,1,False,False,"EXPRESSIONS STATIONERY SHOP, INC."
executive optical mini gem exhibit,0,0,0,0,0,0,0,0,0,0,0,1,1,1,False,False,EXECUTIVE OPTICAL MINI GEM EXHIBIT (#3)
executive optical jrose fashion and beauty products,0,0,0,0,0,0,0,0,0,0,0,1,1,1,False,False,Executive Optical Jrose Fashion and Beauty Products ( ELBIE PINEDA )
executive optical aficionado,0,0,0,0,0,0,0,0,0,0,0,1,1,1,False,False,EXECUTIVE OPTICAL AFICIONADO
everything yummy,0,0,0,0,0,0,0,0,1,0,0,0,1,1,False,False,EVERYTHING YUMMY
ever bilena,0,0,0,0,0,0,0,1,0,0,0,0,1,1,False,False,EVER BILENA
ever eyewear,0,0,0,0,0,0,0,0,0,0,0,1,1,1,False,False,EVER EYEWEAR
ever new melbourne,0,0,1,0,0,0,0,0,0,0,0,0,1,1,False,False,Ever New Melbourne
everyday coffee roasters,0,0,0,0,0,0,0,0,1,0,0,0,1,1,False,False,EVERYDAY COFFEE ROASTERS
everyday laundry,0,0,0,0,0,0,0,0,1,0,0,0,1,1,False,False,EVERYDAY LAUNDRY
everything nice cakeshop cafe,0,0,0,0,0,0,0,0,1,0,0,0,1,1,False,False,EVERYTHING NICE CAKESHOP CAFE
evita,0,0,0,0,0,0,0,1,0,0,0,0,1,1,False,False,Evita
exclusively his,0,0,0,0,0,1,0,0,0,0,0,0,1,1,False,False,Exclusively His
evita peroni,0,1,0,0,0,0,0,0,0,0,0,0,1,1,False,False,EVITA PERONI
evo helmet,0,1,0,0,0,0,0,0,0,0,0,0,1,1,False,False,EVO HELMET
ew villa medica,0,0,0,0,0,1,0,0,0,0,0,0,1,1,False,False,EW Villa Medica
excell,0,0,0,0,0,0,0,0,1,0,0,0,1,1,False,False,EXCELL
exchange,0,0,0,0,0,0,0,1,0,0,0,0,1,1,False,False,Exchange
exclusive computer,1,0,0,0,0,0,0,0,0,0,0,0,1,1,False,False,EXCLUSIVE COMPUTER
e accessorize,0,0,0,0,1,0,0,0,0,0,0,0,1,1,False,False,E-Accessorize
e & e takoyaki,0,0,0,0,0,0,0,1,0,0,0,0,1,1,False,False,E & E TAKOYAKI
dannahs decor,0,1,0,0,0,0,0,0,0,0,0,0,1,1,False,False,DANNAH'S DECOR
dentista ko clinic,0,0,0,0,0,0,0,0,0,0,1,0,1,1,False,False,Dentista Ko Clinic
deoglow skinnovation,0,0,0,0,0,1,0,0,0,0,0,0,1,1,False,False,Deoglow Skinnovation
deogold,0,0,0,0,0,0,0,1,0,0,0,0,1,1,False,False,DEOGOLD
deogold 0967 7754934,0,0,0,0,0,0,0,1,0,0,0,0,1,1,False,False,DEOGOLD 0967-7754934
deoluxe massage and body spa,0,0,0,0,0,0,0,0,1,0,0,0,1,1,False,False,DEOLUXE MASSAGE AND BODY SPA
department of labor and employment,0,0,1,0,0,0,0,0,0,0,0,0,1,1,False,False,Department Of Labor And Employment (dole)
department of migrant workers,0,0,0,0,0,0,0,1,0,0,0,0,1,1,False,False,DEPARTMENT OF MIGRANT WORKERS
department of social welfare and development,0,0,1,0,0,0,0,0,0,0,0,0,1,1,False,False,Department Of Social Welfare And Development (dswd)
derm station,0,0,0,0,0,0,0,0,1,0,0,0,1,1,False,False,DERM STATION
derma bloom skin clinic,0,0,0,0,0,0,0,1,0,0,0,0,1,1,False,False,Derma Bloom Skin Clinic
derma concepts,0,0,0,0,0,0,0,0,1,0,0,0,1,1,False,False,DERMA CONCEPTS
derma esthetica,0,0,0,0,0,0,1,0,0,0,0,0,1,1,False,False,Derma Esthetica
dermacare,0,0,0,0,0,1,0,0,0,0,0,0,1,1,False,False,Dermacare
dermacircles,0,0,0,0,0,0,0,0,1,0,0,0,1,1,False,False,DERMACIRCLES
dermastrasse,0,0,0,1,0,0,0,0,0,0,0,0,1,1,False,False,Dermastrasse
dermatology clinic,0,0,0,0,0,0,0,1,0,0,0,0,1,1,False,False,DERMATOLOGY CLINIC
dentspec,0,0,0,0,0,0,0,0,1,0,0,0,1,1,False,False,DENTSPEC
dentista ko,0,0,0,0,0,0,0,1,0,0,0,0,1,1,False,False,Dentista Ko
dental hub,0,0,0,0,0,1,0,0,0,0,0,0,1,1,False,False,The Dental Hub
dentista group,0,1,0,0,0,0,0,0,0,0,0,0,1,1,False,False,DENTISTA GROUP
dental partners,0,0,0,0,0,0,0,1,0,0,0,0,1,1,False,False,Dental Partners
dental place,0,0,0,0,0,0,0,1,0,0,0,0,1,1,False,False,DENTAL PLACE
dental prime,0,0,0,0,1,0,0,0,0,0,0,0,1,1,False,False,Dental Prime
dental solutions,0,0,0,0,1,0,0,0,0,0,0,0,1,1,False,False,Dental Solutions
dental spa,0,0,0,0,0,0,0,0,1,0,0,0,1,1,False,False,DENTAL SPA
dental specialty inc,0,1,0,0,0,0,0,0,0,0,0,0,1,1,False,False,DENTAL SPECIALTY INC.
dental suite,0,0,0,0,0,0,0,1,0,0,0,0,1,1,False,False,DENTAL SUITE
dental wellness,0,0,0,0,0,0,0,1,0,0,0,0,1,1,False,False,Dental Wellness
dental world,0,0,0,0,0,0,0,1,0,0,0,0,1,1,False,False,Dental World
dentaland,0,1,0,0,0,0,0,0,0,0,0,0,1,1,False,False,DENTALAND
dentallounge health hub,0,0,0,0,0,0,0,0,1,0,0,0,1,1,False,False,DENTALLOUNGE HEALTH HUB
dentcare and therabreath center,0,0,0,0,0,0,0,0,1,0,0,0,1,1,False,False,DENTCARE AND THERABREATH CENTER
dentcare plus,0,0,0,0,0,0,0,0,1,0,0,0,1,1,False,False,DENTCARE PLUS
dentist touch,0,0,0,0,0,0,0,0,1,0,0,0,1,1,False,False,DENTIST TOUCH
dentista dabawenyo,0,0,0,0,1,0,0,0,0,0,0,0,1,1,False,False,Dentista Dabawenyo
dermatrium skin care,0,0,0,0,0,0,0,0,1,0,0,0,1,1,False,False,DERMATRIUM SKIN CARE
dermax,0,0,1,0,0,0,0,0,0,0,0,0,1,1,False,False,Dermax
dermax laser center,0,1,0,0,0,0,0,0,0,0,0,0,1,1,False,False,DERMAX LASER CENTER
dermcare 9258558937,0,0,0,0,0,0,0,1,0,0,0,0,1,1,False,False,DermCare 9258558937
developed parking,0,0,0,0,0,0,0,0,0,0,0,1,1,1,False,False,Developed Parking
devia,0,0,0,0,0,0,0,0,1,0,0,0,1,1,False,False,DEVIA
dexter laundry,0,0,0,0,0,1,0,0,0,0,0,0,1,1,False,False,Dexter Laundry
df dacanay dental center,0,0,0,0,0,0,0,0,1,0,0,0,1,1,False,False,DF DACANAY DENTAL CENTER
dfa regional consular office,0,1,0,0,0,0,0,0,0,0,0,0,1,1,False,False,DFA REGIONAL CONSULAR OFFICE
dialog telecom,0,0,0,0,0,0,0,0,1,0,0,0,1,1,False,False,DIALOG TELECOM
diamond finery,0,1,0,0,0,0,0,0,0,0,0,0,1,1,False,False,THE DIAMOND FINERY
diamond life,0,0,0,0,0,0,0,1,0,0,0,0,1,1,False,False,DIAMOND LIFE
diamond rent a car,0,0,0,0,0,0,0,0,1,0,0,0,1,1,False,False,DIAMOND RENT-A-CAR
diamond star,0,0,0,0,0,0,0,1,0,0,0,0,1,1,False,False,Diamond Star
diamonds and lilies,0,0,0,0,0,0,0,0,1,0,0,0,1,1,False,False,DIAMONDS AND LILIES
diana binoya cahayag 0909 407 5343,0,0,0,0,0,0,0,1,0,0,0,0,1,1,False,False,Diana Binoya Cahayag 0909-407-5343
diana stadler,1,0,0,0,0,0,0,0,0,0,0,0,1,1,False,False,Diana Stadler
diandra denise,0,0,0,0,0,0,0,1,0,0,0,0,1,1,False,False,Diandra Denise
dickies kiosk,0,0,0,0,1,0,0,0,0,0,0,0,1,1,False,False,Dickies Kiosk
dev hub center for intervention,0,0,0,0,0,0,0,0,1,0,0,0,1,1,False,False,DEV HUB CENTER FOR INTERVENTION
deuces coffee,0,0,0,0,0,1,0,0,0,0,0,0,1,1,False,False,Deuces Coffee
detailed x quisite,0,0,0,0,0,0,0,0,1,0,0,0,1,1,False,False,DETAILED X QUISITE
deserie,0,0,0,0,0,0,0,0,0,0,1,0,1,1,False,False,Deserie
dermis luxury skin specialst and aesthetic center,0,0,0,0,0,0,0,0,1,0,0,0,1,1,False,False,DERMIS LUXURY SKIN SPECIALST AND AESTHETIC CENTER
dermo republiq,0,0,0,0,0,0,0,0,1,0,0,0,1,1,False,False,DERMO REPUBLIQ
dermphil skin clinic,0,1,0,0,0,0,0,0,0,0,0,0,1,1,False,False,DERMPHIL SKIN CLINIC
dermstrata atelier,0,0,0,0,0,0,0,1,0,0,0,0,1,1,False,False,DERMSTRATA ATELIER
dermstrata premier,0,1,0,0,0,0,0,0,0,0,0,0,1,1,False,False,DERMSTRATA PREMIER
dermtrends,0,0,0,0,0,0,0,0,1,0,0,0,1,1,False,False,DERMTRENDS
design project digital embroidery services,0,0,0,0,0,0,0,1,0,0,0,0,1,1,False,False,Design Project Digital Embroidery Services
destiny church event area,0,0,0,0,1,0,0,0,0,0,0,0,1,1,False,False,Destiny Church Event Area
designer blooms,0,1,0,0,0,0,0,0,0,0,0,0,1,1,False,False,DESIGNER BLOOMS
deskanso cafe,0,0,0,0,0,0,0,1,0,0,0,0,1,1,False,False,Deskanso Cafe
dessert factory,0,1,0,0,0,0,0,0,0,0,0,0,1,1,False,False,THE DESSERT FACTORY
dessert factory restaurant and bakery,0,0,1,0,0,0,0,0,0,0,0,0,1,1,False,False,The Dessert Factory Restaurant And Bakery
dessert museum,0,0,0,0,0,0,0,0,1,0,0,0,1,1,False,False,THE DESSERT MUSEUM
dessert zone,0,0,0,0,1,0,0,0,0,0,0,0,1,1,False,False,Dessert Zone
dental nook centre,0,0,0,0,0,0,0,1,0,0,0,0,1,1,False,False,Dental Nook Centre
dental fix,0,0,0,0,0,1,0,0,0,0,0,0,1,1,False,False,Dental Fix
digi boss,0,0,0,0,0,0,0,0,1,0,0,0,1,1,False,False,DIGI BOSS
david dental,0,0,0,0,0,0,0,1,0,0,0,0,1,1,False,False,David Dental
davids tea house express,0,0,0,0,0,0,0,0,1,0,0,0,1,1,False,False,DAVIDS TEA HOUSE EXPRESS
dawg snackhouse,0,0,0,0,0,0,0,1,0,0,0,0,1,1,False,False,Dawg Snackhouse
day one bar and restaurant,0,0,0,0,0,0,0,0,1,0,0,0,1,1,False,False,DAY.ONE BAR AND RESTAURANT
daykey donut,0,0,0,0,0,1,0,0,0,0,0,0,1,1,False,False,Daykey Donut
dazzling nails,0,0,0,0,0,0,0,1,0,0,0,0,1,1,False,False,Dazzling Nails
db express,0,0,0,0,0,0,0,0,1,0,0,0,1,1,False,False,DB EXPRESS
dbci gadgets,0,0,0,0,0,0,0,0,1,0,0,0,1,1,False,False,DBCI GADGETS
dbci gadgets accessories,0,0,0,0,0,0,0,1,0,0,0,0,1,1,False,False,DBCI GADGETS ACCESSORIES
dbtk,0,0,0,0,0,0,1,0,0,0,0,0,1,1,False,False,DBTK (Don’t Blame The Kids)
dc,0,1,0,0,0,0,0,0,0,0,0,0,1,1,False,False,DC
dc coffee lover,0,0,0,0,0,0,0,0,1,0,0,0,1,1,False,False,DC COFFEE LOVER
dc delights,0,0,0,0,0,0,0,0,1,0,0,0,1,1,False,False,DC DELIGHTS
dc derm cosmetic,0,0,0,0,0,0,0,0,0,0,1,0,1,1,False,False,DC DERM Cosmetic
dc shop,0,0,1,0,0,0,0,0,0,0,0,0,1,1,False,False,Dc Shop
dd backyard hydroponic farm,0,0,0,0,0,0,0,0,1,0,0,0,1,1,False,False,DD BACKYARD HYDROPONIC FARM
davids salon & topten nails,0,0,0,0,0,0,0,1,0,0,0,0,1,1,False,False,DAVID'S SALON & TOPTEN NAILS
david & gian enterprises swift mighty meaty,0,0,0,0,0,0,0,0,0,0,0,1,1,1,False,False,DAVID & GIAN ENTERPRISES/ SWIFT MIGHTY MEATY
dental district centre,0,0,0,0,0,0,0,0,1,0,0,0,1,1,False,False,DENTAL DISTRICT CENTRE
daves funhouse,0,0,0,0,0,0,0,1,0,0,0,0,1,1,False,False,DAVE'S FUNHOUSE (OPEN)
dannys delicacies,0,0,0,0,0,0,0,1,0,0,0,0,1,1,False,False,Danny's Delicacies
dans,0,0,0,0,0,0,0,0,1,0,0,0,1,1,False,False,DANS
dans bike shop,0,0,0,0,0,0,0,0,1,0,0,0,1,1,False,False,DAN'S BIKE SHOP
darios perfume,0,0,0,0,0,0,0,0,0,0,1,0,1,1,False,False,Dario's Perfume
darling foods,0,0,0,0,0,0,0,0,1,0,0,0,1,1,False,False,DARLING FOODS
das burgery,0,1,0,0,0,0,0,0,0,0,0,0,1,1,False,False,DAS BURGERY
dasmarinas satellite office,0,0,0,0,0,0,0,1,0,0,0,0,1,1,False,False,DASMARINAS SATELLITE OFFICE
dasureco,0,0,0,0,1,0,0,0,0,0,0,0,1,1,False,False,DASURECO
dataview,0,0,0,0,0,0,0,0,1,0,0,0,1,1,False,False,DATAVIEW
daud macapaar cellphones,0,0,0,0,0,0,0,0,0,0,0,1,1,1,False,False,DAUD MACAPAAR CELLPHONES
daud macapaar cp,0,0,0,0,0,0,0,0,0,0,0,1,1,1,False,False,DAUD MACAPAAR CP
davao doctors care center,0,0,0,0,0,0,0,0,1,0,0,0,1,1,False,False,DAVAO DOCTORS CARE CENTER
davao south prime,0,0,0,0,1,0,0,0,0,0,0,0,1,1,False,False,Davao South Prime
dave & busters,0,0,0,0,0,0,0,1,0,0,0,0,1,1,False,False,DAVE & BUSTER'S
davedent dental services,0,1,0,0,0,0,0,0,0,0,0,0,1,1,False,False,DAVEDENT DENTAL SERVICES
ddoddo korean cuisine restaurant,0,0,0,0,0,0,0,0,1,0,0,0,1,1,False,False,DDODDO KOREAN CUISINE RESTAURANT
de jesus eye center,0,0,0,0,0,0,0,1,0,0,0,0,1,1,False,False,De Jesus Eye Center
de le mere,0,0,0,0,0,0,0,1,0,0,0,0,1,1,False,False,De Le Mere
de levante perfume,0,0,0,0,0,0,0,1,0,0,0,0,1,1,False,False,DE LEVANTE PERFUME
delsey juices,0,0,0,0,0,0,0,0,1,0,0,0,1,1,False,False,DELSEY JUICES
dempsey,0,0,0,0,0,0,0,1,0,0,0,0,1,1,False,False,DEMPSEY
dencio s kamayan,0,0,0,0,1,0,0,0,0,0,0,0,1,1,False,False,Dencio\'s Kamayan
denim brands depot,0,1,0,0,0,0,0,0,0,0,0,0,1,1,False,False,DENIM BRANDS DEPOT
dennis coffee express,0,0,0,0,0,0,0,0,1,0,0,0,1,1,False,False,DENNIS COFFEE EXPRESS
dennis vasquez,0,0,0,0,0,0,1,0,0,0,0,0,1,1,False,False,Dennis Vasquez
dent precisions,0,1,0,0,0,0,0,0,0,0,0,0,1,1,False,False,DENT PRECISIONS
dent xp,0,0,0,0,0,0,0,1,0,0,0,0,1,1,False,False,DENT.XP
dentaderm clinic,0,1,0,0,0,0,0,0,0,0,0,0,1,1,False,False,DENTADERM CLINIC
dentaholics,0,0,0,0,0,0,0,0,1,0,0,0,1,1,False,False,DENTAHOLICS
dental avenue,0,0,0,0,0,0,0,0,1,0,0,0,1,1,False,False,DENTAL AVENUE
dental center by dr kim fajardo,0,0,1,0,0,0,0,0,0,0,0,0,1,1,False,False,Dental Center By Dr. Kim Fajardo
dental center by dr kimberly ray fajardo dmd,0,1,0,0,0,0,0,0,0,0,0,0,1,1,False,False,DENTAL CENTER BY DR. KIMBERLY RAY FAJARDO DMD
dental corner,0,0,0,0,0,0,0,1,0,0,0,0,1,1,False,False,Dental Corner
dental design,0,0,0,0,0,0,0,1,0,0,0,0,1,1,False,False,Dental Design
delsey juice,0,0,1,0,0,0,0,0,0,0,0,0,1,1,False,False,Delsey Juice
delsan office,0,1,0,0,0,0,0,0,0,0,0,0,1,1,False,False,DELSAN OFFICE
delin optical,0,0,0,0,0,0,0,1,0,0,0,0,1,1,False,False,Delin Optical
decor premier,0,0,0,0,0,0,0,0,1,0,0,0,1,1,False,False,DECOR PREMIER
de original jamaican pattie johnn lemon,0,1,0,0,0,0,0,0,0,0,0,0,1,1,False,False,DE ORIGINAL JAMAICAN PATTIE+JOHNN LEMON
dean and deluca,0,1,0,0,0,0,0,0,0,0,0,0,1,1,False,False,DEAN AND DELUCA
dear alice,0,0,0,0,0,1,0,0,0,0,0,0,1,1,False,False,Dear Alice
dear manok,0,0,0,0,0,0,0,1,0,0,0,0,1,1,False,False,Dear Manok
dear self,0,0,0,0,0,0,0,0,1,0,0,0,1,1,False,False,DEAR SELF
decatorias,0,0,0,0,0,0,0,1,0,0,0,0,1,1,False,False,Decatorias
decor riel,0,0,1,0,0,0,0,0,0,0,0,0,1,1,False,False,Decor Riel
delightful creation,0,0,0,0,0,0,0,0,0,0,1,0,1,1,False,False,Delightful Creation
decos la paz batchoy,0,0,0,0,0,0,0,1,0,0,0,0,1,1,False,False,Deco's La Paz Batchoy
decos original lapaz batchoy,0,0,0,0,0,0,0,1,0,0,0,0,1,1,False,False,Deco's Original Lapaz Batchoy
deeco,1,0,0,0,0,0,0,0,0,0,0,0,1,1,False,False,DEECO
deecom express,0,0,0,0,0,0,0,0,1,0,0,0,1,1,False,False,DEECOM EXPRESS
defender,0,0,0,0,0,0,0,0,1,0,0,0,1,1,False,False,DEFENDER
deli by chele,0,0,0,0,0,0,0,1,0,0,0,0,1,1,False,False,Deli by Chele
difam,0,0,0,0,0,0,1,0,0,0,0,0,1,1,False,False,Difam
digi computer land pnb,0,0,0,0,0,0,0,0,0,0,0,1,1,1,False,False,Digi Computer Land PNB
dynasty stir fry noodles & dimsum 93855416870,0,0,0,0,0,0,0,1,0,0,0,0,1,1,False,False,DYNASTY STIR FRY NOODLES & DIMSUM 93855416870
dr a g salazar dental orthodontic clinic,0,0,0,0,0,0,0,1,0,0,0,0,1,1,False,False,DR. A.G SALAZAR DENTAL ORTHODONTIC CLINIC
dr alvin,0,0,1,0,0,0,0,0,0,0,0,0,1,1,False,False,Dr. Alvin
dr crb aesthetic laser clinic,0,0,0,0,0,0,0,0,1,0,0,0,1,1,False,False,DR CRB AESTHETIC LASER CLINIC
dr esthe,0,0,1,0,0,0,0,0,0,0,0,0,1,1,False,False,Dr. Esthe
dr john sidney s ricamora,0,0,0,0,0,0,0,1,0,0,0,0,1,1,False,False,Dr. John Sidney S. Ricamora
dr leather,0,0,0,0,0,1,0,0,0,0,0,0,1,1,False,False,Dr. Leather
dr ouanos dental clinic,0,0,0,0,0,0,0,0,1,0,0,0,1,1,False,False,DR. OUANO’S DENTAL CLINIC
dr textus gadgets accessories store,0,0,0,0,0,0,0,0,1,0,0,0,1,1,False,False,DR TEXTUS GADGETS ACCESSORIES STORE
dr tooth dental smile clinic,0,0,0,0,0,0,0,1,0,0,0,0,1,1,False,False,Dr. Tooth Dental Smile Clinic
dr wine,0,0,0,0,0,1,0,0,0,0,0,0,1,1,False,False,Dr. Wine
draft coffee by lews,0,0,0,0,0,0,1,0,0,0,0,0,1,1,False,False,Draft Coffee by Lew’s
draft restaurant and brewery,0,0,0,0,0,1,0,0,0,0,0,0,1,1,False,False,Draft Restaurant and Brewery
draftsmans digital printing services,0,0,0,0,0,0,0,1,0,0,0,0,1,1,False,False,DRAFTSMAN'S DIGITAL PRINTING SERVICES
dragon dumpling,0,0,0,0,1,0,0,0,0,0,0,0,1,1,False,False,Dragon Dumpling
dragonforge,0,1,0,0,0,0,0,0,0,0,0,0,1,1,False,False,THE DRAGONFORGE
dragons gem health care,0,0,0,0,0,0,0,1,0,0,0,0,1,1,False,False,Dragon's Gem Health Care
dr a repair center,0,0,0,0,0,0,1,0,0,0,0,0,1,1,False,False,Dr.a Repair Center
dps tempo store,0,0,0,0,1,0,0,0,0,0,0,0,1,1,False,False,DPS Tempo Store
don juan boodle ihaw ihaw atbp,0,0,0,0,0,0,0,0,1,0,0,0,1,1,False,False,DON JUAN BOODLE IHAW-IHAW ATBP
dps storage,0,0,0,0,1,0,0,0,0,0,0,0,1,1,False,False,DPS Storage
don ricardos chocolate shop,0,0,0,0,0,0,0,0,1,0,0,0,1,1,False,False,DON RICARDOS CHOCOLATE SHOP
donabelle bakeshop,0,0,0,0,1,0,0,0,0,0,0,0,1,1,False,False,Donabelle Bakeshop
doner durum,0,0,0,0,0,0,0,1,0,0,0,0,1,1,False,False,Doner Durum
doodskie,0,0,0,0,0,0,0,1,0,0,0,0,1,1,False,False,Doodskie
doogee,0,0,0,0,0,0,0,0,1,0,0,0,1,1,False,False,DOOGEE
doqaus,0,0,0,0,0,0,0,0,1,0,0,0,1,1,False,False,DOQAUS
doroci,0,0,0,0,0,0,0,0,1,0,0,0,1,1,False,False,DOROCI
dot zero hair studio,0,0,1,0,0,0,0,0,0,0,0,0,1,1,False,False,Dot Zero Hair Studio
dothy maos pizzahaus,0,0,0,0,0,0,0,0,1,0,0,0,1,1,False,False,DOTHY MAOS PIZZAHAUS
dotonbori ramen,0,1,0,0,0,0,0,0,0,0,0,0,1,1,False,False,DOTONBORI RAMEN
dotpad mobile phone,0,0,0,0,0,0,0,0,0,1,0,0,1,1,False,False,DOTPAD MOBILE PHONE
dough story,0,0,0,0,0,0,0,0,1,0,0,0,1,1,False,False,THE DOUGH STORY
doughmain,0,0,0,0,0,0,0,0,1,0,0,0,1,1,False,False,DOUGHMAIN
doughnut,0,1,0,0,0,0,0,0,0,0,0,0,1,1,False,False,DOUGHNUT
doys homemade delicacies,0,0,0,0,0,0,0,0,1,0,0,0,1,1,False,False,DOY'S HOMEMADE DELICACIES
drakes restaurant & bar,0,0,0,0,0,0,0,1,0,0,0,0,1,1,False,False,Drake's Restaurant & Bar
dream cream pastries,0,0,0,0,0,0,0,0,1,0,0,0,1,1,False,False,DREAM CREAM PASTRIES
dream world arcade,0,0,0,0,0,1,0,0,0,0,0,0,1,1,False,False,Dream World Arcade
dreame,0,0,0,0,0,0,0,0,1,0,0,0,1,1,False,False,DREAME
dulces,0,0,0,0,0,0,0,0,1,0,0,0,1,1,False,False,DULCES
dumaguete blind massage,0,0,0,0,0,0,0,1,0,0,0,0,1,1,False,False,Dumaguete Blind Massage
dumpling king asgar store 2,0,0,0,0,0,0,0,0,0,0,0,1,1,1,False,False,DUMPLING KING ASGAR STORE 2
dunamis,0,0,0,0,0,0,0,1,0,0,0,0,1,1,False,False,Dunamis
dune london,1,0,0,0,0,0,0,0,0,0,0,0,1,1,False,False,Dune London
dunkin 9553308377,0,0,0,0,0,0,0,1,0,0,0,0,1,1,False,False,DUNKIN' 9553308377 (NEW)
dunkin donuts my wife noodle fry onoodles,0,0,0,0,0,0,0,0,0,0,0,1,1,1,False,False,DUNKIN DONUTS MY WIFE NOODLE FRY/ O'NOODLES
dunkin dunots,0,0,0,0,0,0,0,1,0,0,0,0,1,1,False,False,DUNKIN DUNOTS
duray veron optical,0,0,0,0,1,0,0,0,0,0,0,0,1,1,False,False,Duray-Veron Optical
dvendo gachapon,0,0,0,0,0,0,0,1,0,0,0,0,1,1,False,False,Dvendo Gachapon
dvf dairy farm,0,0,0,0,0,0,0,0,1,0,0,0,1,1,False,False,DVF DAIRY FARM
dvogue,0,0,0,0,0,0,0,1,0,0,0,0,1,1,False,False,D'VOGUE
dwn by script society,0,0,0,0,0,0,0,0,1,0,0,0,1,1,False,False,DWN BY SCRIPT SOCIETY
dyna quest,0,0,0,0,0,0,1,0,0,0,0,0,1,1,False,False,Dyna Quest
dynamic pc,0,0,0,0,0,0,1,0,0,0,0,0,1,1,False,False,Dynamic Pc
dulceana boutique,0,0,0,0,0,0,0,1,0,0,0,0,1,1,False,False,Dulceana Boutique
ducks unlimited,0,0,0,0,0,0,1,0,0,0,0,0,1,1,False,False,Ducks Unlimited
dti otop,0,0,0,0,0,0,0,1,0,0,0,0,1,1,False,False,DTI OToP
drink o holic,0,0,0,0,1,0,0,0,0,0,0,0,1,1,False,False,Drink O Holic
dreamlab,0,1,0,0,0,0,0,0,0,0,0,0,1,1,False,False,DREAMLAB
dreamland,0,0,0,0,0,0,1,0,0,0,0,0,1,1,False,False,Dreamland
dreamland massage chair 0969 392 1620,0,0,0,0,0,0,0,1,0,0,0,0,1,1,False,False,DREAMLAND MASSAGE CHAIR 0969 392 1620
dreamwave hotel papa roberts lechon,0,0,0,0,0,0,0,0,0,0,0,1,1,1,False,False,DREAMWAVE HOTEL PAPA ROBERT'S LECHON
dreiland ice cream,0,0,0,0,0,0,0,0,1,0,0,0,1,1,False,False,DREILAND ICE CREAM
dri,0,0,0,0,0,1,0,0,0,0,0,0,1,1,False,False,Dri+
drink sls,0,0,0,0,0,1,0,0,0,0,0,0,1,1,False,False,Drink SLS
dtech,0,0,0,0,1,0,0,0,0,0,0,0,1,1,False,False,Dtech
drip room aesthetics,0,0,0,0,0,0,0,0,1,0,0,0,1,1,False,False,THE DRIP ROOM AESTHETICS
drive & jump,0,0,0,0,0,0,0,0,0,0,0,1,1,1,False,False,DRIVE & JUMP
drybrush gallery,0,0,0,0,0,0,0,0,1,0,0,0,1,1,False,False,DRYBRUSH GALLERY
ds interior,0,0,0,0,0,0,0,0,0,0,1,0,1,1,False,False,DS INTERIOR
ds windows,0,0,0,0,0,0,0,1,0,0,0,0,1,1,False,False,DS WINDOWS
dswd provincial extension office zambales services,0,0,0,0,0,0,0,0,1,0,0,0,1,1,False,False,DSWD PROVINCIAL EXTENSION OFFICE ZAMBALES SERVICES
don machiattos,0,0,0,0,0,0,0,1,0,0,0,0,1,1,False,False,Don Machiatto's
don juan,0,0,0,0,0,0,1,0,0,0,0,0,1,1,False,False,Don Juan
digi tech,0,0,0,1,0,0,0,0,0,0,0,0,1,1,False,False,Digi Tech
dimsum republic hongkong style fried noodles,0,0,0,0,0,0,0,1,0,0,0,0,1,1,False,False,DIMSUM REPUBLIC HONGKONG STYLE FRIED NOODLES (NEW)
dinko bakery supplies,0,0,0,0,0,0,0,0,1,0,0,0,1,1,False,False,DINKO BAKERY SUPPLIES
dino adventure,0,0,1,0,0,0,0,0,0,0,0,0,1,1,False,False,Dino Adventure
dino dig,0,0,0,0,0,0,0,0,1,0,0,0,1,1,False,False,DINO DIG
dion & mary,1,0,0,0,0,0,0,0,0,0,0,0,1,1,False,False,DION & MARY
dipping dumpling,0,0,0,0,0,0,0,0,1,0,0,0,1,1,False,False,DIPPING DUMPLING
dishee,0,0,0,0,0,1,0,0,0,0,0,0,1,1,False,False,D’ISHEE
diskubre pet shop,0,0,0,0,0,0,0,0,1,0,0,0,1,1,False,False,DISKUBRE PET SHOP
disney kiddie salon,0,0,0,0,1,0,0,0,0,0,0,0,1,1,False,False,Disney Kiddie Salon
district 8,0,0,0,0,0,0,1,0,0,0,0,0,1,1,False,False,District 8
dito telcommunity,0,0,0,0,0,0,0,1,0,0,0,0,1,1,False,False,DITO TELCOMMUNITY
dito telecom,0,0,0,0,0,1,0,0,0,0,0,0,1,1,False,False,DITO Telecom
divas kaffe,0,0,0,0,0,0,0,0,1,0,0,0,1,1,False,False,DIVAS KAFFE
divine grace medical center,0,0,0,0,0,0,0,0,1,0,0,0,1,1,False,False,DIVINE GRACE MEDICAL CENTER
divine indulgence,0,0,0,0,0,0,0,0,1,0,0,0,1,1,False,False,DIVINE INDULGENCE
divine sweets,0,0,0,0,0,0,0,1,0,0,0,0,1,1,False,False,Divine Sweets
dingers,0,0,0,0,0,0,0,0,1,0,0,0,1,1,False,False,DINGERS
dimsum republic,0,0,0,1,0,0,0,0,0,0,0,0,1,1,False,False,Dimsum Republic
don henricos,0,0,0,0,0,0,0,0,1,0,0,0,1,1,False,False,DON HENRICOS
dimsum place,0,0,0,1,0,0,0,0,0,0,0,0,1,1,False,False,The Dimsum Place
digi techpoint,0,0,0,0,0,0,0,0,1,0,0,0,1,1,False,False,DIGI TECHPOINT
digibabe tech lifestyle,0,0,0,0,1,0,0,0,0,0,0,0,1,1,False,False,Digibabe Tech Lifestyle
digibyte internet cafe,0,0,0,0,0,0,0,0,1,0,0,0,1,1,False,False,DIGIBYTE INTERNET CAFE
digiplanet,0,0,0,0,0,0,1,0,0,0,0,0,1,1,False,False,Digiplanet
digistamp,0,0,0,0,0,0,0,1,0,0,0,0,1,1,False,False,Digistamp
digital depot,0,0,0,0,0,0,0,1,0,0,0,0,1,1,False,False,Digital Depot
digital premium,0,0,0,0,0,0,0,0,1,0,0,0,1,1,False,False,DIGITAL PREMIUM
digitron gadgets,0,0,0,0,1,0,0,0,0,0,0,0,1,1,False,False,Digitron Gadgets
digiworks 0955 756 1385,0,0,0,0,0,0,0,1,0,0,0,0,1,1,False,False,DIGIWORKS 0955-756-1385 (NEW)
digos apple products,0,0,0,0,0,0,0,1,0,0,0,0,1,1,False,False,DIGOS APPLE PRODUCTS
dillingers prohibition,0,1,0,0,0,0,0,0,0,0,0,0,1,1,False,False,DILLINGERS/PROHIBITION
dimsum break 0920 958 1548,0,0,0,0,0,0,0,1,0,0,0,0,1,1,False,False,DIMSUM BREAK 0920-958-1548
dimsum break 9622473065,0,0,0,0,0,0,0,1,0,0,0,0,1,1,False,False,DIMSUM BREAK 9622473065
dimsum dimsum,0,0,0,0,0,0,0,0,0,0,1,0,1,1,False,False,DIMSUM DIMSUM
dimsum factory,0,0,0,0,1,0,0,0,0,0,0,0,1,1,False,False,Dimsum Factory
divine sweets bakery and cafe,0,0,0,0,0,0,0,0,1,0,0,0,1,1,False,False,DIVINE SWEETS BAKERY AND CAFE
dix gadget repair shop,0,0,0,0,0,0,0,0,1,0,0,0,1,1,False,False,DIX GADGET REPAIR SHOP
diy adessa,0,0,0,0,0,0,0,0,0,0,0,1,1,1,False,False,"DIY, ADESSA"
dizon farm,0,1,0,0,0,0,0,0,0,0,0,0,1,1,False,False,DIZON FARM
dogaholics,0,0,0,0,0,0,1,0,0,0,0,0,1,1,False,False,Dogaholics
doggo,0,0,1,0,0,0,0,0,0,0,0,0,1,1,False,False,Doggo
doghauz hotdog toppings 9911845655,0,0,0,0,0,0,0,1,0,0,0,0,1,1,False,False,DOGHAUZ HOTDOG TOPPINGS 9911845655
dogs & the city,0,0,0,0,0,0,0,1,0,0,0,0,1,1,False,False,Dogs & The City
dogs and the city pet store,0,0,0,0,0,0,0,0,1,0,0,0,1,1,False,False,DOGS AND THE CITY PET STORE
dogs spa,0,0,0,1,0,0,0,0,0,0,0,0,1,1,False,False,The Dog's Spa
dojo,0,0,0,0,0,0,0,1,0,0,0,0,1,1,False,False,THE DOJO
doki doki takoyaki and sunakku food stop,0,0,0,0,0,0,0,0,1,0,0,0,1,1,False,False,DOKI-DOKI TAKOYAKI AND SUNAKKU FOOD STOP
doktor relos service center co,0,0,0,0,0,0,0,0,0,0,1,0,1,1,False,False,Doktor Relos Service Center Co.
dole,0,0,0,0,0,0,0,0,1,0,0,0,1,1,False,False,DOLE
dom lenes ilocos empanada,0,0,0,0,0,0,0,0,1,0,0,0,1,1,False,False,DOM LENES ILOCOS EMPANADA
domain internet cafe,0,1,0,0,0,0,0,0,0,0,0,0,1,1,False,False,DOMAIN INTERNET CAFE
domlenes empanada,0,0,0,0,0,0,0,1,0,0,0,0,1,1,False,False,DOMLENES EMPANADA
don churros,0,0,0,0,0,0,0,1,0,0,0,0,1,1,False,False,Don Churros
don de dieu salon,0,0,0,0,0,0,0,1,0,0,0,0,1,1,False,False,Don De Dieu Salon
dog city,0,0,0,0,0,0,0,0,1,0,0,0,1,1,False,False,DOG CITY
dodolon world,0,0,0,0,0,0,0,1,0,0,0,0,1,1,False,False,Dodolon World
doctors alley,0,0,0,0,0,0,0,1,0,0,0,0,1,1,False,False,Doctor's Alley
dm extreme cellphone accessories,0,0,0,0,0,0,0,0,0,0,0,1,1,1,False,False,DM EXTREME CELLPHONE ACCESSORIES
dizon furnitures,0,0,0,0,0,0,1,0,0,0,0,0,1,1,False,False,Dizon Furnitures
dizzle kitchen,0,0,1,0,0,0,0,0,0,0,0,0,1,1,False,False,Dizzle Kitchen
dj jewelry store,0,0,0,0,0,0,0,0,1,0,0,0,1,1,False,False,DJ JEWELRY STORE
dj kool loca,0,0,0,0,0,0,0,1,0,0,0,0,1,1,False,False,DJ Kool Loca
dkny,0,1,0,0,0,0,0,0,0,0,0,0,1,1,False,False,DKNY
dlro lto san roque retrouvaille center,0,0,0,0,0,0,0,0,1,0,0,0,1,1,False,False,DLRO LTO SAN ROQUE RETROUVAILLE CENTER
dna therapy,0,0,0,0,0,0,0,0,1,0,0,0,1,1,False,False,DNA THERAPY
doc onin dental services,0,0,0,0,0,0,0,0,1,0,0,0,1,1,False,False,DOC ONIN DENTAL SERVICES
do eat cotton candy,0,0,0,0,0,0,0,0,1,0,0,0,1,1,False,False,DO EAT COTTON CANDY
do it best vendocorp,0,0,0,0,0,0,0,0,0,0,0,1,1,1,False,False,DO IT BEST (HANDY MAN) VENDOCORP
do marketing 0945 8454967,0,0,0,0,0,0,0,1,0,0,0,0,1,1,False,False,DO MARKETING 0945-8454967
do thirsty,0,0,0,0,0,0,0,1,0,0,0,0,1,1,False,False,Do Thirsty
dobbo,0,0,0,0,0,0,0,0,1,0,0,0,1,1,False,False,DOBBO
doc ferds animal wellness center,0,1,0,0,0,0,0,0,0,0,0,0,1,1,False,False,DOC FERDS ANIMAL WELLNESS CENTER
candid,0,0,0,0,0,0,1,0,0,0,0,0,1,1,False,False,Candid
cancio,0,0,0,0,0,0,0,0,1,0,0,0,1,1,False,False,CANCIO
father & sons barbershop,0,0,0,0,0,0,0,1,0,0,0,0,1,1,False,False,FATHER & SONS BARBERSHOP
anta kids,0,0,0,0,0,1,0,0,0,0,0,0,1,1,False,False,Anta Kids
antepara,0,0,0,0,0,1,0,0,0,0,0,0,1,1,False,False,Antepara
antepara247,1,0,0,0,0,0,0,0,0,0,0,0,1,1,False,False,ANTEPARA247
anthem,0,0,0,0,0,0,0,1,0,0,0,0,1,1,False,False,ANTHEM
anthonys salon for men,0,0,0,0,0,0,0,0,1,0,0,0,1,1,False,False,ANTHONYS SALON FOR MEN
antihero,0,0,0,0,0,0,1,0,0,0,0,0,1,1,False,False,AntiHero
antillan living,0,1,0,0,0,0,0,0,0,0,0,0,1,1,False,False,ANTILLAN LIVING
antiques fair,0,0,1,0,0,0,0,0,0,0,0,0,1,1,False,False,Antiques Fair
antonas breads and pastries shop,0,0,0,0,0,0,0,0,1,0,0,0,1,1,False,False,ANTONAS BREADS AND PASTRIES SHOP
antonias fun and rides,0,0,0,0,0,0,0,1,0,0,0,0,1,1,False,False,Antonia's Fun and Rides
antonias fund and rides,0,0,0,0,0,0,0,1,0,0,0,0,1,1,False,False,Antonia's Fund and Rides
antro,0,1,0,0,0,0,0,0,0,0,0,0,1,1,False,False,ANTRO
anx kabayan pawnshop farron cafe,0,0,0,0,0,0,0,0,0,0,0,1,1,1,False,False,ANX KABAYAN PAWNSHOP FARRON CAFÉ
anyhow,0,0,0,0,0,0,0,1,0,0,0,0,1,1,False,False,AnyHow
aorus,0,0,0,0,0,0,0,0,1,0,0,0,1,1,False,False,AORUS
aozora japanese bistro,0,1,0,0,0,0,0,0,0,0,0,0,1,1,False,False,AOZORA JAPANESE BISTRO
anta superstore,0,0,0,0,0,0,0,1,0,0,0,0,1,1,False,False,ANTA Superstore
anshally,0,0,0,0,0,0,0,1,0,0,0,0,1,1,False,False,Anshally
apartment 8 clothing,0,0,0,0,0,0,0,0,1,0,0,0,1,1,False,False,APARTMENT 8 CLOTHING
anothersole,0,0,0,0,0,0,1,0,0,0,0,0,1,1,False,False,Anothersole
anime landia,0,0,0,0,0,0,0,1,0,0,0,0,1,1,False,False,Anime Landia
anime lobby,0,0,0,0,0,0,0,0,1,0,0,0,1,1,False,False,ANIME LOBBY
anko,1,0,0,0,0,0,0,0,0,0,0,0,1,1,False,False,Anko
annabel lee cafe,0,0,0,0,0,0,1,0,0,0,0,0,1,1,False,False,Annabel Lee Café
annabelle,0,0,0,0,0,0,0,1,0,0,0,0,1,1,False,False,ANNABELLE
annas cellphone & accessories,0,0,0,0,0,0,0,1,0,0,0,0,1,1,False,False,Anna's Cellphone & Accessories
anne juleth,0,0,0,0,0,0,1,0,0,0,0,0,1,1,False,False,Anne Juleth
annes posh,0,0,0,0,0,0,0,1,0,0,0,0,1,1,False,False,Anne's Posh
annie brilliant jewelry,0,0,1,0,0,0,0,0,0,0,0,0,1,1,False,False,Annie Brilliant Jewelry
anniepie,0,0,0,0,0,0,0,1,0,0,0,0,1,1,False,False,Anniepie
annies,0,1,0,0,0,0,0,0,0,0,0,0,1,1,False,False,ANNIE'S
annindofu tokyo,0,0,0,0,0,1,0,0,0,0,0,0,1,1,False,False,Annindofu Tokyo
anns home,0,0,0,0,0,0,0,0,1,0,0,0,1,1,False,False,ANNS HOME
annyeong corn dog 9303454316,0,0,0,0,0,0,0,1,0,0,0,0,1,1,False,False,Annyeong Corn Dog 9303454316
annyeong samgyupsal,0,0,0,0,0,0,0,1,0,0,0,0,1,1,False,False,Annyeong Samgyupsal
aozora japanese restaurant,0,0,0,0,0,1,0,0,0,0,0,0,1,1,False,False,Aozora Japanese Restaurant
apd travel & tours,0,0,0,0,0,0,0,0,1,0,0,0,1,1,False,False,APD TRAVEL & TOURS
cancer and multispecialty center dr ellen gasendo 0932 494 3147,0,0,0,0,0,0,0,1,0,0,0,0,1,1,False,False,Cancer and Multispecialty Center Dr. Ellen Gasendo 0932-494-3147
aqua flask 0916 771 3740,0,0,0,0,0,0,0,1,0,0,0,0,1,1,False,False,AQUA FLASK 0916-771-3740
aqua minerale,0,0,0,0,0,1,0,0,0,0,0,0,1,1,False,False,Aqua Minerale
aquabest laundrybest,0,0,0,0,0,0,0,0,1,0,0,0,1,1,False,False,AQUABEST - LAUNDRYBEST
aquaflask 9079115440,0,0,0,0,0,0,0,1,0,0,0,0,1,1,False,False,Aquaflask 9079115440
aquagem,0,0,0,0,0,0,0,1,0,0,0,0,1,1,False,False,Aquagem
aquakflash,0,0,0,0,0,0,0,1,0,0,0,0,1,1,False,False,AQUAKFLASH
aquila medical clinic,0,0,0,0,0,0,0,1,0,0,0,0,1,1,False,False,AQUILA MEDICAL CLINIC
ar beauty,0,0,0,0,0,0,0,0,1,0,0,0,1,1,False,False,AR BEAUTY
ar gadgets,0,0,0,0,0,0,1,0,0,0,0,0,1,1,False,False,AR Gadgets
ar jems jewelry shop,0,0,0,0,0,0,0,1,0,0,0,0,1,1,False,False,AR Jems Jewelry Shop
araya ramen and sushi bar,0,0,0,0,0,0,0,0,1,0,0,0,1,1,False,False,ARAYA RAMEN AND SUSHI BAR
arcade for fun,0,0,0,0,0,0,0,0,1,0,0,0,1,1,False,False,ARCADE FOR FUN
arcadia ph,0,0,0,0,0,1,0,0,0,0,0,0,1,1,False,False,Arcadia PH
arce haus,0,0,0,0,0,0,0,1,0,0,0,0,1,1,False,False,Arce Haus
arcenal portrait,0,0,0,0,1,0,0,0,0,0,0,0,1,1,False,False,Arcenal Portrait
architectural audio,0,1,0,0,0,0,0,0,0,0,0,0,1,1,False,False,ARCHITECTURAL AUDIO
aqua flask kids,0,0,0,0,0,0,0,1,0,0,0,0,1,1,False,False,AQUA FLASK KIDS
aqua beauty,0,0,0,0,1,0,0,0,0,0,0,0,1,1,False,False,Aqua Beauty
apd travel tours services,0,0,0,0,0,0,0,0,1,0,0,0,1,1,False,False,APD TRAVEL TOURS SERVICES
aqua,0,0,0,0,0,0,0,1,0,0,0,0,1,1,False,False,AQUA
aperitif,0,0,1,0,0,0,0,0,0,0,0,0,1,1,False,False,Aperitif
aperitif cafe,0,0,0,0,0,1,0,0,0,0,0,0,1,1,False,False,Aperitif Cafe
apero,0,0,0,0,0,1,0,0,0,0,0,0,1,1,False,False,Apero
apex dental,0,0,0,0,0,0,0,1,0,0,0,0,1,1,False,False,APEX Dental
aphrodite naturals,0,0,0,0,0,0,0,1,0,0,0,0,1,1,False,False,APHRODITE NATURALS
apiados watch repair,0,0,0,0,0,0,0,0,1,0,0,0,1,1,False,False,APIADOS WATCH REPAIR
apo ni lola durian delicacies,0,1,0,0,0,0,0,0,0,0,0,0,1,1,False,False,APO NI LOLA DURIAN DELICACIES
apollo barber lounge,0,0,0,0,0,1,0,0,0,0,0,0,1,1,False,False,Apollo Barber Lounge
apolo accessories,0,0,0,0,1,0,0,0,0,0,0,0,1,1,False,False,Apolo Accessories
apostol skin med plus,0,0,0,0,0,0,0,0,1,0,0,0,1,1,False,False,APOSTOL SKIN MED PLUS
apostrophe,0,0,0,0,0,0,0,1,0,0,0,0,1,1,False,False,Apostrophe
apostrophe cafe,0,1,0,0,0,0,0,0,0,0,0,0,1,1,False,False,APOSTROPHE CAFE
app store,0,1,0,0,0,0,0,0,0,0,0,0,1,1,False,False,APP STORE
apple service center,0,0,0,0,0,0,0,0,1,0,0,0,1,1,False,False,APPLE SERVICE CENTER
apple skin solutions,0,0,0,0,0,0,0,0,1,0,0,0,1,1,False,False,APPLE SKIN SOLUTIONS
animal house,0,1,0,0,0,0,0,0,0,0,0,0,1,1,False,False,ANIMAL HOUSE
animal distrik,0,0,0,0,0,0,0,1,0,0,0,0,1,1,False,False,ANIMAL DISTRIK
animal care specialist company,0,0,0,0,0,0,1,0,0,0,0,0,1,1,False,False,Animal Care Specialist Company
american premium outlet,0,1,0,0,0,0,0,0,0,0,0,0,1,1,False,False,AMERICAN PREMIUM OUTLET
american ribs & wings,0,0,0,0,0,0,0,1,0,0,0,0,1,1,False,False,AMERICAN RIBS & WINGS
american tourister open shop level 2 8536 7938 gcash,0,0,0,0,0,0,0,1,0,0,0,0,1,1,False,False,AMERICAN TOURISTER OPEN Shop Level 2 (Pedro Gil Wing) 8536-7938 GCash
ameu,0,0,0,0,0,0,0,0,0,0,0,1,1,1,False,False,AMEU
ameu cai cellphone & accessories ii,0,0,0,0,0,0,0,0,0,0,0,1,1,1,False,False,AMEU CAI CELLPHONE & ACCESSORIES II ( COLINA)
ami its itech,0,0,0,0,0,0,0,0,0,0,0,1,1,1,False,False,AMI/ ITS/ ITECH
ami jewels,0,0,0,0,0,0,1,0,0,0,0,0,1,1,False,False,Ami Jewels
amian coffee ph,0,0,0,0,0,0,0,0,1,0,0,0,1,1,False,False,AMIAN COFFEE PH
amigos onlayn printing,0,0,1,0,0,0,0,0,0,0,0,0,1,1,False,False,Amigo’s Onlayn Printing
amikar,0,0,0,0,0,0,0,1,0,0,0,0,1,1,False,False,Amikar
amk vision link optical tropix,0,0,0,0,0,0,0,0,0,0,0,1,1,1,False,False,AMK VISION LINK OPTICAL TROPIX
amkor travel and tours,0,0,0,0,0,0,0,1,0,0,0,0,1,1,False,False,Amkor Travel And Tours
ammarah cellphone and accessories shop,0,0,0,0,0,0,0,1,0,0,0,0,1,1,False,False,AMMARAH CELLPHONE AND ACCESSORIES SHOP
amor propio salon,0,0,0,0,0,0,0,1,0,0,0,0,1,1,False,False,Amor Propio Salon
amora bar & lounge,0,0,0,0,0,1,0,0,0,0,0,0,1,1,False,False,Amora Bar & Lounge
amoretto fine jewelry,0,0,0,0,0,1,0,0,0,0,0,0,1,1,False,False,Amoretto Fine Jewelry
american rib & wings,0,0,0,0,0,0,0,1,0,0,0,0,1,1,False,False,AMERICAN RIB & WINGS
american hearing center,0,0,0,0,0,0,0,0,1,0,0,0,1,1,False,False,AMERICAN HEARING CENTER
aniiq cellphone accessories,0,0,0,0,0,0,0,1,0,0,0,0,1,1,False,False,Aniiq Cellphone Accessories
american eye center,0,0,0,0,0,0,0,0,1,0,0,0,1,1,False,False,AMERICAN EYE CENTER
amara fleur,0,0,0,0,0,0,0,0,1,0,0,0,1,1,False,False,AMARA FLEUR
amari luxe,0,0,0,0,0,0,0,0,1,0,0,0,1,1,False,False,AMARI LUXE
amari luxe aesthetic and wellness clinic,0,0,0,0,0,0,0,1,0,0,0,0,1,1,False,False,AMARI LUXE AESTHETIC AND WELLNESS CLINIC
amarra,0,0,0,0,0,0,0,0,1,0,0,0,1,1,False,False,AMARRA
amars cellphone accessories shop,0,0,0,0,0,0,0,1,0,0,0,0,1,1,False,False,Amar's Cellphone Accessories Shop
amazing discoveries travel and tours,0,0,0,0,0,0,0,0,1,0,0,0,1,1,False,False,THE AMAZING DISCOVERIES TRAVEL AND TOURS
amazing hands with blind therapist,0,1,0,0,0,0,0,0,0,0,0,0,1,1,False,False,AMAZING HANDS WITH BLIND THERAPIST
amazing star,0,0,0,0,0,0,1,0,0,0,0,0,1,1,False,False,Amazing Star
amazing touch,0,1,0,0,0,0,0,0,0,0,0,0,1,1,False,False,AMAZING TOUCH
ambassador home & electronics centre,0,1,0,0,0,0,0,0,0,0,0,0,1,1,False,False,AMBASSADOR HOME & ELECTRONICS CENTRE
amber graceal dance studio,0,1,0,0,0,0,0,0,0,0,0,0,1,1,False,False,AMBER GRACEAL DANCE STUDIO
ambrosiya,0,0,0,0,0,0,0,1,0,0,0,0,1,1,False,False,AMBROSIYA
amelie jewelry studios,0,0,0,0,0,0,0,0,1,0,0,0,1,1,False,False,AMELIE JEWELRY STUDIOS
amelitos,0,0,0,0,0,0,0,1,0,0,0,0,1,1,False,False,AMELITO'S
amerah jewelry & pearls,1,0,0,0,0,0,0,0,0,0,0,0,1,1,False,False,Amerah Jewelry & Pearls
amps volts,0,0,0,0,0,0,0,0,1,0,0,0,1,1,False,False,AMPS VOLTS
amuma hair bar,0,0,0,0,0,0,0,0,1,0,0,0,1,1,False,False,AMUMA HAIR BAR
amy fruits galore,0,1,0,0,0,0,0,0,0,0,0,0,1,1,False,False,AMY FRUITS GALORE
ana maria bakeshop,0,0,0,0,0,0,0,1,0,0,0,0,1,1,False,False,ANA MARIA BAKESHOP
angel k kakanin & merienda,0,0,0,0,0,0,0,1,0,0,0,0,1,1,False,False,Angel-K Kakanin & Merienda
angel k kakanin atbp,0,0,0,0,0,0,0,1,0,0,0,0,1,1,False,False,Angel K Kakanin Atbp
angeles electric company,0,0,0,0,0,0,0,1,0,0,0,0,1,1,False,False,ANGELES ELECTRIC COMPANY
angelines general merchandise,0,0,0,0,0,0,0,0,0,0,0,1,1,1,False,False,ANGELINES GENERAL MERCHANDISE
angels feet,0,1,0,0,0,0,0,0,0,0,0,0,1,1,False,False,ANGEL'S FEET
angels skin care salon,0,0,0,0,0,1,0,0,0,0,0,0,1,1,False,False,Angels' Skin Care Salon
angies jewelry,0,0,0,0,0,0,0,1,0,0,0,0,1,1,False,False,Angie's Jewelry
angkan,0,0,0,0,0,0,0,0,1,0,0,0,1,1,False,False,ANGKAN
angkan coffee,0,0,0,0,0,0,1,0,0,0,0,0,1,1,False,False,Angkan Coffee
angkols pungko pungko,0,0,1,0,0,0,0,0,0,0,0,0,1,1,False,False,Angkols Pungko-pungko
anglo eye care,0,0,0,0,0,0,0,1,0,0,0,0,1,1,False,False,Anglo Eye Care
anglo eye care center,0,1,0,0,0,0,0,0,0,0,0,0,1,1,False,False,ANGLO EYE CARE CENTER
angus pares,0,0,0,0,0,0,0,0,1,0,0,0,1,1,False,False,ANGUS PARES
aniesthetix dental implantology center,0,0,0,0,0,0,0,0,1,0,0,0,1,1,False,False,ANIESTHETIX DENTAL IMPLANTOLOGY CENTER
aniiq,0,0,0,0,0,0,0,1,0,0,0,0,1,1,False,False,Aniiq
angel k kakanin,0,0,0,0,1,0,0,0,0,0,0,0,1,1,False,False,Angel K Kakanin
angel jasmine merchandise,0,0,0,0,0,0,0,0,0,0,0,1,1,1,False,False,ANGEL JASMINE MERCHANDISE
ang nanay,0,0,0,0,0,0,0,1,0,0,0,0,1,1,False,False,ANG NANAY
andreas health & beauty products,0,0,0,0,0,0,0,1,0,0,0,0,1,1,False,False,Andrea's Health & Beauty Products
analog,0,0,0,0,0,0,1,0,0,0,0,0,1,1,False,False,Analog
anastasia lee cakes,0,0,0,0,0,0,0,0,1,0,0,0,1,1,False,False,ANASTASIA LEE CAKES
ancels gadget & accessories shop,1,0,0,0,0,0,0,0,0,0,0,0,1,1,False,False,ANCEL'S GADGET & ACCESSORIES SHOP
andante,0,1,0,0,0,0,0,0,0,0,0,0,1,1,False,False,ANDANTE
andoks rice in a box,0,0,0,0,0,0,0,0,0,0,0,1,1,1,False,False,ANDOKS RICE IN A BOX
andre gemstone,0,0,0,0,0,0,0,1,0,0,0,0,1,1,False,False,Andre Gemstone
andrews woodcraft furniture,0,0,1,0,0,0,0,0,0,0,0,0,1,1,False,False,Andrews Woodcraft Furniture
ang karenderia sa cagayan,0,0,0,0,0,0,0,1,0,0,0,0,1,1,False,False,ANG KARENDERIA SA CAGAYAN
andriod zone,0,0,0,0,0,0,0,0,0,0,0,1,1,1,False,False,ANDRIOD ZONE
androgyne manila,0,1,0,0,0,0,0,0,0,0,0,0,1,1,False,False,ANDROGYNE MANILA
andys crunchicken,0,0,0,0,0,0,0,0,1,0,0,0,1,1,False,False,ANDYS CRUNCHICKEN
aneal nail spa & beauty lounge,0,0,0,0,0,0,0,1,0,0,0,0,1,1,False,False,Aneal Nail Spa & Beauty Lounge
aneco 9079115440,0,0,0,0,0,0,0,1,0,0,0,0,1,1,False,False,ANECO 9079115440
anew,0,0,0,0,0,0,1,0,0,0,0,0,1,1,False,False,Anew
areej,0,1,0,0,0,0,0,0,0,0,0,0,1,1,False,False,AREEJ
arellano dental clinic,0,0,0,0,0,0,0,1,0,0,0,0,1,1,False,False,Arellano Dental Clinic
ari beauty and spa,0,0,0,0,0,1,0,0,0,0,0,0,1,1,False,False,Ari Beauty and Spa
auto center,0,0,0,0,0,0,0,0,1,0,0,0,1,1,False,False,AUTO CENTER
autolandia,0,0,0,0,0,0,0,1,0,0,0,0,1,1,False,False,Autolandia
automobile association of the philippines inc,0,0,0,0,0,0,0,1,0,0,0,0,1,1,False,False,"Automobile Association Of The Philippines, Inc."
automobile association philippines,0,0,0,0,0,0,0,1,0,0,0,0,1,1,False,False,AUTOMOBILE ASSOCIATION PHILIPPINES
autor and dela cruz dental clinic 9183806769,0,0,0,0,0,0,0,1,0,0,0,0,1,1,False,False,Autor and Dela Cruz Dental Clinic (former Carolyne Bucao) 9183806769
av stamping services,0,0,0,0,0,0,0,0,1,0,0,0,1,1,False,False,AV STAMPING SERVICES
avecom printing services,0,0,0,0,0,0,0,1,0,0,0,0,1,1,False,False,AVECOM PRINTING SERVICES
aveda,0,1,0,0,0,0,0,0,0,0,0,0,1,1,False,False,AVEDA
avene,0,1,0,0,0,0,0,0,0,0,0,0,1,1,False,False,AVENE
aveneto pasta and pizza,0,0,0,0,0,0,0,0,1,0,0,0,1,1,False,False,AVENETO PASTA AND PIZZA
aventus clinic,0,0,0,0,0,0,0,1,0,0,0,0,1,1,False,False,Aventus Clinic
aventus medical care inc,0,0,0,0,0,0,0,0,1,0,0,0,1,1,False,False,AVENTUS MEDICAL CARE INC
avia international club,0,0,0,0,0,1,0,0,0,0,0,0,1,1,False,False,Avia International Club
avimms,0,0,0,0,0,0,0,1,0,0,0,0,1,1,False,False,AVIMMS
avimms massage therapy & reflexology service,0,1,0,0,0,0,0,0,0,0,0,0,1,1,False,False,AVIMMS MASSAGE THERAPY & REFLEXOLOGY SERVICE
avocadaria,0,0,0,0,0,0,0,1,0,0,0,0,1,1,False,False,AVOCADARIA
autogu,0,0,0,0,0,0,0,0,1,0,0,0,1,1,False,False,AUTOGU
auto care carwash services,0,0,0,0,0,0,0,1,0,0,0,0,1,1,False,False,Auto-Care Carwash Services
athletica gymnastics,0,0,0,0,0,0,1,0,0,0,0,0,1,1,False,False,Athletica Gymnastics
authorized lotto agent,0,0,0,0,0,0,0,1,0,0,0,0,1,1,False,False,Authorized Lotto Agent
atm bdo,0,0,0,0,0,0,0,1,0,0,0,0,1,1,False,False,ATM - BDO
atm bpi,0,0,0,0,0,0,0,1,0,0,0,0,1,1,False,False,ATM - BPI
atm pnb,0,0,0,0,0,0,0,1,0,0,0,0,1,1,False,False,ATM - PNB
atm psbank,0,0,0,0,0,0,0,1,0,0,0,0,1,1,False,False,ATM - PSBANK
ato gaido,0,0,0,0,0,1,0,0,0,0,0,0,1,1,False,False,Ato Gaido
au beau blanc,0,0,0,0,0,1,0,0,0,0,0,0,1,1,False,False,Au Beau Blanc
au beau blanc cleaners,0,0,0,0,0,0,0,0,1,0,0,0,1,1,False,False,AU BEAU BLANC CLEANERS
augen beauty lounge,0,0,0,0,0,0,0,0,1,0,0,0,1,1,False,False,AUGEN BEAUTY LOUNGE
aunt ludi bakeshoppe,0,0,0,0,0,0,0,0,1,0,0,0,1,1,False,False,AUNT LUDI BAKESHOPPE
aunt sallys laundry service,0,1,0,0,0,0,0,0,0,0,0,0,1,1,False,False,AUNT SALLY'S LAUNDRY SERVICE
aura salon,0,1,0,0,0,0,0,0,0,0,0,0,1,1,False,False,AURA SALON
aurelios empanada,0,0,0,0,0,0,0,1,0,0,0,0,1,1,False,False,AURELIO'S EMPANADA
aureva,0,0,0,0,0,1,0,0,0,0,0,0,1,1,False,False,Aureva
auro chocolate cafe,0,0,0,0,0,0,0,0,1,0,0,0,1,1,False,False,AURO CHOCOLATE CAFE
austin land,0,0,0,0,0,0,0,0,1,0,0,0,1,1,False,False,AUSTIN LAND
avocado and mango delights,0,0,0,0,0,0,0,0,1,0,0,0,1,1,False,False,AVOCADO AND MANGO DELIGHTS
avocado slurp,0,0,0,0,0,0,0,1,0,0,0,0,1,1,False,False,AVOCADO SLURP
avocadoria ph 0942 522 3176,0,0,0,0,0,0,0,1,0,0,0,0,1,1,False,False,AVOCADORIA.PH 0942-522-3176
avocadorian,0,0,0,0,0,0,0,1,0,0,0,0,1,1,False,False,AVOCADORIAN
azilep trading,0,0,0,0,0,0,0,1,0,0,0,0,1,1,False,False,Azilep Trading
aziza,0,0,0,0,0,1,0,0,0,0,0,0,1,1,False,False,Aziza
azons boneless lechon,0,0,0,0,0,0,0,1,0,0,0,0,1,1,False,False,Azon's Boneless Lechon
azucar,0,1,0,0,0,0,0,0,0,0,0,0,1,1,False,False,AZUCAR
b fashion & apparel,0,0,0,0,0,0,0,1,0,0,0,0,1,1,False,False,B FASHION & APPAREL
b1t1,0,0,0,0,0,0,0,1,0,0,0,0,1,1,False,False,B1T1
b7 amusement egames nm cellphone ii,0,0,0,0,0,0,0,0,0,0,0,1,1,1,False,False,B7 AMUSEMENT EGAMES NM Cellphone II
b7 amusement nm cellphone,0,0,0,0,0,0,0,0,0,0,0,1,1,1,False,False,B7 AMUSEMENT NM Cellphone
b7 bingo angels gadget,0,0,0,0,0,0,0,0,0,0,0,1,1,1,False,False,B7 BINGO ANGELS GADGET
baa baa thai milktea,0,0,0,0,0,1,0,0,0,0,0,0,1,1,False,False,Baa Baa Thai Milktea
baa baa thai tea 0922 739 4579,0,0,0,0,0,0,0,1,0,0,0,0,1,1,False,False,BAA BAA THAI TEA 0922-739-4579
baan kids spa,0,0,0,0,0,1,0,0,0,0,0,0,1,1,False,False,Baan Kids Spa
baan spa,0,0,0,0,0,1,0,0,0,0,0,0,1,1,False,False,Baan Spa
babes children world,0,0,0,0,0,0,1,0,0,0,0,0,1,1,False,False,Babes Children World
babes lechon,0,0,0,0,0,0,0,1,0,0,0,0,1,1,False,False,BABES LECHON
azhleya cellphone & accessories shop,0,0,0,0,0,0,0,1,0,0,0,0,1,1,False,False,AZHLEYA CELLPHONE & ACCESSORIES SHOP
azela,0,0,0,0,0,0,0,1,0,0,0,0,1,1,False,False,AZELA
azcor,0,0,0,0,0,0,0,0,1,0,0,0,1,1,False,False,AZCOR
ayala land premier,0,1,0,0,0,0,0,0,0,0,0,0,1,1,False,False,AYALA LAND PREMIER
awesam smile dental clinic,0,0,0,0,0,1,0,0,0,0,0,0,1,1,False,False,Awesam Smile Dental Clinic
awra beauty and infusion spa,0,0,0,0,0,0,0,1,0,0,0,0,1,1,False,False,AWRA Beauty and Infusion Spa
axel laundry water,0,0,0,0,0,0,0,0,1,0,0,0,1,1,False,False,AXEL LAUNDRY WATER
axels rbm,0,0,0,0,0,0,0,1,0,0,0,0,1,1,False,False,AXELS RBM
axels rbm souvinier & gift shop,0,1,0,0,0,0,0,0,0,0,0,0,1,1,False,False,AXEL'S RBM SOUVINIER & GIFT SHOP
ayaah mobile phones and accessories shop,0,0,0,0,0,0,0,1,0,0,0,0,1,1,False,False,AYAAH MOBILE PHONES AND ACCESSORIES SHOP
ayame japanese restaurant,0,0,1,0,0,0,0,0,0,0,0,0,1,1,False,False,Ayame Japanese Restaurant
azabu,0,0,0,0,0,0,0,1,0,0,0,0,1,1,False,False,Azabu
ayans lugawan,0,1,0,0,0,0,0,0,0,0,0,0,1,1,False,False,AYAN'S LUGAWAN
ayas cellphone accessories store,0,0,0,0,0,0,0,0,1,0,0,0,1,1,False,False,AYAS CELLPHONE ACCESSORIES STORE
aysee,0,0,0,0,0,0,1,0,0,0,0,0,1,1,False,False,Aysee
ayumi elite,0,0,0,0,0,1,0,0,0,0,0,0,1,1,False,False,Ayumi Elite
ayz health and beauty,0,0,0,0,0,0,0,0,0,0,0,1,1,1,False,False,AYZ HEALTH AND BEAUTY
az powered,0,0,0,0,0,0,0,0,1,0,0,0,1,1,False,False,AZ POWERED
athletics hub,0,0,0,0,0,0,0,1,0,0,0,0,1,1,False,False,ATHLETICS HUB
athletes foot,0,0,0,0,0,0,0,1,0,0,0,0,1,1,False,False,The Athlete's Foot
aries services 0916 730 3522,0,0,0,0,0,0,0,1,0,0,0,0,1,1,False,False,ARIES SERVICES 0916-730-3522
art68 coffee corner,0,0,0,0,0,0,0,1,0,0,0,0,1,1,False,False,Art68 Coffee Corner
artboom,0,0,0,0,0,1,0,0,0,0,0,0,1,1,False,False,Artboom
artistitch,0,0,0,0,0,0,0,0,1,0,0,0,1,1,False,False,ARTISTITCH
arturos,0,0,0,0,0,0,0,0,1,0,0,0,1,1,False,False,ARTURO'S
arx,0,0,0,0,0,0,0,1,0,0,0,0,1,1,False,False,ARX
arya persian,0,0,0,0,0,0,0,1,0,0,0,0,1,1,False,False,Arya Persian
arya persian restaurant,0,0,0,0,0,0,0,1,0,0,0,0,1,1,False,False,ARYA PERSIAN RESTAURANT
aryas coffee and tea,0,0,0,0,0,0,0,0,1,0,0,0,1,1,False,False,ARYAS COFFEE AND TEA
aseptique,0,0,0,0,0,0,0,0,1,0,0,0,1,1,False,False,ASEPTIQUE
aserehe money changer,0,0,0,0,0,0,0,0,0,0,1,0,1,1,False,False,Aserehe Money Changer
ash letrato inc,0,0,0,0,0,0,0,1,0,0,0,0,1,1,False,False,"Ash Letrato, Inc."
asher jewels,0,0,0,0,0,0,0,0,1,0,0,0,1,1,False,False,ASHER JEWELS
ashiq zone gadget trading,0,0,0,0,0,0,0,1,0,0,0,0,1,1,False,False,Ashiq Zone Gadget Trading
ashley furniture,0,0,0,0,0,0,0,1,0,0,0,0,1,1,False,False,Ashley Furniture
ashley mixx,0,0,1,0,0,0,0,0,0,0,0,0,1,1,False,False,Ashley Mixx
ashley mixx bazaar,0,0,1,0,0,0,0,0,0,0,0,0,1,1,False,False,Ashley Mixx Bazaar
artasia,0,0,0,0,0,0,0,0,1,0,0,0,1,1,False,False,ARTASIA
art point gallery,0,0,0,0,0,0,1,0,0,0,0,0,1,1,False,False,Art Point Gallery
athena travel tours,0,0,0,0,0,0,0,1,0,0,0,0,1,1,False,False,Athena Travel Tours
art of scent,0,0,0,0,0,1,0,0,0,0,0,0,1,1,False,False,Art of Scent
aristocrat,0,0,0,0,0,0,0,1,0,0,0,0,1,1,False,False,Aristocrat
armorica by breton,0,1,0,0,0,0,0,0,0,0,0,0,1,1,False,False,ARMORICA BY BRETON
armourtech phone accents,0,1,0,0,0,0,0,0,0,0,0,0,1,1,False,False,ARMOURTECH PHONE ACCENTS
aromacology sensi,0,0,0,0,0,0,0,0,1,0,0,0,1,1,False,False,AROMACOLOGY SENSI
arq living,0,0,0,0,0,0,0,1,0,0,0,0,1,1,False,False,ARQ Living
arraboo ph,0,0,0,0,0,0,0,0,1,0,0,0,1,1,False,False,ARRABOO PH
arrow fix,0,0,0,0,0,0,0,1,0,0,0,0,1,1,False,False,ARROW FIX
arrowland by gandiva archery,0,0,0,0,0,0,0,0,1,0,0,0,1,1,False,False,ARROWLAND BY GANDIVA ARCHERY
arroz caldo republic,0,0,0,0,0,0,0,1,0,0,0,0,1,1,False,False,Arroz Caldo Republic
art anton gallery,0,0,0,0,0,0,0,0,1,0,0,0,1,1,False,False,ART ANTON GALLERY
art circle,0,0,0,0,0,0,0,1,0,0,0,0,1,1,False,False,The Art Circle
art haven gallery,0,1,0,0,0,0,0,0,0,0,0,0,1,1,False,False,ART HAVEN GALLERY
art lounge,0,0,0,0,0,0,0,0,1,0,0,0,1,1,False,False,ART LOUNGE
art monster,0,0,0,0,0,0,0,0,1,0,0,0,1,1,False,False,ART MONSTER
art of love tattoo,0,0,0,0,0,1,0,0,0,0,0,0,1,1,False,False,Art Of Love Tattoo
ashley nicolette,0,0,0,0,0,0,0,1,0,0,0,0,1,1,False,False,Ashley Nicolette
ashrey diagnostic center,0,0,0,0,0,1,0,0,0,0,0,0,1,1,False,False,Ashrey Diagnostic Center
ashtel phil,0,0,0,0,0,0,1,0,0,0,0,0,1,1,False,False,Ashtel Phil
asia united bank,0,0,0,0,1,0,0,0,0,0,0,0,1,1,False,False,Asia United Bank
astroballoons,0,0,0,0,0,0,0,0,1,0,0,0,1,1,False,False,ASTROBALLOONS
asu trading,0,0,0,0,0,0,0,1,0,0,0,0,1,1,False,False,ASU Trading
asuncion optical,0,1,0,0,0,0,0,0,0,0,0,0,1,1,False,False,ASUNCION OPTICAL
asures by carla,0,0,0,0,0,0,0,1,0,0,0,0,1,1,False,False,ASURES BY CARLA
asus experience zone,0,0,0,0,0,0,0,0,1,0,0,0,1,1,False,False,THE ASUS EXPERIENCE ZONE
asus zenfone,0,0,0,0,1,0,0,0,0,0,0,0,1,1,False,False,Asus Zenfone
asy and ysas party needs,0,1,0,0,0,0,0,0,0,0,0,0,1,1,False,False,ASY AND YSA'S PARTY NEEDS
asyard fashion house,0,0,0,0,1,0,0,0,0,0,0,0,1,1,False,False,Asyard Fashion House
ata martial arts studio,0,0,0,0,0,1,0,0,0,0,0,0,1,1,False,False,ATA Martial Arts Studio
atc massage,0,0,0,0,0,0,0,1,0,0,0,0,1,1,False,False,ATC MASSAGE
atc massage chair service,0,0,0,0,0,0,0,1,0,0,0,0,1,1,False,False,ATC MASSAGE CHAIR SERVICE (NEW)
ate by tatah,0,0,0,0,0,0,0,1,0,0,0,0,1,1,False,False,Ate By Tatah
ate nenes shakes,0,0,0,0,0,0,0,0,1,0,0,0,1,1,False,False,ATE NENE'S SHAKES
ate ricas bacsilog 0929 329 5776,0,0,0,0,0,0,0,1,0,0,0,0,1,1,False,False,ATE RICA'S BACSILOG 0929-329-5776
athalias cakes & pastries,0,0,0,0,0,0,0,1,0,0,0,0,1,1,False,False,Athalia's Cakes & Pastries
astons specialities,0,0,0,0,0,0,0,0,1,0,0,0,1,1,False,False,ASTONS SPECIALITIES
aspire health solutions,0,0,0,0,0,1,0,0,0,0,0,0,1,1,False,False,Aspire Health Solutions
aslania shoes corner,0,0,0,0,0,0,0,1,0,0,0,0,1,1,False,False,Aslania Shoes Corner
asian hawker,0,0,0,0,0,0,0,0,0,1,0,0,1,1,False,False,ASIAN HAWKER
asiaco,0,0,0,0,0,0,0,1,0,0,0,0,1,1,False,False,Asiaco
asiamex,0,1,0,0,0,0,0,0,0,0,0,0,1,1,False,False,ASIAMEX
asian base dental group,0,0,0,0,0,0,0,1,0,0,0,0,1,1,False,False,Asian Base Dental Group
asian derma clinic,0,0,0,0,0,0,0,0,0,1,0,0,1,1,False,False,ASIAN DERMA CLINIC
asian derma clinic cherry mobile,0,0,0,0,0,0,0,0,0,0,0,1,1,1,False,False,ASIAN DERMA CLINIC CHERRY MOBILE
asian food house,0,0,0,0,0,1,0,0,0,0,0,0,1,1,False,False,Asian Food House
asian institute of computer studies,0,0,0,0,0,0,0,0,0,0,0,1,1,1,False,False,ASIAN INSTITUTE OF COMPUTER STUDIES
aslane cellphone & accessories 0950 864 1523,0,0,0,0,0,0,0,1,0,0,0,0,1,1,False,False,ASLANE CELLPHONE & ACCESSORIES 0950-864-1523
asian institute of computer studies purple line,0,0,0,0,0,0,0,0,0,0,0,1,1,1,False,False,ASIAN INSTITUTE OF COMPUTER STUDIES PURPLE LINE
asian massage,0,0,0,0,0,0,0,0,1,0,0,0,1,1,False,False,ASIAN MASSAGE
asian noodle master,0,0,0,0,0,0,0,1,0,0,0,0,1,1,False,False,Asian Noodle Master
asian pieces arts & antiques shop,0,1,0,0,0,0,0,0,0,0,0,0,1,1,False,False,"ASIAN PIECES, ARTS & ANTIQUE'S SHOP"
asian skin clinic,0,0,0,0,0,1,0,0,0,0,0,0,1,1,False,False,Asian Skin Clinic
asian spice,0,0,0,0,0,0,0,1,0,0,0,0,1,1,False,False,Asian Spice (Temporarily Closed)
amang grill,0,0,0,0,0,0,0,0,0,0,1,0,1,1,False,False,Amang Grill
amaia steps two capitol central showroom,0,1,0,0,0,0,0,0,0,0,0,0,1,1,False,False,AMAIA STEPS TWO CAPITOL CENTRAL SHOWROOM
amah mee ya,0,0,0,0,0,1,0,0,0,0,0,0,1,1,False,False,Amah Mee Ya
abaton,0,0,0,0,0,0,1,0,0,0,0,0,1,1,False,False,Abaton
abbas orchard montessori,0,0,0,0,0,1,0,0,0,0,0,0,1,1,False,False,Abba's Orchard Montessori
abc decor centre,0,0,0,0,0,0,0,0,1,0,0,0,1,1,False,False,ABC DECOR CENTRE
abdg,0,0,0,0,0,0,0,0,1,0,0,0,1,1,False,False,ABDG
abdul azis cellphone and accessories store,0,0,0,0,0,0,0,1,0,0,0,0,1,1,False,False,ABDUL-AZIS CELLPHONE AND ACCESSORIES STORE
abee barbeque corner,0,1,0,0,0,0,0,0,0,0,0,0,1,1,False,False,ABEE BARBEQUE CORNER
abel iloko,0,1,0,0,0,0,0,0,0,0,0,0,1,1,False,False,ABEL ILOKO
abel ulaye jcm exhibit depot,0,0,0,0,0,0,0,0,0,0,0,1,1,1,False,False,ABEL ULAYE JCM Exhibit Depot
abenson appliances,0,0,0,0,0,0,0,0,0,0,0,1,1,1,False,False,ABENSON APPLIANCES
abenson genelyn cellphone and accessories,0,0,0,0,0,0,0,0,0,0,0,1,1,1,False,False,ABENSON Genelyn Cellphone and accessories
abenson victorious,0,0,0,0,0,0,0,0,0,0,0,1,1,1,False,False,"ABENSON, VICTORIOUS"
abesamis dental clinic,0,0,1,0,0,0,0,0,0,0,0,0,1,1,False,False,Abesamis Dental Clinic
abracadabra,0,0,0,0,0,0,1,0,0,0,0,0,1,1,False,False,Abracadabra
abraham cellshop,0,0,0,0,0,0,0,0,0,0,0,1,1,1,False,False,ABRAHAM CELLSHOP
abrey photocopy corp,0,0,0,0,0,0,0,0,0,0,0,1,1,1,False,False,ABREY PHOTOCOPY CORP.
abrillo furniture,0,0,0,0,0,0,0,0,1,0,0,0,1,1,False,False,ABRILLO FURNITURE
abbas orchard,0,0,0,0,0,0,1,0,0,0,0,0,1,1,False,False,The Abba's Orchard
abalone,0,0,0,0,0,0,0,0,1,0,0,0,1,1,False,False,ABALONE
a bernardo jewelry,0,0,0,0,0,0,1,0,0,0,0,0,1,1,False,False,A.bernardo Jewelry
abaga cellphone,0,0,0,0,0,0,0,0,0,0,0,1,1,1,False,False,ABAGA CELLPHONE
a l valencia dental clinic,0,0,0,0,0,0,0,0,1,0,0,0,1,1,False,False,A L VALENCIA DENTAL CLINIC
a la mode,0,0,0,0,0,0,0,0,1,0,0,0,1,1,False,False,A LA MODE
a moleta sign & crafts,0,0,0,0,0,0,0,1,0,0,0,0,1,1,False,False,A. MOLETA SIGN & CRAFTS
a new way to smile dental clinic,0,0,0,0,0,0,0,0,1,0,0,0,1,1,False,False,A NEW WAY TO SMILE DENTAL CLINIC
a remax,0,0,0,0,0,0,0,1,0,0,0,0,1,1,False,False,A-REMAX
a salonga music center school,0,0,0,0,0,0,0,0,1,0,0,0,1,1,False,False,A SALONGA MUSIC CENTER SCHOOL
a t m fruit corner,0,1,0,0,0,0,0,0,0,0,0,0,1,1,False,False,A.T.M. FRUIT CORNER
a touch of elegance,0,1,0,0,0,0,0,0,0,0,0,0,1,1,False,False,A TOUCH OF ELEGANCE
a z gadgets,0,0,0,0,0,0,0,1,0,0,0,0,1,1,False,False,A-Z GADGETS
a&g,0,0,0,0,0,0,0,1,0,0,0,0,1,1,False,False,A&G
a&ron massage chair,0,0,0,0,0,0,0,1,0,0,0,0,1,1,False,False,A&RON MASSAGE CHAIR
a2z driving school,0,0,0,0,0,0,0,1,0,0,0,0,1,1,False,False,A2Z Driving School
a5 collection,0,0,0,0,0,0,0,1,0,0,0,0,1,1,False,False,A5 Collection
a888 watch repair,0,0,0,0,0,0,0,1,0,0,0,0,1,1,False,False,A888 Watch Repair
aaquilah s jewelry,0,0,0,0,1,0,0,0,0,0,0,0,1,1,False,False,Aaquilah\'s Jewelry
abubot,0,0,0,0,0,0,0,0,1,0,0,0,1,1,False,False,ABUBOT
abuhan ni manang julie,0,0,0,0,1,0,0,0,0,0,0,0,1,1,False,False,Abuhan ni Manang Julie
ac 632,0,1,0,0,0,0,0,0,0,0,0,0,1,1,False,False,AC + 632
ac vision,0,0,0,0,1,0,0,0,0,0,0,0,1,1,False,False,AC Vision
acg medical clinic,0,0,0,0,0,0,0,1,0,0,0,0,1,1,False,False,ACG Medical Clinic
acms medical and diagnostic services,0,0,0,0,0,0,0,0,1,0,0,0,1,1,False,False,ACMS MEDICAL AND DIAGNOSTIC SERVICES
acom,0,0,0,0,0,0,0,0,0,1,0,0,1,1,False,False,ACOM
acom consumer finance,0,0,0,0,0,0,0,0,0,0,1,0,1,1,False,False,ACOM Consumer Finance
acom consumer finance corporation,0,0,0,0,0,0,0,0,0,0,1,0,1,1,False,False,ACOM Consumer Finance Corporation
acom consumer finance corporaton,0,0,0,0,0,0,0,0,0,1,0,0,1,1,False,False,ACOM CONSUMER FINANCE CORPORATON
acom consumer finance incorporated,0,0,0,0,0,0,0,0,0,0,1,0,1,1,False,False,ACOM Consumer Finance Incorporated
acquasuisse,0,0,0,0,0,0,0,1,0,0,0,0,1,1,False,False,Acquasuisse
acquasuisse perfume bar,0,1,0,0,0,0,0,0,0,0,0,0,1,1,False,False,ACQUASUISSE PERFUME BAR
across,0,0,0,0,0,0,0,0,1,0,0,0,1,1,False,False,ACROSS
activate sports center,0,0,0,0,0,0,0,0,1,0,0,0,1,1,False,False,ACTIVATE SPORTS CENTER
active eyewear,0,0,0,0,0,0,0,0,1,0,0,0,1,1,False,False,ACTIVE EYEWEAR
active fun,0,0,0,0,0,0,0,0,1,0,0,0,1,1,False,False,ACTIVE FUN
active hearing,0,0,0,0,0,0,0,1,0,0,0,0,1,1,False,False,Active Hearing
active vision,0,0,0,0,0,0,0,1,0,0,0,0,1,1,False,False,Active Vision
aceshield cellphone accessories,0,0,0,0,0,0,0,0,1,0,0,0,1,1,False,False,ACESHIELD CELLPHONE ACCESSORIES
acer 9213852093,0,0,0,0,0,0,0,1,0,0,0,0,1,1,False,False,Acer 9213852093
acefast,0,0,0,0,0,0,0,0,1,0,0,0,1,1,False,False,ACEFAST
acdc learning center,0,1,0,0,0,0,0,0,0,0,0,0,1,1,False,False,ACDC LEARNING CENTER
acami massage,0,0,0,0,0,0,1,0,0,0,0,0,1,1,False,False,Acami Massage
acami massage spa,0,0,0,0,0,0,0,0,1,0,0,0,1,1,False,False,ACAMI MASSAGE SPA
accent hub,0,0,1,0,0,0,0,0,0,0,0,0,1,1,False,False,Accent Hub
accenture,0,1,0,0,0,0,0,0,0,0,0,0,1,1,False,False,ACCENTURE
accessory geeks marketing,0,0,0,0,1,0,0,0,0,0,0,0,1,1,False,False,Accessory Geeks Marketing
accessory lane marketing,0,0,0,0,1,0,0,0,0,0,0,0,1,1,False,False,Accessory Lane Marketing
acdi multipurpose cooperative,0,0,0,0,0,0,0,1,0,0,0,0,1,1,False,False,ACDI Multipurpose Cooperative
acebedo panol optical,0,0,0,0,0,0,0,1,0,0,0,0,1,1,False,False,ACEBEDO PANOL OPTICAL
ace builders center,0,0,0,0,0,0,0,0,1,0,0,0,1,1,False,False,ACE BUILDERS CENTER
ace cream,0,0,1,0,0,0,0,0,0,0,0,0,1,1,False,False,Ace Cream
ace express,0,0,0,0,0,0,0,0,1,0,0,0,1,1,False,False,ACE EXPRESS
ace fashion 9209267708,0,0,0,0,0,0,0,1,0,0,0,0,1,1,False,False,ACE FASHION 9209267708
ace hardware warehouse,0,0,0,0,0,0,0,0,0,0,0,1,1,1,False,False,ACE HARDWARE WAREHOUSE
acebedo,0,0,0,0,0,0,0,1,0,0,0,0,1,1,False,False,Acebedo
a create,0,0,0,0,0,0,0,0,1,0,0,0,1,1,False,False,A-CREATE
a & s miscellaneous fabric center,0,1,0,0,0,0,0,0,0,0,0,0,1,1,False,False,A & S MISCELLANEOUS FABRIC CENTER
acts manila,0,0,0,0,0,1,0,0,0,0,0,0,1,1,False,False,Acts Manila
2823 cherry mobile,0,0,0,0,0,0,0,0,0,0,0,1,1,1,False,False,2823 CHERRY MOBILE
2go express,0,0,1,0,0,0,0,0,0,0,0,0,1,1,False,False,2go Express
2go express tara balls,0,0,0,0,0,0,0,0,0,0,0,1,1,1,False,False,2GO EXPRESS Tara Balls
2nd street oyster,0,0,0,0,0,0,0,0,1,0,0,0,1,1,False,False,2ND STREET OYSTER
2nd street oysters,0,0,0,0,0,1,0,0,0,0,0,0,1,1,False,False,2nd Street Oysters
2nd time around,0,0,0,0,0,0,0,0,1,0,0,0,1,1,False,False,2ND TIME AROUND
3 barkeeteers,0,0,0,0,0,0,1,0,0,0,0,0,1,1,False,False,3 Barkeeteers
31st streetbar and restaurant,0,0,0,0,0,0,0,1,0,0,0,0,1,1,False,False,31ST STREETBAR AND RESTAURANT
360 barbers & beauty salon,0,0,0,0,0,0,0,1,0,0,0,0,1,1,False,False,360 BARBERS & BEAUTY SALON
360 fitness,0,0,0,0,0,0,0,0,0,0,0,1,1,1,False,False,360 Fitness
360 pharmacy,0,0,1,0,0,0,0,0,0,0,0,0,1,1,False,False,360 Pharmacy
37 degrees coffee,0,0,0,0,0,0,0,1,0,0,0,0,1,1,False,False,37 Degrees Coffee
3d dental clinic,0,1,0,0,0,0,0,0,0,0,0,0,1,1,False,False,3D DENTAL CLINIC
3g planet,0,0,1,0,0,0,0,0,0,0,0,0,1,1,False,False,3g Planet
3geeks,0,0,0,0,0,0,1,0,0,0,0,0,1,1,False,False,3geeks
3m pizza,0,0,0,0,0,0,0,1,0,0,0,0,1,1,False,False,3M PIZZA
2d samgyup saranghae,0,0,0,0,0,1,0,0,0,0,0,0,1,1,False,False,2D Samgyup Saranghae
2823 cellphone & accessories jhenzan cellphone,0,0,0,0,0,0,0,0,0,0,0,1,1,1,False,False,2823 CELLPHONE & ACCESSORIES JHENZAN CELLPHONE (NORANIA 2)
a & ron massage chair,0,0,0,0,0,0,0,1,0,0,0,0,1,1,False,False,A & RON MASSAGE CHAIR
2823,0,0,0,0,0,0,0,0,0,0,0,1,1,1,False,False,2823
10 by tsukemen,0,0,0,0,0,0,0,1,0,0,0,0,1,1,False,False,10 by Tsukemen
102 izakaya,0,1,0,0,0,0,0,0,0,0,0,0,1,1,False,False,102 IZAKAYA
10yenking,0,0,0,0,0,0,0,1,0,0,0,0,1,1,False,False,10YenKing
12 monkeys music hall & pub,0,0,0,0,0,0,1,0,0,0,0,0,1,1,False,False,12 Monkeys Music Hall & Pub
121 grill and restaurant,0,0,0,0,0,1,0,0,0,0,0,0,1,1,False,False,121 Grill and Restaurant
1624 noodle bar,0,0,0,0,0,0,1,0,0,0,0,0,1,1,False,False,1624 Noodle Bar
18 days coffee,0,1,0,0,0,0,0,0,0,0,0,0,1,1,False,False,18 DAYS COFFEE
1870 cookie cartel,0,0,0,0,0,1,0,0,0,0,0,0,1,1,False,False,1870 Cookie Cartel
19th street coffee shop,0,1,0,0,0,0,0,0,0,0,0,0,1,1,False,False,19TH STREET COFFEE SHOP
1click internet shop,0,0,0,0,0,0,0,1,0,0,0,0,1,1,False,False,1CLICK INTERNET SHOP
2 els toy mart,0,0,0,0,0,1,0,0,0,0,0,0,1,1,False,False,2 El's Toy Mart
205,0,1,0,0,0,0,0,0,0,0,0,0,1,1,False,False,205
220 taps n tiles,0,0,0,0,0,0,0,0,1,0,0,0,1,1,False,False,220 TAPS N' TILES
2358 korean exquisite ca exhibit network,0,0,0,0,0,0,0,0,0,0,0,1,1,1,False,False,2358 KOREAN EXQUISITE CA EXHIBIT NETWORK
27c realty,0,0,0,0,0,0,0,1,0,0,0,0,1,1,False,False,27C REALTY
4 med enterprises ca exhibits,0,0,0,0,0,0,0,0,0,0,0,1,1,1,False,False,4 MED ENTERPRISES ( AFICIONADO) CA EXHIBITS ( PROPERTY PRO )
4d trailer,0,0,0,0,1,0,0,0,0,0,0,0,1,1,False,False,4D Trailer
4ns fone,0,0,0,0,0,0,0,0,0,0,0,1,1,1,False,False,4N'S FONE
4u mini cellshop,0,0,0,0,1,0,0,0,0,0,0,0,1,1,False,False,4U Mini Cellshop
80 degrees ktv,0,0,0,0,0,0,0,0,1,0,0,0,1,1,False,False,80 DEGREES KTV
808,0,0,0,0,0,0,0,0,1,0,0,0,1,1,False,False,THE 808
8a performance,1,0,0,0,0,0,0,0,0,0,0,0,1,1,False,False,8A PERFORMANCE
8cuts burger,0,0,0,0,0,0,1,0,0,0,0,0,1,1,False,False,8Cuts Burger
8th lane,0,1,0,0,0,0,0,0,0,0,0,0,1,1,False,False,8TH LANE
8th street spa,0,0,0,0,0,0,0,0,1,0,0,0,1,1,False,False,8TH STREET SPA
8th ways spa,0,0,0,0,0,1,0,0,0,0,0,0,1,1,False,False,8th Ways Spa
9 silog,0,0,0,0,0,0,0,0,1,0,0,0,1,1,False,False,9 SILOG
99 ranch,0,0,0,0,0,1,0,0,0,0,0,0,1,1,False,False,99 Ranch
99 ranch store,0,0,0,0,0,0,0,0,0,0,1,0,1,1,False,False,99 Ranch Store
99 store,0,0,0,0,1,0,0,0,0,0,0,0,1,1,False,False,99 Store (Reloc)
a,0,0,0,0,1,0,0,0,0,0,0,0,1,1,False,False,A
a & b textile,1,0,0,0,0,0,0,0,0,0,0,0,1,1,False,False,A & B TEXTILE
a & j cellphone accessories,0,0,0,0,0,0,0,1,0,0,0,0,1,1,False,False,A & J CELLPHONE ACCESSORIES
a & r beauty,0,0,0,0,0,0,0,1,0,0,0,0,1,1,False,False,A & R Beauty
8 zettabytes,0,0,0,0,0,0,1,0,0,0,0,0,1,1,False,False,8 Zettabytes
8 telcom,0,0,0,0,1,0,0,0,0,0,0,0,1,1,False,False,8 Telcom
8 seconds,0,0,0,0,0,0,0,1,0,0,0,0,1,1,False,False,8 SECONDS
7 eleven rasta,0,0,0,0,0,0,0,0,0,0,0,1,1,1,False,False,7 ELEVEN RASTA
50 50 burger steaks,0,0,0,0,0,0,0,1,0,0,0,0,1,1,False,False,50/50 BURGER STEAKS
50 second,0,0,0,0,0,0,0,1,0,0,0,0,1,1,False,False,50 SECOND
511 tactical series,0,0,0,0,0,0,0,0,1,0,0,0,1,1,False,False,511 TACTICAL SERIES
55c,0,0,0,0,1,0,0,0,0,0,0,0,1,1,False,False,55°C
5peaches inc,0,0,0,0,0,0,0,0,0,0,0,1,1,1,False,False,"5PEACHES, INC."
7 brothers cellphone gallery,0,0,0,0,0,0,0,1,0,0,0,0,1,1,False,False,7 BROTHERS CELLPHONE GALLERY
7 for all mankind,0,1,0,0,0,0,0,0,0,0,0,0,1,1,False,False,7 FOR ALL MANKIND
8 cuts burgers,0,1,0,0,0,0,0,0,0,0,0,0,1,1,False,False,8 CUTS BURGERS
7 luxe,0,0,1,0,0,0,0,0,0,0,0,0,1,1,False,False,7 Luxe
7 soles,0,0,0,0,0,0,0,1,0,0,0,0,1,1,False,False,7 Soles
70s kimchi,0,0,1,0,0,0,0,0,0,0,0,0,1,1,False,False,70’s Kimchi
712 insideout travel tours,0,0,0,0,0,0,0,0,1,0,0,0,1,1,False,False,712 INSIDEOUT TRAVEL TOURS
789 fresh mart,0,0,0,0,0,1,0,0,0,0,0,0,1,1,False,False,789 Fresh Mart
8 cuts burger,0,0,0,0,0,1,0,0,0,0,0,0,1,1,False,False,8 Cuts Burger
acts church,0,0,1,0,0,0,0,0,0,0,0,0,1,1,False,False,Acts Church
aczesoriz,0,0,0,0,0,0,0,1,0,0,0,0,1,1,False,False,Aczesoriz
am pm by alchemista,0,0,0,0,0,0,0,0,1,0,0,0,1,1,False,False,AM + PM BY ALCHEMISTA
alemar graphics ads,0,0,0,0,0,0,0,0,1,0,0,0,1,1,False,False,ALEMAR GRAPHICS ADS
alexander fragrance,0,1,0,0,0,0,0,0,0,0,0,0,1,1,False,False,ALEXANDER FRAGRANCE
alexis,0,0,0,0,0,0,0,1,0,0,0,0,1,1,False,False,Alexis
alfredo watch repair,0,0,0,0,0,0,0,1,0,0,0,0,1,1,False,False,Alfredo Watch Repair
alfredulla,0,0,0,0,0,0,0,0,1,0,0,0,1,1,False,False,ALFREDULLA
ali footwear,0,0,0,0,0,0,0,1,0,0,0,0,1,1,False,False,Ali Footwear
alice orig pancit malabon 9985474866,0,0,0,0,0,0,0,1,0,0,0,0,1,1,False,False,Alice Orig Pancit Malabon 9985474866
alistair,0,0,0,0,0,0,0,1,0,0,0,0,1,1,False,False,Alistair
aliya cellphone accessories,0,0,0,0,1,0,0,0,0,0,0,0,1,1,False,False,Aliya Cellphone Accessories
alizidney,0,0,0,0,0,0,0,1,0,0,0,0,1,1,False,False,ALIZIDNEY
alkimia by mumbakki,0,0,0,0,0,0,0,1,0,0,0,0,1,1,False,False,ALKIMIA BY MUMBAKKI (0946-138-4463)
all aboard xp by gaming library,0,0,0,0,0,1,0,0,0,0,0,0,1,1,False,False,All aBoard XP by Gaming Library
all about women ob gyne sub specialty clinic,0,0,0,0,0,0,0,0,1,0,0,0,1,1,False,False,ALL ABOUT WOMEN OB-GYNE SUB-SPECIALTY CLINIC
all bank,0,0,0,0,0,0,0,0,0,1,0,0,1,1,False,False,ALL BANK
all core pilates,0,0,0,0,0,0,0,0,1,0,0,0,1,1,False,False,ALL CORE PILATES
all day convenience store,0,0,0,0,0,0,0,0,0,1,0,0,1,1,False,False,ALL DAY CONVENIENCE STORE
alessi,0,1,0,0,0,0,0,0,0,0,0,0,1,1,False,False,ALESSI
alegria,0,1,0,0,0,0,0,0,0,0,0,0,1,1,False,False,ALEGRIA
al halal,0,0,1,0,0,0,0,0,0,0,0,0,1,1,False,False,Al Halal
aleah cellphone & accessories store,0,0,0,0,0,0,0,1,0,0,0,0,1,1,False,False,ALEAH CELLPHONE & ACCESSORIES STORE
alandoni cellphone accessories,0,0,0,0,0,0,0,0,0,0,0,1,1,1,False,False,ALANDONI CELLPHONE ACCESSORIES (ENSHES)
alas nail spa,0,0,0,0,0,1,0,0,0,0,0,0,1,1,False,False,Alas Nail Spa
albarando & laboga dental clinic 479 9319,0,0,0,0,0,0,0,1,0,0,0,0,1,1,False,False,Albarando & Laboga Dental Clinic (032)479-9319
alberto geox,0,0,0,0,0,0,0,1,0,0,0,0,1,1,False,False,Alberto/Geox
alberto officine,0,0,0,0,0,0,0,1,0,0,0,0,1,1,False,False,Alberto/Officine
alberto terra & agua,0,0,0,0,0,0,0,1,0,0,0,0,1,1,False,False,Alberto/Terra & Agua
alcantara and associates law office,0,0,0,0,0,0,0,0,1,0,0,0,1,1,False,False,ALCANTARA AND ASSOCIATES LAW OFFICE
alcaras,0,0,0,0,0,0,0,0,0,0,0,1,1,1,False,False,ALCARAS
alchemy,0,0,0,0,0,0,0,1,0,0,0,0,1,1,False,False,Alchemy
alchemy fiber,0,0,0,0,0,0,0,1,0,0,0,0,1,1,False,False,ALCHEMY FIBER
alcoan driving school,0,0,0,0,0,0,0,1,0,0,0,0,1,1,False,False,ALCOAN DRIVING SCHOOL
alcoves,0,1,0,0,0,0,0,0,0,0,0,0,1,1,False,False,THE ALCOVES
aldave dental implant and esthetic dentistry and medical,0,0,0,0,0,0,0,0,1,0,0,0,1,1,False,False,ALDAVE DENTAL IMPLANT AND ESTHETIC DENTISTRY AND MEDICAL
aldo accessories,0,0,0,0,0,0,0,1,0,0,0,0,1,1,False,False,Aldo Accessories
aldrew 88 footwear & gen merchandise mus ab ii cellphone & accessories,0,0,0,0,0,0,0,0,0,0,0,1,1,1,False,False,ALDREW 88 FOOTWEAR & GEN. MERCHANDISE MUS AB II CELLPHONE & ACCESSORIES
all day convenience store gfl,0,0,0,0,0,0,0,0,0,1,0,0,1,1,False,False,ALL DAY CONVENIENCE STORE GFL
all day convenience store ugf,0,0,0,0,0,0,0,0,0,1,0,0,1,1,False,False,ALL DAY CONVENIENCE STORE UGF
all day supermarket,0,0,0,0,0,0,0,0,0,1,0,0,1,1,False,False,ALL DAY SUPERMARKET
all flip flops pop up shop,0,0,0,0,0,0,0,0,1,0,0,0,1,1,False,False,ALL FLIP FLOPS POP-UP SHOP
alpas dental care center,0,0,0,0,0,0,0,0,1,0,0,0,1,1,False,False,ALPAS DENTAL CARE CENTER
alpha bazaar,0,0,0,0,0,0,0,1,0,0,0,0,1,1,False,False,Alpha Bazaar
alpha lifestyle,0,0,0,0,0,0,0,0,1,0,0,0,1,1,False,False,ALPHA LIFESTYLE
alpina lounge & wellness,0,0,0,0,0,1,0,0,0,0,0,0,1,1,False,False,Alpina Lounge & Wellness
alres,0,0,0,0,0,0,0,0,1,0,0,0,1,1,False,False,ALRES
alshaymah cellphone & accessories,0,0,0,0,0,0,0,1,0,0,0,0,1,1,False,False,ALSHAYMAH CELLPHONE & ACCESSORIES
alter and more,0,0,0,0,0,0,0,0,1,0,0,0,1,1,False,False,ALTER AND MORE
alter cesh,0,0,0,0,0,0,1,0,0,0,0,0,1,1,False,False,Alter Cesh
alteration plus,0,0,0,0,0,0,0,1,0,0,0,0,1,1,False,False,Alteration Plus
alteresi,0,1,0,0,0,0,0,0,0,0,0,0,1,1,False,False,ALTERESI
alternative 9561281277,0,0,0,0,0,0,0,1,0,0,0,0,1,1,False,False,THE ALTERNATIVE 9561281277
alterrific,0,0,0,0,0,0,0,1,0,0,0,0,1,1,False,False,Alterrific
althea footwear and general merchandise,0,0,0,0,0,0,0,0,0,0,0,1,1,1,False,False,ALTHEA FOOTWEAR AND GENERAL MERCHANDISE
alto peak chocolate,0,0,0,0,0,0,0,0,1,0,0,0,1,1,False,False,ALTO PEAK CHOCOLATE
alya pasta,0,0,0,0,0,0,0,1,0,0,0,0,1,1,False,False,Alya Pasta
aloha juice,0,0,0,0,1,0,0,0,0,0,0,0,1,1,False,False,Aloha Juice
aloha,0,0,0,0,1,0,0,0,0,0,0,0,1,1,False,False,Aloha
almeda optical,0,1,0,0,0,0,0,0,0,0,0,0,1,1,False,False,ALMEDA OPTICAL
allday supermarket,0,0,0,0,0,0,0,0,0,1,0,0,1,1,False,False,ALLDAY SUPERMARKET
all home,0,0,0,0,0,0,0,0,0,1,0,0,1,1,False,False,ALL HOME
all sports,0,0,0,0,0,0,0,0,0,1,0,0,1,1,False,False,ALL SPORTS
all you knead,0,0,0,0,0,0,0,0,1,0,0,0,1,1,False,False,ALL YOU KNEAD
all4u unlimited grill and shabu shabu,0,0,0,0,0,0,0,0,1,0,0,0,1,1,False,False,ALL4U UNLIMITED GRILL AND SHABU SHABU
allbank,0,0,0,0,0,0,0,0,0,1,0,0,1,1,False,False,ALLBANK
allday convenience store,0,0,0,0,0,0,0,0,0,1,0,0,1,1,False,False,ALLDAY CONVENIENCE STORE
allhome appliances,0,0,0,0,0,0,0,0,0,1,0,0,1,1,False,False,ALLHOME APPLIANCES
allyna footwear,0,0,0,0,0,0,0,1,0,0,0,0,1,1,False,False,ALLYNA FOOTWEAR
allianz pnb,0,0,0,0,0,0,0,0,1,0,0,0,1,1,False,False,ALLIANZ PNB
allianz pnb life,0,0,0,0,0,0,0,1,0,0,0,0,1,1,False,False,ALLIANZ PNB LIFE
allianz pnb satellite exhibit 2024,0,0,0,0,0,0,0,1,0,0,0,0,1,1,False,False,ALLIANZ PNB SATELLITE EXHIBIT 2024
allison jewelry,0,0,0,0,1,0,0,0,0,0,0,0,1,1,False,False,Allison Jewelry
allsectech manila inc,0,1,0,0,0,0,0,0,0,0,0,0,1,1,False,False,"ALLSECTECH MANILA, INC"
alltoys,0,0,0,0,0,0,0,0,0,1,0,0,1,1,False,False,ALLTOYS
al norain,0,0,0,0,0,0,0,1,0,0,0,0,1,1,False,False,Al-Norain
al hafiz,0,0,0,0,0,0,0,1,0,0,0,0,1,1,False,False,Al-Hafiz
ad lynx,0,0,0,0,0,0,0,0,1,0,0,0,1,1,False,False,AD LYNX
aer,0,0,0,0,0,0,0,1,0,0,0,0,1,1,False,False,AER
aesop,0,1,0,0,0,0,0,0,0,0,0,0,1,1,False,False,AESOP
aesthetica dental and implant dental cente 0906 412 99574,0,0,0,0,0,0,0,1,0,0,0,0,1,1,False,False,Aesthetica Dental and Implant Dental Cente 0906-412-99574
aesthetiq wellness & spa,0,0,0,0,0,0,0,1,0,0,0,0,1,1,False,False,Aesthetiq Wellness & Spa
afficionado germany,1,0,0,0,0,0,0,0,0,0,0,0,1,1,False,False,AFFICIONADO GERMANY
afficionado perfumes,0,0,0,0,0,0,0,1,0,0,0,0,1,1,False,False,Afficionado Perfumes
affinity dental,0,0,0,0,0,0,1,0,0,0,0,0,1,1,False,False,Affinity Dental
affinity dental clinic,0,1,0,0,0,0,0,0,0,0,0,0,1,1,False,False,AFFINITY DENTAL CLINIC
afg la casa empanadas,0,1,0,0,0,0,0,0,0,0,0,0,1,1,False,False,AFG LA CASA EMPANADAS
aficianado,0,0,0,0,0,0,0,1,0,0,0,0,1,1,False,False,AFICIANADO
aficionado open,0,0,0,0,0,0,0,1,0,0,0,0,1,1,False,False,Aficionado (OPEN
after market,0,0,0,0,0,0,1,0,0,0,0,0,1,1,False,False,After Market
after you,0,0,1,0,0,0,0,0,0,0,0,0,1,1,False,False,After You
afters,0,0,0,0,0,0,0,0,1,0,0,0,1,1,False,False,AFTERS
agave mexican cantina,0,0,0,0,0,1,0,0,0,0,0,0,1,1,False,False,Agave Mexican Cantina
agencia aira,0,0,0,0,1,0,0,0,0,0,0,0,1,1,False,False,Agencia Aira
aerostar,0,0,0,0,0,0,0,1,0,0,0,0,1,1,False,False,AEROSTAR
aelisse wellness spa,0,0,0,0,0,0,0,0,1,0,0,0,1,1,False,False,AELISSE WELLNESS SPA
al dente pasta & aperitivo bar,0,0,0,0,0,1,0,0,0,0,0,0,1,1,False,False,Al Dente Pasta & Aperitivo Bar
adventure,0,0,0,0,0,0,0,0,1,0,0,0,1,1,False,False,THE ADVENTURE
ada cellphone and accessories,0,0,0,0,0,0,0,1,0,0,0,0,1,1,False,False,ADA Cellphone and Accessories
adamas,0,0,0,0,0,0,1,0,0,0,0,0,1,1,False,False,Adamas
adams quest,0,0,0,0,0,0,0,0,1,0,0,0,1,1,False,False,ADAM'S QUEST
adc herrero general merchandise,1,0,0,0,0,0,0,0,0,0,0,0,1,1,False,False,ADC HERRERO GENERAL MERCHANDISE
addas confectionery,0,0,0,0,0,0,0,0,1,0,0,0,1,1,False,False,ADDAS CONFECTIONERY
addsome,0,0,0,0,0,0,1,0,0,0,0,0,1,1,False,False,Addsome
adidas 91907371013,0,0,0,0,0,0,0,1,0,0,0,0,1,1,False,False,ADIDAS 91907371013
adidas nbhd,0,1,0,0,0,0,0,0,0,0,0,0,1,1,False,False,ADIDAS NBHD
adidas temporarily closed,0,0,0,0,0,0,0,1,0,0,0,0,1,1,False,False,ADIDAS TEMPORARILY CLOSED
adionet,0,0,0,0,0,0,0,1,0,0,0,0,1,1,False,False,ADIONET
adora,0,1,0,0,0,0,0,0,0,0,0,0,1,1,False,False,ADORA
ads smoothies and pastries,0,0,0,0,0,0,0,1,0,0,0,0,1,1,False,False,ADS SMOOTHIES AND PASTRIES
ads watch and jewelry accessories,0,0,0,0,0,0,0,1,0,0,0,0,1,1,False,False,ADS Watch And Jewelry Accessories
advance bone,0,0,0,0,0,0,0,1,0,0,0,0,1,1,False,False,Advance Bone
advance chiropractic clinic,0,0,0,0,0,0,0,0,1,0,0,0,1,1,False,False,ADVANCE CHIROPRACTIC CLINIC
agencia de tarlac,0,0,0,0,0,0,0,0,0,0,0,1,1,1,False,False,AGENCIA DE TARLAC
agencia de tarlac pawnshop inc,0,0,0,0,0,0,0,0,0,0,0,1,1,1,False,False,"AGENCIA DE TARLAC PAWNSHOP, INC."
agies,0,0,0,0,0,0,1,0,0,0,0,0,1,1,False,False,Agies
ah fong asian cuisine,0,0,0,0,0,0,0,0,1,0,0,0,1,1,False,False,AH FONG ASIAN CUISINE
aivee cafe,0,1,0,0,0,0,0,0,0,0,0,0,1,1,False,False,AIVEE CAFÉ
aivee institute,0,0,0,0,0,1,0,0,0,0,0,0,1,1,False,False,Aivee Institute
aj cellshoppe,0,0,0,0,1,0,0,0,0,0,0,0,1,1,False,False,AJ Cellshoppe
aj s jewelry,0,0,0,0,1,0,0,0,0,0,0,0,1,1,False,False,AJ\'s Jewelry
aj tin,0,0,0,0,0,0,0,1,0,0,0,0,1,1,False,False,AJ-Tin
ajf boutique seagle telecom inc,0,0,0,0,0,0,0,0,0,0,0,1,1,1,False,False,AJF BOUTIQUE SEAGLE TELECOM INC. (GLOBE)
ajiichiban,0,0,0,0,0,0,1,0,0,0,0,0,1,1,False,False,Ajiichiban
ajt gadget manila,0,0,0,0,0,0,1,0,0,0,0,0,1,1,False,False,AJT / Gadget Manila
akaigawa,0,0,1,0,0,0,0,0,0,0,0,0,1,1,False,False,Akaigawa
akamon,0,0,0,0,0,0,0,0,1,0,0,0,1,1,False,False,AKAMON
akamon ramen bar,0,0,0,0,0,1,0,0,0,0,0,0,1,1,False,False,Akamon Ramen Bar
akashiyaki,0,0,0,0,0,0,0,0,1,0,0,0,1,1,False,False,AKASHIYAKI
akh antonios bar n grill,0,0,0,0,0,0,0,0,1,0,0,0,1,1,False,False,AKH ANTONIOS BAR N GRILL
akimitsu tendon,0,0,0,0,0,0,0,1,0,0,0,0,1,1,False,False,AKIMITSU TENDON
akita,0,1,0,0,0,0,0,0,0,0,0,0,1,1,False,False,AKITA
airwave,0,0,0,0,0,0,0,0,0,0,1,0,1,1,False,False,Airwave
airwalk outland,0,0,0,0,0,0,0,1,0,0,0,0,1,1,False,False,Airwalk Outland
air wheels,0,0,0,0,0,0,0,1,0,0,0,0,1,1,False,False,Air Wheels
aia,0,0,0,0,0,0,0,1,0,0,0,0,1,1,False,False,AIA
ah mah,0,0,0,0,0,0,0,1,0,0,0,0,1,1,False,False,Ah Mah
ahead,0,0,0,0,0,0,1,0,0,0,0,0,1,1,False,False,Ahead
ahrome cafe,0,0,0,0,0,1,0,0,0,0,0,0,1,1,False,False,Ahrome Cafe
ai helmet depot,0,0,0,0,0,0,0,1,0,0,0,0,1,1,False,False,AI Helmet Depot
ai nails & body talk,0,0,0,0,0,0,0,0,1,0,0,0,1,1,False,False,AI NAILS & BODY TALK
ai ren tang chinese drugstore,0,0,0,0,0,1,0,0,0,0,0,0,1,1,False,False,Ai Ren Tang Chinese Drugstore
aia philippines,0,0,0,0,0,0,0,1,0,0,0,0,1,1,False,False,AIA PHILIPPINES
air asia,0,0,1,0,0,0,0,0,0,0,0,0,1,1,False,False,Air Asia
aicing embellish,0,0,0,0,0,0,0,1,0,0,0,0,1,1,False,False,Aicing Embellish
aigoo,0,0,0,0,0,0,0,1,0,0,0,0,1,1,False,False,Aigoo (OPEN)
aiken explore travel and tours,0,0,0,0,0,0,0,1,0,0,0,0,1,1,False,False,AIKEN EXPLORE TRAVEL AND TOURS
aim dental avenue,0,0,0,0,0,0,0,1,0,0,0,0,1,1,False,False,AIM Dental Avenue
aimens,0,0,0,0,0,0,0,0,0,0,0,1,1,1,False,False,AIMEN'S
air 21,0,0,0,0,0,0,0,0,1,0,0,0,1,1,False,False,AIR 21
baboo toys 9770651477,0,0,0,0,0,0,0,1,0,0,0,0,1,1,False,False,BABOO TOYS 9770651477
babots fruitas farm,0,0,0,0,0,0,0,0,1,0,0,0,1,1,False,False,BABOTS FRUITAS FARM
baby charm 0917 530 3888,0,0,0,0,0,0,0,1,0,0,0,0,1,1,False,False,Baby Charm 0917-530-3888
boy kanin,0,0,0,0,0,0,0,0,0,0,0,1,1,1,False,False,BOY KANIN
boy zugba temporarily closed,0,0,0,0,0,0,0,1,0,0,0,0,1,1,False,False,BOY ZUGBA TEMPORARILY CLOSED
boysen,0,0,0,0,0,0,0,0,1,0,0,0,1,1,False,False,BOYSEN
bpi atm center,0,0,0,0,0,1,0,0,0,0,0,0,1,1,False,False,BPI ATM Center
bpi express teller,0,0,0,0,0,0,0,0,1,0,0,0,1,1,False,False,BPI EXPRESS TELLER
bplo,0,0,0,0,0,0,0,0,0,1,0,0,1,1,False,False,BPLO
bradford,0,0,1,0,0,0,0,0,0,0,0,0,1,1,False,False,Bradford
brand avenue apparels,0,0,0,0,0,0,0,1,0,0,0,0,1,1,False,False,Brand Avenue Apparels
branded for less,0,0,0,0,0,0,0,1,0,0,0,0,1,1,False,False,Branded for Less
brandieshoppe,0,0,0,0,0,0,0,0,1,0,0,0,1,1,False,False,BRANDIESHOPPE
brandsmart,0,0,0,0,0,0,0,1,0,0,0,0,1,1,False,False,Brandsmart
brandzone,0,0,0,0,1,0,0,0,0,0,0,0,1,1,False,False,Brandzone
bratinhella,0,0,0,1,0,0,0,0,0,0,0,0,1,1,False,False,Bratinhella
bread basket,0,0,0,0,0,0,0,0,1,0,0,0,1,1,False,False,BREAD BASKET
bread funatics,0,0,0,0,0,0,0,0,1,0,0,0,1,1,False,False,BREAD FUNATICS
bread of life,0,1,0,0,0,0,0,0,0,0,0,0,1,1,False,False,BREAD OF LIFE
boy meets grill,0,0,0,0,0,1,0,0,0,0,0,0,1,1,False,False,Boy Meets Grill
box88 coffee house,0,0,0,0,0,0,0,1,0,0,0,0,1,1,False,False,Box88 Coffee House
bored and hungry,0,0,0,0,0,0,0,1,0,0,0,0,1,1,False,False,BORED AND HUNGRY (0916 631 6835)
bowling billiards,0,0,0,0,0,0,0,0,1,0,0,0,1,1,False,False,BOWLING BILLIARDS
borough medical clinic,0,1,0,0,0,0,0,0,0,0,0,0,1,1,False,False,BOROUGH MEDICAL CLINIC
bos chow,0,0,0,0,0,0,0,0,1,0,0,0,1,1,False,False,BOS CHOW
bos daily,0,0,1,0,0,0,0,0,0,0,0,0,1,1,False,False,Bo’s Daily
bos shoes & bag repair shop,0,0,0,0,0,1,0,0,0,0,0,0,1,1,False,False,Bo's Shoes & Bag Repair Shop
boss,0,0,0,0,0,1,0,0,0,0,0,0,1,1,False,False,Boss
boss cat rocket cafe,0,0,0,0,0,1,0,0,0,0,0,0,1,1,False,False,Boss Cat Rocket Cafe
boss pets,0,0,1,0,0,0,0,0,0,0,0,0,1,1,False,False,Boss Pets
boszgadgets,0,0,0,0,0,0,0,0,1,0,0,0,1,1,False,False,BOSZGADGETS
botchoks rice meal,0,0,0,0,0,0,0,0,0,0,0,1,1,1,False,False,BOTCHOKS RICE MEAL
boteyju,0,0,0,0,0,0,0,1,0,0,0,0,1,1,False,False,BOTEYJU
bottega veneta,0,1,0,0,0,0,0,0,0,0,0,0,1,1,False,False,BOTTEGA VENETA
bottoms up,0,0,0,0,0,0,0,0,1,0,0,0,1,1,False,False,BOTTOMS UP
boulangerie 22,0,0,0,0,0,0,0,1,0,0,0,0,1,1,False,False,Boulangerie 22
bourbon street,0,0,0,0,0,1,0,0,0,0,0,0,1,1,False,False,Bourbon Street
bowl master,0,0,0,0,0,0,0,1,0,0,0,0,1,1,False,False,Bowl Master
bread talk,0,0,0,0,0,0,0,1,0,0,0,0,1,1,False,False,BREAD TALK
breadboxed,0,0,0,0,0,0,0,1,0,0,0,0,1,1,False,False,BREADBOXED
breadworth bakery cafe,0,0,1,0,0,0,0,0,0,0,0,0,1,1,False,False,Breadworth Bakery Cafe
breadworths bakery cafe,0,0,0,0,0,0,0,1,0,0,0,0,1,1,False,False,Breadworths Bakery Cafe
brightsmile dental clinic,0,0,0,0,0,0,0,1,0,0,0,0,1,1,False,False,BRIGHTSMILE DENTAL CLINIC
brilla,0,0,0,0,0,0,0,1,0,0,0,0,1,1,False,False,BRILLA
brilliant cebu english academy,0,0,0,0,0,0,0,1,0,0,0,0,1,1,False,False,Brilliant Cebu English Academy
brilliant cut jewelry shop,1,0,0,0,0,0,0,0,0,0,0,0,1,1,False,False,BRILLIANT CUT JEWELRY SHOP
brilliante jewelers,0,0,0,0,0,0,0,1,0,0,0,0,1,1,False,False,Brilliante Jewelers
brillo jewellers,0,0,0,0,0,0,1,0,0,0,0,0,1,1,False,False,Brillo Jewellers
brique modern kitchen,0,0,0,0,0,0,0,0,1,0,0,0,1,1,False,False,BRIQUE MODERN KITCHEN
bristol,0,1,0,0,0,0,0,0,0,0,0,0,1,1,False,False,BRISTOL
brix laptop repair service,0,1,0,0,0,0,0,0,0,0,0,0,1,1,False,False,BRIX LAPTOP REPAIR SERVICE
broadway gems squezzy lemon,0,0,0,0,0,0,0,0,0,0,0,1,1,1,False,False,BROADWAY GEMS Squezzy Lemon
brochiere computers,0,1,0,0,0,0,0,0,0,0,0,0,1,1,False,False,BROCHIERE COMPUTERS
broth n bowls,0,0,0,0,0,1,0,0,0,0,0,0,1,1,False,False,Broth N Bowls
brotzeit,0,0,0,0,0,1,0,0,0,0,0,0,1,1,False,False,Brotzeit
browhaus strip,0,0,0,0,0,0,0,0,1,0,0,0,1,1,False,False,BROWHAUS / STRIP
brows,0,0,0,0,0,1,0,0,0,0,0,0,1,1,False,False,Brows
bright side optical clinic,0,0,0,0,0,0,0,0,0,0,0,1,1,1,False,False,BRIGHT SIDE OPTICAL CLINIC
brielles bread and pastry shop,0,0,0,0,0,0,0,0,1,0,0,0,1,1,False,False,BRIELLE'S BREAD AND PASTRY SHOP
bridge,0,0,0,0,0,0,0,0,1,0,0,0,1,1,False,False,BRIDGE
brewbox,0,0,0,0,0,0,0,1,0,0,0,0,1,1,False,False,Brewbox
breahs crepes,0,0,0,0,0,0,0,1,0,0,0,0,1,1,False,False,Breah's Crepes
breakthrough,0,0,0,0,0,0,0,0,1,0,0,0,1,1,False,False,BREAKTHROUGH
brents wonder rides,0,0,0,0,0,0,0,1,0,0,0,0,1,1,False,False,BRENTS WONDER RIDES (TEMPORARY CLOSED)
brew break,0,0,0,0,0,0,0,0,1,0,0,0,1,1,False,False,BREW BREAK
brew life,0,0,0,0,0,0,0,1,0,0,0,0,1,1,False,False,BREW LIFE
brew x press,0,0,0,0,0,0,0,0,1,0,0,0,1,1,False,False,BREW X PRESS
brewing genie,0,0,0,0,0,0,0,1,0,0,0,0,1,1,False,False,BREWING GENIE
brickyard,0,1,0,0,0,0,0,0,0,0,0,0,1,1,False,False,THE BRICKYARD
brewing point neighborhood cafe,0,0,0,0,0,0,0,0,1,0,0,0,1,1,False,False,BREWING POINT NEIGHBORHOOD CAFE
bria homes inc,0,0,0,0,0,0,0,0,0,1,0,0,1,1,False,False,"BRIA HOMES, INC."
brick corner bar & bistro,0,0,0,0,0,1,0,0,0,0,0,0,1,1,False,False,Brick Corner Bar & Bistro
brick wall,0,0,0,0,0,1,0,0,0,0,0,0,1,1,False,False,Brick Wall
brick wood ph,0,0,0,0,0,1,0,0,0,0,0,0,1,1,False,False,Brick Wood PH
bricksland,0,0,0,0,0,0,0,1,0,0,0,0,1,1,False,False,BRICKSLAND
borough medical care institute,0,0,0,0,0,0,0,0,1,0,0,0,1,1,False,False,BOROUGH MEDICAL CARE INSTITUTE
bored & hungry,0,0,0,0,0,0,0,1,0,0,0,0,1,1,False,False,BORED & HUNGRY
brunch bureau,0,0,0,0,0,0,0,0,1,0,0,0,1,1,False,False,BRUNCH BUREAU
bluetech,0,0,0,0,0,0,0,0,0,0,1,0,1,1,False,False,Bluetech
blvck cafe,0,0,0,0,0,0,0,0,1,0,0,0,1,1,False,False,BLVCK CAFE
bmci diagnostic clinic,0,0,0,0,0,0,0,1,0,0,0,0,1,1,False,False,BMCI DIAGNOSTIC CLINIC
bn whitening shoppe,0,0,0,0,1,0,0,0,0,0,0,0,1,1,False,False,BN Whitening Shoppe
bnr mobile phone accessories,0,0,0,0,0,0,0,0,1,0,0,0,1,1,False,False,BNR MOBILE PHONE ACCESSORIES
bny hip shop,0,0,0,0,0,0,0,0,0,1,0,0,1,1,False,False,BNY HIP SHOP
board game madness,0,0,0,0,0,0,0,1,0,0,0,0,1,1,False,False,BOARD GAME MADNESS
bob cellphone and accessories shop,0,0,0,0,0,0,0,1,0,0,0,0,1,1,False,False,BOB CELLPHONE AND ACCESSORIES SHOP
bob marlin restaurant,0,0,0,0,0,0,0,1,0,0,0,0,1,1,False,False,Bob Marlin Restaurant
boba in a cup,0,0,0,0,0,0,0,1,0,0,0,0,1,1,False,False,BOBA IN A CUP
bobcor blind massage,0,0,0,0,0,0,0,0,0,0,1,0,1,1,False,False,Bobcor Blind Massage
bobs footwear dayamona,0,0,0,0,0,0,0,0,0,0,0,1,1,1,False,False,BOB'S FOOTWEAR (BIBO SHOES ) DAYAMONA
bobson,0,0,0,0,1,0,0,0,0,0,0,0,1,1,False,False,Bobson
boc,0,0,0,0,0,1,0,0,0,0,0,0,1,1,False,False,BOC
body basics,0,0,0,0,0,0,0,1,0,0,0,0,1,1,False,False,Body Basics
body mechanic,0,0,0,0,0,0,1,0,0,0,0,0,1,1,False,False,Body Mechanic
blush spa,0,0,0,0,0,0,0,1,0,0,0,0,1,1,False,False,BLUSH SPA
blueridge snack bar,0,0,0,0,0,0,0,0,0,0,0,1,1,1,False,False,BLUERIDGE SNACK BAR
boq,0,0,0,0,0,0,0,1,0,0,0,0,1,1,False,False,BOQ
blueridge media entertainment,0,0,0,0,0,0,0,0,0,0,0,1,1,1,False,False,BLUERIDGE MEDIA ENTERTAINMENT
bloc by junie sierra & co,0,1,0,0,0,0,0,0,0,0,0,0,1,1,False,False,THE BLOC BY JUNIE SIERRA & CO.
blooming days flowers & plants,0,1,0,0,0,0,0,0,0,0,0,0,1,1,False,False,BLOOMING DAYS FLOWERS & PLANTS
bloomingdales,0,0,0,0,0,0,0,0,1,0,0,0,1,1,False,False,BLOOMINGDALES
blooms and bears flowers and gift shop,0,0,0,0,0,0,0,0,1,0,0,0,1,1,False,False,BLOOMS AND BEARS FLOWERS AND GIFT SHOP
blu eye optical clinic,0,0,0,0,1,0,0,0,0,0,0,0,1,1,False,False,Blu Eye Optical Clinic
blue kitchen,0,0,0,0,0,0,0,1,0,0,0,0,1,1,False,False,BLUE KITCHEN
blue lagoon water station,0,0,0,0,0,0,0,0,1,0,0,0,1,1,False,False,BLUE LAGOON WATER STATION
blue lite,0,0,0,0,0,0,0,1,0,0,0,0,1,1,False,False,BLUE LITE
blue posts boiling crabs shrimps,0,0,0,0,0,0,0,0,1,0,0,0,1,1,False,False,BLUE POSTS BOILING CRABS SHRIMPS
blue seas seafood restaurant,0,0,0,0,0,0,0,1,0,0,0,0,1,1,False,False,BLUE SEAS SEAFOOD RESTAURANT
blue water day spa,0,0,0,0,0,0,1,0,0,0,0,0,1,1,False,False,Blue Water Day Spa
blue wonder coffee,0,0,0,0,0,0,1,0,0,0,0,0,1,1,False,False,Blue Wonder Coffee
bluebox,0,0,0,0,0,0,0,1,0,0,0,0,1,1,False,False,Bluebox
bluejay coffee,0,0,0,0,0,0,0,0,1,0,0,0,1,1,False,False,BLUEJAY COFFEE
blueprint express,0,0,0,0,0,0,0,1,0,0,0,0,1,1,False,False,Blueprint Express
bodytech greenwich to go,0,0,0,0,0,0,0,0,0,0,0,1,1,1,False,False,BODYTECH GREENWICH TO GO
boho dreams,0,0,1,0,0,0,0,0,0,0,0,0,1,1,False,False,Boho Dreams
bohol bee farm 260 7304 0998 563 6149,0,0,0,0,0,0,0,1,0,0,0,0,1,1,False,False,BOHOL BEE FARM (032)260-7304/0998-563-6149
bok cellphone accessories shop,0,0,0,0,0,0,0,1,0,0,0,0,1,1,False,False,BOK CELLPHONE ACCESSORIES SHOP
boo koh 0976 387 2786,0,0,0,0,0,0,0,1,0,0,0,0,1,1,False,False,Boo Koh 0976 387 2786
boodle express,0,0,1,0,0,0,0,0,0,0,0,0,1,1,False,False,Boodle Express
boodle fiesta,0,0,0,0,0,0,0,0,1,0,0,0,1,1,False,False,BOODLE FIESTA
boogies pet,0,0,0,0,0,0,0,0,0,0,1,0,1,1,False,False,Boogies Pet
boogies pet supplies,0,0,0,0,0,0,0,0,0,0,1,0,1,1,False,False,BOOGIES PET SUPPLIES
book king kings coffee & tea,0,0,0,0,0,0,0,1,0,0,0,0,1,1,False,False,Book King/King's Coffee & Tea
book king stationery,0,0,0,0,0,0,0,0,1,0,0,0,1,1,False,False,BOOK KING STATIONERY
book latte,0,0,0,0,0,1,0,0,0,0,0,0,1,1,False,False,Book Latte
book n save travel and tours,0,0,0,0,0,0,0,0,1,0,0,0,1,1,False,False,BOOK N SAVE TRAVEL AND TOURS
book one 0917 848 7285,0,0,0,0,0,0,0,1,0,0,0,0,1,1,False,False,Book One 0917-848-7285
boom sisig,0,0,0,0,0,0,0,1,0,0,0,0,1,1,False,False,Boom Sisig
booost,0,0,0,0,0,0,0,0,1,0,0,0,1,1,False,False,BOOOST
booster juice,0,0,0,0,0,0,0,1,0,0,0,0,1,1,False,False,Booster Juice
booze and barbers,0,0,0,0,0,0,0,1,0,0,0,0,1,1,False,False,BOOZE AND BARBERS
boozy,0,0,0,0,0,1,0,0,0,0,0,0,1,1,False,False,Boozy
bono optical,0,0,0,0,1,0,0,0,0,0,0,0,1,1,False,False,Bono Optical
boni beauty,0,0,0,0,0,1,0,0,0,0,0,0,1,1,False,False,Boni Beauty
bongs pet shop station,0,0,0,0,0,0,1,0,0,0,0,0,1,1,False,False,Bong's Pet Shop Station
bonbon dorayaki bites,0,0,0,0,0,0,0,0,0,0,1,0,1,1,False,False,Bonbon Dorayaki Bites
bokki express,0,0,0,0,0,0,0,1,0,0,0,0,1,1,False,False,BOKKI EXPRESS
bon chon,0,0,0,0,0,0,1,0,0,0,0,0,1,1,False,False,Bon Chon
bon voyage,0,0,0,0,0,0,0,0,0,0,1,0,1,1,False,False,Bon Voyage
bon voyage international travel & tours,0,0,1,0,0,0,0,0,0,0,0,0,1,1,False,False,Bon Voyage International Travel & Tours
bon voyage international travel & tours inc,0,0,0,0,0,0,0,1,0,0,0,0,1,1,False,False,"Bon Voyage International Travel & Tours, Inc."
bonage skin care,0,0,0,0,0,0,0,1,0,0,0,0,1,1,False,False,Bonage Skin Care
bondee tea house,0,0,0,0,0,0,0,0,1,0,0,0,1,1,False,False,BONDEE TEA HOUSE
bongbongs pasalubong 421 1670,0,0,0,0,0,0,0,1,0,0,0,0,1,1,False,False,Bongbong's Pasalubong 421-1670
bone and bowl,0,0,0,0,0,0,0,0,1,0,0,0,1,1,False,False,BONE AND BOWL
bong bongs,0,1,0,0,0,0,0,0,0,0,0,0,1,1,False,False,BONG BONGS
bong bongs open,0,0,0,0,0,0,0,1,0,0,0,0,1,1,False,False,Bong-Bongs OPEN
bong villanueva salon,0,0,0,0,0,0,0,1,0,0,0,0,1,1,False,False,Bong Villanueva Salon
bongbong delicacies,0,1,0,0,0,0,0,0,0,0,0,0,1,1,False,False,BONGBONG DELICACIES
bongbongs pasalubong,0,0,0,0,0,0,0,1,0,0,0,0,1,1,False,False,Bongbong's Pasalubong
brows optical,0,0,0,0,0,0,0,1,0,0,0,0,1,1,False,False,BROWS OPTICAL
bruno barbers,0,0,0,0,0,1,0,0,0,0,0,0,1,1,False,False,Bruno Barbers
blk 5 caf,0,0,0,0,0,0,0,0,1,0,0,0,1,1,False,False,BLK 5 CAF…
cable star,0,0,0,0,0,0,0,0,1,0,0,0,1,1,False,False,CABLE STAR
cafe 17,0,0,0,0,0,1,0,0,0,0,0,0,1,1,False,False,Cafe 17
cafe adriaticoabe,0,0,0,0,0,0,0,0,1,0,0,0,1,1,False,False,CAFE ADRIATICOABE
cafe anita,0,0,0,0,0,0,0,1,0,0,0,0,1,1,False,False,Cafe Anita (Temporary Closed)
cafe aroma,0,0,0,0,0,1,0,0,0,0,0,0,1,1,False,False,Cafe Aroma
cafe bnb,0,0,1,0,0,0,0,0,0,0,0,0,1,1,False,False,Cafe Bnb
cafe bobs,0,1,0,0,0,0,0,0,0,0,0,0,1,1,False,False,CAFE BOB'S
cafe bombom,0,0,0,0,0,0,0,0,1,0,0,0,1,1,False,False,CAFÉ BOMBOM
cafe de acacia,0,0,0,0,0,0,0,1,0,0,0,0,1,1,False,False,Cafe de Acacia
cafe dulcinea,0,0,0,0,0,0,0,0,1,0,0,0,1,1,False,False,CAFÉ DULCINEA
cafe france,0,0,0,0,0,0,0,0,1,0,0,0,1,1,False,False,CAFE FRANCE
cafe hola,0,0,0,0,0,0,0,1,0,0,0,0,1,1,False,False,CAFE HOLA
cafe klara,0,0,0,0,0,0,0,0,1,0,0,0,1,1,False,False,CAFÉ KLARA
cafe kulture,0,0,0,0,0,0,1,0,0,0,0,0,1,1,False,False,Cafe Kulture
cafe noelle,0,0,0,0,0,0,0,0,1,0,0,0,1,1,False,False,CAFE NOELLE
cafe nori,0,0,0,0,0,0,0,1,0,0,0,0,1,1,False,False,Cafe Nori
caeg dental clinic,0,0,0,0,0,0,0,0,0,0,1,0,1,1,False,False,Caeg Dental Clinic
cabanal salarza optical,0,0,0,0,0,0,0,1,0,0,0,0,1,1,False,False,Cabañal-Salarza Optical
bw bakeshop,0,0,0,0,0,0,0,0,0,0,1,0,1,1,False,False,BW Bakeshop
cabalen plus,0,0,0,0,0,0,0,0,1,0,0,0,1,1,False,False,CABALEN PLUS
byrons backribs grill house,0,1,0,0,0,0,0,0,0,0,0,0,1,1,False,False,BYRONS BACKRIBS GRILL HOUSE
byte matic,0,0,0,0,0,0,0,1,0,0,0,0,1,1,False,False,Byte Matic
bytematic,0,0,0,0,0,0,0,0,1,0,0,0,1,1,False,False,BYTEMATIC
c c mobile,0,0,0,0,1,0,0,0,0,0,0,0,1,1,False,False,C.C Mobile
c concepcion & orthodontic clinic,0,0,1,0,0,0,0,0,0,0,0,0,1,1,False,False,C. Concepcion & Orthodontic Clinic
c eats refreshments,0,0,0,0,0,0,0,1,0,0,0,0,1,1,False,False,C Eats Refreshments
c phones 2823 ec hip hop,0,0,0,0,0,0,0,0,0,0,0,1,1,1,False,False,C-PHONES 2823 EC HIP HOP
c salon,0,0,0,0,0,0,0,1,0,0,0,0,1,1,False,False,C-SALON
c sarabia optical,0,0,0,0,0,0,0,0,1,0,0,0,1,1,False,False,C SARABIA OPTICAL
c square telecom,0,0,0,0,0,0,1,0,0,0,0,0,1,1,False,False,C Square Telecom
c suites,0,0,0,0,0,1,0,0,0,0,0,0,1,1,False,False,C Suites
c&g consulting inc,0,0,0,0,0,0,0,1,0,0,0,0,1,1,False,False,C&G Consulting Inc.
c&m collection,0,0,0,0,0,0,0,1,0,0,0,0,1,1,False,False,C&M COLLECTION
ca chinese restaurant,0,0,0,0,0,0,0,0,1,0,0,0,1,1,False,False,CA CHINESE RESTAURANT
cabalen bingo,0,0,0,0,0,0,0,1,0,0,0,0,1,1,False,False,CABALEN BINGO
cafe vanleroe,0,0,0,0,0,0,0,0,0,0,1,0,1,1,False,False,CAFE VANLEROE
cafe vivian,0,0,0,0,0,0,0,0,1,0,0,0,1,1,False,False,CAFE VIVIAN
cafesiklista cafe,0,0,0,0,0,0,0,0,1,0,0,0,1,1,False,False,CAFESIKLISTA CAFÉ
caffe freddo,0,1,0,0,0,0,0,0,0,0,0,0,1,1,False,False,CAFFE FREDDO
calvin klein by the watch store,0,0,0,0,0,0,0,0,1,0,0,0,1,1,False,False,CALVIN KLEIN BY THE WATCH STORE
calvin klein jeans & underwear,0,0,0,0,0,0,0,1,0,0,0,0,1,1,False,False,Calvin Klein Jeans & Underwear
calvin klein underwear,0,0,0,0,0,0,0,1,0,0,0,0,1,1,False,False,CALVIN KLEIN UNDERWEAR
cambridge child development centre,0,1,0,0,0,0,0,0,0,0,0,0,1,1,False,False,CAMBRIDGE CHILD DEVELOPMENT CENTRE
camella,0,0,0,0,0,0,0,0,0,1,0,0,1,1,False,False,CAMELLA
camella condo homes,0,0,0,0,0,0,0,0,0,1,0,0,1,1,False,False,CAMELLA CONDO HOMES
camella homes,0,0,0,0,1,0,0,0,0,0,0,0,1,1,False,False,Camella Homes
camella north border,0,0,0,0,0,0,0,0,0,0,0,1,1,1,False,False,CAMELLA NORTH BORDER
camella north office,0,0,0,0,0,0,0,0,0,1,0,0,1,1,False,False,CAMELLA NORTH OFFICE
camera haus,0,0,0,0,0,0,0,1,0,0,0,0,1,1,False,False,Camera Haus
camerahaus fujifilm,0,1,0,0,0,0,0,0,0,0,0,0,1,1,False,False,CAMERAHAUS / FUJIFILM
camp jump,0,0,0,0,0,0,0,0,1,0,0,0,1,1,False,False,CAMP JUMP
can diagnosis center,0,0,0,0,0,0,0,1,0,0,0,0,1,1,False,False,CAN DIAGNOSIS CENTER
canadian immigration consultancy,0,0,0,0,0,0,0,0,1,0,0,0,1,1,False,False,CANADIAN IMMIGRATION CONSULTANCY
cancer and multi specialty clinic,0,0,0,0,0,0,0,1,0,0,0,0,1,1,False,False,Cancer And Multi-Specialty Clinic
calmar land,0,0,0,0,0,0,0,0,1,0,0,0,1,1,False,False,CALMAR LAND
calle reyes,0,0,0,0,0,0,0,0,1,0,0,0,1,1,False,False,CALLE REYES
calixto ponce demana,0,0,0,0,0,0,0,0,0,0,0,1,1,1,False,False,CALIXTO PONCE DEMANA
cake out cakeshop,0,1,0,0,0,0,0,0,0,0,0,0,1,1,False,False,CAKE-OUT CAKESHOP
caffe la tea,0,0,0,0,0,0,0,1,0,0,0,0,1,1,False,False,CAFFE LA TEA
caifu massage chair,0,0,0,0,0,0,0,1,0,0,0,0,1,1,False,False,Caifu Massage Chair
cake & cakes bakeshop,0,0,0,0,0,0,0,0,0,0,1,0,1,1,False,False,CAKE & CAKES BAKESHOP
cake and cakes,0,0,1,0,0,0,0,0,0,0,0,0,1,1,False,False,Cake And Cakes
cake co,0,0,0,0,0,0,0,1,0,0,0,0,1,1,False,False,CAKE CO
cake frost,0,0,0,0,0,0,0,0,0,0,0,1,1,1,False,False,CAKE FROST
cakeistry,0,1,0,0,0,0,0,0,0,0,0,0,1,1,False,False,CAKEISTRY
california nails & day spa,0,1,0,0,0,0,0,0,0,0,0,0,1,1,False,False,CALIFORNIA NAILS & DAY SPA
cakes by mark,0,0,0,0,0,0,0,0,1,0,0,0,1,1,False,False,CAKES BY MARK
cakes eatcetera,0,0,0,0,0,0,0,0,1,0,0,0,1,1,False,False,CAKES EATCETERA
calacsan mobile,0,0,0,0,0,0,0,0,0,0,0,1,1,1,False,False,CALACSAN MOBILE
caleon bakery,0,0,0,0,0,0,0,1,0,0,0,0,1,1,False,False,Caleon Bakery
california nail spa,0,0,0,0,0,0,1,0,0,0,0,0,1,1,False,False,California Nail Spa
california nails,0,0,1,0,0,0,0,0,0,0,0,0,1,1,False,False,California Nails
byrons backribs 0998 956 2008,0,0,0,0,0,0,0,1,0,0,0,0,1,1,False,False,BYRON'S BACKRIBS 0998-956-2008
bvlgari,0,1,0,0,0,0,0,0,0,0,0,0,1,1,False,False,BVLGARI
brunos,0,0,0,0,0,0,0,0,1,0,0,0,1,1,False,False,BRUNO'S
bugs bunny barber shop,0,0,0,0,0,0,0,0,0,0,0,1,1,1,False,False,BUGS BUNNY BARBER SHOP
bugsys,0,0,0,0,0,1,0,0,0,0,0,0,1,1,False,False,Bugsy's
builtamart,0,0,0,0,0,0,0,0,1,0,0,0,1,1,False,False,BUILTAMART
buko bravo,0,0,0,0,0,0,0,1,0,0,0,0,1,1,False,False,Buko Bravo
buko express pies & sweets,0,0,0,0,0,0,0,1,0,0,0,0,1,1,False,False,BUKO EXPRESS PIES & SWEETS
buko juan & juan chow,0,0,0,0,0,0,0,1,0,0,0,0,1,1,False,False,BUKO JUAN & JUAN CHOW
buko king,0,0,0,0,0,0,0,0,1,0,0,0,1,1,False,False,BUKO KING
buko madness,0,0,0,0,0,0,0,0,0,0,0,1,1,1,False,False,BUKO MADNESS
buko maxx,0,0,0,0,0,0,0,0,0,0,0,1,1,1,False,False,BUKO MAXX
buko mo,0,0,0,0,0,0,0,1,0,0,0,0,1,1,False,False,BUKO MO!
buko ni juan,0,0,0,0,0,0,0,1,0,0,0,0,1,1,False,False,Buko Ni Juan
buko pilipino,0,0,0,0,0,0,0,1,0,0,0,0,1,1,False,False,Buko Pilipino
buko station,0,0,0,0,0,0,0,1,0,0,0,0,1,1,False,False,Buko Station
bukofrio,0,1,0,0,0,0,0,0,0,0,0,0,1,1,False,False,BUKOFRIO
bulacan lugaw kitchen,0,0,0,0,0,1,0,0,0,0,0,0,1,1,False,False,Bulacan Lugaw Kitchen
bulacan products,0,1,0,0,0,0,0,0,0,0,0,0,1,1,False,False,BULACAN PRODUCTS
bugsay seafood restaurant,0,0,0,0,0,0,0,0,1,0,0,0,1,1,False,False,BUGSAY SEAFOOD RESTAURANT
buffet 101 0917 845 9989,0,0,0,0,0,0,0,1,0,0,0,0,1,1,False,False,Buffet 101 0917 845 9989 (OPEN)
buzzz ice cream,0,0,0,0,0,0,0,1,0,0,0,0,1,1,False,False,The Buzzz Ice Cream
buffalo wild wings,0,0,0,0,0,0,0,0,1,0,0,0,1,1,False,False,BUFFALO WILD WINGS
brytchzone,0,0,0,0,0,0,0,1,0,0,0,0,1,1,False,False,Brytchzone
btla,0,0,0,0,0,1,0,0,0,0,0,0,1,1,False,False,BTLA
bubble optical clinic,0,0,0,0,0,0,0,1,0,0,0,0,1,1,False,False,Bubble Optical Clinic
bubble tea,0,0,0,0,0,0,0,0,1,0,0,0,1,1,False,False,BUBBLE TEA
bubble tea station 9770429865,0,0,0,0,0,0,0,1,0,0,0,0,1,1,False,False,BUBBLE TEA STATION 9770429865
bubblez,0,0,1,0,0,0,0,0,0,0,0,0,1,1,False,False,Bubblez
bubbly pops,0,0,0,0,0,0,0,0,1,0,0,0,1,1,False,False,BUBBLY POPS
buco loco,0,0,0,0,0,0,0,1,0,0,0,0,1,1,False,False,BUCO LOCO
buddys pancit,0,1,0,0,0,0,0,0,0,0,0,0,1,1,False,False,BUDDY'S PANCIT
budz cafe,0,0,0,0,0,0,0,0,1,0,0,0,1,1,False,False,BUDZ CAFÉ
buenas sausage and fries,0,0,0,0,0,0,0,1,0,0,0,0,1,1,False,False,BUENAS SAUSAGE AND FRIES
buenas sausages 0917 469 2766,0,0,0,0,0,0,0,1,0,0,0,0,1,1,False,False,Buenas Sausages 0917 469 2766
buff spa,0,0,0,0,0,0,0,0,1,0,0,0,1,1,False,False,BUFF SPA
buffalo ave,0,0,0,0,0,0,0,1,0,0,0,0,1,1,False,False,BUFFALO AVE
buffalo avenue temporarily closed,0,0,0,0,0,0,0,1,0,0,0,0,1,1,False,False,BUFFALO AVENUE TEMPORARILY CLOSED
bulacan sweets,0,0,0,0,0,0,0,0,1,0,0,0,1,1,False,False,BULACAN SWEETS
bulawan panaderya,0,0,0,0,0,0,0,0,1,0,0,0,1,1,False,False,BULAWAN PANADERYA
bully boy,0,0,0,0,0,0,1,0,0,0,0,0,1,1,False,False,Bully Boy
bum dept,0,0,0,0,1,0,0,0,0,0,0,0,1,1,False,False,Bum Dept.
burnt edges by shrimp bucket,0,0,0,0,0,1,0,0,0,0,0,0,1,1,False,False,Burnt Edges By Shrimp Bucket
burp co,0,0,0,0,0,0,0,0,1,0,0,0,1,1,False,False,THE BURP CO
burrow,0,0,0,0,0,0,0,0,1,0,0,0,1,1,False,False,BURROW
burrp tees,0,0,1,0,0,0,0,0,0,0,0,0,1,1,False,False,Burrp Tees
butcher boy,0,0,0,0,0,1,0,0,0,0,0,0,1,1,False,False,Butcher Boy
buting ting general merchandise,0,1,0,0,0,0,0,0,0,0,0,0,1,1,False,False,BUTING-TING GENERAL MERCHANDISE
butot balat,0,0,0,0,0,1,0,0,0,0,0,0,1,1,False,False,Buto't Balat
butter ensaymadas,0,0,0,0,0,0,0,0,1,0,0,0,1,1,False,False,BUTTER ENSAYMADAS
butter grill,0,0,0,0,0,0,0,0,1,0,0,0,1,1,False,False,BUTTER GRILL
butterboy,0,0,0,0,0,0,0,0,1,0,0,0,1,1,False,False,BUTTERBOY
buttery co,0,0,0,0,0,0,0,0,1,0,0,0,1,1,False,False,BUTTERY CO
butuan lechon and seafoods grill,0,0,0,0,0,0,0,0,1,0,0,0,1,1,False,False,BUTUAN LECHON AND SEAFOODS GRILL
buu buu frozen yogurt,0,0,0,0,0,0,0,1,0,0,0,0,1,1,False,False,BUU BUU FROZEN YOGURT
buzz & brew,0,0,0,0,0,1,0,0,0,0,0,0,1,1,False,False,Buzz & Brew
buzz superdrinks,0,0,0,0,0,1,0,0,0,0,0,0,1,1,False,False,Buzz Superdrinks
burgoo american bar & restaurant,0,1,0,0,0,0,0,0,0,0,0,0,1,1,False,False,BURGOO AMERICAN BAR & RESTAURANT
burgoo,0,0,0,0,0,0,0,0,1,0,0,0,1,1,False,False,BURGOO
burgerbomb,0,0,0,0,0,0,0,0,0,0,1,0,1,1,False,False,Burgerbomb
burda,0,0,0,0,0,0,0,1,0,0,0,0,1,1,False,False,Burda
bump all you can,0,0,0,0,0,0,0,1,0,0,0,0,1,1,False,False,BUMP ALL YOU CAN
bump n spin,0,0,0,0,0,0,0,1,0,0,0,0,1,1,False,False,BUMP N' SPIN
bunny banana temporarily closed,0,0,0,0,0,0,0,1,0,0,0,0,1,1,False,False,BUNNY BANANA TEMPORARILY CLOSED
buns burger bombs,0,0,0,0,0,0,0,1,0,0,0,0,1,1,False,False,Buns Burger Bombs
bunsikjip,0,0,0,0,0,1,0,0,0,0,0,0,1,1,False,False,Bunsikjip
burberry,0,1,0,0,0,0,0,0,0,0,0,0,1,1,False,False,BURBERRY
bureau of internal revenue,0,0,0,1,0,0,0,0,0,0,0,0,1,1,False,False,BUREAU OF INTERNAL REVENUE
burger queen,0,0,0,0,0,0,0,0,0,0,1,0,1,1,False,False,Burger Queen
bureau og immigration,0,0,0,0,0,0,0,1,0,0,0,0,1,1,False,False,BUREAU OG IMMIGRATION
burger assembly,0,0,0,0,0,0,0,0,1,0,0,0,1,1,False,False,BURGER ASSEMBLY
burger avenue mister donut,0,0,0,0,0,0,0,0,0,0,0,1,1,1,False,False,BURGER AVENUE MISTER DONUT
burger joint,0,1,0,0,0,0,0,0,0,0,0,0,1,1,False,False,THE BURGER JOINT
burger machine,0,0,0,0,0,0,0,1,0,0,0,0,1,1,False,False,Burger Machine
burger nook,0,0,0,0,0,0,0,1,0,0,0,0,1,1,False,False,Burger Nook
blk boutique,0,0,0,0,0,0,0,1,0,0,0,0,1,1,False,False,BLK Boutique
blk,0,0,0,0,0,0,0,1,0,0,0,0,1,1,False,False,BLK
baby mochie,0,0,0,0,0,0,0,1,0,0,0,0,1,1,False,False,Baby Mochie
barking fellas,0,0,0,0,0,0,0,0,1,0,0,0,1,1,False,False,BARKING FELLAS
barn kitchen,0,0,0,0,0,0,1,0,0,0,0,0,1,1,False,False,The Barn Kitchen
baron,0,0,0,0,0,0,0,1,0,0,0,0,1,1,False,False,The Baron
baron barbershop,0,0,0,0,0,0,0,0,1,0,0,0,1,1,False,False,THE BARON BARBERSHOP
barphones,0,0,0,0,0,0,0,0,1,0,0,0,1,1,False,False,BARPHONES
basa books,0,1,0,0,0,0,0,0,0,0,0,0,1,1,False,False,BASA BOOKS
basics and organic,0,0,0,0,0,1,0,0,0,0,0,0,1,1,False,False,Basics And Organic
basics and organics,0,0,1,0,0,0,0,0,0,0,0,0,1,1,False,False,Basics And Organics
bassack yellow chicken food house,0,0,0,0,0,0,0,0,1,0,0,0,1,1,False,False,BASSACK YELLOW CHICKEN FOOD HOUSE
basteakoy fruit overload slushie,0,0,0,0,0,0,0,0,1,0,0,0,1,1,False,False,BASTEAKOY FRUIT OVERLOAD SLUSHIE
batar shoes trading,0,0,0,0,0,0,0,1,0,0,0,0,1,1,False,False,BATAR SHOES TRADING
baterya ph,0,0,1,0,0,0,0,0,0,0,0,0,1,1,False,False,Baterya Ph
bath & body works,0,0,0,0,0,0,0,0,1,0,0,0,1,1,False,False,BATH & BODY WORKS
batinga animal medical center,0,0,0,0,0,0,0,0,1,0,0,0,1,1,False,False,BATINGA ANIMAL MEDICAL CENTER
battery man,0,0,0,0,0,0,0,0,1,0,0,0,1,1,False,False,BATTERY MAN
bausa massage,0,0,0,0,0,0,0,1,0,0,0,0,1,1,False,False,Bausa Massage
barkyard pet salon 09707766167,0,0,0,0,0,0,0,1,0,0,0,0,1,1,False,False,BARKYARD PET SALON '09707766167 (NEW)
barkin blends,0,0,0,0,0,0,1,0,0,0,0,0,1,1,False,False,Barkin' Blends
bank of the philippines,0,0,0,0,0,0,0,1,0,0,0,0,1,1,False,False,Bank of the Philippines
barkhaus,0,0,0,0,0,1,0,0,0,0,0,0,1,1,False,False,Barkhaus
bar oku,0,0,0,0,0,0,0,1,0,0,0,0,1,1,False,False,BAR OKU
bar shu,0,0,0,0,0,0,0,1,0,0,0,0,1,1,False,False,BAR SHU
barber shop,0,0,0,0,0,0,0,1,0,0,0,0,1,1,False,False,THE BARBER SHOP (0991-252-9469)
barbero blues,0,0,0,0,0,0,0,0,1,0,0,0,1,1,False,False,BARBERO BLUES
barbie and jhen fashion diva minigem exhibit,0,0,0,0,0,0,0,0,0,0,0,1,1,1,False,False,BARBIE AND JHEN : FASHION DIVA MINIGEM EXHIBIT (21)
bare fitness,0,0,0,0,0,1,0,0,0,0,0,0,1,1,False,False,Bare Fitness
bare fruit,0,0,0,0,1,0,0,0,0,0,0,0,1,1,False,False,Bare Fruit
bare skin waxing studio,0,0,0,0,0,0,0,0,1,0,0,0,1,1,False,False,BARE SKIN WAXING STUDIO
barenaked sugaring salon,0,0,0,0,1,0,0,0,0,0,0,0,1,1,False,False,Barenaked Sugaring Salon
bargain exchange,0,0,0,0,0,0,0,1,0,0,0,0,1,1,False,False,Bargain Exchange
barikata ramen bar,0,0,0,0,0,0,0,0,1,0,0,0,1,1,False,False,BARIKATA RAMEN BAR
barista coffee beans,0,0,0,0,0,0,0,0,1,0,0,0,1,1,False,False,BARISTA COFFEE BEANS
baristart coffee,0,0,0,0,0,0,1,0,0,0,0,0,1,1,False,False,Baristart Coffee
bark & beyond,0,0,0,0,0,0,1,0,0,0,0,0,1,1,False,False,Bark & Beyond
bark haus,0,0,0,0,0,0,1,0,0,0,0,0,1,1,False,False,Bark Haus
bavin 9939838894,0,0,0,0,0,0,0,1,0,0,0,0,1,1,False,False,BAVIN 9939838894
bawais,0,0,0,0,0,0,1,0,0,0,0,0,1,1,False,False,Bawai's
bawais vietnamese kitchen,0,0,0,0,0,0,0,0,1,0,0,0,1,1,False,False,BAWAIS VIETNAMESE KITCHEN
bay6 salon,0,0,0,0,0,0,0,1,0,0,0,0,1,1,False,False,BAY6 SALON
bead bugz,0,1,0,0,0,0,0,0,0,0,0,0,1,1,False,False,BEAD BUGZ
bead shop,0,1,0,0,0,0,0,0,0,0,0,0,1,1,False,False,THE BEAD SHOP
beajeanne pasalubong shoppe,0,0,0,0,0,0,0,0,0,0,1,0,1,1,False,False,Beajeanne Pasalubong Shoppe
bean ukid,0,0,0,0,0,0,0,1,0,0,0,0,1,1,False,False,Bean-Ukid
beanleaf coffee & tea,0,0,0,0,0,0,0,1,0,0,0,0,1,1,False,False,Beanleaf Coffee & Tea
beanleaf coffee tea,0,0,0,0,0,0,0,0,1,0,0,0,1,1,False,False,BEANLEAF COFFEE TEA
beany coffee,0,0,0,0,0,0,0,0,1,0,0,0,1,1,False,False,BEANY COFFEE
beard papas,0,0,0,0,0,0,0,1,0,0,0,0,1,1,False,False,BEARD PAPA'S
bearhuggs,0,0,0,0,0,0,0,0,1,0,0,0,1,1,False,False,BEARHUGGS
beas bibingka,0,0,0,0,0,0,0,0,1,0,0,0,1,1,False,False,BEA'S BIBINGKA
beatrix lotto outlet,0,0,0,0,0,0,0,1,0,0,0,0,1,1,False,False,BEATRIX LOTTO OUTLET
beats & ticks 0916 337 0969,0,0,0,0,0,0,0,1,0,0,0,0,1,1,False,False,BEATS & TICKS 0916-337-0969
beauche mini gem exhibit,0,0,0,0,0,0,0,0,0,0,0,1,1,1,False,False,BEAUCHE MINI GEM EXHIBIT ( NEAR UNO FACTORY )
beautify by beautederm,0,0,0,0,0,0,0,1,0,0,0,0,1,1,False,False,Beautify by Beautederm
beauty and wellness,0,0,0,0,0,0,0,1,0,0,0,0,1,1,False,False,Beauty and Wellness
be u simply fab,0,0,0,0,0,0,0,1,0,0,0,0,1,1,False,False,BE-U @Simply Fab
be polished,0,0,0,1,0,0,0,0,0,0,0,0,1,1,False,False,BE POLISHED
bdo unibank inc,0,0,0,0,0,0,0,0,0,0,1,0,1,1,False,False,BDO Unibank Inc.
bc26 kiosk,1,0,0,0,0,0,0,0,0,0,0,0,1,1,False,False,BC26 KIOSK
bazaar del mundo,0,0,0,0,0,0,0,1,0,0,0,0,1,1,False,False,Bazaar Del Mundo
bazinga,0,0,0,0,0,0,0,1,0,0,0,0,1,1,False,False,BAZINGA
bbbe accessories,0,0,0,0,0,0,0,1,0,0,0,0,1,1,False,False,BBBE ACCESSORIES
bbk bibingka & coffee,0,0,0,0,0,0,0,0,1,0,0,0,1,1,False,False,BBK BIBINGKA & COFFEE
bbq king temporarily closed,0,0,0,0,0,0,0,1,0,0,0,0,1,1,False,False,BBQ KING TEMPORARILY CLOSED
bbrows & nails spa,0,0,1,0,0,0,0,0,0,0,0,0,1,1,False,False,B’brows & Nails Spa
bcg digital generation,0,0,0,0,0,0,0,0,1,0,0,0,1,1,False,False,BCG DIGITAL GENERATION
bdo one network,0,0,0,0,0,0,0,0,0,0,1,0,1,1,False,False,BDO One Network
bcn by las flores,0,0,0,0,0,0,0,0,1,0,0,0,1,1,False,False,BCN BY LAS FLORES
bcs cellphone repair,0,0,0,0,1,0,0,0,0,0,0,0,1,1,False,False,BCS Cellphone Repair
bdo cash hub,0,0,0,0,0,0,0,0,0,0,1,0,1,1,False,False,BDO Cash Hub
bdo consumer lending,0,0,0,0,0,0,0,0,0,0,1,0,1,1,False,False,BDO Consumer Lending
bdo dunkin donut,0,0,0,0,0,0,0,0,0,0,0,1,1,1,False,False,BDO DUNKIN DONUT
bdo network bank,0,0,0,0,0,0,0,1,0,0,0,0,1,1,False,False,BDO Network Bank
bap bowls,0,0,0,0,0,0,0,1,0,0,0,0,1,1,False,False,Bap Bowls
banila co,0,0,1,0,0,0,0,0,0,0,0,0,1,1,False,False,Banila Co
beauty eves cosmetics,0,0,0,0,0,0,0,0,0,0,1,0,1,1,False,False,Beauty Eve's Cosmetics
bag of beans,0,0,0,0,0,0,0,1,0,0,0,0,1,1,False,False,Bag Of Beans
bag tag,0,1,0,0,0,0,0,0,0,0,0,0,1,1,False,False,BAG TAG
bagful of glitter 0917 882 0906,0,0,0,0,0,0,0,1,0,0,0,0,1,1,False,False,Bagful of Glitter 0917 882 0906 (NEW)
bagnet and beyond,0,0,0,0,0,0,0,1,0,0,0,0,1,1,False,False,Bagnet and Beyond
bags to riches,0,1,0,0,0,0,0,0,0,0,0,0,1,1,False,False,BAGS TO RICHES
baguio,0,1,0,0,0,0,0,0,0,0,0,0,1,1,False,False,BAGUIO
baguio bingo,0,0,0,0,0,0,0,0,1,0,0,0,1,1,False,False,BAGUIO BINGO
baguio country club,0,0,0,0,0,0,0,0,1,0,0,0,1,1,False,False,BAGUIO COUNTRY CLUB
baguio pet habitat,0,0,0,0,0,0,0,0,1,0,0,0,1,1,False,False,BAGUIO PET HABITAT
bahay kubo sizzlers and resto bar,0,0,0,0,0,0,0,0,0,0,0,1,1,1,False,False,BAHAY KUBO SIZZLERS AND RESTO BAR
bahn mi kitchen 0917 550 0385,0,0,0,0,0,0,0,1,0,0,0,0,1,1,False,False,BAHN MI KITCHEN 0917-550-0385
bahnmi kitchen bmkn,0,0,0,0,0,0,1,0,0,0,0,0,1,1,False,False,Bahnmi Kitchen - Bmkn
bainor cp accessories ca exhibits,0,0,0,0,0,0,0,0,0,0,0,1,1,1,False,False,Bainor CP Accessories ( 7.60 SQM) CA EXHIBITS ( PROPERTY PRO )
bainor footwear ca exhibits,0,0,0,0,0,0,0,0,0,0,0,1,1,1,False,False,Bainor Footwear (8.12 SQM) CA EXHIBITS ( PROPERTY PRO )
baiprints hub graphics & advertising,0,0,0,0,0,0,0,1,0,0,0,0,1,1,False,False,Baiprints Hub Graphics & Advertising
baka express,0,0,0,0,0,0,0,1,0,0,0,0,1,1,False,False,BAKA EXPRESS
bag rx,0,0,0,0,0,0,0,1,0,0,0,0,1,1,False,False,Bag RX
bag genie vintage & collectibles,0,1,0,0,0,0,0,0,0,0,0,0,1,1,False,False,THE BAG GENIE VINTAGE  & COLLECTIBLES
banh pho,0,0,0,0,0,0,0,1,0,0,0,0,1,1,False,False,Banh Pho
badu boutique,0,0,0,0,0,0,0,0,0,0,0,1,1,1,False,False,BADU BOUTIQUE
baby play,0,0,0,0,0,0,0,0,1,0,0,0,1,1,False,False,BABY PLAY
baby ultrasound co,0,0,0,0,0,0,0,1,0,0,0,0,1,1,False,False,Baby Ultrasound Co.
babybond ultrasound,0,0,0,0,0,0,0,0,1,0,0,0,1,1,False,False,BABYBOND ULTRASOUND
babymama,0,0,0,0,0,1,0,0,0,0,0,0,1,1,False,False,Babymama
bacani,0,0,0,0,0,0,0,0,0,0,1,0,1,1,False,False,Bacani
backyard barbecue smoke and grill,0,0,0,0,0,0,0,0,1,0,0,0,1,1,False,False,BACKYARD BARBECUE SMOKE AND GRILL
bacolod chk n bbq house,0,0,0,0,0,0,0,0,1,0,0,0,1,1,False,False,BACOLOD CHK-N-BBQ HOUSE
bacoor city treasurers office,0,0,1,0,0,0,0,0,0,0,0,0,1,1,False,False,Bacoor City Treasurer’s Office
bacsilog,0,0,0,0,0,0,0,1,0,0,0,0,1,1,False,False,Bacsilog
baculi valconcha optical,0,0,0,0,0,0,0,0,0,1,0,0,1,1,False,False,BACULI-VALCONCHA OPTICAL
bad bird,0,0,0,0,0,0,0,0,1,0,0,0,1,1,False,False,BAD BIRD
bad bird & tsukemen ramen,0,0,0,0,0,1,0,0,0,0,0,0,1,1,False,False,Bad Bird & Tsukemen Ramen
bad bowl,0,0,0,0,0,0,0,1,0,0,0,0,1,1,False,False,Bad Bowl (TEMPORARILY CLOSED)
bad boys wingz,0,1,0,0,0,0,0,0,0,0,0,0,1,1,False,False,BAD BOYS WINGZ
badu,0,0,0,0,0,0,0,0,0,0,0,1,1,1,False,False,BADU
bake and churn,0,0,0,0,0,0,0,0,1,0,0,0,1,1,False,False,BAKE AND CHURN
bake n churn,0,0,0,0,0,0,0,0,0,0,1,0,1,1,False,False,Bake N' Churn
baked by baby,0,0,0,0,0,0,0,0,1,0,0,0,1,1,False,False,BAKED BY BABY
baker bob,0,0,0,0,0,0,0,1,0,0,0,0,1,1,False,False,Baker Bob
ballet manila,0,0,0,1,0,0,0,0,0,0,0,0,1,1,False,False,Ballet Manila
ballet philippines,0,0,0,0,0,0,0,0,1,0,0,0,1,1,False,False,BALLET PHILIPPINES
balloons n ribbons by honey b,0,0,0,0,1,0,0,0,0,0,0,0,1,1,False,False,Balloons n Ribbons by Honey B
balls more,0,0,0,0,0,0,0,0,1,0,0,0,1,1,False,False,BALLS MORE
bamboo bags,0,0,0,0,0,0,0,1,0,0,0,0,1,1,False,False,Bamboo Bags
bambu desserts drinks,0,0,0,0,0,0,0,0,1,0,0,0,1,1,False,False,BAMBU DESSERTS DRINKS
banana peel flip flops,0,0,0,0,0,0,0,1,0,0,0,0,1,1,False,False,Banana Peel Flip Flops
banco de oro mus ab cellphone,0,0,0,0,0,0,0,0,0,0,0,1,1,1,False,False,BANCO DE ORO MUS AB CELLPHONE
banco de oro uniword inc,0,0,0,0,0,0,0,0,0,0,0,1,1,1,False,False,"BANCO DE ORO UNIWORD, INC."
bangkok kitchen,0,0,0,0,0,0,0,0,1,0,0,0,1,1,False,False,BANGKOK KITCHEN
bangs prime salon and t&j salon professionals,0,1,0,0,0,0,0,0,0,0,0,0,1,1,False,False,BANG’S PRIME SALON AND T&J SALON PROFESSIONALS
bangus,0,0,0,0,0,0,1,0,0,0,0,0,1,1,False,False,Bangus
bangus restaurant,0,0,0,0,0,0,0,0,1,0,0,0,1,1,False,False,BANGUS RESTAURANT
banh hi kitchen,0,0,0,0,0,0,0,1,0,0,0,0,1,1,False,False,BANH HI KITCHEN
banh mi kitchen ca phe,0,0,0,0,0,0,0,0,1,0,0,0,1,1,False,False,BANH MI KITCHEN CA PHE
ballet center,0,1,0,0,0,0,0,0,0,0,0,0,1,1,False,False,BALLET CENTER
baliwag lechon,0,0,0,0,0,0,0,1,0,0,0,0,1,1,False,False,BALIWAG LECHON
baliwag,0,0,0,1,0,0,0,0,0,0,0,0,1,1,False,False,BALIWAG
baks pc,1,0,0,0,0,0,0,0,0,0,0,0,1,1,False,False,BAKS PC
baker j,0,0,1,0,0,0,0,0,0,0,0,0,1,1,False,False,Baker J
bakers champ,0,0,0,0,0,0,0,0,1,0,0,0,1,1,False,False,BAKERS CHAMP
bakers percent bakeshop,0,0,0,0,0,0,0,0,1,0,0,0,1,1,False,False,BAKERS PERCENT BAKESHOP
bakers ph,0,0,0,0,0,0,0,1,0,0,0,0,1,1,False,False,Bakers Ph
bakers plaza,0,0,0,0,0,0,0,1,0,0,0,0,1,1,False,False,Baker's Plaza
baking crew,0,0,0,0,0,1,0,0,0,0,0,0,1,1,False,False,The Baking Crew
balai,0,0,0,0,0,0,0,0,1,0,0,0,1,1,False,False,BALAI
balispaholics,0,0,0,0,0,0,0,1,0,0,0,0,1,1,False,False,Balispaholics
balai ilonggo,0,0,0,0,0,1,0,0,0,0,0,0,1,1,False,False,Balai Ilonggo
balenciaga,0,1,0,0,0,0,0,0,0,0,0,0,1,1,False,False,BALENCIAGA
bali cafe,0,0,0,0,1,0,0,0,0,0,0,0,1,1,False,False,Bali Café
bali thai massage & wellness spa,0,1,0,0,0,0,0,0,0,0,0,0,1,1,False,False,BALI-THAI MASSAGE & WELLNESS SPA
balikatan massage clinic,0,1,0,0,0,0,0,0,0,0,0,0,1,1,False,False,BALIKATAN MASSAGE CLINIC
balikbayan handicrafts,0,1,0,0,0,0,0,0,0,0,0,0,1,1,False,False,BALIKBAYAN HANDICRAFTS
beauty bar dashing diva,0,1,0,0,0,0,0,0,0,0,0,0,1,1,False,False,BEAUTY BAR / DASHING DIVA
beauty getaway,0,1,0,0,0,0,0,0,0,0,0,0,1,1,False,False,BEAUTY GETAWAY
blissful glam nail spa,0,1,0,0,0,0,0,0,0,0,0,0,1,1,False,False,BLISSFUL GLAM NAIL SPA
bing gift shop,0,0,0,0,0,0,0,0,0,0,0,1,1,1,False,False,BING GIFT SHOP
bingo,0,0,0,0,0,0,0,0,1,0,0,0,1,1,False,False,BINGO
bingo bee bingo bonanza,0,0,0,0,0,0,0,0,0,0,0,1,1,1,False,False,"BINGO BEE, BINGO BONANZA"
bingo boutique,0,0,0,0,0,1,0,0,0,0,0,0,1,1,False,False,Bingo Boutique
bingo city,0,0,0,0,0,0,0,0,1,0,0,0,1,1,False,False,BINGO CITY
bingo dinero,0,0,0,0,0,0,0,0,1,0,0,0,1,1,False,False,BINGO DINERO
bingo empress,0,0,0,0,0,0,0,0,1,0,0,0,1,1,False,False,BINGO EMPRESS
bingo extreme,0,0,0,0,0,1,0,0,0,0,0,0,1,1,False,False,Bingo Extreme
bingo gallery,0,0,0,0,0,0,0,0,1,0,0,0,1,1,False,False,BINGO GALLERY
bingo manila,0,0,0,0,0,0,0,0,0,1,0,0,1,1,False,False,BINGO MANILA
bingo palace,0,0,0,0,0,0,0,1,0,0,0,0,1,1,False,False,Bingo Palace
bingo plaza,0,0,0,0,0,0,0,0,1,0,0,0,1,1,False,False,BINGO PLAZA
bingo sa nova,0,0,0,0,0,0,0,0,1,0,0,0,1,1,False,False,BINGO SA NOVA
bingo xtreme,0,0,1,0,0,0,0,0,0,0,0,0,1,1,False,False,Bingo Xtreme
bingomania,0,0,0,0,0,0,0,0,0,1,0,0,1,1,False,False,BINGOMANIA
bings closet,0,0,0,0,1,0,0,0,0,0,0,0,1,1,False,False,Bings Closet
bingchun tea,0,0,0,0,0,0,0,1,0,0,0,0,1,1,False,False,BINGCHUN TEA
binan fast food,0,0,0,0,0,0,0,0,1,0,0,0,1,1,False,False,BIÑAN FAST FOOD
big jewelry creation,0,0,0,0,0,0,0,0,1,0,0,0,1,1,False,False,BIG JEWELRY CREATION
binalot kerrimo,0,0,0,0,0,0,0,0,0,0,0,1,1,1,False,False,BINALOT KERRIMO
big joy kids,0,1,0,0,0,0,0,0,0,0,0,0,1,1,False,False,BIG JOY KIDS
big mommas artisan pies co,0,0,0,0,0,0,0,0,1,0,0,0,1,1,False,False,BIG MOMMAS ARTISAN PIES CO
big mummys,0,0,0,0,0,0,0,1,0,0,0,0,1,1,False,False,Big Mummy's
big paws,0,0,0,0,0,0,1,0,0,0,0,0,1,1,False,False,Big Paws
big picture,0,0,0,0,0,0,0,0,0,0,1,0,1,1,False,False,The Big Picture
big r lessors,0,1,0,0,0,0,0,0,0,0,0,0,1,1,False,False,BIG R LESSORS
bigboys,0,0,0,0,0,0,1,0,0,0,0,0,1,1,False,False,Bigboys
bigoli,0,1,0,0,0,0,0,0,0,0,0,0,1,1,False,False,BIGOLI
bike my way,0,0,0,0,0,0,0,0,1,0,0,0,1,1,False,False,BIKE MY WAY
bikes & coffee manila,0,0,0,0,0,1,0,0,0,0,0,0,1,1,False,False,Bikes & Coffee Manila
bikoi bikes,0,0,0,0,0,0,0,0,1,0,0,0,1,1,False,False,BIKOI BIKES
billiards,0,0,0,0,0,0,0,0,0,0,0,1,1,1,False,False,BILLIARDS
bills lounge,0,0,0,0,0,1,0,0,0,0,0,0,1,1,False,False,Bill's Lounge
billyard sports & music bar,0,0,0,0,0,1,0,0,0,0,0,0,1,1,False,False,Billyard Sports & Music Bar
billyard sports bar,0,0,0,0,0,1,0,0,0,0,0,0,1,1,False,False,Billyard Sports Bar
binuhat arts crafts,0,0,0,0,0,0,0,0,1,0,0,0,1,1,False,False,BINUHAT ARTS CRAFTS
biofresh,0,0,0,0,0,1,0,0,0,0,0,0,1,1,False,False,Biofresh
biovitalis institute by centro holistico,0,0,0,0,0,0,0,0,1,0,0,0,1,1,False,False,BIOVITALIS INSTITUTE BY CENTRO HOLISTICO
bir,0,0,0,1,0,0,0,0,0,0,0,0,1,1,False,False,BIR
bl petshop salon,0,0,0,0,0,0,0,0,1,0,0,0,1,1,False,False,BL PETSHOP SALON
black pearl 0910 271 5118,0,0,0,0,0,0,0,1,0,0,0,0,1,1,False,False,BLACK PEARL 0910-271-5118
black pearl by sea of spa,0,0,0,0,0,0,0,0,1,0,0,0,1,1,False,False,BLACK PEARL BY SEA OF SPA
black pearl cosmetics,0,1,0,0,0,0,0,0,0,0,0,0,1,1,False,False,BLACK PEARL COSMETICS
black pearl johnn lemon,0,1,0,0,0,0,0,0,0,0,0,0,1,1,False,False,BLACK PEARL/JOHNN LEMON
black view,0,0,0,0,1,0,0,0,0,0,0,0,1,1,False,False,Black View
blackbeards seafood island bikers cafe,0,0,0,0,0,0,0,0,1,0,0,0,1,1,False,False,BLACKBEARD'S SEAFOOD ISLAND BIKERS CAFE
blackbelle tattoo shop,0,0,0,0,0,0,0,1,0,0,0,0,1,1,False,False,BLACKBELLE TATTOO SHOP
blackscoop cafe,0,0,0,0,0,0,0,1,0,0,0,0,1,1,False,False,BLACKSCOOP CAFE
blackstem tea & coffee,0,0,0,0,0,1,0,0,0,0,0,0,1,1,False,False,BlackStem Tea & Coffee
blemish free,0,0,0,0,1,0,0,0,0,0,0,0,1,1,False,False,Blemish Free
blemish free natures skin care,0,0,0,0,0,0,0,0,1,0,0,0,1,1,False,False,BLEMISH FREE NATURES SKIN CARE
blended coffee tea frap,0,0,0,0,0,0,0,0,0,0,0,1,1,1,False,False,BLENDED COFFEE TEA FRAP
blind therapeutic massage,0,0,0,0,1,0,0,0,0,0,0,0,1,1,False,False,Blind Therapeutic Massage
blink,0,0,0,0,0,0,0,0,1,0,0,0,1,1,False,False,BLINK
bl petshop,0,0,0,0,0,0,0,1,0,0,0,0,1,1,False,False,BL Petshop
bj twin shawarma,0,0,0,0,0,0,0,1,0,0,0,0,1,1,False,False,BJ TWIN SHAWARMA
bj shawarma house,0,0,0,0,0,0,0,1,0,0,0,0,1,1,False,False,BJ SHAWARMA HOUSE
bistro ravioli,0,0,0,0,0,0,0,0,1,0,0,0,1,1,False,False,BISTRO RAVIOLI
bir notarial & photocopying,0,0,0,1,0,0,0,0,0,0,0,0,1,1,False,False,BIR Notarial & Photocopying
bir rd038,0,0,0,1,0,0,0,0,0,0,0,0,1,1,False,False,BIR RD038
bird boss the new bird of the block,0,0,0,0,0,0,0,0,1,0,0,0,1,1,False,False,BIRD BOSS THE NEW BIRD OF THE BLOCK
biryani boys,0,0,0,0,0,0,0,0,1,0,0,0,1,1,False,False,BIRYANI BOYS
biryani house restaurant,0,0,0,0,0,0,0,0,1,0,0,0,1,1,False,False,BIRYANI HOUSE RESTAURANT
biryanist,0,0,0,0,0,1,0,0,0,0,0,0,1,1,False,False,Biryanist
bistro remedios,0,0,0,0,0,0,0,0,1,0,0,0,1,1,False,False,BISTRO REMEDIOS
bizu,0,0,0,0,0,0,1,0,0,0,0,0,1,1,False,False,Bizu
bite king snackbar,0,0,0,0,0,0,0,0,1,0,0,0,1,1,False,False,BITE KING SNACKBAR
biu,0,0,1,0,0,0,0,0,0,0,0,0,1,1,False,False,Biu!
biyahe juan,0,0,0,0,0,1,0,0,0,0,0,0,1,1,False,False,Biyahe Juan
biyaya kofi,0,0,0,0,0,0,1,0,0,0,0,0,1,1,False,False,Biyaya Kofi
bizaare exhibit zar clothing collection,0,0,0,0,0,0,0,0,0,0,0,1,1,1,False,False,BIZAARE EXHIBIT ZAR CLOTHING COLLECTION
bizaare hbc,0,0,0,0,0,0,0,0,0,0,0,1,1,1,False,False,BIZAARE HBC
big joy,0,0,1,0,0,0,0,0,0,0,0,0,1,1,False,False,Big Joy
big boys toyshoppe,0,0,0,1,0,0,0,0,0,0,0,0,1,1,False,False,Big Boy's Toyshoppe
beauty getaway wellness spa,0,0,0,0,0,0,0,0,1,0,0,0,1,1,False,False,BEAUTY GETAWAY WELLNESS SPA
bellezza skin care and spa,0,0,0,0,0,0,0,1,0,0,0,0,1,1,False,False,BELLEZZA SKIN CARE AND SPA
belly bob,0,0,0,0,0,0,0,1,0,0,0,0,1,1,False,False,BELLY BOB
benanth,0,0,0,0,0,0,0,0,1,0,0,0,1,1,False,False,BENANTH
bench & bench body,0,0,0,0,0,1,0,0,0,0,0,0,1,1,False,False,Bench & Bench Body
bench beauty,0,0,0,0,0,0,0,0,1,0,0,0,1,1,False,False,BENCH BEAUTY
bench herbench,0,0,0,0,0,1,0,0,0,0,0,0,1,1,False,False,Bench + Herbench
bench uno siopao house,0,0,0,0,0,0,0,0,0,0,0,1,1,1,False,False,Bench Uno Siopao House
bench watchman,0,0,0,0,0,0,0,0,0,0,0,1,1,1,False,False,BENCH WATCHMAN
benibana beauty hub,0,0,0,0,0,1,0,0,0,0,0,0,1,1,False,False,Benibana Beauty Hub
benlife,0,0,0,0,0,0,0,0,1,0,0,0,1,1,False,False,BENLIFE
bens halo halo ice cream,0,0,1,0,0,0,0,0,0,0,0,0,1,1,False,False,Ben’s Halo-halo Ice Cream
bens kitchen,0,1,0,0,0,0,0,0,0,0,0,0,1,1,False,False,BEN'S KITCHEN
bens x meshiya,0,0,0,0,0,1,0,0,0,0,0,0,1,1,False,False,Ben's x Meshiya
bensons graphic arts,0,0,0,0,0,0,0,0,1,0,0,0,1,1,False,False,BENSONS GRAPHIC ARTS
beppos barbershop,0,0,0,1,0,0,0,0,0,0,0,0,1,1,False,False,Beppo's Barbershop
berches,0,0,0,0,0,0,1,0,0,0,0,0,1,1,False,False,Berches
bellus international,0,0,0,0,0,0,1,0,0,0,0,0,1,1,False,False,Bellus International
bellemoire,0,0,1,0,0,0,0,0,0,0,0,0,1,1,False,False,Bellemoire
big boys toy store,0,1,0,0,0,0,0,0,0,0,0,0,1,1,False,False,BIG BOYS TOY STORE
bellecrown salon,0,0,0,0,0,0,0,0,1,0,0,0,1,1,False,False,BELLECROWN SALON
beauty goals,0,0,0,0,0,0,0,1,0,0,0,0,1,1,False,False,BEAUTY GOALS
beauty palace salon and nail spa,0,1,0,0,0,0,0,0,0,0,0,0,1,1,False,False,BEAUTY PALACE SALON AND NAIL SPA
beauwarts,0,0,0,0,0,0,1,0,0,0,0,0,1,1,False,False,Beauwarts
becs salon & spa,0,0,0,0,0,0,0,0,1,0,0,0,1,1,False,False,BEC'S SALON & SPA
bee & co,0,0,1,0,0,0,0,0,0,0,0,0,1,1,False,False,Bee & Co.
bee healthy,0,0,0,0,0,0,0,1,0,0,0,0,1,1,False,False,Bee Healthy
beef pares house,0,0,0,0,0,0,0,1,0,0,0,0,1,1,False,False,BEEF PARES HOUSE
beginnings the ring store,0,0,0,0,0,0,0,0,1,0,0,0,1,1,False,False,BEGINNINGS THE RING STORE
being juice,0,0,0,0,0,0,0,1,0,0,0,0,1,1,False,False,Being Juice
belaggio bingo,0,0,0,1,0,0,0,0,0,0,0,0,1,1,False,False,Belaggio Bingo
bella beta,0,0,0,0,0,0,0,0,0,0,0,1,1,1,False,False,BELLA BETA
bella blossom flower shop,0,0,0,0,0,0,0,0,1,0,0,0,1,1,False,False,BELLA-BLOSSOM FLOWER SHOP
bella glowing skin,0,0,0,0,0,0,0,1,0,0,0,0,1,1,False,False,Bella Glowing Skin
bella mecanica salon,0,0,0,0,0,0,0,0,1,0,0,0,1,1,False,False,BELLA MECANICA SALON
belle ville pancake cafe,0,0,0,0,0,0,0,0,1,0,0,0,1,1,False,False,BELLE-VILLE PANCAKE CAFÉ
berlein,0,0,0,0,0,0,0,0,1,0,0,0,1,1,False,False,BERLEIN
bern oasis of halohalo,0,0,0,0,1,0,0,0,0,0,0,0,1,1,False,False,Bern Oasis of Halohalo
bernabest siomai house,0,0,0,0,0,0,0,0,1,0,0,0,1,1,False,False,BERNABEST SIOMAI HOUSE
bernardos watch repair,0,0,0,0,0,0,0,1,0,0,0,0,1,1,False,False,Bernardo's Watch Repair
bhdc barrera hernandez dental diagnostics,0,0,0,0,0,0,0,0,1,0,0,0,1,1,False,False,BHDC BARRERA-HERNANDEZ DENTAL DIAGNOSTICS
bhf jewelry & cash loan,0,0,0,0,0,0,0,1,0,0,0,0,1,1,False,False,BHF Jewelry & Cash Loan
bianang delicacies,0,0,0,0,0,0,0,0,0,0,1,0,1,1,False,False,BIANANG DELICACIES
bibingka manila,0,0,0,0,0,0,0,0,1,0,0,0,1,1,False,False,BIBINGKA MANILA
bibingka mnl,0,0,0,0,0,0,0,1,0,0,0,0,1,1,False,False,Bibingka MNL
bibingkintan,0,0,0,0,0,0,0,1,0,0,0,0,1,1,False,False,Bibingkintan
bibingkyut,0,0,0,0,0,0,0,0,0,0,0,1,1,1,False,False,BIBINGKYUT
bibo shoes melvino,0,0,0,0,0,0,0,0,0,0,0,1,1,1,False,False,BIBO SHOES MELVINO
bibo shoes red diamond ii,0,0,0,0,0,0,0,0,0,0,0,1,1,1,False,False,BIBO SHOES RED DIAMOND II
bibo shoes sandugo,0,0,0,0,0,0,0,0,0,0,0,1,1,1,False,False,Bibo Shoes SANDUGO
big & small & chicco,0,0,0,0,0,1,0,0,0,0,0,0,1,1,False,False,Big & Small & Chicco
big bee,0,0,0,0,0,1,0,0,0,0,0,0,1,1,False,False,The Big Bee
big belly burgers,0,0,0,0,0,1,0,0,0,0,0,0,1,1,False,False,Big Belly Burgers
big boss barbers,0,0,0,0,0,1,0,0,0,0,0,0,1,1,False,False,Big Boss Barbers
big boys,0,0,1,0,0,0,0,0,0,0,0,0,1,1,False,False,Big Boys
bf potato fries,0,0,0,0,0,0,0,0,0,0,0,1,1,1,False,False,BF POTATO FRIES
beyond polish,0,0,0,0,0,0,0,0,1,0,0,0,1,1,False,False,BEYOND POLISH
between days,0,0,0,0,0,0,0,1,0,0,0,0,1,1,False,False,BETWEEN DAYS
best lolama,0,0,0,0,0,0,0,1,0,0,0,0,1,1,False,False,Best Lolama
bernie s barbers,0,0,0,0,1,0,0,0,0,0,0,0,1,1,False,False,Bernie\'s Barbers
berovan medical supplies,0,0,0,0,0,0,0,1,0,0,0,0,1,1,False,False,Berovan Medical Supplies
bertmarks,0,1,0,0,0,0,0,0,0,0,0,0,1,1,False,False,BERTMARKS
beso beso,0,0,0,0,0,0,0,1,0,0,0,0,1,1,False,False,Beso-Beso
best cool bicycle,0,0,0,0,0,0,0,1,0,0,0,0,1,1,False,False,BEST COOL BICYCLE
best fried noodles temporarily closed,0,0,0,0,0,0,0,1,0,0,0,0,1,1,False,False,Best Fried Noodles TEMPORARILY CLOSED
best nephro specialist corporation,0,0,0,0,0,0,0,1,0,0,0,0,1,1,False,False,Best Nephro Specialist Corporation
bettinas fashion boutique temporarily closed,0,0,0,0,0,0,0,1,0,0,0,0,1,1,False,False,BETTINAS FASHION BOUTIQUE TEMPORARILY CLOSED
best print,0,0,0,1,0,0,0,0,0,0,0,0,1,1,False,False,Best Print
best toys,0,0,0,0,0,0,1,0,0,0,0,0,1,1,False,False,Best Toys
bestfriend pawever,0,0,0,0,0,0,0,1,0,0,0,0,1,1,False,False,Bestfriend Pawever
beth charms and accessories mini gem exhibit 12,0,0,0,0,0,0,0,0,0,0,0,1,1,1,False,False,BETH CHARMS AND ACCESSORIES MINI GEM EXHIBIT #12 ( FC created space # 10 )
better burger,0,0,0,0,0,0,0,0,1,0,0,0,1,1,False,False,BETTER BURGER
bettinas fashion boutique,0,0,0,0,0,0,0,1,0,0,0,0,1,1,False,False,BETTINA'S FASHION BOUTIQUE (OPEN)
father & sons,0,0,0,0,0,0,0,1,0,0,0,0,1,1,False,False,FATHER & SONS
father and sons barbershop,0,0,0,0,0,0,0,0,1,0,0,0,1,1,False,False,FATHER AND SONS BARBERSHOP
mins korean grilling station,0,0,0,0,0,0,0,0,1,0,0,0,1,1,False,False,MIN'S KOREAN GRILLING STATION
l1 104 01a 2 noodle house rose mary cellphone,0,0,0,0,0,0,0,0,0,0,0,1,1,1,False,False,L1- 104 -01A -2 Noodle House ROSE MARY CELLPHONE
l1 104 01a 4 master siomai minigem exhibit,0,0,0,0,0,0,0,0,0,0,0,1,1,1,False,False,L1- 104 - 01A -4 MASTER SIOMAI MINIGEM EXHIBIT (20)
la birria tacos & nachos,0,0,0,0,0,0,0,0,1,0,0,0,1,1,False,False,LA BIRRIA TACOS & NACHOS
la birria tacos nachos,0,0,0,0,0,0,0,0,1,0,0,0,1,1,False,False,LA BIRRIA TACOS NACHOS
la casa empanada,0,0,1,0,0,0,0,0,0,0,0,0,1,1,False,False,La Casa Empanada
la casa empanadas,0,0,0,0,0,0,0,0,1,0,0,0,1,1,False,False,LA CASA EMPANADAS
la casetta de britt restaurant,0,0,0,0,0,0,0,0,1,0,0,0,1,1,False,False,LA CASETTA DE BRITT RESTAURANT
la chambre de beaute beauty salon,0,0,0,0,0,0,0,1,0,0,0,0,1,1,False,False,LA CHAMBRE DE BEAUTE BEAUTY SALON
la chicks hot chicken,0,0,1,0,0,0,0,0,0,0,0,0,1,1,False,False,La Chicks Hot Chicken
la estetica,0,0,0,0,0,0,0,0,1,0,0,0,1,1,False,False,LA ESTETICA
la europa ceramica,0,0,0,0,0,0,0,0,1,0,0,0,1,1,False,False,LA EUROPA CERAMICA
la fiesta filipino cuisine,0,0,0,0,0,0,0,0,1,0,0,0,1,1,False,False,LA FIESTA FILIPINO CUISINE
la floreria,0,1,0,0,0,0,0,0,0,0,0,0,1,1,False,False,LA FLORERIA
la halo halo,0,0,0,0,0,0,0,1,0,0,0,0,1,1,False,False,LA HALO HALO
la hanan,0,0,0,0,0,0,0,0,1,0,0,0,1,1,False,False,LA HANAN
la kuseana,0,0,0,0,0,0,0,0,1,0,0,0,1,1,False,False,LA KUSEANA
l1 104 01a 3 lemon express minigem exhibit,0,0,0,0,0,0,0,0,0,0,0,1,1,1,False,False,L1- 104 -01A -3 Lemon Express MINIGEM EXHIBIT (30)
l sea dimsum and noodle house,0,0,0,0,0,0,0,0,1,0,0,0,1,1,False,False,L SEA DIMSUM AND NOODLE HOUSE
la lola,0,0,0,0,0,0,0,1,0,0,0,0,1,1,False,False,LA LOLA
l royale,0,0,0,0,0,0,0,1,0,0,0,0,1,1,False,False,L' Royale
kuysen,0,0,0,0,0,0,0,0,1,0,0,0,1,1,False,False,KUYSEN
kuzina guadalupe,0,0,0,0,0,0,0,0,1,0,0,0,1,1,False,False,KUZINA GUADALUPE
kvik,0,0,0,0,0,0,0,0,1,0,0,0,1,1,False,False,KVIK
kylas bistro,0,0,0,0,0,0,0,1,0,0,0,0,1,1,False,False,Kyla's Bistro
kylie cellphone and accessories shop,0,0,0,0,0,0,0,1,0,0,0,0,1,1,False,False,KYLIE CELLPHONE AND ACCESSORIES SHOP
kyocera mita,0,0,0,0,0,0,0,0,1,0,0,0,1,1,False,False,KYOCERA MITA
kyoda1,0,1,0,0,0,0,0,0,0,0,0,0,1,1,False,False,KYODA1
kyoken travel tours,0,0,0,0,0,0,0,0,1,0,0,0,1,1,False,False,KYOKEN TRAVEL TOURS
kyushu ramen,0,1,0,0,0,0,0,0,0,0,0,0,1,1,False,False,KYUSHU RAMEN
l & y mobile phone & computer accessories,0,0,0,0,0,0,0,1,0,0,0,0,1,1,False,False,L & Y Mobile Phone & Computer Accessories
l a eatery,0,0,0,0,0,0,0,1,0,0,0,0,1,1,False,False,L. A EATERY
l a music & sports center,0,0,0,0,0,0,0,0,1,0,0,0,1,1,False,False,L.A. MUSIC & SPORTS CENTER
l entrecote,0,0,0,0,0,1,0,0,0,0,0,0,1,1,False,False,L' Entrecote
l foods corporation,0,0,0,0,0,0,0,0,0,0,0,1,1,1,False,False,L FOODS CORPORATION
l o f t,0,0,0,0,0,0,0,1,0,0,0,0,1,1,False,False,L.O.F.T.
la kusina,0,0,0,0,0,0,0,0,0,0,0,1,1,1,False,False,LA KUSINA
la maison,0,0,0,0,0,0,1,0,0,0,0,0,1,1,False,False,La Maison
jh enterprises,0,0,0,0,0,0,0,0,0,0,0,1,1,1,False,False,JH ENTERPRISES
ladybelle nail and body spa,0,0,0,0,0,0,0,0,1,0,0,0,1,1,False,False,LADYBELLE NAIL AND BODY SPA
lago de dalahican,0,0,0,0,0,0,0,1,0,0,0,0,1,1,False,False,Lago De Dalahican
lagrima,0,0,0,0,0,1,0,0,0,0,0,0,1,1,False,False,Lagrima
lahlahlah,0,0,0,0,0,0,0,1,0,0,0,0,1,1,False,False,LAHLAHLAH
laizah beauty,0,0,0,0,0,0,0,1,0,0,0,0,1,1,False,False,LAIZAH BEAUTY
lala annies sizzling food house,0,0,0,0,0,0,0,1,0,0,0,0,1,1,False,False,Lala Annie's Sizzling Food House
lalaines fashion boutique,0,0,0,0,0,0,0,1,0,0,0,0,1,1,False,False,Lalaine's Fashion Boutique
lalaurs beauty products,0,0,0,0,0,0,0,1,0,0,0,0,1,1,False,False,Lalaurs Beauty Products
lam ay furniture,0,1,0,0,0,0,0,0,0,0,0,0,1,1,False,False,LAM-AY FURNITURE
lamier jewelry,0,0,0,0,0,0,1,0,0,0,0,0,1,1,False,False,Lamier Jewelry
lanas sweet delights,0,0,0,0,0,0,0,0,1,0,0,0,1,1,False,False,LANAS SWEET DELIGHTS
lanchi,0,0,0,0,0,0,0,1,0,0,0,0,1,1,False,False,Lanchi
land bank,0,0,0,0,0,0,0,1,0,0,0,0,1,1,False,False,Land Bank
land registration authority,0,0,0,0,0,0,0,0,1,0,0,0,1,1,False,False,LAND REGISTRATION AUTHORITY
landcell,0,0,0,0,0,0,1,0,0,0,0,0,1,1,False,False,Landcell
lander,0,0,0,0,0,0,1,0,0,0,0,0,1,1,False,False,Lander
lagalag,0,0,0,0,0,0,0,0,1,0,0,0,1,1,False,False,LAGALAG
lady grace,0,0,0,1,0,0,0,0,0,0,0,0,1,1,False,False,Lady Grace
la nilad coffee,0,0,0,0,0,0,0,0,1,0,0,0,1,1,False,False,LA NILAD COFFEE
lady carat,1,0,0,0,0,0,0,0,0,0,0,0,1,1,False,False,Lady Carat
la oriental wellness spa,0,0,0,0,0,0,0,0,1,0,0,0,1,1,False,False,LA ORIENTAL WELLNESS SPA
la perfecta,0,0,0,0,0,0,0,1,0,0,0,0,1,1,False,False,La Perfecta
la perfecta wellness spa,0,0,0,0,0,0,0,1,0,0,0,0,1,1,False,False,La Perfecta Wellness Spa
la provence,0,1,0,0,0,0,0,0,0,0,0,0,1,1,False,False,LA PROVENCE
la rizza clinica dentista,0,0,0,0,0,0,0,1,0,0,0,0,1,1,False,False,La Rizza Clinica Dentista
la treats,0,0,0,0,0,0,0,1,0,0,0,0,1,1,False,False,La Treats
lab by the eyebrowdery,0,1,0,0,0,0,0,0,0,0,0,0,1,1,False,False,LAB BY THE EYEBROWDERY
lachis,0,0,0,0,0,0,0,0,1,0,0,0,1,1,False,False,LACHIS
lacoste 9173274638,0,0,0,0,0,0,0,1,0,0,0,0,1,1,False,False,Lacoste 9173274638
lacoste footwear,0,0,0,0,0,0,0,0,1,0,0,0,1,1,False,False,LACOSTE FOOTWEAR
lacoste live,0,1,0,0,0,0,0,0,0,0,0,0,1,1,False,False,LACOSTE LIVE
lacoste outlet,0,0,0,0,0,0,0,1,0,0,0,0,1,1,False,False,Lacoste Outlet
lacoste sports,0,1,0,0,0,0,0,0,0,0,0,0,1,1,False,False,LACOSTE SPORTS
lactation treats,0,0,0,0,0,0,0,0,1,0,0,0,1,1,False,False,LACTATION TREATS
lady annes tarts & pastries,0,0,0,0,0,0,0,0,1,0,0,0,1,1,False,False,LADY ANNE'S TARTS & PASTRIES
kuya korea,0,0,0,0,0,0,0,0,1,0,0,0,1,1,False,False,KUYA KOREA
kuya js restaurant iguanas,0,0,0,0,0,0,0,0,0,0,0,1,1,1,False,False,KUYA J's Restaurant IGUANAS
kuya js restaurant,0,0,0,0,0,0,0,1,0,0,0,0,1,1,False,False,Kuya J's Restaurant
koi,0,0,0,0,0,1,0,0,0,0,0,0,1,1,False,False,Koi
komoro soba,0,0,0,0,0,0,0,0,1,0,0,0,1,1,False,False,KOMORO SOBA
konbini karaage,0,0,0,0,0,0,0,1,0,0,0,0,1,1,False,False,Konbini Karaage
konbini store,0,0,0,0,0,0,0,1,0,0,0,0,1,1,False,False,Konbini Store
kong vr,0,0,1,0,0,0,0,0,0,0,0,0,1,1,False,False,Kong Vr
konsis shawarma,0,0,0,0,0,0,0,0,0,0,0,1,1,1,False,False,KONSI'S SHAWARMA
konvy,0,0,0,0,0,0,0,1,0,0,0,0,1,1,False,False,KONVY
kooke house pop up store,0,0,0,0,0,0,0,1,0,0,0,0,1,1,False,False,KOOKE HOUSE POP UP STORE
koomi temporarily closed,0,0,0,0,0,0,0,1,0,0,0,0,1,1,False,False,Koomi TEMPORARILY CLOSED
kopi by jims recipe,0,0,0,0,0,0,1,0,0,0,0,0,1,1,False,False,Kopi by Jim's Recipe
koreana look,0,0,0,0,0,0,0,1,0,0,0,0,1,1,False,False,KOREANA LOOK
korn,0,0,0,0,0,0,0,1,0,0,0,0,1,1,False,False,KORN
korte,0,0,0,0,0,0,0,1,0,0,0,0,1,1,False,False,Korte
korte ni bella mechanica,0,0,0,0,0,0,0,1,0,0,0,0,1,1,False,False,KORTE NI BELLA MECHANICA
kosmetikos center,0,0,0,0,1,0,0,0,0,0,0,0,1,1,False,False,Kosmetikos Center
kowloon house jr,0,1,0,0,0,0,0,0,0,0,0,0,1,1,False,False,"KOWLOON HOUSE, JR."
komoro japanese dining,0,0,0,0,0,0,0,0,1,0,0,0,1,1,False,False,KOMORO JAPANESE DINING
kogi vegi,0,0,0,0,0,0,0,0,1,0,0,0,1,1,False,False,KOGI VEGI
kuya j restaurant 0930 403 0259,0,0,0,0,0,0,0,1,0,0,0,0,1,1,False,False,Kuya J Restaurant 0930-403-0259
kodak,0,0,0,0,1,0,0,0,0,0,0,0,1,1,False,False,Kodak
kitchentable by bng,0,0,0,0,0,0,0,0,1,0,0,0,1,1,False,False,KITCHENTABLE BY BnG
kitchn,0,0,0,0,0,0,0,0,1,0,0,0,1,1,False,False,THE KITCHN
kiwami,0,1,0,0,0,0,0,0,0,0,0,0,1,1,False,False,KIWAMI
kizuna,0,0,0,0,0,0,0,1,0,0,0,0,1,1,False,False,Kizuna
kizzashi loading,0,0,0,0,1,0,0,0,0,0,0,0,1,1,False,False,Kizzashi Loading
klad,1,0,0,0,0,0,0,0,0,0,0,0,1,1,False,False,Klad
kleen o matic,0,0,0,0,0,0,0,0,0,0,1,0,1,1,False,False,Kleen O Matic
klen laundromat,0,0,0,0,0,1,0,0,0,0,0,0,1,1,False,False,Klen Laundromat
klm advanced dental center,0,0,0,0,0,0,0,1,0,0,0,0,1,1,False,False,KLM Advanced Dental Center
klm dental,0,0,0,0,0,0,0,0,0,0,1,0,1,1,False,False,KLM Dental
knc printz,0,0,0,0,0,0,0,0,1,0,0,0,1,1,False,False,KNC PRINTZ
knd fonehaus,0,0,0,0,0,0,0,1,0,0,0,0,1,1,False,False,KND Fonehaus
knead brew bakery cafe,0,0,0,0,0,0,0,0,1,0,0,0,1,1,False,False,KNEAD BREW BAKERY CAFÉ
kobe clinic,0,0,1,0,0,0,0,0,0,0,0,0,1,1,False,False,Kobe Clinic
kochi cafe,0,0,0,0,0,0,0,0,1,0,0,0,1,1,False,False,KOCHI CAFE
kraken takoyaki,0,0,0,0,0,1,0,0,0,0,0,0,1,1,False,False,Kraken Takoyaki
krapow,0,0,0,0,0,0,0,0,1,0,0,0,1,1,False,False,KRAPOW
krazy mushroom,0,0,0,0,0,1,0,0,0,0,0,0,1,1,False,False,Krazy Mushroom
krispy ice cream,0,0,0,0,0,0,0,0,1,0,0,0,1,1,False,False,KRISPY ICE CREAM
kumon 0933 856 9315,0,0,0,0,0,0,0,1,0,0,0,0,1,1,False,False,KUMON 0933-856-9315
kumon robinsons otis center,0,0,0,0,0,0,0,1,0,0,0,0,1,1,False,False,KUMON ROBINSONS OTIS CENTER
kumpares,0,1,0,0,0,0,0,0,0,0,0,0,1,1,False,False,KUMPARES
kung fu master cooking,0,0,0,0,0,1,0,0,0,0,0,0,1,1,False,False,Kung Fu Master Cooking
kuppa coffee tea,0,0,0,0,0,0,0,0,1,0,0,0,1,1,False,False,KUPPA COFFEE TEA
kurbang lokal,0,0,0,0,0,1,0,0,0,0,0,0,1,1,False,False,Kurbang Lokal
kureji,0,0,0,0,0,0,0,0,1,0,0,0,1,1,False,False,KUREJI
kurimi,0,0,0,0,0,0,0,1,0,0,0,0,1,1,False,False,KURIMI
kusina manyaman,0,0,0,0,0,0,0,0,1,0,0,0,1,1,False,False,KUSINA MANYAMAN
kusina ni sendang,0,0,0,0,0,0,0,0,1,0,0,0,1,1,False,False,KUSINA NI SENDANG
kusina tsina,0,0,0,0,0,0,0,0,1,0,0,0,1,1,False,False,KUSINA TSINA
kusinang pinoy 0955 623 4688,0,0,0,0,0,0,0,1,0,0,0,0,1,1,False,False,KUSINANG PINOY 0955-623-4688
kuv derma clinic ca exhibits,0,0,0,0,0,0,0,0,0,0,0,1,1,1,False,False,KUV DERMA CLINIC CA EXHIBITS ( PROPERTY PRO )
kuv derma clinic expansion fegis ii,0,0,0,0,0,0,0,0,0,0,0,1,1,1,False,False,KUV DERMA CLINIC EXPANSION FEGI'S II
kuya berts pares house,0,0,0,0,0,0,0,1,0,0,0,0,1,1,False,False,KUYA BERT'S PARES HOUSE
kuletz,0,0,0,0,0,0,0,1,0,0,0,0,1,1,False,False,Kuletz
kukugalbi restaurant,0,0,0,0,0,0,0,0,1,0,0,0,1,1,False,False,KUKUGALBI RESTAURANT
kuka,0,0,0,0,0,0,0,0,1,0,0,0,1,1,False,False,KUKA
kskin,0,0,0,0,0,0,1,0,0,0,0,0,1,1,False,False,Kskin
krispy kreme 9190819300,0,0,0,0,0,0,0,1,0,0,0,0,1,1,False,False,Krispy Kreme 9190819300
kristenzz,0,0,0,0,0,0,0,1,0,0,0,0,1,1,False,False,Kristenzz
kristenzz open,0,0,0,0,0,0,0,1,0,0,0,0,1,1,False,False,Kristenzz OPEN
kristine,0,0,0,0,0,0,0,0,1,0,0,0,1,1,False,False,KRISTINE
kristine jewellery,0,0,0,0,0,1,0,0,0,0,0,0,1,1,False,False,Kristine Jewellery
krizie ice jelly,0,0,0,0,0,0,0,0,1,0,0,0,1,1,False,False,KRIZIE ICE JELLY
ksl beauty products,0,0,0,0,0,0,0,1,0,0,0,0,1,1,False,False,KSL BEAUTY PRODUCTS
kublai khan,0,1,0,0,0,0,0,0,0,0,0,0,1,1,False,False,KUBLAI KHAN
ksyn fitness gym,0,0,0,0,0,1,0,0,0,0,0,0,1,1,False,False,KSYN Fitness Gym
kt drinks,0,0,0,0,0,0,0,1,0,0,0,0,1,1,False,False,KT Drinks
ktlystph clothings,0,0,0,0,0,0,1,0,0,0,0,0,1,1,False,False,Ktlystph Clothings
ktv playbox,0,0,0,1,0,0,0,0,0,0,0,0,1,1,False,False,KTV PLAYBOX
kuanzhai,0,0,0,0,0,0,0,0,0,0,1,0,1,1,False,False,KUANZHAI
kuanzhai alley,0,0,0,0,0,0,0,0,0,0,1,0,1,1,False,False,KUANZHAI ALLEY
landers,0,0,0,0,0,1,0,0,0,0,0,0,1,1,False,False,Landers
landmark banks,0,1,0,0,0,0,0,0,0,0,0,0,1,1,False,False,LANDMARK - BANKS
landmark department store,0,0,1,0,0,0,0,0,0,0,0,0,1,1,False,False,Landmark Department Store
lemon made,0,0,0,0,0,0,0,1,0,0,0,0,1,1,False,False,LEMON MADE
lemon station,0,0,0,0,0,0,0,1,0,0,0,0,1,1,False,False,Lemon Station
lemon twist,0,0,0,0,0,0,0,1,0,0,0,0,1,1,False,False,LEMON TWIST
lemon zone,0,0,0,0,0,0,0,1,0,0,0,0,1,1,False,False,Lemon Zone
lemonaze,0,0,0,0,0,0,0,0,1,0,0,0,1,1,False,False,LEMONAZE
lemoncha,0,0,0,0,0,1,0,0,0,0,0,0,1,1,False,False,Lemoncha
lemonjuju,0,0,0,0,0,0,0,1,0,0,0,0,1,1,False,False,Lemonjuju
lemonzest,0,0,0,0,0,0,0,0,1,0,0,0,1,1,False,False,LEMONZEST
lemonzilla,0,0,0,0,1,0,0,0,0,0,0,0,1,1,False,False,Lemonzilla
lemonzilla freshly squeezed lemonade,0,0,0,0,0,0,0,0,1,0,0,0,1,1,False,False,LEMONZILLA FRESHLY SQUEEZED LEMONADE
lenin computer systems inc,0,0,0,0,0,0,0,0,1,0,0,0,1,1,False,False,LENIN COMPUTER SYSTEMS INC
lens crafter shop,0,0,0,0,0,0,0,0,1,0,0,0,1,1,False,False,THE LENS CRAFTER SHOP
lenslab eyecare specialist,0,0,0,0,0,0,0,1,0,0,0,0,1,1,False,False,Lenslab EyeCare Specialist
leo dosirak,0,0,0,0,0,0,0,0,1,0,0,0,1,1,False,False,LEO DOSIRAK
leo pizza,0,0,0,0,0,0,0,0,1,0,0,0,1,1,False,False,LEO PIZZA
leondell,0,0,0,0,0,0,0,0,0,0,0,1,1,1,False,False,LEONDELL
lemon pa more,0,0,0,0,0,0,0,1,0,0,0,0,1,1,False,False,Lemon Pa More
lemon life,0,0,0,0,0,0,0,1,0,0,0,0,1,1,False,False,Lemon Life
lee wrangler us polo,1,0,0,0,0,0,0,0,0,0,0,0,1,1,False,False,LEE / WRANGLER / US POLO
lemon jess,0,0,0,0,0,0,0,0,1,0,0,0,1,1,False,False,LEMON JESS
leica,0,1,0,0,0,0,0,0,0,0,0,0,1,1,False,False,LEICA
leisure hopper,0,0,1,0,0,0,0,0,0,0,0,0,1,1,False,False,Leisure Hopper
lemeur,0,0,0,0,0,0,1,0,0,0,0,0,1,1,False,False,Lemeur
lemon 101,0,1,0,0,0,0,0,0,0,0,0,0,1,1,False,False,LEMON 101
lemon blend 9959386824,0,0,0,0,0,0,0,1,0,0,0,0,1,1,False,False,Lemon Blend 9959386824
lemon burst,0,0,0,0,0,0,0,1,0,0,0,0,1,1,False,False,Lemon Burst
lemon cali,0,0,0,0,0,0,0,0,1,0,0,0,1,1,False,False,LEMON CALI
lemon co 0920 952 8907,0,0,0,0,0,0,0,1,0,0,0,0,1,1,False,False,THE LEMON CO. 0920-952-8907
lemon co juicery,0,0,0,0,0,0,0,0,1,0,0,0,1,1,False,False,THE LEMON CO JUICERY
lemon dew,0,0,0,0,0,0,0,0,1,0,0,0,1,1,False,False,LEMON DEW
lemon drop,0,0,0,0,0,0,0,1,0,0,0,0,1,1,False,False,LEMON DROP
lemon express,0,0,1,0,0,0,0,0,0,0,0,0,1,1,False,False,Lemon Express
lemon greens,0,0,0,0,0,0,0,0,1,0,0,0,1,1,False,False,LEMON GREENS
lemon hub sunsai,0,0,0,0,0,0,0,1,0,0,0,0,1,1,False,False,LEMON HUB SUNSAI
lemon jar samgyeopsalemon,0,0,0,0,0,0,0,0,1,0,0,0,1,1,False,False,LEMON JAR SAMGYEOPSALEMON
leonora p carreon,0,0,0,0,0,0,0,0,0,0,0,1,1,1,False,False,LEONORA P. CARREON
lessive laundromat,0,0,0,0,0,0,0,1,0,0,0,0,1,1,False,False,Lessive Laundromat
lets face it going straight,0,0,0,0,0,0,0,0,1,0,0,0,1,1,False,False,LETS FACE IT GOING STRAIGHT
letterbee,0,0,0,0,0,0,0,0,1,0,0,0,1,1,False,False,LETTERBEE
liam cars,0,0,0,0,0,0,0,1,0,0,0,0,1,1,False,False,Liam Cars
liams & louis gourmet,0,0,0,0,0,0,1,0,0,0,0,0,1,1,False,False,Liam's & Louis Gourmet
liberty diamonds,0,0,0,0,0,0,0,0,0,0,1,0,1,1,False,False,Liberty Diamonds
licanto food corner,0,0,0,0,0,0,0,1,0,0,0,0,1,1,False,False,LICANTO FOOD CORNER (
licanto takoyaki,0,0,0,0,0,0,0,1,0,0,0,0,1,1,False,False,LICANTO TAKOYAKI
liege manila,0,0,1,0,0,0,0,0,0,0,0,0,1,1,False,False,Liege Manila
liempao goto king tapa king bbq,0,0,0,0,0,0,0,0,0,0,0,1,1,1,False,False,LIEMPAO/GOTO KING/TAPA KING/ BBQ
life 4 cuts,0,0,0,0,0,0,0,1,0,0,0,0,1,1,False,False,LIFE 4 CUTS
life extension,0,0,0,0,0,0,0,0,1,0,0,0,1,1,False,False,LIFE EXTENSION
life extension by confluence health and wellness products,0,0,0,0,0,0,0,0,1,0,0,0,1,1,False,False,LIFE EXTENSION BY CONFLUENCE HEALTH AND WELLNESS PRODUCTS
life for cuts,0,0,0,0,0,0,0,1,0,0,0,0,1,1,False,False,LIFE FOR CUTS
life n arts,0,1,0,0,0,0,0,0,0,0,0,0,1,1,False,False,LIFE ‘N ARTS
lifecycle,0,0,0,0,0,0,1,0,0,0,0,0,1,1,False,False,Lifecycle
lightbox studios,0,0,0,0,0,0,0,0,1,0,0,0,1,1,False,False,LIGHTBOX STUDIOS
lighter s galore,0,0,0,0,1,0,0,0,0,0,0,0,1,1,False,False,Lighter\'s Galore
li ning,0,1,0,0,0,0,0,0,0,0,0,0,1,1,False,False,LI-NING
li am dimsum,0,0,0,0,0,0,0,1,0,0,0,0,1,1,False,False,LI AM DIMSUM
lhuillier,0,0,0,0,0,0,0,0,0,0,0,1,1,1,False,False,LHUILLIER
leylams shawarma,0,0,0,0,0,0,0,1,0,0,0,0,1,1,False,False,Leylam's Shawarma
levie lifestyle clinic,0,0,0,0,0,0,0,0,1,0,0,0,1,1,False,False,LEVIE LIFESTYLE CLINIC
levis 5216 563,0,0,0,0,0,0,0,1,0,0,0,0,1,1,False,False,Levi's 5216-563
lexstar graphics arts,0,0,1,0,0,0,0,0,0,0,0,0,1,1,False,False,Lexstar Graphics Arts
leylam 0933 816 0784,0,0,0,0,0,0,0,1,0,0,0,0,1,1,False,False,LEYLAM 0933-816-0784
leylam shawarma 0917 133 3896,0,0,0,0,0,0,0,1,0,0,0,0,1,1,False,False,LEYLAM SHAWARMA 0917-133-3896
leylam shawarma 9431413157,0,0,0,0,0,0,0,1,0,0,0,0,1,1,False,False,LEYLAM SHAWARMA (NEW) 9431413157
leysa,0,0,1,0,0,0,0,0,0,0,0,0,1,1,False,False,Leysa
lgd key shop,0,0,0,0,0,0,0,1,0,0,0,0,1,1,False,False,LGD KEY SHOP
leyte paperworld,0,0,0,0,0,0,0,0,1,0,0,0,1,1,False,False,LEYTE PAPERWORLD
lfafa enteprise,0,0,0,0,0,0,0,1,0,0,0,0,1,1,False,False,Lfafa Enteprise
lfafa enterprises,0,0,0,0,0,0,0,1,0,0,0,0,1,1,False,False,Lfafa Enterprises
lfafa massage chair,0,0,0,1,0,0,0,0,0,0,0,0,1,1,False,False,Lfafa Massage Chair
lg,0,0,0,0,0,0,0,0,1,0,0,0,1,1,False,False,LG
lg sony ericson,0,0,0,0,1,0,0,0,0,0,0,0,1,1,False,False,LG/Sony Ericson
legrand,0,0,0,0,0,0,1,0,0,0,0,0,1,1,False,False,Legrand
lee eun young nature care center,0,0,0,0,0,0,0,0,1,0,0,0,1,1,False,False,LEE EUN YOUNG NATURE CARE CENTER
landmark supermarket,0,0,1,0,0,0,0,0,0,0,0,0,1,1,False,False,Landmark Supermarket
lasquite dental and medical clinic,0,0,0,0,0,0,0,0,1,0,0,0,1,1,False,False,LASQUITE DENTAL AND MEDICAL CLINIC
laundry district,0,0,0,0,0,1,0,0,0,0,0,0,1,1,False,False,The Laundry District
laundry room,0,0,0,0,0,0,0,0,1,0,0,0,1,1,False,False,THE LAUNDRY ROOM
laundrybest,0,0,0,0,0,0,0,0,1,0,0,0,1,1,False,False,LAUNDRYBEST
laundryhood,0,1,0,0,0,0,0,0,0,0,0,0,1,1,False,False,LAUNDRYHOOD
lavin enterprises,0,0,0,0,1,0,0,0,0,0,0,0,1,1,False,False,Lavin Enterprises
laxare nail & day spa,0,0,1,0,0,0,0,0,0,0,0,0,1,1,False,False,Laxare Nail & Day Spa
lay bare 8477 3532 0922 872 3648,0,0,0,0,0,0,0,1,0,0,0,0,1,1,False,False,LAY BARE ((02) 8477-3532 / 0922-872-3648)
1,0,0,0,0,0,0,0,1,0,0,0,0,1,1,False,False,1
laybare plus,0,0,0,0,0,0,0,1,0,0,0,0,1,1,False,False,LAYBARE PLUS
lazboy,0,1,0,0,0,0,0,0,0,0,0,0,1,1,False,False,LAZBOY
lazer arena,0,0,0,0,0,0,0,0,1,0,0,0,1,1,False,False,LAZER ARENA
lazer musical instruments,0,1,0,0,0,0,0,0,0,0,0,0,1,1,False,False,LAZER MUSICAL INSTRUMENTS
lazer xtreme,0,1,0,0,0,0,0,0,0,0,0,0,1,1,False,False,LAZER XTREME
lazerarena,0,0,0,0,0,0,0,0,1,0,0,0,1,1,False,False,LAZERARENA
lazy panda massage chair,0,0,0,0,0,0,0,1,0,0,0,0,1,1,False,False,LAZY PANDA MASSAGE CHAIR
last scoop ice cream,0,0,0,0,0,0,0,0,1,0,0,0,1,1,False,False,LAST SCOOP ICE CREAM
lashious,0,0,0,0,0,0,0,0,1,0,0,0,1,1,False,False,LASHIOUS
ledesma audiological center,0,0,0,0,0,0,0,0,1,0,0,0,1,1,False,False,LEDESMA AUDIOLOGICAL CENTER
lashgasm,0,0,0,0,0,0,0,0,1,0,0,0,1,1,False,False,LASHGASM
lanuza dental clinic,0,0,0,0,0,0,0,0,0,0,0,1,1,1,False,False,LANUZA DENTAL CLINIC
lao taipei,0,0,0,0,0,0,1,0,0,0,0,0,1,1,False,False,Lao Taipei
lapid dental clinic,0,0,0,0,0,0,0,1,0,0,0,0,1,1,False,False,Lapid Dental Clinic
lapids chicharon,0,0,0,0,0,0,0,0,0,0,0,1,1,1,False,False,LAPID'S CHICHARON
lapilar jewellery,0,1,0,0,0,0,0,0,0,0,0,0,1,1,False,False,LAPILAR JEWELLERY
laptop expert,0,0,0,0,0,0,0,0,1,0,0,0,1,1,False,False,THE LAPTOP EXPERT
laragway,0,0,1,0,0,0,0,0,0,0,0,0,1,1,False,False,Laragway
large screen format,0,0,0,0,0,0,0,0,1,0,0,0,1,1,False,False,LARGE SCREEN FORMAT
larichie pasalubong,0,0,0,0,0,0,0,1,0,0,0,0,1,1,False,False,Larichie Pasalubong
larrazabal eye,0,0,0,0,0,0,0,0,1,0,0,0,1,1,False,False,LARRAZABAL EYE
las fresas,0,0,0,0,0,0,0,1,0,0,0,0,1,1,False,False,LAS FRESAS
laser madness,0,0,1,0,0,0,0,0,0,0,0,0,1,1,False,False,Laser Madness
laserase m d,0,0,0,0,0,0,0,0,0,0,1,0,1,1,False,False,Laserase M.D.
laserase md,0,0,0,0,0,0,0,1,0,0,0,0,1,1,False,False,Laserase MD
lash lounge,0,0,0,0,0,0,0,1,0,0,0,0,1,1,False,False,LASH LOUNGE
lbc 0917 854 3822,0,0,0,0,0,0,0,1,0,0,0,0,1,1,False,False,LBC 0917 854 3822
lbc 9178503089,0,0,0,0,0,0,0,1,0,0,0,0,1,1,False,False,LBC 9178503089
lbc express inc,0,0,0,0,0,0,0,1,0,0,0,0,1,1,False,False,"LBC Express, Inc."
lbc express inc siopao house,0,0,0,0,0,0,0,0,0,0,0,1,1,1,False,False,"LBC EXPRESS, INC. SIOPAO HOUSE"
le temps,0,0,0,0,0,1,0,0,0,0,0,0,1,1,False,False,Le Temps
le temps pandora,0,0,0,0,0,0,0,0,1,0,0,0,1,1,False,False,LE TEMPS PANDORA
le vibe ph,0,0,0,0,0,0,0,1,0,0,0,0,1,1,False,False,LE VIBE PH
lea salon,0,0,0,0,0,1,0,0,0,0,0,0,1,1,False,False,LEA Salon
leap grip,0,0,1,0,0,0,0,0,0,0,0,0,1,1,False,False,Leap Grip
learning hub,0,0,1,0,0,0,0,0,0,0,0,0,1,1,False,False,Learning Hub
learning jungle,0,0,0,0,0,1,0,0,0,0,0,0,1,1,False,False,Learning Jungle
leaveland b club zar clothing collection,0,0,0,0,0,0,0,0,0,0,0,1,1,1,False,False,LEAVELAND/ B CLUB ZAR CLOTHING COLLECTION
leaveland boutique mobile planet,0,0,0,0,0,0,0,0,0,0,0,1,1,1,False,False,Leaveland Boutique MOBILE PLANET
lechon belly kitchen salo,0,0,0,0,0,0,1,0,0,0,0,0,1,1,False,False,Lechon Belly Kitchen/Salo
lechon factory,0,0,0,0,0,0,0,0,0,1,0,0,1,1,False,False,LECHON FACTORY
lechon h,0,0,0,0,0,0,0,0,1,0,0,0,1,1,False,False,LECHON H
lechon house,0,0,0,0,0,0,0,1,0,0,0,0,1,1,False,False,LECHON HOUSE
lechon king toppings,0,0,0,0,1,0,0,0,0,0,0,0,1,1,False,False,Lechon King Toppings
lechoneria,0,0,0,0,0,0,0,1,0,0,0,0,1,1,False,False,Lechoneria
le sucre lab 9456540068,0,0,0,0,0,0,0,1,0,0,0,0,1,1,False,False,Le Sucre Lab 9456540068
le salon de coiffure,0,0,0,0,0,0,0,1,0,0,0,0,1,1,False,False,Le Salon De Coiffure
le petit bouquet manille,0,0,0,0,0,0,0,0,1,0,0,0,1,1,False,False,LE PETIT BOUQUET MANILLE
ldm driving institute inc,0,0,0,0,0,0,0,1,0,0,0,0,1,1,False,False,LDM DRIVING INSTITUTE INC.
lbc express just gift incorporated,0,0,0,0,0,0,0,0,0,0,0,1,1,1,False,False,LBC EXPRESS JUST GIFT INCORPORATED
lbc jcm exhibit depot,0,0,0,0,0,0,0,0,0,0,0,1,1,1,False,False,LBC JCM Exhibit Depot
lbc mr quickie,0,0,0,0,0,0,0,0,0,0,0,1,1,1,False,False,"LBC, MR. QUICKIE"
lbc step up,0,0,0,0,0,0,0,0,0,0,0,1,1,1,False,False,LBC STEP UP
lca cellphone & accessories,0,0,0,0,0,0,0,1,0,0,0,0,1,1,False,False,LCA Cellphone & Accessories
ldm driving institute,0,0,0,0,0,0,0,0,1,0,0,0,1,1,False,False,LDM DRIVING INSTITUTE
le cafe temporarily closed,0,0,0,0,0,0,0,1,0,0,0,0,1,1,False,False,LE CAFE TEMPORARILY CLOSED
le petit bizu 9062284170,0,0,0,0,0,0,0,1,0,0,0,0,1,1,False,False,Le Petit Bizu 9062284170
le ching tea house,0,0,0,0,0,0,1,0,0,0,0,0,1,1,False,False,Le Ching Tea House
le derion flowers,0,0,0,0,0,0,0,0,1,0,0,0,1,1,False,False,LE DERION FLOWERS
le dessert,0,0,0,0,0,0,0,1,0,0,0,0,1,1,False,False,Le Dessert
le katsu 0917 318 0560,0,0,0,0,0,0,0,1,0,0,0,0,1,1,False,False,LE KATSU 0917-318-0560
le katsu manila,0,0,0,0,0,0,0,1,0,0,0,0,1,1,False,False,LE KATSU MANILA
le katsu mnl street katsu,0,0,0,0,0,0,0,0,1,0,0,0,1,1,False,False,LE KATSU MNL STREET KATSU
kitchenaid experience center,0,0,0,0,0,0,0,0,1,0,0,0,1,1,False,False,KITCHENAID EXPERIENCE CENTER
kitchenaid,0,1,0,0,0,0,0,0,0,0,0,0,1,1,False,False,KITCHENAID
kitchen table,0,0,0,0,0,0,1,0,0,0,0,0,1,1,False,False,Kitchen Table
juan whey,0,0,0,0,0,1,0,0,0,0,0,0,1,1,False,False,Juan Whey
juander buko,0,0,0,0,0,0,0,1,0,0,0,0,1,1,False,False,Juander Buko
juanitos buko station,0,0,1,0,0,0,0,0,0,0,0,0,1,1,False,False,Juanito’s Buko Station
jubilum cellphone repair hub,0,0,0,0,0,0,0,0,1,0,0,0,1,1,False,False,JUBILUM CELLPHONE REPAIR HUB
juddies bulalohan,0,0,0,0,0,0,0,0,1,0,0,0,1,1,False,False,JUDDIES BULALOHAN
judes ticketing agency,0,0,0,0,0,0,0,0,1,0,0,0,1,1,False,False,JUDES TICKETING AGENCY
juevens,0,0,0,0,0,0,0,0,1,0,0,0,1,1,False,False,Jueven's
juevens 3 season,0,0,0,0,0,0,0,1,0,0,0,0,1,1,False,False,Jueven's 3 Season (TEMPORARILY CLOSED)
juevens bibingka,0,0,0,0,0,0,0,1,0,0,0,0,1,1,False,False,JUEVENS BIBINGKA
juice boost,0,0,0,0,0,0,0,0,1,0,0,0,1,1,False,False,JUICE BOOST
juice cubi,0,0,0,0,0,0,0,0,1,0,0,0,1,1,False,False,JUICE CUBI
juicery natureal,0,0,0,0,1,0,0,0,0,0,0,0,1,1,False,False,Juicery Natureal
juicery natureal juice central,0,0,0,0,1,0,0,0,0,0,0,0,1,1,False,False,Juicery Natureal Juice Central
juices shakes by thirsty,0,0,0,0,0,0,0,0,1,0,0,0,1,1,False,False,JUICES SHAKES BY THIRSTY
juicy lemon,0,0,0,0,0,0,0,1,0,0,0,0,1,1,False,False,Juicy Lemon
jujuice fruity blendz fruit juice bar,0,0,0,0,0,0,0,1,0,0,0,0,1,1,False,False,JUJUICE FRUITY BLENDZ FRUIT JUICE BAR
juana stick,0,0,0,0,0,0,0,0,0,0,0,1,1,1,False,False,Juana Stick
juan spa,0,0,0,0,0,0,0,0,0,0,0,1,1,1,False,False,JUAN SPA
joseph drugstore,0,0,0,0,0,0,0,0,0,0,0,1,1,1,False,False,JOSEPH DRUGSTORE
jts manukan grille,0,1,0,0,0,0,0,0,0,0,0,0,1,1,False,False,JT'S MANUKAN GRILLE
joy bakes,0,0,0,0,0,0,0,1,0,0,0,0,1,1,False,False,Joy Bakes
joy juice,0,0,0,0,0,1,0,0,0,0,0,0,1,1,False,False,Joy Juice
joylee curtains,0,0,0,0,1,0,0,0,0,0,0,0,1,1,False,False,Joylee Curtains
jp sabater,0,0,1,0,0,0,0,0,0,0,0,0,1,1,False,False,Jp Sabater
jpy juan,0,0,0,0,0,0,0,1,0,0,0,0,1,1,False,False,JPY Juan
jr jump,0,0,0,0,0,0,0,1,0,0,0,0,1,1,False,False,JR. JUMP
jr techno stuff enterprise mini gem exhibit 6,0,0,0,0,0,0,0,0,0,0,0,1,1,1,False,False,JR TECHNO STUFF ENTERPRISE MINI GEM EXHIBIT #6 ( BETWEEN PAPA PRINTS )
jrm,0,0,0,0,0,0,0,1,0,0,0,0,1,1,False,False,JRM
js diamond jewellery,0,0,0,0,0,0,0,0,1,0,0,0,1,1,False,False,JS DIAMOND JEWELLERY
js marketing,0,0,0,0,1,0,0,0,0,0,0,0,1,1,False,False,JS Marketing
js mobile,0,0,0,0,1,0,0,0,0,0,0,0,1,1,False,False,JS Mobile
jsp mobile,0,0,0,0,1,0,0,0,0,0,0,0,1,1,False,False,JSP Mobile
jt diaz mobile hub,0,0,0,0,1,0,0,0,0,0,0,0,1,1,False,False,JT Diaz Mobile Hub
jte health massage,0,0,0,0,0,0,0,0,1,0,0,0,1,1,False,False,JTE HEALTH MASSAGE
jtech cellphone,0,0,0,0,0,0,0,0,1,0,0,0,1,1,False,False,JTECH CELLPHONE
julian eatery,0,0,0,0,0,0,0,1,0,0,0,0,1,1,False,False,Julian Eatery
juliana,0,1,0,0,0,0,0,0,0,0,0,0,1,1,False,False,JULIANA
julien and jorel,0,0,1,0,0,0,0,0,0,0,0,0,1,1,False,False,Julien And Jorel
julies food house,0,0,0,0,0,1,0,0,0,0,0,0,1,1,False,False,Julie's Food House
k & f accessories,0,0,0,0,0,0,0,1,0,0,0,0,1,1,False,False,K & F ACCESSORIES
k beauty & skin clinic,0,0,0,0,0,0,0,1,0,0,0,0,1,1,False,False,K Beauty & Skin Clinic
k blossom beauty studio company,0,0,0,0,0,0,0,0,1,0,0,0,1,1,False,False,K BLOSSOM BEAUTY STUDIO COMPANY
k cotton fries,0,0,0,0,1,0,0,0,0,0,0,0,1,1,False,False,K Cotton Fries
k less baby needs 4less,0,0,0,0,0,0,0,1,0,0,0,0,1,1,False,False,K-Less Baby Needs 4Less
k po food mart,0,0,0,0,0,1,0,0,0,0,0,0,1,1,False,False,K-PO Food Mart
k s i,0,0,0,0,0,0,0,0,1,0,0,0,1,1,False,False,K S I
k street ph,0,0,0,0,0,0,0,1,0,0,0,0,1,1,False,False,K-Street PH
k z one mobile gadgets repair & services,0,0,0,0,0,0,0,1,0,0,0,0,1,1,False,False,K.Z. One Mobile Gadgets Repair & Services
k&company,0,0,0,0,0,0,0,1,0,0,0,0,1,1,False,False,K&COMPANY
kaban,0,0,0,0,0,0,0,1,0,0,0,0,1,1,False,False,Kaban
kadiwa public market,0,0,0,0,0,0,0,0,1,0,0,0,1,1,False,False,KADIWA PUBLIC MARKET
kadlagan climbing equipment,0,0,0,0,0,0,0,0,1,0,0,0,1,1,False,False,KADLAGAN CLIMBING EQUIPMENT
kaffa haus,0,0,0,0,0,0,0,1,0,0,0,0,1,1,False,False,The Kaffa Haus
kai coffee,0,0,0,0,0,0,0,1,0,0,0,0,1,1,False,False,KAI COFFEE
k & co,0,0,0,0,0,0,0,0,1,0,0,0,1,1,False,False,K & CO
jyusu 0907 654 1144,0,0,0,0,0,0,0,1,0,0,0,0,1,1,False,False,JYUSU 0907-654-1144
jwls n chrms,0,0,0,0,0,0,0,1,0,0,0,0,1,1,False,False,JWLS N CHRMS
jure documentation and notarial services,0,0,1,0,0,0,0,0,0,0,0,0,1,1,False,False,Jure Documentation And Notarial Services
julsche cellphone accessories,0,0,0,0,0,0,0,1,0,0,0,0,1,1,False,False,Julsche Cellphone Accessories
julshe cellphone accessories,0,0,0,0,0,0,0,1,0,0,0,0,1,1,False,False,JULSHE CELLPHONE ACCESSORIES
jumbo meals,0,0,0,0,1,0,0,0,0,0,0,0,1,1,False,False,Jumbo Meals
jump for joy,0,1,0,0,0,0,0,0,0,0,0,0,1,1,False,False,JUMP FOR JOY
june eatery,0,0,0,0,0,1,0,0,0,0,0,0,1,1,False,False,June Eatery
junliz,0,0,0,0,0,0,0,1,0,0,0,0,1,1,False,False,Junliz
jus jerrys,0,0,0,0,0,0,0,0,1,0,0,0,1,1,False,False,JUS JERRYS
jvr,0,0,0,0,0,0,0,1,0,0,0,0,1,1,False,False,JVR
just a minute,0,0,0,0,0,0,0,1,0,0,0,0,1,1,False,False,Just A Minute
just gifts,0,0,0,0,0,0,0,1,0,0,0,0,1,1,False,False,Just Gifts
justgold jewellery,0,0,0,0,0,0,0,0,1,0,0,0,1,1,False,False,JUSTGOLD JEWELLERY
justine eatery,0,0,0,0,0,0,0,1,0,0,0,0,1,1,False,False,Justine Eatery
justines world,0,0,0,0,0,0,0,1,0,0,0,0,1,1,False,False,JUSTINE'S WORLD
jveetech,0,0,0,0,0,0,0,0,1,0,0,0,1,1,False,False,JVEETECH
journey to australia,0,0,0,0,0,0,0,1,0,0,0,0,1,1,False,False,Journey to Australia
jose filipino kitchen,0,0,0,0,0,0,0,0,1,0,0,0,1,1,False,False,JOSE FILIPINO KITCHEN
kaila bags ca exhibits,0,0,0,0,0,0,0,0,0,0,0,1,1,1,False,False,KAILA BAGS ( DOUBLE HAPPINESS ENT. ) CA EXHIBITS ( PROPERTY PRO )
jk grill unlimited k bbq,0,0,1,0,0,0,0,0,0,0,0,0,1,1,False,False,Jk Grill Unlimited K-bbq
jlo mobile access,0,0,0,0,1,0,0,0,0,0,0,0,1,1,False,False,Jlo Mobile Access
jlo mobile load hub,0,0,0,0,1,0,0,0,0,0,0,0,1,1,False,False,Jlo Mobile Load Hub
jm peanut world,0,1,0,0,0,0,0,0,0,0,0,0,1,1,False,False,JM PEANUT WORLD
jm shawarama,0,0,0,0,0,0,0,1,0,0,0,0,1,1,False,False,JM Shawarama
jmags,0,0,0,0,0,0,0,1,0,0,0,0,1,1,False,False,Jmags
jmc personalized printing,0,0,1,0,0,0,0,0,0,0,0,0,1,1,False,False,Jmc Personalized Printing
jmg,0,0,0,0,0,1,0,0,0,0,0,0,1,1,False,False,JMG
jmg massage,0,0,0,0,0,0,0,1,0,0,0,0,1,1,False,False,JMG Massage
jmj cellphone 1,0,0,0,0,0,0,0,0,0,0,0,1,1,1,False,False,JMJ CELLPHONE 1
jmn hobby shop,0,0,0,1,0,0,0,0,0,0,0,0,1,1,False,False,JMN Hobby Shop
jmoa,0,0,0,0,0,0,1,0,0,0,0,0,1,1,False,False,JMOA
jms music studio,0,0,1,0,0,0,0,0,0,0,0,0,1,1,False,False,Jms Music Studio
jms watch accessories,0,0,0,0,0,0,0,0,1,0,0,0,1,1,False,False,JMS WATCH ACCESSORIES
jms watch repair,0,0,0,0,0,0,0,0,1,0,0,0,1,1,False,False,JMS WATCH REPAIR
jmy foreign exchange,0,0,0,0,0,0,0,1,0,0,0,0,1,1,False,False,JMY Foreign Exchange
jlo mikro gadget realme,0,0,0,0,1,0,0,0,0,0,0,0,1,1,False,False,Jlo Mikro Gadget / Realme
jjcl drug testing,0,0,0,0,0,0,0,0,1,0,0,0,1,1,False,False,JJCL DRUG TESTING
jories art gallery,0,1,0,0,0,0,0,0,0,0,0,0,1,1,False,False,JORIE'S ART GALLERY
jjb hanns,0,0,0,0,0,0,0,1,0,0,0,0,1,1,False,False,JJB Hanns
jian axel sisig station,0,0,0,0,0,0,0,1,0,0,0,0,1,1,False,False,JIAN AXEL SISIG STATION
jian cellshop,0,0,0,0,0,0,0,1,0,0,0,0,1,1,False,False,JIAN CELLSHOP
jiang nan hot pot,0,0,0,0,0,1,0,0,0,0,0,0,1,1,False,False,Jiang Nan Hot Pot
jickong s bbq hauz,0,0,0,0,1,0,0,0,0,0,0,0,1,1,False,False,Jickong\'s BBQ Hauz
jies temporarily closed,0,0,0,0,0,0,0,1,0,0,0,0,1,1,False,False,Jie's TEMPORARILY CLOSED
jieya & cos jewelry shop,0,0,0,0,0,1,0,0,0,0,0,0,1,1,False,False,Jieya & Co's Jewelry Shop
jig and josh imaging center,0,0,0,0,0,0,0,0,0,0,0,1,1,1,False,False,JIG AND JOSH IMAGING CENTER
jigs & josh imaging center,0,0,0,0,0,0,0,0,0,0,0,1,1,1,False,False,JIGS & JOSH IMAGING CENTER
jimmy choo,0,1,0,0,0,0,0,0,0,0,0,0,1,1,False,False,JIMMY CHOO
jin ju k foods,0,0,0,0,0,0,0,1,0,0,0,0,1,1,False,False,Jin-Ju K Foods
jipan,0,1,0,0,0,0,0,0,0,0,0,0,1,1,False,False,JIPAN
jipan cafe,0,0,0,0,0,0,1,0,0,0,0,0,1,1,False,False,Jipan Cafe
jisu life,0,0,1,0,0,0,0,0,0,0,0,0,1,1,False,False,Jisu Life
jiyu wellness,0,0,0,0,0,0,0,0,1,0,0,0,1,1,False,False,JIYU WELLNESS
jjampponggwan,0,0,0,0,0,1,0,0,0,0,0,0,1,1,False,False,JJAMPPONGGWAN
jng mobile phone repair services,0,0,0,0,0,0,0,0,1,0,0,0,1,1,False,False,JNG MOBILE PHONE REPAIR SERVICES
jo frango piri piri,0,1,0,0,0,0,0,0,0,0,0,0,1,1,False,False,JO FRANGO PIRI PIRI
joachims steamstick,0,0,0,0,0,0,0,0,1,0,0,0,1,1,False,False,JOACHIMS STEAMSTICK
joans jewelry shop,0,0,0,0,0,0,0,1,0,0,0,0,1,1,False,False,Joan's Jewelry Shop
jollibee auto sonix watch store,0,0,0,0,0,0,0,0,0,0,0,1,1,1,False,False,Jollibee Auto Sonix Watch Store
jollibee mini gem exhibit,0,0,0,0,0,0,0,0,0,0,0,1,1,1,False,False,JOLLIBEE MINI GEM EXHIBIT (29)
jollibee stockroom,0,0,0,0,0,0,0,0,0,0,0,1,1,1,False,False,JOLLIBEE STOCKROOM
jolos barbershop,0,0,0,0,0,0,0,0,0,0,1,0,1,1,False,False,Jolo's Barbershop
jolyns enterprise,0,0,0,0,0,0,0,1,0,0,0,0,1,1,False,False,JOLYN'S ENTERPRISE (NEW)
jonaima footwear,0,0,0,0,0,0,0,1,0,0,0,0,1,1,False,False,Jonaima Footwear
jonaina footwear dingding mobile,0,0,0,0,0,0,0,0,0,0,0,1,1,1,False,False,JONAINA FOOTWEAR Dingding Mobile
jonaina footwear skk mobile,0,0,0,0,0,0,0,0,0,0,0,1,1,1,False,False,JONAINA FOOTWEAR SKK Mobile
joneco tech,0,0,1,0,0,0,0,0,0,0,0,0,1,1,False,False,Joneco Tech
joniel s,0,0,0,0,1,0,0,0,0,0,0,0,1,1,False,False,Joniel\'s
joniels cake and pastries,0,0,0,0,0,0,0,1,0,0,0,0,1,1,False,False,JONIEL'S CAKE AND PASTRIES
jonies,0,1,0,0,0,0,0,0,0,0,0,0,1,1,False,False,JONIE'S
jons lechon house,0,0,0,0,0,0,0,1,0,0,0,0,1,1,False,False,jon's lechon house
jorainah footwear rcbc,0,0,0,0,0,0,0,0,0,0,0,1,1,1,False,False,JORAINAH FOOTWEAR (Dresses) RCBC
jorainah footwear smart communications,0,0,0,0,0,0,0,0,0,0,0,1,1,1,False,False,JORAINAH FOOTWEAR SMART COMMUNICATIONS
jollibee 0927 251 7 673,0,0,0,0,0,0,0,1,0,0,0,0,1,1,False,False,JOLLIBEE 0927-251-7 673 (NEW)
jollibee 0918 907 5260,0,0,0,0,0,0,0,1,0,0,0,0,1,1,False,False,JOLLIBEE 0918-907-5260
jojies painitan central 0916 343 5064,0,0,0,0,0,0,0,1,0,0,0,0,1,1,False,False,JOJIE'S PAINITAN CENTRAL 0916-343-5064
john and mae key duplication,0,0,0,0,0,0,0,1,0,0,0,0,1,1,False,False,JOHN AND MAE KEY DUPLICATION
joaqui and jacqui cellphone accessories repair,0,0,0,0,0,1,0,0,0,0,0,0,1,1,False,False,Joaqui and Jacqui Cellphone Accessories Repair
jockey satellite,0,0,1,0,0,0,0,0,0,0,0,0,1,1,False,False,Jockey Satellite
joel yu 0917 328 0823 0916 620 1271,0,0,0,0,0,0,0,1,0,0,0,0,1,1,False,False,Joel Yu 0917-328-0823/0916-620-1271
joeys restaurant cafe,0,0,0,0,0,0,0,0,1,0,0,0,1,1,False,False,JOEYS RESTAURANT CAFE
johans pet hub,0,1,0,0,0,0,0,0,0,0,0,0,1,1,False,False,JOHAN’S PET HUB
john & rj cellphone,0,0,0,0,0,0,0,1,0,0,0,0,1,1,False,False,John & RJ Cellphone
john briann,0,0,0,0,0,0,0,1,0,0,0,0,1,1,False,False,John Briann
johnyee campsite,0,1,0,0,0,0,0,0,0,0,0,0,1,1,False,False,JOHNYEE CAMPSITE
john carl com general merchandise ca exhibits,0,0,0,0,0,0,0,0,0,0,0,1,1,1,False,False,JOHN CARL COM GENERAL MERCHANDISE CA EXHIBITS ( PROPERTY PRO )
john lemon 0977 065 5700,0,0,0,0,0,0,0,1,0,0,0,0,1,1,False,False,JOHN LEMON 0977-065-5700
johnica musical instruments,0,0,0,0,0,0,0,1,0,0,0,0,1,1,False,False,JOHNICA MUSICAL INSTRUMENTS (NEW)
johnnys pizza,0,0,0,0,0,0,0,0,1,0,0,0,1,1,False,False,JOHNNY'S PIZZA
johnri trading,0,0,0,1,0,0,0,0,0,0,0,0,1,1,False,False,Johnri Trading
johnsons fitness & wellness,0,0,0,0,0,0,1,0,0,0,0,0,1,1,False,False,Johnsons Fitness & Wellness
kai neo restaurant,0,1,0,0,0,0,0,0,0,0,0,0,1,1,False,False,KAI NEO RESTAURANT
kain,0,0,0,0,0,0,0,1,0,0,0,0,1,1,False,False,KAIN
kitchen by the coffee bean tea leaf,0,0,0,0,0,0,0,0,1,0,0,0,1,1,False,False,KITCHEN BY THE COFFEE BEAN TEA LEAF
kiddie carts,0,0,0,0,0,0,0,0,1,0,0,0,1,1,False,False,KIDDIE CARTS
kiddie funland,0,0,0,0,0,0,0,1,0,0,0,0,1,1,False,False,Kiddie Funland
kiddie patrol ride,0,0,0,0,0,0,0,1,0,0,0,0,1,1,False,False,KIDDIE PATROL RIDE
kiddie ride,0,0,0,0,0,0,0,1,0,0,0,0,1,1,False,False,KIDDIE RIDE
kiddie rides,0,0,0,0,0,0,0,1,0,0,0,0,1,1,False,False,KIDDIE RIDES
kiddie trampoline,0,0,0,0,0,0,0,0,0,0,0,1,1,1,False,False,KIDDIE TRAMPOLINE
kiddies magic funplay,0,0,0,0,0,0,0,0,1,0,0,0,1,1,False,False,KIDDIES MAGIC FUNPLAY
kiddos playground,0,0,0,0,0,0,0,1,0,0,0,0,1,1,False,False,KIDDOS PLAYGROUND
kids adventure zooffari,0,0,0,0,1,0,0,0,0,0,0,0,1,1,False,False,Kids Adventure / Zooffari
kids at play,0,0,0,0,0,0,0,1,0,0,0,0,1,1,False,False,Kids at Play
kids at play kiddiezone,0,0,0,0,0,0,0,0,1,0,0,0,1,1,False,False,KIDS AT PLAY KIDDIEZONE
kids ink,0,1,0,0,0,0,0,0,0,0,0,0,1,1,False,False,KIDS INK
kids paradise 9101147695,0,0,0,0,0,0,0,1,0,0,0,0,1,1,False,False,Kids Paradise 9101147695
kids playtown,0,0,0,0,0,0,0,1,0,0,0,0,1,1,False,False,KIDS PLAYTOWN
kids venue art play center,0,0,0,0,0,0,0,0,1,0,0,0,1,1,False,False,KIDS VENUE ART PLAY CENTER
kidsneyland play center,0,1,0,0,0,0,0,0,0,0,0,0,1,1,False,False,KIDSNEYLAND PLAY CENTER
kiddie club,0,0,0,0,0,1,0,0,0,0,0,0,1,1,False,False,Kiddie Club
kiddie animal ride,0,0,0,0,0,0,0,1,0,0,0,0,1,1,False,False,KIDDIE ANIMAL RIDE
kevlo,0,1,0,0,0,0,0,0,0,0,0,0,1,1,False,False,KEVLO
kid zone,0,1,0,0,0,0,0,0,0,0,0,0,1,1,False,False,KID ZONE
key coffee kissaten,0,0,0,0,0,0,0,1,0,0,0,0,1,1,False,False,KEY COFFEE KISSATEN
key express,0,0,0,0,0,0,0,0,1,0,0,0,1,1,False,False,KEY EXPRESS
keyphone cellphone and accessories shop,0,0,0,0,0,0,0,1,0,0,0,0,1,1,False,False,Keyphone Cellphone and Accessories Shop
keys roast firefly,0,0,0,0,0,0,0,0,0,0,0,1,1,1,False,False,KEYS ROAST FIREFLY
keys unlimited and watch repair,0,0,0,0,0,0,0,1,0,0,0,0,1,1,False,False,KEYS UNLIMITED AND WATCH REPAIR
kfc 0917 798 8291,0,0,0,0,0,0,0,1,0,0,0,0,1,1,False,False,KFC 0917-798-8291
kg lcd and battery,0,0,1,0,0,0,0,0,0,0,0,0,1,1,False,False,Kg Lcd And Battery
khai asia pearl,0,0,0,0,0,0,1,0,0,0,0,0,1,1,False,False,Khai Asia Pearl
khay jewelry,0,0,0,0,0,0,0,1,0,0,0,0,1,1,False,False,Khay Jewelry
khay kiddie playhouse,0,0,0,0,0,0,0,1,0,0,0,0,1,1,False,False,KHAY KIDDIE PLAYHOUSE
khua thai,0,0,1,0,0,0,0,0,0,0,0,0,1,1,False,False,Khua Thai
khumbu enterprises inc,0,0,0,0,0,0,0,0,0,0,0,1,1,1,False,False,"KHUMBU ENTERPRISES, INC."
khun thai tea,0,0,0,0,0,0,0,0,1,0,0,0,1,1,False,False,KHUN THAI TEA
kicks factory,0,1,0,0,0,0,0,0,0,0,0,0,1,1,False,False,KICKS FACTORY
kid n around,0,0,0,0,0,0,0,1,0,0,0,0,1,1,False,False,Kid n around
kidventure,0,0,0,0,0,0,1,0,0,0,0,0,1,1,False,False,Kidventure
kidvincible theraphy and learning center,0,0,1,0,0,0,0,0,0,0,0,0,1,1,False,False,Kidvincible Theraphy And Learning Center
kidz play,0,0,0,0,0,0,0,1,0,0,0,0,1,1,False,False,KIDZ@PLAY
kidzia kiddie playground,0,0,0,0,0,0,0,0,1,0,0,0,1,1,False,False,KIDZIA KIDDIE PLAYGROUND
kings pasalubong,0,0,0,0,0,0,0,1,0,0,0,0,1,1,False,False,KING'S PASALUBONG
kings road veterinary clinic,0,1,0,0,0,0,0,0,0,0,0,0,1,1,False,False,KING'S ROAD VETERINARY CLINIC
kingsmen,0,0,1,0,0,0,0,0,0,0,0,0,1,1,False,False,Kingsmen
kingsmen bespoke,0,0,0,0,0,0,0,0,1,0,0,0,1,1,False,False,KINGSMEN BESPOKE
kio sk,0,0,0,0,0,0,0,1,0,0,0,0,1,1,False,False,KIO SK
kipps chicken,0,0,0,0,0,0,0,0,1,0,0,0,1,1,False,False,KIPPS CHICKEN
kirby telecom,0,0,0,0,0,0,0,0,0,0,0,1,1,1,False,False,KIRBY TELECOM
kirks house of desserts,0,0,0,0,0,0,0,0,1,0,0,0,1,1,False,False,KIRKS HOUSE OF DESSERTS
kirmz b hub,0,0,0,0,0,0,0,0,0,0,1,0,1,1,False,False,Kirm'Z B Hub
kirti telecom,0,0,0,0,1,0,0,0,0,0,0,0,1,1,False,False,Kirti Telecom
kisan lu,0,0,0,0,0,0,0,0,1,0,0,0,1,1,False,False,KISAN LU
kisan lu lands,0,0,0,0,1,0,0,0,0,0,0,0,1,1,False,False,Kisan Lu Lands
kit,0,0,0,0,0,0,1,0,0,0,0,0,1,1,False,False,KIT
kit keeping it together,0,1,0,0,0,0,0,0,0,0,0,0,1,1,False,False,KIT - KEEPING IT TOGETHER
kitchen by the coffee bean & tea leaf,0,0,0,0,0,1,0,0,0,0,0,0,1,1,False,False,Kitchen by The Coffee Bean & Tea Leaf
kings cup blends,0,0,0,0,0,0,0,1,0,0,0,0,1,1,False,False,King's Cup Blends
kings chicharon,0,0,0,0,0,0,0,1,0,0,0,0,1,1,False,False,KING'S CHICHARON
king kababs shawarma,0,0,0,0,0,0,0,0,0,0,0,1,1,1,False,False,KING KABAB'S SHAWARMA
kimizia,0,0,0,0,0,0,0,1,0,0,0,0,1,1,False,False,KIMIZIA
kikai hair salon,0,0,0,0,0,0,0,0,1,0,0,0,1,1,False,False,KIKAI HAIR SALON
kilometer five car care center,0,1,0,0,0,0,0,0,0,0,0,0,1,1,False,False,KILOMETER FIVE CAR CARE CENTER
kim alvin petshop,0,0,0,0,0,0,1,0,0,0,0,0,1,1,False,False,Kim Alvin Petshop
kimbap,0,0,0,0,0,0,0,1,0,0,0,0,1,1,False,False,KImbap
kimbap & bulgogi,0,1,0,0,0,0,0,0,0,0,0,0,1,1,False,False,KIMBAP & BULGOGI
kimi,0,1,0,0,0,0,0,0,0,0,0,0,1,1,False,False,KIMI
kims silver,0,0,0,0,0,0,0,0,0,0,0,1,1,1,False,False,KIM'S SILVER
king kabab shawarma,0,0,0,0,0,0,0,0,0,0,0,1,1,1,False,False,KING KABAB SHAWARMA
kimseamixx food haus,0,0,0,0,0,0,0,0,1,0,0,0,1,1,False,False,KIMSEAMIXX FOOD HAUS
kinder space,0,0,0,0,0,1,0,0,0,0,0,0,1,1,False,False,Kinder Space
kinder space playgroup tutorial center,0,0,0,0,0,0,0,0,1,0,0,0,1,1,False,False,KINDER SPACE PLAYGROUP TUTORIAL CENTER
king bee,0,0,0,0,0,0,0,0,1,0,0,0,1,1,False,False,KING BEE
king chefs seafood restaurant,0,0,0,0,0,1,0,0,0,0,0,0,1,1,False,False,King Chef's Seafood Restaurant
king deli,0,1,0,0,0,0,0,0,0,0,0,0,1,1,False,False,KING DELI
key cards,0,0,0,1,0,0,0,0,0,0,0,0,1,1,False,False,Key Cards
kevins toys and library,0,0,0,0,0,0,0,1,0,0,0,0,1,1,False,False,Kevin's Toys and Library
kaiser medical clinic,0,0,0,0,0,0,0,1,0,0,0,0,1,1,False,False,Kaiser Medical Clinic
kape ilokano,0,0,0,0,0,0,0,0,1,0,0,0,1,1,False,False,KAPE ILOKANO
kappu poteto,0,0,0,0,0,0,0,0,1,0,0,0,1,1,False,False,KAPPU POTET’O
karat gold,0,0,0,0,0,0,0,0,1,0,0,0,1,1,False,False,KARAT GOLD
karayama,0,0,0,0,0,0,0,0,1,0,0,0,1,1,False,False,KARAYAMA
kardmoto,0,0,0,0,0,0,0,0,1,0,0,0,1,1,False,False,KARDMOTO
kare,0,0,0,0,0,0,0,0,1,0,0,0,1,1,False,False,KARE
kare 9989557029,0,0,0,0,0,0,0,1,0,0,0,0,1,1,False,False,KARE 9989557029
karels canes,0,0,0,0,0,0,0,0,0,0,0,1,1,1,False,False,KARELS CANES
karen and jay cellphone and accessories,0,0,0,0,0,0,0,1,0,0,0,0,1,1,False,False,KAREN AND JAY CELLPHONE AND ACCESSORIES
kart adventure,0,0,0,0,1,0,0,0,0,0,0,0,1,1,False,False,Kart Adventure
karuizawa shirt,0,1,0,0,0,0,0,0,0,0,0,0,1,1,False,False,KARUIZAWA SHIRT
kashieca 9913318650,0,0,0,0,0,0,0,1,0,0,0,0,1,1,False,False,Kashieca 9913318650
kata dental center matheaus food stall bentelog,0,0,0,0,0,0,0,0,0,0,0,1,1,1,False,False,KATA DENTAL CENTER MATHEAU’S FOOD STALL/ BENTELOG
katamino express repair,0,0,0,0,0,0,0,0,0,0,0,1,1,1,False,False,KATAMINO (TEEZONE) EXPRESS REPAIR (M. Lazo Cellphone Accessories and Repair Clinic)
kate spade,0,1,0,0,0,0,0,0,0,0,0,0,1,1,False,False,KATE SPADE
katinko 9171160321,0,0,0,0,0,0,0,1,0,0,0,0,1,1,False,False,KATINKO 9171160321
kape pot,0,0,0,0,0,0,0,0,1,0,0,0,1,1,False,False,KAPE POT
kao day & night club,0,0,0,0,0,1,0,0,0,0,0,0,1,1,False,False,KAO Day & Night Club
kettle lorn,0,0,0,0,0,0,0,1,0,0,0,0,1,1,False,False,KETTLE LORN
kanlungan cafe,0,0,0,0,0,0,0,0,1,0,0,0,1,1,False,False,KANLUNGAN CAFE
kaitenyaki,0,0,0,0,0,0,0,0,1,0,0,0,1,1,False,False,KAITENYAKI
kaitenyaki japanese dessert,0,0,0,0,0,0,0,1,0,0,0,0,1,1,False,False,KAITENYAKI JAPANESE DESSERT
kaizen,0,0,0,0,0,0,0,1,0,0,0,0,1,1,False,False,KAIZEN (Exhibit)
kaizen exhibit,0,0,0,0,0,0,0,1,0,0,0,0,1,1,False,False,KAIZEN EXHIBIT
kakanin ni jillian,0,0,0,0,0,0,0,1,0,0,0,0,1,1,False,False,KAKANIN NI JILLIAN
kakaninja,0,0,0,0,0,0,0,0,1,0,0,0,1,1,False,False,KAKANINJA
kakao optical,0,0,0,0,0,0,0,0,1,0,0,0,1,1,False,False,KAKAO OPTICAL
kakka dairy bar,0,1,0,0,0,0,0,0,0,0,0,0,1,1,False,False,KAKKA DAIRY BAR
kambal pandesal,0,0,0,0,0,0,0,0,1,0,0,0,1,1,False,False,KAMBAL PANDESAL
kamina boutique,0,0,0,0,0,0,0,1,0,0,0,0,1,1,False,False,Kamina Boutique
kamir,0,0,0,0,0,0,0,0,1,0,0,0,1,1,False,False,KAMIR
kamote ni juan,0,0,0,0,0,0,0,1,0,0,0,0,1,1,False,False,Kamote ni Juan
kanegosyo center by cebuana lhuillier,0,0,0,0,0,0,0,0,1,0,0,0,1,1,False,False,KANEGOSYO CENTER BY CEBUANA LHUILLIER
kang ho dong 678,0,0,0,0,0,0,0,0,1,0,0,0,1,1,False,False,KANG HO-DONG 678
kangkong chips original,0,0,0,0,0,0,0,0,1,0,0,0,1,1,False,False,KANGKONG CHIPS ORIGINAL
katrina,0,0,0,0,0,0,1,0,0,0,0,0,1,1,False,False,Katrina
kawa ramen,0,0,0,0,0,1,0,0,0,0,0,0,1,1,False,False,Kawa Ramen
kawai fashion eye wear center bainor cellphone repair and gadget,0,0,0,0,0,0,0,0,0,0,0,1,1,1,False,False,KAWAI FASHION EYE WEAR CENTER BAINOR CELLPHONE REPAIR AND GADGET
kawaiice,0,0,0,0,0,0,0,1,0,0,0,0,1,1,False,False,KAWAIICE
kenneth gold bainor slippers,0,0,0,0,0,0,0,0,0,0,0,1,1,1,False,False,KENNETH GOLD BAINOR SLIPPERS
kennny rogers,0,0,0,0,0,0,0,1,0,0,0,0,1,1,False,False,KENNNY ROGERS
kenny rogers 8961 5773 09175966342,0,0,0,0,0,0,0,1,0,0,0,0,1,1,False,False,Kenny Rogers (02) 8961-5773 / 09175966342
kenshayne food cart,0,0,0,0,0,0,0,1,0,0,0,0,1,1,False,False,Kenshayne Food Cart
kenshin,0,0,0,0,0,0,0,0,1,0,0,0,1,1,False,False,KENSHIN
kenshin japanese izakaya restaurant,0,0,0,0,0,0,0,0,1,0,0,0,1,1,False,False,KENSHIN JAPANESE IZAKAYA RESTAURANT
kentucky fried chicken,0,0,1,0,0,0,0,0,0,0,0,0,1,1,False,False,Kentucky Fried Chicken (kfc)
kenzo,0,1,0,0,0,0,0,0,0,0,0,0,1,1,False,False,KENZO
keopi,0,0,0,0,0,0,0,1,0,0,0,0,1,1,False,False,KEOPI
keralty tophealth,0,0,0,0,0,0,0,0,1,0,0,0,1,1,False,False,KERALTY TOPHEALTH
kerastase prestige salon,0,0,0,0,0,0,0,0,1,0,0,0,1,1,False,False,KERASTASE PRESTIGE SALON
kessel lutong bahay,0,0,1,0,0,0,0,0,0,0,0,0,1,1,False,False,Kessel Lutong Bahay
kettle,0,0,0,0,0,0,1,0,0,0,0,0,1,1,False,False,Kettle
kettle korn 9687514655,0,0,0,0,0,0,0,1,0,0,0,0,1,1,False,False,Kettle Korn 9687514655
kettle korn pop n mix,0,0,0,0,0,0,0,0,1,0,0,0,1,1,False,False,KETTLE KORN POP N MIX
kenneth cole,0,0,0,0,0,0,0,0,1,0,0,0,1,1,False,False,KENNETH COLE
kenko naicha tea lounge,0,1,0,0,0,0,0,0,0,0,0,0,1,1,False,False,KENKO NAICHA TEA LOUNGE
kenjies takoyaki,0,0,0,0,0,0,0,1,0,0,0,0,1,1,False,False,KENJIE'S TAKOYAKI
kct shop,0,0,0,0,0,1,0,0,0,0,0,0,1,1,False,False,KCT Shop
kaya korean restaurant,0,0,0,0,0,0,0,1,0,0,0,0,1,1,False,False,Kaya Korean Restaurant
kaya restaurant,0,1,0,0,0,0,0,0,0,0,0,0,1,1,False,False,KAYA RESTAURANT
kaysan bar & restaurant 0905 420 2668,0,0,0,0,0,0,0,1,0,0,0,0,1,1,False,False,KAYSAN BAR & RESTAURANT 0905 420 2668
kazemi skin face body,0,1,0,0,0,0,0,0,0,0,0,0,1,1,False,False,KAZEMI SKIN.FACE.BODY
kc kiddie carts,0,0,0,0,0,0,0,0,1,0,0,0,1,1,False,False,KC KIDDIE CARTS
kcp pizza,0,0,0,0,0,0,0,0,1,0,0,0,1,1,False,False,KCP PIZZA
kebabulous,0,0,0,0,0,0,0,0,1,0,0,0,1,1,False,False,KEBABULOUS
keneth gold & silver jewelry store yaacob masigay cp,0,0,0,0,0,0,0,0,0,0,0,1,1,1,False,False,KENETH GOLD & SILVER JEWELRY STORE YAACOB MASIGAY CP
kee wah bakery,0,0,0,0,0,0,0,0,1,0,0,0,1,1,False,False,KEE WAH BAKERY
kee wah bakery 9167469952,0,0,0,0,0,0,0,1,0,0,0,0,1,1,False,False,Kee Wah Bakery 9167469952
kellie trinket,0,0,0,0,0,0,0,0,0,0,1,0,1,1,False,False,KELLIE TRINKET
kelseys cafe & restaurant,0,0,0,0,0,0,0,1,0,0,0,0,1,1,False,False,Kelsey's Cafe & Restaurant
kemans,0,0,0,0,0,0,0,1,0,0,0,0,1,1,False,False,Keman's
kenangan coffee,0,0,0,0,0,0,0,0,1,0,0,0,1,1,False,False,KENANGAN COFFEE
lighters galore 9393843029,0,0,0,0,0,0,0,1,0,0,0,0,1,1,False,False,Lighters Galore 9393843029
lighters galore 9429565643,0,0,0,0,0,0,0,1,0,0,0,0,1,1,False,False,Lighter's Galore 9429565643
lil orbits 0942 240 1066,0,0,0,0,0,0,0,1,0,0,0,0,1,1,False,False,LIL' ORBITS 0942-240-1066
maxicare primary care center 0917 848 6366,0,0,0,0,0,0,0,1,0,0,0,0,1,1,False,False,Maxicare Primary Care Center 0917-848-6366
maximum power smile dental,0,0,0,0,0,0,0,1,0,0,0,0,1,1,False,False,Maximum Power Smile Dental
maxs chicken,0,0,0,0,0,0,0,1,0,0,0,0,1,1,False,False,Max's Chicken
may abohan,0,0,0,0,1,0,0,0,0,0,0,0,1,1,False,False,May Abohan
mayet dela rosa jewelry,0,0,0,0,0,0,0,1,0,0,0,0,1,1,False,False,Mayet Dela Rosa Jewelry
mayon clinical laboratory medical services,0,0,0,0,0,0,0,0,1,0,0,0,1,1,False,False,MAYON CLINICAL LABORATORY MEDICAL SERVICES
mayongs bakeshop & snackhouse,0,0,0,0,0,0,0,1,0,0,0,0,1,1,False,False,Mayong's Bakeshop & Snackhouse
mayongs bakeshop snackhouse,0,0,0,0,0,0,0,0,1,0,0,0,1,1,False,False,MAYONGS BAKESHOP SNACKHOUSE
maytech,0,0,1,0,0,0,0,0,0,0,0,0,1,1,False,False,Maytech
mazza,0,0,0,0,0,1,0,0,0,0,0,0,1,1,False,False,Mazza
mb life,0,0,0,0,0,1,0,0,0,0,0,0,1,1,False,False,MB Life
mb petgrooming pet shop,0,0,0,0,0,0,0,1,0,0,0,0,1,1,False,False,MB PETGROOMING PET SHOP
mbt fashion,0,0,0,0,0,0,0,1,0,0,0,0,1,1,False,False,MBT Fashion
mc donald s,0,0,0,0,1,0,0,0,0,0,0,0,1,1,False,False,Mc Donald\'s
mc donalds 2nd flr,0,0,0,0,0,0,0,0,0,0,0,1,1,1,False,False,MC DONALDS 2nd flr
mc donalds blue point,0,0,0,0,0,0,0,0,0,0,0,1,1,1,False,False,MC DONALDS BLUE POINT
maxicollector,0,0,0,0,0,0,1,0,0,0,0,0,1,1,False,False,Maxicollector
maxicare 7798 7739,0,0,0,0,0,0,0,1,0,0,0,0,1,1,False,False,MAXICARE ((02) 7798-7739)
masters key retail opc,0,0,0,0,0,0,0,0,1,0,0,0,1,1,False,False,MASTERS KEY RETAIL OPC
maxi care,0,0,0,0,0,0,0,1,0,0,0,0,1,1,False,False,MAXI CARE
matcha mama,0,0,0,0,0,0,1,0,0,0,0,0,1,1,False,False,Matcha Mama
matcha super,0,0,0,0,0,0,1,0,0,0,0,0,1,1,False,False,Matcha Super
matchadachi,0,0,0,0,0,0,0,1,0,0,0,0,1,1,False,False,Matchadachi
matees soft serve ice cream & frozen yogurt,0,0,0,0,0,0,0,1,0,0,0,0,1,1,False,False,MATEE'S SOFT SERVE ICE CREAM & FROZEN YOGURT
mathe magis,0,0,0,0,0,0,1,0,0,0,0,0,1,1,False,False,Mathe Magis
mathilda,0,0,0,0,0,0,0,0,0,0,0,1,1,1,False,False,MATHILDA
mats donut,0,0,0,0,0,0,0,0,1,0,0,0,1,1,False,False,MAT'S DONUT
matt health and beauty shop,0,0,0,0,0,0,0,0,0,0,0,1,1,1,False,False,MATT HEALTH AND BEAUTY SHOP
mauarte fashion accessories shop,0,0,0,1,0,0,0,0,0,0,0,0,1,1,False,False,MAUARTE FASHION ACCESSORIES SHOP
maurizios,0,0,0,0,0,0,0,0,1,0,0,0,1,1,False,False,MAURIZIOS
mauros grille restaurant,0,0,0,0,0,0,0,0,1,0,0,0,1,1,False,False,MAURO'S GRILLE RESTAURANT
max mara,0,1,0,0,0,0,0,0,0,0,0,0,1,1,False,False,MAX MARA
max n case,0,0,0,0,0,0,0,1,0,0,0,0,1,1,False,False,Max n Case
max rider,0,0,0,0,0,0,0,0,1,0,0,0,1,1,False,False,MAX RIDER
max wax,0,0,0,0,0,0,0,1,0,0,0,0,1,1,False,False,Max Wax
mc donalds dessert kiosk funhouses corporation 2,0,0,0,0,0,0,0,0,0,0,0,1,1,1,False,False,MC DONALD'S DESSERT KIOSK FUNHOUSES CORPORATION 2
mc donalds dessert station,0,0,0,1,0,0,0,0,0,0,0,0,1,1,False,False,Mc Donald's Dessert Station
mc donalds kiosk,0,0,0,0,0,0,0,0,0,0,0,1,1,1,False,False,MC DONALDS KIOSK
mc home depot,0,0,0,0,0,1,0,0,0,0,0,0,1,1,False,False,MC Home Depot
md glow aesthetic and wellness clinic,0,0,0,0,0,0,0,0,1,0,0,0,1,1,False,False,MD GLOW AESTHETIC AND WELLNESS CLINIC
mda scent station,0,0,0,0,0,0,0,0,1,0,0,0,1,1,False,False,MDA SCENT STATION
mdm cellphone and accessories shop,0,0,0,0,0,0,0,1,0,0,0,0,1,1,False,False,MDM CELLPHONE AND ACCESSORIES SHOP
mds consulting,0,0,0,0,0,0,0,1,0,0,0,0,1,1,False,False,MDS Consulting
me & my mom,0,0,0,0,0,0,0,1,0,0,0,0,1,1,False,False,Me & My Mom
me mobile stop and shop trading co,1,0,0,0,0,0,0,0,0,0,0,0,1,1,False,False,ME MOBILE STOP AND SHOP TRADING CO.
me u gift shop,0,0,0,0,0,0,0,0,1,0,0,0,1,1,False,False,ME U GIFT SHOP
me&u,0,0,0,0,0,0,0,1,0,0,0,0,1,1,False,False,ME&U
meat depot,0,1,0,0,0,0,0,0,0,0,0,0,1,1,False,False,MEAT DEPOT
meat me,0,0,0,0,0,1,0,0,0,0,0,0,1,1,False,False,Meat Me
meatogether 0917 657 4888,0,0,0,0,0,0,0,1,0,0,0,0,1,1,False,False,Meatogether 0917-657-4888
meatogether by tong yang,0,0,0,0,0,0,0,0,1,0,0,0,1,1,False,False,MEATOGETHER BY TONG YANG
meatsumo,0,0,0,0,0,0,0,0,1,0,0,0,1,1,False,False,MEATSUMO
medexcel healthcare,0,0,0,0,0,0,0,1,0,0,0,0,1,1,False,False,Medexcel Healthcare
media box,0,0,0,0,0,0,0,0,1,0,0,0,1,1,False,False,MEDIA BOX
md aesthetique,0,0,0,0,0,0,1,0,0,0,0,0,1,1,False,False,MD Aesthetique
mcs boutique,0,0,0,0,0,0,0,1,0,0,0,0,1,1,False,False,MC's Boutique
mcr dental,0,0,0,0,0,1,0,0,0,0,0,0,1,1,False,False,MCR Dental
mcdonalds dessert center and fries,0,0,0,0,0,0,0,0,1,0,0,0,1,1,False,False,MCDONALDS DESSERT CENTER AND FRIES
mc money changer,0,0,0,0,0,0,0,1,0,0,0,0,1,1,False,False,MC Money Changer
mc sports,0,0,0,0,0,0,0,0,1,0,0,0,1,1,False,False,MC SPORTS
mccoys pizza house,0,0,0,0,0,0,0,0,1,0,0,0,1,1,False,False,MCCOY'S PIZZA HOUSE
mcdonald s,0,0,0,0,1,0,0,0,0,0,0,0,1,1,False,False,McDonald\'s
mcdonalds 9686914110,0,0,0,0,0,0,0,1,0,0,0,0,1,1,False,False,Mcdonald's 9686914110
mcdonalds dessert and fries center,0,0,0,0,0,0,0,0,0,1,0,0,1,1,False,False,MCDONALDS DESSERT AND FRIES CENTER
mcdonalds dessert counter,0,0,0,0,0,1,0,0,0,0,0,0,1,1,False,False,McDonald's Dessert Counter
mcm salon,0,0,0,0,0,0,0,0,1,0,0,0,1,1,False,False,MCM SALON
mcdonalds drive thru,0,0,0,0,0,0,0,1,0,0,0,0,1,1,False,False,MCDONALD'S DRIVE THRU
mcdonalds fries and sundae stand,0,0,0,0,0,0,0,1,0,0,0,0,1,1,False,False,Mcdonald's Fries and Sundae Stand
mcjim,0,0,0,0,0,0,0,1,0,0,0,0,1,1,False,False,Mcjim
mcjim leather gallery,0,0,0,0,0,0,0,1,0,0,0,0,1,1,False,False,McJim Leather Gallery
mckinley whisky park,0,0,0,0,0,1,0,0,0,0,0,0,1,1,False,False,McKinley Whisky Park
mcl cebu dental wellness centre 0933 200 7932,0,0,0,0,0,0,0,1,0,0,0,0,1,1,False,False,MCL-Cebu Dental Wellness Centre 0933-200-7932
masy,0,0,0,0,0,0,0,1,0,0,0,0,1,1,False,False,MASY
master tan fried chicken,0,0,0,0,0,1,0,0,0,0,0,0,1,1,False,False,Master Tan Fried Chicken
mediaprint,0,0,0,0,0,1,0,0,0,0,0,0,1,1,False,False,Mediaprint
marcella myx,0,1,0,0,0,0,0,0,0,0,0,0,1,1,False,False,MARCELLA MYX
marco pollo cafe,0,0,0,0,0,0,0,1,0,0,0,0,1,1,False,False,Marco Pollo Cafe
marcos lugawan,0,0,0,0,0,0,0,0,1,0,0,0,1,1,False,False,MARCO'S LUGAWAN
marcus pizza,0,0,0,0,0,0,0,1,0,0,0,0,1,1,False,False,MARCUS PIZZA
mardesh,0,0,0,0,0,0,0,1,0,0,0,0,1,1,False,False,MARDESH
mardoneys,0,0,0,0,0,0,0,0,1,0,0,0,1,1,False,False,MARDONEYS
margans news & magazines,0,1,0,0,0,0,0,0,0,0,0,0,1,1,False,False,MARGAN'S NEWS & MAGAZINES
margarette delicacies,0,0,0,0,0,0,0,0,0,0,0,1,1,1,False,False,MARGARETTE DELICACIES
margies kitchen,0,0,0,0,0,0,0,0,1,0,0,0,1,1,False,False,MARGIES KITCHEN
margots luxury boutique,0,0,0,0,0,0,1,0,0,0,0,0,1,1,False,False,Margot's Luxury Boutique
mariae souvenir and novelty shop,0,0,0,0,0,0,0,0,1,0,0,0,1,1,False,False,MARIAE SOUVENIR AND NOVELTY SHOP
marianas nails & lashes,0,0,0,0,0,0,0,1,0,0,0,0,1,1,False,False,MARIANA'S NAILS & LASHES (new)
marie flower shop,0,0,0,0,0,0,0,0,1,0,0,0,1,1,False,False,MARIE FLOWER SHOP
marie t jose dental clinic,0,0,0,0,0,0,0,0,1,0,0,0,1,1,False,False,MARIE T JOSE DENTAL CLINIC
marina tuna,0,0,0,0,0,0,0,0,1,0,0,0,1,1,False,False,MARINA TUNA
marizzang,0,0,0,0,0,1,0,0,0,0,0,0,1,1,False,False,MariZzang
marcianas palabok supreme and puto pandan,0,0,0,0,0,0,0,0,1,0,0,0,1,1,False,False,MARCIANAS PALABOK SUPREME AND PUTO PANDAN
marc santos,0,0,0,0,0,0,0,0,0,0,0,1,1,1,False,False,MARC SANTOS
master soimai,0,0,0,0,0,0,0,1,0,0,0,0,1,1,False,False,Master Soimai
marc by marc jacob,0,1,0,0,0,0,0,0,0,0,0,0,1,1,False,False,MARC BY MARC JACOB
manjaru outdoors inc,0,0,0,0,0,0,0,0,0,1,0,0,1,1,False,False,MANJARU OUTDOORS INC.
manjos cafe,0,0,0,0,0,0,0,0,1,0,0,0,1,1,False,False,MANJOS CAFE
mann hann 8635 3951,0,0,0,0,0,0,0,1,0,0,0,0,1,1,False,False,Mann Hann 8635-3951
manna garden,0,0,0,0,0,0,0,0,1,0,0,0,1,1,False,False,MANNA GARDEN
manny and pie calayan clinic,0,0,1,0,0,0,0,0,0,0,0,0,1,1,False,False,Manny And Pie Calayan Clinic
mannys spices,0,0,0,0,0,0,0,1,0,0,0,0,1,1,False,False,Manny's Spices
manong samalamig,0,0,0,0,0,0,0,1,0,0,0,0,1,1,False,False,Manong Samalamig
mantaring,0,1,0,0,0,0,0,0,0,0,0,0,1,1,False,False,MANTARING
manulife,0,0,0,0,0,0,0,1,0,0,0,0,1,1,False,False,Manulife
many unlimited topokki buffet,0,0,0,0,0,0,0,0,1,0,0,0,1,1,False,False,MANY UNLIMITED TOPOKKI BUFFET
mapua malayan digital college,0,1,0,0,0,0,0,0,0,0,0,0,1,1,False,False,MAPUA-MALAYAN DIGITAL COLLEGE
maq barbershop,0,0,0,0,0,0,0,0,1,0,0,0,1,1,False,False,MAQ BARBERSHOP
mar fashion accessories,1,0,0,0,0,0,0,0,0,0,0,0,1,1,False,False,MAR FASHION ACCESSORIES
mar sizzling hub,0,0,0,0,0,0,0,1,0,0,0,0,1,1,False,False,Mar Sizzling Hub
marc ann fashion collection,1,0,0,0,0,0,0,0,0,0,0,0,1,1,False,False,Marc Ann Fashion Collection
marked unlock,0,0,0,0,0,0,0,0,0,0,1,0,1,1,False,False,Marked Unlock
market finds,0,1,0,0,0,0,0,0,0,0,0,0,1,1,False,False,MARKET FINDS
market square,0,1,0,0,0,0,0,0,0,0,0,0,1,1,False,False,MARKET SQUARE
markline,0,0,1,0,0,0,0,0,0,0,0,0,1,1,False,False,Markline
maryans photocopier,0,0,0,0,0,0,0,1,0,0,0,0,1,1,False,False,Maryan's Photocopier
marys gift collection,0,1,0,0,0,0,0,0,0,0,0,0,1,1,False,False,MARY'S GIFT COLLECTION
masa food corner 9482764228,0,0,0,0,0,0,0,1,0,0,0,0,1,1,False,False,MASA FOOD CORNER 9482764228
masatami shave ice,0,0,0,0,0,0,0,0,1,0,0,0,1,1,False,False,MASATAMI SHAVE ICE
mascot pets,0,0,0,0,0,0,0,0,1,0,0,0,1,1,False,False,MASCOT PETS
masil charcoal grill restaurant,0,0,0,0,0,0,0,0,1,0,0,0,1,1,False,False,MASIL CHARCOAL GRILL RESTAURANT
massage to go,0,0,0,0,0,0,0,1,0,0,0,0,1,1,False,False,MASSAGE TO GO
massage venue,0,1,0,0,0,0,0,0,0,0,0,0,1,1,False,False,MASSAGE VENUE
massimo dutti,0,1,0,0,0,0,0,0,0,0,0,0,1,1,False,False,MASSIMO DUTTI
masskara chicken inasal,0,0,0,0,0,1,0,0,0,0,0,0,1,1,False,False,Masskara Chicken Inasal
master bong korean chicken,0,0,0,0,1,0,0,0,0,0,0,0,1,1,False,False,Master Bong Korean Chicken
master feng shui ang,1,0,0,0,0,0,0,0,0,0,0,0,1,1,False,False,MASTER FENG SHUI ANG
master gawlu,0,0,0,0,0,0,0,1,0,0,0,0,1,1,False,False,Master Gawlu
master siomai 505 2384,0,0,0,0,0,0,0,1,0,0,0,0,1,1,False,False,MASTER SIOMAI (+6332) 505-2384
master siomai mister donut,0,0,0,0,0,0,0,0,0,0,0,1,1,1,False,False,MASTER SIOMAI Mister Donut
mary pauline,0,0,0,0,0,0,0,1,0,0,0,0,1,1,False,False,Mary Pauline
mary grace cafe 9171172414,0,0,0,0,0,0,0,1,0,0,0,0,1,1,False,False,MARY GRACE CAFE 9171172414 (NEW)
mary grace 0956 200 2544,0,0,0,0,0,0,0,1,0,0,0,0,1,1,False,False,MARY GRACE 0956-200-2544
marry me,0,1,0,0,0,0,0,0,0,0,0,0,1,1,False,False,MARRY ME
marks pepper meal,0,0,0,0,0,0,0,0,1,0,0,0,1,1,False,False,MARKS PEPPER MEAL
marlea dental clinic,0,0,0,0,0,0,0,0,1,0,0,0,1,1,False,False,MARLEA DENTAL CLINIC
marlons creations salon,0,1,0,0,0,0,0,0,0,0,0,0,1,1,False,False,MARLONS CREATIONS SALON
marlyn verdad accessories ca exhibits,0,0,0,0,0,0,0,0,0,0,0,1,1,1,False,False,Marlyn Verdad accessories (9.20) CA EXHIBITS ( PROPERTY PRO )
marmon,0,0,0,0,0,0,0,1,0,0,0,0,1,1,False,False,Marmon
marquins,1,0,0,0,0,0,0,0,0,0,0,0,1,1,False,False,MARQUINS
marshall driving school,0,0,0,0,0,0,0,0,1,0,0,0,1,1,False,False,MARSHALL DRIVING SCHOOL
marwhel,0,0,0,0,0,0,0,1,0,0,0,0,1,1,False,False,Marwhel
marshi s yummy corn,0,0,0,0,1,0,0,0,0,0,0,0,1,1,False,False,Marshi\'s Yummy Corn
mart,0,0,0,0,0,1,0,0,0,0,0,0,1,1,False,False,The Mart
martabak cafe,0,0,0,0,0,0,0,0,1,0,0,0,1,1,False,False,MARTABAK CAFE
martines churros corner toyota caravan,0,0,0,0,0,0,0,0,0,0,0,1,1,1,False,False,Martine's Churros Corner Toyota Caravan
maruca,0,0,0,0,0,1,0,0,0,0,0,0,1,1,False,False,Maruca
marugo takoyaki,0,0,0,0,0,0,0,1,0,0,0,0,1,1,False,False,MARUGO TAKOYAKI
media central,0,0,0,0,0,0,0,0,1,0,0,0,1,1,False,False,MEDIA CENTRAL
medicard clinic,0,0,0,0,0,1,0,0,0,0,0,0,1,1,False,False,Medicard Clinic
manjaru mini gem exhibit,0,0,0,0,0,0,0,0,0,0,0,1,1,1,False,False,MANJARU MINI GEM Exhibit (#40)
micu dentail clinic,0,0,0,0,0,0,0,1,0,0,0,0,1,1,False,False,MICU DENTAIL CLINIC
mietubl philippines,0,0,0,0,0,0,0,1,0,0,0,0,1,1,False,False,MIETUBL PHILIPPINES
mighty hands,0,0,0,0,0,1,0,0,0,0,0,0,1,1,False,False,Mighty Hands
miguelito ice cream,0,0,0,0,0,0,0,1,0,0,0,0,1,1,False,False,Miguelito' Ice Cream
miguelitos avocado locco,0,0,0,0,0,0,0,1,0,0,0,0,1,1,False,False,MIGUELITO'S AVOCADO LOCCO
miguelitos diner,0,0,0,0,0,0,0,1,0,0,0,0,1,1,False,False,MIGUELITO'S DINER
miguelitoss ice cream,0,0,0,0,0,0,0,1,0,0,0,0,1,1,False,False,MIGUELITOS'S ICE CREAM
mijj gadgets repair,0,0,0,0,0,0,0,0,1,0,0,0,1,1,False,False,MIJJ GADGETS REPAIR
mikana,0,0,1,0,0,0,0,0,0,0,0,0,1,1,False,False,Mikana
mikayla,0,0,0,0,0,0,0,0,1,0,0,0,1,1,False,False,MIKAYLA
mikhada takoyaki,0,0,0,0,0,0,0,1,0,0,0,0,1,1,False,False,MIKHADA TAKOYAKI
milagrosa restaurant,0,0,0,0,0,0,0,1,0,0,0,0,1,1,False,False,Milagrosa Restaurant
milano & design,0,0,0,0,0,1,0,0,0,0,0,0,1,1,False,False,Milano & Design
milas pastries & snacks,0,1,0,0,0,0,0,0,0,0,0,0,1,1,False,False,MILA’S PASTRIES & SNACKS
milas pastries and snacks,0,0,0,0,0,0,0,0,1,0,0,0,1,1,False,False,MILAS PASTRIES AND SNACKS
milas tokwat baboy,0,0,0,0,0,0,0,0,1,0,0,0,1,1,False,False,MILA'S TOKWAT BABOY
midio,0,0,0,0,0,0,0,1,0,0,0,0,1,1,False,False,Midio
microcadd,0,0,0,0,0,0,0,0,1,0,0,0,1,1,False,False,MICROCADD
mey lin,0,0,0,0,0,0,0,0,1,0,0,0,1,1,False,False,MEY LIN
micro gadget,0,0,0,0,1,0,0,0,0,0,0,0,1,1,False,False,Micro Gadget
mg,0,0,1,0,0,0,0,0,0,0,0,0,1,1,False,False,Mg
mg gateway,0,0,0,0,0,0,0,1,0,0,0,0,1,1,False,False,MG GATEWAY
mg gateway south corp nissan,0,0,0,0,1,0,0,0,0,0,0,0,1,1,False,False,MG Gateway South Corp. / Nissan
mg gateway temporarily closed,0,0,0,0,0,0,0,1,0,0,0,0,1,1,False,False,MG Gateway TEMPORARILY CLOSED
mhelith bulalohan,0,0,0,0,0,0,0,1,0,0,0,0,1,1,False,False,Mhelith Bulalohan
mhels putobumbong,0,0,0,0,0,0,0,1,0,0,0,0,1,1,False,False,Mhel’s Putobumbong
mhinnie footwear,0,0,0,0,0,0,0,1,0,0,0,0,1,1,False,False,MHINNIE FOOTWEAR
mhj enterprise,0,1,0,0,0,0,0,0,0,0,0,0,1,1,False,False,MHJ ENTERPRISE
mhk korean food,0,0,0,0,0,0,0,1,0,0,0,0,1,1,False,False,MHK KOREAN FOOD
mi panda 0917 841 0027,0,0,0,0,0,0,0,1,0,0,0,0,1,1,False,False,MI PANDA 0917 841 0027
mi service center,0,0,0,0,0,0,0,0,1,0,0,0,1,1,False,False,MI SERVICE CENTER
mia maison 9989235254,0,0,0,0,0,0,0,1,0,0,0,0,1,1,False,False,MIA MAISON 9989235254
michael kors,0,1,0,0,0,0,0,0,0,0,0,0,1,1,False,False,MICHAEL KORS
michelles homemade,0,0,0,0,0,1,0,0,0,0,0,0,1,1,False,False,Michelle's Homemade
micovidi,0,0,0,0,0,0,0,1,0,0,0,0,1,1,False,False,Micovidi
milchar s salon and spa,0,0,0,0,1,0,0,0,0,0,0,0,1,1,False,False,Milchar\'s Salon and Spa
miles cartruck,0,0,0,0,0,0,0,1,0,0,0,0,1,1,False,False,Miles Cartruck
milk cream,0,0,0,0,0,0,0,0,1,0,0,0,1,1,False,False,MILK CREAM
milk pot,0,0,0,0,0,0,0,0,1,0,0,0,1,1,False,False,MILK POT
mingoys paellas,0,0,0,0,0,0,0,0,1,0,0,0,1,1,False,False,MINGOY'S PAELLAS
mini bites donuts,0,0,0,0,0,0,0,1,0,0,0,0,1,1,False,False,MINI BITES DONUTS
mini centro,0,0,0,0,0,0,0,0,1,0,0,0,1,1,False,False,MINI CENTRO
mini donuts,0,0,0,0,0,0,0,1,0,0,0,0,1,1,False,False,Mini Donuts
mini gem exhibit 2,0,0,0,0,0,0,0,0,0,0,0,1,1,1,False,False,MINI GEM EXHIBIT 2 (19)
mini gem exhibit 3,0,0,0,0,0,0,0,0,0,0,0,1,1,1,False,False,MINI GEM EXHIBIT 3 (19)
mini gem exhibit 31,0,0,0,0,0,0,0,0,0,0,0,1,1,1,False,False,MINI GEM EXHIBIT #31
mini gem exhibit jaitel fashion,0,0,0,0,0,0,0,0,0,0,0,1,1,1,False,False,MINI GEM EXHIBIT (2) JAITEL FASHION
mini gem exhibit mickquels toys and childrens wear,0,0,0,0,0,0,0,0,0,0,0,1,1,1,False,False,MINI GEM EXHIBIT (19) MICKQUELS TOYS AND CHILDREN'S WEAR
mini shabu shabu,0,0,0,0,0,0,0,0,1,0,0,0,1,1,False,False,MINI SHABU-SHABU
mini stop premiere development bank,0,0,0,0,0,0,0,0,0,0,0,1,1,1,False,False,MINI STOP PREMIERE DEVELOPMENT BANK
minicare gadget repair,0,0,0,0,0,0,0,0,1,0,0,0,1,1,False,False,MINICARE GADGET REPAIR
minigem exhibit,0,0,0,0,0,0,0,0,0,0,0,1,1,1,False,False,MINIGEM EXHIBIT (13)
minlou,0,0,1,0,0,0,0,0,0,0,0,0,1,1,False,False,Minlou
minlou home,1,0,0,0,0,0,0,0,0,0,0,0,1,1,False,False,MINLOU HOME
mingfu asian cuisine,0,0,0,0,0,0,0,1,0,0,0,0,1,1,False,False,Mingfu Asian Cuisine
mingas petron,0,0,0,0,1,0,0,0,0,0,0,0,1,1,False,False,Mingas - Petron
mined polished jewelry depot,0,0,0,0,0,0,0,0,1,0,0,0,1,1,False,False,MINED POLISHED JEWELRY DEPOT
mimis fashion,0,0,0,0,0,0,0,0,0,0,0,1,1,1,False,False,MIMIS FASHION
milk qq,0,0,0,0,0,0,0,1,0,0,0,0,1,1,False,False,Milk QQ (Temporarily Closed)
milktea square,0,0,0,0,0,0,0,1,0,0,0,0,1,1,False,False,Milktea Square
milky dangooo,0,0,0,0,0,0,0,0,1,0,0,0,1,1,False,False,MILKY DANGOOO
millenium trading,0,0,0,0,1,0,0,0,0,0,0,0,1,1,False,False,Millenium Trading
milleniumgen,0,0,0,0,1,0,0,0,0,0,0,0,1,1,False,False,Milleniumgen
mimiko,0,0,0,0,0,0,1,0,0,0,0,0,1,1,False,False,Mimiko
mimosa wellness,0,0,0,0,0,0,1,0,0,0,0,0,1,1,False,False,Mimosa Wellness
mindwerks the toy shop,0,0,1,0,0,0,0,0,0,0,0,0,1,1,False,False,Mindwerks The Toy Shop
minajens tapsihan,0,0,0,0,0,0,0,0,0,0,0,1,1,1,False,False,MinaJens Tapsihan
mind champs international preschool,0,0,0,0,0,0,0,0,1,0,0,0,1,1,False,False,MIND CHAMPS INTERNATIONAL PRESCHOOL
mind werks,0,0,0,1,0,0,0,0,0,0,0,0,1,1,False,False,Mind Werks
mindanao basket,0,0,0,0,0,0,0,0,1,0,0,0,1,1,False,False,THE MINDANAO BASKET
mindanao gorilla auto detail,0,0,0,0,0,0,0,0,1,0,0,0,1,1,False,False,MINDANAO GORILLA AUTO DETAIL
mindpro supermarket,0,0,0,0,0,0,0,0,1,0,0,0,1,1,False,False,MINDPRO SUPERMARKET
mf beauty secrets,0,0,0,0,0,0,0,0,1,0,0,0,1,1,False,False,MF BEAUTY SECRETS
mexita pizza,0,0,0,0,0,0,0,0,1,0,0,0,1,1,False,False,MEXITA PIZZA
medicard lifestyle center,0,0,0,0,0,1,0,0,0,0,0,0,1,1,False,False,Medicard Lifestyle Center
meinas professional,0,0,0,0,0,0,1,0,0,0,0,0,1,1,False,False,Meinas Professional
meiying food & refreshment,0,0,0,0,0,1,0,0,0,0,0,0,1,1,False,False,Meiying Food & Refreshment
mejico skin facial & day spa manjaru,0,0,0,0,0,0,0,0,0,0,0,1,1,1,False,False,Mejico Skin Facial & Day Spa MANJARU
mele marie,0,0,0,0,0,0,0,0,1,0,0,0,1,1,False,False,MELE + MARIE
melirose,0,0,0,0,0,0,1,0,0,0,0,0,1,1,False,False,Melirose
melissa clube,0,0,0,0,0,0,0,1,0,0,0,0,1,1,False,False,MELISSA CLUBE
melonpan ice,0,0,0,0,0,0,0,0,1,0,0,0,1,1,False,False,MELONPAN ICE
melos,0,0,0,0,0,1,0,0,0,0,0,0,1,1,False,False,Melo's
melrose boardshop,0,0,0,0,0,0,0,0,1,0,0,0,1,1,False,False,MELROSE BOARDSHOP
melyn skincare body spa,0,0,0,0,0,0,0,0,1,0,0,0,1,1,False,False,MELYN SKINCARE BODY SPA
memo express cp,0,0,0,0,0,0,0,0,0,0,0,1,1,1,False,False,MEMO EXPRESS CP
memoxpress ey,0,0,0,0,0,0,0,0,0,0,0,1,1,1,False,False,"MEMOXPRESS, EY"
men in blooms,0,1,0,0,0,0,0,0,0,0,0,0,1,1,False,False,MEN IN BLOOMS
mendez,0,0,0,0,1,0,0,0,0,0,0,0,1,1,False,False,Mendez
mendokoro ramenba,0,0,0,0,0,0,0,0,1,0,0,0,1,1,False,False,MENDOKORO RAMENBA
mendrez temporarily closed,0,0,0,0,0,0,0,1,0,0,0,0,1,1,False,False,Mendrez TEMPORARILY CLOSED
meinas scalp treatment center,0,0,0,0,0,0,0,0,1,0,0,0,1,1,False,False,MEINAS SCALP TREATMENT CENTER
mei lin,0,0,0,0,0,0,0,0,1,0,0,0,1,1,False,False,MEI LIN
mexikanto,0,0,0,0,0,0,0,1,0,0,0,0,1,1,False,False,Mexikanto
megaworld showroom,0,0,0,0,0,1,0,0,0,0,0,0,1,1,False,False,Megaworld Showroom
medico global,0,0,0,0,0,0,1,0,0,0,0,0,1,1,False,False,Medico Global
medispa,0,0,0,0,0,0,0,0,1,0,0,0,1,1,False,False,MEDISPA
medley modern mediterranean,0,1,0,0,0,0,0,0,0,0,0,0,1,1,False,False,MEDLEY MODERN MEDITERRANEAN
meet fresh 9177123701,0,0,0,0,0,0,0,1,0,0,0,0,1,1,False,False,Meet Fresh 9177123701
meet your ribs,0,0,0,0,0,0,0,0,1,0,0,0,1,1,False,False,MEET YOUR RIBS
meg,0,0,0,0,0,0,1,0,0,0,0,0,1,1,False,False,Meg
mega cellular,0,1,0,0,0,0,0,0,0,0,0,0,1,1,False,False,MEGA CELLULAR
mega cellular network,0,0,1,0,0,0,0,0,0,0,0,0,1,1,False,False,Mega Cellular Network
mega fitness center,0,0,0,0,0,0,0,0,1,0,0,0,1,1,False,False,MEGA FITNESS CENTER
mega one,0,0,0,0,0,0,0,1,0,0,0,0,1,1,False,False,MEGA ONE
megabit,0,0,0,0,0,0,0,1,0,0,0,0,1,1,False,False,Megabit
megamelt,0,0,0,0,0,0,0,0,1,0,0,0,1,1,False,False,MEGAMELT
megatech,0,0,0,0,0,0,0,0,0,0,0,1,1,1,False,False,MEGATECH
megaworld platinum,0,0,0,0,0,1,0,0,0,0,0,0,1,1,False,False,Megaworld Platinum
megaworld prime office,0,0,0,0,0,1,0,0,0,0,0,0,1,1,False,False,Megaworld Prime Office
menel angelu foods robinsons dept exhibit,0,0,0,0,0,0,0,0,0,0,0,1,1,1,False,False,MENEL ANGELU FOODS ( ANGELU MIXED RICE ) ROBINSONS DEPT. EXHIBIT
mens depot by davids,0,0,0,0,0,0,1,0,0,0,0,0,1,1,False,False,Men's Depot by David's
mentore coffee bar,0,1,0,0,0,0,0,0,0,0,0,0,1,1,False,False,MENTORE COFFEE BAR
menya kokoro,0,0,0,0,0,1,0,0,0,0,0,0,1,1,False,False,Menya Kokoro
mesa steak sizzlers,0,1,0,0,0,0,0,0,0,0,0,0,1,1,False,False,MESA STEAK SIZZLERS
message sent,0,0,0,0,0,0,1,0,0,0,0,0,1,1,False,False,Message Sent
messiah,0,0,0,0,0,0,1,0,0,0,0,0,1,1,False,False,Messiah
metanoia christian ministries,0,1,0,0,0,0,0,0,0,0,0,0,1,1,False,False,METANOIA CHRISTIAN MINISTRIES
metro dept,0,0,0,0,0,0,0,0,0,0,0,1,1,1,False,False,METRO DEPT.
metro rapid transit service inc,0,0,0,0,0,0,0,0,1,0,0,0,1,1,False,False,METRO RAPID TRANSIT SERVICE INC
metro sanitas keralty,0,0,1,0,0,0,0,0,0,0,0,0,1,1,False,False,Metro Sanitas / Keralty
metro star department store,0,0,0,0,0,0,0,0,0,0,0,1,1,1,False,False,METRO STAR DEPARTMENT STORE
metro wanderer travel services,0,0,0,0,0,0,0,0,1,0,0,0,1,1,False,False,METRO WANDERER TRAVEL SERVICES
metrofone,0,0,0,0,0,0,0,0,0,0,1,0,1,1,False,False,Metrofone
metrospecs,0,0,0,0,0,0,0,1,0,0,0,0,1,1,False,False,METROSPECS
metrowaki,0,0,0,0,0,0,0,1,0,0,0,0,1,1,False,False,Metrowaki
meuble,0,0,0,0,0,0,0,1,0,0,0,0,1,1,False,False,MEUBLE
mexicali,0,0,0,0,0,0,0,0,1,0,0,0,1,1,False,False,MEXICALI
mexicanos,0,0,0,0,0,0,0,1,0,0,0,0,1,1,False,False,Mexicanos
mesa 9177016262,0,0,0,0,0,0,0,1,0,0,0,0,1,1,False,False,Mesa 9177016262
merzci pasalubong center,0,0,0,0,0,0,0,0,1,0,0,0,1,1,False,False,MERZCI PASALUBONG CENTER
merzci pasalubong,0,1,0,0,0,0,0,0,0,0,0,0,1,1,False,False,MERZCI PASALUBONG
mercury drug treats of l a,0,0,0,0,0,0,0,0,0,0,0,1,1,1,False,False,Mercury Drug TREATS OF L.A
menya noodle & bento bar,0,0,0,0,0,0,1,0,0,0,0,0,1,1,False,False,Menya Noodle & Bento Bar
meo asia,0,0,0,0,0,0,0,1,0,0,0,0,1,1,False,False,Meo Asia
meogja,0,0,0,0,0,0,0,1,0,0,0,0,1,1,False,False,MEOGJA
mer nels cake house,0,0,0,0,0,0,0,0,1,0,0,0,1,1,False,False,MER-NELS CAKE HOUSE
mercury drug 0923 147 6034,0,0,0,0,0,0,0,1,0,0,0,0,1,1,False,False,Mercury Drug 0923-147-6034
mercury drug corporation aficionado,0,0,0,0,0,0,0,0,0,0,0,1,1,1,False,False,MERCURY DRUG CORPORATION AFICIONADO
mercury torque,0,0,0,0,0,0,0,0,0,0,0,1,1,1,False,False,MERCURY TORQUE
merzci,0,0,0,0,0,0,0,1,0,0,0,0,1,1,False,False,Merzci
merienda by pan de manila,0,0,0,0,0,0,0,0,1,0,0,0,1,1,False,False,MERIENDA BY PAN DE MANILA
merkado supermarket,0,1,0,0,0,0,0,0,0,0,0,0,1,1,False,False,MERKADO SUPERMARKET
merlgen euro designs,0,0,0,0,0,0,0,0,1,0,0,0,1,1,False,False,MERLGEN EURO DESIGNS
merriam & webster bookstore,0,0,0,0,0,0,0,0,0,1,0,0,1,1,False,False,MERRIAM & WEBSTER BOOKSTORE
merry mango 0920 969 9762,0,0,0,0,0,0,0,1,0,0,0,0,1,1,False,False,Merry Mango 0920-969-9762
mers paluto,0,0,0,0,0,1,0,0,0,0,0,0,1,1,False,False,Mers Paluto
manjaru outdoor shop,0,0,0,0,0,0,0,0,0,0,0,1,1,1,False,False,MANJARU OUTDOOR SHOP
manjaru ayz health and beauty shop,0,0,0,0,0,0,0,0,0,0,0,1,1,1,False,False,MANJARU AYZ HEALTH AND BEAUTY SHOP
lilorbits mini donuts,0,0,0,0,0,0,0,1,0,0,0,0,1,1,False,False,Lil'Orbits Mini-Donuts
lourmon garden,0,0,0,0,0,0,0,0,1,0,0,0,1,1,False,False,LOURMON GARDEN
love brows brow aesthetic studio,0,0,0,0,0,0,0,0,1,0,0,0,1,1,False,False,LOVE BROWS BROW AESTHETIC STUDIO
love house,0,0,0,0,0,0,0,1,0,0,0,0,1,1,False,False,Love House
love marie,0,0,0,0,0,0,0,1,0,0,0,0,1,1,False,False,LOVE MARIE
love marie beauty & brow salon,0,0,0,0,0,0,0,1,0,0,0,0,1,1,False,False,LOVE MARIE BEAUTY & BROW SALON
lovehouse beauty studio,0,0,0,0,0,0,0,1,0,0,0,0,1,1,False,False,LOVEHOUSE BEAUTY STUDIO
lovemarie beauty lounge,0,0,0,0,0,0,0,0,1,0,0,0,1,1,False,False,LOVEMARIE BEAUTY LOUNGE
lowcal salad & wraps 0923 858 5216,0,0,0,0,0,0,0,1,0,0,0,0,1,1,False,False,LOWCAL SALAD & WRAPS 0923-858-5216
loyola k 12 tutorial services,0,0,0,0,0,0,0,0,1,0,0,0,1,1,False,False,LOYOLA K-12 TUTORIAL SERVICES
lra,0,0,0,0,0,0,0,1,0,0,0,0,1,1,False,False,LRA
ls blooms,0,0,0,0,0,0,0,0,1,0,0,0,1,1,False,False,LS BLOOMS
ls blooms flower shop,0,0,0,0,0,0,0,1,0,0,0,0,1,1,False,False,LS BLOOMS FLOWER SHOP
ls pascual,0,0,0,0,0,0,0,1,0,0,0,0,1,1,False,False,LS Pascual
ls pascual optical,0,0,0,0,0,0,0,1,0,0,0,0,1,1,False,False,LS Pascual Optical
lsc watch repair,0,0,0,0,0,0,0,1,0,0,0,0,1,1,False,False,LSC Watch Repair
lspascual optical,0,0,0,0,0,0,0,0,1,0,0,0,1,1,False,False,LSPASCUAL OPTICAL
love & diamonds,0,0,0,0,0,0,0,1,0,0,0,0,1,1,False,False,Love & Diamonds
loulou nail spa & salon,0,0,1,0,0,0,0,0,0,0,0,0,1,1,False,False,Loulou Nail Spa & Salon
look buko rocks,0,0,0,0,0,0,0,0,0,0,0,1,1,1,False,False,THE LOOK Buko Rocks
louis vuitton,0,1,0,0,0,0,0,0,0,0,0,0,1,1,False,False,LOUIS VUITTON
looks by optika eccelente,0,0,0,0,0,0,0,0,1,0,0,0,1,1,False,False,LOOKS BY OPTIKA ECCELENTE
lorenzo jewelry,0,0,0,0,0,0,0,0,1,0,0,0,1,1,False,False,LORENZO JEWELRY
lormalifecheck,0,0,0,0,0,0,0,1,0,0,0,0,1,1,False,False,LORMALIFECHECK
los churreros churros,0,0,0,0,0,0,0,1,0,0,0,0,1,1,False,False,LOS CHURREROS CHURROS
los pedritos 654 6099,0,0,0,0,0,0,0,1,0,0,0,0,1,1,False,False,LOS PEDRITOS (075) 654-6099
los tacos,0,0,0,0,0,1,0,0,0,0,0,0,1,1,False,False,Los Tacos
lost,0,0,0,0,0,0,0,0,1,0,0,0,1,1,False,False,LOST
lost bread,0,0,0,0,0,0,0,0,1,0,0,0,1,1,False,False,THE LOST BREAD
lots a pizza 0948 122 8792,0,0,0,0,0,0,0,1,0,0,0,0,1,1,False,False,Lots' A Pizza 📲 0948-122-8792
lotsa pizza,0,0,0,0,0,0,0,1,0,0,0,0,1,1,False,False,LOTS'A PIZZA (TEMPORARILY CLOSED)
lotto 0933 874 0972,0,0,0,0,0,0,0,1,0,0,0,0,1,1,False,False,Lotto 0933-874-0972
lotto keno,0,0,0,0,0,0,0,0,0,0,0,1,1,1,False,False,LOTTO/KENO
lotus cafe,0,0,0,0,0,0,0,0,1,0,0,0,1,1,False,False,LOTUS CAFÉ
louelli travel & tours,0,0,0,0,0,0,0,1,0,0,0,0,1,1,False,False,Louelli Travel & Tours
louies dermatology,0,0,0,0,0,0,0,1,0,0,0,0,1,1,False,False,LOUIE'S DERMATOLOGY
lucelle 9454728556,0,0,0,0,0,0,0,1,0,0,0,0,1,1,False,False,Lucelle 9454728556
lucitas canteen,0,0,0,0,1,0,0,0,0,0,0,0,1,1,False,False,Lucitas Canteen
lucky 7 bingo,0,0,0,0,1,0,0,0,0,0,0,0,1,1,False,False,Lucky 7 Bingo
lucky boba,0,0,0,0,0,0,0,1,0,0,0,0,1,1,False,False,Lucky Boba
lumiere anti aging and skin spa,0,0,0,0,0,1,0,0,0,0,0,0,1,1,False,False,Lumiere Anti-aging and Skin Spa
lumina homes,0,0,0,0,0,0,0,0,0,1,0,0,1,1,False,False,LUMINA HOMES
luminisce holistic skin innovations,0,0,0,0,0,0,0,0,1,0,0,0,1,1,False,False,LUMINISCE HOLISTIC SKIN INNOVATIONS
luminosa aesthetic & wellness center,0,0,0,0,0,1,0,0,0,0,0,0,1,1,False,False,Luminosa Aesthetic & Wellness Center
luminous espresso industry,0,0,1,0,0,0,0,0,0,0,0,0,1,1,False,False,Luminous Espresso Industry
lumpia express,0,0,0,0,0,0,0,1,0,0,0,0,1,1,False,False,Lumpia Express
lumpia natics by magsies,0,1,0,0,0,0,0,0,0,0,0,0,1,1,False,False,LUMPIA.NATICS BY MAGSIE’S
lumpiaholic,0,0,0,0,0,0,0,0,1,0,0,0,1,1,False,False,LUMPIAHOLIC
luna,0,1,0,0,0,0,0,0,0,0,0,0,1,1,False,False,LUNA
lunas ilonggo legacy,0,0,0,0,0,1,0,0,0,0,0,0,1,1,False,False,Luna's Ilonggo Legacy
lunula salon & spa,0,0,0,0,0,0,0,1,0,0,0,0,1,1,False,False,Lunula Salon & Spa
lush 8724 0260,0,0,0,0,0,0,0,1,0,0,0,0,1,1,False,False,Lush 8724-0260
lush fresh handmade cosmetics,0,0,0,0,0,0,0,0,1,0,0,0,1,1,False,False,LUSH FRESH HANDMADE COSMETICS
lustre salon & wellness,0,0,0,0,0,0,0,1,0,0,0,0,1,1,False,False,LUSTRE SALON & WELLNESS
lutong bahay ni manang,0,0,0,0,0,0,0,1,0,0,0,0,1,1,False,False,LUTONG BAHAY NI MANANG
lumbenos barong & gown collection 377 93,0,1,0,0,0,0,0,0,0,0,0,0,1,1,False,False,LUMBENOS BARONG & GOWN COLLECTION 377.93
lulu forex,0,0,0,0,0,0,0,1,0,0,0,0,1,1,False,False,Lulu Forex
luka ferruccio,0,0,0,0,0,0,0,0,1,0,0,0,1,1,False,False,LUKA FERRUCCIO
lueur,0,0,0,0,0,0,0,1,0,0,0,0,1,1,False,False,LUEUR
lucky chao,0,0,0,0,0,1,0,0,0,0,0,0,1,1,False,False,Lucky Chao
lucky charm,0,0,0,0,0,0,0,1,0,0,0,0,1,1,False,False,Lucky Charm
lucky chinatown cinemas,0,0,0,0,0,1,0,0,0,0,0,0,1,1,False,False,Lucky Chinatown Cinemas
lucky chinatown cinemas snackbar,0,0,0,0,0,1,0,0,0,0,0,0,1,1,False,False,Lucky Chinatown Cinemas - Snackbar
lucky joy,0,0,0,0,0,0,0,1,0,0,0,0,1,1,False,False,LUCKY JOY
lucky pick lotto,0,0,0,0,0,0,0,1,0,0,0,0,1,1,False,False,Lucky Pick lotto
luez printing,0,0,0,0,0,0,0,1,0,0,0,0,1,1,False,False,LUEZ PRINTING
lugaw to go,0,0,0,0,0,0,0,1,0,0,0,0,1,1,False,False,LUGAW TO GO
luez printing services,0,0,0,0,0,0,0,1,0,0,0,0,1,1,False,False,Luez Printing Services
lugaw house minigem,0,0,0,0,0,0,0,0,0,0,0,1,1,1,False,False,LUGAW HOUSE MINIGEM (#44)
lugaw king,0,0,0,0,0,0,0,0,1,0,0,0,1,1,False,False,LUGAW KING
lugaw ni bosing,0,0,0,0,0,0,0,1,0,0,0,0,1,1,False,False,Lugaw ni Bosing
lugaw one,0,0,1,0,0,0,0,0,0,0,0,0,1,1,False,False,Lugaw One
lugaw plus,0,1,0,0,0,0,0,0,0,0,0,0,1,1,False,False,LUGAW PLUS
look treats of la,0,0,0,0,0,0,0,0,0,0,0,1,1,1,False,False,THE LOOK TREATS OF LA
longchamp,0,1,0,0,0,0,0,0,0,0,0,0,1,1,False,False,LONGCHAMP
lux skin essentials,0,0,0,0,0,0,0,0,0,0,0,1,1,1,False,False,LUX SKIN ESSENTIALS
little flour cafe,0,0,0,0,0,0,1,0,0,0,0,0,1,1,False,False,Little Flour Cafe
little green 9190837902,0,0,0,0,0,0,0,1,0,0,0,0,1,1,False,False,Little Green 9190837902
little moms donut factory,0,0,0,0,0,0,0,1,0,0,0,0,1,1,False,False,Little Mom's Donut Factory
little moms donuts,0,0,0,0,0,0,0,1,0,0,0,0,1,1,False,False,LITTLE MOM'S DONUTS
little orlys,0,0,0,0,0,0,0,0,1,0,0,0,1,1,False,False,LITTLE ORLY'S
little prince,0,0,0,0,0,1,0,0,0,0,0,0,1,1,False,False,Little Prince
little saigon,0,0,0,0,0,0,0,0,1,0,0,0,1,1,False,False,LITTLE SAIGON
little yoo daebak,0,0,0,0,0,0,0,0,1,0,0,0,1,1,False,False,LITTLE YOO DAEBAK
livestock,0,0,0,0,0,1,0,0,0,0,0,0,1,1,False,False,Livestock
living bread,0,0,0,0,1,0,0,0,0,0,0,0,1,1,False,False,Living Bread
living life well medical center,0,0,0,0,0,0,0,0,1,0,0,0,1,1,False,False,LIVING LIFE WELL MEDICAL CENTER
living space by rds,0,0,0,0,0,0,0,1,0,0,0,0,1,1,False,False,Living Space by RDS
liwanag house,0,0,0,0,0,0,0,1,0,0,0,0,1,1,False,False,LIWANAG HOUSE
liz beauty lounge,0,0,0,0,0,1,0,0,0,0,0,0,1,1,False,False,Liz Beauty Lounge
lj bikes,0,0,0,0,0,0,0,0,0,0,1,0,1,1,False,False,LJ Bikes
lj lugawan,0,0,0,0,0,0,0,0,1,0,0,0,1,1,False,False,LJ LUGAWAN
little golden nuggets,0,0,0,0,0,0,1,0,0,0,0,0,1,1,False,False,Little Golden Nuggets
little flour,0,0,0,0,0,1,0,0,0,0,0,0,1,1,False,False,Little Flour
long live play,0,0,0,0,0,0,1,0,0,0,0,0,1,1,False,False,Long Live Play
little farmers coffee brim,0,1,0,0,0,0,0,0,0,0,0,0,1,1,False,False,LITTLE FARMERS COFFEE BRIM
lils hobby center,0,1,0,0,0,0,0,0,0,0,0,0,1,1,False,False,LIL'S HOBBY CENTER
lily & co,0,1,0,0,0,0,0,0,0,0,0,0,1,1,False,False,LILY & CO.
lim dental clinic,0,0,0,0,0,0,0,0,0,0,1,0,1,1,False,False,Lim Dental Clinic
limapulo,0,0,0,0,0,0,0,0,1,0,0,0,1,1,False,False,LIMAPULO
limitless,0,0,0,0,0,1,0,0,0,0,0,0,1,1,False,False,Limitless
limjoe lemony juice station,0,0,0,0,0,0,0,0,1,0,0,0,1,1,False,False,LIMJOE LEMONY JUICE STATION
line clover d trading inc,0,0,0,0,0,1,0,0,0,0,0,0,1,1,False,False,Line Clover D Trading Inc
ling nam express,0,0,0,0,0,0,0,1,0,0,0,0,1,1,False,False,Ling Nam Express
lipa city travels & tours,0,0,0,0,0,0,0,1,0,0,0,0,1,1,False,False,LIPA CITY TRAVELS & TOURS
lisa s tender lean meat,0,0,0,0,1,0,0,0,0,0,0,0,1,1,False,False,Lisa\'s Tender Lean Meat
listen apparel,0,0,0,0,0,0,0,1,0,0,0,0,1,1,False,False,LISTEN APPAREL
listening room,0,0,0,0,0,0,0,0,1,0,0,0,1,1,False,False,THE LISTENING ROOM
lit,0,1,0,0,0,0,0,0,0,0,0,0,1,1,False,False,LIT
lithe,0,0,0,0,0,1,0,0,0,0,0,0,1,1,False,False,Lithe
little corner breadshop,0,1,0,0,0,0,0,0,0,0,0,0,1,1,False,False,THE LITTLE CORNER BREADSHOP
lj minute key shop,0,0,0,0,1,0,0,0,0,0,0,0,1,1,False,False,LJ Minute Key Shop
lj s minute key shop,0,0,0,0,1,0,0,0,0,0,0,0,1,1,False,False,LJ\'s Minute Key Shop
lj s minute keyshop,0,0,0,0,1,0,0,0,0,0,0,0,1,1,False,False,LJ\'s Minute Keyshop
ljc beauty & wellness shop hexi health xc health & beauty shop,0,0,0,0,0,0,0,0,0,0,0,1,1,1,False,False,LJC BEAUTY & WELLNESS SHOP (STO. NIÑO DE CEBU) HEXI HEALTH -XC HEALTH & BEAUTY SHOP
loewe,0,1,0,0,0,0,0,0,0,0,0,0,1,1,False,False,LOEWE
log,0,0,0,0,0,0,0,0,1,0,0,0,1,1,False,False,LOG
lokal,0,0,0,0,0,1,0,0,0,0,0,0,1,1,False,False,Lokal
lola belens,0,1,0,0,0,0,0,0,0,0,0,0,1,1,False,False,LOLA BELEN’S
lola caf,0,0,0,0,0,0,0,0,1,0,0,0,1,1,False,False,LOLA CAF?
lola nenas,0,0,0,0,0,0,0,0,1,0,0,0,1,1,False,False,LOLA NENA'S
lola soap,0,0,0,0,0,0,0,0,1,0,0,0,1,1,False,False,LOLA SOAP
lolas boutique,0,1,0,0,0,0,0,0,0,0,0,0,1,1,False,False,LOLA’S BOUTIQUE
loliths empanada,0,0,0,0,0,0,0,1,0,0,0,0,1,1,False,False,Lolith's Empanada
lollipastillas,0,0,0,0,0,0,0,0,1,0,0,0,1,1,False,False,LOLLIPASTILLAS
lolo at lola internet cafe,0,0,0,0,0,0,0,1,0,0,0,0,1,1,False,False,Lolo at Lola Internet Cafe
lolo pinoy grill,0,0,0,0,0,1,0,0,0,0,0,0,1,1,False,False,Lolo Pinoy Grill
lom key specialist,0,0,0,0,0,0,1,0,0,0,0,0,1,1,False,False,LOM Key Specialist
london eyelash extensions,0,0,0,0,0,0,0,0,1,0,0,0,1,1,False,False,LONDON EYELASH EXTENSIONS
lonely owl,0,0,0,0,0,1,0,0,0,0,0,0,1,1,False,False,Lonely Owl
locknlock,0,0,0,0,0,1,0,0,0,0,0,0,1,1,False,False,LocknLock
lock n lock,0,0,0,0,0,0,1,0,0,0,0,0,1,1,False,False,Lock N Lock
lock and lock,0,0,0,1,0,0,0,0,0,0,0,0,1,1,False,False,Lock and Lock
lnd,0,0,0,0,0,0,0,1,0,0,0,0,1,1,False,False,LND
ljm,0,0,0,0,0,0,0,1,0,0,0,0,1,1,False,False,LJM
ljtc,0,0,0,0,0,0,0,0,0,0,0,1,1,1,False,False,LJTC
lkaisei japanese restaurant,0,0,0,0,0,0,0,0,1,0,0,0,1,1,False,False,LKAISEI JAPANESE RESTAURANT
llanillo romero optical clinic,0,0,0,0,0,0,0,0,1,0,0,0,1,1,False,False,LLANILLO-ROMERO OPTICAL CLINIC
llao llao 9175651015,0,0,0,0,0,0,0,1,0,0,0,0,1,1,False,False,llao-llao 9175651015
lllaollao,0,0,0,0,0,0,0,1,0,0,0,0,1,1,False,False,Lllaollao
load express,0,0,0,0,0,0,0,1,0,0,0,0,1,1,False,False,Load Express
lock & lock 9562274722,0,0,0,0,0,0,0,1,0,0,0,0,1,1,False,False,Lock & Lock 9562274722
load express 9395400418,0,0,0,0,0,0,0,1,0,0,0,0,1,1,False,False,Load Express 9395400418
load na,1,0,0,0,0,0,0,0,0,0,0,0,1,1,False,False,LOAD NA
load up station,0,0,0,0,0,0,0,1,0,0,0,0,1,1,False,False,LOAD UP STATION
loalde & 18myles,0,0,0,0,0,1,0,0,0,0,0,0,1,1,False,False,Loalde & 18Myles
loc&stor,0,0,0,0,0,1,0,0,0,0,0,0,1,1,False,False,Loc&Stor
loccitane en provence,0,0,0,0,0,0,0,1,0,0,0,0,1,1,False,False,L’occitane En Provence
luvyah korean potato hotdogs corndogs,0,0,0,0,0,0,0,0,1,0,0,0,1,1,False,False,LUVYAH KOREAN POTATO HOTDOGS CORNDOGS
luxallure aesthetic clinic,0,0,0,0,0,0,0,1,0,0,0,0,1,1,False,False,LUXALLURE AESTHETIC CLINIC
manila goldsmiths co,0,0,0,0,0,0,0,0,1,0,0,0,1,1,False,False,MANILA GOLDSMITHS CO
malubianbian spicy restaurant,0,0,0,0,0,0,0,0,1,0,0,0,1,1,False,False,MALUBIANBIAN SPICY RESTAURANT
mama jacqs kitchen,0,0,0,0,0,0,0,1,0,0,0,0,1,1,False,False,Mama Jacq's Kitchen
mama maria s pizzeria,0,0,0,0,1,0,0,0,0,0,0,0,1,1,False,False,Mama Maria\'s Pizzeria
mama sarahs lettuce garden,0,0,0,0,0,0,0,1,0,0,0,0,1,1,False,False,Mama Sarah's Lettuce Garden
mamacai,0,0,0,0,0,0,0,0,1,0,0,0,1,1,False,False,MAMACAI
mamacita,0,0,0,0,0,1,0,0,0,0,0,0,1,1,False,False,Mamacita
mamangs wood fired pizzeria,0,0,0,0,0,0,0,0,1,0,0,0,1,1,False,False,MAMANGS WOOD FIRED PIZZERIA
mamas & papas,0,0,0,0,0,0,0,1,0,0,0,0,1,1,False,False,MAMAS & PAPAS
mamastill atbp,0,0,0,0,0,0,0,0,1,0,0,0,1,1,False,False,MAMASTILL ATBP
mamemo corner and booyaka records,0,0,0,0,0,1,0,0,0,0,0,0,1,1,False,False,Mamemo Corner and Booyaka Records
mamitas pizza,0,0,0,0,0,0,0,0,1,0,0,0,1,1,False,False,MAMITA'S PIZZA
mamma mia,0,0,0,0,0,1,0,0,0,0,0,0,1,1,False,False,Mamma Mia
mamolo dental clinic,0,0,0,0,0,0,0,1,0,0,0,0,1,1,False,False,Mamolo Dental Clinic
man go juan,0,0,0,0,0,0,0,0,0,0,1,0,1,1,False,False,Man-Go Juan
manam 9190845736,0,0,0,0,0,0,0,1,0,0,0,0,1,1,False,False,MANAM 9190845736
manam comfort food,0,0,0,0,0,0,0,1,0,0,0,0,1,1,False,False,MANAM COMFORT FOOD
mama bears garden,0,0,0,0,0,0,0,0,0,0,1,0,1,1,False,False,Mama Bears Garden
malbcoff,0,0,0,0,0,0,1,0,0,0,0,0,1,1,False,False,Malbcoff
mai pao,0,0,0,0,0,0,0,0,1,0,0,0,1,1,False,False,MAI PAO
malayan bank,0,0,0,0,0,0,0,1,0,0,0,0,1,1,False,False,Malayan Bank
maison de beaute,0,1,0,0,0,0,0,0,0,0,0,0,1,1,False,False,MAISON DE BEAUTE
maison margiela,0,0,0,0,0,0,0,1,0,0,0,0,1,1,False,False,MAISON MARGIELA
maisys coffee cut,0,0,0,0,0,0,0,1,0,0,0,0,1,1,False,False,Maisy's Coffee Cut (open)
maja coffee & donuts,0,0,0,0,0,1,0,0,0,0,0,0,1,1,False,False,Maja Coffee & Donuts
majeids carpet,0,0,1,0,0,0,0,0,0,0,0,0,1,1,False,False,Majeid’s Carpet
majestic ham,0,0,0,0,0,0,1,0,0,0,0,0,1,1,False,False,Majestic Ham
majesty driving school,0,0,0,0,0,0,0,0,1,0,0,0,1,1,False,False,MAJESTY DRIVING SCHOOL
makati projections,0,1,0,0,0,0,0,0,0,0,0,0,1,1,False,False,MAKATI PROJECTIONS
make it kwek,0,0,0,0,0,0,0,1,0,0,0,0,1,1,False,False,Make-It-Kwek
make over salon,0,0,0,0,1,0,0,0,0,0,0,0,1,1,False,False,Make Over Salon
make room & more,0,1,0,0,0,0,0,0,0,0,0,0,1,1,False,False,MAKE ROOM & MORE
makiko,0,1,0,0,0,0,0,0,0,0,0,0,1,1,False,False,MAKIKO
makimura ramen bar express,0,0,0,0,0,0,0,0,1,0,0,0,1,1,False,False,MAKIMURA RAMEN BAR EXPRESS
makiramen,0,0,0,0,0,0,0,0,1,0,0,0,1,1,False,False,MAKIRAMEN
makkiramen restaurant,0,0,0,0,0,0,0,0,1,0,0,0,1,1,False,False,MAKKIRAMEN RESTAURANT
manang sayong,0,0,0,0,0,1,0,0,0,0,0,0,1,1,False,False,Manang Sayong
mandara spa relaxation,0,0,0,0,0,0,0,0,1,0,0,0,1,1,False,False,THE MANDARA SPA RELAXATION
mandarin,0,0,0,0,0,0,0,1,0,0,0,0,1,1,False,False,Mandarin
mandarin sky express,0,1,0,0,0,0,0,0,0,0,0,0,1,1,False,False,MANDARIN SKY EXPRESS
mangan restaurant,0,0,0,0,0,0,0,1,0,0,0,0,1,1,False,False,MANGAN RESTAURANT
mangkok avenue,0,0,0,0,0,0,0,1,0,0,0,0,1,1,False,False,Mangkok Avenue
mango delight original,0,0,0,0,0,0,0,0,1,0,0,0,1,1,False,False,MANGO DELIGHT ORIGINAL
mango float supreme,0,0,0,0,0,1,0,0,0,0,0,0,1,1,False,False,Mango Float Supreme
mango mango man,0,0,0,0,0,0,0,0,1,0,0,0,1,1,False,False,MANGO MANGO MAN
mango mango touch,0,0,0,0,0,0,0,1,0,0,0,0,1,1,False,False,Mango/Mango Touch
mango ong,0,0,0,0,0,0,0,1,0,0,0,0,1,1,False,False,Mango-Ong
mango superstore,0,0,0,0,0,0,0,0,1,0,0,0,1,1,False,False,MANGO SUPERSTORE
manic,0,0,0,0,0,0,0,0,1,0,0,0,1,1,False,False,MANIC
manic beauty,0,0,0,0,0,0,0,1,0,0,0,0,1,1,False,False,Manic Beauty
manila bankers insurance,0,0,0,0,0,0,0,1,0,0,0,0,1,1,False,False,MANILA BANKER'S INSURANCE
manila bankers life,0,0,0,0,0,0,0,1,0,0,0,0,1,1,False,False,MANILA BANKER'S LIFE
manila bankers life insurance corp,0,0,0,0,0,0,0,1,0,0,0,0,1,1,False,False,MANILA BANKERS LIFE INSURANCE CORP
manila diamond,0,0,0,0,0,0,1,0,0,0,0,0,1,1,False,False,Manila Diamond
manila dokha medwakh,0,0,0,1,0,0,0,0,0,0,0,0,1,1,False,False,Manila Dokha Medwakh
mang tomas pinoy sorbetes,0,1,0,0,0,0,0,0,0,0,0,0,1,1,False,False,MANG TOMAS PINOY SORBETES
mang tinapay,0,0,0,0,0,0,0,0,1,0,0,0,1,1,False,False,MANG TINAPAY
mang sorbetes,0,0,0,0,0,0,0,1,0,0,0,0,1,1,False,False,MANG SORBETES
mang inasal beauche,0,0,0,0,0,0,0,0,0,0,0,1,1,1,False,False,MANG INASAL BEAUCHE
mandaue foam and home store,0,0,0,0,0,0,0,1,0,0,0,0,1,1,False,False,MANDAUE FOAM AND HOME STORE
mandotory cut,0,0,0,0,0,0,0,1,0,0,0,0,1,1,False,False,Mandotory Cut
manestream salon,0,0,0,0,1,0,0,0,0,0,0,0,1,1,False,False,Manestream Salon
mang chaa,0,0,0,0,0,0,0,1,0,0,0,0,1,1,False,False,Mang Chaa
mang domeng bibingka,0,0,0,0,0,0,0,0,0,0,1,0,1,1,False,False,Mang Domeng Bibingka
mang domengs bibingka,0,0,0,0,0,0,0,0,0,0,1,0,1,1,False,False,Mang Domeng's Bibingka
mang inasal extension,0,0,0,0,1,0,0,0,0,0,0,0,1,1,False,False,Mang Inasal - Extension
mang rudys,0,1,0,0,0,0,0,0,0,0,0,0,1,1,False,False,MANG RUDY'S
mang inasal kerrimo,0,0,0,0,0,0,0,0,0,0,0,1,1,1,False,False,Mang Inasal KERRIMO
mang inasal minigem exhibit,0,0,0,0,0,0,0,0,0,0,0,1,1,1,False,False,MANG INASAL MINIGEM EXHIBIT (4)
mang inasal philippines inc,0,0,0,0,0,0,0,0,0,0,0,1,1,1,False,False,"MANG INASAL PHILIPPINES, INC."
mang inasal stock room nelsas lumpia,0,0,0,0,0,0,0,0,0,0,0,1,1,1,False,False,MANG INASAL STOCK ROOM NELSAS LUMPIA
mang inasal virmas food channel cake frost,0,0,0,0,0,0,0,0,0,0,0,1,1,1,False,False,MANG INASAL VIRMA’S FOOD CHANNEL/ CAKE FROST
mang pakpak,0,0,0,0,0,1,0,0,0,0,0,0,1,1,False,False,Mang Pakpak
mairah footwear store,0,0,0,0,0,0,0,1,0,0,0,0,1,1,False,False,MAIRAH FOOTWEAR STORE
mai jan burger snax,0,0,0,0,1,0,0,0,0,0,0,0,1,1,False,False,Mai-Jan Burger Snax
luxe at twelfth,0,1,0,0,0,0,0,0,0,0,0,0,1,1,False,False,LUXE AT TWELFTH
m,0,0,0,0,1,0,0,0,0,0,0,0,1,1,False,False,M
m g legaspi food center handyman exhibit thematic,0,0,0,0,0,0,0,0,0,0,0,1,1,1,False,False,M.G Legaspi Food Center ( SISIG STOP ) HANDYMAN EXHIBIT THEMATIC
m g legaspi food center robinsons dept exhibit,0,0,0,0,0,0,0,0,0,0,0,1,1,1,False,False,M.G Legaspi Food Center ( BAGNET SARAP ) ROBINSONS DEPT. EXHIBIT
m h burton,0,0,1,0,0,0,0,0,0,0,0,0,1,1,False,False,M.h Burton
m herrero general merchandise,0,0,0,0,0,0,0,1,0,0,0,0,1,1,False,False,M. Herrero General Merchandise
m lhuiller,0,0,0,0,0,0,0,1,0,0,0,0,1,1,False,False,M Lhuiller
m lhuillier jeweler,0,0,0,0,0,0,0,1,0,0,0,0,1,1,False,False,M Lhuillier Jeweler
m lhuillier jewellers 9479990359,0,0,0,0,0,0,0,1,0,0,0,0,1,1,False,False,M. LHUILLIER JEWELLERS 9479990359
m lhuillier pawnshop,0,1,0,0,0,0,0,0,0,0,0,0,1,1,False,False,M. LHUILLIER PAWNSHOP
m m creations,0,0,0,0,0,0,0,0,1,0,0,0,1,1,False,False,M M CREATIONS
m r ginger detox drinks,0,1,0,0,0,0,0,0,0,0,0,0,1,1,False,False,M.R. GINGER DETOX DRINKS
m s money changer 0917 658 6936,0,0,0,0,0,0,0,1,0,0,0,0,1,1,False,False,M.S MONEY CHANGER 0917-658-6936
m stone,0,0,0,0,0,0,0,0,1,0,0,0,1,1,False,False,M STONE
m y shoes,0,0,0,0,0,0,0,1,0,0,0,0,1,1,False,False,M+Y Shoes
ma ay,0,0,1,0,0,0,0,0,0,0,0,0,1,1,False,False,Ma-ay
ma chicken mami house,0,1,0,0,0,0,0,0,0,0,0,0,1,1,False,False,MA CHICKEN MAMI HOUSE
m and d quick check medical exam clinic,0,0,0,0,0,0,0,0,1,0,0,0,1,1,False,False,M AND D QUICK CHECK MEDICAL EXAM CLINIC
lz scents studio by lz perfumery shop,0,0,0,0,0,0,0,1,0,0,0,0,1,1,False,False,LZ Scents Studio by LZ Perfumery Shop
mai en joi bags & accessories 2823 cellphone,0,0,0,0,0,0,0,0,0,0,0,1,1,1,False,False,MAI EN JOI BAGS & ACCESSORIES 2823 CELLPHONE
lyric instrument,0,0,1,0,0,0,0,0,0,0,0,0,1,1,False,False,Lyric Instrument
luxe escape spa,0,0,0,0,0,1,0,0,0,0,0,0,1,1,False,False,Luxe Escape Spa
luxe lounge,0,1,0,0,0,0,0,0,0,0,0,0,1,1,False,False,LUXE LOUNGE
luxe parfum and scents,0,0,0,0,0,0,0,0,1,0,0,0,1,1,False,False,LUXE PARFUM AND SCENTS
luxe premiere,0,0,0,0,0,0,1,0,0,0,0,0,1,1,False,False,Luxe Premiere
luxederm face and body,0,0,0,0,0,0,0,1,0,0,0,0,1,1,False,False,LuxeDerm Face and Body
luxuri manila,0,0,0,0,0,1,0,0,0,0,0,0,1,1,False,False,Luxuri Manila
luxuri pets by aivee,0,0,0,0,0,1,0,0,0,0,0,0,1,1,False,False,Luxuri Pets By Aivee
luxurious nails,0,0,0,0,0,0,0,1,0,0,0,0,1,1,False,False,Luxurious Nails
luz castalone staffhouse sto nino de cebu gulaman factory,0,0,0,0,0,0,0,0,0,0,0,1,1,1,False,False,LUZ CASTALONE STAFFHOUSE/ Sto. Niño de Cebu) GULAMAN FACTORY
lydia amor,0,0,0,0,0,0,0,1,0,0,0,0,1,1,False,False,Lydia Amor
lyle general merchandise mini gem exhibit 12,0,0,0,0,0,0,0,0,0,0,0,1,1,1,False,False,LYLE GENERAL MERCHANDISE MINI GEM EXHIBIT #12 ( created space # 21 )
lyn,0,0,0,0,0,0,0,0,1,0,0,0,1,1,False,False,LYN
lynderm facial center and day spa,0,0,0,0,0,0,0,0,0,0,1,0,1,1,False,False,Lynderm Facial Center And Day Spa
lynx,0,0,0,0,0,0,1,0,0,0,0,0,1,1,False,False,Lynx
lynx design,0,0,0,0,0,0,0,0,1,0,0,0,1,1,False,False,LYNX DESIGN
ma dao,0,0,0,0,0,0,0,0,1,0,0,0,1,1,False,False,MA DAO
ma sculptra skin laser & aesthetic center,0,0,0,0,0,1,0,0,0,0,0,0,1,1,False,False,Ma Sculptra Skin Laser & Aesthetic Center
maanyag,0,1,0,0,0,0,0,0,0,0,0,0,1,1,False,False,MAANYAG
maba road safety kiddie park,0,0,0,0,0,0,0,1,0,0,0,0,1,1,False,False,MABA Road Safety Kiddie Park
made by pearl,0,0,0,0,0,0,0,0,1,0,0,0,1,1,False,False,MADE BY PEARL
made for u,0,1,0,0,0,0,0,0,0,0,0,0,1,1,False,False,MADE FOR U
madeca,0,0,0,0,0,0,0,0,1,0,0,0,1,1,False,False,MADECA
madisons skin body experts,0,0,0,0,0,0,0,0,1,0,0,0,1,1,False,False,MADISONS SKIN BODY EXPERTS
madrone,0,0,0,0,0,1,0,0,0,0,0,0,1,1,False,False,Madrone
madsun travel & tours,0,0,0,0,0,0,0,1,0,0,0,0,1,1,False,False,MADSUN TRAVEL & TOURS
mag sugba ta seafood grill,0,0,0,0,0,0,0,0,1,0,0,0,1,1,False,False,MAG SUGBA TA SEAFOOD GRILL
magic melt,0,0,0,0,0,0,0,0,1,0,0,0,1,1,False,False,MAGIC MELT
magic tracklesstrain,0,0,0,0,0,0,0,1,0,0,0,0,1,1,False,False,Magic TracklessTrain
mags jewelry,0,0,0,0,1,0,0,0,0,0,0,0,1,1,False,False,Mags Jewelry
magure izakaya,0,0,0,0,0,1,0,0,0,0,0,0,1,1,False,False,Magure Izakaya
magure restaurant,0,0,0,0,0,0,0,0,1,0,0,0,1,1,False,False,MAGURE RESTAURANT
mah,0,0,0,0,0,0,0,1,0,0,0,0,1,1,False,False,MAH
mahiwaga cafe,0,0,0,0,0,0,0,0,1,0,0,0,1,1,False,False,MAHIWAGA CAFE
mahiwagang kape,0,0,0,0,0,0,0,1,0,0,0,0,1,1,False,False,Mahiwagang Kape
made 2 measure,0,0,0,0,0,0,0,0,1,0,0,0,1,1,False,False,MADE 2 MEASURE
madcafe,0,0,0,0,0,0,0,0,1,0,0,0,1,1,False,False,MADCAFE
madc dental clinic,0,0,0,0,0,0,0,0,1,0,0,0,1,1,False,False,MADC DENTAL CLINIC
macao imperial tea 9059164310,0,0,0,0,0,0,0,1,0,0,0,0,1,1,False,False,MACAO IMPERIAL TEA 9059164310
mac beth 9154811681,0,0,0,0,0,0,0,1,0,0,0,0,1,1,False,False,Mac Beth 9154811681
mac cellphone and accessories,0,0,0,0,0,0,0,1,0,0,0,0,1,1,False,False,MAC CELLPHONE AND ACCESSORIES
mac cosmetics 8733 6987 09175314399,0,0,0,0,0,0,0,1,0,0,0,0,1,1,False,False,MAC Cosmetics 8733-6987 / 09175314399
macao imperial,0,0,0,0,0,0,0,1,0,0,0,0,1,1,False,False,Macao Imperial
macao imperial tea 0917 555 3955,0,0,0,0,0,0,0,1,0,0,0,0,1,1,False,False,Macao Imperial Tea 0917-555-3955
macao imperial tea 615 0610,0,0,0,0,0,0,0,1,0,0,0,0,1,1,False,False,MACAO IMPERIAL TEA (075) 615-0610
macarampat,0,0,0,0,0,0,0,0,0,0,0,1,1,1,False,False,MACARAMPAT
mad marks creamery & good eats,0,1,0,0,0,0,0,0,0,0,0,0,1,1,False,False,MAD MARK'S CREAMERY & GOOD EATS
mackim prints inc,0,0,0,0,0,0,0,0,1,0,0,0,1,1,False,False,MACKIM PRINTS INC
macondara cp,0,0,0,0,0,0,0,0,0,0,0,1,1,1,False,False,MACONDARA CP
maconfi marketing,0,0,0,0,1,0,0,0,0,0,0,0,1,1,False,False,Maconfi Marketing
macrosales mini gem exhibit 12,0,0,0,0,0,0,0,0,0,0,0,1,1,1,False,False,MACROSALES MINI GEM EXHIBIT #12 ( FC created space # 19 )
macrowash laundry,0,0,0,0,0,0,0,0,1,0,0,0,1,1,False,False,MACROWASH LAUNDRY
mad arrow,0,0,0,0,0,0,0,0,1,0,0,0,1,1,False,False,MAD ARROW
jhs electric shop,0,0,0,0,0,0,0,0,1,0,0,0,1,1,False,False,JHS ELECTRIC SHOP
jgr drug testing and medical center,0,0,0,0,0,0,0,1,0,0,0,0,1,1,False,False,JGR Drug Testing And Medical Center
father and sons music studio,0,0,0,0,0,0,0,0,1,0,0,0,1,1,False,False,FATHER AND SONS MUSIC STUDIO
ging gings fruit stand,0,1,0,0,0,0,0,0,0,0,0,0,1,1,False,False,GING GING'S FRUIT STAND
ginger wok rice house,0,0,0,0,0,0,0,1,0,0,0,0,1,1,False,False,Ginger Wok Rice House
gingerlily,0,0,0,0,0,0,1,0,0,0,0,0,1,1,False,False,Gingerlily
gingersnap just g,0,1,0,0,0,0,0,0,0,0,0,0,1,1,False,False,GINGERSNAP / JUST G
gingersnaps 8292 002,0,0,0,0,0,0,0,1,0,0,0,0,1,1,False,False,Gingersnaps 8292-002
ginos pizza and pasta,0,1,0,0,0,0,0,0,0,0,0,0,1,1,False,False,GINO'S PIZZA AND PASTA
gintong sining art center,0,0,1,0,0,0,0,0,0,0,0,0,1,1,False,False,Gintong Sining Art Center
ginza sushi,0,1,0,0,0,0,0,0,0,0,0,0,1,1,False,False,GINZA SUSHI
gionee gadget protekt,0,1,0,0,0,0,0,0,0,0,0,0,1,1,False,False,GIONEE/GADGET PROTEKT
giordano 9074547807,0,0,0,0,0,0,0,1,0,0,0,0,1,1,False,False,GIORDANO 9074547807
girbaud,0,0,0,0,0,0,0,1,0,0,0,0,1,1,False,False,Girbaud
girls en gals,1,0,0,0,0,0,0,0,0,0,0,0,1,1,False,False,GIRLS EN GALS (BNY)
gitagum,0,0,0,0,0,0,0,1,0,0,0,0,1,1,False,False,Gitagum
giulias,0,0,0,0,1,0,0,0,0,0,0,0,1,1,False,False,Giulias
givenchy,0,1,0,0,0,0,0,0,0,0,0,0,1,1,False,False,GIVENCHY
gizmo central 2,0,0,0,0,0,0,1,0,0,0,0,0,1,1,False,False,Gizmo Central 2
ginger wok,0,0,0,0,0,0,0,1,0,0,0,0,1,1,False,False,Ginger Wok
ginataang bilo bilo mais,0,0,0,0,0,0,0,0,1,0,0,0,1,1,False,False,GINATAANG BILO BILO MAIS
gjl optical supplies,0,0,0,0,0,0,0,1,0,0,0,0,1,1,False,False,GJL OPTICAL SUPPLIES
giligans island bar restaurant,0,0,0,0,0,0,0,0,0,1,0,0,1,1,False,False,GILIGAN'S ISLAND BAR RESTAURANT
gibi house,0,0,0,0,0,0,0,0,0,1,0,0,1,1,False,False,GIBI HOUSE
gibi stay healthy marketing,0,0,0,0,0,0,0,0,0,0,0,1,1,1,False,False,GIBI STAY HEALTHY MARKETING
gidcels travel tours,0,0,0,0,0,0,0,0,1,0,0,0,1,1,False,False,GIDCELS TRAVEL TOURS
gift wrapping by dps,0,0,0,0,1,0,0,0,0,0,0,0,1,1,False,False,Gift Wrapping by DPS
giftbox ph,1,0,0,0,0,0,0,0,0,0,0,0,1,1,False,False,GIFTBOX.PH
giga matrix,0,0,0,0,0,0,0,1,0,0,0,0,1,1,False,False,GIGA MATRIX
giga natural,0,0,0,0,0,0,0,1,0,0,0,0,1,1,False,False,GIGA Natural
gigabyte,0,0,0,0,0,0,0,0,1,0,0,0,1,1,False,False,GIGABYTE
gigagadgets,0,0,0,0,0,0,0,0,1,0,0,0,1,1,False,False,GIGAGADGETS
gigahertz satellite,0,0,1,0,0,0,0,0,0,0,0,0,1,1,False,False,Gigahertz Satellite
gigatech,0,0,0,0,0,0,0,1,0,0,0,0,1,1,False,False,GIGATECH
gigatech 9923169410,0,0,0,0,0,0,0,1,0,0,0,0,1,1,False,False,GIGATECH 9923169410
gigatech mobile shop,0,0,0,0,0,0,0,0,1,0,0,0,1,1,False,False,GIGATECH MOBILE SHOP
gigli,0,1,0,0,0,0,0,0,0,0,0,0,1,1,False,False,GIGLI
gilak kebab,0,1,0,0,0,0,0,0,0,0,0,0,1,1,False,False,GILAK KEBAB
gjl optical,0,0,0,0,0,0,0,1,0,0,0,0,1,1,False,False,GJL OPTICAL
glad king,0,0,0,0,0,0,0,1,0,0,0,0,1,1,False,False,Glad King
jgkb cellphone accessories,0,0,0,0,0,0,0,1,0,0,0,0,1,1,False,False,JGKB Cellphone Accessories
globewest finance corp,0,0,0,0,0,1,0,0,0,0,0,0,1,1,False,False,Globewest Finance Corp.
glorys empanada,0,0,0,0,0,0,0,0,1,0,0,0,1,1,False,False,GLORYS EMPANADA
glow,0,0,0,0,0,1,0,0,0,0,0,0,1,1,False,False,Glow
glow march 28 2017,0,0,0,0,0,0,0,0,0,0,0,1,1,1,False,False,"GLOW *March 28, 2017"
glow up,0,0,0,0,0,0,0,1,0,0,0,0,1,1,False,False,Glow Up
gluta drip,0,0,0,0,0,0,0,1,0,0,0,0,1,1,False,False,THE GLUTA DRIP
gluta homes,0,0,0,0,0,0,0,1,0,0,0,0,1,1,False,False,Gluta Homes
gluta republiq,0,0,0,0,0,0,0,1,0,0,0,0,1,1,False,False,Gluta Republiq
glutahome aesthetic,0,0,0,0,0,0,0,1,0,0,0,0,1,1,False,False,THE GLUTAHOME AESTHETIC
glutaness wellness and beauty center,0,0,0,0,0,0,0,0,1,0,0,0,1,1,False,False,GLUTANESS WELLNESS AND BEAUTY CENTER
glutapeel skin whitening specialist 0920 660 3469,0,0,0,0,0,0,0,1,0,0,0,0,1,1,False,False,GLUTAPEEL SKIN WHITENING SPECIALIST 0920-660-3469
glutartista skincare hub,0,0,0,0,1,0,0,0,0,0,0,0,1,1,False,False,Glutartista Skincare Hub
gm education,0,0,0,0,0,1,0,0,0,0,0,0,1,1,False,False,GM Education
gm time,0,0,0,0,0,0,0,0,1,0,0,0,1,1,False,False,GM-TIME
gmel cellphone repair shop,1,0,0,0,0,0,0,0,0,0,0,0,1,1,False,False,GMEL Cellphone Repair Shop
gml hongkong style fried noodles,0,0,0,0,0,0,0,0,1,0,0,0,1,1,False,False,GML-HONGKONG STYLE FRIED NOODLES
glomys empanada,0,0,0,0,0,0,0,1,0,0,0,0,1,1,False,False,Glomy's Empanada
globe touchpay,0,0,0,0,0,1,0,0,0,0,0,0,1,1,False,False,Globe TouchPay
gladex travel & tours,0,0,0,0,0,1,0,0,0,0,0,0,1,1,False,False,Gladex Travel & Tours
globe signal coverage,0,0,0,0,0,0,0,0,0,0,0,1,1,1,False,False,GLOBE SIGNAL COVERAGE
gladex travel and tours,0,0,0,0,0,0,0,1,0,0,0,0,1,1,False,False,GLADEX TRAVEL AND TOURS
gladex travel services,0,0,0,0,0,0,0,0,1,0,0,0,1,1,False,False,GLADEX TRAVEL SERVICES
glam aesthetic,0,0,0,0,0,0,0,1,0,0,0,0,1,1,False,False,GLAM AESTHETIC
glam feet,0,0,0,0,0,0,0,1,0,0,0,0,1,1,False,False,Glam Feet
glam u salon,0,0,0,0,0,0,0,0,1,0,0,0,1,1,False,False,GLAM U SALON
glamour lounge,0,0,0,0,0,0,0,1,0,0,0,0,1,1,False,False,GLAMOUR LOUNGE
glamoureux hair salon,0,1,0,0,0,0,0,0,0,0,0,0,1,1,False,False,GLAMOUREUX HAIR SALON
glenas enterprises,0,0,0,0,0,0,0,0,1,0,0,0,1,1,False,False,GLENAS ENTERPRISES
glenn electronics erald food express,0,0,0,0,0,0,0,0,0,0,0,1,1,1,False,False,GLENN ELECTRONICS ERALD FOOD EXPRESS (DONNAVELLE STREET FOOD)
global art philippines,0,0,0,0,0,1,0,0,0,0,0,0,1,1,False,False,Global Art Philippines
global eyecare center,0,0,0,0,1,0,0,0,0,0,0,0,1,1,False,False,Global Eyecare Center
global headstart,0,0,0,1,0,0,0,0,0,0,0,0,1,1,False,False,Global Headstart
globe 211,0,0,0,0,0,0,0,1,0,0,0,0,1,1,False,False,GLOBE 211 (NEW)
globe ca exhibit network,0,0,0,0,0,0,0,0,0,0,0,1,1,1,False,False,GLOBE CA EXHIBIT NETWORK
globe in house solution,0,0,0,0,0,0,0,0,0,0,0,1,1,1,False,False,GLOBE IN-HOUSE SOLUTION
giardini del sole,0,0,0,0,0,0,0,0,1,0,0,0,1,1,False,False,GIARDINI DEL SOLE
giant,0,0,0,0,0,0,1,0,0,0,0,0,1,1,False,False,GIANT
ghostrecon cyberhub internet,0,0,0,0,0,0,0,0,1,0,0,0,1,1,False,False,GHOSTRECON CYBERHUB INTERNET
ganso shabuwayganso gyukatsu,0,0,0,0,0,0,0,0,1,0,0,0,1,1,False,False,GANSO SHABUWAYGANSO GYUKATSU
garden in pares,0,0,0,0,0,0,0,0,0,0,1,0,1,1,False,False,Garden In Pares
garden wing cafe,0,0,0,0,0,1,0,0,0,0,0,0,1,1,False,False,Garden Wing Cafe
garnet,0,0,0,0,0,0,0,0,1,0,0,0,1,1,False,False,GARNET
garnish,0,0,0,0,0,0,0,1,0,0,0,0,1,1,False,False,Garnish
garrys thai massage and spa,0,0,0,0,0,0,0,0,1,0,0,0,1,1,False,False,GARRYS THAI MASSAGE AND SPA
garys thai massage,0,0,0,0,0,0,0,1,0,0,0,0,1,1,False,False,Gary's Thai Massage
gasa,0,0,0,0,0,0,0,0,1,0,0,0,1,1,False,False,GASA
gashapon bandai official,0,0,0,0,0,0,0,1,0,0,0,0,1,1,False,False,GASHAPON BANDAI OFFICIAL
gat petshop,0,0,0,0,0,0,1,0,0,0,0,0,1,1,False,False,GAT Petshop
gatchalian medical center,0,0,0,0,0,0,0,0,1,0,0,0,1,1,False,False,GATCHALIAN MEDICAL CENTER
gatsu man,0,0,0,0,0,1,0,0,0,0,0,0,1,1,False,False,Gatsu-Man
gaudencious lugaw to go,0,0,0,0,0,0,0,1,0,0,0,0,1,1,False,False,Gaudencious Lugaw To Go
gayles flower shop pampanga,0,0,0,0,0,0,0,0,1,0,0,0,1,1,False,False,GAYLES FLOWER SHOP PAMPANGA
gb mobile,0,0,0,0,0,0,0,0,1,0,0,0,1,1,False,False,GB MOBILE
gc collectibles,0,0,0,0,0,0,1,0,0,0,0,0,1,1,False,False,Gc Collectibles
gaoc dental,0,0,0,0,0,0,0,1,0,0,0,0,1,1,False,False,GAOC Dental
gangji produced hongkong cafe,0,0,0,0,0,0,0,0,1,0,0,0,1,1,False,False,GANGJI PRODUCED HONGKONG CAFÉ
gh mobile phones and accessories store,0,0,0,0,0,0,0,0,1,0,0,0,1,1,False,False,GH MOBILE PHONES AND ACCESSORIES STORE
gang nam nail art studio,0,0,0,0,0,0,0,0,0,1,0,0,1,1,False,False,GANG-NAM NAIL ART STUDIO
gambas stuffed toys,0,0,1,0,0,0,0,0,0,0,0,0,1,1,False,False,Gamba’s Stuffed Toys
game link trading,0,0,0,0,1,0,0,0,0,0,0,0,1,1,False,False,Game Link Trading
game site accessories,0,0,1,0,0,0,0,0,0,0,0,0,1,1,False,False,Game Site Accessories
game source,0,0,0,0,0,0,0,1,0,0,0,0,1,1,False,False,Game Source
gamen core,0,0,0,0,0,0,0,0,0,0,1,0,1,1,False,False,Gamen Core
gamen core computer laptop repair services,0,0,0,0,0,0,0,0,1,0,0,0,1,1,False,False,GAMEN CORE COMPUTER LAPTOP REPAIR SERVICES
gameplace,0,0,0,0,0,0,0,1,0,0,0,0,1,1,False,False,The Gameplace
gamequest,0,0,0,0,0,0,1,0,0,0,0,0,1,1,False,False,Gamequest
gamesite,0,0,1,0,0,0,0,0,0,0,0,0,1,1,False,False,Gamesite
gamesite net cafe,0,0,0,0,0,0,0,1,0,0,0,0,1,1,False,False,GAMESITE NET CAFE
gametime athletics,0,1,0,0,0,0,0,0,0,0,0,0,1,1,False,False,GAMETIME ATHLETICS
gaming library,0,1,0,0,0,0,0,0,0,0,0,0,1,1,False,False,GAMING LIBRARY
gandang ricky reyes,0,1,0,0,0,0,0,0,0,0,0,0,1,1,False,False,GANDANG RICKY REYES
gandiva archery,0,0,0,0,1,0,0,0,0,0,0,0,1,1,False,False,Gandiva Archery
gang gang chicken,0,0,0,0,0,0,0,1,0,0,0,0,1,1,False,False,GANG GANG CHICKEN
gcash atm,0,0,0,0,0,1,0,0,0,0,0,0,1,1,False,False,GCash ATM
gcf sta rosa worship center 0943 7096932,0,0,0,0,0,0,0,1,0,0,0,0,1,1,False,False,GCF Sta. Rosa Worship Center 0943-7096932
gdgt zone,0,0,0,0,0,0,0,0,1,0,0,0,1,1,False,False,GDGT ZONE
geewan,0,0,0,0,0,0,0,0,1,0,0,0,1,1,False,False,GEEWAN
genoveza sabor ilonggo pasalubong center,0,0,0,0,0,0,0,0,1,0,0,0,1,1,False,False,GENOVEZA SABOR ILONGGO PASALUBONG CENTER
gentext telecom,0,0,0,0,0,0,0,1,0,0,0,0,1,1,False,False,Gentext Telecom
geocon by gadget get,0,0,0,0,0,0,1,0,0,0,0,0,1,1,False,False,Geocon By Gadget Get
george & onnies,0,0,0,0,0,1,0,0,0,0,0,0,1,1,False,False,George & Onnie’s
george and onnies filipino restaurant,0,0,0,0,0,0,0,0,1,0,0,0,1,1,False,False,GEORGE AND ONNIE'S FILIPINO RESTAURANT
geri,0,0,0,0,0,1,0,0,0,0,0,0,1,1,False,False,Geri
gerrs grill,0,0,0,0,0,0,0,1,0,0,0,0,1,1,False,False,GERR'S GRILL
gerry s grill,0,0,0,0,1,0,0,0,0,0,0,0,1,1,False,False,Gerry\'s Grill
gerrys grill temporarily closed,0,0,0,0,0,0,0,1,0,0,0,0,1,1,False,False,Gerry's Grill TEMPORARILY CLOSED
get technologies,0,0,0,0,0,0,0,1,0,0,0,0,1,1,False,False,GET TECHNOLOGIES
getaway body nails spa,0,0,0,0,0,0,0,0,1,0,0,0,1,1,False,False,THE GETAWAY BODY NAILS SPA
getwell health system,0,0,0,1,0,0,0,0,0,0,0,0,1,1,False,False,Getwell Health System
gforce dance center,0,0,1,0,0,0,0,0,0,0,0,0,1,1,False,False,Gforce Dance Center
ggi massage wellness centre,0,0,0,0,0,0,0,0,1,0,0,0,1,1,False,False,GGI MASSAGE WELLNESS CENTRE
gh minicon,0,0,0,0,0,0,1,0,0,0,0,0,1,1,False,False,GH Minicon
generika ketai cellphone repair 1,0,0,0,0,0,0,0,0,0,0,0,1,1,1,False,False,GENERIKA KETAI CELLPHONE REPAIR 1
generics pharmacy mdh key access duplication and accesories,0,0,0,0,0,0,0,0,0,0,0,1,1,1,False,False,THE GENERICS PHARMACY MDH Key Access Duplication and Accesories
generics pharmacy 0933 476 6488,0,0,0,0,0,0,0,1,0,0,0,0,1,1,False,False,The Generics Pharmacy 0933-476-6488
gelron street foods,0,0,0,0,0,0,0,0,1,0,0,0,1,1,False,False,GELRON STREET FOODS
gegatech,0,0,0,0,0,0,0,1,0,0,0,0,1,1,False,False,Gegatech
geh20,0,0,0,0,0,0,0,0,1,0,0,0,1,1,False,False,GEH20
gelato by chef miko,0,0,0,0,0,0,1,0,0,0,0,0,1,1,False,False,Gelato by Chef Miko
geleen cellphone and accessories,0,0,0,0,0,0,0,1,0,0,0,0,1,1,False,False,Geleen Cellphone and Accessories
gelrocks,0,0,0,0,0,0,0,1,0,0,0,0,1,1,False,False,Gelrocks
gelron lugawan,0,0,0,0,0,0,0,0,1,0,0,0,1,1,False,False,GELRON LUGAWAN
gem gallery,0,0,0,0,0,0,0,0,1,0,0,0,1,1,False,False,GEM GALLERY
general photo,0,1,0,0,0,0,0,0,0,0,0,0,1,1,False,False,GENERAL PHOTO
gems & jewels,0,1,0,0,0,0,0,0,0,0,0,0,1,1,False,False,GEMS & JEWELS
gems empanada,0,0,0,0,0,0,0,1,0,0,0,0,1,1,False,False,Gems Empanada
gems jewel by carla,0,0,0,0,0,0,0,0,1,0,0,0,1,1,False,False,GEMS JEWEL BY CARLA
gemstone jewellery,0,0,0,0,0,0,0,0,1,0,0,0,1,1,False,False,GEMSTONE JEWELLERY
gen korean bbq house,0,0,0,0,0,0,0,0,1,0,0,0,1,1,False,False,GEN KOREAN BBQ HOUSE
gene m gozum,0,0,0,0,0,0,0,1,0,0,0,0,1,1,False,False,Gene M. Gozum
gmp mobile gear,0,0,0,0,1,0,0,0,0,0,0,0,1,1,False,False,GMP Mobile Gear
gnarly,0,0,0,0,0,0,1,0,0,0,0,0,1,1,False,False,Gnarly
gnb collectibles hangout,1,0,0,0,0,0,0,0,0,0,0,0,1,1,False,False,GNB COLLECTIBLES HANGOUT
green day matcha bar,0,0,0,0,0,0,0,1,0,0,0,0,1,1,False,False,Green Day Matcha Bar
greenbucks,0,0,0,0,0,0,0,0,0,0,1,0,1,1,False,False,Greenbucks
greenlife,0,0,0,0,0,0,0,1,0,0,0,0,1,1,False,False,Greenlife
greenmart,0,0,0,0,0,0,1,0,0,0,0,0,1,1,False,False,Greenmart
greenscape petshop and supplies,0,0,0,0,0,1,0,0,0,0,0,0,1,1,False,False,Greenscape Petshop And Supplies
greentab open,0,0,0,0,0,0,0,1,0,0,0,0,1,1,False,False,GREENTAB OPEN
greenwich cjm ciomai and gulaman pandan enterprises buko express,0,0,0,0,0,0,0,0,0,0,0,1,1,1,False,False,GREENWICH CJM CIOMAI AND GULAMAN PANDAN ENTERPRISES/ BUKO EXPRESS
greenwich grw cellphone,0,0,0,0,0,0,0,0,0,0,0,1,1,1,False,False,GREENWICH GRW CELLPHONE
greenwich tk takoyaki,0,0,0,0,0,0,0,0,0,0,0,1,1,1,False,False,GREENWICH TK TAKOYAKI
greenwood,0,0,0,0,0,0,0,1,0,0,0,0,1,1,False,False,Greenwood
greenwood furniture,0,0,0,0,0,0,0,1,0,0,0,0,1,1,False,False,Greenwood Furniture
greetings from taiwan,0,0,0,0,0,0,0,1,0,0,0,0,1,1,False,False,GREETINGS FROM TAIWAN (9989998816)
gregorias curtains and trims haus,0,0,0,0,0,0,0,0,1,0,0,0,1,1,False,False,GREGORIAS CURTAINS AND TRIMS HAUS
grent cellphone station,0,0,0,0,0,0,0,0,1,0,0,0,1,1,False,False,GRENT CELLPHONE STATION
grent cellphone station accessories,0,0,0,0,0,0,0,0,1,0,0,0,1,1,False,False,GRENT CELLPHONE STATION ACCESSORIES
grey fashion collection,0,1,0,0,0,0,0,0,0,0,0,0,1,1,False,False,GREY FASHION COLLECTION
green lane,0,1,0,0,0,0,0,0,0,0,0,0,1,1,False,False,GREEN LANE
green coco,0,0,0,0,0,0,0,1,0,0,0,0,1,1,False,False,GREEN COCO
gran moshi koshi of tokyo,0,1,0,0,0,0,0,0,0,0,0,0,1,1,False,False,GRAN MOSHI KOSHI OF TOKYO
green box hub,0,0,0,0,0,0,0,1,0,0,0,0,1,1,False,False,Green Box Hub
grand hope ventures travel,0,1,0,0,0,0,0,0,0,0,0,0,1,1,False,False,GRAND HOPE VENTURES TRAVEL
grand prg gems inc,0,0,0,0,0,0,0,0,0,0,0,1,1,1,False,False,"GRAND PRG GEMS, INC."
grandmas sandwich grilled and healthy,0,0,0,0,0,0,0,0,1,0,0,0,1,1,False,False,GRANDMAS SANDWICH GRILLED AND HEALTHY
grandscape travel tours,0,0,0,0,0,0,0,0,1,0,0,0,1,1,False,False,GRANDSCAPE TRAVEL TOURS
graphic,0,1,0,0,0,0,0,0,0,0,0,0,1,1,False,False,GRAPHIC
graphic gadget store,0,0,0,0,0,0,0,1,0,0,0,0,1,1,False,False,Graphic Gadget Store
graphic star,0,1,0,0,0,0,0,0,0,0,0,0,1,1,False,False,GRAPHIC STAR
graphicstar,0,0,0,0,0,0,0,0,1,0,0,0,1,1,False,False,GRAPHICSTAR
gray enterprise,0,1,0,0,0,0,0,0,0,0,0,0,1,1,False,False,GRAY ENTERPRISE
great buddha cafe,0,0,0,0,0,0,0,0,1,0,0,0,1,1,False,False,THE GREAT BUDDHA CAFE
greatdays travel & tours,0,0,0,0,0,0,0,1,0,0,0,0,1,1,False,False,GREATDAYS TRAVEL & TOURS
greattoys online com,0,0,0,0,0,0,1,0,0,0,0,0,1,1,False,False,Greattoys Online.com
greekys shawarma,0,0,0,0,0,0,0,0,0,0,0,1,1,1,False,False,Greekys Shawarma
green bounty,0,0,0,0,0,0,0,0,1,0,0,0,1,1,False,False,GREEN BOUNTY
green bounty kitchen,0,0,0,0,0,0,0,0,1,0,0,0,1,1,False,False,THE GREEN BOUNTY KITCHEN
greyhound cafe 0917 834 5534,0,0,0,0,0,0,0,1,0,0,0,0,1,1,False,False,Greyhound Cafe 0917 834 5534
grill,0,0,0,0,0,0,0,1,0,0,0,0,1,1,False,False,The Grill
grill central,0,0,0,0,0,0,0,1,0,0,0,0,1,1,False,False,GRILL CENTRAL
grill meister,0,0,0,0,0,0,1,0,0,0,0,0,1,1,False,False,Grill Meister
guess outlet,0,1,0,0,0,0,0,0,0,0,0,0,1,1,False,False,GUESS OUTLET
gugu manju 9398327553,0,0,0,0,0,0,0,1,0,0,0,0,1,1,False,False,GUGU MANJU 9398327553
gugu manju open,0,0,0,0,0,0,0,1,0,0,0,0,1,1,False,False,GUGU MANJU OPEN
guillers antiques & collectibles,1,0,0,0,0,0,0,0,0,0,0,0,1,1,False,False,GUILLER'S ANTIQUES & COLLECTIBLES
guimhealth,0,0,0,0,0,0,0,1,0,0,0,0,1,1,False,False,Guimhealth
gulaman avenue,0,0,0,0,0,0,0,1,0,0,0,0,1,1,False,False,Gulaman Avenue
gulaman coolers,0,0,0,0,0,0,0,0,0,0,0,1,1,1,False,False,Gulaman Coolers
gulaman street,0,0,0,0,0,0,0,0,0,0,0,1,1,1,False,False,GULAMAN STREET
gumball machine,0,0,0,0,0,0,0,1,0,0,0,0,1,1,False,False,Gumball Machine
gumbo,0,0,0,0,0,0,0,0,1,0,0,0,1,1,False,False,GUMBO
gunnery ph,0,0,1,0,0,0,0,0,0,0,0,0,1,1,False,False,Gunnery Ph
gupit galleria,0,0,0,0,0,0,0,1,0,0,0,0,1,1,False,False,GUPIT GALLERIA
guri guri orange paradise,0,0,0,0,0,0,0,0,1,0,0,0,1,1,False,False,GURI GURI ORANGE PARADISE
gusteau s,0,0,0,0,1,0,0,0,0,0,0,0,1,1,False,False,Gusteau\'s
guzman studio,0,0,0,0,0,0,0,0,1,0,0,0,1,1,False,False,GUZMAN STUDIO
guerrero house of aesthetics,0,0,0,0,0,0,0,0,1,0,0,0,1,1,False,False,GUERRERO HOUSE OF AESTHETICS
guerlain,0,1,0,0,0,0,0,0,0,0,0,0,1,1,False,False,GUERLAIN
gucci,0,1,0,0,0,0,0,0,0,0,0,0,1,1,False,False,GUCCI
gsis,0,0,0,0,0,0,0,0,1,0,0,0,1,1,False,False,GSIS
grill specialist inc,0,0,0,0,0,0,0,0,0,0,0,1,1,1,False,False,"GRILL SPECIALIST, INC. ( GUDSILOG )"
grillily,0,0,0,0,0,0,0,1,0,0,0,0,1,1,False,False,Grillily
growing in christ fellowship,0,0,0,0,0,0,0,1,0,0,0,0,1,1,False,False,Growing In Christ Fellowship
grumpy storm,0,0,0,0,0,0,0,0,1,0,0,0,1,1,False,False,GRUMPY STORM
grupo barbero,0,0,0,0,0,0,0,0,0,0,0,1,1,1,False,False,Grupo Barbero
grwm,0,0,1,0,0,0,0,0,0,0,0,0,1,1,False,False,Grwm (kiosk)
gsis gw ps,0,0,0,0,0,0,0,1,0,0,0,0,1,1,False,False,GSIS GW@PS ( Temporarily closed )
gubys chicharon,0,0,0,0,0,0,0,1,0,0,0,0,1,1,False,False,Guby's Chicharon
gsm jam tools,0,0,0,0,0,0,1,0,0,0,0,0,1,1,False,False,Gsm Jam Tools
gsp money changer,0,0,0,0,0,0,0,1,0,0,0,0,1,1,False,False,GSP Money Changer
gt fleurs,0,0,0,0,0,0,0,0,1,0,0,0,1,1,False,False,GT FLEURS
gtj hongkong style fried noodles,0,0,0,0,0,0,0,0,1,0,0,0,1,1,False,False,GTJ-HONGKONG STYLE FRIED NOODLES
gtoys,0,0,0,0,0,0,1,0,0,0,0,0,1,1,False,False,Gtoy's
guapos barbershop,0,0,0,0,0,0,1,0,0,0,0,0,1,1,False,False,Guapo's Barbershop
grand hope travel & tours,0,0,0,0,0,0,0,0,1,0,0,0,1,1,False,False,GRAND HOPE TRAVEL & TOURS
grainsmart,0,1,0,0,0,0,0,0,0,0,0,0,1,1,False,False,GRAINSMART
gnos pika pika,0,0,0,1,0,0,0,0,0,0,0,0,1,1,False,False,GNO's Pika Pika
golden bowl dimsum express,0,0,0,0,0,0,0,0,1,0,0,0,1,1,False,False,GOLDEN BOWL DIMSUM EXPRESS
golden crest arts & frames,0,1,0,0,0,0,0,0,0,0,0,0,1,1,False,False,GOLDEN CREST ARTS & FRAMES
golden haven,0,0,0,0,0,0,0,0,0,1,0,0,1,1,False,False,GOLDEN HAVEN
golden hills jewelry,0,0,0,0,0,0,0,0,1,0,0,0,1,1,False,False,GOLDEN HILLS JEWELRY
golden lady,0,0,0,0,0,0,0,0,1,0,0,0,1,1,False,False,GOLDEN LADY
golden monkey,0,0,0,0,0,0,1,0,0,0,0,0,1,1,False,False,Golden Monkey
golden phoniex,0,0,0,0,0,0,1,0,0,0,0,0,1,1,False,False,Golden Phoniex
golden tri bloc,0,0,0,0,0,0,0,0,0,0,0,1,1,1,False,False,GOLDEN TRI- BLOC
goldilocks 0965 428 5821,0,0,0,0,0,0,0,1,0,0,0,0,1,1,False,False,Goldilocks 0965-428-5821
goldilocks bakeshop inc sailor burger,0,0,0,0,0,0,0,0,0,0,0,1,1,1,False,False,"GOLDILOCKS BAKESHOP, INC. SAILOR BURGER"
goldilocks mayandug cellphone and accessories,0,0,0,0,0,0,0,0,0,0,0,1,1,1,False,False,GOLDILOCKS MAYANDUG CELLPHONE AND ACCESSORIES
goldilocks mini gem exhibit,0,0,0,0,0,0,0,0,0,0,0,1,1,1,False,False,GOLDILOCKS MINI GEM EXHIBIT (5)
goldmine,0,0,0,0,0,0,0,1,0,0,0,0,1,1,False,False,GOLDMINE
goldsight telecoms,0,0,0,0,0,0,0,0,1,0,0,0,1,1,False,False,GOLDSIGHT TELECOMS
gong cha 0906 175 3810,0,0,0,0,0,0,0,1,0,0,0,0,1,1,False,False,Gong Cha 0906-175-3810
gong cha 0938 438 0315,0,0,0,0,0,0,0,1,0,0,0,0,1,1,False,False,GONG CHA 0938-438-0315
golden catch,0,0,0,0,0,0,0,1,0,0,0,0,1,1,False,False,The Golden Catch
gold star,0,0,0,0,0,0,0,1,0,0,0,0,1,1,False,False,Gold Star
grail cleaning services,0,0,0,0,0,0,0,0,1,0,0,0,1,1,False,False,GRAIL CLEANING SERVICES
gold n gems,0,0,0,0,0,0,1,0,0,0,0,0,1,1,False,False,Gold N Gems
go bento,0,0,0,0,0,0,0,1,0,0,0,0,1,1,False,False,Go Bento
go ginataan,0,0,0,0,0,0,0,0,1,0,0,0,1,1,False,False,GO GINATAAN
go gym,0,0,0,0,0,1,0,0,0,0,0,0,1,1,False,False,Go Gym
go hotels,0,0,0,0,0,0,0,1,0,0,0,0,1,1,False,False,Go Hotels
go mobile enterprise,0,0,0,0,0,0,0,0,0,0,1,0,1,1,False,False,Go Mobile Enterprise
go pedal ph,0,0,0,0,0,1,0,0,0,0,0,0,1,1,False,False,Go Pedal Ph
goco optical royale fashion shop,0,0,0,0,0,0,0,0,0,0,0,1,1,1,False,False,Goco Optical ROYALE FASHION SHOP ( EBN FASHION )
godies trading,0,0,0,0,0,0,0,0,0,0,1,0,1,1,False,False,Godie's Trading
gods gift printshoppe dunkin donuts,0,0,0,0,0,0,0,0,0,0,0,1,1,1,False,False,GOD'S GIFT PRINTSHOPPE DUNKIN DONUTS
gogo gadgets,0,0,0,0,0,0,1,0,0,0,0,0,1,1,False,False,Gogo Gadgets
gold accent jewelry by jrose,0,0,0,0,0,0,0,0,1,0,0,0,1,1,False,False,GOLD ACCENT JEWELRY BY JROSE
gold and pearls,0,0,0,0,0,0,0,0,1,0,0,0,1,1,False,False,GOLD AND PEARLS
gold buyers,1,0,0,0,0,0,0,0,0,0,0,0,1,1,False,False,GOLD BUYERS
gold lounge,0,0,0,0,0,0,1,0,0,0,0,0,1,1,False,False,Gold Lounge
gold mine,0,0,0,0,0,0,0,1,0,0,0,0,1,1,False,False,Gold Mine
gong cha open,0,0,0,0,0,0,0,1,0,0,0,0,1,1,False,False,Gong Cha (OPEN}
good barber,0,0,0,0,0,0,0,1,0,0,0,0,1,1,False,False,THE GOOD BARBER
good bread by el cielito hotels,0,0,0,0,0,0,0,0,1,0,0,0,1,1,False,False,GOOD BREAD BY EL CIELITO HOTELS
good farmer,0,1,0,0,0,0,0,0,0,0,0,0,1,1,False,False,THE GOOD FARMER
goto tendon,0,0,0,0,0,0,1,0,0,0,0,0,1,1,False,False,Goto Tendon
goto time,0,0,0,0,1,0,0,0,0,0,0,0,1,1,False,False,Goto Time
goto topps,0,1,0,0,0,0,0,0,0,0,0,0,1,1,False,False,GOTO TOPPS
goto zone,0,0,0,0,0,0,0,1,0,0,0,0,1,1,False,False,Goto Zone
gotsoul mnl,0,0,0,0,0,1,0,0,0,0,0,0,1,1,False,False,GotSoul MNL
gotyme atm,0,0,0,0,0,1,0,0,0,0,0,0,1,1,False,False,Gotyme ATM
gourmet frappe,0,0,0,0,1,0,0,0,0,0,0,0,1,1,False,False,Gourmet Frappe
gpc money changer,0,1,0,0,0,0,0,0,0,0,0,0,1,1,False,False,GPC MONEY CHANGER
grace mini mart,0,0,0,0,0,1,0,0,0,0,0,0,1,1,False,False,Grace Mini Mart
grace pharmacy,0,1,0,0,0,0,0,0,0,0,0,0,1,1,False,False,GRACE PHARMACY
gracious angeli travel & tours 9175061999,0,0,0,0,0,0,0,1,0,0,0,0,1,1,False,False,Gracious Angeli Travel & Tours 9175061999
gracious angeli travel tours,0,0,0,0,0,0,0,0,1,0,0,0,1,1,False,False,GRACIOUS ANGELI TRAVEL TOURS
graffitea milk tea house,0,0,0,0,0,0,0,0,0,0,0,1,1,1,False,False,GRAFFITEA MILK TEA HOUSE
graffiti bar,0,0,0,0,0,1,0,0,0,0,0,0,1,1,False,False,Graffiti Bar
grail,0,0,0,0,0,0,1,0,0,0,0,0,1,1,False,False,Grail
goto pilipinas,0,0,0,0,0,0,0,0,0,0,1,0,1,1,False,False,Goto Pilipinas
goto lovers,0,0,0,0,0,0,0,1,0,0,0,0,1,1,False,False,Goto Lovers
goto king plus,0,0,0,0,0,0,0,0,1,0,0,0,1,1,False,False,GOTO KING PLUS
goodluck fengshui,0,0,0,0,0,0,0,1,0,0,0,0,1,1,False,False,Goodluck Fengshui
good kause,0,1,0,0,0,0,0,0,0,0,0,0,1,1,False,False,GOOD KAUSE
good luck hotpot,0,0,0,0,0,0,1,0,0,0,0,0,1,1,False,False,Good Luck Hotpot
good noodle korean food mart,0,0,0,0,0,1,0,0,0,0,0,0,1,1,False,False,Good-Noodle Korean Food Mart
good soles ph,0,0,0,0,0,0,0,1,0,0,0,0,1,1,False,False,GOOD SOLES PH
good steward,0,0,0,0,0,0,0,0,1,0,0,0,1,1,False,False,THE GOOD STEWARD
goodkause,0,0,0,0,0,0,0,0,1,0,0,0,1,1,False,False,GOODKAUSE
googoo sweet cake,0,0,0,0,0,0,0,1,0,0,0,0,1,1,False,False,Googoo Sweet Cake
goto de antonio,0,0,0,0,0,0,0,0,1,0,0,0,1,1,False,False,GOTO DE ANTONIO
gootopia,0,0,0,0,0,0,0,0,1,0,0,0,1,1,False,False,GOOTOPIA
gorgeous luxe nail spa,0,0,0,0,0,0,0,0,1,0,0,0,1,1,False,False,GORGEOUS LUXE NAIL SPA
gosalads,0,0,0,0,0,0,0,0,1,0,0,0,1,1,False,False,GOSALADS
got game,0,0,0,0,0,0,0,0,1,0,0,0,1,1,False,False,GOT GAME
goto asia,0,0,0,0,0,0,0,0,0,1,0,0,1,1,False,False,GOTO ASIA
goto believe,0,0,0,0,0,1,0,0,0,0,0,0,1,1,False,False,Goto Believe
gam ja friez,0,0,0,0,0,0,0,1,0,0,0,0,1,1,False,False,GAM JA FRIEZ
galvan cellphone accessories shop,0,0,0,0,0,0,0,0,0,0,0,1,1,1,False,False,GALVAN CELLPHONE ACCESSORIES SHOP
galo dental,0,0,0,0,0,0,0,1,0,0,0,0,1,1,False,False,Galo Dental
fivea,0,1,0,0,0,0,0,0,0,0,0,0,1,1,False,False,FIVEA
fixed to fit,0,0,0,0,0,0,0,1,0,0,0,0,1,1,False,False,FIXED TO FIT
fixin zone,0,0,0,0,0,0,0,1,0,0,0,0,1,1,False,False,FIXIN ZONE
fixin zone gadget repair shop,0,0,0,0,0,0,0,0,1,0,0,0,1,1,False,False,FIXIN ZONE GADGET REPAIR SHOP
fixst 9156326558,0,0,0,0,0,0,0,1,0,0,0,0,1,1,False,False,Fixst 9156326558
fjv cellphone accessories,0,0,0,0,0,0,0,0,1,0,0,0,1,1,False,False,FJV CELLPHONE ACCESSORIES
flash box,0,0,0,0,0,0,0,1,0,0,0,0,1,1,False,False,FLASH BOX
flash connect,0,0,0,0,0,0,0,0,1,0,0,0,1,1,False,False,FLASH CONNECT
flashy case,0,0,0,0,0,0,0,1,0,0,0,0,1,1,False,False,FLASHY CASE
flatwhite cafe,0,0,0,0,0,0,0,0,1,0,0,0,1,1,False,False,FLATWHITE CAFE
flavours of manila,0,0,0,0,0,0,0,1,0,0,0,0,1,1,False,False,Flavours of Manila
fleek eyebrow and beauty clinic,0,0,0,0,0,0,0,0,1,0,0,0,1,1,False,False,FLEEK EYEBROW AND BEAUTY CLINIC
flerr,0,0,0,0,0,0,0,0,1,0,0,0,1,1,False,False,FLERR
fleur de liz flower shop,0,0,0,0,0,0,0,0,0,0,1,0,1,1,False,False,Fleur De Liz Flower Shop
flex zone,0,0,0,0,0,0,0,1,0,0,0,0,1,1,False,False,FLEX ZONE
flex zone opc,0,0,0,0,0,0,0,1,0,0,0,0,1,1,False,False,Flex Zone OPC
fix&free salon,0,0,0,0,0,0,0,0,0,0,1,0,1,1,False,False,FIX&FREE SALON
fiuntime exhibit,0,0,0,0,0,0,0,0,0,0,0,1,1,1,False,False,FIUNTIME EXHIBIT
fino leatherware,0,1,0,0,0,0,0,0,0,0,0,0,1,1,False,False,FINO LEATHERWARE
fitness factory,0,0,0,0,0,1,0,0,0,0,0,0,1,1,False,False,Fitness Factory
fioretti jewellery,0,0,0,0,0,0,1,0,0,0,0,0,1,1,False,False,Fioretti Jewellery
fiorgelato,0,0,0,0,1,0,0,0,0,0,0,0,1,1,False,False,Fiorgelato
fire exit,0,0,0,0,0,0,1,0,0,0,0,0,1,1,False,False,Fire Exit
first family appliance,0,0,0,0,1,0,0,0,0,0,0,0,1,1,False,False,The First Family Appliance
first metro investment hub,0,1,0,0,0,0,0,0,0,0,0,0,1,1,False,False,FIRST METRO INVESTMENT HUB
first metro securities,0,1,0,0,0,0,0,0,0,0,0,0,1,1,False,False,FIRST METRO SECURITIES
first state rural bank inc,0,0,0,0,0,0,0,1,0,0,0,0,1,1,False,False,First State Rural Bank Inc.
fish & co modern shanghai,0,1,0,0,0,0,0,0,0,0,0,0,1,1,False,False,FISH & CO / MODERN SHANGHAI
fisher dept store,0,0,0,1,0,0,0,0,0,0,0,0,1,1,False,False,Fisher Dept. Store
fisher snacks 2,0,0,0,1,0,0,0,0,0,0,0,0,1,1,False,False,Fisher Snacks 2
fisher toy store,0,0,0,1,0,0,0,0,0,0,0,0,1,1,False,False,FISHER TOY STORE
fishes seafood and wine,0,0,1,0,0,0,0,0,0,0,0,0,1,1,False,False,Fishes Seafood And Wine
fit white,0,0,0,0,0,1,0,0,0,0,0,0,1,1,False,False,Fit White
fit x gym 0919 913 1031,0,0,0,0,0,0,0,1,0,0,0,0,1,1,False,False,Fit-X Gym 0919-913-1031
fitlab,0,0,0,1,0,0,0,0,0,0,0,0,1,1,False,False,FITLAB
flexzone,0,0,0,0,0,0,0,1,0,0,0,0,1,1,False,False,FLEXZONE
flight 001,0,1,0,0,0,0,0,0,0,0,0,0,1,1,False,False,FLIGHT 001
flight 001 8470 5049,0,0,0,0,0,0,0,1,0,0,0,0,1,1,False,False,Flight 001 (02) 8470-5049
flip sole,0,0,0,0,0,0,0,1,0,0,0,0,1,1,False,False,Flip Sole
fns,0,0,0,0,0,0,0,1,0,0,0,0,1,1,False,False,FN's
focal sight by delos reyes optical,0,0,0,0,0,0,0,0,1,0,0,0,1,1,False,False,FOCAL SIGHT BY DELOS REYES OPTICAL
focal sight international,0,1,0,0,0,0,0,0,0,0,0,0,1,1,False,False,FOCAL SIGHT INTERNATIONAL
focus optical,0,0,0,0,0,0,0,1,0,0,0,0,1,1,False,False,Focus Optical
focus optical clinic,0,0,0,0,0,0,0,0,0,0,1,0,1,1,False,False,Focus Optical Clinic
focus s,0,0,0,0,0,1,0,0,0,0,0,0,1,1,False,False,Focus.s
focuss,0,0,0,0,0,0,0,0,1,0,0,0,1,1,False,False,FOCUSS
fomo music lounge,0,0,0,0,0,0,0,0,1,0,0,0,1,1,False,False,FOMO MUSIC LOUNGE
fon plus,0,0,0,0,0,0,0,1,0,0,0,0,1,1,False,False,Fon Plus
fone n rigs,0,0,1,0,0,0,0,0,0,0,0,0,1,1,False,False,Fone N’ Rigs
fone plus,0,0,0,0,0,0,0,1,0,0,0,0,1,1,False,False,Fone Plus
fone range,0,0,0,0,0,0,0,1,0,0,0,0,1,1,False,False,Fone Range
fone scoopz,0,0,0,0,0,0,0,0,1,0,0,0,1,1,False,False,FONE SCOOPZ
fone zone,0,0,0,0,0,0,0,0,1,0,0,0,1,1,False,False,FONE ZONE
fonebook,0,1,0,0,0,0,0,0,0,0,0,0,1,1,False,False,FONEBOOK
fmf c idol cellphone accessories,0,0,0,0,0,0,0,0,0,0,0,1,1,1,False,False,FMF C IDOL CELLPHONE ACCESSORIES
flyweight,0,0,0,0,0,1,0,0,0,0,0,0,1,1,False,False,Flyweight
fluffy floss cotton candy,0,0,0,0,0,0,0,1,0,0,0,0,1,1,False,False,FLUFFY FLOSS COTTON CANDY
florentinas kainan,0,0,0,0,0,0,0,1,0,0,0,0,1,1,False,False,Florentina's Kainan
flirt waxing lounge,0,0,0,0,0,0,0,0,1,0,0,0,1,1,False,False,FLIRT WAXING LOUNGE
flor accessories,0,0,0,0,0,0,0,1,0,0,0,0,1,1,False,False,FLOR ACCESSORIES
florabel,0,0,0,0,0,0,1,0,0,0,0,0,1,1,False,False,Florabel
floral emotions,0,1,0,0,0,0,0,0,0,0,0,0,1,1,False,False,FLORAL EMOTIONS
florantes pasalubong,0,1,0,0,0,0,0,0,0,0,0,0,1,1,False,False,FLORANTE'S PASALUBONG
florazol rtw shop,1,0,0,0,0,0,0,0,0,0,0,0,1,1,False,False,Florazol RTW Shop
florsheimnaturalizer,0,0,0,0,0,0,0,0,1,0,0,0,1,1,False,False,FLORSHEIMNATURALIZER
fluffy floss,0,0,0,0,0,0,0,0,1,0,0,0,1,1,False,False,FLUFFY FLOSS
flower farm,0,1,0,0,0,0,0,0,0,0,0,0,1,1,False,False,FLOWER FARM
flower n vase,0,0,0,0,0,0,0,0,1,0,0,0,1,1,False,False,FLOWER N VASE
flowerboy,0,0,0,0,0,0,0,1,0,0,0,0,1,1,False,False,FLOWERBOY
flowers and beyond,0,0,0,0,0,0,0,1,0,0,0,0,1,1,False,False,Flowers and Beyond
flowers by rosalie,0,0,0,0,0,0,0,0,0,0,0,1,1,1,False,False,FLOWERS BY ROSALIE
flowerstoreph,0,0,0,0,0,1,0,0,0,0,0,0,1,1,False,False,FlowerStorePH
fiona jewelry,0,0,0,0,0,0,0,0,1,0,0,0,1,1,False,False,FIONA JEWELRY
finn cotton,0,1,0,0,0,0,0,0,0,0,0,0,1,1,False,False,FINN COTTON
fonehub,0,0,0,0,0,0,0,1,0,0,0,0,1,1,False,False,Fonehub
felt,0,0,0,0,0,0,0,0,1,0,0,0,1,1,False,False,FELT
fema,0,0,0,0,0,0,0,1,0,0,0,0,1,1,False,False,Fema (Heal-ot Blind Massage)
femies cellphone,0,0,0,0,0,0,0,0,0,0,0,1,1,1,False,False,FEMIE'S CELLPHONE
femies cp,0,0,0,0,0,0,0,0,0,0,0,1,1,1,False,False,FEMIES CP
fendi,0,1,0,0,0,0,0,0,0,0,0,0,1,1,False,False,FENDI
ferinos bibingka,0,0,0,0,0,0,0,0,1,0,0,0,1,1,False,False,FERINOS BIBINGKA
fermin dental,0,0,0,0,0,1,0,0,0,0,0,0,1,1,False,False,Fermin Dental
fernandez associates law firm,0,0,0,0,0,0,0,0,1,0,0,0,1,1,False,False,FERNANDEZ ASSOCIATES LAW FIRM
fernandez optical,0,0,0,0,0,0,0,1,0,0,0,0,1,1,False,False,Fernandez Optical
ferragamo,0,1,0,0,0,0,0,0,0,0,0,0,1,1,False,False,FERRAGAMO
ferretti,0,0,0,0,1,0,0,0,0,0,0,0,1,1,False,False,Ferretti
fertility & reproductive medicine center corp 0956 075 2117,0,0,0,0,0,0,0,1,0,0,0,0,1,1,False,False,Fertility & Reproductive Medicine Center Corp. 0956-075-2117
festive finds,0,0,0,0,0,1,0,0,0,0,0,0,1,1,False,False,Festive Finds
festive market by savemore,0,0,0,0,0,1,0,0,0,0,0,0,1,1,False,False,Festive Market By Savemore
festive walk cinemas,0,0,0,0,0,1,0,0,0,0,0,0,1,1,False,False,Festive Walk Cinemas
festive walk cinemas snackbar,0,0,0,0,0,1,0,0,0,0,0,0,1,1,False,False,Festive Walk Cinemas - Snackbar
fely js,0,0,0,0,0,1,0,0,0,0,0,0,1,1,False,False,Fely J's
felicias retail pastry shop,0,0,0,0,0,0,0,0,1,0,0,0,1,1,False,False,FELICIAS RETAIL PASTRY SHOP
finix,0,0,0,0,0,0,0,0,1,0,0,0,1,1,False,False,FINIX
fei fei by choi garden,0,0,0,0,0,1,0,0,0,0,0,0,1,1,False,False,Fei Fei By Choi Garden
fatty kim,0,0,0,1,0,0,0,0,0,0,0,0,1,1,False,False,Fatty Kim
faure le page,0,1,0,0,0,0,0,0,0,0,0,0,1,1,False,False,FAURE LE PAGE
favorite brew,0,0,1,0,0,0,0,0,0,0,0,0,1,1,False,False,Favorite Brew
faxcable,0,0,0,0,0,0,1,0,0,0,0,0,1,1,False,False,Faxcable
fc home center,0,0,0,0,0,0,0,1,0,0,0,0,1,1,False,False,FC HOME CENTER
fc home depot,0,1,0,0,0,0,0,0,0,0,0,0,1,1,False,False,FC HOME DEPOT
fcp sunrise travel tours,0,0,0,0,0,0,0,0,1,0,0,0,1,1,False,False,FCP SUNRISE TRAVEL TOURS
fct autoshop & services,0,0,0,0,0,0,0,1,0,0,0,0,1,1,False,False,FCT AUTOSHOP & SERVICES
fda,0,0,0,0,0,0,0,0,0,1,0,0,1,1,False,False,FDA
feast,0,0,0,0,0,0,0,1,0,0,0,0,1,1,False,False,The Feast
feast & fire,0,0,0,0,0,0,0,0,1,0,0,0,1,1,False,False,FEAST & FIRE
feb gadget repair shop,0,0,0,0,0,0,0,0,1,0,0,0,1,1,False,False,FEB GADGET REPAIR SHOP
federal express,0,0,1,0,0,0,0,0,0,0,0,0,1,1,False,False,Federal Express
feed people trading,0,1,0,0,0,0,0,0,0,0,0,0,1,1,False,False,FEED PEOPLE TRADING
feelmore enterprises,0,0,0,0,0,0,0,0,0,0,0,1,1,1,False,False,FEELMORE ENTERPRISES
feta,0,0,0,0,0,1,0,0,0,0,0,0,1,1,False,False,Feta
fetish couture boutique,0,1,0,0,0,0,0,0,0,0,0,0,1,1,False,False,FETISH COUTURE BOUTIQUE
fg aesthetic centre,0,0,0,0,0,1,0,0,0,0,0,0,1,1,False,False,FG Aesthetic Centre
fiametas plants,0,1,0,0,0,0,0,0,0,0,0,0,1,1,False,False,FIAMETA'S PLANTS
filbela,1,0,0,0,0,0,0,0,0,0,0,0,1,1,False,False,FILBELA
fili,0,0,0,0,0,0,0,0,1,0,0,0,1,1,False,False,FILI
filigree,0,0,1,0,0,0,0,0,0,0,0,0,1,1,False,False,Filigree
filinvest land inc,0,0,1,0,0,0,0,0,0,0,0,0,1,1,False,False,Filinvest Land Inc
filipinas pawnshop inc,0,0,0,0,0,0,0,0,0,0,1,0,1,1,False,False,Filipinas Pawnshop Inc.
filipino creazione,0,0,0,0,0,0,0,1,0,0,0,0,1,1,False,False,FILIPINO CREAZIONE
filippo,0,1,0,0,0,0,0,0,0,0,0,0,1,1,False,False,FILIPPO
fill it,0,0,0,0,0,0,1,0,0,0,0,0,1,1,False,False,Fill It
film,0,0,0,0,0,0,0,1,0,0,0,0,1,1,False,False,THE FILM
film beyond the photobooth,0,0,0,0,0,0,0,0,1,0,0,0,1,1,False,False,THE FILM BEYOND THE PHOTOBOOTH
filmat massage,0,0,0,0,0,0,0,0,0,0,0,1,1,1,False,False,FILMAT MASSAGE
finds a discount store,0,0,0,0,0,0,0,0,0,1,0,0,1,1,False,False,FINDS A DISCOUNT STORE
fine art photographics,0,0,0,0,0,0,0,0,1,0,0,0,1,1,False,False,FINE ART PHOTOGRAPHICS
fine fancy,0,0,0,0,0,0,0,0,1,0,0,0,1,1,False,False,FINE FANCY
finessa aesthetica,0,0,0,0,0,0,0,0,1,0,0,0,1,1,False,False,FINESSA AESTHETICA
filbars multiverse,0,0,0,0,0,0,1,0,0,0,0,0,1,1,False,False,Filbar's Multiverse
filarts gallery coffee shop,0,0,0,0,0,0,0,1,0,0,0,0,1,1,False,False,FILARTS GALLERY COFFEE SHOP
filarts gallery,0,0,0,0,0,0,0,1,0,0,0,0,1,1,False,False,FILARTS GALLERY
fiesta communities,0,0,0,0,0,0,0,1,0,0,0,0,1,1,False,False,FIESTA COMMUNITIES
fiasfud,0,0,0,0,0,0,0,1,0,0,0,0,1,1,False,False,FIASFUD
fibrella service center,0,0,0,0,0,0,0,0,1,0,0,0,1,1,False,False,FIBRELLA SERVICE CENTER
fickle fingers internet cafe,0,0,0,0,0,0,0,0,0,0,0,1,1,1,False,False,FICKLE FINGERS INTERNET CAFÉ
fielas sticky bun cafe,0,0,0,0,0,0,0,0,1,0,0,0,1,1,False,False,FIELAS STICKY BUN CAFE
fiesta,0,0,0,0,0,0,0,0,1,0,0,0,1,1,False,False,FIESTA
fiesta bingo,0,0,0,0,0,0,0,1,0,0,0,0,1,1,False,False,Fiesta Bingo (OPEN)
fiesta inasal,0,0,0,0,0,0,0,0,1,0,0,0,1,1,False,False,FIESTA INASAL
fila the look,0,0,0,0,0,0,0,0,0,0,0,1,1,1,False,False,"FILA, THE LOOK"
fiesta outlet store,0,0,0,0,0,0,0,1,0,0,0,0,1,1,False,False,Fiesta Outlet Store (NEW)
fig & vine,0,0,0,0,0,0,0,1,0,0,0,0,1,1,False,False,FIG & VINE
fighting korean restaurant,0,0,0,0,0,1,0,0,0,0,0,0,1,1,False,False,Fighting Korean Restaurant
fila italia,0,0,0,0,0,0,0,0,1,0,0,0,1,1,False,False,FILA ITALIA
fila satellite,0,0,1,0,0,0,0,0,0,0,0,0,1,1,False,False,Fila Satellite
fila storage room yash gadgets 2,0,0,0,0,0,0,0,0,0,0,0,1,1,1,False,False,FILA STORAGE ROOM YASH GADGETS 2
fonebook cp & acc,0,0,0,0,0,0,0,0,0,0,0,1,1,1,False,False,FONEBOOK CP & ACC.
food channel,0,0,0,0,0,0,0,0,1,0,0,0,1,1,False,False,FOOD CHANNEL
gallery nine,0,0,0,0,0,0,0,0,1,0,0,0,1,1,False,False,GALLERY NINE
fundador,0,0,0,0,0,1,0,0,0,0,0,0,1,1,False,False,Fundador
funhouse time concept,0,0,0,0,0,0,0,0,0,0,0,1,1,1,False,False,FUNHOUSE TIME CONCEPT
funtasia kids club,0,0,0,0,0,1,0,0,0,0,0,0,1,1,False,False,Funtasia Kids Club
funtopia park,0,0,0,0,0,0,0,1,0,0,0,0,1,1,False,False,FUNTOPIA PARK
funtours tecketing services,0,0,0,0,0,0,0,1,0,0,0,0,1,1,False,False,FUNTOURS TECKETING SERVICES
furry trail crawlers,0,0,0,0,0,0,0,1,0,0,0,0,1,1,False,False,FURRY TRAIL CRAWLERS
fusion,0,0,0,0,0,0,0,0,0,1,0,0,1,1,False,False,FUSION
fusion outlet store,0,0,0,0,0,0,0,0,0,1,0,0,1,1,False,False,FUSION OUTLET STORE
fuzione cafe and restaurant sandugo,0,0,0,0,0,0,0,0,0,0,0,1,1,1,False,False,FUZIONE CAFE AND RESTAURANT SANDUGO
g force oakley,0,1,0,0,0,0,0,0,0,0,0,0,1,1,False,False,G-FORCE OAKLEY
g forces enterprise,0,0,0,0,0,0,0,1,0,0,0,0,1,1,False,False,G Forces Enterprise
g s p money changer,0,1,0,0,0,0,0,0,0,0,0,0,1,1,False,False,G.S.P. MONEY CHANGER
g style,0,0,0,0,0,0,0,1,0,0,0,0,1,1,False,False,G-STYLE
g3r repair shop,0,0,0,0,0,0,0,0,1,0,0,0,1,1,False,False,G3R REPAIR SHOP
gab pigmentation,0,0,0,1,0,0,0,0,0,0,0,0,1,1,False,False,GAB PIGMENTATION
gabriel archangel toddler playschool,0,0,0,0,0,0,0,0,1,0,0,0,1,1,False,False,GABRIEL ARCHANGEL TODDLER PLAYSCHOOL
funhan mart,0,0,0,0,0,1,0,0,0,0,0,0,1,1,False,False,Funhan Mart
fun playville co,0,0,0,0,0,0,0,1,0,0,0,0,1,1,False,False,FUN PLAYVILLE CO.
fruiteria,0,0,0,0,0,0,1,0,0,0,0,0,1,1,False,False,Fruiteria
fun playville,0,0,0,0,1,0,0,0,0,0,0,0,1,1,False,False,Fun Playville
fruity blends,0,0,0,0,0,0,0,1,0,0,0,0,1,1,False,False,FRUITY BLENDS
fruity blendz,0,0,0,0,0,0,0,1,0,0,0,0,1,1,False,False,FRUITY BLENDZ (0967-316-0637)
frutas,0,0,0,0,0,0,0,1,0,0,0,0,1,1,False,False,FRUTAS
frutesca,0,1,0,0,0,0,0,0,0,0,0,0,1,1,False,False,FRUTESCA
frying chicken x bokki bokki,0,0,0,0,0,0,0,1,0,0,0,0,1,1,False,False,FRYING CHICKEN X BOKKI BOKKI
ftv cosmetics,0,0,0,0,0,1,0,0,0,0,0,0,1,1,False,False,FTV Cosmetics
fubu,0,0,0,0,0,0,0,0,0,1,0,0,1,1,False,False,FUBU
fuchs,0,0,0,0,0,0,0,0,0,0,0,1,1,1,False,False,FUCHS
fuentes optical,0,0,0,0,0,0,0,1,0,0,0,0,1,1,False,False,Fuentes Optical
fuji film,0,0,0,0,1,0,0,0,0,0,0,0,1,1,False,False,Fuji Film
fuji shin,0,0,0,0,0,0,0,1,0,0,0,0,1,1,False,False,FUJI-SHIN
fulloracharm,0,0,0,0,0,1,0,0,0,0,0,0,1,1,False,False,FulloraCharm
fun box mobile,0,0,0,0,0,0,0,0,0,1,0,0,1,1,False,False,FUN BOX MOBILE
fun dkit stick and print works,0,0,0,0,0,0,0,0,1,0,0,0,1,1,False,False,FUN-DKIT STICK AND PRINT WORKS
fun house mini gem exhibit,0,0,0,0,0,0,0,0,0,0,0,1,1,1,False,False,FUN HOUSE MINI GEM EXHIBIT (1)
gabuat,0,0,0,0,0,0,0,0,0,0,0,1,1,1,False,False,GABUAT
gabuat cellphone shop,0,0,0,0,0,0,0,0,0,0,0,1,1,1,False,False,GABUAT CELLPHONE SHOP
gaddis restaurant,0,0,0,0,0,0,0,0,0,0,0,1,1,1,False,False,GADDI'S RESTAURANT
gadget care,0,0,0,0,1,0,0,0,0,0,0,0,1,1,False,False,Gadget Care
gadze tech,0,0,0,0,0,0,0,1,0,0,0,0,1,1,False,False,Gadze Tech
gaea crystal and gemstone jewelry,0,1,0,0,0,0,0,0,0,0,0,0,1,1,False,False,GAEA - CRYSTAL AND GEMSTONE JEWELRY
gaille and george,0,1,0,0,0,0,0,0,0,0,0,0,1,1,False,False,GAILLE AND GEORGE
galeria anna,0,0,1,0,0,0,0,0,0,0,0,0,1,1,False,False,Galeria Anna
galeria lienzo,0,1,0,0,0,0,0,0,0,0,0,0,1,1,False,False,GALERIA LIENZO
galerie francesca,0,0,0,0,0,0,0,0,1,0,0,0,1,1,False,False,GALERIE FRANCESCA
galerie raphael,0,1,0,0,0,0,0,0,0,0,0,0,1,1,False,False,GALERIE RAPHAEL
galerie y,0,0,0,0,0,0,0,0,1,0,0,0,1,1,False,False,GALERIE Y
galetote,0,0,0,0,0,0,0,1,0,0,0,0,1,1,False,False,Galetote
galetote t shirt printing shoppe,0,0,0,0,0,0,0,0,1,0,0,0,1,1,False,False,GALETOTE T-SHIRT PRINTING SHOPPE
galleon,0,0,0,0,0,0,0,0,1,0,0,0,1,1,False,False,GALLEON
galleria nicolas,0,1,0,0,0,0,0,0,0,0,0,0,1,1,False,False,GALLERIA NICOLAS
gallery by gch,0,0,0,0,0,0,0,0,1,0,0,0,1,1,False,False,THE GALLERY BY GCH
gallery frames,0,0,0,0,0,0,0,0,1,0,0,0,1,1,False,False,GALLERY FRAMES
gallery genesis,0,0,0,0,0,0,1,0,0,0,0,0,1,1,False,False,Gallery Genesis
gadgetway,0,0,0,0,0,0,0,0,0,0,1,0,1,1,False,False,GADGETWAY
gadgets station,0,0,0,0,0,0,0,0,1,0,0,0,1,1,False,False,GADGETS STATION
gadgets lab,0,0,0,0,0,0,0,1,0,0,0,0,1,1,False,False,GADGETS LAB
gadget planet,0,0,0,0,0,0,0,0,0,0,1,0,1,1,False,False,Gadget Planet
gadget central,1,0,0,0,0,0,0,0,0,0,0,0,1,1,False,False,GADGET CENTRAL
gadget core,1,0,0,0,0,0,0,0,0,0,0,0,1,1,False,False,GADGET CORE
gadget corner,0,0,0,0,0,0,0,0,1,0,0,0,1,1,False,False,GADGET CORNER
gadget express,0,0,0,0,0,0,0,0,1,0,0,0,1,1,False,False,GADGET EXPRESS
gadget get,0,0,0,0,0,0,1,0,0,0,0,0,1,1,False,False,Gadget Get
gadget hub,0,0,0,0,0,0,0,0,0,0,1,0,1,1,False,False,Gadget Hub
gadget protector,0,0,0,0,0,0,0,0,1,0,0,0,1,1,False,False,GADGET PROTECTOR
gadgetologie,0,0,0,0,0,0,1,0,0,0,0,0,1,1,False,False,Gadgetologie
gadget protekt,0,0,0,0,0,0,0,0,1,0,0,0,1,1,False,False,GADGET PROTEKT
gadget world,0,0,0,0,0,0,0,0,1,0,0,0,1,1,False,False,GADGET WORLD
gadget zone,0,0,0,0,0,0,0,1,0,0,0,0,1,1,False,False,Gadget Zone
gadgetbot,0,0,0,0,0,0,0,0,1,0,0,0,1,1,False,False,GADGETBOT
gadgetcore cellphone & accessories shop,1,0,0,0,0,0,0,0,0,0,0,0,1,1,False,False,GADGETCORE CELLPHONE & ACCESSORIES SHOP
gadgetmate,0,0,0,0,0,0,0,1,0,0,0,0,1,1,False,False,Gadgetmate
fruits to go,0,0,0,0,0,0,0,1,0,0,0,0,1,1,False,False,Fruits To Go
fruitas ice candy,0,0,0,0,0,0,0,0,1,0,0,0,1,1,False,False,FRUITAS ICE CANDY
food wanderer,0,1,0,0,0,0,0,0,0,0,0,0,1,1,False,False,FOOD WANDERER
former so en,0,0,0,0,0,0,0,0,0,0,0,1,1,1,False,False,FORMER SO-EN
former transfer it,0,0,0,0,0,0,0,0,0,0,0,1,1,1,False,False,FORMER TRANSFER IT
former webmax,0,0,0,0,0,0,0,0,0,0,0,1,1,1,False,False,FORMER WEBMAX
formocha taiwan milktea,0,0,0,0,0,0,0,1,0,0,0,0,1,1,False,False,FormoCha Taiwan Milktea
formosa bakeshop,0,0,0,0,0,0,0,0,1,0,0,0,1,1,False,False,FORMOSA BAKESHOP
forms and faces facial salon fila,0,0,0,0,0,0,0,0,0,0,0,1,1,1,False,False,Forms and Faces Facial Salon FILA
fortess,0,0,0,0,0,0,0,1,0,0,0,0,1,1,False,False,Fortess
forticare,0,0,0,0,0,0,0,0,0,1,0,0,1,1,False,False,FORTICARE
forticare health stystem international inc 0917 133 3476,0,0,0,0,0,0,0,1,0,0,0,0,1,1,False,False,"Forticare Health Stystem International, Inc. 0917-133-3476"
fortune bakeshop,0,0,0,0,0,0,0,0,0,0,1,0,1,1,False,False,Fortune Bakeshop
fortune tea house,0,0,0,0,0,0,0,0,1,0,0,0,1,1,False,False,FORTUNE TEA HOUSE
fotile,0,0,0,0,0,0,0,1,0,0,0,0,1,1,False,False,FOTILE
foundever,0,0,0,0,0,0,0,1,0,0,0,0,1,1,False,False,FOUNDEVER
fountainhead,0,1,0,0,0,0,0,0,0,0,0,0,1,1,False,False,FOUNTAINHEAD
four h handicrafts,1,0,0,0,0,0,0,0,0,0,0,0,1,1,False,False,FOUR H HANDICRAFTS
four seasons hot pot,0,0,0,0,0,0,0,0,1,0,0,0,1,1,False,False,FOUR SEASONS HOT POT
former sweet tooth creations,0,0,0,0,0,0,0,0,0,0,0,1,1,1,False,False,FORMER SWEET TOOTH CREATIONS
former lumina homes,0,0,0,0,0,0,0,0,0,0,0,1,1,1,False,False,FORMER LUMINA HOMES
fruitas fresh from babots farm,0,0,0,0,0,0,0,1,0,0,0,0,1,1,False,False,Fruitas - Fresh From Babot's Farm
former lbc,0,0,0,0,0,0,0,0,0,0,0,1,1,1,False,False,FORMER LBC
food world kiosk,0,0,1,0,0,0,0,0,0,0,0,0,1,1,False,False,Food World Kiosk
foodie stop,0,0,1,0,0,0,0,0,0,0,0,0,1,1,False,False,Foodie Stop
footprint,0,0,0,0,0,0,0,1,0,0,0,0,1,1,False,False,Footprint
for keeps,0,0,0,0,0,1,0,0,0,0,0,0,1,1,False,False,For Keeps
for the love of prints,0,1,0,0,0,0,0,0,0,0,0,0,1,1,False,False,FOR THE LOVE OF PRINTS
fore pairs buffalo wings,0,0,0,0,0,0,0,1,0,0,0,0,1,1,False,False,FORE PAIRS BUFFALO WINGS (TEMPORARILY CLOSED)
foreign exchange,0,0,0,0,0,0,0,1,0,0,0,0,1,1,False,False,Foreign Exchange
forever beautiful,0,0,0,0,0,0,0,0,1,0,0,0,1,1,False,False,FOREVER BEAUTIFUL
forever flawless,0,0,0,0,0,0,0,0,1,0,0,0,1,1,False,False,FOREVER FLAWLESS
forever mobile,0,0,0,0,0,0,0,0,1,0,0,0,1,1,False,False,FOREVER MOBILE
forever young spa,0,0,0,0,0,0,0,1,0,0,0,0,1,1,False,False,Forever Young Spa
former 880 enterprises,0,0,0,0,0,0,0,0,0,0,0,1,1,1,False,False,FORMER 880 ENTERPRISES
former aliah ampang cellphone & accessories,0,0,0,0,0,0,0,0,0,0,0,1,1,1,False,False,FORMER Aliah Ampang Cellphone & Accessories
former bochok rice meal,0,0,0,0,0,0,0,0,0,0,0,1,1,1,False,False,FORMER BOCHOK RICE MEAL
former egg pa more,0,0,0,0,0,0,0,0,0,0,0,1,1,1,False,False,FORMER EGG PA MORE
four star lotto outlet,0,0,0,0,1,0,0,0,0,0,0,0,1,1,False,False,Four Star Lotto Outlet
fowl bread,0,1,0,0,0,0,0,0,0,0,0,0,1,1,False,False,FOWL BREAD
franc frostie,0,0,0,0,0,0,0,0,1,0,0,0,1,1,False,False,FRANC FROSTIE
franceska,0,0,0,0,0,0,0,1,0,0,0,0,1,1,False,False,Franceska
fresh salon spa,0,0,0,0,0,0,0,0,1,0,0,0,1,1,False,False,FRESH SALON SPA
freshlookme salon,0,0,0,0,0,0,0,0,0,1,0,0,1,1,False,False,FRESHLOOKME SALON
fried noodles hongkong style,0,0,0,0,0,0,0,0,0,0,1,0,1,1,False,False,Fried Noodles Hongkong Style
fried rice express,0,0,0,0,0,0,0,1,0,0,0,0,1,1,False,False,Fried Rice Express
fries and benefits,0,0,0,0,0,0,0,1,0,0,0,0,1,1,False,False,FRIES AND BENEFITS
fries guys,0,1,0,0,0,0,0,0,0,0,0,0,1,1,False,False,FRIES GUYS
fries pa more,0,0,0,0,0,0,0,1,0,0,0,0,1,1,False,False,FRIES PA MORE
frigga charmed life,0,0,0,0,0,0,0,0,1,0,0,0,1,1,False,False,FRIGGA CHARMED LIFE
frito fries,0,0,0,0,0,0,0,0,1,0,0,0,1,1,False,False,FRITO FRIES
frosty treat,0,0,0,0,0,0,0,1,0,0,0,0,1,1,False,False,FROSTY TREAT
frp imp perfume collection,0,0,0,0,0,0,0,0,0,0,0,1,1,1,False,False,FRP-IMP PERFUME COLLECTION
fruit republic,0,0,0,0,0,0,0,0,0,0,0,1,1,1,False,False,FRUIT REPUBLIC
fruitachillos,0,0,0,0,0,0,0,1,0,0,0,0,1,1,False,False,FRUITACHILLOS
fruitas & jamaican,0,0,0,0,0,0,0,1,0,0,0,0,1,1,False,False,FRUITAS & JAMAICAN
fruitas buko ni fruitas,0,1,0,0,0,0,0,0,0,0,0,0,1,1,False,False,FRUITAS/BUKO NI FRUITAS
fresh salon and spa ca exhibits,0,0,0,0,0,0,0,0,0,0,0,1,1,1,False,False,FRESH SALON AND SPA CA EXHIBITS ( PROPERTY PRO )
fresh fragrance,0,0,0,0,0,1,0,0,0,0,0,0,1,1,False,False,Fresh Fragrance
fresenius kidney care,0,0,0,0,0,0,0,0,1,0,0,0,1,1,False,False,FRESENIUS KIDNEY CARE
frappe dream,0,0,0,0,1,0,0,0,0,0,0,0,1,1,False,False,Frappe Dream
franchesco,0,0,0,0,0,0,0,0,0,0,0,1,1,1,False,False,FRANCHESCO (BENCH)
francing leaves & herbal store,0,0,0,0,0,0,0,1,0,0,0,0,1,1,False,False,Francing Leaves & Herbal Store
frankie and friends,0,0,0,0,0,0,0,0,1,0,0,0,1,1,False,False,FRANKIE AND FRIENDS
franks dirty ice cream,0,0,0,0,0,0,0,0,1,0,0,0,1,1,False,False,FRANKS DIRTY ICE CREAM
franky mobile accessories,0,0,0,0,0,0,0,0,1,0,0,0,1,1,False,False,FRANKY MOBILE ACCESSORIES
franvir,0,0,0,0,0,0,0,0,1,0,0,0,1,1,False,False,FRANVIR
frappy n tea,0,0,1,0,0,0,0,0,0,0,0,0,1,1,False,False,Frappy ‘n Tea
frescas frutas,0,0,0,0,0,0,0,0,1,0,0,0,1,1,False,False,FRESCAS FRUTAS
frbj muzic mart,0,0,0,0,0,0,0,0,1,0,0,0,1,1,False,False,FRBJ MUZIC MART
fredos pinoy meals,0,0,0,0,0,1,0,0,0,0,0,0,1,1,False,False,Fredo's Pinoy Meals
freedom moses,0,1,0,0,0,0,0,0,0,0,0,0,1,1,False,False,FREEDOM MOSES
freelife,0,0,0,0,0,0,0,1,0,0,0,0,1,1,False,False,FREELIFE
freesoul gadgets and accessories shop,0,1,0,0,0,0,0,0,0,0,0,0,1,1,False,False,FREESOUL GADGETS AND ACCESSORIES SHOP
french baker salon de the,0,0,0,0,0,0,0,0,1,0,0,0,1,1,False,False,THE FRENCH BAKER SALON DE THE
gwiyomi gluta spa,0,0,0,0,0,0,0,0,1,0,0,0,1,1,False,False,GWIYOMI GLUTA SPA
gwize,0,0,0,0,0,0,0,1,0,0,0,0,1,1,False,False,Gwize
gyp alteration services,0,0,0,0,0,0,0,1,0,0,0,0,1,1,False,False,GYP Alteration Services
inkwell tattoo,0,0,0,0,0,1,0,0,0,0,0,0,1,1,False,False,Inkwell Tattoo
innovator,0,0,0,0,0,0,1,0,0,0,0,0,1,1,False,False,Innovator
innovatronix inc,0,0,0,0,0,0,0,0,0,1,0,0,1,1,False,False,INNOVATRONIX INC.
innove asia,0,0,0,0,0,0,1,0,0,0,0,0,1,1,False,False,Innove Asia
inspector gadget,0,0,0,0,0,0,0,0,1,0,0,0,1,1,False,False,INSPECTOR GADGET
inspiration victory of altheas,0,0,0,0,0,0,0,0,0,0,0,1,1,1,False,False,INSPIRATION Victory of Altheas
inspire church,0,1,0,0,0,0,0,0,0,0,0,0,1,1,False,False,INSPIRE CHURCH
inspired expressions bazaar,0,0,0,0,0,0,0,1,0,0,0,0,1,1,False,False,Inspired Expressions Bazaar
insta 360,0,0,0,0,0,0,0,1,0,0,0,0,1,1,False,False,INSTA 360
insta pares,0,0,0,0,0,0,0,0,0,0,0,1,1,1,False,False,INSTA PARES
instagadget cellphone and accessories,0,1,0,0,0,0,0,0,0,0,0,0,1,1,False,False,INSTAGADGET CELLPHONE AND ACCESSORIES
instaprint 9177188130,0,0,0,0,0,0,0,1,0,0,0,0,1,1,False,False,Instaprint 9177188130
intellicom kiosk,1,0,0,0,0,0,0,0,0,0,0,0,1,1,False,False,INTELLICOM KIOSK (Marui)
intellident dental clinic,0,1,0,0,0,0,0,0,0,0,0,0,1,1,False,False,INTELLIDENT DENTAL CLINIC
intelliprime medical and psychological counseling 0916 364 3067,0,0,0,0,0,0,0,1,0,0,0,0,1,1,False,False,Intelliprime Medical and Psychological Counseling 0916-364-3067
interior homescapes,0,1,0,0,0,0,0,0,0,0,0,0,1,1,False,False,INTERIOR HOMESCAPES
inland corporation,0,0,0,0,0,0,0,0,1,0,0,0,1,1,False,False,INLAND CORPORATION
inkrite ink refilling station,0,0,0,0,0,0,0,0,1,0,0,0,1,1,False,False,INKRITE INK REFILLING STATION
infinity smile dental clinic,0,0,0,0,0,0,0,1,0,0,0,0,1,1,False,False,INFINITY SMILE DENTAL CLINIC (0926-582-6832 /0953-913-7138)
inknow,0,0,0,0,1,0,0,0,0,0,0,0,1,1,False,False,Inknow
infinix ms twirling ice cream,0,0,0,0,0,0,0,1,0,0,0,0,1,1,False,False,Infinix Ms. Twirling Ice Cream
infintea,0,0,0,0,0,0,0,1,0,0,0,0,1,1,False,False,INFINTEA
infomax gold,0,1,0,0,0,0,0,0,0,0,0,0,1,1,False,False,INFOMAX GOLD
infonec,0,0,0,0,0,0,0,0,1,0,0,0,1,1,False,False,INFONEC
infonec kiosk,1,0,0,0,0,0,0,0,0,0,0,0,1,1,False,False,INFONEC KIOSK
infused corner,0,0,0,0,0,0,0,1,0,0,0,0,1,1,False,False,INFUSED CORNER
inglorious cookies,0,1,0,0,0,0,0,0,0,0,0,0,1,1,False,False,INGLORIOUS COOKIES
inihaw republic,0,0,0,0,0,0,0,0,1,0,0,0,1,1,False,False,INIHAW REPUBLIC
ink 1,0,0,0,0,0,0,0,0,1,0,0,0,1,1,False,False,INK 1
ink fairness,0,0,0,0,0,0,0,1,0,0,0,0,1,1,False,False,Ink Fairness
ink master,0,0,0,0,0,0,0,0,1,0,0,0,1,1,False,False,INK MASTER
ink n print,0,0,1,0,0,0,0,0,0,0,0,0,1,1,False,False,Ink N’ Print
ink now,0,0,0,0,1,0,0,0,0,0,0,0,1,1,False,False,Ink Now
inker 18 tattoo ca exhibits,0,0,0,0,0,0,0,0,0,0,0,1,1,1,False,False,Inker 18 Tattoo (5.04 SQM) CA EXHIBITS ( PROPERTY PRO )
inkman ventures rahiem com pany inc,0,0,0,0,0,0,0,0,0,0,0,1,1,1,False,False,INKMAN VENTURES ( RAHIEM COM PANY INC
intermatrix,0,0,0,0,0,1,0,0,0,0,0,0,1,1,False,False,Intermatrix
international eye center,0,0,0,0,0,0,0,1,0,0,0,0,1,1,False,False,International Eye Center
interpace computer systems,0,0,1,0,0,0,0,0,0,0,0,0,1,1,False,False,Interpace Computer Systems
into gadgets,0,0,0,0,0,0,0,1,0,0,0,0,1,1,False,False,Into Gadgets
iron will fitness gym,0,0,0,0,0,0,0,0,0,0,0,1,1,1,False,False,IRON WILL FITNESS GYM
ironic iconic by verona optical,0,0,0,0,0,0,0,0,1,0,0,0,1,1,False,False,IRONIC ICONIC BY VERONA OPTICAL
ironmans steak,0,1,0,0,0,0,0,0,0,0,0,0,1,1,False,False,IRONMAN’S STEAK
irvins salted egg,0,0,0,0,0,0,0,0,1,0,0,0,1,1,False,False,IRVINS SALTED EGG
isabela vision center,0,0,0,0,0,0,0,0,0,0,0,1,1,1,False,False,ISABELA VISION CENTER
isabella by bebe de dieu,0,0,0,0,0,0,0,0,1,0,0,0,1,1,False,False,ISABELLA BY BEBE DE DIEU
isdang pulo,0,1,0,0,0,0,0,0,0,0,0,0,1,1,False,False,ISDANG PULO
iskin aesthetic lifestyle,0,0,0,0,0,0,0,0,1,0,0,0,1,1,False,False,iSKIN AESTHETIC LIFESTYLE
iskin cafe,0,0,0,0,0,0,0,0,1,0,0,0,1,1,False,False,ISKIN CAFÉ
iskrambolicious,0,0,0,0,0,0,0,1,0,0,0,0,1,1,False,False,Iskrambolicious
iskrambolicious 0969 173 8089,0,0,0,0,0,0,0,1,0,0,0,0,1,1,False,False,ISKRAMBOLICIOUS 0969-173-8089
island coffee club,0,0,0,0,0,0,0,1,0,0,0,0,1,1,False,False,ISLAND COFFEE CLUB
island spa,0,0,0,0,0,1,0,0,0,0,0,0,1,1,False,False,Island Spa
island tea,0,0,0,0,0,0,0,1,0,0,0,0,1,1,False,False,Island Tea
island watch unisilvertime,0,0,0,0,0,0,0,0,0,0,0,1,1,1,False,False,ISLAND WATCH UNISILVERTIME
iroha,0,0,0,0,0,0,1,0,0,0,0,0,1,1,False,False,Iroha
irog snack bar,0,0,0,0,0,0,0,0,0,0,0,1,1,1,False,False,IROG - SNACK BAR
irog siomai house,0,0,0,0,0,0,0,0,0,0,0,1,1,1,False,False,IROG SIOMAI HOUSE (Arcane Food Business)
ippudo ramen bar,0,0,0,0,0,1,0,0,0,0,0,0,1,1,False,False,Ippudo Ramen Bar
ioc vision care clinic,0,0,0,0,0,0,0,1,0,0,0,0,1,1,False,False,IOC Vision Care Clinic
ionline com internet shop,0,0,0,0,0,0,0,1,0,0,0,0,1,1,False,False,Ionline.Com Internet Shop
ip express,0,0,0,0,0,0,0,1,0,0,0,0,1,1,False,False,IP Express
ipanema satellite selling 2024,0,0,0,0,0,0,0,1,0,0,0,0,1,1,False,False,IPANEMA SATELLITE SELLING 2024
ippin si ji restaurant,0,0,0,0,0,0,0,0,1,0,0,0,1,1,False,False,IPPIN SI JI RESTAURANT
ipponyari,0,0,0,0,0,1,0,0,0,0,0,0,1,1,False,False,Ipponyari
ipro repair,0,0,0,0,0,0,0,0,1,0,0,0,1,1,False,False,IPRO REPAIR
irog,0,0,0,0,0,0,0,0,0,0,0,1,1,1,False,False,Irog
iqor,0,0,0,0,0,0,0,1,0,0,0,0,1,1,False,False,IQOR
irefresh,0,0,0,0,0,0,0,1,0,0,0,0,1,1,False,False,iRefresh
irepair,0,0,0,0,0,0,0,1,0,0,0,0,1,1,False,False,IREPAIR
irestore,0,0,1,0,0,0,0,0,0,0,0,0,1,1,False,False,Irestore
irise driving school,0,0,0,0,0,0,0,1,0,0,0,0,1,1,False,False,IRISE DRIVING SCHOOL (0960-247-6510)
irish potato,0,0,0,0,0,0,0,0,1,0,0,0,1,1,False,False,IRISH POTATO
infinix mobile,0,0,0,0,0,0,0,1,0,0,0,0,1,1,False,False,INFINIX MOBILE
infinity massage jcm exhibit depot,0,0,0,0,0,0,0,0,0,0,0,1,1,1,False,False,INFINITY MASSAGE JCM Exhibit Depot
ismart cellphone accessories & merchandising,0,0,0,0,0,0,0,1,0,0,0,0,1,1,False,False,Ismart Cellphone Accessories & Merchandising
ifixed gadget repair shop,0,0,0,0,0,0,0,0,1,0,0,0,1,1,False,False,IFIXED GADGET REPAIR SHOP
ifu,0,0,0,0,0,0,0,1,0,0,0,0,1,1,False,False,IFU
igadget world,0,0,0,0,0,0,0,0,1,0,0,0,1,1,False,False,IGADGET WORLD
igo korean mart,0,0,1,0,0,0,0,0,0,0,0,0,1,1,False,False,Igo Korean Mart
ihaw juan,0,0,0,0,0,0,0,0,1,0,0,0,1,1,False,False,IHAW JUAN
ihearbetternow 0917 794 4327,0,0,0,0,0,0,0,1,0,0,0,0,1,1,False,False,iHearBetterNow 0917-794-4327
ikarao,0,0,1,0,0,0,0,0,0,0,0,0,1,1,False,False,Ikarao
ikea,0,0,0,0,0,0,0,0,1,0,0,0,1,1,False,False,IKEA
ikea cakes & snacks,0,0,0,0,0,0,0,1,0,0,0,0,1,1,False,False,Ikea Cakes & Snacks
ikebukuro japanese resto bar,0,1,0,0,0,0,0,0,0,0,0,0,1,1,False,False,IKEBUKURO JAPANESE RESTO BAR
ikigai,0,1,0,0,0,0,0,0,0,0,0,0,1,1,False,False,IKIGAI
ikinari steak,0,0,0,0,0,0,0,0,1,0,0,0,1,1,False,False,IKINARI STEAK
ikinari steakhouse,0,0,0,0,0,0,0,1,0,0,0,0,1,1,False,False,IKINARI STEAKHOUSE
ikshava juice,0,0,1,0,0,0,0,0,0,0,0,0,1,1,False,False,Ikshava Juice
il fragranza,0,0,0,0,0,0,0,1,0,0,0,0,1,1,False,False,IL FRAGRANZA
il lupino trattoria & wine bar,0,0,0,0,0,0,0,1,0,0,0,0,1,1,False,False,IL LUPINO TRATTORIA & WINE BAR
ifixit,0,0,0,0,0,0,0,1,0,0,0,0,1,1,False,False,Ifixit
ifix migz,0,0,0,0,0,0,0,0,1,0,0,0,1,1,False,False,IFIX MIGZ
infinite mobile solutions,0,0,0,0,0,0,0,1,0,0,0,0,1,1,False,False,Infinite Mobile Solutions
ifc exchange,0,0,0,0,0,0,0,0,0,0,1,0,1,1,False,False,IFC EXCHANGE
icon 9273457826,0,0,0,0,0,0,0,1,0,0,0,0,1,1,False,False,Icon 9273457826
iconarts,0,0,0,0,1,0,0,0,0,0,0,0,1,1,False,False,Iconarts
iconique beauty,0,0,0,0,0,0,0,1,0,0,0,0,1,1,False,False,ICONIQUE BEAUTY
idara,0,0,0,0,0,1,0,0,0,0,0,0,1,1,False,False,Idara
idara aesthetics cafe,0,0,0,0,0,0,0,0,1,0,0,0,1,1,False,False,IDARA AESTHETICS CAFÉ
idea vision,0,0,0,0,0,0,0,1,0,0,0,0,1,1,False,False,Idea Vision
ideal home,0,0,0,0,0,0,0,0,1,0,0,0,1,1,False,False,IDEAL HOME
ideal siomai,0,0,1,0,0,0,0,0,0,0,0,0,1,1,False,False,Ideal Siomai
ideal vision mezzanine area,0,0,0,0,1,0,0,0,0,0,0,0,1,1,False,False,Ideal Vision / Mezzanine Area
ideal vision premier,0,0,1,0,0,0,0,0,0,0,0,0,1,1,False,False,Ideal Vision Premier
idental square,0,0,0,0,0,0,0,0,1,0,0,0,1,1,False,False,IDENTAL SQUARE
ides contemporary art,0,0,1,0,0,0,0,0,0,0,0,0,1,1,False,False,Ides Contemporary Art
ides contemporary arts,0,0,1,0,0,0,0,0,0,0,0,0,1,1,False,False,Ides Contemporary Arts
idiot sandwich,0,0,0,0,0,1,0,0,0,0,0,0,1,1,False,False,Idiot Sandwich
ie creative computers,0,0,0,0,0,0,0,0,1,0,0,0,1,1,False,False,IE CREATIVE COMPUTERS
ilahui,0,0,0,0,1,0,0,0,0,0,0,0,1,1,False,False,Ilahui
ilash,0,0,0,0,0,0,1,0,0,0,0,0,1,1,False,False,Ilash
ilash extensions,0,0,0,0,0,1,0,0,0,0,0,0,1,1,False,False,Ilash Extensions
iliberty,0,0,0,0,0,0,0,1,0,0,0,0,1,1,False,False,Iliberty
imperial appliance,0,0,0,0,1,0,0,0,0,0,0,0,1,1,False,False,Imperial Appliance
imperial dance studio,0,0,0,0,0,1,0,0,0,0,0,0,1,1,False,False,Imperial Dance Studio
imperial vet,0,0,0,0,0,0,0,1,0,0,0,0,1,1,False,False,Imperial Vet
imperial vet clinic,0,0,0,0,0,0,0,1,0,0,0,0,1,1,False,False,Imperial Vet Clinic
imprint studio,0,0,0,0,0,0,0,1,0,0,0,0,1,1,False,False,IMPRINT STUDIO
in time by strapshop,1,0,0,0,0,0,0,0,0,0,0,0,1,1,False,False,IN-TIME BY STRAPSHOP
in tune,0,0,0,0,0,0,1,0,0,0,0,0,1,1,False,False,In Tune
inari sukiyaki,0,0,0,0,0,0,0,1,0,0,0,0,1,1,False,False,INARI SUKIYAKI (9328882718)
inas pater,0,0,0,0,0,0,0,1,0,0,0,0,1,1,False,False,Ina's Pater
inasal de cebu,0,0,0,0,0,0,0,0,1,0,0,0,1,1,False,False,INASAL DE CEBU
incare,0,0,0,0,0,0,0,0,1,0,0,0,1,1,False,False,INCARE
inchrist city church,0,0,0,0,0,0,0,0,0,1,0,0,1,1,False,False,INCHRIST CITY CHURCH
indigo profiles salon,0,0,0,0,0,1,0,0,0,0,0,0,1,1,False,False,Indigo / Profiles Salon
indio,0,0,0,0,0,1,0,0,0,0,0,0,1,1,False,False,Indio
ineng s special bbq,0,0,0,0,1,0,0,0,0,0,0,0,1,1,False,False,Ineng\\\'s Special BBQ
immense food,0,0,0,0,0,1,0,0,0,0,0,0,1,1,False,False,Immense Food
imeh footwear,0,0,0,0,0,0,0,1,0,0,0,0,1,1,False,False,IMEH FOOTWEAR
ilvapore coffee house,0,0,0,0,0,0,0,1,0,0,0,0,1,1,False,False,ILVAPORE COFFEE HOUSE
iloilo bingo,0,0,0,0,0,0,0,0,1,0,0,0,1,1,False,False,ILOILO BINGO
iligan light,0,0,0,0,0,0,0,1,0,0,0,0,1,1,False,False,Iligan Light
illumina derma clinic,0,0,0,0,0,0,1,0,0,0,0,0,1,1,False,False,Illumina Derma Clinic
illy,0,0,0,0,0,0,0,1,0,0,0,0,1,1,False,False,ILLY
illy mobile phones and accessories,0,0,0,0,1,0,0,0,0,0,0,0,1,1,False,False,Illy Mobile Phones and Accessories
ilocandia blind massage 2004,0,0,0,0,0,0,0,1,0,0,0,0,1,1,False,False,ILOCANDIA BLIND MASSAGE 2004
ilocos pet clinic,0,0,0,0,0,0,0,1,0,0,0,0,1,1,False,False,Ilocos Pet Clinic
iloilo doctors clinic laboratory services,0,0,0,0,0,0,0,0,1,0,0,0,1,1,False,False,ILOILO DOCTORS CLINIC LABORATORY SERVICES
ilonggo grill,0,0,1,0,0,0,0,0,0,0,0,0,1,1,False,False,Ilonggo Grill
iloilo doctorss clinic,0,0,0,0,0,0,0,1,0,0,0,0,1,1,False,False,Iloilo Doctors's Clinic
iloilo grace pharmacy,0,0,0,0,0,0,0,1,0,0,0,0,1,1,False,False,Iloilo Grace Pharmacy
iloilo southprime,0,0,0,0,0,0,0,0,1,0,0,0,1,1,False,False,ILOILO SOUTHPRIME
iloko empanada,0,0,0,0,0,0,0,0,1,0,0,0,1,1,False,False,ILOKO EMPANADA
ilonggo express,0,0,0,0,0,0,0,1,0,0,0,0,1,1,False,False,ILONGGO EXPRESS
ilonggo express 0917 5010741,0,0,0,0,0,0,0,1,0,0,0,0,1,1,False,False,ILONGGO EXPRESS 0917-5010741
islands juice,0,0,0,0,0,0,1,0,0,0,0,0,1,1,False,False,Islands Juice
ismile dental clinc,0,0,0,0,0,0,0,0,1,0,0,0,1,1,False,False,ISMILE DENTAL CLINC
ichiba japanese market,0,0,0,0,0,1,0,0,0,0,0,0,1,1,False,False,Ichiba Japanese Market
jbc travel & tour,0,0,0,0,0,0,1,0,0,0,0,0,1,1,False,False,JBC Travel & Tour
jbm cellphone repair minigem exhibit 35,0,0,0,0,0,0,0,0,0,0,0,1,1,1,False,False,JBM Cellphone Repair (3.89 SQM) MINIGEM EXHIBIT #35
jbs tech hub,0,0,0,0,0,1,0,0,0,0,0,0,1,1,False,False,JBS Tech Hub
jc dog republic,0,0,0,0,0,1,0,0,0,0,0,0,1,1,False,False,JC Dog Republic
jcd customized printing,0,0,0,0,0,0,0,1,0,0,0,0,1,1,False,False,JCD Customized Printing
jchd enterprise,0,0,0,0,0,0,0,1,0,0,0,0,1,1,False,False,JCHD Enterprise
jcn furniture,0,0,1,0,0,0,0,0,0,0,0,0,1,1,False,False,Jcn Furniture
jco,0,0,0,0,0,0,0,1,0,0,0,0,1,1,False,False,JCO
jco donuts & coffee,0,0,0,0,0,0,0,1,0,0,0,0,1,1,False,False,JCO Donuts & Coffee
jd adam exhibit,0,0,0,0,0,0,0,0,0,0,0,1,1,1,False,False,JD ADAM Exhibit
jdb ideas home,0,0,0,0,0,0,0,1,0,0,0,0,1,1,False,False,JDB IDEAS HOME
jdg jewelries,0,0,0,0,0,0,0,1,0,0,0,0,1,1,False,False,JDG Jewelries
jdj dimsum dynasty,0,0,0,0,1,0,0,0,0,0,0,0,1,1,False,False,JDJ Dimsum Dynasty
jdm printshoppe,0,0,0,0,0,0,0,0,1,0,0,0,1,1,False,False,JDM PRINTSHOPPE
jea cellshop,0,0,0,0,0,0,0,0,0,0,1,0,1,1,False,False,Jea Cellshop
jean and jaz gallerie,0,0,0,0,0,0,1,0,0,0,0,0,1,1,False,False,Jean and Jaz Gallerie
jbl a refinery,0,1,0,0,0,0,0,0,0,0,0,0,1,1,False,False,JBL/A. REFINERY
jb music and sports,0,1,0,0,0,0,0,0,0,0,0,0,1,1,False,False,JB MUSIC AND SPORTS
japan fudo street,0,1,0,0,0,0,0,0,0,0,0,0,1,1,False,False,JAPAN FUDO STREET
jazz c,0,0,0,0,0,0,0,1,0,0,0,0,1,1,False,False,JAZZ-C
japan home jewelrich,0,0,0,0,0,0,0,0,0,0,0,1,1,1,False,False,JAPAN HOME JEWELRICH
japan homes american bazaar,0,0,0,0,0,0,0,1,0,0,0,0,1,1,False,False,JAPAN HOMES / AMERICAN BAZAAR
japan homes ca exhibit network,0,0,0,0,0,0,0,0,0,0,0,1,1,1,False,False,JAPAN HOMES CA EXHIBIT NETWORK
japanese restaurant matsunoya,0,0,0,0,0,0,0,0,1,0,0,0,1,1,False,False,JAPANESE RESTAURANT MATSUNOYA
japanglish vintage,1,0,0,0,0,0,0,0,0,0,0,0,1,1,False,False,JAPANGLISH VINTAGE
japoncom,0,0,0,0,0,0,0,0,1,0,0,0,1,1,False,False,JAPONCOM
jaro pawnshop,0,0,0,0,0,0,0,0,0,1,0,0,1,1,False,False,JARO PAWNSHOP
jaros print ventures jameron cellphone store,0,0,0,0,0,0,0,0,0,0,0,1,1,1,False,False,JARO'S PRINT VENTURES JAMERON CELLPHONE STORE
jatujak,0,0,0,0,0,0,0,0,1,0,0,0,1,1,False,False,JATUJAK
jay jays funrides 0906 308 4734,0,0,0,0,0,0,0,1,0,0,0,0,1,1,False,False,JAY JAYS FUNRIDES 0906-308-4734
jay js,0,0,0,0,0,0,1,0,0,0,0,0,1,1,False,False,Jay-j's
jaycob ihaw ihaw,0,0,0,0,0,0,0,0,1,0,0,0,1,1,False,False,JAYCOB IHAW IHAW
jayme petshop petville hotel,0,0,0,0,0,0,1,0,0,0,0,0,1,1,False,False,Jayme Petshop Petville Hotel
jayms fashion,0,0,0,0,0,0,0,1,0,0,0,0,1,1,False,False,JAYM's fashion
jayson cruz cellphone accessories sailani cellphone store & repair,0,0,0,0,0,0,0,0,0,0,0,1,1,1,False,False,JAYSON CRUZ CELLPHONE ACCESSORIES SAILANI CELLPHONE STORE & REPAIR
jeanetts,0,0,0,0,0,0,0,0,1,0,0,0,1,1,False,False,JEANETTS
jeanetts jewelry,0,1,0,0,0,0,0,0,0,0,0,0,1,1,False,False,JEANETT'S JEWELRY
jeenie,0,0,1,0,0,0,0,0,0,0,0,0,1,1,False,False,Jeenie
jeju ramyun food park,0,0,0,0,0,1,0,0,0,0,0,0,1,1,False,False,Jeju Ramyun Food Park
jetserko enterprises,0,0,0,0,0,0,0,1,0,0,0,0,1,1,False,False,JETSERKO ENTERPRISES
jetz mobile,0,0,0,0,1,0,0,0,0,0,0,0,1,1,False,False,Jetz Mobile
jeuvens bibingka,0,0,0,0,0,0,0,1,0,0,0,0,1,1,False,False,Jeuven's Bibingka
jev & jean cellphone and accessories store,0,0,0,0,0,0,0,1,0,0,0,0,1,1,False,False,Jev & Jean Cellphone And Accessories Store
jewelholic,0,0,1,0,0,0,0,0,0,0,0,0,1,1,False,False,Jewelholic
jewelmer joaillerie,0,0,0,0,0,0,0,0,1,0,0,0,1,1,False,False,JEWELMER JOAILLERIE
jewelrich princess toys and clothes,0,0,0,0,0,0,0,0,0,0,0,1,1,1,False,False,JEWELRICH PRINCESS TOYS AND CLOTHES
jewels by allison,0,1,0,0,0,0,0,0,0,0,0,0,1,1,False,False,JEWELS BY ALLISON
jewels collection,0,0,0,0,0,0,0,0,1,0,0,0,1,1,False,False,JEWELS COLLECTION
jewels cotton candy,0,0,0,0,0,0,0,1,0,0,0,0,1,1,False,False,JEWEL'S COTTON CANDY
jewels exhibit,0,0,0,0,0,0,0,0,0,0,0,1,1,1,False,False,JEWELS EXHIBIT
jewels rtw,0,0,0,0,0,0,0,0,0,0,0,1,1,1,False,False,JEWELS RTW
jewels rtw extension,0,0,0,0,0,0,0,0,0,0,0,1,1,1,False,False,JEWELS RTW EXTENSION
jezreel anonuevo,0,0,0,0,0,0,0,0,0,0,0,1,1,1,False,False,JEZREEL ANONUEVO
jf buchi bread,0,0,0,0,0,0,0,0,1,0,0,0,1,1,False,False,JF BUCHI BREAD
jethro jewelry shop,0,0,0,0,0,0,0,1,0,0,0,0,1,1,False,False,Jethro Jewelry Shop
jet speed 0922 875 2072 0933 819 1162,0,0,0,0,0,0,0,1,0,0,0,0,1,1,False,False,JET SPEED 0922-875-2072 / 0933-819-1162
jessi james nino loading station,0,0,0,0,0,0,0,1,0,0,0,0,1,1,False,False,Jessi James Nino Loading Station
jems barbers,0,0,0,0,0,0,0,1,0,0,0,0,1,1,False,False,Jem's Barbers
jeli deli pasalubong,0,1,0,0,0,0,0,0,0,0,0,0,1,1,False,False,JELI-DELI PASALUBONG
jelly skin lab,0,0,0,0,0,1,0,0,0,0,0,0,1,1,False,False,Jelly Skin Lab
jem junior hair salon,0,0,0,0,0,0,0,0,1,0,0,0,1,1,False,False,JEM JUNIOR HAIR SALON
jemfaith,0,0,0,0,0,0,0,1,0,0,0,0,1,1,False,False,Jemfaith
jems barber salon & jems junior,0,0,0,0,0,0,0,1,0,0,0,0,1,1,False,False,Jems Barber Salon & Jems Junior
jems barber salon for men & women,0,0,0,0,0,0,0,1,0,0,0,0,1,1,False,False,Jems Barber Salon For Men & Women
jenden hair studio,0,0,0,0,0,0,0,0,1,0,0,0,1,1,False,False,JENDEN HAIR STUDIO
jeruels mobile,0,0,0,0,0,0,0,0,1,0,0,0,1,1,False,False,JERUELS MOBILE
jennie,0,0,1,0,0,0,0,0,0,0,0,0,1,1,False,False,Jennie
jens pet corner,0,0,0,0,0,0,1,0,0,0,0,0,1,1,False,False,Jen's Pet Corner
jeremiah bags and accessories shop,0,0,0,0,0,0,0,1,0,0,0,0,1,1,False,False,JEREMIAH BAGS AND ACCESSORIES SHOP
jeremiah footwear & bags,0,0,0,0,0,0,0,1,0,0,0,0,1,1,False,False,Jeremiah Footwear & Bags
jeruel fonebytes,0,0,0,0,0,0,0,0,0,0,0,1,1,1,False,False,Jeruel Fonebytes
jeruel wow and fye,0,0,0,0,0,0,0,0,0,0,0,1,1,1,False,False,"JERUEL,WOW AND FYE"
japan home center,1,0,0,0,0,0,0,0,0,0,0,0,1,1,False,False,JAPAN HOME CENTER
januarys apparel,0,0,0,0,0,0,0,1,0,0,0,0,1,1,False,False,JANUARY'S APPAREL
isport,0,0,0,0,0,0,0,1,0,0,0,0,1,1,False,False,iSPORT
its a girl thing,0,0,0,0,0,0,0,1,0,0,0,0,1,1,False,False,It's A Girl Thing
ives and co 09691390522,0,0,0,0,0,0,0,1,0,0,0,0,1,1,False,False,IVES AND Co '09691390522 (NEW)
ivy lane by natural art,0,0,0,0,0,0,0,0,1,0,0,0,1,1,False,False,IVY LANE BY NATURAL ART
iwc schaffhausen,0,1,0,0,0,0,0,0,0,0,0,0,1,1,False,False,IWC SCHAFFHAUSEN
izakaya mori,0,0,0,0,0,0,1,0,0,0,0,0,1,1,False,False,Izakaya Mori
izza mawy,0,0,0,0,0,0,0,0,1,0,0,0,1,1,False,False,IZZA MAWY
j,0,0,0,0,1,0,0,0,0,0,0,0,1,1,False,False,J
j & g x gongcha,0,0,0,0,0,0,1,0,0,0,0,0,1,1,False,False,J & G x Gongcha
j & n affordabest,0,0,0,0,0,0,0,1,0,0,0,0,1,1,False,False,J & N AFFORDABEST
j and b sunrise optical clinic,0,0,0,0,0,0,0,0,1,0,0,0,1,1,False,False,J AND B SUNRISE OPTICAL CLINIC
j co,0,0,1,0,0,0,0,0,0,0,0,0,1,1,False,False,J. Co
j co donuts,0,0,0,0,0,0,0,1,0,0,0,0,1,1,False,False,J.Co Donuts
j co doughnuts,0,0,0,0,0,0,0,1,0,0,0,0,1,1,False,False,J.Co Doughnuts
j emmanuel pastries,0,0,0,0,0,0,0,1,0,0,0,0,1,1,False,False,J. Emmanuel Pastries
j fashion exhibit,0,0,0,0,0,0,0,0,0,0,0,1,1,1,False,False,J FASHION EXHIBIT
j five shoes shop,0,0,0,0,0,0,0,1,0,0,0,0,1,1,False,False,J-FIVE SHOES SHOP
itsu,1,0,0,0,0,0,0,0,0,0,0,0,1,1,False,False,ITSU
itlog on sticks,0,0,0,0,0,0,0,0,1,0,0,0,1,1,False,False,ITLOG ON STICKS
jannah cellphone & accessories,0,0,0,0,0,0,0,0,0,0,0,1,1,1,False,False,JANNAH CELLPHONE & ACCESSORIES
itels cellphone trading,1,0,0,0,0,0,0,0,0,0,0,0,1,1,False,False,ITEL'S CELLPHONE TRADING
issue,0,0,0,0,0,0,1,0,0,0,0,0,1,1,False,False,Issue
issy cosmetics,0,0,0,0,0,1,0,0,0,0,0,0,1,1,False,False,Issy Cosmetics
istore digital lifestyle retail,0,0,1,0,0,0,0,0,0,0,0,0,1,1,False,False,Istore Digital Lifestyle Retail
istudioplus,0,0,0,0,0,0,0,0,1,0,0,0,1,1,False,False,ISTUDIOPLUS
it alley,0,1,0,0,0,0,0,0,0,0,0,0,1,1,False,False,IT ALLEY
it republic,0,0,0,0,0,0,0,0,1,0,0,0,1,1,False,False,IT REPUBLIC
it serve computer,0,0,0,0,0,0,1,0,0,0,0,0,1,1,False,False,It Serve Computer
it solutions,0,0,0,0,0,0,0,1,0,0,0,0,1,1,False,False,IT SOLUTIONS
it solutions cph,0,0,0,0,0,0,0,0,1,0,0,0,1,1,False,False,IT SOLUTIONS CPH
italiannis baker & cook,0,1,0,0,0,0,0,0,0,0,0,0,1,1,False,False,ITALIANNI'S / BAKER & COOK
italiannis restaurant,0,0,0,0,0,0,0,1,0,0,0,0,1,1,False,False,Italianni’s Restaurant
itallanis,0,0,0,0,0,0,0,1,0,0,0,0,1,1,False,False,Itallani's (NEW)
italy silver,0,0,0,0,1,0,0,0,0,0,0,0,1,1,False,False,Italy Silver
italyumm,0,0,0,0,0,1,0,0,0,0,0,0,1,1,False,False,Italyumm
itech nissan,0,0,0,0,0,0,0,0,0,0,0,1,1,1,False,False,ITECH NISSAN
j king,0,1,0,0,0,0,0,0,0,0,0,0,1,1,False,False,J KING
j lindeberg,0,0,0,0,0,0,1,0,0,0,0,0,1,1,False,False,J. Lindeberg
j o lane watch store,0,0,0,0,0,0,0,0,0,0,1,0,1,1,False,False,J.O Lane Watch Store
j&a cellphone and accessories 0955 180 2147,0,0,0,0,0,0,0,1,0,0,0,0,1,1,False,False,J&A CELLPHONE AND ACCESSORIES 0955-180-2147
jaime t go scent station,0,0,0,0,0,0,0,0,0,0,0,1,1,1,False,False,JAIME T. GO SCENT STATION ( ZENZEST )
jaja s fruit shake,0,0,0,0,1,0,0,0,0,0,0,0,1,1,False,False,Jaja\'s Fruit Shake
jaliah,0,0,0,0,0,0,0,1,0,0,0,0,1,1,False,False,Jaliah
jaltan,0,0,0,0,1,0,0,0,0,0,0,0,1,1,False,False,Jaltan
jamaican pattie 9387350635,0,0,0,0,0,0,0,1,0,0,0,0,1,1,False,False,Jamaican Pattie 9387350635
jamaican pattie ii,0,0,1,0,0,0,0,0,0,0,0,0,1,1,False,False,Jamaican Pattie Ii
jameron 2,0,0,0,0,0,0,0,0,0,0,0,1,1,1,False,False,JAMERON 2
jameron 3,0,0,0,0,0,0,0,0,0,0,0,1,1,1,False,False,JAMERON 3
james i kaze cellphone accessories,0,0,0,0,0,0,0,0,1,0,0,0,1,1,False,False,JAMES I-KAZE CELLPHONE ACCESSORIES
james wright cafe,0,0,0,0,0,0,0,0,1,0,0,0,1,1,False,False,JAMES WRIGHT CAFE
jameson dress acc,0,0,0,0,0,0,0,0,0,0,0,1,1,1,False,False,JAMESON DRESS ACC.
jamican pattie,0,0,0,0,0,0,0,1,0,0,0,0,1,1,False,False,JAMICAN PATTIE
jamila aesthetics,0,0,0,0,0,0,0,0,1,0,0,0,1,1,False,False,JAMILA AESTHETICS
janicas cellphone and accessories,0,0,0,0,0,0,0,1,0,0,0,0,1,1,False,False,JANICA'S CELLPHONE AND ACCESSORIES
janina jewelries,0,0,0,0,0,0,0,1,0,0,0,0,1,1,False,False,JANINA JEWELRIES
jagb drug testing center inc,0,0,0,0,0,0,0,1,0,0,0,0,1,1,False,False,"JAGB DRUG TESTING CENTER, INC."
jafars,0,0,0,0,0,0,0,0,1,0,0,0,1,1,False,False,JAFARS
jaeger lecoultre,0,1,0,0,0,0,0,0,0,0,0,0,1,1,False,False,JAEGER-LECOULTRE
j24k,0,0,0,0,0,0,0,0,1,0,0,0,1,1,False,False,J24K
j&a cellphone shop and accessories,0,0,0,0,0,0,0,1,0,0,0,0,1,1,False,False,J&A Cellphone Shop and Accessories
j&e phonebeast,0,0,0,0,0,0,0,0,1,0,0,0,1,1,False,False,J&E PHONEBEAST
j&g chicken,0,0,0,0,0,1,0,0,0,0,0,0,1,1,False,False,J&G Chicken
j&j,0,0,0,0,0,1,0,0,0,0,0,0,1,1,False,False,J&J
j&t,0,0,0,0,0,0,1,0,0,0,0,0,1,1,False,False,J&T
j&t express,0,0,0,0,0,1,0,0,0,0,0,0,1,1,False,False,J&T Express
j4s car care services,0,0,0,0,0,0,0,0,1,0,0,0,1,1,False,False,J4S CAR CARE SERVICES
jade time watch repair,0,0,0,0,0,0,0,1,0,0,0,0,1,1,False,False,Jade Time Watch Repair
jaam house of sushi,0,0,0,0,0,0,0,0,1,0,0,0,1,1,False,False,JAAM HOUSE OF SUSHI
jacks adventure,0,0,0,0,0,0,0,1,0,0,0,0,1,1,False,False,JACK'S ADVENTURE
jacks adventures,0,0,0,0,0,0,0,1,0,0,0,0,1,1,False,False,JACKS ADVENTURES
jacobs breadnuts,0,0,0,0,0,0,0,0,1,0,0,0,1,1,False,False,JACOBS BREADNUTS
jade garden,0,1,0,0,0,0,0,0,0,0,0,0,1,1,False,False,JADE GARDEN
jade solutions & management services,0,0,0,0,0,1,0,0,0,0,0,0,1,1,False,False,Jade Solutions & Management Services
ichibang,0,0,0,0,0,0,0,1,0,0,0,0,1,1,False,False,ICHIBANG
icha bingsu dessert cafe,0,0,0,0,0,0,0,0,1,0,0,0,1,1,False,False,ICHA BINGSU DESSERT CAFE
gyu kaku,0,0,0,0,0,0,1,0,0,0,0,0,1,1,False,False,Gyu-kaku
healthcube,0,0,0,0,0,0,1,0,0,0,0,0,1,1,False,False,Healthcube
healthwaki therapy center,0,0,0,1,0,0,0,0,0,0,0,0,1,1,False,False,Healthwaki Therapy Center
healthway lab,0,0,0,0,0,0,1,0,0,0,0,0,1,1,False,False,Healthway Lab
healthway medical clinic,0,0,0,0,0,0,0,0,1,0,0,0,1,1,False,False,HEALTHWAY MEDICAL CLINIC
healthworks,0,0,0,0,0,0,0,0,0,0,1,0,1,1,False,False,Healthworks
healthy habits,0,0,0,0,0,0,0,0,1,0,0,0,1,1,False,False,HEALTHY HABITS
healthy sand,0,0,0,0,0,0,0,1,0,0,0,0,1,1,False,False,HEALTHY SAND
healthy shabu shabu prime,0,0,0,0,0,0,0,0,1,0,0,0,1,1,False,False,HEALTHY SHABU SHABU PRIME
healthy teeth clinic,0,0,0,0,0,0,0,0,1,0,0,0,1,1,False,False,HEALTHY TEETH CLINIC
hearsound,0,0,0,0,0,0,0,1,0,0,0,0,1,1,False,False,HEARSOUND
heart of wellness,0,0,0,0,0,0,0,1,0,0,0,0,1,1,False,False,Heart Of Wellness
hearts & arrow,0,0,0,0,0,0,0,1,0,0,0,0,1,1,False,False,Hearts & Arrow
hearts & arrows,0,0,0,0,0,1,0,0,0,0,0,0,1,1,False,False,Hearts & Arrows
hearts arrow,0,0,0,0,0,0,0,1,0,0,0,0,1,1,False,False,HEARTS ARROW
hearty bread,0,0,0,0,0,1,0,0,0,0,0,0,1,1,False,False,Hearty Bread
heavenly desserts,0,0,0,0,0,1,0,0,0,0,0,0,1,1,False,False,Heavenly Desserts
healthie shakes,0,0,0,0,1,0,0,0,0,0,0,0,1,1,False,False,Healthie Shakes
heal thy self,0,1,0,0,0,0,0,0,0,0,0,0,1,1,False,False,HEAL THY SELF
harpershield,0,0,0,0,0,0,0,1,0,0,0,0,1,1,False,False,Harpershield
headway barbershop salon for women,0,0,0,0,0,0,0,0,1,0,0,0,1,1,False,False,HEADWAY BARBERSHOP SALON FOR WOMEN
harte hanks,0,1,0,0,0,0,0,0,0,0,0,0,1,1,False,False,HARTE HANKS
haru photo,0,0,0,0,0,0,0,0,1,0,0,0,1,1,False,False,HARU PHOTO
haru studio,0,0,1,0,0,0,0,0,0,0,0,0,1,1,False,False,Haru Studio
harvesters,0,0,0,0,0,0,0,0,1,0,0,0,1,1,False,False,HARVESTERS
haseeb gadgets shop,0,0,0,0,0,0,0,1,0,0,0,0,1,1,False,False,Haseeb Gadgets Shop
hashtag manila,0,1,0,0,0,0,0,0,0,0,0,0,1,1,False,False,HASHTAG MANILA
hatch holistic therapy,0,0,0,0,0,0,0,0,1,0,0,0,1,1,False,False,HATCH HOLISTIC THERAPY
hatif cellphone & accessories,0,0,0,0,0,0,0,1,0,0,0,0,1,1,False,False,HATIF CELLPHONE & ACCESSORIES
havit,0,0,0,0,0,0,0,0,1,0,0,0,1,1,False,False,HAVIT
haya pearl,0,0,0,0,0,0,0,1,0,0,0,0,1,1,False,False,HAYA PEARL (OPEN)
hayashi,0,0,0,0,0,0,0,0,1,0,0,0,1,1,False,False,HAYASHI
hb cellphone accessories,0,0,0,0,0,0,0,1,0,0,0,0,1,1,False,False,HB Cellphone Accessories
hbc aslam cellphone store,0,0,0,0,0,0,0,0,0,0,0,1,1,1,False,False,HBC ASLAM CELLPHONE STORE (J-A)
hbms,0,0,0,0,0,0,0,1,0,0,0,0,1,1,False,False,HBMS
hd1 resto & sports bar,0,1,0,0,0,0,0,0,0,0,0,0,1,1,False,False,HD1 RESTO & SPORTS BAR
heavins communication services,0,0,0,0,0,0,0,1,0,0,0,0,1,1,False,False,Heavin's Communication Services
hebrews shebrews,0,0,0,0,0,1,0,0,0,0,0,0,1,1,False,False,Hebrews Shebrews
hechter,0,0,0,0,0,0,1,0,0,0,0,0,1,1,False,False,Hechter
hechter paris,0,0,0,0,0,0,0,0,1,0,0,0,1,1,False,False,HECHTER PARIS
hey bbk,0,0,0,0,0,0,0,0,1,0,0,0,1,1,False,False,HEY BBK
hey internet cafe,0,0,0,0,0,0,0,0,1,0,0,0,1,1,False,False,HEY INTERNET CAFE
hey kitchen,0,0,0,0,0,0,0,0,1,0,0,0,1,1,False,False,HEY KITCHEN
hidaya baniagas accesories tyra v food service,0,0,0,0,0,0,0,0,0,0,0,1,1,1,False,False,HIDAYA BANIAGA’S ACCESORIES TYRA V FOOD SERVICE ( SNOWPY )
high frequency phoneshop,0,0,0,0,1,0,0,0,0,0,0,0,1,1,False,False,High Frequency Phoneshop
high tech pro mobile,0,0,0,0,0,0,0,1,0,0,0,0,1,1,False,False,HIGH TECH PRO MOBILE
highlands prime steakhouse,0,0,0,0,0,0,0,0,1,0,0,0,1,1,False,False,HIGHLANDS PRIME STEAKHOUSE
hiker enterprises manjaru,0,0,0,0,0,0,0,0,0,0,0,1,1,1,False,False,HIKER ENTERPRISES / MANJARU
hikiniku to come,0,0,0,0,0,1,0,0,0,0,0,0,1,1,False,False,Hikiniku to Come
hill station bistro,0,0,0,0,0,0,0,0,1,0,0,0,1,1,False,False,HILL STATION BISTRO
hip street,0,0,0,0,0,0,0,0,1,0,0,0,1,1,False,False,HIP STREET
hipolito tuazon villanueva law offices,0,1,0,0,0,0,0,0,0,0,0,0,1,1,False,False,HIPOLITO TUAZON VILLANUEVA LAW OFFICES
hirali jewelry,0,0,0,0,0,0,0,1,0,0,0,0,1,1,False,False,Hirali Jewelry
hiro massage,0,0,1,0,0,0,0,0,0,0,0,0,1,1,False,False,Hiro Massage
hiroshi wellness,1,0,0,0,0,0,0,0,0,0,0,0,1,1,False,False,HIROSHI WELLNESS
hexihealth & general merchandise,0,0,0,0,0,0,0,0,0,0,0,1,1,1,False,False,HEXIHEALTH & GENERAL MERCHANDISE
hexi health,0,0,0,0,0,0,0,0,0,0,0,1,1,1,False,False,HEXI HEALTH
hewlett packard,0,0,0,0,0,0,0,0,1,0,0,0,1,1,False,False,HEWLETT PACKARD
helly hansen,0,1,0,0,0,0,0,0,0,0,0,0,1,1,False,False,HELLY HANSEN
helainah eyelash extension,0,0,0,0,0,0,0,1,0,0,0,0,1,1,False,False,HELAINAH EYELASH EXTENSION
helen jewelry shop,0,0,0,0,0,0,0,0,1,0,0,0,1,1,False,False,HELEN JEWELRY SHOP
helens jewelry,0,0,0,1,0,0,0,0,0,0,0,0,1,1,False,False,Helen's Jewelry
hello,0,0,0,0,0,0,0,0,1,0,0,0,1,1,False,False,HELLO
hello baby,0,0,0,1,0,0,0,0,0,0,0,0,1,1,False,False,Hello Baby
hello glasses,0,0,0,0,0,0,0,0,0,0,1,0,1,1,False,False,Hello Glasses
helping hands 0955 544 1879,0,0,0,0,0,0,0,1,0,0,0,0,1,1,False,False,THE HELPING HANDS 0955-544-1879
hermes,0,1,0,0,0,0,0,0,0,0,0,0,1,1,False,False,HERMES
hendison shoe plaza,0,0,0,0,0,0,0,0,0,0,0,1,1,1,False,False,HENDISON SHOE PLAZA
henlin mini gem metro star,0,0,0,0,0,0,0,0,0,0,0,1,1,1,False,False,HENLIN MINI GEM METRO STAR
henrich the sticky bibingka,0,0,0,0,1,0,0,0,0,0,0,0,1,1,False,False,Henrich the Sticky Bibingka
henry smartlock,0,0,0,0,0,0,0,1,0,0,0,0,1,1,False,False,HENRY SMARTLOCK
her bench,0,0,0,0,1,0,0,0,0,0,0,0,1,1,False,False,Her Bench
herbys affoodable,0,1,0,0,0,0,0,0,0,0,0,0,1,1,False,False,HERBY’S AFFOODABLE
harrys cafe,0,0,0,0,0,0,0,0,1,0,0,0,1,1,False,False,HARRY'S CAFE
harlan holden cafe,0,1,0,0,0,0,0,0,0,0,0,0,1,1,False,False,HARLAN+HOLDEN CAFE
historia art,0,0,0,0,0,0,1,0,0,0,0,0,1,1,False,False,Historia Art
hai sha general merchandise,0,0,0,1,0,0,0,0,0,0,0,0,1,1,False,False,HAI SHA GENERAL MERCHANDISE
haidilao hotpot,0,0,0,0,0,0,0,1,0,0,0,0,1,1,False,False,Haidilao Hotpot
haileys hair lounge,0,0,0,0,1,0,0,0,0,0,0,0,1,1,False,False,Haileys Hair Lounge
haim chicken,0,0,0,0,0,0,0,1,0,0,0,0,1,1,False,False,Haim Chicken
hain,0,0,0,0,0,0,0,1,0,0,0,0,1,1,False,False,HAIN
hair project salon,0,0,1,0,0,0,0,0,0,0,0,0,1,1,False,False,Hair Project Salon
hair protect salon,0,0,1,0,0,0,0,0,0,0,0,0,1,1,False,False,Hair Protect Salon
haircut encarnacion,0,0,0,0,0,0,0,0,0,0,1,0,1,1,False,False,Haircut Encarnacion
hairlab,0,0,0,0,0,0,0,0,1,0,0,0,1,1,False,False,THE HAIRLAB
hairless,0,0,0,0,0,0,0,0,1,0,0,0,1,1,False,False,HAIRLESS
hairology,0,0,0,0,1,0,0,0,0,0,0,0,1,1,False,False,Hairology
hairshaft,0,0,0,0,0,0,0,0,1,0,0,0,1,1,False,False,HAIRSHAFT
hairshaft salon,0,0,0,0,0,0,0,1,0,0,0,0,1,1,False,False,Hairshaft Salon
hairtalk,0,0,0,0,0,0,0,0,1,0,0,0,1,1,False,False,HAIRTALK
hairtalk by williard,0,0,0,0,0,0,0,1,0,0,0,0,1,1,False,False,Hairtalk by Williard
hairzone,0,1,0,0,0,0,0,0,0,0,0,0,1,1,False,False,HAIRZONE
hai sha mb beauty and wellness product trading,0,0,0,0,0,0,0,0,1,0,0,0,1,1,False,False,HAI-SHA MB BEAUTY AND WELLNESS PRODUCT TRADING
hai chix & steaks,0,0,0,0,0,0,1,0,0,0,0,0,1,1,False,False,Hai Chix & Steaks
harlan & holden,0,0,0,0,0,1,0,0,0,0,0,0,1,1,False,False,Harlan & Holden
hahn manila,1,0,0,0,0,0,0,0,0,0,0,0,1,1,False,False,HAHN MANILA
h a collection fashion shop,0,0,0,0,0,0,0,1,0,0,0,0,1,1,False,False,H.A. COLLECTION FASHION SHOP
h l accessories,0,0,0,0,0,0,0,0,1,0,0,0,1,1,False,False,H L ACCESSORIES
h&d trading,0,0,0,0,0,0,0,1,0,0,0,0,1,1,False,False,H&D Trading
h&l cellphone accessories,0,0,0,0,0,0,0,0,0,0,1,0,1,1,False,False,H&L Cellphone Accessories
h2j sales,1,0,0,0,0,0,0,0,0,0,0,0,1,1,False,False,H2J SALES (THE RED SHOP)
h2o,0,0,0,0,0,1,0,0,0,0,0,0,1,1,False,False,H2O
h2o lifesource,0,0,0,0,0,1,0,0,0,0,0,0,1,1,False,False,H2O Lifesource
h2o to go,0,0,0,0,0,0,0,0,1,0,0,0,1,1,False,False,H2O TO GO
habi at kape,0,1,0,0,0,0,0,0,0,0,0,0,1,1,False,False,HABI AT KAPE
habitual coffee,0,0,0,0,0,1,0,0,0,0,0,0,1,1,False,False,Habitual Coffee
hachiboru,0,0,0,0,0,0,0,0,1,0,0,0,1,1,False,False,HACHIBORU
hadrian,0,0,0,0,0,0,0,0,0,0,0,1,1,1,False,False,HADRIAN
haengbook korean grill house,0,0,0,0,0,0,0,1,0,0,0,0,1,1,False,False,Haengbook Korean Grill House
hagtags printing,0,0,0,0,1,0,0,0,0,0,0,0,1,1,False,False,Hagtags Printing
hagtags printing services,0,0,0,0,1,0,0,0,0,0,0,0,1,1,False,False,Hagtags Printing Services
hallo mango,0,0,0,0,0,0,0,1,0,0,0,0,1,1,False,False,HALLO MANGO
halo mobile clothing,0,0,0,0,1,0,0,0,0,0,0,0,1,1,False,False,Halo Mobile Clothing
hanako,0,0,0,0,0,0,1,0,0,0,0,0,1,1,False,False,Hanako
hanamaki,0,0,0,0,0,0,0,0,1,0,0,0,1,1,False,False,HANAMAKI
happy dough,0,0,0,0,0,0,0,0,0,0,0,1,1,1,False,False,Happy Dough
happy feet travels,0,0,0,0,0,0,0,0,1,0,0,0,1,1,False,False,HAPPY FEET TRAVELS
happy gold repair shop & goldsmith,0,0,0,0,0,0,1,0,0,0,0,0,1,1,False,False,Happy Gold Repair Shop & Goldsmith
happy hauz donut mini gem metro star,0,0,0,0,0,0,0,0,0,0,0,1,1,1,False,False,HAPPY HAUZ DONUT MINI GEM METRO STAR
happy leaf,0,0,0,0,0,0,0,1,0,0,0,0,1,1,False,False,Happy Leaf
happy paw,0,0,0,0,0,1,0,0,0,0,0,0,1,1,False,False,Happy Paw
happy pill cafe,0,0,0,0,0,0,0,1,0,0,0,0,1,1,False,False,HAPPY PILL CAFE
happy play cafe,0,0,0,0,0,0,0,1,0,0,0,0,1,1,False,False,Happy Play Cafe
happy space,0,0,0,0,0,0,0,1,0,0,0,0,1,1,False,False,HAPPY SPACE
happy takoyaki,0,0,0,1,0,0,0,0,0,0,0,0,1,1,False,False,Happy Takoyaki
happy tea pearl frappe,0,0,0,0,0,0,0,0,1,0,0,0,1,1,False,False,HAPPY TEA PEARL FRAPPE
happynest kiddie play room,0,0,0,0,0,0,1,0,0,0,0,0,1,1,False,False,Happynest Kiddie Play Room
happyride scooter rental,0,0,0,0,0,0,0,0,1,0,0,0,1,1,False,False,HAPPYRIDE SCOOTER RENTAL
happys all day breakfast cafe,0,0,0,0,0,0,0,0,1,0,0,0,1,1,False,False,HAPPYS ALL DAY BREAKFAST CAFÉ
harbour city dimsum house,0,1,0,0,0,0,0,0,0,0,0,0,1,1,False,False,HARBOUR CITY DIMSUM HOUSE
happy cone,0,0,0,0,0,0,0,1,0,0,0,0,1,1,False,False,Happy Cone
happy animal ride,0,0,0,0,0,0,0,1,0,0,0,0,1,1,False,False,HAPPY ANIMAL RIDE
happilee,0,0,1,0,0,0,0,0,0,0,0,0,1,1,False,False,Happilee
hanie abo mini gem exhibit 12,0,0,0,0,0,0,0,0,0,0,0,1,1,1,False,False,HANIE ABO ( johar pearl watch & accs. Store) MINI GEM EXHIBIT #12 ( created space # 20 )
hanamaruken,0,1,0,0,0,0,0,0,0,0,0,0,1,1,False,False,HANAMARUKEN
handaan grande,0,0,0,0,0,0,0,0,1,0,0,0,1,1,False,False,HANDAAN GRANDE
handyman 0998 8465627,0,0,0,0,0,0,0,1,0,0,0,0,1,1,False,False,Handyman 0998-8465627
handyman do it best h & m iv,0,0,0,0,0,0,0,0,0,0,0,1,1,1,False,False,Handyman Do it Best H & M IV
handyman expansion mobile box,0,0,0,0,0,0,0,0,0,0,0,1,1,1,False,False,HANDYMAN EXPANSION Mobile Box
handyman sassy and classy,0,0,0,0,0,0,0,0,0,0,0,1,1,1,False,False,HANDYMAN SASSY and CLASSY
hankki,0,0,0,0,0,0,0,1,0,0,0,0,1,1,False,False,HANKKI
hapi haus donuts,0,0,0,0,0,0,0,0,0,0,0,1,1,1,False,False,HAPI HAUS DONUTS
hannah ysabelle,0,0,0,0,0,0,0,1,0,0,0,0,1,1,False,False,HANNAH YSABELLE
hannas garden,0,0,0,0,0,0,0,1,0,0,0,0,1,1,False,False,HANNA'S GARDEN (NEW)
hao chi grill & hot pot,0,0,0,0,0,0,0,0,1,0,0,0,1,1,False,False,HAO CHI GRILL & HOT POT
hao chuan by phela grande hotel,0,0,0,0,0,0,0,0,1,0,0,0,1,1,False,False,HAO CHUAN BY PHELA GRANDE HOTEL
hao ling jewelry,0,0,0,0,0,0,0,1,0,0,0,0,1,1,False,False,Hao Ling Jewelry
hapchan rgv realty,0,0,0,0,0,0,0,0,0,0,0,1,1,1,False,False,HAPCHAN RGV Realty
his travel,0,0,0,0,0,0,0,1,0,0,0,0,1,1,False,False,HIS Travel
hit,0,0,0,0,0,0,0,1,0,0,0,0,1,1,False,False,HIT
icha 0917 675 7171,0,0,0,0,0,0,0,1,0,0,0,0,1,1,False,False,ICHA 0917-675-7171
humble market,0,1,0,0,0,0,0,0,0,0,0,0,1,1,False,False,HUMBLE MARKET
hummus us,0,0,0,0,0,1,0,0,0,0,0,0,1,1,False,False,Hummus Us
humpte dumptea by coffee and bikes,0,0,0,0,0,0,0,1,0,0,0,0,1,1,False,False,Humpte Dumptea by Coffee and Bikes
humy,0,0,0,0,0,0,0,0,1,0,0,0,1,1,False,False,HUMY
hungry box,0,0,0,0,0,0,0,1,0,0,0,0,1,1,False,False,HUNGRY BOX
hungry box 0919 923 7333,0,0,0,0,0,0,0,1,0,0,0,0,1,1,False,False,HUNGRY BOX 0919-923-7333
hungry hippo,0,0,0,0,0,0,0,0,1,0,0,0,1,1,False,False,HUNGRY HIPPO
hungry hoon,0,0,0,0,0,0,0,0,1,0,0,0,1,1,False,False,HUNGRY HOON
hunter tradition,0,0,0,0,0,0,0,0,1,0,0,0,1,1,False,False,HUNTER TRADITION
hush pupies,0,0,0,0,0,0,0,1,0,0,0,0,1,1,False,False,HUSH PUPIES
hussam middle eastern cuisine,0,0,1,0,0,0,0,0,0,0,0,0,1,1,False,False,Hussam Middle Eastern Cuisine
hycore cellphone accessories,0,0,0,0,1,0,0,0,0,0,0,0,1,1,False,False,Hycore Cellphone Accessories
hydro core water refilling station,0,0,0,0,0,0,0,0,1,0,0,0,1,1,False,False,HYDRO CORE WATER REFILLING STATION
hygea wellness center,0,0,0,0,0,0,0,0,1,0,0,0,1,1,False,False,HYGEA WELLNESS CENTER
hype 24 7 9090816189,0,0,0,0,0,0,0,1,0,0,0,0,1,1,False,False,Hype 24/7 9090816189
hyundai,0,0,0,0,0,0,0,1,0,0,0,0,1,1,False,False,HYUNDAI
humes fashion gallery lots of pizza,0,0,0,0,0,0,0,0,0,0,0,1,1,1,False,False,Humes Fashion Gallery Lot's of Pizza
hukad 0917 311 3750,0,0,0,0,0,0,0,1,0,0,0,0,1,1,False,False,HUKAD 0917-311-3750
how fun,0,0,0,0,0,0,0,0,1,0,0,0,1,1,False,False,HOW FUN
huilier jewelry,0,0,0,0,0,0,0,1,0,0,0,0,1,1,False,False,HUILIER JEWELRY
hp digital interface,0,0,0,0,1,0,0,0,0,0,0,0,1,1,False,False,HP / Digital Interface
hp solutions center,0,1,0,0,0,0,0,0,0,0,0,0,1,1,False,False,HP SOLUTIONS CENTER
hpt cell shop,0,0,0,0,1,0,0,0,0,0,0,0,1,1,False,False,HPT Cell Shop
hs,0,0,0,0,1,0,0,0,0,0,0,0,1,1,False,False,HS
hsbc,0,1,0,0,0,0,0,0,0,0,0,0,1,1,False,False,HSBC
hsbc wealth,0,1,0,0,0,0,0,0,0,0,0,0,1,1,False,False,HSBC WEALTH
hssw dental center,0,0,0,0,0,0,0,0,1,0,0,0,1,1,False,False,HSSW DENTAL CENTER
hto cellphone repair shop,0,0,0,0,0,0,0,0,0,0,1,0,1,1,False,False,HTO Cellphone Repair Shop
huawei kiosk,0,0,0,0,0,0,0,1,0,0,0,0,1,1,False,False,Huawei Kiosk
huawei v3 5,0,0,0,0,1,0,0,0,0,0,0,0,1,1,False,False,Huawei V3.5
hubsite printing center,0,0,0,0,0,0,0,1,0,0,0,0,1,1,False,False,HUBSITE PRINTING CENTER
hudson central market,0,0,0,0,0,1,0,0,0,0,0,0,1,1,False,False,Hudson Central Market
hue delight,0,0,0,0,0,0,0,1,0,0,0,0,1,1,False,False,Hue Delight
hued,0,0,0,0,0,1,0,0,0,0,0,0,1,1,False,False,Hued
hugs and mugs coffee shop mister donut,0,0,0,0,0,0,0,0,0,0,0,1,1,1,False,False,Hugs and Mugs Coffee Shop ( ORGANO CAFE ) MISTER DONUT
hyundai city store,0,0,0,0,0,0,0,1,0,0,0,0,1,1,False,False,HYUNDAI CITY STORE
hyundai commonwealth,0,0,0,0,0,0,0,0,1,0,0,0,1,1,False,False,HYUNDAI COMMONWEALTH
i heart yogurt,0,0,0,0,0,0,0,1,0,0,0,0,1,1,False,False,I Heart Yogurt
i lash,0,0,0,0,0,0,0,0,1,0,0,0,1,1,False,False,I-LASH
ibeautified beauty lounge kid co,0,0,0,0,0,0,1,0,0,0,0,0,1,1,False,False,Ibeautified Beauty Lounge / Kid Co
ibenzvel salon,0,0,0,0,0,0,0,0,0,0,0,1,1,1,False,False,IBENZVEL SALON
ibloom massage chair,0,0,0,0,0,0,0,1,0,0,0,0,1,1,False,False,Ibloom Massage Chair
ibook,0,0,0,0,0,0,0,0,1,0,0,0,1,1,False,False,IBOOK
icase,0,0,0,0,0,0,0,1,0,0,0,0,1,1,False,False,iCASE
ice & swirls,0,0,0,0,0,0,0,1,0,0,0,0,1,1,False,False,ICE & SWIRLS
ice bergs,0,0,0,0,0,1,0,0,0,0,0,0,1,1,False,False,Ice Bergs
ice cream & donut house r lapids chicharon,0,0,0,0,0,0,0,0,0,0,0,1,1,1,False,False,ICE CREAM & DONUT HOUSE R.LAPID'S CHICHARON
ice cream house,0,0,0,0,0,0,0,0,0,0,0,1,1,1,False,False,ICE CREAM HOUSE
ice cream house cocais food stall sbma shawarma,0,0,0,0,0,0,0,0,0,0,0,1,1,1,False,False,ICE CREAM HOUSE COCAI’S FOOD STALL/ SBMA SHAWARMA
ice kingdom,0,0,0,0,0,0,0,1,0,0,0,0,1,1,False,False,Ice Kingdom
ice print,0,0,0,0,0,0,0,0,1,0,0,0,1,1,False,False,ICE PRINT
ice queen,0,0,0,0,0,0,0,1,0,0,0,0,1,1,False,False,ICE QUEEN
icetag cafe,0,0,0,0,0,0,0,0,1,0,0,0,1,1,False,False,ICETAG CAFÉ
icha,0,0,0,0,0,0,0,1,0,0,0,0,1,1,False,False,ICHA
ibays silver,0,0,0,0,0,0,0,1,0,0,0,0,1,1,False,False,Ibay's Silver
ian dary,0,0,0,0,0,0,0,1,0,0,0,0,1,1,False,False,Ian Dary
ian darcy perfume,0,0,0,0,0,0,0,1,0,0,0,0,1,1,False,False,IAN DARCY PERFUME
i wacth,0,0,0,0,0,0,0,1,0,0,0,0,1,1,False,False,I-WACTH
i love baking,0,0,0,0,0,0,0,0,1,0,0,0,1,1,False,False,I LOVE BAKING
i love milktea,0,0,0,0,0,0,0,1,0,0,0,0,1,1,False,False,I Love Milktea
i ngco,0,0,0,0,0,0,0,0,1,0,0,0,1,1,False,False,I NGCO
i parcel,0,0,0,0,0,0,0,0,1,0,0,0,1,1,False,False,I PARCEL
i refresh massage,0,0,0,0,0,0,0,1,0,0,0,0,1,1,False,False,I-Refresh Massage
i slim and skin aesthetic center,0,0,0,0,0,0,0,0,1,0,0,0,1,1,False,False,I-SLIM AND SKIN AESTHETIC CENTER
i2i incorporated,0,0,0,0,0,0,0,0,0,1,0,0,1,1,False,False,I2I INCORPORATED
ian darcy oil rich fragrance collection,0,0,0,0,0,0,0,1,0,0,0,0,1,1,False,False,Ian Darcy Oil Rich Fragrance Collection
iams kitchen bar,0,0,0,0,0,0,0,0,1,0,0,0,1,1,False,False,IAMS KITCHEN BAR
ian darcey,0,0,0,0,0,0,0,1,0,0,0,0,1,1,False,False,ian Darcey
ian darcy 9176216444,0,0,0,0,0,0,0,1,0,0,0,0,1,1,False,False,Ian Darcy 9176216444
ian darcy 9176263352,0,0,0,0,0,0,0,1,0,0,0,0,1,1,False,False,IAN DARCY 9176263352
ian darcy 9230870741,0,0,0,0,0,0,0,1,0,0,0,0,1,1,False,False,Ian Darcy 9230870741
ian darcy fragrance,0,0,0,0,0,0,0,1,0,0,0,0,1,1,False,False,Ian Darcy Fragrance
hoy house of yogurt lover,0,0,0,0,0,0,0,0,1,0,0,0,1,1,False,False,HOY HOUSE OF YOGURT LOVER
house of wagyu,0,0,0,0,0,1,0,0,0,0,0,0,1,1,False,False,House Of Wagyu
hive,0,1,0,0,0,0,0,0,0,0,0,0,1,1,False,False,HIVE
hollywood spectacles,0,0,0,0,0,0,0,1,0,0,0,0,1,1,False,False,Hollywood Spectacles
holy halo,0,0,0,0,0,0,0,1,0,0,0,0,1,1,False,False,Holy Halo
hom thai food,0,0,0,0,0,0,0,0,1,0,0,0,1,1,False,False,HOM THAI FOOD
home and beyond,0,0,0,0,0,0,0,1,0,0,0,0,1,1,False,False,HOME AND BEYOND
home bazaar,0,0,1,0,0,0,0,0,0,0,0,0,1,1,False,False,Home Bazaar
homebakers,0,0,0,0,0,0,0,0,1,0,0,0,1,1,False,False,HOMEBAKERS
homecity,0,0,0,0,0,0,0,0,0,1,0,0,1,1,False,False,HOMECITY
homerong,0,0,0,0,0,0,0,0,1,0,0,0,1,1,False,False,HOMERONG
homesitte shawarma,0,1,0,0,0,0,0,0,0,0,0,0,1,1,False,False,HOMESITTE SHAWARMA
homestar appliances,0,0,0,0,0,0,0,0,0,1,0,0,1,1,False,False,HOMESTAR APPLIANCES
homeworks iguanas,0,0,0,0,0,0,0,0,0,0,0,1,1,1,False,False,HOMEWORKS IGUANAS
honey b s,0,0,0,0,1,0,0,0,0,0,0,0,1,1,False,False,Honey B\'s
honey bakes cafe,0,0,0,0,0,0,0,0,1,0,0,0,1,1,False,False,HONEY BAKES CAFE
honey bs sweets and crafts,0,0,0,0,0,0,0,1,0,0,0,0,1,1,False,False,HONEY B'S SWEETS AND CRAFTS
honey bunch,0,0,0,0,0,0,0,1,0,0,0,0,1,1,False,False,Honey Bunch
honeybon,0,0,1,0,0,0,0,0,0,0,0,0,1,1,False,False,Honeybon
holy cow,0,0,0,0,0,0,0,0,1,0,0,0,1,1,False,False,HOLY COW
hollywood diva,0,0,0,0,0,0,0,1,0,0,0,0,1,1,False,False,Hollywood Diva
house of vigan empanada 0948 470 7906,0,0,0,0,0,0,0,1,0,0,0,0,1,1,False,False,HOUSE OF VIGAN EMPANADA 0948-470-7906
holland tulips,0,0,0,0,0,0,0,0,1,0,0,0,1,1,False,False,HOLLAND TULIPS
hizons cakes & pastries,0,0,0,0,0,0,0,1,0,0,0,0,1,1,False,False,Hizon's Cakes & Pastries
hj abragan,0,0,0,0,0,0,0,1,0,0,0,0,1,1,False,False,HJ Abragan
hj textile,0,0,0,0,0,0,0,1,0,0,0,0,1,1,False,False,HJ TEXTILE
hk fried noodle,0,0,0,0,0,0,0,1,0,0,0,0,1,1,False,False,HK Fried Noodle
hk fried noodles,0,0,0,1,0,0,0,0,0,0,0,0,1,1,False,False,HK FRIED NOODLES
hlo drug testing,0,0,0,0,0,0,0,1,0,0,0,0,1,1,False,False,Hlo Drug Testing
hlo drugtesting laboratory,0,0,0,0,0,0,0,1,0,0,0,0,1,1,False,False,HLO Drugtesting Laboratory
hm,0,0,0,0,0,0,0,0,1,0,0,0,1,1,False,False,HM
hob,0,0,0,0,0,0,1,0,0,0,0,0,1,1,False,False,HOB
hobby korner,0,0,0,0,0,0,1,0,0,0,0,0,1,1,False,False,Hobby Korner
hobby nook,0,0,0,0,0,0,1,0,0,0,0,0,1,1,False,False,Hobby Nook
hobing cafe,0,0,0,0,0,1,0,0,0,0,0,0,1,1,False,False,Hobing Cafe
hoco 9052566689,0,0,0,0,0,0,0,1,0,0,0,0,1,1,False,False,Hoco 9052566689
holimar jewelry,0,1,0,0,0,0,0,0,0,0,0,0,1,1,False,False,HOLIMAR JEWELRY
holland park booth,0,0,0,0,0,1,0,0,0,0,0,0,1,1,False,False,Holland Park Booth
hong kong hardware,0,0,0,0,0,0,1,0,0,0,0,0,1,1,False,False,Hong Kong Hardware
hong kong kitchen,0,0,0,0,0,0,0,1,0,0,0,0,1,1,False,False,Hong Kong Kitchen
hong kong style,0,0,0,0,0,0,0,0,0,0,0,1,1,1,False,False,HONG KONG STYLE
hong kong style noodle,0,0,0,0,0,0,0,1,0,0,0,0,1,1,False,False,HONG KONG STYLE NOODLE
hotpoint of sale marketing,0,0,0,0,0,0,0,1,0,0,0,0,1,1,False,False,Hotpoint Of Sale Marketing
hottie fashion,0,0,0,0,0,0,0,1,0,0,0,0,1,1,False,False,Hottie Fashion
hour glass,0,0,0,0,0,0,0,0,1,0,0,0,1,1,False,False,HOUR GLASS
house of desserts 9925117716,0,0,0,0,0,0,0,1,0,0,0,0,1,1,False,False,House Of Desserts 9925117716
house of frappe,0,0,0,0,0,0,0,0,1,0,0,0,1,1,False,False,HOUSE OF FRAPPE
house of fries,0,0,0,0,0,0,0,1,0,0,0,0,1,1,False,False,HOUSE OF FRIES
house of lasagna,0,0,1,0,0,0,0,0,0,0,0,0,1,1,False,False,House Of Lasagna
house of lasagna by chef erick congmon,0,0,0,0,0,0,0,0,1,0,0,0,1,1,False,False,HOUSE OF LASAGNA BY CHEF ERICK CONGMON
house of lechon,0,0,0,0,0,0,0,0,1,0,0,0,1,1,False,False,HOUSE OF LECHON
house of minis,0,0,0,0,0,0,1,0,0,0,0,0,1,1,False,False,House Of Minis
house of oppa,0,0,1,0,0,0,0,0,0,0,0,0,1,1,False,False,House Of Oppa
house of polvoron,0,1,0,0,0,0,0,0,0,0,0,0,1,1,False,False,HOUSE OF POLVORON
house of rolls,0,0,0,0,0,0,0,0,1,0,0,0,1,1,False,False,HOUSE OF ROLLS
house of samsonite,0,0,0,0,0,0,0,0,1,0,0,0,1,1,False,False,HOUSE OF SAMSONITE
house of taho by taho atbp,0,0,0,0,0,0,0,0,1,0,0,0,1,1,False,False,HOUSE OF TAHO BY TAHO ATBP
hotdog express,0,0,0,0,1,0,0,0,0,0,0,0,1,1,False,False,Hotdog Express
hotdog empire,0,0,0,0,1,0,0,0,0,0,0,0,1,1,False,False,Hotdog Empire
hotdog all dway,0,0,0,0,0,0,0,1,0,0,0,0,1,1,False,False,HOTDOG ALL D'WAY
honor kiosk,0,0,0,0,0,0,0,1,0,0,0,0,1,1,False,False,HONOR KIOSK
hongkong fried noodles minigem,0,0,0,0,0,0,0,0,0,0,0,1,1,1,False,False,HONGKONG FRIED NOODLES MINIGEM (#48)
hongkong style noodles and dimsum,0,0,0,0,0,0,0,1,0,0,0,0,1,1,False,False,Hongkong Style Noodles and Dimsum
honolulu cafe,0,1,0,0,0,0,0,0,0,0,0,0,1,1,False,False,HONOLULU CAFÉ
honolulu hk bakery cafe,0,0,0,0,0,0,0,0,1,0,0,0,1,1,False,False,HONOLULU HK BAKERY CAFE
honolulu hk cafe,0,0,0,0,0,0,0,1,0,0,0,0,1,1,False,False,Honolulu Hk Cafe
honor concept store,0,0,0,0,0,0,0,1,0,0,0,0,1,1,False,False,HONOR CONCEPT STORE
hooga,0,0,0,0,0,1,0,0,0,0,0,0,1,1,False,False,Hooga
hot star dakasi,0,0,1,0,0,0,0,0,0,0,0,0,1,1,False,False,Hot Star / Dakasi
hook bcd,0,0,0,0,0,0,0,0,1,0,0,0,1,1,False,False,THE HOOK BCD
horologist,0,0,0,0,0,0,1,0,0,0,0,0,1,1,False,False,The Horologist
hoseki,0,0,0,0,0,0,0,0,1,0,0,0,1,1,False,False,HOSEKI
hoshino,0,0,0,0,0,0,0,1,0,0,0,0,1,1,False,False,HOSHINO
hossein,0,1,0,0,0,0,0,0,0,0,0,0,1,1,False,False,HOSSEIN
hot potato,0,0,0,0,0,0,0,0,1,0,0,0,1,1,False,False,HOT POTATO
zyx katsumaki,0,0,0,0,0,0,0,1,0,0,0,0,1,1,False,False,Zyx Katsumaki
