brand_key,display_name,chain,mall_id,mall_name,region
verve,VERVE,sm,sm-city-iloilo,SM City Iloilo,visayas
optimo global,Optimo Global,filinvest,festival-mall,Festival Mall,metro-manila
pet zafari,Pet Zafari,gmall,gmall-of-davao,GMall of Davao,mindanao
vertext handyphones,VERTEXT HANDYPHONES,sm,sm-city-laoag,SM City Laoag,north-luzon
toris buco corner,TORIS BUCO CORNER,sm,sm-city-butuan,SM City Butuan,mindanao
penshoppe hexi health,PENSHOPPE HEXI HEALTH,xentro,xentro-mall-lemery,XentroMall Lemery,
urban tech,Urban Tech,robinsons,robinsons-imus,Robinsons Place Imus,south-luzon
pentagon dental,Pentagon Dental,robinsons,robinsons-galleria-cebu,Robinsons Galleria Cebu,visayas
urban pawz,URBAN PAWZ,sm,smdc-fame-mall,SMDC Fame Mall,smdc
oil paint store,THE OIL PAINT STORE,araneta,ali-mall,Ali Mall,metro-manila
options studios,Options Studios,megaworld,uptown-mall,Uptown Mall,
options boutique,Options Boutique,megaworld,festive-walk-mall-iloilo,Festive Walk Mall,
urbidontics,URBIDONTICS,ayala,ayala-abreeza,Abreeza,mindanao
oishi maki,Oishi Maki,waltermart,candelaria,WalterMart Candelaria,south-luzon
oraderm care clinic,Oraderm Care Clinic,megaworld,clubhouse-temple-drive,The Clubhouse at Temple Drive,
oishi manju,Oishi Manju,gmall,gmall-of-davao,GMall of Davao,mindanao
very important pets,Very Important Pets,megaworld,alabang-west-parade,Alabang West Parade,
opulence cafe,Opulence Cafe,ortigas,greenhills,Greenhills,metro-manila
optimum skin,Optimum Skin,megaworld,arcovia-city,Arcovia City,
urban seoul,Urban Seoul,megaworld,alabang-west-parade,Alabang West Parade,
toni and guy,TONI AND GUY,ayala,ayala-trinoma,Trinoma,metro-manila
toni guy,TONI GUY,sm,sm-aura,SM Aura,metro-manila
us polo,US Polo,gmall,gmall-of-davao,GMall of Davao,mindanao
optika vision,Optika Vision,gmall,gmall-of-tagum,GMall of Tagum,mindanao
perene cakes and pastries,PERENE CAKES AND PASTRIES,robinsons,robinsons-antipolo,Robinsons Place Antipolo,metro-manila
peppermint 9352438904,Peppermint 9352438904,robinsons,robinsons-magnolia,Robinsons Magnolia,metro-manila
tonkatsu aoki,Tonkatsu Aoki,megaworld,lucky-chinatown-imperial-wing,Lucky Chinatown - Imperial Wing,
ojo signature & kids,Ojo Signature & Kids,filinvest,festival-mall,Festival Mall,metro-manila
pera mpc,Pera MPC,robinsons,robinsons-valencia,Robinsons Place Valencia,mindanao
versus barcade,Versus Barcade,megaworld,uptown-parade,Uptown Parade,
utharo san,UTHARO SAN,robinsons,robinsons-gentrias,Robinsons Place Gen. Trias,south-luzon
topnet enterprise,TOPNET ENTERPRISE,sm,sm-megamall,SM Megamall,metro-manila
vertext,Vertext,robinsons,robinsons-ilocos,Robinsons Place Ilocos,north-luzon
ok bob,"OK, BOB",sm,sm-mall-of-asia,SM Mall of Asia,metro-manila
tophealth medical clinics part of keralty clinics,TOPHEALTH MEDICAL CLINICS PART OF KERALTY CLINICS,sm,sm-city-san-lazaro,SM City San Lazaro,metro-manila
oppo safariphone,Oppo/Safariphone,robinsons,robinsons-iligan,Robinsons Place Iligan,mindanao
oppo premium,Oppo Premium,gmall,gmall-of-davao,GMall of Davao,mindanao
oppo play telecom,Oppo/Play Telecom,robinsons,robinsons-iloilo,Robinsons Place Iloilo,visayas
okonomi takoyaki,OKONOMI TAKOYAKI,robinsons,robinsons-las-pinas,Robinsons Place Las Pinas,metro-manila
topokis,TOPOKIS,sm,sm-city-rosario,SM City Rosario,south-luzon
ussc western union before,USSC -Western Union Before,robinsons,robinsons-tacloban,Robinsons Place Tacloban,visayas
topokkiman,TOPOKKIMAN,sm,sm-city-consolacion,SM City Consolacion,visayas
ussc western union,USSC / Western Union,gmall,gmall-of-digos,GMall of Digos,mindanao
optical house,Optical House,robinsons,robinsons-palawan,Robinsons Place Palawan,south-luzon
toppoki man,TOPPOKI MAN,ayala,ayala-malls-central-bloc,Ayala Malls Central Bloc,visayas
optical shop,THE OPTICAL SHOP,sm,sm-city-iloilo,SM City Iloilo,visayas
tops sizzling,TOPS SIZZLING,sm,sm-city-trece-martires,SM City Trece Martires,south-luzon
pet spot supplies and grooming center,PET SPOT SUPPLIES AND GROOMING CENTER,sm,sm-city-sorsogon,SM City Sorsogon,south-luzon
pepd pampanga,PEPD PAMPANGA,sm,sm-city-pampanga,SM City Pampanga,north-luzon
penshoppe beauche,PENSHOPPE Beauche,xentro,xentro-mall-calapan,XentroMall Calapan,
ursabia dance studio,URSABIA DANCE STUDIO,ayala,ayala-marikina,Ayala Malls Marikina,metro-manila
peoples palace,PEOPLE'S PALACE,ayala,ayala-greenbelt,Greenbelt,metro-manila
urod barber shop,UROD BARBER SHOP,robinsons,robinsons-starmills,Robinsons Starmills,north-luzon
peoples champorado,People's Champorado,robinsons,robinsons-malolos,Robinsons Place Malolos,north-luzon
opticians by george,THE OPTICIANS BY GEORGE,ayala,ayala-solenad,Ayala Malls Nuvali,south-luzon
torimomo,Torimomo,robinsons,robinsons-manila,Robinsons Place Manila,metro-manila
ohtako takoyaki,Ohtako Takoyaki,filinvest,fora,Fora Mall,south-luzon
orange karenderia,ORANGE KARENDERIA,sm,sm-city-cebu,SM City Cebu,visayas
tortosa organic farm,TORTOSA ORGANIC FARM,ayala,ayala-capitol-central,Ayala Malls Capitol Central,visayas
orlina dental clinic,ORLINA DENTAL CLINIC,waltermart,taytay,WalterMart Taytay,metro-manila
totongs delicacies,TOTONG’S DELICACIES,ayala,ayala-capitol-central,Ayala Malls Capitol Central,visayas
oro china premier,ORO CHINA PREMIER,sm,sm-jmall,SM J Mall,visayas
uno department store jesus is best siomai house,UNO DEPARTMENT STORE JESUS IS BEST SIOMAI HOUSE,xentro,tanay-town-center,Tanay Town Center,
pedro the grocer,Pedro the Grocer,megaworld,alabang-west-parade,Alabang West Parade,
victoria farms,VICTORIA FARMS,ayala,ayala-solenad,Ayala Malls Nuvali,south-luzon
ormocnet,Ormocnet,robinsons,robinsons-ormoc,Robinsons Place Ormoc,visayas
totobits streat food stall,TOTOBITS STREAT FOOD STALL,sm,sm-city-clark,SM City Clark,north-luzon
oris,Oris,araneta,gateway-mall-2,Gateway Mall 2,metro-manila
toni & sergio,Toni & Sergio,megaworld,venice-grand-canal-mall,Venice Grand Canal Mall,
uno departmetn store minigem exhibit 37,UNO DEPARTMETN STORE MINIGEM EXHIBIT # 37 (STAIRWAY 1),xentro,montalban-town-center,Montalban Town Center,
peking garden,PEKING GARDEN,ayala,ayala-greenbelt,Greenbelt,metro-manila
petite graine preschool,Petite Graine Preschool,megaworld,eastwood-cyber-mall,Eastwood Cyber Mall,
vicaria,Vicaria,ortigas,greenhills,Greenhills,metro-manila
oh my goodies,Oh My Goodies!,fishermall,malabon,Fisher Mall Malabon,metro-manila
uno departmetn store minigem exhibit 39,UNO DEPARTMETN STORE MINIGEM EXHIBIT #39,xentro,montalban-town-center,Montalban Town Center,
uno dept store,Uno Dept. Store,xentro,xentro-mall-tumauini,XentroMall Tumauini,
uno department store,UNO DEPARTMENT STORE,xentro,ab-central,Ab Central,
pedro pen buko,Pedro Pen Buko,gmall,gmall-of-digos,GMall of Digos,mindanao
tory burch,TORY BURCH,ayala,ayala-greenbelt,Greenbelt,metro-manila
oro saudi gold,ORO SAUDI GOLD,robinsons,robinsons-valencia,Robinsons Place Valencia,mindanao
universal storefront services corp,UNIVERSAL STOREFRONT SERVICES CORP.,xentro,ab-central,Ab Central,
victorious event organizer,VICTORIOUS EVENT ORGANIZER,xentro,ab-central,Ab Central,
orocher jewellery store,OROCHER JEWELLERY STORE,sm,sm-city-north-edsa,SM City North Edsa,metro-manila
oro talia,Oro Talia,robinsons,robinsons-iligan,Robinsons Place Iligan,mindanao
oro shawarma rice company,ORO SHAWARMA RICE COMPANY,ayala,ayala-centrio,Centrio Mall,mindanao
oro shawarma,Oro Shawarma,robinsons,robinsons-cagayan-de-oro,Robinsons Cagayan de Oro,mindanao
victorias secret,VICTORIAS SECRET,sm,sm-megamall,SM Megamall,metro-manila
oro italia jewelry shop,Oro Italia Jewelry Shop,gmall,gmall-of-davao,GMall of Davao,mindanao
totu,TOTU,sm,sm-city-cebu,SM City Cebu,visayas
unlimited manila,UNLIMITED MANILA (9262228122),robinsons,robinsons-magnolia,Robinsons Magnolia,metro-manila
unlimted laundry services,UNLIMTED LAUNDRY SERVICES,sm,smdc-fame-mall,SMDC Fame Mall,smdc
unnie manju,UNNIE MANJU,robinsons,robinsons-iligan,Robinsons Place Iligan,mindanao
uno adventure & holidays,Uno  Adventure & Holidays,megaworld,festive-walk-mall-iloilo,Festive Walk Mall,
oro gold,Oro Gold,gmall,gmall-of-davao,GMall of Davao,mindanao
victoria semi permanent makeup & beauty spa,VICTORIA SEMI PERMANENT MAKEUP & BEAUTY SPA,ayala,ayala-solenad,Ayala Malls Nuvali,south-luzon
oh holiday apothecary,OH HOLIDAY APOTHECARY,sm,s-maison,S Maison,metro-manila
toto kaloys bibingka,Toto Kaloy's Bibingka,robinsons,robinsons-iloilo,Robinsons Place Iloilo,visayas
uno factory outlet passage way,UNO FACTORY OUTLET PASSAGE WAY,xentro,xentro-mall-roxas,XentroMall Roxas,
original biscocho haus kiosk,Original Biscocho Haus Kiosk,robinsons,robinsons-iloilo,Robinsons Place Iloilo,visayas
orbitz pearl shake mini gem exhibit 12,ORBITZ PEARL SHAKE MINI GEM EXHIBIT #12( FC created space # 9 ),xentro,montalban-town-center,Montalban Town Center,
oriental art home,ORIENTAL ART HOME,ayala,ayala-glorietta,Glorietta,metro-manila
vets in practice,Vets In Practice,megaworld,mckinley-west,McKinley West,
peter john arts,PETER JOHN ARTS,sm,sm-city-urdaneta-central,SM City Urdaneta Central,north-luzon
organiko beverage shop,ORGANIKO BEVERAGE SHOP,sm,sm-city-fairview,SM City Fairview,metro-manila
organail organic nail lounge spa,ORGANAIL ORGANIC NAIL LOUNGE SPA,sm,sm-cherry-shaw,SM Center Shaw,metro-manila
orells banana thins,ORELLS BANANA THINS,sm,sm-megamall,SM Megamall,metro-manila
penongs barbecue seafoods and grill,PENONGS BARBECUE SEAFOODS AND GRILL,sm,sm-city-butuan,SM City Butuan,mindanao
orbisos buko shake and juice center,ORBISOS BUKO SHAKE AND JUICE CENTER,sm,sm-city-baliwag,SM City Baliwag,north-luzon
uno lifestyle cafe,UNO LIFESTYLE CAFÉ,sm,sm-city-roxas,SM City Roxas,visayas
orange tea,Orange Tea,filinvest,festival-mall,Festival Mall,metro-manila
vespa,VESPA,sm,sm-mall-of-asia,SM Mall of Asia,metro-manila
oppo 9367318614,OPPO 9367318614 (OPEN),robinsons,robinsons-dumaguete,Robinsons Place Dumaguete,visayas
orange factorie,ORANGE FACTORIE,ayala,ayala-marikina,Ayala Malls Marikina,metro-manila
oh waffles & crepes,OH! WAFFLES & CREPES,robinsons,robinsons-pagadian,Robinsons Pagadian,mindanao
urban concept,Urban Concept,robinsons,robinsons-novaliches,Robinsons Novaliches,metro-manila
petco,PETCO,sm,sm-city-davao,SM City Davao,mindanao
oh tanghulu,OH TANGHULU,sm,sm-city-novaliches,SM City Novaliches,metro-manila
tosh,TOSH,robinsons,robinsons-antipolo,Robinsons Place Antipolo,metro-manila
oriental treasures,ORIENTAL TREASURES,ayala,ayala-pavilion,Pavilion Mall,south-luzon
uptown cinemas snackbar,Uptown Cinemas - Snackbar,megaworld,uptown-mall,Uptown Mall,
upcycle manila,Upcycle Manila,ortigas,estancia,Estancia,metro-manila
vibes massage edilberto san diego food cart,VIBES MASSAGE EDILBERTO SAN DIEGO FOOD CART,xentro,montalban-town-center,Montalban Town Center,
penguin,Penguin,robinsons,robinsons-manila,Robinsons Place Manila,metro-manila
vibes massage 0933 862 4925,VIBES MASSAGE 0933-862-4925 (NEW),robinsons,robinsons-angeles,Robinsons Angeles,north-luzon
penn & paengs kakanin,PENN & PAENG'S KAKANIN,robinsons,galleria-south,Robinsons Galleria South,south-luzon
vibes masage ca exhibits,VIBES MASAGE CA EXHIBITS ( PROPERTY PRO ),xentro,montalban-town-center,Montalban Town Center,
original bakery,ORIGINAL BAKERY,sm,sm-city-north-edsa,SM City North Edsa,metro-manila
toshiba,Toshiba,gmall,gmall-of-davao,GMall of Davao,mindanao
original all american,Original All American,robinsons,robinsons-magnolia,Robinsons Magnolia,metro-manila
viande,Viande,ortigas,the-strip,The Strip,metro-manila
originails,ORIGINAILS,ayala,ayala-harbor-point,Harbor Point,north-luzon
petes place,Pete's Place,sm,sm-by-the-bay,SM By the Bay,metro-manila
vgc pet grooming,VGC Pet Grooming,robinsons,robinsons-novaliches,Robinsons Novaliches,metro-manila
uppercuts barbershop,UPPERCUTS BARBERSHOP,sm,sm-city-consolacion,SM City Consolacion,visayas
uptown cinemas,Uptown Cinemas,megaworld,uptown-mall,Uptown Mall,
oppo kiosk,OPPO KIOSK,araneta,farmers-plaza,Farmers Plaza,metro-manila
perfect scoop,THE PERFECT SCOOP,sm,sm-city-olongapo-central,SM City Olongapo Central,north-luzon
perfect image,Perfect Image,robinsons,robinsons-gen-san,Robinsons Place GenSan,mindanao
on stage,ON STAGE,araneta,farmers-plaza,Farmers Plaza,metro-manila
vapor station,VAPOR STATION,ayala,ayala-pavilion,Pavilion Mall,south-luzon
varacco,VARACCO,sm,sm-city-north-edsa,SM City North Edsa,metro-manila
venice creation,VENICE CREATION,ayala,ayala-market-market,Market! Market!,metro-manila
tooth welcare,Tooth Welcare,gmall,gmall-of-davao,GMall of Davao,mindanao
tooth spa dental clinic,Tooth Spa Dental Clinic,robinsons,robinsons-north-tacloban,Robinsons North Tacloban,visayas
tooth saver avenue dental clinic co,Tooth Saver Avenue Dental Clinic Co.,robinsons,galleria-south,Robinsons Galleria South,south-luzon
peri peri charcoal chiken & sauce bar,Peri-peri Charcoal Chiken & Sauce Bar,fishermall,malabon,Fisher Mall Malabon,metro-manila
varda flame grill,VARDA FLAME GRILL,starmall,san-jose-del-monte,Starmall San Jose del Monte,north-luzon
tool box,Tool Box,robinsons,robinsons-gentrias,Robinsons Place Gen. Trias,south-luzon
vault card shop,VAULT CARD SHOP,ayala,ayala-circuit,Ayala Malls Circuit,metro-manila
on,ON,sm,sm-city-north-edsa,SM City North Edsa,metro-manila
vavavoom,VAVAVOOM,ayala,ayala-market-market,Market! Market!,metro-manila
perk up coffee,Perk Up Coffee,robinsons,robinsons-jaro,Robinsons Place Jaro,visayas
vaxcen bakuna center,VAXCEN BAKUNA CENTER,sm,sm-megamall,SM Megamall,metro-manila
omotenashi ramen restaurant,OMOTENASHI RAMEN RESTAURANT,ayala,ayala-capitol-central,Ayala Malls Capitol Central,visayas
perpetual help community cooperative,PERPETUAL HELP COMMUNITY COOPERATIVE,robinsons,robinsons-dumaguete,Robinsons Place Dumaguete,visayas
vape warehouse,Vape Warehouse,megaworld,eastwood-city-walk,Eastwood City Walk,
on stage school for the arts,ON STAGE SCHOOL FOR THE ARTS,robinsons,robinsons-angeles,Robinsons Angeles,north-luzon
versaphone,Versaphone,robinsons,robinsons-ilocos,Robinsons Place Ilocos,north-luzon
tooth welcare dental clinic,Tooth Welcare Dental Clinic,gmall,gmall-of-toril,GMall of Toril,mindanao
one up,One Up (World Balance),robinsons,robinsons-dasmarinas,Robinsons Place Dasmarinas,south-luzon
venoyfe,Venoyfe,filinvest,festival-mall,Festival Mall,metro-manila
one stop food shop,ONE STOP FOOD SHOP,ayala,ayala-marquee,MarQuee Mall,north-luzon
one pot shabu shabu restaurant,ONE POT SHABU-SHABU RESTAURANT,sm,smdc-strip-at-shore,SMDC Strip at Shore,smdc
toothville,Toothville,robinsons,robinsons-lipa,Robinsons Place Lipa,south-luzon
toothfix,Toothfix,robinsons,robinsons-malabon,Robinsons Town Mall Malabon,metro-manila
one network bank,One Network Bank (ATM),gmall,gmall-of-digos,GMall of Digos,mindanao
one life,One Life,ortigas,estancia,Estancia,metro-manila
on the go shawarma & pies,ON THE GO SHAWARMA & PIES,robinsons,robinsons-las-pinas,Robinsons Place Las Pinas,metro-manila
one fine pictures,One Fine Pictures,robinsons,robinsons-galleria-cebu,Robinsons Galleria Cebu,visayas
one blue moo cafe,One Blue Moo Cafe,robinsons,robinsons-naga,Robinsons Place Naga,south-luzon
peri peri 8366 5928 09664010054,Peri Peri 8366-5928 / 09664010054,robinsons,robinsons-magnolia,Robinsons Magnolia,metro-manila
one audio acoustics,One Audio Acoustics,robinsons,robinsons-pangasinan,Robinsons Place Pangasinan,north-luzon
toob oh treats,Toob Oh Treats,robinsons,robinsons-naga,Robinsons Place Naga,south-luzon
toocki,TOOCKI,sm,sm-city-north-edsa,SM City North Edsa,metro-manila
vape depot philippines,VAPE DEPOT PHILIPPINES,robinsons,robinsons-novaliches,Robinsons Novaliches,metro-manila
oldtown white coffee,OldTown White Coffee,megaworld,venice-grand-canal-mall,Venice Grand Canal Mall,
vcf,Vcf,filinvest,festival-mall,Festival Mall,metro-manila
olfaction,OLFACTION,ayala,ayala-solenad,Ayala Malls Nuvali,south-luzon
olympic village 8564 9746,Olympic Village 8564-9746,robinsons,robinsons-magnolia,Robinsons Magnolia,metro-manila
omar umpar,OMAR UMPAR,xentro,montalban-town-center,Montalban Town Center,
vengo,Vengo,filinvest,festival-mall,Festival Mall,metro-manila
omair cellphone accessories,OMAIR CELLPHONE ACCESSORIES,xentro,balagtas-town-center,Balagtas Town Center,
olympic village outlet,Olympic Village Outlet,robinsons,robinsons-starmills,Robinsons Starmills,north-luzon
perple yam,PERPLE YAM,robinsons,robinsons-iligan,Robinsons Place Iligan,mindanao
tooth fairies dental clinic 511 4518,Tooth Fairies Dental Clinic (032)511-4518,robinsons,robinsons-cybergate-cebu,Robinsons Cybergate Cebu,visayas
veger,VEGER,sm,sm-city-cebu,SM City Cebu,visayas
velandres notary public 0918 3533511,VELANDRES NOTARY PUBLIC 0918-3533511,robinsons,robinsons-sta-rosa,Robinsons Sta. Rosa,south-luzon
olinor accessories ca exhibits,Olinor Accessories (2.24 SQM) CA EXHIBITS ( PROPERTY PRO ),xentro,montalban-town-center,Montalban Town Center,
olympic outlet,Olympic Outlet,robinsons,robinsons-antipolo,Robinsons Place Antipolo,metro-manila
olvis visa services,OLVIS VISA SERVICES,ayala,ayala-center-cebu,Ayala Center Cebu,visayas
ollie bowls,OLLIE BOWLS (0921 843 2125),robinsons,robinsons-magnolia,Robinsons Magnolia,metro-manila
tooth doctor,THE TOOTH DOCTOR,robinsons,robinsons-galleria-ortigas,Robinsons Galleria,metro-manila
tools trading,Tool's Trading,robinsons,robinsons-cagayan-de-oro,Robinsons Cagayan de Oro,mindanao
vendo corp,VENDO CORP,xentro,xentro-mall-lemery,XentroMall Lemery,
vendo machine,Vendo Machine,gmall,gmall-of-davao,GMall of Davao,mindanao
omar umpar exhibit,OMAR UMPAR EXHIBIT,xentro,montalban-town-center,Montalban Town Center,
omayah,Omayah,robinsons,robinsons-novaliches,Robinsons Novaliches,metro-manila
ve eusebio skin center,VE EUSEBIO SKIN CENTER,sm,sm-city-calamba,SM City Calamba,south-luzon
omberry,Omberry,robinsons,robinsons-magnolia,Robinsons Magnolia,metro-manila
omniverse museum,OMNIVERSE MUSEUM,ayala,ayala-glorietta,Glorietta,metro-manila
venice cineplex snackbar,Venice Cineplex - Snackbar,megaworld,venice-grand-canal-mall,Venice Grand Canal Mall,
omg oh my gifts shop,OMG! Oh My Gifts! Shop,robinsons,robinsons-iloilo,Robinsons Place Iloilo,visayas
omg milk shake,Omg Milk Shake,filinvest,fora,Fora Mall,south-luzon
venice cineplex,Venice Cineplex,megaworld,venice-grand-canal-mall,Venice Grand Canal Mall,
omf literature 0925 722 9638,OMF LITERATURE 0925-722-9638,robinsons,robinsons-cybergate-cebu,Robinsons Cybergate Cebu,visayas
olive fashion collection,Olive Fashion Collection,robinsons,robinsons-iligan,Robinsons Place Iligan,mindanao
omf literature,OMF Literature,robinsons,robinsons-cybergate-cebu,Robinsons Cybergate Cebu,visayas
omf lit bookshop,OMF LIT BOOKSHOP,sm,sm-city-davao,SM City Davao,mindanao
pet alley lounge,PET ALLEY LOUNGE,ayala,ayala-vertis,Ayala Malls Vertis North,metro-manila
vcf kids church,Vcf Kids Church,filinvest,fora,Fora Mall,south-luzon
persian palate,PERSIAN PALATE,ayala,ayala-center-cebu,Ayala Center Cebu,visayas
vclub vending machine,VClub Vending Machine,megaworld,paseo-center,Paseo Center,
ombre salon,OMBRE SALON,ayala,ayala-solenad,Ayala Malls Nuvali,south-luzon
olive garden,OLIVE GARDEN,sm,sm-mall-of-asia,SM Mall of Asia,metro-manila
vans outlet,VANS OUTLET,robinsons,robinsons-starmills,Robinsons Starmills,north-luzon
top & bottom,TOP & BOTTOM,ayala,ayala-market-market,Market! Market!,metro-manila
perfumista,Perfumista,filinvest,festival-mall,Festival Mall,metro-manila
pet family,Pet Family,filinvest,main-square,Main Square,south-luzon
v store,V STORE,sm,sm-city-north-edsa,SM City North Edsa,metro-manila
verite,VERITE,ayala,ayala-serendra,Shops at Serendra,metro-manila
opatra,Opatra,megaworld,lucky-chinatown-mall,Lucky Chinatown Mall,
okto,OKTO,sm,sm-city-north-edsa,SM City North Edsa,metro-manila
ooma sushi bar,Ooma Sushi Bar,megaworld,paseo-center,Paseo Center,
ola by siesta,OLA by Siesta,megaworld,alabang-west-parade,Alabang West Parade,
va bene pasta deli,VA BENE PASTA DELI,ayala,ayala-bonifacio-high-street,Bonifacio High Street,metro-manila
top ten nails,Top Ten Nails,robinsons,robinsons-pangasinan,Robinsons Place Pangasinan,north-luzon
onoodles,O'Noodles,xentro,shopking,Shopking,
ookit enterprises,OOKIT ENTERPRISES,sm,sm-city-cebu,SM City Cebu,visayas
old manila coffee house,Old Manila Coffee House,robinsons,robinsons-galleria-ortigas,Robinsons Galleria,metro-manila
ooh cha,Ooh Cha,robinsons,robinsons-galleria-ortigas,Robinsons Galleria,metro-manila
vacations to go,Vacations To Go,robinsons,robinsons-malolos,Robinsons Place Malolos,north-luzon
perfect sight eye center,PERFECT SIGHT EYE CENTER,sm,sm-city-north-edsa,SM City North Edsa,metro-manila
old manila coffee shop,OLD MANILA COFFEE SHOP,xentro,morong-centerpoint,Morong Centerpoint,
vaccination site,Vaccination Site,megaworld,greenhouse-village-square,The Greenhouse at Village Square,
v spa,V Spa,filinvest,dumaguete,Filinvest Malls Dumaguete,visayas
v maison,V Maison,filinvest,festival-mall,Festival Mall,metro-manila
v abarintos vision center,V ABARINTOS VISION CENTER,sm,sm-center-lemery,SM Center Lemery,south-luzon
open kitchen,Open Kitchen,megaworld,southwoods-mall,Southwoods Mall,
pet perks,PET PERKS,sm,sm-seaside-city-cebu,SM Seaside City Cebu,visayas
perfect pint,Perfect Pint,ortigas,estancia,Estancia,metro-manila
verity restaurant,VERITY RESTAURANT,sm,sm-city-butuan,SM City Butuan,mindanao
tonton tei takoyaki,Tonton Tei Takoyaki,robinsons,robinsons-dasmarinas,Robinsons Place Dasmarinas,south-luzon
uv express,UV EXPRESS,xentro,balagtas-town-center,Balagtas Town Center,
perfect pixel,Perfect Pixel,robinsons,robinsons-malolos,Robinsons Place Malolos,north-luzon
uy dental clinic,UY DENTAL CLINIC,sm,sm-center-tuguegarao-downtown,SM Center Tuguegarao Downtown,north-luzon
uzumaki,Uzumaki,filinvest,festival-mall,Festival Mall,metro-manila
olivia,Olivia,robinsons,robinsons-bacolod,Robinsons Place Bacolod,visayas
opis ni juan,Opis ni Juan,robinsons,robinsons-metro-east,Robinsons Metro East,metro-manila
ophthal mix optical service,OPHTHAL-MIX OPTICAL SERVICE,sm,sm-center-pasig,SM Center Pasig,metro-manila
perfect scoop 9956697833,The Perfect Scoop 9956697833,robinsons,robinsons-butuan,Robinsons Place Butuan,mindanao
pet lovers center,PET LOVERS CENTER,ayala,ayala-feliz,Ayala Malls Feliz,metro-manila
perfect shot,PERFECT SHOT,sm,sm-city-north-edsa,SM City North Edsa,metro-manila
pet lover centre,Pet Lover Centre,robinsons,robinsons-tagaytay,Robinsons Tagaytay,south-luzon
old moon studio,OLD MOON STUDIO,sm,sm-city-lucena,SM City Lucena,south-luzon
tony & jackey beauty salon,Tony & Jackey Beauty Salon,filinvest,festival-mall,Festival Mall,metro-manila
perfumery bar,The Perfumery Bar,fishermall,quezonave,Fisher Mall Quezon Avenue,metro-manila
old town barbrrshop,Old Town Barbrrshop,robinsons,robinsons-cybergate-cebu,Robinsons Cybergate Cebu,visayas
pet bowtique and salon,Pet Bowtique And Salon,robinsons,robinsons-north-tacloban,Robinsons North Tacloban,visayas
perfectly polished nail salon and spa,PERFECTLY POLISHED NAIL SALON AND SPA,sm,sm-city-manila,SM City Manila,metro-manila
oneone shop,ONEONE SHOP,araneta,ali-mall,Ali Mall,metro-manila
oneone,ONEONE,araneta,farmers-plaza,Farmers Plaza,metro-manila
verdiamonds,Verdiamonds,ortigas,greenhills,Greenhills,metro-manila
old town barber shop,OLD TOWN BARBER SHOP,ayala,ayala-solenad,Ayala Malls Nuvali,south-luzon
oneills irish pub,O'Neill's Irish Pub,megaworld,eastwood-mall,Eastwood Mall,
verde by villarosa,VERDE BY VILLAROSA,sm,sm-city-clark,SM City Clark,north-luzon
top nails,Top Nails,megaworld,southwoods-mall,Southwoods Mall,
vamos,VAMOS,megaworld,paseo-center,Paseo Center,
perftech,PERFTECH,sm,sm-city-consolacion,SM City Consolacion,visayas
top brands,Top Brands,fishermall,quezonave,Fisher Mall Quezon Avenue,metro-manila
vanilla skin 8293 0914 09171799064 temporarily closed,Vanilla Skin 8293-0914 / 09171799064 TEMPORARILY CLOSED,robinsons,robinsons-magnolia,Robinsons Magnolia,metro-manila
vanilla softi,VANILLA SOFTI,sm,sm-city-north-edsa,SM City North Edsa,metro-manila
one zo,One Zo,ortigas,greenhills,Greenhills,metro-manila
vanity circle salon 8293 0914,Vanity Circle Salon 8293-0914 /,robinsons,robinsons-magnolia,Robinsons Magnolia,metro-manila
valsinni bridal salon,VALSINNI BRIDAL SALON,sm,sm-seaside-city-cebu,SM Seaside City Cebu,visayas
perfectly polished,Perfectly Polished,robinsons,robinsons-antipolo,Robinsons Place Antipolo,metro-manila
valsinni 9174976004,Valsinni 9174976004,robinsons,robinsons-butuan,Robinsons Place Butuan,mindanao
perfect zone cellphone and accessories 9564672085,PERFECT ZONE CELLPHONE AND ACCESSORIES 9564672085,robinsons,robinsons-butuan,Robinsons Place Butuan,mindanao
perfect smile,PERFECT SMILE,sm,sm-city-consolacion,SM City Consolacion,visayas
pet corner,PET CORNER,sm,sm-city-east-ortigas,SM City East Ortigas,metro-manila
vacheron constantin,VACHERON CONSTANTIN,ayala,ayala-greenbelt,Greenbelt,metro-manila
old navy,OLD NAVY,ayala,one-ayala-mall,One Ayala,metro-manila
top n dog,TOP N DOG,sm,sm-city-cebu,SM City Cebu,visayas
perfect smile dental clinic,Perfect Smile Dental Clinic,robinsons,robinsons-starmills,Robinsons Starmills,north-luzon
valentino santos,VALENTINO SANTOS,xentro,ab-central,Ab Central,
online travel express,ONLINE TRAVEL EXPRESS,robinsons,robinsons-metro-east,Robinsons Metro East,metro-manila
valera dental center,VALERA DENTAL CENTER,sm,smdc-strip-at-mezza,SMDC Strip at Mezza,smdc
top breed,TOP BREED,ayala,ayala-capitol-central,Ayala Malls Capitol Central,visayas
onisasa,Onisasa,megaworld,lucky-chinatown-mall,Lucky Chinatown Mall,
old soul bar beans,OLD SOUL BAR BEANS,sm,sm-city-laoag,SM City Laoag,north-luzon
valledens,Valleden's,robinsons,robinsons-pangasinan,Robinsons Place Pangasinan,north-luzon
onezo tapioca,ONEZO TAPIOCA,sm,sm-city-north-edsa,SM City North Edsa,metro-manila
top brands jag tribal lee us polo assn,TOP BRANDS JAG TRIBAL LEE US POLO ASSN,sm,sm-center-lemery,SM Center Lemery,south-luzon
orodiam,Orodiam,filinvest,festival-mall,Festival Mall,metro-manila
pasalubong centrale,PASALUBONG CENTRALE,ayala,ayala-marquee,MarQuee Mall,north-luzon
universal store front service,Universal Store Front Service,waltermart,plaridel,WalterMart Plaridel,north-luzon
tutanes dental,Tutanes Dental,robinsons,robinsons-galleria-ortigas,Robinsons Galleria,metro-manila
panero,PANERO,robinsons,robinsons-galleria-ortigas,Robinsons Galleria,metro-manila
paws unlimited,Paws Unlimited,ortigas,tiendesitas,Tiendesitas,metro-manila
panerai,PANERAI,ayala,ayala-bonifacio-high-street,Bonifacio High Street,metro-manila
pawssentials pet store,PAWSSENTIALS PET STORE,sm,sm-city-cagayan-de-oro,SM City CDO Uptown,mindanao
tres filipino twist,TRES FILIPINO TWIST,robinsons,opus,Opus Mall,metro-manila
turks 9175677006,TURKS 9175677006,robinsons,robinsons-cybergate-cebu,Robinsons Cybergate Cebu,visayas
turks 995450011,TURKS 995450011,robinsons,robinsons-dumaguete,Robinsons Place Dumaguete,visayas
tres,TRES,sm,sm-city-north-edsa,SM City North Edsa,metro-manila
turks sharwarma,TURKS SHARWARMA,robinsons,robinsons-iligan,Robinsons Place Iligan,mindanao
payless shoe source,PAYLESS SHOE SOURCE,araneta,ali-mall,Ali Mall,metro-manila
turks shawarma 9328426548,Turks Shawarma 9328426548,robinsons,robinsons-santiago,Robinsons Place Santiago,north-luzon
pandayan temp stockroom,PANDAYAN TEMP. STOCKROOM,xentro,mall-of-the-valley,Mall Of The Valley,
turn on,Turn On,robinsons,robinsons-dasmarinas,Robinsons Place Dasmarinas,south-luzon
pandayan prescripto,Pandayan Prescripto,xentro,xentro-mall-calapan,XentroMall Calapan,
trendz salon junairah,TRENDZ SALON JUNAIRAH,xentro,xentro-mall-lemery,XentroMall Lemery,
pandayan myphone,PANDAYAN MYPHONE,xentro,xentro-mall-lemery,XentroMall Lemery,
pandayan bookstore,PANDAYAN BOOKSTORE,xentro,mall-of-the-valley,Mall Of The Valley,
pandayan bookshop mr donut,PANDAYAN BOOKSHOP MR. DONUT,xentro,tanay-town-center,Tanay Town Center,
pandayan bookshop,PANDAYAN BOOKSHOP,xentro,morong-centerpoint,Morong Centerpoint,
panulce,Panulce,robinsons,robinsons-roxas,Robinsons Place Roxas,visayas
paws fins & tails,Paws Fins & Tails,megaworld,venice-grand-canal-mall,Venice Grand Canal Mall,
turks 0966 178 6279,Turks 📲 0966-178-6279,robinsons,robinsons-los-banos,Robinsons Town Mall Los Banos,south-luzon
tuna republik,TUNA REPUBLIK,sm,sm-cdo-downtown,SM CDO Downtown Premier,mindanao
paul smith,PAUL SMITH,ayala,ayala-one-bonifacio-high-street,One Bonifacio High Street,metro-manila
paw station,The Paw Station,megaworld,venice-grand-canal-mall,Venice Grand Canal Mall,
paper bunny,The Paper Bunny,megaworld,uptown-mall,Uptown Mall,
tulip garden showroom,Tulip Garden Showroom,megaworld,southwoods-mall,Southwoods Mall,
tulua cafe,TULUA CAFÉ,sm,smdc-air-mall,SMDC Air Mall,smdc
tuna by chonas,TUNA BY CHONAS,sm,sm-city-general-santos,SM City General Santos,mindanao
tuna express by holy halo,Tuna Express by Holy Halo,robinsons,robinsons-iligan,Robinsons Place Iligan,mindanao
tresor rare,TRESOR RARE,robinsons,robinsons-iligan,Robinsons Place Iligan,mindanao
papelemento visual arts and scenography,PAPELEMENTO VISUAL ARTS AND SCENOGRAPHY,sm,sm-cdo-downtown,SM CDO Downtown Premier,mindanao
turkish grille plus,TURKISH GRILLE PLUS,sm,sm-city-mindpro,SM City Mindpro,mindanao
papatoks food hub,PAPATOK'S FOOD HUB,sm,sm-city-pampanga,SM City Pampanga,north-luzon
papa kebs shawarma and kebab,PAPA KEBS SHAWARMA AND KEBAB,sm,sm-city-bataan,SM City Bataan,north-luzon
paotsin temporarily closed,PAOTSIN TEMPORARILY CLOSED,robinsons,robinsons-novaliches,Robinsons Novaliches,metro-manila
tunes corner,TUNE'S CORNER,robinsons,robinsons-pagadian,Robinsons Pagadian,mindanao
pawchester,Pawchester,ortigas,greenhills,Greenhills,metro-manila
treskuleros records trading,TRESKULEROS RECORDS TRADING,araneta,ali-mall,Ali Mall,metro-manila
turk s shawarma,Turk\'s Shawarma,gmall,gmall-of-davao,GMall of Davao,mindanao
pao tsin specialties,PAO TSIN SPECIALTIES,sm,sm-savemore-nagtahan,SM Savemore Nagtahan,metro-manila
pandayan book shop,PANDAYAN BOOK SHOP,fishermall,malabon,Fisher Mall Malabon,metro-manila
tutti,TUTTI,sm,sm-center-ormoc,SM Center Ormoc,visayas
tudor lucerne,TUDOR-LUCERNE,ayala,ayala-glorietta,Glorietta,metro-manila
tw steel,TW STEEL,ayala,ayala-manila-bay,Ayala Malls Manila Bay,metro-manila
pamana,Pamana,ortigas,greenhills,Greenhills,metro-manila
trendy merch novelty shop,TRENDY MERCH NOVELTY SHOP,sm,sm-city-puerto-princesa,SM City Puerto Princesa,south-luzon
palpitate ph,PALPITATE PH,sm,sm-center-dagupan,SM Center Dagupan,north-luzon
palpitate coffee,PALPITATE COFFEE,robinsons,robinsons-iloilo,Robinsons Place Iloilo,visayas
twinkle wellness spa,TWINKLE WELLNESS SPA,robinsons,robinsons-gapan,Robinsons Gapan,north-luzon
palawan swing,PALAWAN SWING,robinsons,robinsons-palawan,Robinsons Place Palawan,south-luzon
palawan pearls & souvenirs,PALAWAN PEARLS & SOUVENIRS,robinsons,robinsons-palawan,Robinsons Place Palawan,south-luzon
trend tech cctv trading,Trend Tech CCTV Trading,robinsons,robinsons-ormoc,Robinsons Place Ormoc,visayas
tree shade spa,TREE SHADE SPA,ayala,ayala-malls-central-bloc,Ayala Malls Central Bloc,visayas
twins playhouse,Twin's Playhouse,robinsons,robinsons-iligan,Robinsons Place Iligan,mindanao
palawan express pera padala,Palawan Express Pera Padala,waltermart,pasay,WalterMart Pasay,metro-manila
pazio s grill,Pazio\'s Grill,gmall,gmall-of-davao,GMall of Davao,mindanao
pazu,PAZU,sm,sm-center-pasig,SM Center Pasig,metro-manila
twintext,Twintext,robinsons,robinsons-dasmarinas,Robinsons Place Dasmarinas,south-luzon
pazzion,PAZZION,ayala,ayala-trinoma,Trinoma,metro-manila
tyconnspa,Tyconnspa,robinsons,robinsons-galleria-cebu,Robinsons Galleria Cebu,visayas
palawan cart,PALAWAN CART,ayala,ayala-market-market,Market! Market!,metro-manila
palawan cafe,Palawan Cafe,robinsons,robinsons-palawan,Robinsons Place Palawan,south-luzon
palamuti jewelry and accessories shop,PALAMUTI JEWELRY AND ACCESSORIES SHOP,robinsons,robinsons-novaliches,Robinsons Novaliches,metro-manila
payless shoe store,Payless Shoe Store,robinsons,robinsons-manila,Robinsons Place Manila,metro-manila
pamela,Pamela,ortigas,greenhills,Greenhills,metro-manila
twinkle toes nail spa,TWINKLE TOES NAIL SPA,robinsons,robinsons-gapan,Robinsons Gapan,north-luzon
twin chocos,TWIN CHOCO'S,robinsons,robinsons-valencia,Robinsons Place Valencia,mindanao
panco cafe,PANCO CAFÉ,sm,the-podium,The Podium,metro-manila
twelve 28th cafe,The Twelve 28th Café,ortigas,the-strip,The Strip,metro-manila
trendz,Trendz,robinsons,robinsons-lipa,Robinsons Place Lipa,south-luzon
twelve plus,Twelve Plus,robinsons,robinsons-naga,Robinsons Place Naga,south-luzon
twelvebikes shop,Twelvebikes Shop,filinvest,festival-mall,Festival Mall,metro-manila
twenty four bakeshop,Twenty Four Bakeshop,ortigas,estancia,Estancia,metro-manila
panapton open,PANAPTON OPEN,robinsons,robinsons-novaliches,Robinsons Novaliches,metro-manila
pananom co,PANANOM CO,sm,sm-city-sorsogon,SM City Sorsogon,south-luzon
panaderro bakery,PANADERRO BAKERY,sm,sm-center-pasig,SM Center Pasig,metro-manila
pampanga bingo,PAMPANGA BINGO,sm,sm-city-pampanga,SM City Pampanga,north-luzon
panaderro,Panaderro,robinsons,robinsons-galleria-ortigas,Robinsons Galleria,metro-manila
panaderia pantoja,PANADERIA PANTOJA,ayala,ayala-market-market,Market! Market!,metro-manila
twin dragon,Twin Dragon (beside Medicard),filinvest,festival-mall,Festival Mall,metro-manila
pan de sal express,PAN DE SAL EXPRESS,ayala,ayala-capitol-central,Ayala Malls Capitol Central,visayas
twin pines,Twin Pines,filinvest,festival-mall,Festival Mall,metro-manila
pampered & polished wellness & spa,PAMPERED & POLISHED WELLNESS & SPA,ayala,ayala-capitol-central,Ayala Malls Capitol Central,visayas
pampanga regional cart,PAMPANGA REGIONAL CART,ayala,ayala-market-market,Market! Market!,metro-manila
twindragon,Twindragon (carousel),filinvest,festival-mall,Festival Mall,metro-manila
tuguegarao co events space,TUGUEGARAO CO-EVENTS SPACE,robinsons,robinsons-tuguegarao,Robinsons Place Tuguegarao,north-luzon
tuburan cafe,TUBURAN CAFE,sm,sm-city-consolacion,SM City Consolacion,visayas
pc broker,PC BROKER,sm,sm-city-lucena,SM City Lucena,south-luzon
pasty shop of bobs,THE PASTY SHOP OF BOB'S,robinsons,robinsons-bacolod,Robinsons Place Bacolod,visayas
park avenue,Park Avenue,ortigas,greenhills,Greenhills,metro-manila
tropix,TROPIX ( STORM SANDALS),xentro,balagtas-town-center,Balagtas Town Center,
tru check medical and diagnostic center,TRU-Check Medical and Diagnostic Center,robinsons,robinsons-galleria-ortigas,Robinsons Galleria,metro-manila
passionnails,Passionnails,filinvest,festival-mall,Festival Mall,metro-manila
paris esse parfum,Paris Esse Parfum,filinvest,festival-mall,Festival Mall,metro-manila
true boss,TRUE BOSS,sm,sm-mall-of-asia,SM Mall of Asia,metro-manila
triple b cellphone turks shawarma,TRIPLE B CELLPHONE TURKS SHAWARMA,xentro,xentro-mall-lemery,XentroMall Lemery,
paris crepes,PARIS CREPES,sm,sm-city-dasmarinas,SM City Dasmariñas,south-luzon
pasta dolce amore temporarily closed,PASTA DOLCE AMORE TEMPORARILY CLOSED,robinsons,robinsons-la-union,Robinsons Place La Union,north-luzon
true lemon,True Lemon,megaworld,lucky-chinatown-prosperity-wing,Lucky Chinatown - Prosperity Wing,
triple b cellphone and accessories mitsubishi,TRIPLE B CELLPHONE AND ACCESSORIES MITSUBISHI,xentro,xentro-mall-calapan,XentroMall Calapan,
true north empanada,TRUE NORTH EMPANADA,sm,sm-city-north-edsa,SM City North Edsa,metro-manila
trip hub travel services,TRIP HUB TRAVEL SERVICES,sm,smdc-mplace-mall,SMDC Mplace Mall,smdc
pastil nation,Pastil Nation,megaworld,uptown-mall,Uptown Mall,
parilya,Parilya,filinvest,il-corso,IL Corso,visayas
pasto,Pasto,megaworld,eastwood-city-walk,Eastwood City Walk,
parfois 8373 7182,Parfois 8373-7182,robinsons,robinsons-magnolia,Robinsons Magnolia,metro-manila
pastry shop of bobs,The Pastry Shop Of Bob's,robinsons,robinsons-bacolod,Robinsons Place Bacolod,visayas
tricels ensaymada,TRICEL'S ENSAYMADA,ayala,ayala-abreeza,Abreeza,mindanao
parking,Parking,ortigas,greenhills,Greenhills,metro-manila
parklane,PARKLANE,robinsons,robinsons-manila,Robinsons Place Manila,metro-manila
parks bakery k mart,PARKS BAKERY K-MART,sm,sm-city-pampanga,SM City Pampanga,north-luzon
passenger seat,PASSENGER SEAT,sm,sm-city-san-mateo,SM City San Mateo,metro-manila
triumph 900526929,Triumph 900526929,robinsons,robinsons-magnolia,Robinsons Magnolia,metro-manila
triple seven gaming,Triple Seven Gaming,gmall,gmall-of-tagum,GMall of Tagum,mindanao
party phone,Party Phone,gmall,gmall-of-davao,GMall of Davao,mindanao
triple r gaming station,Triple R Gaming Station,gmall,gmall-of-toril,GMall of Toril,mindanao
pasarabo ilocandia 0907 141 1116,PASARABO ILOCANDIA 0907-141-1116,robinsons,robinsons-pangasinan,Robinsons Place Pangasinan,north-luzon
tronix imaging center 0997 220 8188,Tronix Imaging Center 0997-220-8188,robinsons,robinsons-sta-rosa,Robinsons Sta. Rosa,south-luzon
paseo art gallery,PASEO ART GALLERY,sm,sm-megamall,SM Megamall,metro-manila
pasig city hall annex 2,PASIG CITY HALL ANNEX 2,robinsons,robinsons-metro-east,Robinsons Metro East,metro-manila
passion & health lines,Passion & Health Lines,robinsons,robinsons-tacloban,Robinsons Place Tacloban,visayas
passionart gallery,PASSIONART GALLERY,sm,sm-megamall,SM Megamall,metro-manila
triple m,TRIPLE M,xentro,balagtas-town-center,Balagtas Town Center,
party house by michelle ballon shop,PARTY HOUSE BY MICHELLE BALLON SHOP,robinsons,robinsons-iligan,Robinsons Place Iligan,mindanao
tropical hut,Tropical Hut,ortigas,greenhills,Greenhills,metro-manila
passionails nail salon and spa,PASSIONAILS NAIL SALON AND SPA,ayala,ayala-centrio,Centrio Mall,mindanao
tropics salad delights,TROPICS SALAD DELIGHTS,sm,sm-city-clark,SM City Clark,north-luzon
partners in child,Partners in Child,waltermart,sta-rosa,WalterMart Sta. Rosa,south-luzon
parties unlimited,PARTIES UNLIMITED,sm,sm-city-baguio,SM City Baguio,north-luzon
triple fajitas,Triple Fajitas,robinsons,robinsons-roxas,Robinsons Place Roxas,visayas
trust trade,TRUST TRADE,robinsons,robinsons-galleria-ortigas,Robinsons Galleria,metro-manila
pares university,Pares University,megaworld,festive-walk-mall-iloilo,Festive Walk Mall,
paper world,Paper World,robinsons,robinsons-tacloban,Robinsons Place Tacloban,visayas
tsboost beauty salon,TSBOOST BEAUTY SALON,robinsons,robinsons-starmills,Robinsons Starmills,north-luzon
triboa bay living,TRIBOA BAY LIVING,sm,sm-megamall,SM Megamall,metro-manila
patrick toy shop,Patrick Toy Shop,ortigas,greenhills,Greenhills,metro-manila
tribal cuts,TRIBAL CUTS,robinsons,robinsons-manila,Robinsons Place Manila,metro-manila
patsada accessories,PATSADA ACCESSORIES,sm,sm-city-butuan,SM City Butuan,mindanao
papu panda captains cove,Papu Panda Captains Cove,fishermall,quezonave,Fisher Mall Quezon Avenue,metro-manila
paps cyclezone,Paps Cyclezone,robinsons,robinsons-tacloban,Robinsons Place Tacloban,visayas
tsuru,TSURU,ayala,ayala-abreeza,Abreeza,mindanao
tteokis party needs,TTEOKI'S PARTY NEEDS,robinsons,robinsons-palawan,Robinsons Place Palawan,south-luzon
triangle,Triangle,robinsons,robinsons-manila,Robinsons Place Manila,metro-manila
tri c pawnshop,TRI-C PAWNSHOP,robinsons,robinsons-cagayan-de-oro,Robinsons Cagayan de Oro,mindanao
ttom travel services,TTOM TRAVEL SERVICES,robinsons,robinsons-dumaguete,Robinsons Place Dumaguete,visayas
paul,PAUL,robinsons,opus,Opus Mall,metro-manila
ttom travel services 421 1640,TTOM TRAVEL SERVICES 421-1640,robinsons,robinsons-dumaguete,Robinsons Place Dumaguete,visayas
tuan tuan chinese brasserie,TUAN TUAN CHINESE BRASSERIE,ayala,ayala-up-town-center,U. P. Town Center,metro-manila
papermoon,Papermoon,ortigas,estancia,Estancia,metro-manila
tubo cane juice,Tubo Cane Juice,filinvest,festival-mall,Festival Mall,metro-manila
papermints,PAPERMINTS,sm,sm-city-iloilo,SM City Iloilo,visayas
tri c jewelry,Tri-C Jewelry,robinsons,robinsons-cagayan-de-oro,Robinsons Cagayan de Oro,mindanao
tubong banua jewelry services,Tubong Banua Jewelry Services,waltermart,subic,WalterMart Subic,north-luzon
patricio dental plaza,THE PATRICIO DENTAL PLAZA,sm,sm-city-marikina,SM City Marikina,metro-manila
tsukemen,TSUKEMEN,robinsons,opus,Opus Mall,metro-manila
par tee bloc,PAR-TEE BLOC,xentro,xentro-mall-roxas,XentroMall Roxas,
paras alteration,Paras Alteration,robinsons,robinsons-otis,Robinsons Otis,metro-manila
tsim sha tsu,Tsim Sha Tsu,robinsons,robinsons-magnolia,Robinsons Magnolia,metro-manila
pat & cameo,Pat & Cameo,ortigas,greenhills,Greenhills,metro-manila
pares at tendon,PARES AT TENDON,sm,sm-city-north-edsa,SM City North Edsa,metro-manila
pares at sizzling,Pares at Sizzling,megaworld,eastwood-cyber-mall,Eastwood Cyber Mall,
paref preschool rosefield south triangle,PAREF PRESCHOOL ROSEFIELD SOUTH TRIANGLE,sm,smdc-mplace-mall,SMDC Mplace Mall,smdc
tsim sha tsui dimsum & tea,TSIM SHA TSUI DIMSUM & TEA,ayala,ayala-center-cebu,Ayala Center Cebu,visayas
parasat hd,PARASAT HD,ayala,ayala-centrio,Centrio Mall,mindanao
paras alterstation 0945 592 5424,PARAS ALTERSTATION 0945-592-5424 (NEW),robinsons,robinsons-angeles,Robinsons Angeles,north-luzon
tsim sha tsui dimsum tea bar,TSIM SHA TSUI DIMSUM TEA BAR,sm,sm-city-cebu,SM City Cebu,visayas
paradise air,PARADISE AIR,sm,sm-city-fairview,SM City Fairview,metro-manila
patek philippe,PATEK PHILIPPE,ayala,ayala-greenbelt,Greenbelt,metro-manila
tsukada nojo,TSUKADA NOJO,sm,s-maison,S Maison,metro-manila
paramus,PARAMUS,ayala,ayala-glorietta,Glorietta,metro-manila
paramount life and general insurance,PARAMOUNT LIFE AND GENERAL INSURANCE,sm,sm-city-pampanga,SM City Pampanga,north-luzon
paraiba 8425 677 09555695900,Paraiba 8425-677 / 09555695900,robinsons,robinsons-magnolia,Robinsons Magnolia,metro-manila
paragon,Paragon,megaworld,eastwood-city-walk,Eastwood City Walk,
tsuke men,TSUKE-MEN,sm,sm-mall-of-asia,SM Mall of Asia,metro-manila
paradise air freshener,PARADISE AIR FRESHENER,sm,sm-city-grand-central,SM City Grand Central,metro-manila
treasure trove,TREASURE TROVE,xentro,xentro-mall-tumauini,XentroMall Tumauini,
pc cartel,PC CARTEL,sm,sm-city-rosales,SM City Rosales,north-luzon
peculiar eyewear,PECULIAR EYEWEAR,sm,sm-city-north-edsa,SM City North Edsa,metro-manila
otto shoes mini gem exhibit,OTTO SHOES MINI GEM EXHIBIT (23),xentro,montalban-town-center,Montalban Town Center,
outlet,Outlet,gmall,gmall-of-davao,GMall of Davao,mindanao
unigold jewelry,UNIGOLD JEWELRY,sm,sm-city-lucena,SM City Lucena,south-luzon
outdoors,Outdoors,gmall,gmall-of-davao,GMall of Davao,mindanao
traffic,Traffic,ortigas,greenhills,Greenhills,metro-manila
outback cafe,Outback Café,gmall,gmall-of-davao,GMall of Davao,mindanao
pcworx,PCWORX,ayala,one-ayala-mall,One Ayala,metro-manila
uniking,UNIKING,sm,sm-city-cauayan,SM City Cauayan,north-luzon
unimart,Unimart,ortigas,estancia,Estancia,metro-manila
tracy elaine silver,TRACY ELAINE Silver,waltermart,antipolo,WalterMart Antipolo,metro-manila
unimart supermarket,Unimart Supermarket,ortigas,greenhills,Greenhills,metro-manila
uninice flower shop,Uninice Flower Shop,filinvest,festival-mall,Festival Mall,metro-manila
toytown,TOYTOWN,ayala,ayala-glorietta,Glorietta,metro-manila
toys r us toy box,TOYS R US TOY BOX,robinsons,robinsons-starmills,Robinsons Starmills,north-luzon
pcx mobile,PCX MOBILE,sm,sm-megamall,SM Megamall,metro-manila
union bank,Union Bank,ortigas,greenhills,Greenhills,metro-manila
oui tacos,Oui Tacos,megaworld,san-lorenzo-place-mall,San Lorenzo Place Mall,
pdf massage,PDF Massage,robinsons,robinsons-dasmarinas,Robinsons Place Dasmarinas,south-luzon
ouch tattoo & body piercing studio,OUCH! TATTOO & BODY PIERCING STUDIO,robinsons,robinsons-manila,Robinsons Place Manila,metro-manila
pdos travel express,PDOS TRAVEL EXPRESS,ayala,ayala-metropoint,Metro Point Mall,metro-manila
pcso lotto outlet,PCSO LOTTO OUTLET,robinsons,robinsons-luisita,Robinsons Luisita,north-luzon
uniclassy,Uniclassy,robinsons,robinsons-lipa,Robinsons Place Lipa,south-luzon
unica by unica hija,UNICA BY UNICA HIJA,ayala,ayala-circuit,Ayala Malls Circuit,metro-manila
tranis resto bar,TRANIS RESTO BAR,sm,sm-cherry-antipolo,SM Center Antipolo Downtown,metro-manila
uncle johns0998 846 6030,UNCLE JOHN'S0998-846-6030,robinsons,robinsons-sta-rosa,Robinsons Sta. Rosa,south-luzon
uncle jovs restaurant torque,Uncle Jov's Restaurant TORQUE,xentro,xentro-mall-calapan,XentroMall Calapan,
own days,Own Days,robinsons,robinsons-galleria-ortigas,Robinsons Galleria,metro-manila
uncle juans iskrambol,UNCLE JUANS ISKRAMBOL,sm,sm-city-sorsogon,SM City Sorsogon,south-luzon
overflow,Overflow,robinsons,robinsons-imus,Robinsons Place Imus,south-luzon
transview,TRANSVIEW,sm,the-podium,The Podium,metro-manila
uncle moes,Uncle Moe's,megaworld,venice-grand-canal-mall,Venice Grand Canal Mall,
overbreak,Overbreak,megaworld,eastwood-city-walk,Eastwood City Walk,
uni barber,UNI BARBER,robinsons,robinsons-pagadian,Robinsons Pagadian,mindanao
trail sign outdoor shop,TRAIL SIGN OUTDOOR SHOP,sm,sm-center-ormoc,SM Center Ormoc,visayas
pc worx tempo satellite,Pc Worx Tempo Satellite,filinvest,festival-mall,Festival Mall,metro-manila
over again,OVER AGAIN,araneta,ali-mall,Ali Mall,metro-manila
uni barber shop spa and salon,UNI BARBER SHOP SPA AND SALON,sm,sm-city-mindpro,SM City Mindpro,mindanao
pcbs,PCBS,robinsons,robinsons-bacolod,Robinsons Place Bacolod,visayas
uni silver,Uni Silver,filinvest,festival-mall,Festival Mall,metro-manila
uni silver time,Uni Silver Time,filinvest,festival-mall,Festival Mall,metro-manila
uniballsity,UNIBALLSITY,sm,sm-city-marikina,SM City Marikina,metro-manila
trajet travel agency,TRAJET TRAVEL AGENCY,robinsons,robinsons-antipolo,Robinsons Place Antipolo,metro-manila
peak,Peak,robinsons,robinsons-manila,Robinsons Place Manila,metro-manila
toy town,Toy Town,filinvest,festival-mall,Festival Mall,metro-manila
owwa,OWWA,sm,sm-city-cebu,SM City Cebu,visayas
otto,Otto,robinsons,robinsons-gentrias,Robinsons Place Gen. Trias,south-luzon
touch with faith,Touch with Faith,robinsons,robinsons-malolos,Robinsons Place Malolos,north-luzon
pearl farm,PEARL FARM,ayala,ayala-abreeza,Abreeza,mindanao
united colors of benetton,UNITED COLORS OF BENETTON,sm,sm-mall-of-asia,SM Mall of Asia,metro-manila
osaka takoyaki house,OSAKA TAKOYAKI HOUSE,ayala,ayala-marquee,MarQuee Mall,north-luzon
pearl market,PEARL MARKET!,ayala,ayala-market-market,Market! Market!,metro-manila
pearl shop & precious stone village,Pearl Shop & Precious Stone Village,filinvest,festival-mall,Festival Mall,metro-manila
os furniture furnishings by coast pacific,OS FURNITURE FURNISHINGS BY COAST PACIFIC,sm,sm-megamall,SM Megamall,metro-manila
united global specialty center,UNITED GLOBAL SPECIALTY CENTER,robinsons,robinsons-antipolo,Robinsons Place Antipolo,metro-manila
pearls & gems,Pearls & Gems,robinsons,robinsons-pavia,Robinsons Place Pavia,visayas
united nude,United Nude,megaworld,newport-city,Newport City,
touch of thai,TOUCH OF THAI,robinsons,robinsons-iligan,Robinsons Place Iligan,mindanao
united table tennis club,United Table Tennis Club,filinvest,main-square,Main Square,south-luzon
peastry shop,The Peastry Shop,filinvest,il-corso,IL Corso,visayas
peavey,PEAVEY,araneta,ali-mall,Ali Mall,metro-manila
orthofix dental center,ORTHOFIX DENTAL CENTER,sm,sm-lanang,SM Lanang,mindanao
orogem jewelry,OROGEM JEWELRY,sm,the-podium,The Podium,metro-manila
touch of art photo printing,TOUCH OF ART PHOTO PRINTING,sm,sm-city-iloilo,SM City Iloilo,visayas
universal eye check,Universal Eye Check,robinsons,robinsons-antique,Robinsons Place Antique,visayas
universal eye check optical,Universal Eye Check Optical,robinsons,robinsons-jaro,Robinsons Place Jaro,visayas
oshiekun bites,Oshiekun Bites,megaworld,lucky-chinatown-prosperity-wing,Lucky Chinatown - Prosperity Wing,
tough unscratched,TOUGH UNSCRATCHED,sm,sm-city-north-edsa,SM City North Edsa,metro-manila
pearl dianne,PEARL DIANNE,ayala,ayala-market-market,Market! Market!,metro-manila
oth tech,OTH Tech,robinsons,robinsons-la-union,Robinsons Place La Union,north-luzon
uniq dental clinic,UNIQ Dental Clinic,robinsons,robinsons-tuguegarao,Robinsons Place Tuguegarao,north-luzon
uniqlo 0355276359,UNIQLO '0355276359 (OPEN),robinsons,robinsons-dumaguete,Robinsons Place Dumaguete,visayas
peak physical theraphy & scoliosis center,PEAK Physical Theraphy & Scoliosis Center,megaworld,eastwood-mall,Eastwood Mall,
toy nuts,Toy Nuts,ortigas,greenhills,Greenhills,metro-manila
peak sport,Peak Sport,filinvest,festival-mall,Festival Mall,metro-manila
uniqlo coffee,UNIQLO COFFEE,ayala,ayala-glorietta,Glorietta,metro-manila
unisilver 9171036849,Unisilver 9171036849 (OPEN),robinsons,robinsons-dumaguete,Robinsons Place Dumaguete,visayas
otop ph hub butuan,OTOP PH HUB BUTUAN,sm,sm-city-butuan,SM City Butuan,mindanao
ot dei clinic,OT DEI CLINIC,robinsons,robinsons-las-pinas,Robinsons Place Las Pinas,metro-manila
unit 605 coffee,UNIT 605 COFFEE,sm,sm-city-sucat,SM City Sucat,metro-manila
trish and trin,Trish and Trin,robinsons,robinsons-imus,Robinsons Place Imus,south-luzon
ossu 8724 4591,OSSU 8724-4591,robinsons,robinsons-magnolia,Robinsons Magnolia,metro-manila
ossco,OSSCO,gmall,gmall-of-davao,GMall of Davao,mindanao
ossam,OSSAM!,megaworld,uptown-mall,Uptown Mall,
town orchids design & concepts,TOWN ORCHIDS DESIGN & CONCEPTS,ayala,ayala-market-market,Market! Market!,metro-manila
osmar led,Osmar Led,filinvest,festival-mall,Festival Mall,metro-manila
towel republic,Towel Republic,robinsons,robinsons-tacloban,Robinsons Place Tacloban,visayas
pearl body touch facial center,PEARL BODY TOUCH FACIAL CENTER,robinsons,robinsons-cagayan-de-oro,Robinsons Cagayan de Oro,mindanao
uncle johns 0998 846 6053,Uncle John's 0998-846-6053,robinsons,robinsons-angeles,Robinsons Angeles,north-luzon
trattoria altrove,TRATTORIA ALTROVE,sm,sm-city-laoag,SM City Laoag,north-luzon
u green,U-GREEN,robinsons,robinsons-ilocos,Robinsons Place Ilocos,north-luzon
pacsafe urbanize,Pacsafe/Urbanize,robinsons,robinsons-manila,Robinsons Place Manila,metro-manila
pag ibig satellite branch office,PAG-IBIG Satellite Branch Office,robinsons,robinsons-imus,Robinsons Place Imus,south-luzon
travelgeeks co,TRAVELGEEKS CO,sm,smdc-breeze-mall,SMDC Breeze Mall,smdc
pag ibig satellite,PAG-IBIG SATELLITE,xentro,northstar-mall,Northstar Mall,
ucpb,UCPB,megaworld,forbes-town,Forbes Town,
ucpb temporarily closed,UCPB (ATM) TEMPORARILY CLOSED,robinsons,robinsons-bacolod,Robinsons Place Bacolod,visayas
paengs midtown bowling and billiards,PAENG'S MIDTOWN BOWLING AND BILLIARDS,robinsons,robinsons-manila,Robinsons Place Manila,metro-manila
paengs freedom bowl,Paeng's Freedom Bowl,robinsons,robinsons-imus,Robinsons Place Imus,south-luzon
travelesque tours,TRAVELESQUE TOURS,sm,sm-city-cauayan,SM City Cauayan,north-luzon
paengs eastwood bowling and billiards,PAENG'S EASTWOOD BOWLING AND BILLIARDS,robinsons,robinsons-manila,Robinsons Place Manila,metro-manila
paengs,Paeng’s,filinvest,festival-mall,Festival Mall,metro-manila
padrinos way,PADRINO’S WAY,ayala,ayala-glorietta,Glorietta,metro-manila
udc,UDC,sm,sm-city-tuguegarao,SM City Tuguegarao,north-luzon
ugbo,Ugbo,megaworld,venice-grand-canal-mall,Venice Grand Canal Mall,
ugreen philippines,UGreen Philippines,robinsons,robinsons-malabon,Robinsons Town Mall Malabon,metro-manila
pc gadgets mobile hub,PC GADGETS MOBILE HUB,sm,sm-mall-of-asia,SM Mall of Asia,metro-manila
travelease,TRAVELEASE,sm,sm-city-marilao,SM City Marilao,north-luzon
pacundos,PACUNDOS,sm,sm-city-legazpi,SM City Legazpi,south-luzon
paculba flower shop,PACULBA FLOWER SHOP,robinsons,robinsons-iligan,Robinsons Place Iligan,mindanao
pc gilmore,PC Gilmore,fishermall,quezonave,Fisher Mall Quezon Avenue,metro-manila
ucc park cafe,UCC Park Cafe,robinsons,robinsons-magnolia,Robinsons Magnolia,metro-manila
ucc mentore,UCC MENTORE,sm,s-maison,S Maison,metro-manila
pc dynamic,PC DYNAMIC,sm,sm-city-north-edsa,SM City North Edsa,metro-manila
traxx 1 ca exhibits,Traxx 1 ( 6.40 SQM) CA EXHIBITS ( PROPERTY PRO ),xentro,montalban-town-center,Montalban Town Center,
palamig kombucha,PALAMIG KOMBUCHA,sm,sm-city-tuguegarao,SM City Tuguegarao,north-luzon
u super service center,U SUPER SERVICE CENTER,robinsons,robinsons-otis,Robinsons Otis,metro-manila
palace,The Palace,megaworld,uptown-parade,Uptown Parade,
treasure box,TREASURE BOX,sm,sm-city-fairview,SM City Fairview,metro-manila
u watch,U-WATCH,sm,sm-city-iloilo,SM City Iloilo,visayas
pal by john gold,PAL by: John Gold,gmall,gmall-of-davao,GMall of Davao,mindanao
pal,PAL,sm,sm-lanang,SM Lanang,mindanao
pajo optical,Pajo Optical,robinsons,robinsons-north-tacloban,Robinsons North Tacloban,visayas
pain rehab care,PAIN REHAB CARE,sm,sm-megamall,SM Megamall,metro-manila
pagibig fund,PAGIBIG FUND,robinsons,robinsons-palawan,Robinsons Place Palawan,south-luzon
paiks coffee and bakery,PAIK'S COFFEE AND BAKERY,robinsons,robinsons-manila,Robinsons Place Manila,metro-manila
travelista tours and services,TRAVELISTA TOURS AND SERVICES,sm,sm-city-novaliches,SM City Novaliches,metro-manila
ubra,UBRA,sm,sm-city-iloilo,SM City Iloilo,visayas
ucc cafe,Ucc Cafe,filinvest,dumaguete,Filinvest Malls Dumaguete,visayas
paglaum,PAGLAUM,sm,sm-city-bacolod,SM City Bacolod,visayas
pagkaing pinoy,PAGKAING PINOY,ayala,ayala-marquee,MarQuee Mall,north-luzon
pc depot,PC DEPOT,sm,sm-city-north-edsa,SM City North Edsa,metro-manila
ucc cafe terrace,UCC Cafe Terrace,megaworld,forbes-town,Forbes Town,
ukiyo beauty bar,UKIYO BEAUTY BAR,sm,s-maison,S Maison,metro-manila
ultima salon,Ultima Salon,ortigas,greenhills,Greenhills,metro-manila
pc quickbuys computer sales and services,PC QUICKBUYS COMPUTER SALES AND SERVICES,ayala,ayala-center-cebu,Ayala Center Cebu,visayas
pc hub,PC HUB,sm,sm-city-fairview,SM City Fairview,metro-manila
umi matsu,UMI MATSU,sm,s-maison,S Maison,metro-manila
umi sushi,UMI SUSHI,sm,smdc-air-mall,SMDC Air Mall,smdc
umidigi,UMIDIGI,sm,sm-city-baguio,SM City Baguio,north-luzon
una casita,Una Casita,megaworld,greenhouse-village-square,The Greenhouse at Village Square,
una konsulta riversides one stop health shop,UNA KONSULTA RIVERSIDES ONE-STOP HEALTH SHOP,sm,sm-city-bacolod,SM City Bacolod,visayas
travel port travel and tours,TRAVEL PORT TRAVEL AND TOURS,ayala,ayala-feliz,Ayala Malls Feliz,metro-manila
unang panahon,UNANG PANAHON,sm,sm-megamall,SM Megamall,metro-manila
travel lounge,TRAVEL LOUNGE,robinsons,robinsons-bacolod,Robinsons Place Bacolod,visayas
pc ondemand,PC ONDEMAND,sm,smdc-light-mall,SMDC Light Mall,smdc
oxord computer solutions & repair center,Oxord - Computer Solutions & Repair Center,robinsons,robinsons-roxas,Robinsons Place Roxas,visayas
oxims,OXIM'S,sm,sm-city-baliwag,SM City Baliwag,north-luzon
unarosa,Unarosa,ortigas,greenhills,Greenhills,metro-manila
unbox,Unbox,ortigas,greenhills,Greenhills,metro-manila
uncle bobs,Uncle Bob's,megaworld,forbes-town,Forbes Town,
uncle brew,UNCLE BREW,sm,sm-city-consolacion,SM City Consolacion,visayas
uncle fish balls,Uncle Fish Balls,megaworld,lucky-chinatown-mall,Lucky Chinatown Mall,
pc quarters,PC QUARTERS,sm,sm-city-north-edsa,SM City North Edsa,metro-manila
travel club & delsey,The Travel Club & Delsey,megaworld,eastwood-mall,Eastwood Mall,
oxford scents,OXFORD SCENTS,araneta,farmers-plaza,Farmers Plaza,metro-manila
umeya,UMEYA,sm,sm-center-imus,SM Center Imus,south-luzon
p,P,gmall,gmall-of-davao,GMall of Davao,mindanao
p and d,P and D,gmall,gmall-of-tagum,GMall of Tagum,mindanao
pc micro,PC MICRO,sm,sm-city-santa-rosa,SM City Santa Rosa,south-luzon
pc inspire enterprise,PC INSPIRE ENTERPRISE,xentro,montalban-town-center,Montalban Town Center,
pack your bags travel and tours,PACK YOUR BAGS TRAVEL AND TOURS,robinsons,robinsons-metro-east,Robinsons Metro East,metro-manila
pc live,PC LIVE,sm,sm-megamall,SM Megamall,metro-manila
pack your bags,Pack Your Bags,robinsons,robinsons-metro-east,Robinsons Metro East,metro-manila
travel time,Travel Time,filinvest,festival-mall,Festival Mall,metro-manila
pacific money exchange,Pacific Money Exchange,robinsons,robinsons-starmills,Robinsons Starmills,north-luzon
pablings barbershop,Pablings Barbershop,megaworld,venice-grand-canal-mall,Venice Grand Canal Mall,
pabder uomo,PABDER UOMO,ayala,ayala-center-cebu,Ayala Center Cebu,visayas
ultra lagree,Ultra Lagree,ortigas,estancia,Estancia,metro-manila
p and d cellphone and accessories,P AND D CELLPHONE AND ACCESSORIES,ayala,ayala-abreeza,Abreeza,mindanao
travel scoot,Travel Scoot,ortigas,greenhills,Greenhills,metro-manila
p99 store,P99 Store,gmall,gmall-of-toril,GMall of Toril,mindanao
p5 idrive driving school,P5 iDrive Driving School,robinsons,robinsons-galleria-cebu,Robinsons Galleria Cebu,visayas
p4 mobile updates,P4 MOBILE UPDATES,xentro,xentro-mall-tumauini,XentroMall Tumauini,
p&a,P&A,robinsons,robinsons-dasmarinas,Robinsons Place Dasmarinas,south-luzon
uma uma,UMA UMA,sm,s-maison,S Maison,metro-manila
p e watch repair center,P E WATCH REPAIR CENTER,sm,sm-center-ormoc,SM Center Ormoc,visayas
umami,UMAMI,robinsons,galleria-south,Robinsons Galleria South,south-luzon
silvertec,SILVERTEC,sm,sm-city-north-edsa,SM City North Edsa,metro-manila
viva massage center,VIVA MASSAGE CENTER,sm,sm-city-legazpi,SM City Legazpi,south-luzon
oh georg,OH GEORG!,ayala,ayala-center-cebu,Ayala Center Cebu,visayas
yao money changer,Yao Money Changer,robinsons,robinsons-tacloban,Robinsons Place Tacloban,visayas
yakun kaya toast,YAKUN KAYA TOAST,ayala,one-ayala-mall,One Ayala,metro-manila
yakutako,YAKUTAKO,robinsons,robinsons-los-banos,Robinsons Town Mall Los Banos,south-luzon
mr green,MR GREEN,sm,sm-city-davao,SM City Davao,mindanao
yalo,Yalo,ortigas,estancia,Estancia,metro-manila
yam cosmetics,YAM COSMETICS,robinsons,robinsons-manila,Robinsons Place Manila,metro-manila
mr fluffy,Mr.fluffy,robinsons,robinsons-jaro,Robinsons Place Jaro,visayas
mr dynamic,Mr Dynamic,ortigas,greenhills,Greenhills,metro-manila
mr doods laundry hub,MR DOODS LAUNDRY HUB,sm,sm-city-sto-tomas,SM City Sto. Tomas,south-luzon
yamang bukid 9478041524,Yamang Bukid 9478041524,robinsons,robinsons-dumaguete,Robinsons Place Dumaguete,visayas
mr diecast & collectibles,Mr. Diecast & Collectibles,robinsons,robinsons-dasmarinas,Robinsons Place Dasmarinas,south-luzon
yankee candle,YANKEE CANDLE,sm,s-maison,S Maison,metro-manila
mr d cellphone store,Mr. D. Cellphone Store,robinsons,robinsons-starmills,Robinsons Starmills,north-luzon
mr helmet,MR. HELMET,robinsons,robinsons-iloilo,Robinsons Place Iloilo,visayas
mr cutter,Mr Cutter,robinsons,robinsons-tacloban,Robinsons Place Tacloban,visayas
mr creamy station,Mr. Creamy Station (Temporarily Closed),robinsons,robinsons-ormoc,Robinsons Place Ormoc,visayas
mr coco,MR COCO,sm,sm-southmall,SM Southmall,metro-manila
mr clive shoe repair shop,MR. CLIVE SHOE REPAIR SHOP,robinsons,robinsons-novaliches,Robinsons Novaliches,metro-manila
mr bingsu,MR BINGSU,sm,sm-city-cabanatuan,SM City Cabanatuan,north-luzon
yardstick,YARDSTICK,robinsons,opus,Opus Mall,metro-manila
mps telcom,MPS Telcom,robinsons,robinsons-gentrias,Robinsons Place Gen. Trias,south-luzon
movieworld,MOVIEWORLD,robinsons,robinsons-pagadian,Robinsons Pagadian,mindanao
move it powered rental scooter,MOVE IT POWERED RENTAL SCOOTER,sm,sm-seaside-city-cebu,SM Seaside City Cebu,visayas
move dance studio,MOVE DANCE STUDIO,sm,sm-city-cagayan-de-oro,SM City CDO Uptown,mindanao
mountain express,MOUNTAIN EXPRESS,robinsons,robinsons-metro-east,Robinsons Metro East,metro-manila
yaku restaurant,YAKU RESTAURANT,sm,the-podium,The Podium,metro-manila
mr hongs unlimited samgyeopsal,MR. HONG'S UNLIMITED SAMGYEOPSAL,starmall,alabang,Starmall Alabang,metro-manila
motto,Motto,robinsons,robinsons-iligan,Robinsons Place Iligan,mindanao
mr parks bread cake,MR PARKS BREAD CAKE,sm,sm-city-telabastagan,SM City Telabastagan,north-luzon
mr quickie 9686914110,Mr. Quickie 9686914110,robinsons,robinsons-magnolia,Robinsons Magnolia,metro-manila
xo 46 heritage bistro,XO 46 HERITAGE BISTRO,sm,s-maison,S Maison,metro-manila
xo46 heritage bistro,XO46 Heritage Bistro,ortigas,estancia,Estancia,metro-manila
xpert key duplication,XPERT KEY DUPLICATION,sm,sm-southmall,SM Southmall,metro-manila
xpresso to go,Xpresso To Go,filinvest,festival-mall,Festival Mall,metro-manila
xt pro computer,Xt Pro Computer,ortigas,greenhills,Greenhills,metro-manila
mr pluffy the cotton candy company,MR PLUFFY THE COTTON CANDY COMPANY,sm,sm-city-sucat,SM City Sucat,metro-manila
xtreme,XTREME,robinsons,robinsons-gentrias,Robinsons Place Gen. Trias,south-luzon
xtreme 9954989429,XTREME 9954989429,robinsons,robinsons-butuan,Robinsons Place Butuan,mindanao
mr pluffy 9688979455,Mr. Pluffy 9688979455,robinsons,robinsons-iligan,Robinsons Place Iligan,mindanao
mr patatas,Mr. Patatas,robinsons,robinsons-malabon,Robinsons Town Mall Malabon,metro-manila
xtreme mobile,XTREME MOBILE,ayala,ayala-marquee,MarQuee Mall,north-luzon
mr key fix beauche,MR. KEY FIX (EXTENSION) BEAUCHE,xentro,tanay-town-center,Tanay Town Center,
mr noodle,MR NOODLE,sm,smdc-strip-at-shore,SMDC Strip at Shore,smdc
y e s,Y.E.S.,gmall,gmall-of-davao,GMall of Davao,mindanao
mr ninja,MR. NINJA,ayala,ayala-market-market,Market! Market!,metro-manila
mr mala hotpot,MR. MALA HOTPOT,sm,sm-city-baliwag,SM City Baliwag,north-luzon
mr lee rrj,MR. LEE/RRJ,starmall,edsa-shaw,Starmall EDSA-Shaw,metro-manila
mr lee,Mr. Lee,waltermart,plaridel,WalterMart Plaridel,north-luzon
yabu house of katsu,YABU: HOUSE OF KATSU,robinsons,robinsons-manila,Robinsons Place Manila,metro-manila
mr kokio food cart,MR KOKIO FOOD CART,sm,sm-city-bacolod,SM City Bacolod,visayas
yaels bibingka,Yael's Bibingka,waltermart,batangas-city,WalterMart Batangas City,south-luzon
yaki yaki,Yaki Yaki,megaworld,lucky-chinatown-mall,Lucky Chinatown Mall,
mr key fix jewelrich,MR. KEY FIX JEWELRICH,xentro,tanay-town-center,Tanay Town Center,
mountain blend,MOUNTAIN BLEND,sm,sm-city-urdaneta-central,SM City Urdaneta Central,north-luzon
yardstick coffee,YARDSTICK COFFEE,sm,moa-square,MOA Square,metro-manila
mr renes quick shoes and bags repair shop,MR RENES QUICK SHOES AND BAGS REPAIR SHOP,sm,sm-city-sto-tomas,SM City Sto. Tomas,south-luzon
yoh froz,YOH FROZ,sm,sm-city-davao,SM City Davao,mindanao
yhazer fudokato,YHAZER FUDOKATO,robinsons,robinsons-gen-san,Robinsons Place GenSan,mindanao
yi technology,YI TECHNOLOGY,sm,sm-mall-of-asia,SM Mall of Asia,metro-manila
mossimo satellite selling,MOSSIMO SATELLITE SELLING,robinsons,robinsons-ilocos,Robinsons Place Ilocos,north-luzon
ymca canteen,Ymca Canteen,filinvest,festival-mall,Festival Mall,metro-manila
yo mobile,Yo! Mobile,gmall,gmall-of-davao,GMall of Davao,mindanao
moshi koshi,MOSHI KOSHI,ayala,ayala-market-market,Market! Market!,metro-manila
moshi gran cafe,MOSHI GRAN CAFE,ayala,one-ayala-mall,One Ayala,metro-manila
yogi hotdog,YOGI HOTDOG,sm,sm-city-lipa,SM City Lipa,south-luzon
mos simo,MOS SIMO,robinsons,robinsons-pagadian,Robinsons Pagadian,mindanao
yogii yogurt and ice cream 9535260843,YOGII YOGURT AND ICE CREAM 9535260843,robinsons,robinsons-butuan,Robinsons Place Butuan,mindanao
mortons the steakhouse,Morton's The Steakhouse,megaworld,uptown-mall,Uptown Mall,
morning after antro,The Morning After/Antro,ortigas,greenhills,Greenhills,metro-manila
mother base,Mother Base,ortigas,greenhills,Greenhills,metro-manila
yohans apparel,YOHANS APPAREL,robinsons,robinsons-cainta,Robinsons Cainta,metro-manila
morihs hair & beauty salon,MORIH'S HAIR & BEAUTY SALON,robinsons,robinsons-iloilo,Robinsons Place Iloilo,visayas
moressi,MORESSI,sm,s-maison,S Maison,metro-manila
yoi yoi tei,YOI YOI TEI,sm,sm-city-clark,SM City Clark,north-luzon
morellis gelato caffe,Morelli's Gelato Caffe,ortigas,greenhills,Greenhills,metro-manila
more hair center,MoRe Hair Center,ortigas,estancia,Estancia,metro-manila
moostea cafe,MOOSTEA CAFE,starmall,san-jose-del-monte,Starmall San Jose del Monte,north-luzon
yong studio,YONG STUDIO,sm,sm-seaside-city-cebu,SM Seaside City Cebu,visayas
yoobao,YOOBAO,sm,sm-city-pampanga,SM City Pampanga,north-luzon
moonsky sunny,MOONSKY SUNNY,sm,sm-seaside-city-cebu,SM Seaside City Cebu,visayas
moonleaf tea,MOONLEAF TEA,robinsons,robinsons-gapan,Robinsons Gapan,north-luzon
yeubo,YEUBO,robinsons,robinsons-pangasinan,Robinsons Place Pangasinan,north-luzon
yes please,Yes Please,megaworld,uptown-parade,Uptown Parade,
yassies collection,Yassies Collection,gmall,gmall-of-tagum,GMall of Tagum,mindanao
yellow sweets cafe,YELLOW SWEETS CAFE,sm,sm-city-santa-rosa,SM City Santa Rosa,south-luzon
yassys kitchen,YASSY'S KITCHEN,starmall,san-jose-del-monte,Starmall San Jose del Monte,north-luzon
motosport,Motosport,robinsons,robinsons-iligan,Robinsons Place Iligan,mindanao
yasuo,Yasuo,robinsons,robinsons-manila,Robinsons Place Manila,metro-manila
motorola,Motorola,gmall,gmall-of-davao,GMall of Davao,mindanao
yatai spa,Yatai Spa,megaworld,newport-city,Newport City,
yedang,Yedang,ortigas,estancia,Estancia,metro-manila
motorino,MOTORINO,sm,the-podium,The Podium,metro-manila
motor pro,Motor Pro,waltermart,tanauan,WalterMart Tanauan,south-luzon
motomarket,Motomarket,megaworld,uptown-parade,Uptown Parade,
moto aqua flask,Moto/ Aqua Flask,robinsons,robinsons-tacloban,Robinsons Place Tacloban,visayas
yellie & co,YELLIE & CO,sm,sm-city-baguio,SM City Baguio,north-luzon
moti,Moti (NEW),robinsons,robinsons-iloilo,Robinsons Place Iloilo,visayas
yes land realty 0917 133 6146,Yes Land Realty 0917 133 6146,robinsons,robinsons-sta-rosa,Robinsons Sta. Rosa,south-luzon
mothers touch hilot massage,MOTHER'S TOUCH HILOT + MASSAGE,sm,sm-city-legazpi,SM City Legazpi,south-luzon
mothers touch 9178676877,Mother's Touch 9178676877,robinsons,robinsons-iligan,Robinsons Place Iligan,mindanao
yellowcab,Yellowcab,robinsons,robinsons-tacloban,Robinsons Place Tacloban,visayas
yeobo corndog,YEOBO CORNDOG,robinsons,robinsons-la-union,Robinsons Place La Union,north-luzon
mothers fried chicken,MOTHER'S FRIED CHICKEN,ayala,ayala-center-cebu,Ayala Center Cebu,visayas
mothers cake house,MOTHERS CAKE HOUSE,sm,sm-city-pampanga,SM City Pampanga,north-luzon
mothercare 8682 3163,Mothercare 8682-3163,robinsons,robinsons-magnolia,Robinsons Magnolia,metro-manila
yeobo korean style corndog,YEOBO KOREAN STYLE CORNDOG,robinsons,robinsons-novaliches,Robinsons Novaliches,metro-manila
yeobos korean style corndog,YEOBOS KOREAN STYLE CORNDOG,sm,sm-city-pampanga,SM City Pampanga,north-luzon
mother hen,Mother Hen,megaworld,festive-walk-mall-iloilo,Festive Walk Mall,
yes gulu,YES GULU,sm,sm-city-sta-mesa,SM City Sta. Mesa,metro-manila
mr quickie plus,MR. QUICKIE PLUS,robinsons,robinsons-antipolo,Robinsons Place Antipolo,metro-manila
mr shaw,Mr. Shaw,megaworld,san-lorenzo-place-mall,San Lorenzo Place Mall,
mood brows and lashes,MOOD BROWS AND LASHES,sm,sm-city-tuguegarao,SM City Tuguegarao,north-luzon
musashi maru,MUSASHI MARU,ayala,ayala-glorietta,Glorietta,metro-manila
wow lechon,Wow Lechon,gmall,gmall-of-davao,GMall of Davao,mindanao
wow panda malatang,Wow Panda Malatang,megaworld,lucky-chinatown-prosperity-wing,Lucky Chinatown - Prosperity Wing,
music school of ryan cayabyab,THE MUSIC SCHOOL OF RYAN CAYABYAB,robinsons,robinsons-galleria-ortigas,Robinsons Galleria,metro-manila
music museum,Music Museum,ortigas,greenhills,Greenhills,metro-manila
music mayhem,MUSIC MAYHEM,robinsons,robinsons-metro-east,Robinsons Metro East,metro-manila
wow travel,WOW Travel,robinsons,robinsons-fuente,Robinsons Fuente,visayas
music jam el bonitos,MUSIC JAM EL BONITOS,xentro,xentro-mall-lemery,XentroMall Lemery,
music house,The Music House,ortigas,greenhills,Greenhills,metro-manila
wow travel more,WOW TRAVEL MORE,sm,sm-jmall,SM J Mall,visayas
museum of emotions,MUSEUM OF EMOTIONS,ayala,ayala-center-cebu,Ayala Center Cebu,visayas
museo barbershop nail gallery spa,MUSEO BARBERSHOP NAIL GALLERY SPA,sm,smdc-air-mall,SMDC Air Mall,smdc
musar music,MUSAR MUSIC,sm,sm-city-baguio,SM City Baguio,north-luzon
wow cow hot pot,WOW COW HOT POT,sm,sm-by-the-bay,SM By the Bay,metro-manila
munies,Munies,robinsons,robinsons-iloilo,Robinsons Place Iloilo,visayas
mundae soft serve ice cream,MUNDAE SOFT SERVE ICE CREAM,sm,smdc-fame-mall,SMDC Fame Mall,smdc
mundae,Mundae,ortigas,greenhills,Greenhills,metro-manila
wrap it,WRAP IT!,ayala,ayala-abreeza,Abreeza,mindanao
wrap shop,WRAP SHOP,sm,sm-megamall,SM Megamall,metro-manila
mumin innovations,MUMIN INNOVATIONS,robinsons,robinsons-malolos,Robinsons Place Malolos,north-luzon
mumbaki,Mumbaki,robinsons,robinsons-metro-east,Robinsons Metro East,metro-manila
wrapnatics,WRAPNATICS,robinsons,robinsons-starmills,Robinsons Starmills,north-luzon
multisport hub,MULTISPORT HUB,ayala,ayala-solenad,Ayala Malls Nuvali,south-luzon
wrc toys,WRC Toys,ortigas,greenhills,Greenhills,metro-manila
multi time emporium,MULTI-TIME EMPORIUM,sm,sm-city-north-edsa,SM City North Edsa,metro-manila
musik wizzard,Musik Wizzard,robinsons,robinsons-tuguegarao,Robinsons Place Tuguegarao,north-luzon
wow chow,WOW CHOW,ayala,ayala-manila-bay,Ayala Malls Manila Bay,metro-manila
wristpod philip stein,WRISTPOD/PHILIP STEIN,ayala,ayala-feliz,Ayala Malls Feliz,metro-manila
world of fun house of takoyaki,WORLD OF FUN House of Takoyaki,xentro,xentro-mall-lemery,XentroMall Lemery,
my falafel,My Falafel,megaworld,venice-grand-canal-mall,Venice Grand Canal Mall,
my dollar store plus,MY DOLLAR STORE PLUS,araneta,ali-mall,Ali Mall,metro-manila
world master international travel,WORLD MASTER INTERNATIONAL TRAVEL,robinsons,robinsons-novaliches,Robinsons Novaliches,metro-manila
my diamond technomarine,MY DIAMOND / TECHNOMARINE,robinsons,robinsons-manila,Robinsons Place Manila,metro-manila
my destination tours and travel,MY DESTINATION TOURS AND TRAVEL,sm,sm-cherry-antipolo,SM Center Antipolo Downtown,metro-manila
world of fun 9058818079,WORLD OF FUN 9058818079 (OPEN),robinsons,robinsons-dumaguete,Robinsons Place Dumaguete,visayas
my box,My Box,gmall,gmall-of-davao,GMall of Davao,mindanao
world of fun 9063309735,World of Fun 9063309735,robinsons,robinsons-santiago,Robinsons Place Santiago,north-luzon
my angels two fashion,MY ANGELS TWO FASHION,xentro,balagtas-town-center,Balagtas Town Center,
my angels enterprise,MY ANGELS ENTERPRISE,ayala,ayala-market-market,Market! Market!,metro-manila
mxt restaurant,MXT RESTAURANT,sm,sm-city-sta-mesa,SM City Sta. Mesa,metro-manila
world of fun huawei,World of Fun HUAWEI,xentro,xentro-mall-calapan,XentroMall Calapan,
wow cellphone,WOW CELLPHONE,xentro,xentro-mall-santiago,XentroMall Santiago,
world of fun satellite,WORLD OF FUN SATELLITE,xentro,xentro-mall-lemery,XentroMall Lemery,
mwell primary care,Mwell Primary Care,filinvest,main-square,Main Square,south-luzon
world of fun satellite redbucks coffee shop,WORLD OF FUN Satellite REDBUCKS COFFEE SHOP,xentro,xentro-mall-calapan,XentroMall Calapan,
mvt mobile,MVT Mobile,megaworld,eastwood-cyber-mall,Eastwood Cyber Mall,
mvp taekwando,MVP Taekwando,megaworld,festive-walk-parade,Festive Walk Parade,
world watch gallery,World Watch Gallery,robinsons,robinsons-otis,Robinsons Otis,metro-manila
mutt chery,MUTT CHERY,sm,sm-mall-of-asia,SM Mall of Asia,metro-manila
worlds finest liquor,The World's Finest Liquor,megaworld,newport-city,Newport City,
would u like,Would U Like,fishermall,malabon,Fisher Mall Malabon,metro-manila
wow and fye,WOW AND FYE,xentro,xentro-mall-cabagan,XentroMall Cabagan,
wow and fye cellphone and accessories,WOW AND FYE CELLPHONE AND ACCESSORIES,xentro,ilagan-city-mall-isabela,Ilagan City Mall Isabela,
wristpod,Wristpod,robinsons,robinsons-galleria-cebu,Robinsons Galleria Cebu,visayas
muju,Muju,robinsons,robinsons-malolos,Robinsons Place Malolos,north-luzon
mr sizzlers,MR SIZZLERS,sm,sm-seaside-city-cebu,SM Seaside City Cebu,visayas
xiaomi 0999 167 2888,XIAOMI 0999-167-2888,robinsons,robinsons-pangasinan,Robinsons Place Pangasinan,north-luzon
ms cellphone accessories 9488740401,MS CELLPHONE ACCESSORIES 9488740401,robinsons,robinsons-dumaguete,Robinsons Place Dumaguete,visayas
ms cellphone accessories,MS CELLPHONE ACCESSORIES,robinsons,robinsons-dumaguete,Robinsons Place Dumaguete,visayas
ms by marjories,MS BY MARJORIES,sm,sm-city-bicutan,SM City Bicutan,metro-manila
xentromed,XENTROMED,xentro,shopking,Shopking,
mrz mobile repair zone,MRZ MOBILE REPAIR ZONE,sm,sm-city-san-mateo,SM City San Mateo,metro-manila
xhanders kambingan handyman exhibit thematic,Xhanders Kambingan HANDYMAN EXHIBIT THEMATIC,xentro,xentro-mall-calapan,XentroMall Calapan,
xiao jiu noodle house,XIAO JIU NOODLE HOUSE,sm,smdc-strip-at-sea,SMDC Strip at Sea,smdc
mrs goodies,MRS GOODIES,sm,sm-city-cebu,SM City Cebu,visayas
mrs affogato,Mrs. Affogato,megaworld,lucky-chinatown-mall,Lucky Chinatown Mall,
mrl empanada factory,MRL Empanada Factory,gmall,gmall-of-davao,GMall of Davao,mindanao
mrg law office,MRG Law Office,robinsons,robinsons-novaliches,Robinsons Novaliches,metro-manila
mr wippy,MR. WIPPY,robinsons,robinsons-palawan,Robinsons Place Palawan,south-luzon
msa academic advancement institute,MSA ACADEMIC ADVANCEMENT INSTITUTE,ayala,ayala-serendra,Shops at Serendra,metro-manila
mr unlocker,MR. UNLOCKER,ayala,ayala-harbor-point,Harbor Point,north-luzon
xiaomi 8802 1532 09669776715,XIAOMI 8802-1532 / 09669776715,robinsons,robinsons-magnolia,Robinsons Magnolia,metro-manila
xin chao vietnamese restaurant,XIN CHAO VIETNAMESE RESTAURANT,sm,sm-city-bacolod,SM City Bacolod,visayas
mr ube,MR. UBE,ayala,ayala-cloverleaf,Ayala Malls Cloverleaf,metro-manila
mr toppings 9190869698,MR. TOPPINGS 9190869698,robinsons,robinsons-cybergate-cebu,Robinsons Cybergate Cebu,visayas
xinyi chicken,XINYI CHICKEN,sm,sm-city-legazpi,SM City Legazpi,south-luzon
mr teapsy,Mr. Teapsy,gmall,gmall-of-tagum,GMall of Tagum,mindanao
mr taho,MR TAHO,sm,sm-jmall,SM J Mall,visayas
mr taco,MR TACO,sm,sm-city-clark,SM City Clark,north-luzon
xinyx design consultancy and services inc,XINYX DESIGN CONSULTANCY AND SERVICES INC,sm,sm-cdo-downtown,SM CDO Downtown Premier,mindanao
xitrix,XITRIX,sm,sm-city-north-edsa,SM City North Edsa,metro-manila
xchange zamin foreign exchange,Xchange/Zamin Foreign Exchange,robinsons,robinsons-dumaguete,Robinsons Place Dumaguete,visayas
msc detour car care center,MSC DETOUR CAR CARE CENTER,ayala,ayala-capitol-central,Ayala Malls Capitol Central,visayas
muji pop up store,MUJI Pop-Up Store,araneta,gateway-mall,Gateway Mall,metro-manila
x8r scooter rental,X8r Scooter Rental,filinvest,festival-mall,Festival Mall,metro-manila
wrld bbq,WRLD BBQ,ortigas,greenhills,Greenhills,metro-manila
muhlachs ensaymada,Muhlach’s Ensaymada,robinsons,robinsons-manila,Robinsons Place Manila,metro-manila
wus kitchen,Wu's Kitchen,ortigas,estancia,Estancia,metro-manila
wxwise,WXWISE,robinsons,robinsons-las-pinas,Robinsons Place Las Pinas,metro-manila
x play,X Play,robinsons,robinsons-iloilo,Robinsons Place Iloilo,visayas
x print,X-PRINT,ayala,ayala-trinoma,Trinoma,metro-manila
x sight,X-Sight,robinsons,robinsons-iligan,Robinsons Place Iligan,mindanao
x site,X-site,filinvest,festival-mall,Festival Mall,metro-manila
mugna,MUGNA,robinsons,robinsons-valencia,Robinsons Place Valencia,mindanao
x11,X11,robinsons,robinsons-starmills,Robinsons Starmills,north-luzon
muelvans,Muelvans,gmall,gmall-of-tagum,GMall of Tagum,mindanao
xamxen helmet depository,XAMXEN HELMET DEPOSITORY,sm,sm-city-naga,SM City Naga,south-luzon
xcel driving school,Xcel Driving School,fishermall,quezonave,Fisher Mall Quezon Avenue,metro-manila
xander pawnshop rcbc,XANDER PAWNSHOP (GOLDEN VISION) RCBC,xentro,montalban-town-center,Montalban Town Center,
muebles italiano,MUEBLES ITALIANO,sm,sm-megamall,SM Megamall,metro-manila
xander tutorial school,XANDER TUTORIAL SCHOOL,xentro,montalban-town-center,Montalban Town Center,
mu lan general merchandise,MU LAN GENERAL MERCHANDISE,robinsons,robinsons-novaliches,Robinsons Novaliches,metro-manila
mtmb,MTMB,starmall,alabang,Starmall Alabang,metro-manila
xandra photoshop ksa magic soap,XANDRA PHOTOSHOP (KODAK) KSA MAGIC SOAP,xentro,montalban-town-center,Montalban Town Center,
xavier roast master,Xavier Roast Master,robinsons,robinsons-tagaytay,Robinsons Tagaytay,south-luzon
mtcs money changer,MTC'S MONEY CHANGER,xentro,montalban-town-center,Montalban Town Center,
mt stomach,MT Stomach,megaworld,california-garden-square,California Garden Square,
msr pro,MSR PRO,sm,sm-city-marilao,SM City Marilao,north-luzon
xaviers home of dialysis center,Xavier’s Home Of Dialysis Center,filinvest,main-square,Main Square,south-luzon
yoshi meat su,Yoshi Meat-su,ortigas,greenhills,Greenhills,metro-manila
monza barcade concept,Monza / Barcade Concept,megaworld,arcovia-city,Arcovia City,
oglimen dental clinic,Oglimen Dental Clinic,waltermart,sta-rosa,WalterMart Sta. Rosa,south-luzon
zhenti massage,ZHENTI MASSAGE,sm,sm-city-dasmarinas,SM City Dasmariñas,south-luzon
mljl trading gadgetz atbp,MLJL Trading (Satellite) - Gadgetz atbp.,robinsons,robinsons-starmills,Robinsons Starmills,north-luzon
mlhuillier jewelry,MLhuillier Jewelry,gmall,gmall-of-digos,GMall of Digos,mindanao
mlhuillier jewellers,MLHUILLIER JEWELLERS,robinsons,robinsons-palawan,Robinsons Place Palawan,south-luzon
mlg travel & tours,MLG Travel & Tours,robinsons,robinsons-starmills,Robinsons Starmills,north-luzon
mlb korea,MLB Korea,megaworld,uptown-mall,Uptown Mall,
mlb beauty and wellness hub,MLB Beauty and Wellness Hub,robinsons,robinsons-dumaguete,Robinsons Place Dumaguete,visayas
zero degree,ZERO DEGREE,sm,sm-mall-of-asia,SM Mall of Asia,metro-manila
zero one story salon,Zero One Story Salon,megaworld,uptown-parade,Uptown Parade,
zero plus,ZERO PLUS (OPPO),xentro,xentro-mall-santiago,XentroMall Santiago,
zero plus vivo,ZERO PLUS VIVO,xentro,xentro-mall-santiago,XentroMall Santiago,
zete house of beauty cloud phone,ZETE HOUSE OF BEAUTY (AVON) CLOUD PHONE,xentro,montalban-town-center,Montalban Town Center,
zhenzhu massage,Zhenzhu Massage,robinsons,robinsons-imus,Robinsons Place Imus,south-luzon
zenway health and beauty shop,ZENWAY HEALTH AND BEAUTY SHOP,sm,sm-city-cagayan-de-oro,SM City CDO Uptown,mindanao
zhulin restaurant,ZHULIN RESTAURANT,robinsons,robinsons-ilocos,Robinsons Place Ilocos,north-luzon
mkc vintage shop,MKC VINTAGE SHOP,ayala,ayala-marquee,MarQuee Mall,north-luzon
zids sticker shop,ZIDS STICKER SHOP,sm,sm-city-north-edsa,SM City North Edsa,metro-manila
mk fried noodles,Mk Fried Noodles,filinvest,fora,Fora Mall,south-luzon
mjks food corner,MJK's Food Corner,robinsons,robinsons-dumaguete,Robinsons Place Dumaguete,visayas
zion 1,Zion-1,megaworld,forbes-town,Forbes Town,
zip & bottons,ZIP & Bottons,robinsons,robinsons-starmills,Robinsons Starmills,north-luzon
mjc accessories,MJC ACCESSORIES,xentro,xentro-mall-tumauini,XentroMall Tumauini,
zippo,ZIPPO,sm,sm-mall-of-asia,SM Mall of Asia,metro-manila
mj gold & silver,MJ Gold & Silver,robinsons,robinsons-malolos,Robinsons Place Malolos,north-luzon
zma mobile center,ZMA Mobile Center,gmall,gmall-of-tagum,GMall of Tagum,mindanao
zenzest,Zenzest,robinsons,robinsons-manila,Robinsons Place Manila,metro-manila
mljv dental works,MLJV DENTAL WORKS,xentro,montalban-town-center,Montalban Town Center,
mizusawa milktea and coffee,MIZUSAWA MILKTEA AND COFFEE,sm,sm-city-north-edsa,SM City North Edsa,metro-manila
mobi express,Mobi Express,robinsons,robinsons-novaliches,Robinsons Novaliches,metro-manila
zedrick,Zedrick,robinsons,robinsons-tuguegarao,Robinsons Place Tuguegarao,north-luzon
zedrick cellshop and laptop accessories,Zedrick Cellshop and Laptop Accessories,robinsons,robinsons-tuguegarao,Robinsons Place Tuguegarao,north-luzon
zeiss vision center,Zeiss Vision Center,ortigas,greenhills,Greenhills,metro-manila
zele wellness center,ZELE WELLNESS CENTER,sm,sm-city-grand-central,SM City Grand Central,metro-manila
zelphone,Zelphone,gmall,gmall-of-tagum,GMall of Tagum,mindanao
zen cell,Zen Cell,filinvest,festival-mall,Festival Mall,metro-manila
zen mobility,Zen Mobility,gmall,gmall-of-davao,GMall of Davao,mindanao
zen sushi,ZEN SUSHI,sm,sm-lanang,SM Lanang,mindanao
zen zest y valera,ZEN ZEST/Y.VALERA,xentro,mall-of-the-valley,Mall Of The Valley,
mobile accessories,Mobile Accessories,gmall,gmall-of-tagum,GMall of Tagum,mindanao
mobicity,MOBICITY,robinsons,robinsons-starmills,Robinsons Starmills,north-luzon
zen zone massage chairs,ZEN-ZONE MASSAGE CHAIRS,ayala,ayala-abreeza,Abreeza,mindanao
mls,MLS,starmall,alabang,Starmall Alabang,metro-manila
mobell copy center,Mobell Copy Center,robinsons,robinsons-dasmarinas,Robinsons Place Dasmarinas,south-luzon
zencell telecom,ZENCELL TELECOM,sm,sm-city-novaliches,SM City Novaliches,metro-manila
mnm de masaje massage chair services,MNM DE MASAJE MASSAGE CHAIR SERVICES (NEW),robinsons,robinsons-iloilo,Robinsons Place Iloilo,visayas
mnm de masaje,MNM de Masaje,robinsons,robinsons-antique,Robinsons Place Antique,visayas
mnla,MNLA,sm,sm-city-manila,SM City Manila,metro-manila
mncc cellphones and accessories store,MNCC CELLPHONES AND ACCESSORIES STORE,robinsons,robinsons-novaliches,Robinsons Novaliches,metro-manila
zenit,Zenit,gmall,gmall-of-davao,GMall of Davao,mindanao
mml essentials,MML - Essentials,megaworld,southwoods-mall,Southwoods Mall,
zensuals beauty & nail lounge,Zensuals Beauty & Nail Lounge,megaworld,festive-walk-mall-iloilo,Festive Walk Mall,
mmda satellite office,MMDA Satellite Office,robinsons,robinsons-galleria-ortigas,Robinsons Galleria,metro-manila
zentea,Zentea,robinsons,robinsons-tacloban,Robinsons Place Tacloban,visayas
mj gadget,Mj Gadget,ortigas,greenhills,Greenhills,metro-manila
mizuno,MIZUNO,ayala,ayala-trinoma,Trinoma,metro-manila
mobile care solutions,Mobile Care Solutions,ortigas,greenhills,Greenhills,metro-manila
miruu,MIRUU,robinsons,robinsons-manila,Robinsons Place Manila,metro-manila
mist & co,MIST & CO,robinsons,robinsons-ilocos,Robinsons Place Ilocos,north-luzon
missy bon bon,Missy Bon Bon,robinsons,robinsons-iligan,Robinsons Place Iligan,mindanao
zumanity videoke live,ZUMANITY VIDEOKE LIVE,xentro,montalban-town-center,Montalban Town Center,
missing link,Missing Link,megaworld,eastwood-cyber-mall,Eastwood Cyber Mall,
miss tea cafe,MISS TEA CAFE,robinsons,robinsons-palawan,Robinsons Place Palawan,south-luzon
miss olives ice cream,MISS OLIVE'S ICE CREAM,robinsons,robinsons-tagum,Robinsons Place Tagum,mindanao
miss esthe,Miss Esthe,megaworld,uptown-mall,Uptown Mall,
misreen pet food & accessories,Misreen Pet Food & Accessories,ortigas,tiendesitas,Tiendesitas,metro-manila
mismukuno,MISMUKUNO,ayala,ayala-center-cebu,Ayala Center Cebu,visayas
misen homewares,Misen Homewares,fishermall,quezonave,Fisher Mall Quezon Avenue,metro-manila
misaki,Misaki,filinvest,festival-mall,Festival Mall,metro-manila
mirrors salon & spa,MIRRORS SALON & SPA,robinsons,robinsons-north-tacloban,Robinsons North Tacloban,visayas
mister donut kiosk,MISTER DONUT KIOSK,robinsons,robinsons-novaliches,Robinsons Novaliches,metro-manila
mirrored his & hers studio,MIRRORED HIS & HERS STUDIO,sm,smdc-fame-mall,SMDC Fame Mall,smdc
miratap,Miratap,ortigas,greenhills,Greenhills,metro-manila
mirangcurl korea salon,MIRANGCURL KOREA SALON,ayala,ayala-malls-central-bloc,Ayala Malls Central Bloc,visayas
zuriels gadget & accessories shop,Zuriel's Gadget & Accessories Shop,robinsons,robinsons-galleria-cebu,Robinsons Galleria Cebu,visayas
zya & knox home furniture,ZYA & KNOX HOME FURNITURE,ayala,ayala-market-market,Market! Market!,metro-manila
zyberauto,ZYBERAUTO,robinsons,robinsons-starmills,Robinsons Starmills,north-luzon
zyberone service center,ZYBERONE SERVICE CENTER,sm,sm-city-fairview,SM City Fairview,metro-manila
zydnieland ferielle,ZYDNIELAND FERIELLE,sm,sm-city-dasmarinas,SM City Dasmariñas,south-luzon
mira stationers,MIRA STATIONERS,robinsons,opus,Opus Mall,metro-manila
miquits therapeutic blind massage,MIQUITS THERAPEUTIC BLIND MASSAGE,sm,sm-city-bacolod,SM City Bacolod,visayas
miquesi salon,Miquesi Salon,megaworld,forbes-town,Forbes Town,
mister donut cafe,MISTER DONUT CAFE,sm,sm-city-bacolod,SM City Bacolod,visayas
mister donut zagu,MISTER DONUT / ZAGU,xentro,xentro-mall-cabagan,XentroMall Cabagan,
mizuki,Mizuki,megaworld,festive-walk-mall-iloilo,Festive Walk Mall,
mix eat,Mix Eat,robinsons,robinsons-galleria-cebu,Robinsons Galleria Cebu,visayas
mixx,MIXX,robinsons,robinsons-gentrias,Robinsons Place Gen. Trias,south-luzon
zn pearl shake,ZN Pearl Shake,robinsons,robinsons-starmills,Robinsons Starmills,north-luzon
mixue ice cream & tea,MIXUE ICE CREAM & TEA,robinsons,robinsons-cainta,Robinsons Cainta,metro-manila
mixue ice cream,MIXUE ICE CREAM,ayala,ayala-harbor-point,Harbor Point,north-luzon
mixte,Mixté,ortigas,greenhills,Greenhills,metro-manila
zojirushi,ZOJIRUSHI,ayala,ayala-greenbelt,Greenbelt,metro-manila
zoofari,ZOOFARI,sm,sm-city-davao,SM City Davao,mindanao
zoomoov,Zoomoov,megaworld,lucky-chinatown-imperial-wing,Lucky Chinatown - Imperial Wing,
mix n magic,Mix n Magic,gmall,gmall-of-davao,GMall of Davao,mindanao
mix in style,Mix In Style,robinsons,robinsons-tuguegarao,Robinsons Place Tuguegarao,north-luzon
mix gems,Mix Gems,ortigas,greenhills,Greenhills,metro-manila
zorro boomz petshop,Zorro Boomz Petshop,ortigas,tiendesitas,Tiendesitas,metro-manila
mister frosty,MISTER FROSTY,sm,sm-city-clark,SM City Clark,north-luzon
mitubl,MITUBL,sm,sm-city-general-santos,SM City General Santos,mindanao
mitsuhana,MITSUHANA,robinsons,opus,Opus Mall,metro-manila
mitsubishi motors fast autoworld,MITSUBISHI MOTORS - FAST AUTOWORLD,sm,sm-jmall,SM J Mall,visayas
mitsubishi motors cebu lifestlye center,MITSUBISHI MOTORS CEBU LIFESTLYE CENTER,sm,sm-seaside-city-cebu,SM Seaside City Cebu,visayas
zozo frozen yogurt,ZOZO FROZEN YOGURT,sm,sm-city-general-santos,SM City General Santos,mindanao
zte mobile,ZTE MOBILE,sm,sm-city-dasmarinas,SM City Dasmariñas,south-luzon
ztwo,Ztwo,robinsons,robinsons-valencia,Robinsons Place Valencia,mindanao
zu,Zu,ortigas,greenhills,Greenhills,metro-manila
mita,Mita,robinsons,robinsons-gen-san,Robinsons Place GenSan,mindanao
zu boh ti,ZU BOH TI,robinsons,robinsons-gapan,Robinsons Gapan,north-luzon
mister siomai atbp,MISTER SIOMAI ATBP,sm,smdc-strip-at-trees,SMDC Strip at Trees,smdc
zeb fashion boutique 9685856392,ZEB FASHION BOUTIQUE 9685856392,robinsons,robinsons-cybergate-cebu,Robinsons Cybergate Cebu,visayas
mobile circuit,Mobile Circuit,filinvest,festival-mall,Festival Mall,metro-manila
yoshimeatsu,Yoshimeatsu,megaworld,san-lorenzo-place-mall,San Lorenzo Place Mall,
yssabelle aesthetics and wellness,YSSABELLE AESTHETICS AND WELLNESS,ayala,ayala-manila-bay,Ayala Malls Manila Bay,metro-manila
ysa dermatology & dentistry,Ysa Dermatology & Dentistry,robinsons,robinsons-galleria-ortigas,Robinsons Galleria,metro-manila
ysa skin & body experts,Ysa Skin & Body Experts,robinsons,robinsons-metro-east,Robinsons Metro East,metro-manila
ysa skin and body experts,Ysa Skin And Body Experts,filinvest,festival-mall,Festival Mall,metro-manila
ysa skin care,Ysa Skin Care,robinsons,robinsons-malolos,Robinsons Place Malolos,north-luzon
moms ube choco champorado,MOMS UBE-CHOCO CHAMPORADO,robinsons,robinsons-manila,Robinsons Place Manila,metro-manila
moms ube and triple chocolate champorado,MOM'S UBE AND TRIPLE CHOCOLATE CHAMPORADO,robinsons,robinsons-novaliches,Robinsons Novaliches,metro-manila
ysa skin care center dermatology dentistry,Ysa Skin Care Center Dermatology - Dentistry,megaworld,forbes-town,Forbes Town,
ysabela drink corner,YSABELA DRINK CORNER,xentro,ab-central,Ab Central,
momoyo ice cream & iced coffee,Momoyo Ice Cream & Iced Coffee,robinsons,robinsons-galleria-cebu,Robinsons Galleria Cebu,visayas
ysl fragrance,YSL Fragrance,megaworld,uptown-mall,Uptown Mall,
ysobel art gallery,YSOBEL ART GALLERY,ayala,ayala-serendra,Shops at Serendra,metro-manila
ystilo,Ystilo,ortigas,greenhills,Greenhills,metro-manila
monarch montage skin science and medical aesthetics,Monarch Montage Skin Science And Medical Aesthetics,filinvest,main-square,Main Square,south-luzon
ytelcom,Ytelcom,gmall,gmall-of-toril,GMall of Toril,mindanao
momo cart,Momo Cart,robinsons,robinsons-gentrias,Robinsons Place Gen. Trias,south-luzon
mommas fresh lumpia,MOMMAS FRESH LUMPIA,sm,sm-city-bacoor,SM City Bacoor,south-luzon
mom ube choco champorado,MOM' UBE CHOCO CHAMPORADO,robinsons,robinsons-antipolo,Robinsons Place Antipolo,metro-manila
mom czes pares mami house,Mom Cze's Pares Mami House,robinsons,robinsons-north-tacloban,Robinsons North Tacloban,visayas
yucca wellness spa,YUCCA WELLNESS SPA,sm,sm-mall-of-asia,SM Mall of Asia,metro-manila
yummy,Yummy,gmall,gmall-of-davao,GMall of Davao,mindanao
molino grill,Molino Grill,robinsons,robinsons-naga,Robinsons Place Naga,south-luzon
yummy niku,YUMMY NIKU,sm,sm-city-cabanatuan,SM City Cabanatuan,north-luzon
moi s empanada,Moi\'s Empanada,gmall,gmall-of-tagum,GMall of Tagum,mindanao
moderna,Moderna,megaworld,uptown-parade,Uptown Parade,
yrys,YRYS,sm,sm-city-fairview,SM City Fairview,metro-manila
mondae,MONDAE,sm,sm-center-pulilan,SM Center Pulilan,north-luzon
modern shang and fish & co,Modern Shang and Fish & Co,robinsons,robinsons-magnolia,Robinsons Magnolia,metro-manila
mons takuyaki japanese food cart,MONS TAKUYAKI JAPANESE FOOD CART,sm,sm-city-iloilo,SM City Iloilo,visayas
montesa medical group aesthetic center,MONTESA MEDICAL GROUP AESTHETIC CENTER,ayala,ayala-circuit,Ayala Malls Circuit,metro-manila
monters siomai,MONTERS SIOMAI,robinsons,robinsons-starmills,Robinsons Starmills,north-luzon
monteal money changer,Monteal Money Changer,megaworld,venice-grand-canal-mall,Venice Grand Canal Mall,
montblanc,MONTBLANC,ayala,ayala-greenbelt,Greenbelt,metro-manila
mont blanc,Mont-Blanc,robinsons,robinsons-jaro,Robinsons Place Jaro,visayas
young artist studio,Young Artist Studio,ortigas,estancia,Estancia,metro-manila
younglim,YOUNGLIM,sm,sm-cdo-downtown,SM CDO Downtown Premier,mindanao
monster radio,Monster Radio,gmall,gmall-of-davao,GMall of Davao,mindanao
your dental place,Your Dental Place,megaworld,newport-city,Newport City,
your eyewear specialist,Your Eyewear Specialist,fishermall,quezonave,Fisher Mall Quezon Avenue,metro-manila
yowell all you can,YOWELL ALL YOU CAN,sm,sm-city-masinag,SM City Masinag,metro-manila
mono mansion,MONO MANSION,sm,s-maison,S Maison,metro-manila
money changer,Money Changer,robinsons,robinsons-cybergate-cebu,Robinsons Cybergate Cebu,visayas
yoyi,YOYI,sm,sm-city-bacolod,SM City Bacolod,visayas
yoyis cakes & pastries,Yoyi's Cakes & Pastries,robinsons,robinsons-ormoc,Robinsons Place Ormoc,visayas
mono echelon,Mono / Echelon,gmall,gmall-of-davao,GMall of Davao,mindanao
monki,MONKI,sm,sm-mall-of-asia,SM Mall of Asia,metro-manila
monkey grounds coffee,Monkey Grounds Coffee,megaworld,festive-walk-parade,Festive Walk Parade,
monicas handicrafts,MONICAS HANDICRAFTS,sm,sm-city-fairview,SM City Fairview,metro-manila
monicas apartment laundry room,Monica's Apartment Laundry Room,megaworld,venice-grand-canal-mall,Venice Grand Canal Mall,
mongolian stir fried noodles,MONGOLIAN STIR FRIED NOODLES,robinsons,robinsons-valencia,Robinsons Place Valencia,mindanao
yoyis pastries and desserts,Yoyi's Pastries and Desserts,robinsons,robinsons-north-tacloban,Robinsons North Tacloban,visayas
money xpress,Money Xpress,megaworld,eastwood-city-walk,Eastwood City Walk,
yoyong palima photography,Yoyong Palima Photography,gmall,gmall-of-davao,GMall of Davao,mindanao
modern smiles,MODERN SMILES,sm,smdc-strip-at-shine,SMDC Strip at Shine,smdc
yummy panghimagas,YUMMY PANGHIMAGAS,sm,sm-city-pampanga,SM City Pampanga,north-luzon
zcc mobile,ZCC Mobile,gmall,gmall-of-digos,GMall of Digos,mindanao
mobile networks,Mobile Networks,gmall,gmall-of-toril,GMall of Toril,mindanao
mobile tech ave,MOBILE TECH AVE,sm,sm-city-manila,SM City Manila,metro-manila
zaki potato fries avenue,ZAKI POTATO FRIES AVENUE,sm,sm-city-lipa,SM City Lipa,south-luzon
zakka,Zakka,filinvest,festival-mall,Festival Mall,metro-manila
zamin,Zamin,robinsons,robinsons-iloilo,Robinsons Place Iloilo,visayas
zamin exchange,Zamin Exchange,robinsons,robinsons-cybergate-davao,Robinsons Cybergate Davao,mindanao
mobile shop,MOBILE SHOP,ayala,ayala-marquee,MarQuee Mall,north-luzon
mobile shield,MOBILE SHIELD,sm,sm-city-urdaneta-central,SM City Urdaneta Central,north-luzon
zandys goodies 9685728514,ZANDY'S GOODIES 9685728514,robinsons,robinsons-butuan,Robinsons Place Butuan,mindanao
mobile place,MOBILE PLACE,sm,sm-city-marilao,SM City Marilao,north-luzon
zao,ZAO,ortigas,greenhills,Greenhills,metro-manila
mobile outfitters,Mobile Outfitters,megaworld,venice-grand-canal-mall,Venice Grand Canal Mall,
zar clothing collection,ZAR CLOTHING COLLECTION,xentro,morong-centerpoint,Morong Centerpoint,
mobile to go,Mobile To Go,ortigas,greenhills,Greenhills,metro-manila
zara s travel,Zara\'s Travel,gmall,gmall-of-tagum,GMall of Tagum,mindanao
zarah fashion boutique argentee,ZARAH FASHION BOUTIQUE ARGENTEE,xentro,montalban-town-center,Montalban Town Center,
mobile g mik,MOBILE G-MIK,sm,sm-city-marilao,SM City Marilao,north-luzon
zarah juan,ZARAH JUAN,ayala,ayala-greenbelt,Greenbelt,metro-manila
zaras travel & tour cebu pacific,Zara's Travel & Tour - Cebu pacific,robinsons,robinsons-tagum,Robinsons Place Tagum,mindanao
zarks,Zark's,megaworld,southwoods-mall,Southwoods Mall,
zatazza cafe,Zatazza Cafe,robinsons,robinsons-jaro,Robinsons Place Jaro,visayas
mobile extras,Mobile Extras,robinsons,robinsons-malolos,Robinsons Place Malolos,north-luzon
zaxy,ZAXY,sm,sm-city-santa-rosa,SM City Santa Rosa,south-luzon
zayre medical supplies,Zayre Medical Supplies,robinsons,robinsons-naga,Robinsons Place Naga,south-luzon
mobile core,MOBILE CORE,sm,sm-city-marilao,SM City Marilao,north-luzon
zaine cosmetics,ZAINE COSMETICS,starmall,san-jose-del-monte,Starmall San Jose del Monte,north-luzon
zaigold,Zaigold,ortigas,greenhills,Greenhills,metro-manila
modern pet,Modern Pet,megaworld,arcovia-city,Arcovia City,
yvan,YVAN,robinsons,robinsons-dumaguete,Robinsons Place Dumaguete,visayas
modern optics and eye center,MODERN OPTICS AND EYE CENTER,sm,sm-city-santa-rosa,SM City Santa Rosa,south-luzon
modern optics,MODERN OPTICS,sm,sm-city-san-lazaro,SM City San Lazaro,metro-manila
modern gadgets,Modern Gadgets,filinvest,festival-mall,Festival Mall,metro-manila
modern dental studio,Modern Dental Studio,megaworld,eastwood-city-walk,Eastwood City Walk,
yummy treats,YUMMY TREATS,robinsons,robinsons-lipa,Robinsons Place Lipa,south-luzon
modern bamboo,MODERN BAMBOO,sm,sm-mall-of-asia,SM Mall of Asia,metro-manila
yuvolt,YUVOLT,sm,sm-city-rosales,SM City Rosales,north-luzon
modbed,modbed,ortigas,estancia,Estancia,metro-manila
mod audio ph,MOD AUDIO PH,sm,sm-mall-of-asia,SM Mall of Asia,metro-manila
mochi mama,MOCHI MAMA,sm,sm-city-north-edsa,SM City North Edsa,metro-manila
mobteq,MOBTEQ,sm,sm-city-cagayan-de-oro,SM City CDO Uptown,mindanao
yves rocher france,Yves Rocher France,filinvest,festival-mall,Festival Mall,metro-manila
mobile works,MOBILE WORKS,sm,sm-center-pasig,SM Center Pasig,metro-manila
z and z print labs,Z AND Z PRINT LABS,sm,sm-city-novaliches,SM City Novaliches,metro-manila
za wrap food express,ZA-WRAP FOOD EXPRESS,sm,sm-city-calamba,SM City Calamba,south-luzon
zabroso pizza & pasta,ZABROSO PIZZA & PASTA,sm,sm-city-roxas,SM City Roxas,visayas
zachasia,Zachasia,filinvest,fora,Fora Mall,south-luzon
mobistar cellphone and accessories,MOBISTAR CELLPHONE AND ACCESSORIES,robinsons,robinsons-novaliches,Robinsons Novaliches,metro-manila
zachys sweetreats pastillas collection,ZACHYS SWEETREATS PASTILLAS COLLECTION,sm,sm-city-north-edsa,SM City North Edsa,metro-manila
mobility scooter kiosk,MOBILITY SCOOTER KIOSK,robinsons,robinsons-manila,Robinsons Place Manila,metro-manila
zagu exterior,ZAGU EXTERIOR,starmall,edsa-shaw,Starmall EDSA-Shaw,metro-manila
mobilinks,MOBILINKS,robinsons,robinsons-butuan,Robinsons Place Butuan,mindanao
zagu foods gf,ZAGU FOODS GF,starmall,edsa-shaw,Starmall EDSA-Shaw,metro-manila
zagu potato corner,ZAGU POTATO CORNER,xentro,xentro-mall-lemery,XentroMall Lemery,
world harvest church,WORLD HARVEST CHURCH,ayala,ayala-fairview-mall,Fairview Terraces,metro-manila
world coffee,World Coffee,filinvest,festival-mall,Festival Mall,metro-manila
my gems,My Gems,ortigas,greenhills,Greenhills,metro-manila
nomikai gastropub,Nomikai Gastropub,robinsons,robinsons-tacloban,Robinsons Place Tacloban,visayas
vsing philippines,VSing Philippines,megaworld,uptown-parade,Uptown Parade,
vuddy vuddy,VUDDY VUDDY,sm,sm-city-cabanatuan,SM City Cabanatuan,north-luzon
noodle house exhibit,NOODLE HOUSE EXHIBIT,sm,sm-city-sucat,SM City Sucat,metro-manila
noodle house 0917 862 4055,NOODLE HOUSE 0917 862 4055,robinsons,robinsons-sta-rosa,Robinsons Sta. Rosa,south-luzon
vvt,VVT,robinsons,robinsons-santiago,Robinsons Place Santiago,north-luzon
vxi global holdings,VXI GLOBAL HOLDINGS,robinsons,robinsons-cybergate-davao,Robinsons Cybergate Davao,mindanao
nonnas pasta & pizzeria,NONNA'S PASTA & PIZZERIA,ayala,ayala-solenad,Ayala Malls Nuvali,south-luzon
nonki japanese restaurant,NONKI JAPANESE RESTAURANT,sm,sm-city-cebu,SM City Cebu,visayas
waffle 101,WAFFLE 101,sm,sm-city-santa-rosa,SM City Santa Rosa,south-luzon
noms,NOMS,sm,sm-city-pampanga,SM City Pampanga,north-luzon
nomikashi,NOMIKASHI,sm,sm-city-novaliches,SM City Novaliches,metro-manila
waffle fun,WAFFLE FUN,xentro,montalban-town-center,Montalban Town Center,
noodles everyday,Noodles Everyday,megaworld,lucky-chinatown-mall,Lucky Chinatown Mall,
noahs petsmart,NOAH'S PETSMART,ayala,ayala-centrio,Centrio Mall,mindanao
waffle mate,WAFFLE MATE,sm,sm-city-pampanga,SM City Pampanga,north-luzon
waffle time 9954641325,Waffle Time 9954641325,robinsons,robinsons-dumaguete,Robinsons Place Dumaguete,visayas
wafflehaus,Wafflehaus,robinsons,robinsons-manila,Robinsons Place Manila,metro-manila
wagas crafts,WAGAS CRAFTS,ayala,ayala-center-cebu,Ayala Center Cebu,visayas
wagyu,Wagyu,megaworld,forbes-town,Forbes Town,
wai ying dimsum,Wai Ying Dimsum,megaworld,lucky-chinatown-imperial-wing,Lucky Chinatown - Imperial Wing,
no strips salon 0907 509 7345,NO STRIPS SALON 0907-509-7345,robinsons,robinsons-cybergate-cebu,Robinsons Cybergate Cebu,visayas
wakuland exhibit,WAKULAND EXHIBIT,xentro,xentro-mall-san-andres,XentroMall San Andres,
no problem stk,NO PROBLEM STK,sm,sm-jmall,SM J Mall,visayas
no problem lets go bingo,No Problem Lets Go Bingo,robinsons,robinsons-tacloban,Robinsons Place Tacloban,visayas
vryrus gsm ent,Vryrus GSM Ent.,robinsons,robinsons-antipolo,Robinsons Place Antipolo,metro-manila
noon talk,NOON TALK,sm,sm-mall-of-asia,SM Mall of Asia,metro-manila
no brand,NO BRAND,ayala,ayala-glorietta,Glorietta,metro-manila
norsaimah,Norsaimah,robinsons,robinsons-novaliches,Robinsons Novaliches,metro-manila
notary public,Notary Public,robinsons,robinsons-sta-rosa,Robinsons Sta. Rosa,south-luzon
not just silver,Not Just Silver,robinsons,robinsons-palawan,Robinsons Place Palawan,south-luzon
not for lease,NOT FOR LEASE,xentro,xentro-mall-roxas,XentroMall Roxas,
vivre medical group,THE VIVRE MEDICAL GROUP,sm,smdc-strip-at-shore,SMDC Strip at Shore,smdc
nostalgia kings silver,NOSTALGIA KINGS SILVER,xentro,montalban-town-center,Montalban Town Center,
nose boop,Nose Boop,megaworld,venice-grand-canal-mall,Venice Grand Canal Mall,
north tech,NORTH TECH,sm,sm-city-rosales,SM City Rosales,north-luzon
vloved,VLOVED,robinsons,robinsons-galleria-ortigas,Robinsons Galleria,metro-manila
vmaxx cellphone & accessories shop,VMAXX Cellphone & Accessories Shop,waltermart,sta-rosa-bel-air,WalterMart Sta. Rosa Bel-Air,south-luzon
north dental clinic,NORTH DENTAL CLINIC,sm,sm-city-consolacion,SM City Consolacion,visayas
north brew,NORTH BREW,sm,sm-city-baguio,SM City Baguio,north-luzon
nors footwear,NORS FOOTWEAR,robinsons,robinsons-novaliches,Robinsons Novaliches,metro-manila
vq smart,VQ - SMART,sm,sm-city-lucena,SM City Lucena,south-luzon
nori san,NORI-SAN,sm,sm-cherry-shaw,SM Center Shaw,metro-manila
voice,Voice,robinsons,robinsons-antipolo,Robinsons Place Antipolo,metro-manila
voice solutions,VOICE SOLUTIONS,starmall,san-jose-del-monte,Starmall San Jose del Monte,north-luzon
nords bread hub,NORDS BREAD HUB,sm,sm-city-north-edsa,SM City North Edsa,metro-manila
noralyns beauty product,NORALYN'S BEAUTY PRODUCT,xentro,xentro-mall-tumauini,XentroMall Tumauini,
nora salon,Nora Salon,robinsons,robinsons-manila,Robinsons Place Manila,metro-manila
vonel salon and spa,VONEL SALON AND SPA,ayala,ayala-serin,Ayala Malls Serin,south-luzon
noontalk nail lounge,NOONTALK NAIL LOUNGE,robinsons,robinsons-antipolo,Robinsons Place Antipolo,metro-manila
noonsaram korean cafe,NOONSARAM KOREAN CAFE,sm,sm-lanang,SM Lanang,mindanao
vpharma 9493526427,VPHARMA 9493526427,robinsons,robinsons-magnolia,Robinsons Magnolia,metro-manila
vpower accessories,Vpower Accessories,gmall,gmall-of-tagum,GMall of Tagum,mindanao
no curfew,NO CURFEW,sm,sm-city-iloilo,SM City Iloilo,visayas
no bad days coffee,No Bad Days Coffee,megaworld,southwoods-mall,Southwoods Mall,
nouveau skin clinic,NOUVEAU SKIN CLINIC,ayala,ayala-marikina,Ayala Malls Marikina,metro-manila
watch empire,Watch Empire,ortigas,estancia,Estancia,metro-manila
washore laundry shop,WASHORE LAUNDRY SHOP,sm,smdc-strip-at-shore,SMDC Strip at Shore,smdc
wat pho,WAT PHO,robinsons,robinsons-malolos,Robinsons Place Malolos,north-luzon
nikkei,NIKKEI,sm,the-podium,The Podium,metro-manila
nike zone,Nike Zone,robinsons,robinsons-starmills,Robinsons Starmills,north-luzon
nike sports center,NIKE SPORTS CENTER,ayala,ayala-capitol-central,Ayala Malls Capitol Central,visayas
nike outlet,Nike Outlet,ortigas,greenhills,Greenhills,metro-manila
watami grill sushi bar,WATAMI GRILL SUSHI BAR,sm,s-maison,S Maison,metro-manila
nihonkai tsukiji,Nihonkai Tsukiji,megaworld,venice-grand-canal-mall,Venice Grand Canal Mall,
nightshade cocktails & spirits,Nightshade Cocktails & Spirits,megaworld,mckinley-west,McKinley West,
watami japanese restaurant,WATAMI JAPANESE RESTAURANT,sm,sm-city-clark,SM City Clark,north-luzon
watch ceantral,WATCH CEANTRAL,robinsons,robinsons-tagum,Robinsons Place Tagum,mindanao
nids binalot,Nid's Binalot,robinsons,robinsons-lipa,Robinsons Place Lipa,south-luzon
washin where,WASHIN WHERE,sm,sm-city-baguio,SM City Baguio,north-luzon
nicoletti home,Nicoletti Home,megaworld,mckinley-west,McKinley West,
nicolette bakery cafe,NICOLETTE BAKERY CAFE,sm,sm-city-iloilo,SM City Iloilo,visayas
nicole gadgets,Nicole Gadgets,ortigas,greenhills,Greenhills,metro-manila
nicks,NICKS,sm,sm-city-bacolod,SM City Bacolod,visayas
nichomart,Nichomart,robinsons,robinsons-novaliches,Robinsons Novaliches,metro-manila
nice day carwash,NICE DAY CARWASH,starmall,talisay,Starmall Talisay Cebu,visayas
ngohiong express,NGOHIONG EXPRESS,ayala,ayala-malls-central-bloc,Ayala Malls Central Bloc,visayas
ngitiann dental clinic,Ngitiann Dental Clinic,xentro,shopking,Shopking,
ngenius it hub,NGENIUS IT HUB,sm,sm-city-cebu,SM City Cebu,visayas
watch station,Watch Station,gmall,gmall-of-tagum,GMall of Tagum,mindanao
newtopia,Newtopia,robinsons,robinsons-iloilo,Robinsons Place Iloilo,visayas
nikola moto,NIKOLA MOTO,sm,sm-city-north-edsa,SM City North Edsa,metro-manila
wash up,WASH UP,ayala,ayala-center-cebu,Ayala Center Cebu,visayas
no 1 malatang,No.1 Malatang,ortigas,greenhills,Greenhills,metro-manila
nitro 7 coffee tea bar,NITRO 7 COFFEE TEA BAR,sm,sm-city-sucat,SM City Sucat,metro-manila
waling flowers,WALING FLOWERS,ayala,ayala-abreeza,Abreeza,mindanao
walker,WALKER,araneta,farmers-plaza,Farmers Plaza,metro-manila
nn photo kodak,NN PHOTO/KODAK,xentro,northstar-mall,Northstar Mall,
nmb kiosk,NMB KIOSK,xentro,xentro-mall-lemery,XentroMall Lemery,
walkstar shop rtr,Walkstar Shop RTR (Res-Toe-Run),robinsons,robinsons-jaro,Robinsons Place Jaro,visayas
njb printing & souvenir shop,NJB PRINTING & SOUVENIR SHOP,waltermart,erodriguez,WalterMart E.Rodriguez,metro-manila
nj fashion,NJ Fashion,gmall,gmall-of-tagum,GMall of Tagum,mindanao
wally magic,Wally Magic,gmall,gmall-of-davao,GMall of Davao,mindanao
niya claw machine,NIYA CLAW MACHINE,robinsons,robinsons-novaliches,Robinsons Novaliches,metro-manila
waltermart cinema,WalterMart Cinema,waltermart,gapan,WalterMart Gapan,north-luzon
wam skin clinic and medical spa,Wam Skin Clinic And Medical Spa,filinvest,festival-mall,Festival Mall,metro-manila
nitro 7 coffee 9395400418,Nitro 7 Coffee 9395400418,robinsons,robinsons-magnolia,Robinsons Magnolia,metro-manila
ninetygo,NINETYGO,sm,sm-city-north-edsa,SM City North Edsa,metro-manila
nitro 7 coffee,Nitro 7 Coffee,ortigas,greenhills,Greenhills,metro-manila
nitro 7,NITRO 7,sm,sm-megamall,SM Megamall,metro-manila
nitori,Nitori,filinvest,festival-mall,Festival Mall,metro-manila
nissan showroom,NISSAN SHOWROOM,robinsons,robinsons-las-pinas,Robinsons Place Las Pinas,metro-manila
nissan car display,Nissan Car Display,robinsons,robinsons-tacloban,Robinsons Place Tacloban,visayas
wasei care,Wasei Care,robinsons,robinsons-pavia,Robinsons Place Pavia,visayas
niseko coffee,Niseko Coffee,ortigas,greenhills,Greenhills,metro-manila
wash & wear,WASH & WEAR,robinsons,galleria-south,Robinsons Galleria South,south-luzon
nisce skin medispa,NISCE SKIN MEDISPA,sm,sm-city-urdaneta-central,SM City Urdaneta Central,north-luzon
nisce skin clinic,NISCE SKIN CLINIC (0930-648-9600),robinsons,robinsons-la-union,Robinsons Place La Union,north-luzon
wash n wear 9669776715,Wash N' Wear 9669776715,robinsons,robinsons-magnolia,Robinsons Magnolia,metro-manila
nothing but laundry,Nothing But Laundry,megaworld,eastwood-cyber-mall,Eastwood Cyber Mall,
nova skin,Nova Skin,ortigas,greenhills,Greenhills,metro-manila
world chicken house,WORLD CHICKEN HOUSE,sm,sm-city-bacolod,SM City Bacolod,visayas
villarica,Villarica,ortigas,greenhills,Greenhills,metro-manila
octo takoyaki,OCTO TAKOYAKI,robinsons,the-plaza,The Plaza Bagong Silang,metro-manila
octavians rtw surplus mega cellular network inc,"OCTAVIAN'S RTW SURPLUS MEGA CELLULAR NETWORK, INC",xentro,montalban-town-center,Montalban Town Center,
vilcrafty handicraft,VILCRAFTY HANDICRAFT,araneta,farmers-plaza,Farmers Plaza,metro-manila
octagon computer shop,OCTAGON COMPUTER SHOP,robinsons,robinsons-pagadian,Robinsons Pagadian,mindanao
octagon al obied,Octagon AL - OBIED,xentro,xentro-mall-calapan,XentroMall Calapan,
village art gallery,VILLAGE ART GALLERY,ayala,ayala-greenbelt,Greenbelt,metro-manila
villalon padron dental clinic and dental laboratory,VILLALON-PADRON DENTAL CLINIC AND DENTAL LABORATORY,sm,sm-city-novaliches,SM City Novaliches,metro-manila
ochie,Ochie,ortigas,greenhills,Greenhills,metro-manila
ochado,Ochado,filinvest,festival-mall,Festival Mall,metro-manila
oceannail nail and lashes salon,OCEANNAIL NAIL AND LASHES SALON,ayala,ayala-marquee,MarQuee Mall,north-luzon
ocean seafood restaurant,OCEAN SEAFOOD RESTAURANT,sm,sm-by-the-bay,SM By the Bay,metro-manila
villarosa creations,VILLAROSA CREATIONS,sm,sm-city-clark,SM City Clark,north-luzon
octoboy unli wagyu and seafood grill,OCTOBOY UNLI WAGYU AND SEAFOOD GRILL,sm,sm-city-fairview,SM City Fairview,metro-manila
occupational safety and health center,OCCUPATIONAL SAFETY AND HEALTH CENTER,ayala,ayala-legazpi,Ayala Malls Legazpi,south-luzon
occassions,OCCASSIONS,ayala,ayala-market-market,Market! Market!,metro-manila
occassion gift shop,OCCASSION GIFT SHOP,araneta,ali-mall,Ali Mall,metro-manila
vincent hobby shop,Vincent Hobby Shop,filinvest,festival-mall,Festival Mall,metro-manila
ocampos fine jewellery,Ocampo's Fine Jewellery,robinsons,robinsons-galleria-ortigas,Robinsons Galleria,metro-manila
vincents hobby shop,VINCENT'S HOBBY SHOP,araneta,farmers-plaza,Farmers Plaza,metro-manila
obrang pilipino,OBRANG PILIPINO,sm,sm-city-north-edsa,SM City North Edsa,metro-manila
vinci medical aesthetics,Vinci Medical Aesthetics,filinvest,dumaguete,Filinvest Malls Dumaguete,visayas
vinfast,VINFAST,robinsons,robinsons-tuguegarao,Robinsons Place Tuguegarao,north-luzon
vintage photo booth,Vintage Photo Booth,robinsons,robinsons-dumaguete,Robinsons Place Dumaguete,visayas
vintage restore,VINTAGE RESTORE,sm,the-podium,The Podium,metro-manila
viktor jeans,VIKTOR JEANS,ayala,ayala-greenbelt,Greenbelt,metro-manila
vikings venue,VIKINGS VENUE,sm,sm-by-the-bay,SM By the Bay,metro-manila
vintage vision international,Vintage Vision International,robinsons,robinsons-starmills,Robinsons Starmills,north-luzon
office,The Office,ortigas,estancia,Estancia,metro-manila
victorious one,VICTORIOUS ONE,xentro,ab-central,Ab Central,
ogetsu hime,OGETSU HIME,sm,sm-aura,SM Aura,metro-manila
ogawa japanese restaurant,Ogawa Japanese Restaurant,megaworld,mckinley-west,McKinley West,
ogawa 8571 0812,OGAWA 8571-0812,robinsons,robinsons-magnolia,Robinsons Magnolia,metro-manila
victory,VICTORY,robinsons,robinsons-gentrias,Robinsons Place Gen. Trias,south-luzon
ofixph,OFIXPH,sm,sm-city-north-edsa,SM City North Edsa,metro-manila
officine universelle buly,OFFICINE UNIVERSELLE BULY,ayala,ayala-greenbelt,Greenbelt,metro-manila
victory christian fellowship 0977 806 6323,Victory Christian Fellowship 0977-806-6323,robinsons,robinsons-sta-rosa,Robinsons Sta. Rosa,south-luzon
officepartners 360 inc,OFFICEPARTNERS 360 INC,sm,sm-cdo-downtown,SM CDO Downtown Premier,mindanao
office of the city prosecutor,Office Of The City Prosecutor,filinvest,main-square,Main Square,south-luzon
office ergonomics,Office Ergonomics,filinvest,festival-mall,Festival Mall,metro-manila
off price el torogi,"OFF PRICE, EL TOROGI",xentro,xentro-mall-cabagan,XentroMall Cabagan,
od cafe express,OD CAFE EXPRESS,robinsons,robinsons-galleria-ortigas,Robinsons Galleria,metro-manila
odz whitening beauty products,ODZ Whitening Beauty Products,robinsons,robinsons-novaliches,Robinsons Novaliches,metro-manila
odyssey driving school,ODYSSEY DRIVING SCHOOL,sm,sm-city-cagayan-de-oro,SM City CDO Uptown,mindanao
victory churches of asia,VICTORY CHURCHES OF ASIA,starmall,san-jose-del-monte,Starmall San Jose del Monte,north-luzon
odysseus suarez wedding rings 9451382492,ODYSSEUS SUAREZ WEDDING RINGS 9451382492,robinsons,robinsons-butuan,Robinsons Place Butuan,mindanao
victory of althea travels & tours,VICTORY OF ALTHEA TRAVELS & TOURS,robinsons,robinsons-lipa,Robinsons Place Lipa,south-luzon
videotel 1,Videotel 1,gmall,gmall-of-davao,GMall of Davao,mindanao
oden house of pearl,ODEN HOUSE OF PEARL,robinsons,robinsons-palawan,Robinsons Place Palawan,south-luzon
viennes treasure fine jewelry,VIENNES TREASURE FINE JEWELRY,sm,sm-city-batangas,SM City Batangas,south-luzon
viewers telecom,VIEWERS TELECOM,sm,sm-city-lucena,SM City Lucena,south-luzon
vikings luxury buffet 8845 4647,VIKINGS LUXURY BUFFET (02) 8845-4647,robinsons,robinsons-antipolo,Robinsons Place Antipolo,metro-manila
oddballs,Oddballs,filinvest,festival-mall,Festival Mall,metro-manila
vintage vision,Vintage Vision,robinsons,robinsons-dumaguete,Robinsons Place Dumaguete,visayas
o2 wellness k beauty,O2 Wellness K-Beauty,megaworld,newport-city,Newport City,
viviers blooms,VIVIERS BLOOMS,sm,sm-city-lucena,SM City Lucena,south-luzon
nu fairview inc,NU FAIRVIEW INC,sm,sm-city-fairview,SM City Fairview,metro-manila
nullspace,Nullspace,megaworld,uptown-mall,Uptown Mall,
nuggets foreign exchange services,NUGGETS FOREIGN EXCHANGE SERVICES,robinsons,robinsons-novaliches,Robinsons Novaliches,metro-manila
nude floor dance studio,NUDE FLOOR DANCE STUDIO,ayala,ayala-circuit,Ayala Malls Circuit,metro-manila
viseversa,VISEVERSA,ayala,ayala-trinoma,Trinoma,metro-manila
nuat thai premier,NUAT THAI PREMIER,sm,smdc-air-mall,SMDC Air Mall,smdc
vision express counter,Vision Express Counter,filinvest,festival-mall,Festival Mall,metro-manila
vision hub,Vision Hub,xentro,shopking,Shopking,
vision link optical,VISION LINK OPTICAL,xentro,morong-centerpoint,Morong Centerpoint,
vision saver,VISION SAVER,xentro,xentro-mall-santiago,XentroMall Santiago,
vision worx,VISION WORX,sm,sm-city-puerto-princesa,SM City Puerto Princesa,south-luzon
visionpro clinic,VisionPro Clinic,megaworld,greenhouse-village-square,The Greenhouse at Village Square,
visual sense,Visual Sense,gmall,gmall-of-digos,GMall of Digos,mindanao
visa center towards a brighter future,THE VISA CENTER TOWARDS A BRIGHTER FUTURE,sm,sm-city-cabanatuan,SM City Cabanatuan,north-luzon
nu bulacan inc,NU BULACAN INC,sm,sm-city-baliwag,SM City Baliwag,north-luzon
ntoys,Ntoys,ortigas,greenhills,Greenhills,metro-manila
nstyle nail beauty lounge,NSTYLE NAIL BEAUTY LOUNGE,sm,sm-city-consolacion,SM City Consolacion,visayas
vita bella bubble tea & coffee,VITA BELLA BUBBLE TEA & COFFEE,robinsons,robinsons-las-pinas,Robinsons Place Las Pinas,metro-manila
nsn dentalworks,NSN DENTALWORKS,sm,sm-city-manila,SM City Manila,metro-manila
nrl petgrooming pet shop,NRL PETGROOMING PET SHOP,robinsons,robinsons-novaliches,Robinsons Novaliches,metro-manila
vital skin hub,THE VITAL SKIN HUB,sm,sm-city-pampanga,SM City Pampanga,north-luzon
npower accessories,Npower Accessories,gmall,gmall-of-tagum,GMall of Tagum,mindanao
tong yang shabu shabu express,TONG YANG SHABU SHABU EXPRESS,sm,sm-center-pasig,SM Center Pasig,metro-manila
vivaia,Vivaia,filinvest,festival-mall,Festival Mall,metro-manila
vivi,Vivi,gmall,gmall-of-toril,GMall of Toril,mindanao
number 1 barbeque,NUMBER 1 BARBEQUE,sm,sm-city-east-ortigas,SM City East Ortigas,metro-manila
virtuous cafe,VIRTUOUS CAFE,sm,sm-city-trece-martires,SM City Trece Martires,south-luzon
o noodle,O' Noodle,robinsons,robinsons-novaliches,Robinsons Novaliches,metro-manila
nuts and bits,Nuts And Bits,waltermart,carmona,WalterMart Carmona,south-luzon
o d c dental clinic co,O.D.C DENTAL CLINIC CO.,ayala,ayala-trinoma,Trinoma,metro-manila
o banh mi,O BANH MI,robinsons,robinsons-galleria-ortigas,Robinsons Galleria,metro-manila
vintage vision optical,Vintage Vision Optical,robinsons,robinsons-dasmarinas,Robinsons Place Dasmarinas,south-luzon
nyfd premiere,NYFD PREMIERE,ayala,one-ayala-mall,One Ayala,metro-manila
vip cinema,VIP Cinema,fishermall,quezonave,Fisher Mall Quezon Avenue,metro-manila
nyc studio salon,NYC STUDIO SALON,sm,sm-city-urdaneta-central,SM City Urdaneta Central,north-luzon
vip optical ca exhibits,VIP OPTICAL CA EXHIBITS ( PROPERTY PRO ),xentro,montalban-town-center,Montalban Town Center,
ny buffalo brads hot wings,NY BUFFALO BRADS HOT WINGS,ayala,ayala-malls-central-bloc,Ayala Malls Central Bloc,visayas
ny bagel by kates,NY BAGEL BY KATE'S,ayala,ayala-center-cebu,Ayala Center Cebu,visayas
nuvera aesthetic,Nuvera Aesthetic,megaworld,newport-city,Newport City,
nutwater buko juice,Nutwater Buko Juice,gmall,gmall-of-toril,GMall of Toril,mindanao
viphone,VIPHONE,ayala,ayala-center-cebu,Ayala Center Cebu,visayas
nurlikas pearl shoppe,NURLIKA'S PEARL SHOPPE,ayala,ayala-abreeza,Abreeza,mindanao
virgies homemade food products,VIRGIE'S HOMEMADE FOOD PRODUCTS,ayala,ayala-capitol-central,Ayala Malls Capitol Central,visayas
viro casa,VIRO CASA,ayala,ayala-greenbelt,Greenbelt,metro-manila
virtu salon,Virtu Salon,robinsons,robinsons-bacolod,Robinsons Place Bacolod,visayas
nutriel,Nutriel,robinsons,robinsons-roxas,Robinsons Place Roxas,visayas
nutri health and beauty products trading,NUTRI HEALTH AND BEAUTY PRODUCTS TRADING,araneta,farmers-plaza,Farmers Plaza,metro-manila
nutech solutions,NUTECH SOLUTIONS,sm,sm-city-cebu,SM City Cebu,visayas
nutech,NUTECH,ayala,ayala-malls-central-bloc,Ayala Malls Central Bloc,visayas
nutcracker,THE NUTCRACKER,sm,sm-city-cagayan-de-oro,SM City CDO Uptown,mindanao
virtual station,Virtual Station,ortigas,greenhills,Greenhills,metro-manila
virtual world,VIRTUAL WORLD,sm,sm-seaside-city-cebu,SM Seaside City Cebu,visayas
nut water,Nut Water,gmall,gmall-of-davao,GMall of Davao,mindanao
newport cinemas,Newport Cinemas,megaworld,newport-city,Newport City,
newlife cellphone and accessories,NEWLIFE CELLPHONE AND ACCESSORIES,sm,sm-city-lucena,SM City Lucena,south-luzon
new your fries and dip,New Your Fries and Dip,robinsons,robinsons-tacloban,Robinsons Place Tacloban,visayas
wm gadget hub,WM GADGET HUB,sm,sm-city-consolacion,SM City Consolacion,visayas
wink,Wink,megaworld,eastwood-mall,Eastwood Mall,
wipe out carwash,WIPE OUT CARWASH,robinsons,robinsons-palawan,Robinsons Place Palawan,south-luzon
wiredbox,Wiredbox,ortigas,greenhills,Greenhills,metro-manila
wireless,Wireless,ortigas,greenhills,Greenhills,metro-manila
wireless avenue,WIRELESS AVENUE,sm,sm-city-iloilo,SM City Iloilo,visayas
nail corner spa,NAIL CORNER SPA,sm,sm-city-marilao,SM City Marilao,north-luzon
witelcom,WITELCOM,robinsons,robinsons-tagum,Robinsons Place Tagum,mindanao
wjf enterprise,Wjf Enterprise,filinvest,festival-mall,Festival Mall,metro-manila
wlp lucky charms,Wlp Lucky Charms,filinvest,festival-mall,Festival Mall,metro-manila
nai cha,NAI CHA,sm,sm-city-cagayan-de-oro,SM City CDO Uptown,mindanao
nagomi zakura,NAGOMI ZAKURA,sm,sm-city-trece-martires,SM City Trece Martires,south-luzon
naga optical,NAGA OPTICAL,sm,sm-city-naga,SM City Naga,south-luzon
nail s and hair salon,Nail\'s and Hair Salon,gmall,gmall-of-tagum,GMall of Tagum,mindanao
woffys fun express,Woffy's Fun Express,robinsons,robinsons-dumaguete,Robinsons Place Dumaguete,visayas
wok alley,WOK ALLEY,sm,sm-mall-of-asia,SM Mall of Asia,metro-manila
naduma,NADUMA,sm,sm-city-baguio,SM City Baguio,north-luzon
nadomi maki food house,NADOMI MAKI FOOD HOUSE,sm,sm-city-rosario,SM City Rosario,south-luzon
wok it food and beverage house,WOK IT FOOD AND BEVERAGE HOUSE,sm,sm-city-olongapo-central,SM City Olongapo Central,north-luzon
nadines medical clinic,Nadine's Medical Clinic,robinsons,robinsons-dasmarinas,Robinsons Place Dasmarinas,south-luzon
nadines a z driving academy,Nadine's A-Z Driving Academy,robinsons,robinsons-imus,Robinsons Place Imus,south-luzon
nadela dental clinic,NADELA DENTAL CLINIC,sm,sm-cdo-downtown,SM CDO Downtown Premier,mindanao
nadai fujisoba,NADAI FUJISOBA,sm,sm-aura,SM Aura,metro-manila
wok man,Wok Man,gmall,gmall-of-davao,GMall of Davao,mindanao
wokman siomai,Wokman Siomai,gmall,gmall-of-davao,GMall of Davao,mindanao
wingyard,WINGYARD,sm,sm-center-dagupan,SM Center Dagupan,north-luzon
wings wraps by aviesha,WINGS WRAPS BY AVIESHA,sm,sm-city-tuguegarao,SM City Tuguegarao,north-luzon
wolflink wood smoked sausage and meats,WOLFLINK WOOD SMOKED SAUSAGE AND MEATS,ayala,ayala-malls-central-bloc,Ayala Malls Central Bloc,visayas
win88win,WIN88WIN,sm,smdc-strip-at-shell,SMDC Strip at Shell,smdc
nailtensity,Nailtensity,robinsons,robinsons-imus,Robinsons Place Imus,south-luzon
wilda manalo,WILDA MANALO,xentro,ab-central,Ab Central,
nails toes spa,NAILS TOES SPA,sm,sm-city-san-fernando-downtown,SM City San Fernando Downtown,north-luzon
wildflour,WILDFLOUR,robinsons,opus,Opus Mall,metro-manila
nails solutions,Nails Solutions,robinsons,robinsons-dasmarinas,Robinsons Place Dasmarinas,south-luzon
wildflour cafe,Wildflour Cafe,megaworld,uptown-parade,Uptown Parade,
wilson,Wilson,filinvest,festival-mall,Festival Mall,metro-manila
wiltelcom prestige,WILTELCOM PRESTIGE,sm,sm-lanang,SM Lanang,mindanao
wimpys,WIMPY’S,ayala,ayala-harbor-point,Harbor Point,north-luzon
nails dot glow,Nails Dot Glow,megaworld,southwoods-mall,Southwoods Mall,
win makati church,WIN MAKATI CHURCH,ayala,ayala-circuit,Ayala Malls Circuit,metro-manila
nailcrush,NailCrush,waltermart,sta-rosa,WalterMart Sta. Rosa,south-luzon
nail spa lounge by ellabell,NAIL SPA LOUNGE BY ELLABELL,robinsons,robinsons-manila,Robinsons Place Manila,metro-manila
windmills,Windmills,gmall,gmall-of-davao,GMall of Davao,mindanao
wine story,Wine Story,megaworld,uptown-mall,Uptown Mall,
wing 2x korean chicken,WING 2X KOREAN CHICKEN,sm,sm-city-north-edsa,SM City North Edsa,metro-manila
wing it,WING IT,ayala,ayala-centrio,Centrio Mall,mindanao
winged potato,WINGED POTATO,sm,sm-city-lucena,SM City Lucena,south-luzon
wingers unlimited flavored wings,WINGERS UNLIMITED FLAVORED WINGS,sm,sm-center-ormoc,SM Center Ormoc,visayas
wings and wraps,WINGS AND WRAPS,robinsons,robinsons-tuguegarao,Robinsons Place Tuguegarao,north-luzon
nail vitale,NAIL VITALE,robinsons,opus,Opus Mall,metro-manila
nail tropics body shop,NAIL TROPICS BODY SHOP,sm,sm-city-bf-paranaque,SM City BF Parañaque,metro-manila
wings gate travel & tours,Wings Gate Travel & Tours,megaworld,uptown-mall,Uptown Mall,
nail story,NAIL STORY,sm,sm-city-puerto-princesa,SM City Puerto Princesa,south-luzon
wolflink,WOLFLINK,sm,sm-megamall,SM Megamall,metro-manila
naclemons,Naclemons,robinsons,robinsons-antique,Robinsons Place Antique,visayas
watchline,Watchline,robinsons,robinsons-palawan,Robinsons Place Palawan,south-luzon
world balance & easy soft,WORLD BALANCE & EASY SOFT,ayala,ayala-pavilion,Pavilion Mall,south-luzon
woodnymph korean restaurant,WOODNYMPH KOREAN RESTAURANT,sm,sm-city-baguio,SM City Baguio,north-luzon
workplace cafe,WORKPLACE CAFE,ayala,ayala-malls-central-bloc,Ayala Malls Central Bloc,visayas
my skin clinic,My Skin Clinic,filinvest,festival-mall,Festival Mall,metro-manila
my phone toyota,My Phone TOYOTA,xentro,xentro-mall-calapan,XentroMall Calapan,
workstation appliances,WORKSTATION APPLIANCES,ayala,ayala-manila-bay,Ayala Malls Manila Bay,metro-manila
my nail society,MY NAIL SOCIETY,sm,smdc-jazz-mall,SMDC Jazz Mall,smdc
my metroloading station,My Metroloading Station,robinsons,robinsons-galleria-cebu,Robinsons Galleria Cebu,visayas
workstation home,WORKSTATION HOME,ayala,ayala-pavilion,Pavilion Mall,south-luzon
my lavandera ka mini gem exhibit,MY LAVANDERA KA MINI GEM EXHIBIT (8),xentro,montalban-town-center,Montalban Town Center,
my lash salon,MY LASH SALON,ayala,ayala-malls-central-bloc,Ayala Malls Central Bloc,visayas
my laksa,MY LAKSA,sm,sm-city-manila,SM City Manila,metro-manila
my jewelry box,My Jewelry Box,ortigas,greenhills,Greenhills,metro-manila
my smile,My Smile,robinsons,robinsons-iloilo,Robinsons Place Iloilo,visayas
my jewellery box,My Jewellery Box,ortigas,greenhills,Greenhills,metro-manila
my j & s,MY J & S,robinsons,robinsons-manila,Robinsons Place Manila,metro-manila
world balance arzel,WORLD BALANCE ARZEL,xentro,xentro-mall-lemery,XentroMall Lemery,
my health clinic quezon city,MY HEALTH CLINIC - QUEZON CITY,sm,sm-city-north-edsa,SM City North Edsa,metro-manila
my health clinic 238 8802 268 8502,MY HEALTH CLINIC (032)238-8802/(032)268-8502,robinsons,robinsons-cybergate-cebu,Robinsons Cybergate Cebu,visayas
my health clinic,My Health Clinic,filinvest,festival-mall,Festival Mall,metro-manila
world balance satellite,WORLD BALANCE SATELLITE,robinsons,robinsons-ilocos,Robinsons Place Ilocos,north-luzon
world balance sr,World Balance SR,gmall,gmall-of-davao,GMall of Davao,mindanao
my health,My Health,megaworld,venice-grand-canal-mall,Venice Grand Canal Mall,
my happy home,My Happy Home,ortigas,greenhills,Greenhills,metro-manila
my greek taverna,MY GREEK TAVERNA,sm,sm-city-cebu,SM City Cebu,visayas
wonton,Wonton,ortigas,greenhills,Greenhills,metro-manila
my south hall,MY SOUTH HALL,sm,s-maison,S Maison,metro-manila
nacho shack,NACHO SHACK,sm,sm-city-baguio,SM City Baguio,north-luzon
mystery case,MYSTERY CASE,sm,sm-city-fairview,SM City Fairview,metro-manila
womb world of my baby,WOMB WORLD OF MY BABY,sm,the-podium,The Podium,metro-manila
nabe unlimited japanese hotpot,NABE UNLIMITED JAPANESE HOTPOT,sm,sm-city-laoag,SM City Laoag,north-luzon
wonder city,WONDER CITY,robinsons,robinsons-ilocos,Robinsons Place Ilocos,north-luzon
n1 coffee,N1 COFFEE,robinsons,robinsons-manila,Robinsons Place Manila,metro-manila
wonder rides,WONDER RIDES,waltermart,baliwag,WalterMart Baliwag,north-luzon
wonder tubo,Wonder Tubo,robinsons,robinsons-malolos,Robinsons Place Malolos,north-luzon
mywatch,myWatch,araneta,gateway-mall-2,Gateway Mall 2,metro-manila
myungrang hotdog,MYUNGRANG HOTDOG,ayala,ayala-circuit,Ayala Malls Circuit,metro-manila
wonder wharf dino rides,WONDER WHARF DINO RIDES,robinsons,robinsons-metro-east,Robinsons Metro East,metro-manila
mythai,Mythai,ortigas,greenhills,Greenhills,metro-manila
mystery manila,Mystery Manila,megaworld,eastwood-city-walk,Eastwood City Walk,
myrtelle fonebytes,Myrtelle Fonebytes,robinsons,robinsons-imus,Robinsons Place Imus,south-luzon
my thai,My Thai,megaworld,venice-grand-canal-mall,Venice Grand Canal Mall,
myrtelle fone bytes trading,MYRTELLE FONE BYTES TRADING,sm,sm-marketmall-dasmarinas,SM Marketmall Dasmarinas,south-luzon
wonder wharf train,WONDER WHARF TRAIN,robinsons,robinsons-metro-east,Robinsons Metro East,metro-manila
mylo speech therapy center,Mylo Speech Therapy Center,ortigas,the-strip,The Strip,metro-manila
wondercity,WONDERCITY,robinsons,robinsons-ilocos,Robinsons Place Ilocos,north-luzon
wonderhome naturals,WONDERHOME NATURALS,robinsons,opus,Opus Mall,metro-manila
mylenes ensaymada & banana cake,MYLENE'S ENSAYMADA & BANANA CAKE,ayala,ayala-feliz,Ayala Malls Feliz,metro-manila
wonderland for kids playground,Wonderland for Kids Playground,gmall,gmall-of-toril,GMall of Toril,mindanao
mygold,MYGOLD,ayala,ayala-center-cebu,Ayala Center Cebu,visayas
wondershake,Wondershake,robinsons,robinsons-dasmarinas,Robinsons Place Dasmarinas,south-luzon
mychow,MYCHOW,robinsons,robinsons-north-tacloban,Robinsons North Tacloban,visayas
wong place,Wong Place,ortigas,estancia,Estancia,metro-manila
wild wings unlimited wings rice and fries kyte,"WILD WINGS UNLIMITED WINGS, RICE AND FRIES KYTE",sm,sm-city-butuan,SM City Butuan,mindanao
wild west roadhouse grill,WILD WEST ROADHOUSE GRILL,ayala,ayala-bonifacio-high-street,Bonifacio High Street,metro-manila
nakedskyn beauty hub,Nakedskyn Beauty Hub,gmall,gmall-of-tagum,GMall of Tagum,mindanao
weaves & bows,Weaves & Bows,robinsons,robinsons-tacloban,Robinsons Place Tacloban,visayas
netopia internet cafe,Netopia Internet Cafe,gmall,gmall-of-davao,GMall of Davao,mindanao
ness press carwash,Ness Press Carwash,robinsons,robinsons-roxas,Robinsons Place Roxas,visayas
wealth tea,WEALTH TEA,sm,sm-city-north-edsa,SM City North Edsa,metro-manila
wearmilkshake,WEARMILKSHAKE,sm,sm-city-north-edsa,SM City North Edsa,metro-manila
nephromed asia dialysis center,NEPHROMED ASIA DIALYSIS CENTER,sm,sm-cherry-antipolo,SM Center Antipolo Downtown,metro-manila
nephroasia dialysis center 0945 133 3131,Nephroasia Dialysis Center 0945 133 3131,robinsons,robinsons-sta-rosa,Robinsons Sta. Rosa,south-luzon
nephroasia clinic,Nephroasia Clinic,robinsons,robinsons-gentrias,Robinsons Place Gen. Trias,south-luzon
neola nails & spa,Neola Nails & Spa,ortigas,greenhills,Greenhills,metro-manila
nenita farms,NENITA FARMS,ayala,ayala-market-market,Market! Market!,metro-manila
needles & threads,NEEDLES & THREADS,ayala,ayala-the-district-dasmarinas,The District Dasmarinas,south-luzon
need coffee,Need Coffee,robinsons,robinsons-naga,Robinsons Place Naga,south-luzon
wedding library,THE WEDDING LIBRARY,sm,sm-megamall,SM Megamall,metro-manila
we smile dental imaging,We Smile Dental Imaging,robinsons,robinsons-imus,Robinsons Place Imus,south-luzon
neeco1,Neeco1,waltermart,gapan,WalterMart Gapan,north-luzon
near dental clinic,NEAR DENTAL CLINIC,sm,sm-jmall,SM J Mall,visayas
ne bakeshop,NE BAKESHOP,robinsons,robinsons-gapan,Robinsons Gapan,north-luzon
weeze,WEEZE,sm,sm-city-cabanatuan,SM City Cabanatuan,north-luzon
nce computer center burger factory,NCE Computer Center Burger Factory,xentro,xentro-mall-calapan,XentroMall Calapan,
wego giftshop,WEGO GIFTSHOP,sm,sm-city-bacolod,SM City Bacolod,visayas
wei renal care,Wei Renal Care,robinsons,robinsons-galleria-cebu,Robinsons Galleria Cebu,visayas
wei wei cold store,WEI WEI COLD STORE,ayala,ayala-market-market,Market! Market!,metro-manila
nbs mezzanine,NBS Mezzanine,gmall,gmall-of-davao,GMall of Davao,mindanao
well gadget cellphone and accessories,Well-Gadget Cellphone and Accessories,gmall,gmall-of-toril,GMall of Toril,mindanao
nazrea pearls,NAZREA PEARLS,ayala,ayala-centrio,Centrio Mall,mindanao
we the people coffee,WE THE PEOPLE COFFEE,robinsons,opus,Opus Mall,metro-manila
neutral grounds spiel,NEUTRAL GROUNDS SPIEL,sm,sm-megamall,SM Megamall,metro-manila
naki pica pica corner,NAKI PICA PICA CORNER,sm,sm-city-naga,SM City Naga,south-luzon
new innovation cellphone and accessories,NEW INNOVATION CELLPHONE AND ACCESSORIES,sm,sm-city-valenzuela,SM City Valenzuela,metro-manila
new york supreme,NEW YORK SUPREME,sm,sm-city-clark,SM City Clark,north-luzon
new york cubao,"New York, Cubao",robinsons,robinsons-magnolia,Robinsons Magnolia,metro-manila
new york buffalo brads hot wings,NEW YORK BUFFALO BRADS HOT WINGS,sm,sm-city-cebu,SM City Cebu,visayas
new york bagels,New York Bagels,robinsons,robinsons-galleria-cebu,Robinsons Galleria Cebu,visayas
new sunbeam,New Sunbeam,ortigas,greenhills,Greenhills,metro-manila
new nemar,NEW NEMAR,sm,sm-center-san-pedro,SM Center San Pedro,south-luzon
watchlink,WATCHLINK,sm,sm-mall-of-asia,SM Mall of Asia,metro-manila
watchman mossin olama cp,WATCHMAN MOSSIN OLAMA CP,xentro,tanay-town-center,Tanay Town Center,
watson red diamond,WATSON RED DIAMOND,xentro,tanay-town-center,Tanay Town Center,
new life christian center,NEW LIFE CHRISTIAN CENTER,ayala,ayala-trinoma,Trinoma,metro-manila
new life,New Life,megaworld,southwoods-mall,Southwoods Mall,
watsons 0923 744 0690,Watsons 0923-744-0690,robinsons,robinsons-sta-rosa,Robinsons Sta. Rosa,south-luzon
wb courtside,WB Courtside,araneta,gateway-mall,Gateway Mall,metro-manila
watsons 0995 011 1269,WATSONS 0995-011-1269,robinsons,robinsons-cybergate-cebu,Robinsons Cybergate Cebu,visayas
watsons beauty,WATSONS BEAUTY,sm,sm-city-fairview,SM City Fairview,metro-manila
new generation dental premier,NEW GENERATION DENTAL PREMIER,robinsons,robinsons-galleria-ortigas,Robinsons Galleria,metro-manila
watsons ca exhibit network,WATSONS (L1-101 & L1-102) CA EXHIBIT NETWORK,xentro,montalban-town-center,Montalban Town Center,
watsons drug,WATSONS DRUG,sm,sm-city-fairview,SM City Fairview,metro-manila
watsons master siomai,WATSONS Master Siomai,xentro,xentro-mall-calapan,XentroMall Calapan,
new bombay restaurant,NEW BOMBAY RESTAURANT,sm,the-podium,The Podium,metro-manila
watsons walvis exhibit,WATSONS Walvis Exhibit,xentro,xentro-mall-lemery,XentroMall Lemery,
waxcovado,WAXCOVADO,sm,sm-city-bacolod,SM City Bacolod,visayas
waxcovado salon & spa,WAXCOVADO SALON & SPA,ayala,ayala-capitol-central,Ayala Malls Capitol Central,visayas
new age pc solutions 0917 893 6614,NEW AGE PC SOLUTIONS 0917-893-6614,robinsons,robinsons-sta-rosa,Robinsons Sta. Rosa,south-luzon
naytess lutong bahay,NAYTESS LUTONG BAHAY,ayala,ayala-pavilion,Pavilion Mall,south-luzon
nay linas homemade pies,NAY LINAS HOMEMADE PIES,sm,sm-city-san-mateo,SM City San Mateo,metro-manila
naughty nachos,Naughty Nachos,megaworld,festive-walk-mall-iloilo,Festive Walk Mall,
nanay julings batangas cuisine,NANAY JULINGS BATANGAS CUISINE,sm,sm-city-manila,SM City Manila,metro-manila
western union kiosk,WESTERN UNION KIOSK,xentro,xentro-mall-roxas,XentroMall Roxas,
nasreyah cellphones & accessories,NASREYAH CELLPHONES & ACCESSORIES,robinsons,robinsons-novaliches,Robinsons Novaliches,metro-manila
nashe,Nashe,gmall,gmall-of-davao,GMall of Davao,mindanao
western union minigem exhibit,WESTERN UNION MINIGEM EXHIBIT(14),xentro,montalban-town-center,Montalban Town Center,
nara thai cuisine,NARA THAI CUISINE,sm,sm-megamall,SM Megamall,metro-manila
western union norania cellphone 1,WESTERN UNION (USSC) NORANIA CELLPHONE 1,xentro,tanay-town-center,Tanay Town Center,
western union olayns,WESTERN UNION Olayns,xentro,xentro-mall-lemery,XentroMall Lemery,
wet market,WET MARKET,xentro,montalban-town-center,Montalban Town Center,
wet park,Wet Park,megaworld,venice-grand-canal-mall,Venice Grand Canal Mall,
whimsical wonderland,Whimsical Wonderland,megaworld,eastwood-mall,Eastwood Mall,
nanay ses pasalubong,NANAY SE'S PASALUBONG,robinsons,robinsons-manila,Robinsons Place Manila,metro-manila
whiten gluta lounge,WHITEN GLUTA LOUNGE,sm,sm-city-tuguegarao,SM City Tuguegarao,north-luzon
wellness and soft nail salon,WELLNESS AND SOFT NAIL SALON,sm,smdc-strip-at-grass,SMDC Strip at Grass,smdc
nanay juliets eatery,NANAY JULIET'S EATERY,ayala,ayala-marquee,MarQuee Mall,north-luzon
nanas frozen delights,NANA’S FROZEN DELIGHTS,xentro,ab-central,Ab Central,
nanam iloco,NANAM ILOCO,sm,sm-city-baguio,SM City Baguio,north-luzon
whiten premiere,WhiteN Premiere,ortigas,greenhills,Greenhills,metro-manila
whitestone animal clinic,Whitestone Animal Clinic,megaworld,southwoods-mall,Southwoods Mall,
wholesome table,THE WHOLESOME TABLE,ayala,ayala-bonifacio-high-street,Bonifacio High Street,metro-manila
namaste skin care spa massage,NAMASTE SKIN CARE SPA MASSAGE,sm,sm-city-urdaneta-central,SM City Urdaneta Central,north-luzon
whse1 marketing,WHSE1 MARKETING,ayala,ayala-market-market,Market! Market!,metro-manila
namaste,Namaste,robinsons,robinsons-tacloban,Robinsons Place Tacloban,visayas
widex,Widex,ortigas,greenhills,Greenhills,metro-manila
nakpil eye clinic and vision therapy center,Nakpil Eye Clinic And Vision Therapy Center,filinvest,festival-mall,Festival Mall,metro-manila
western union el bonitos,WESTERN UNION ( USSC) EL BONITOS,xentro,montalban-town-center,Montalban Town Center,
nathaniels bakeshop,NATHANIEL'S BAKESHOP,ayala,ayala-marquee,MarQuee Mall,north-luzon
western union aficionado,WESTERN UNION Aficionado,xentro,xentro-mall-calapan,XentroMall Calapan,
nathans famous,NATHANS FAMOUS,sm,sm-mall-of-asia,SM Mall of Asia,metro-manila
wellness concepts,WELLNESS CONCEPTS,ayala,ayala-trinoma,Trinoma,metro-manila
wellness sanctuary,Wellness Sanctuary,megaworld,lucky-chinatown-mall,Lucky Chinatown Mall,
wellnessfix,WELLNESSFIX,sm,sm-city-clark,SM City Clark,north-luzon
natures way aromatherapy,THE NATURES WAY AROMATHERAPY,sm,sm-city-san-mateo,SM City San Mateo,metro-manila
wellohas,WELLOHAS,sm,sm-city-fairview,SM City Fairview,metro-manila
nature republic n cat,NATURE REPUBLIC / N.CAT,ayala,ayala-centrio,Centrio Mall,mindanao
wells,WELLS,ayala,ayala-manila-bay,Ayala Malls Manila Bay,metro-manila
wemart convenience store and cafe,Wemart Convenience Store and Cafe,megaworld,festive-walk-parade,Festive Walk Parade,
natividad,NATIVIDAD,sm,sm-city-grand-central,SM City Grand Central,metro-manila
native kopi & co,NATIVE KOPI & CO,sm,sm-city-general-santos,SM City General Santos,mindanao
wenourish,WENOURISH,sm,sm-city-north-edsa,SM City North Edsa,metro-manila
national university inc,NATIONAL UNIVERSITY INC,sm,nu-mall-of-asia-building,NU MALL OF ASIA BUILDING,metro-manila
national police clearance,National Police Clearance,robinsons,robinsons-antique,Robinsons Place Antique,visayas
national labor relations commission,National Labor Relations Commission (nlrc),filinvest,main-square,Main Square,south-luzon
national home mortgage 0920 911 6299,National Home Mortgage 0920-911-6299,robinsons,robinsons-sta-rosa,Robinsons Sta. Rosa,south-luzon
national geographic,NATIONAL GEOGRAPHIC,sm,sm-megamall,SM Megamall,metro-manila
west elm,West Elm,ortigas,estancia,Estancia,metro-manila
national everyday,National Everyday,megaworld,newport-city,Newport City,
national bureau of investigation,National Bureau Of Investigation (nbi),filinvest,main-square,Main Square,south-luzon
west print,WEST PRINT,robinsons,robinsons-butuan,Robinsons Place Butuan,mindanao
national book store inc fegis footwear,"NATIONAL BOOK STORE, INC. FEGIS FOOTWEAR",xentro,montalban-town-center,Montalban Town Center,
west smile dental,West Smile Dental,megaworld,alabang-west-parade,Alabang West Parade,
western,WESTERN,sm,sm-megamall,SM Megamall,metro-manila
tongara ramen,Tongara Ramen,ortigas,estancia,Estancia,metro-manila
tiny twinkle,Tiny Twinkle,ortigas,greenhills,Greenhills,metro-manila
petron,PETRON,starmall,alabang,Starmall Alabang,metro-manila
rudys goto minigem,RUDY'S GOTO MINIGEM (#46),xentro,montalban-town-center,Montalban Town Center,
rulls satellite,Rulls Satellite,filinvest,festival-mall,Festival Mall,metro-manila
special toy center,Special Toy Center,filinvest,festival-mall,Festival Mall,metro-manila
specialized,SPECIALIZED,sm,sm-by-the-bay,SM By the Bay,metro-manila
rulls cellphones accessories,RULLS CELLPHONES ACCESSORIES,sm,sm-city-olongapo-downtown,SM City Olongapo Downtown,north-luzon
specialty cakes by hearts bells,SPECIALTY CAKES BY HEARTS BELLS,sm,sm-megamall,SM Megamall,metro-manila
spectacles by sarabia,SPECTACLES BY SARABIA,ayala,ayala-capitol-central,Ayala Malls Capitol Central,visayas
ruella merchandise,Ruella Merchandise,gmall,gmall-of-toril,GMall of Toril,mindanao
rue bourbon,Rue Bourbon,megaworld,forbes-town,Forbes Town,
spectrum,SPECTRUM,sm,sm-city-north-edsa,SM City North Edsa,metro-manila
speed circuit,Speed Circuit,robinsons,robinsons-lipa,Robinsons Place Lipa,south-luzon
rudys master key duplicating shop,RUDY'S MASTER KEY DUPLICATING SHOP,sm,sm-city-davao,SM City Davao,mindanao
spenders trading & cellphone repair services,Spenders Trading & Cellphone Repair Services,robinsons,robinsons-imus,Robinsons Place Imus,south-luzon
spatio,SPATIO,robinsons,opus,Opus Mall,metro-manila
sperry keds,SPERRY / KEDS,ayala,ayala-center-cebu,Ayala Center Cebu,visayas
rta castanas,RTA CASTANAS,robinsons,robinsons-magnolia,Robinsons Magnolia,metro-manila
rsy spa,RSY SPA,xentro,montalban-town-center,Montalban Town Center,
spex appeal repair services,SPEX APPEAL REPAIR SERVICES,sm,sm-city-sta-mesa,SM City Sta. Mesa,metro-manila
spice fusion,SPICE FUSION,ayala,ayala-center-cebu,Ayala Center Cebu,visayas
rsr jewelry & repair shop,RSR Jewelry & Repair Shop,ortigas,greenhills,Greenhills,metro-manila
spicy kitchen,Spicy Kitchen,gmall,gmall-of-tagum,GMall of Tagum,mindanao
rsm watch repair,RSM Watch Repair,waltermart,bicutan,WalterMart Bicutan,metro-manila
rsm watch,RSM Watch,robinsons,robinsons-las-pinas,Robinsons Place Las Pinas,metro-manila
rsh 1 rosalina cellphone,RSH-1 / ROSALINA CELLPHONE,xentro,balagtas-town-center,Balagtas Town Center,
spigen ph,Spigen Ph,robinsons,robinsons-tacloban,Robinsons Place Tacloban,visayas
rulls social technomatic,Rulls / Social Technomatic,gmall,gmall-of-toril,GMall of Toril,mindanao
ruro martin pet accessories & supplies,RURO MARTIN PET ACCESSORIES & SUPPLIES,robinsons,robinsons-cainta,Robinsons Cainta,metro-manila
spikes and frozen treats,Spikes And Frozen Treats,gmall,gmall-of-digos,GMall of Digos,mindanao
rusty lopez cherry mobile,RUSTY LOPEZ CHERRY MOBILE,xentro,xentro-mall-lemery,XentroMall Lemery,
ryu ramen and curry,RYU RAMEN AND CURRY,sm,smdc-jazz-mall,SMDC Jazz Mall,smdc
ryllies kimchi sushi express,RYLLIES KIMCHI SUSHI EXPRESS,sm,sm-city-tuguegarao,SM City Tuguegarao,north-luzon
rygatel,Rygatel (Former Ryantel),gmall,gmall-of-davao,GMall of Davao,mindanao
rydax,RYDAX,ayala,ayala-market-market,Market! Market!,metro-manila
ryans infinity hub,Ryan's Infinity Hub,robinsons,robinsons-iloilo,Robinsons Place Iloilo,visayas
space arcade,SPACE ARCADE,sm,s-maison,S Maison,metro-manila
rwonderland,RWONDERLAND,robinsons,robinsons-novaliches,Robinsons Novaliches,metro-manila
ruth leyes boutique collin ink shop,RUTH LEYES BOUTIQUE COLLIN INK SHOP,xentro,montalban-town-center,Montalban Town Center,
ruth fashion accessories minigem,RUTH FASHION ACCESSORIES MINIGEM (#47),xentro,montalban-town-center,Montalban Town Center,
rusty lopez rajine seafoods square,Rusty Lopez Rajine Seafoods Square,xentro,xentro-mall-calapan,XentroMall Calapan,
rusty lopez manjaru,RUSTY LOPEZ MANJARU,xentro,tanay-town-center,Tanay Town Center,
rusty lopez ca exhibits,RUSTY LOPEZ CA EXHIBITS ( PROPERTY PRO ),xentro,montalban-town-center,Montalban Town Center,
ruro martin pet accessories and supplies corp,Ruro Martin Pet Accessories and Supplies Corp.,robinsons,robinsons-malabon,Robinsons Town Mall Malabon,metro-manila
space burger,Space Burger,gmall,gmall-of-davao,GMall of Davao,mindanao
rustic seafood,Rustic Seafood,ortigas,greenhills,Greenhills,metro-manila
space time cube,SPACE TIME CUBE,sm,s-maison,S Maison,metro-manila
rustic box steakhouse,RUSTIC BOX STEAKHOUSE,sm,smdc-grace-mall,SMDC Grace Mall,smdc
space touch,Space Touch,megaworld,venice-grand-canal-mall,Venice Grand Canal Mall,
space x time cube,SPACE X TIME CUBE,sm,s-maison,S Maison,metro-manila
spark tech mobile,SPARK TECH MOBILE,sm,sm-center-pulilan,SM Center Pulilan,north-luzon
sparkk,SPARKK,sm,sm-city-iloilo,SM City Iloilo,visayas
rustans,Rustan's,araneta,gateway-mall,Gateway Mall,metro-manila
spart wellness center,Spart Wellness Center,gmall,gmall-of-davao,GMall of Davao,mindanao
russ marketing,RUSS MARKETING,xentro,mall-of-the-valley,Mall Of The Valley,
rsb takoyaki 0975 2059170,RSB TAKOYAKI 0975-2059170,robinsons,robinsons-cagayan-de-oro,Robinsons Cagayan de Oro,mindanao
rsa music center,RSA MUSIC CENTER,araneta,farmers-plaza,Farmers Plaza,metro-manila
squires bingham international,SQUIRES BINGHAM INTERNATIONAL,robinsons,galleria-south,Robinsons Galleria South,south-luzon
square meal food services,Square Meal Food Services,robinsons,robinsons-north-tacloban,Robinsons North Tacloban,visayas
roy and popoys batchoy food house,ROY AND POPOYS BATCHOY FOOD HOUSE,sm,sm-city-roxas,SM City Roxas,visayas
sqeeze n twist,Sqeeze N Twist,robinsons,robinsons-magnolia,Robinsons Magnolia,metro-manila
rover system,Rover System,ortigas,greenhills,Greenhills,metro-manila
route 80,Route 80,robinsons,robinsons-pagadian,Robinsons Pagadian,mindanao
sqj pasalubong,SQJ PASALUBONG,ayala,ayala-fairview-mall,Fairview Terraces,metro-manila
round the clock cafe and bakery,ROUND-THE-CLOCK CAFE AND BAKERY,sm,sm-city-daet,SM City Daet,south-luzon
squad skates,SQUAD SKATES,sm,sm-jmall,SM J Mall,visayas
squad skates roller rink,SQUAD SKATES ROLLER RINK,sm,sm-jmall,SM J Mall,visayas
round circle,Round Circle,filinvest,festival-mall,Festival Mall,metro-manila
square meal,Square Meal,robinsons,robinsons-tacloban,Robinsons Place Tacloban,visayas
rotech,ROTECH,sm,sm-city-north-edsa,SM City North Edsa,metro-manila
rotation inc,Rotation Inc.,fishermall,quezonave,Fisher Mall Quezon Avenue,metro-manila
spyder adventure,Spyder Adventure,gmall,gmall-of-davao,GMall of Davao,mindanao
squeeze it,SQUEEZE IT,sm,sm-seaside-city-cebu,SM Seaside City Cebu,visayas
rossopomodoro,ROSSOPOMODORO,sm,sm-city-east-ortigas,SM City East Ortigas,metro-manila
squeeze it lemon,SQUEEZE IT LEMON,robinsons,robinsons-bacolod,Robinsons Place Bacolod,visayas
rossini ristorante italiano,ROSSINI RISTORANTE ITALIANO,sm,s-maison,S Maison,metro-manila
rosemed supplies,Rosemed Supplies,filinvest,festival-mall,Festival Mall,metro-manila
squeeze me,SQUEEZE ME,robinsons,robinsons-palawan,Robinsons Place Palawan,south-luzon
rosemed medical supplies,ROSEMED MEDICAL SUPPLIES,sm,sm-city-davao,SM City Davao,mindanao
squeeze n twist 9953335509,Squeeze N Twist 9953335509,robinsons,robinsons-magnolia,Robinsons Magnolia,metro-manila
roselyns canteen daforts sisig on the spot,Roselyn's Canteen Daforts Sisig on the Spot,xentro,xentro-mall-lemery,XentroMall Lemery,
rorys billiard,Rory's Billiard,megaworld,california-garden-square,California Garden Square,
squiggy food shop,SQUIGGY FOOD SHOP,sm,sm-by-the-bay,SM By the Bay,metro-manila
roy queen,Roy Queen,gmall,gmall-of-davao,GMall of Davao,mindanao
spud boy,Spud Boy,robinsons,robinsons-jaro,Robinsons Place Jaro,visayas
spinkie,SPINKIE,sm,sm-megamall,SM Megamall,metro-manila
rrj & mr lee melvino,RRJ & MR. LEE MELVINO,xentro,xentro-mall-lemery,XentroMall Lemery,
rs tech,Rs Tech,ortigas,greenhills,Greenhills,metro-manila
rs jewels,RS JEWELS,robinsons,robinsons-palawan,Robinsons Place Palawan,south-luzon
splash,Splash,ortigas,greenhills,Greenhills,metro-manila
rrj greatfit,RRJ/GREATFIT,xentro,mall-of-the-valley,Mall Of The Valley,
sploop,Sploop,robinsons,robinsons-gen-san,Robinsons Place GenSan,mindanao
rrj cai cellphone & accessories,RRJ CAI CELLPHONE & ACCESSORIES,xentro,montalban-town-center,Montalban Town Center,
rrj blues brothers inc,"RRJ/ BLUES BROTHERS, INC.",xentro,balagtas-town-center,Balagtas Town Center,
spoofs,SPOOFS,ayala,ayala-manila-bay,Ayala Malls Manila Bay,metro-manila
rrj and mr lee exhibit,RRJ AND MR. LEE EXHIBIT,xentro,xentro-mall-santiago,XentroMall Santiago,
rrj and mr lee d candy station,RRJ and Mr. Lee D' CANDY STATION,xentro,xentro-mall-calapan,XentroMall Calapan,
sport b,Sport B,megaworld,newport-city,Newport City,
sport shop ph,Sport Shop Ph,megaworld,festive-walk-mall-iloilo,Festive Walk Mall,
sprinto 9654826767,Sprinto 9654826767,robinsons,robinsons-dumaguete,Robinsons Place Dumaguete,visayas
rpm pilinut candies,RPM PILINUT CANDIES,sm,sm-city-naga,SM City Naga,south-luzon
rpm dental health care plus,RPM DENTAL HEALTH CARE PLUS,sm,sm-cherry-antipolo,SM Center Antipolo Downtown,metro-manila
royce chocolate,ROYCE CHOCOLATE,sm,the-podium,The Podium,metro-manila
sports basics,Sports Basics,robinsons,robinsons-pavia,Robinsons Place Pavia,visayas
royaltea,ROYALTEA,sm,sm-cherry-antipolo,SM Center Antipolo Downtown,metro-manila
royale,Royale,robinsons,robinsons-novaliches,Robinsons Novaliches,metro-manila
sports direct,Sports Direct,filinvest,festival-mall,Festival Mall,metro-manila
sports shop ph,SPORTS SHOP PH,sm,sm-city-roxas,SM City Roxas,visayas
royal panda,ROYAL PANDA,ayala,ayala-centrio,Centrio Mall,mindanao
royal oasis,ROYAL OASIS,xentro,shopking,Shopking,
spring rolls,SPRING ROLLS,robinsons,galleria-south,Robinsons Galleria South,south-luzon
rzkh pet supplies & grooming,RZKH Pet Supplies & Grooming,waltermart,erodriguez,WalterMart E.Rodriguez,metro-manila
space and style furnishing and interiors,SPACE AND STYLE FURNISHING AND INTERIORS,sm,sm-city-north-edsa,SM City North Edsa,metro-manila
s & j cellphone and accessories,S & J CELLPHONE AND ACCESSORIES,robinsons,robinsons-iligan,Robinsons Place Iligan,mindanao
sony square,Sony Square,gmall,gmall-of-davao,GMall of Davao,mindanao
some thai,SOME THAI,robinsons,opus,Opus Mall,metro-manila
saliha,Saliha,robinsons,robinsons-novaliches,Robinsons Novaliches,metro-manila
salih cosmetics shop,SALIH COSMETICS SHOP,robinsons,robinsons-iligan,Robinsons Place Iligan,mindanao
sales rain bpo,SALES RAIN BPO,robinsons,robinsons-palawan,Robinsons Place Palawan,south-luzon
sonakshi,SONAKSHI,robinsons,robinsons-manila,Robinsons Place Manila,metro-manila
salem,SALEM,sm,sm-southmall,SM Southmall,metro-manila
sonic gameworkx,Sonic Gameworkx,gmall,gmall-of-davao,GMall of Davao,mindanao
sony centre by avid,Sony Centre by Avid,araneta,gateway-mall,Gateway Mall,metro-manila
salaryman,Salaryman,megaworld,forbes-town,Forbes Town,
salamangka,Salamangka,megaworld,eastwood-city-walk,Eastwood City Walk,
salah cellphone & accessories,SALAH CELLPHONE & ACCESSORIES,robinsons,robinsons-cagayan-de-oro,Robinsons Cagayan de Oro,mindanao
salads and wraps by healthy kitchen,SALADS AND WRAPS BY HEALTHY KITCHEN,sm,sm-city-iloilo,SM City Iloilo,visayas
sallys footwear security bank corporation,SALLYS FOOTWEAR SECURITY BANK CORPORATION,xentro,montalban-town-center,Montalban Town Center,
sonyda inchiban,SONYDA INCHIBAN,robinsons,robinsons-starmills,Robinsons Starmills,north-luzon
salad station,SALAD STATION,xentro,tanay-town-center,Tanay Town Center,
sala thai kitchen,Sala Thai Kitchen,ortigas,greenhills,Greenhills,metro-manila
sala bistro,SALA BISTRO,ayala,ayala-greenbelt,Greenbelt,metro-manila
sakura restaurant,SAKURA RESTAURANT,sm,sm-city-clark,SM City Clark,north-luzon
sophia jewellery,SOPHIA JEWELLERY,sm,sm-city-mindpro,SM City Mindpro,mindanao
sophia jewelry,Sophia Jewelry,gmall,gmall-of-digos,GMall of Digos,mindanao
sophias cellphone accessories store,SOPHIA’S CELLPHONE ACCESSORIES STORE,robinsons,robinsons-roxas,Robinsons Place Roxas,visayas
sophias hair and nail salon,SOPHIA'S HAIR AND NAIL SALON,sm,sm-center-dagupan,SM Center Dagupan,north-luzon
sajang chicken,Sajang Chicken,megaworld,san-lorenzo-place-mall,San Lorenzo Place Mall,
saizen,SAIZEN,ayala,ayala-the-district-imus,The District Imus,south-luzon
solon flower shop,SOLON FLOWER SHOP,robinsons,robinsons-palawan,Robinsons Place Palawan,south-luzon
sallys homemade kakanin,SALLYS HOMEMADE KAKANIN,sm,sm-mall-of-asia,SM Mall of Asia,metro-manila
s b a shoes shop,S B A SHOES SHOP,robinsons,robinsons-novaliches,Robinsons Novaliches,metro-manila
salon de poseur,SALON DE POSEUR,sm,sm-center-angono,SM Center Angono,metro-manila
salt & ice,Salt & Ice,megaworld,uptown-parade,Uptown Parade,
salonga music,SALONGA MUSIC,araneta,ali-mall,Ali Mall,metro-manila
sole game,Sole Game,filinvest,festival-mall,Festival Mall,metro-manila
sole game by the barbery,SOLE GAME BY THE BARBERY,sm,sm-city-north-edsa,SM City North Edsa,metro-manila
salonfix studio juhaira caps & sunglasses,SALONFIX STUDIO JUHAIRA CAPS & SUNGLASSES,xentro,montalban-town-center,Montalban Town Center,
salon360,SALON360,robinsons,robinsons-gapan,Robinsons Gapan,north-luzon
sole mate,Sole Mate,filinvest,festival-mall,Festival Mall,metro-manila
salon tokoya,Salon Tokoya,robinsons,robinsons-novaliches,Robinsons Novaliches,metro-manila
salon de rose 0920 910 2476,SALON DE ROSE 0920-910-2476,robinsons,robinsons-cybergate-cebu,Robinsons Cybergate Cebu,visayas
sole surgeon,SOLE SURGEON,robinsons,robinsons-otis,Robinsons Otis,metro-manila
solemn vows,SOLEMN VOWS,ayala,ayala-market-market,Market! Market!,metro-manila
solid motors,SOLID MOTORS,sm,sm-city-roxas,SM City Roxas,visayas
solohod,SOLOHOD,sm,sm-city-fairview,SM City Fairview,metro-manila
solidarity sticker,Solidarity Sticker,filinvest,main-square,Main Square,south-luzon
salon de konad,SALON DE KONAD,waltermart,bacoor,WalterMart Bacoor,south-luzon
salon de elegancia,Salon De Elegancia,robinsons,robinsons-north-tacloban,Robinsons North Tacloban,visayas
soliman paroli eye care,SOLIMAN PAROLI EYE CARE,sm,sm-city-clark,SM City Clark,north-luzon
salon de berns,SALON DE BERNS,ayala,ayala-centrio,Centrio Mall,mindanao
salon de belleza,Salon De Belleza,megaworld,california-garden-square,California Garden Square,
salon 360 and cafe international,SALON 360 AND CAFÉ INTERNATIONAL,xentro,xentro-mall-san-andres,XentroMall San Andres,
salon 360,Salon 360,robinsons,robinsons-malabon,Robinsons Town Mall Malabon,metro-manila
solinea showroom,SOLINEA SHOWROOM,ayala,ayala-center-cebu,Ayala Center Cebu,visayas
solitas bakehouse,Solita's Bakehouse,megaworld,alabang-west-parade,Alabang West Parade,
salma tago,Salma Tago,ortigas,greenhills,Greenhills,metro-manila
sairus cellphone & accessories,SAIRUS CELLPHONE & ACCESSORIES ( ASLIAH NOOR ),xentro,tanay-town-center,Tanay Town Center,
sophistikated 9657396745,SOPHISTIKATED 9657396745,robinsons,robinsons-cybergate-cebu,Robinsons Cybergate Cebu,visayas
saint jude optical clinic,SAINT JUDE OPTICAL CLINIC,sm,sm-city-cagayan-de-oro,SM City CDO Uptown,mindanao
southwoods mall,Southwoods Mall,megaworld,southwoods-mall,Southwoods Mall,
southbound manjaru,SOUTHBOUND MANJARU,xentro,xentro-mall-lemery,XentroMall Lemery,
southeast dermatology,Southeast Dermatology,megaworld,festive-walk-parade,Festive Walk Parade,
sabie bakes,SABIE BAKES,sm,sm-city-puerto-princesa,SM City Puerto Princesa,south-luzon
sabella,SABELLA,sm,sm-city-rosales,SM City Rosales,north-luzon
sabel s kambingan,Sabel\'s Kambingan,gmall,gmall-of-tagum,GMall of Tagum,mindanao
southern arms corp,Southern Arms Corp.,gmall,gmall-of-tagum,GMall of Tagum,mindanao
sabater paredes optical,SABATER-PAREDES OPTICAL,araneta,farmers-plaza,Farmers Plaza,metro-manila
southern grind bistro,Southern Grind Bistro,robinsons,robinsons-tuguegarao,Robinsons Place Tuguegarao,north-luzon
southstar drugstore,SOUTHSTAR DRUGSTORE,robinsons,robinsons-cainta,Robinsons Cainta,metro-manila
southwoods cinemas,Southwoods Cinemas,megaworld,southwoods-mall,Southwoods Mall,
southwoods cinemas snackbar,Southwoods Cinemas - Snackbar,megaworld,southwoods-mall,Southwoods Mall,
saad gems,Saad Gems,ortigas,greenhills,Greenhills,metro-manila
saint jo flowers,SAINT JO FLOWERS,ayala,ayala-market-market,Market! Market!,metro-manila
sa poste cafe,Sa Poste Cafe,megaworld,festive-walk-parade,Festive Walk Parade,
s8 concept district,S8 CONCEPT DISTRICT,ayala,ayala-serin,Ayala Malls Serin,south-luzon
souv by cyma,SOUV By Cyma,sm,the-podium,The Podium,metro-manila
souvenir shop,Souvenir Shop,gmall,gmall-of-davao,GMall of Davao,mindanao
sowing life,SOWING LIFE,sm,sm-city-fairview,SM City Fairview,metro-manila
s&s cellphone accessories,S&S Cellphone Accessories,robinsons,robinsons-iloilo,Robinsons Place Iloilo,visayas
soy bean,SOY BEAN,sm,sm-city-north-edsa,SM City North Edsa,metro-manila
soy bueno,Soy Bueno,ortigas,greenhills,Greenhills,metro-manila
s&r new york style pizza 9688958586 9175417483,S&R New York Style Pizza 9688958586/9175417483,robinsons,robinsons-iligan,Robinsons Place Iligan,mindanao
s&r,S&R,robinsons,robinsons-gentrias,Robinsons Place Gen. Trias,south-luzon
s toy c,S-toy C,filinvest,festival-mall,Festival Mall,metro-manila
southbank cafe lounge,Southbank Café Lounge,ortigas,estancia,Estancia,metro-manila
sabinas cravings,SABINA'S CRAVING'S,robinsons,robinsons-lipa,Robinsons Place Lipa,south-luzon
saboten,SABOTEN,ayala,ayala-serendra,Shops at Serendra,metro-manila
sac people,SAC PEOPLE,sm,sm-megamall,SM Megamall,metro-manila
sophistikated aesthetics and beauty loungee,SophistiKated Aesthetics and Beauty Loungee,robinsons,robinsons-cybergate-cebu,Robinsons Cybergate Cebu,visayas
saint camillus premium healthcare inc,"SAINT CAMILLUS PREMIUM HEALTHCARE, INC",robinsons,robinsons-bacolod,Robinsons Place Bacolod,visayas
saigosan,Saigosan,megaworld,uptown-mall,Uptown Mall,
sophistique spa,SOPHISTIQUE SPA,robinsons,robinsons-gapan,Robinsons Gapan,north-luzon
sorelle skin care and spa,SORELLE SKIN CARE AND SPA,sm,sm-city-santa-rosa,SM City Santa Rosa,south-luzon
saibachi,Saibachi,filinvest,festival-mall,Festival Mall,metro-manila
sahroden cellphone shop & acc,SAHRODEN CELLPHONE SHOP & ACC.,xentro,balagtas-town-center,Balagtas Town Center,
sagye,SAGYE,sm,sm-jmall,SM J Mall,visayas
sage garden,The Sage Garden,filinvest,festival-mall,Festival Mall,metro-manila
sagat crust,Sagat Crust,robinsons,robinsons-la-union,Robinsons Place La Union,north-luzon
soul potato,Soul Potato,robinsons,robinsons-magnolia,Robinsons Magnolia,metro-manila
saffron sips,SAFFRON SIPS,robinsons,robinsons-las-pinas,Robinsons Place Las Pinas,metro-manila
safa fashion accessories,SAFA FASHION ACCESSORIES,robinsons,robinsons-novaliches,Robinsons Novaliches,metro-manila
soundroom,SOUNDROOM,sm,sm-city-cebu,SM City Cebu,visayas
saetta mae cellshop,SAETTA MAE CELLSHOP,xentro,balagtas-town-center,Balagtas Town Center,
saem 9761213972,The Saem 9761213972,robinsons,robinsons-magnolia,Robinsons Magnolia,metro-manila
souper hot,SOUPER HOT,sm,sm-city-north-edsa,SM City North Edsa,metro-manila
saem,THE SAEM,robinsons,robinsons-antipolo,Robinsons Place Antipolo,metro-manila
south bay dental,South Bay Dental,filinvest,il-corso,IL Corso,visayas
sachi ramen,SACHI RAMEN,ayala,ayala-center-cebu,Ayala Center Cebu,visayas
south com,South Com,gmall,gmall-of-toril,GMall of Toril,mindanao
south salon,SOUTH SALON,ayala,ayala-solenad,Ayala Malls Nuvali,south-luzon
south star drugs,SOUTH STAR DRUGS,robinsons,robinsons-cybergate-cebu,Robinsons Cybergate Cebu,visayas
roots collective,Roots Collective,megaworld,uptown-mall,Uptown Mall,
sr new york style pizza,SR NEW YORK STYLE PIZZA,sm,sm-city-cebu,SM City Cebu,visayas
sole destination travel services inc,Sole Destination Travel Services Inc,robinsons,robinsons-antipolo,Robinsons Place Antipolo,metro-manila
stephen o bullo 0919 228 1010,Stephen O. Bullo 0919-228-1010,robinsons,robinsons-cybergate-cebu,Robinsons Cybergate Cebu,visayas
stellamari spa,STELLAMARI SPA,robinsons,robinsons-palawan,Robinsons Place Palawan,south-luzon
ringside,Ringside,robinsons,robinsons-galleria-cebu,Robinsons Galleria Cebu,visayas
stemz healthcare philippines private inc,STEMZ HEALTHCARE PHILIPPINES PRIVATE INC,sm,nu-mall-of-asia-building,NU MALL OF ASIA BUILDING,metro-manila
ringke,Ringke,robinsons,robinsons-manila,Robinsons Place Manila,metro-manila
step by step,Step by Step,ortigas,estancia,Estancia,metro-manila
step up,STEP UP,xentro,mall-of-the-valley,Mall Of The Valley,
rimowa,RIMOWA,ayala,ayala-greenbelt,Greenbelt,metro-manila
right dress fashion goldilocks,Right Dress Fashion Goldilocks,xentro,xentro-mall-calapan,XentroMall Calapan,
riff center,RIFF CENTER,robinsons,robinsons-metro-east,Robinsons Metro East,metro-manila
step up boutique,STEP-UP BOUTIQUE,ayala,ayala-legazpi,Ayala Malls Legazpi,south-luzon
step up globe,STEP UP / GLOBE,xentro,xentro-mall-cabagan,XentroMall Cabagan,
ride revolution,RIDE REVOLUTION,ayala,ayala-greenbelt,Greenbelt,metro-manila
steelcad,STEELCAD,robinsons,robinsons-metro-east,Robinsons Metro East,metro-manila
ricsjen beauty & wellness shop,Ricsjen Beauty & Wellness Shop,robinsons,robinsons-la-union,Robinsons Place La Union,north-luzon
steveston pizza,STEVESTON PIZZA,sm,sm-center-pasig,SM Center Pasig,metro-manila
stick on me,STICK ON ME,sm,sm-city-cebu,SM City Cebu,visayas
richyu fashion,Richyu Fashion,robinsons,robinsons-novaliches,Robinsons Novaliches,metro-manila
richtech minigem,Richtech MINIGEM (12),xentro,montalban-town-center,Montalban Town Center,
richtech 2 ca exhibits,Richtech 2 ( 3.11 SQM) CA EXHIBITS ( PROPERTY PRO ),xentro,montalban-town-center,Montalban Town Center,
richtech 1 ca exhibits,Richtech 1( 5.04 SQM) CA EXHIBITS ( PROPERTY PRO ),xentro,montalban-town-center,Montalban Town Center,
richmond medical,Richmond Medical,megaworld,newport-city,Newport City,
sticks & strings,Sticks & Strings,robinsons,robinsons-naga,Robinsons Place Naga,south-luzon
richielda cabucos lao 238 1567 0925 706 8455,Richielda Cabucos - Lao (032)238-1567/0925-706-8455,robinsons,robinsons-cybergate-cebu,Robinsons Cybergate Cebu,visayas
richchad coffee shop,Richchad Coffee Shop,robinsons,robinsons-tacloban,Robinsons Place Tacloban,visayas
rink star,RINK STAR,sm,sm-city-cabanatuan,SM City Cabanatuan,north-luzon
steamworks,STEAMWORKS,robinsons,robinsons-pagadian,Robinsons Pagadian,mindanao
stitch and sole,Stitch and Sole,megaworld,eastwood-cyber-mall,Eastwood Cyber Mall,
rj reloading,RJ RELOADING (VIRTECK),xentro,montalban-town-center,Montalban Town Center,
rmg gadget shops,Rmg Gadget Shops,filinvest,festival-mall,Festival Mall,metro-manila
starcon fitness gym,Starcon Fitness Gym,megaworld,california-garden-square,California Garden Square,
rmc technics cellphone repair and accessories,RMC TECHNICS CELLPHONE REPAIR AND ACCESSORIES,xentro,tanay-town-center,Tanay Town Center,
stardust fine jewelry,Stardust Fine Jewelry,ortigas,greenhills,Greenhills,metro-manila
rm phone accessories,RM Phone Accessories,gmall,gmall-of-tagum,GMall of Tagum,mindanao
rm cellshop,RM CELLSHOP,robinsons,robinsons-valencia,Robinsons Place Valencia,mindanao
rk telecom,RK Telecom,robinsons,robinsons-santiago,Robinsons Place Santiago,north-luzon
rk tel cellphone accessories,RK-Tel Cellphone Accessories,gmall,gmall-of-davao,GMall of Davao,mindanao
rjs barbershop,RJS BARBERSHOP,sm,smdc-grace-mall,SMDC Grace Mall,smdc
rjl medical clinic,RJL / Medical Clinic,gmall,gmall-of-digos,GMall of Digos,mindanao
starkey locksmith & watch repair,STARKEY LOCKSMITH & WATCH REPAIR,ayala,ayala-feliz,Ayala Malls Feliz,metro-manila
starmall cinemas,STARMALL CINEMAS,starmall,alabang,Starmall Alabang,metro-manila
rita optical,RITA OPTICAL,ayala,ayala-glorietta,Glorietta,metro-manila
starphone,STARPHONE,sm,sm-city-iloilo,SM City Iloilo,visayas
rj agency visa consultancy,RJ Agency Visa Consultancy,robinsons,robinsons-galleria-cebu,Robinsons Galleria Cebu,visayas
rizal dairy farms,RIZAL DAIRY FARMS,ayala,ayala-market-market,Market! Market!,metro-manila
starrbites,STARRBITES,robinsons,robinsons-antipolo,Robinsons Place Antipolo,metro-manila
rizal commercial banking corp,RIZAL COMMERCIAL BANKING CORP. (RCBC),starmall,edsa-shaw,Starmall EDSA-Shaw,metro-manila
rivians special ice cream,RIVIAN'S SPECIAL ICE CREAM,robinsons,robinsons-pagadian,Robinsons Pagadian,mindanao
statement theory,STATEMENT THEORY,sm,s-maison,S Maison,metro-manila
statesman barbershop,Statesman Barbershop,robinsons,robinsons-dasmarinas,Robinsons Place Dasmarinas,south-luzon
status hair salon,Status Hair Salon,robinsons,robinsons-galleria-ortigas,Robinsons Galleria,metro-manila
steak & gravy,STEAK & GRAVY,sm,sm-center-pasig,SM Center Pasig,metro-manila
steak & sushi,STEAK & SUSHI,ayala,ayala-marquee,MarQuee Mall,north-luzon
rich and shine fashion accessories and store,RICH AND SHINE FASHION ACCESSORIES AND STORE,xentro,tanay-town-center,Tanay Town Center,
rich and shine fashion accessories,RICH AND SHINE FASHION ACCESSORIES,xentro,morong-centerpoint,Morong Centerpoint,
sr watch repair shop,SR Watch Repair Shop,robinsons,robinsons-lipa,Robinsons Place Lipa,south-luzon
revlon mini gem exhibit 13,REVLON MINI GEM EXHIBIT ( FC DATING VIDEOKE) #13,xentro,montalban-town-center,Montalban Town Center,
reymel canteen,REYMEL CANTEEN,ayala,ayala-pavilion,Pavilion Mall,south-luzon
reylyn tech minigem,Reylyn Tech MINIGEM (12),xentro,montalban-town-center,Montalban Town Center,
reyes haircutters,Reyes Haircutters,waltermart,antipolo,WalterMart Antipolo,metro-manila
reyes hair cutter,REYES HAIR CUTTER,xentro,northstar-mall,Northstar Mall,
reyes barbeque,REYES BARBEQUE,robinsons,robinsons-manila,Robinsons Place Manila,metro-manila
streat balls,STREAT BALLS,robinsons,robinsons-las-pinas,Robinsons Place Las Pinas,metro-manila
reycon watch repair center,REYCON WATCH REPAIR CENTER,waltermart,bicutan,WalterMart Bicutan,metro-manila
street pro,Street Pro,robinsons,robinsons-naga,Robinsons Place Naga,south-luzon
rey silver station & watch repair center zsj dimsum hauz,REY SILVER STATION & WATCH REPAIR CENTER ZSJ DIMSUM HAUZ ( SIOMAI KING ),xentro,montalban-town-center,Montalban Town Center,
streetyard,STREETYARD,sm,sm-city-consolacion,SM City Consolacion,visayas
rexcue fone,REXCUE FONE,ayala,ayala-center-cebu,Ayala Center Cebu,visayas
revlon,REVLON,xentro,sta-ana-public-market,Sta Ana Public Market,
rfg watch service center,RFG WATCH SERVICE CENTER,sm,sm-savemore-nagtahan,SM Savemore Nagtahan,metro-manila
stretch center salon,STRETCH CENTER SALON,sm,sm-city-iloilo,SM City Iloilo,visayas
reva footwear,Reva Footwear,robinsons,robinsons-malabon,Robinsons Town Mall Malabon,metro-manila
strip,STRIP,ayala,ayala-serendra,Shops at Serendra,metro-manila
rev,REV,sm,s-maison,S Maison,metro-manila
retro,RETRO,robinsons,robinsons-starmills,Robinsons Starmills,north-luzon
retokelly salon & spa,RETOKELLY SALON & SPA,robinsons,robinsons-tuguegarao,Robinsons Place Tuguegarao,north-luzon
retokelly group of salon,RETOKELLY GROUP OF SALON,sm,sm-center-tuguegarao-downtown,SM Center Tuguegarao Downtown,north-luzon
retailogy,RETAILOGY,robinsons,robinsons-novaliches,Robinsons Novaliches,metro-manila
retail lab,Retail Lab,ortigas,estancia,Estancia,metro-manila
restwell massage,Restwell Massage,gmall,gmall-of-tagum,GMall of Tagum,mindanao
restoerun,Restoerun,ortigas,greenhills,Greenhills,metro-manila
strap shop delscollection,STRAP SHOP / DELSCOLLECTION,araneta,ali-mall,Ali Mall,metro-manila
rfone solutions gadgets & repair shop,RFONE SOLUTIONS GADGETS & REPAIR SHOP,ayala,ayala-capitol-central,Ayala Malls Capitol Central,visayas
rice toppings and lemon express,Rice Toppings and Lemon Express,gmall,gmall-of-tagum,GMall of Tagum,mindanao
riannetel,Riannetel,gmall,gmall-of-davao,GMall of Davao,mindanao
stitches and charm,STITCHES AND CHARM,xentro,ab-central,Ab Central,
rice in box,RICE IN BOX,xentro,montalban-town-center,Montalban Town Center,
rice in a box staffhouse superb shanghai siomai,RICE IN A BOX STAFFHOUSE SUPERB SHANGHAI SIOMAI,xentro,tanay-town-center,Tanay Town Center,
stitches and charm boutique cocais food stall,STITCHES AND CHARM BOUTIQUE COCAI’S FOOD STALL,xentro,tanay-town-center,Tanay Town Center,
rice at your doorstep,Rice at Your Doorstep,megaworld,california-garden-square,California Garden Square,
stockroom,THE STOCKROOM,ayala,ayala-up-town-center,U. P. Town Center,metro-manila
rice & rolls,Rice & Rolls,megaworld,festive-walk-parade,Festive Walk Parade,
stockwell cafe lounge,STOCKWELL CAFE LOUNGE,sm,sm-city-fairview,SM City Fairview,metro-manila
stop & shack house minigem exhibit,STOP & SHACK HOUSE MINIGEM EXHIBIT (28),xentro,montalban-town-center,Montalban Town Center,
ribs n bibs restaurant,RIBS N BIBS RESTAURANT,ayala,ayala-centrio,Centrio Mall,mindanao
ribs bibs,RIBS BIBS,sm,sm-cdo-downtown,SM CDO Downtown Premier,mindanao
stop and style,Stop and Style,robinsons,robinsons-starmills,Robinsons Starmills,north-luzon
strands salon,Strands Salon,megaworld,newport-city,Newport City,
rianne,Rianne,robinsons,robinsons-novaliches,Robinsons Novaliches,metro-manila
store 2823,STORE 2823,sm,sm-center-angono,SM Center Angono,metro-manila
rhearen musical instrument avon ca exhibits,RHEAREN MUSICAL INSTRUMENT / AVON CA EXHIBITS ( PROPERTY PRO ),xentro,montalban-town-center,Montalban Town Center,
rgz beauty and wellness products shop,RGZ Beauty and Wellness Products Shop,robinsons,robinsons-dumaguete,Robinsons Place Dumaguete,visayas
stormtech 9752669286,Stormtech 9752669286,robinsons,robinsons-dumaguete,Robinsons Place Dumaguete,visayas
rgm i care,RGM I-CARE,waltermart,north-edsa,WalterMart North EDSA,metro-manila
rgentee,Rgentee,robinsons,robinsons-manila,Robinsons Place Manila,metro-manila
straight forward,STRAIGHT FORWARD,robinsons,robinsons-antipolo,Robinsons Place Antipolo,metro-manila
rgbtoyzone,RGBToyzone,ortigas,greenhills,Greenhills,metro-manila
straight naturelle,STRAIGHT NATURELLE,sm,sm-city-san-pablo,SM City San Pablo,south-luzon
straightfroward,Straightfroward,robinsons,robinsons-tacloban,Robinsons Place Tacloban,visayas
starbucks reserve 8280 0726,Starbucks Reserve 8280-0726,robinsons,robinsons-magnolia,Robinsons Magnolia,metro-manila
rmj flowers,RMJ Flowers,robinsons,robinsons-santiago,Robinsons Place Santiago,north-luzon
rms fashion gallery,RMS FASHION GALLERY,xentro,xentro-mall-roxas,XentroMall Roxas,
rockbords phones and gadgets,Rockbords Phones and Gadgets,gmall,gmall-of-tagum,GMall of Tagum,mindanao
st ali,ST. ALI,robinsons,opus,Opus Mall,metro-manila
st ali coffee,ST. ALI COFFEE,robinsons,opus,Opus Mall,metro-manila
st clare of asissi,ST. CLARE OF ASISSI,robinsons,robinsons-otis,Robinsons Otis,metro-manila
st john,St. John,filinvest,festival-mall,Festival Mall,metro-manila
st joseph,St. Joseph,robinsons,robinsons-galleria-ortigas,Robinsons Galleria,metro-manila
rocky s barbershop,Rocky\'s Barbershop,gmall,gmall-of-davao,GMall of Davao,mindanao
rocky mountain chocolate factory,ROCKY MOUNTAIN CHOCOLATE FACTORY,sm,sm-megamall,SM Megamall,metro-manila
st joseph drug,ST JOSEPH DRUG,xentro,xentro-mall-tumauini,XentroMall Tumauini,
rockstar by centerstage,ROCKSTAR BY CENTERSTAGE,sm,sm-aura,SM Aura,metro-manila
st joseph religious items shop,St. Joseph Religious items Shop,robinsons,robinsons-dumaguete,Robinsons Place Dumaguete,visayas
st joseph religious items shop 9915586481,St. Joseph Religious items Shop 9915586481,robinsons,robinsons-dumaguete,Robinsons Place Dumaguete,visayas
rock on boulder gym,ROCK ON BOULDER GYM,ayala,ayala-malls-central-bloc,Ayala Malls Central Bloc,visayas
rodness pasalubong,Rodness Pasalubong,robinsons,robinsons-lipa,Robinsons Place Lipa,south-luzon
st louis house of fine ice cream & desserts,ST. LOUIS HOUSE OF FINE ICE CREAM & DESSERTS,ayala,ayala-bonifacio-high-street,Bonifacio High Street,metro-manila
rock n sole,Rock n Sole,ortigas,estancia,Estancia,metro-manila
st marc cafe,ST MARC CAFE,sm,sm-megamall,SM Megamall,metro-manila
robys sports,ROBY'S SPORTS,robinsons,robinsons-pagadian,Robinsons Pagadian,mindanao
robs,Rob's,megaworld,newport-city,Newport City,
robots & dolls salon,Robots & Dolls Salon,megaworld,venice-grand-canal-mall,Venice Grand Canal Mall,
robots & dolls,Robots & Dolls,megaworld,lucky-chinatown-imperial-wing,Lucky Chinatown - Imperial Wing,
sta barbara,Sta. Barbara,robinsons,robinsons-malabon,Robinsons Town Mall Malabon,metro-manila
robisnons deparment store,ROBISNONS DEPARMENT STORE,robinsons,robinsons-butuan,Robinsons Place Butuan,mindanao
sta lucia holdings,Sta. Lucia Holdings,robinsons,robinsons-palawan,Robinsons Place Palawan,south-luzon
robinsons supermarket hot ticket fashion shop,ROBINSONS SUPERMARKET HOT TICKET FASHION SHOP,xentro,xentro-mall-lemery,XentroMall Lemery,
sst laptop & pc shop,Sst Laptop & Pc Shop,filinvest,festival-mall,Festival Mall,metro-manila
roger vivier,ROGER VIVIER,ayala,ayala-greenbelt,Greenbelt,metro-manila
road house manila,ROAD HOUSE MANILA,sm,sm-by-the-bay,SM By the Bay,metro-manila
romulo cafe,ROMULO CAFE,ayala,ayala-one-bonifacio-high-street,One Bonifacio High Street,metro-manila
srl panoceph dental diagnostic clinic 0917 8557566,Srl Panoceph Dental Diagnostic Clinic 0917-8557566,robinsons,robinsons-sta-rosa,Robinsons Sta. Rosa,south-luzon
rookie kids,Rookie Kids,ortigas,greenhills,Greenhills,metro-manila
rookie,ROOKIE,robinsons,robinsons-manila,Robinsons Place Manila,metro-manila
rons flower garden,Ron's Flower Garden,robinsons,robinsons-bacolod,Robinsons Place Bacolod,visayas
srt merchandising,SRT Merchandising,robinsons,robinsons-iloilo,Robinsons Place Iloilo,visayas
ssamjang express,SSAMJANG EXPRESS,sm,sm-city-baliwag,SM City Baliwag,north-luzon
roninsons supermarket,RONINSONS SUPERMARKET,robinsons,robinsons-pagadian,Robinsons Pagadian,mindanao
ron salon,RON SALON,sm,sm-center-pasig,SM Center Pasig,metro-manila
ssamjang korean restaurant,SSAMJANG KOREAN RESTAURANT,sm,sm-city-baliwag,SM City Baliwag,north-luzon
ron mar handicraft,RON MAR HANDICRAFT,sm,sm-city-baguio,SM City Baguio,north-luzon
ssr household,SSR Household,robinsons,robinsons-galleria-ortigas,Robinsons Galleria,metro-manila
sss additional area,SSS ADDITIONAL AREA,xentro,northstar-mall,Northstar Mall,
rogue gaming,ROGUE GAMING,sm,sm-city-north-edsa,SM City North Edsa,metro-manila
sss bluepoint com,SSS BLUEPOINT.COM,xentro,xentro-mall-lemery,XentroMall Lemery,
sss satellite,SSS SATELLITE,xentro,northstar-mall,Northstar Mall,
romeos steak & spice,Romeo's Steak & Spice,robinsons,robinsons-tuguegarao,Robinsons Place Tuguegarao,north-luzon
romeos spice & steaks,Romeo’s Spice & Steaks,robinsons,robinsons-antipolo,Robinsons Place Antipolo,metro-manila
romeos,Romeo's,ortigas,greenhills,Greenhills,metro-manila
sss ystilo,"SSS, YSTILO",xentro,xentro-mall-cabagan,XentroMall Cabagan,
roma wellness beauty centre,ROMA WELLNESS BEAUTY CENTRE,sm,smdc-strip-at-sea,SMDC Strip at Sea,smdc
sst gadgets repair,SST GADGETS REPAIR,robinsons,robinsons-manila,Robinsons Place Manila,metro-manila
roller fever,Roller Fever,filinvest,fora,Fora Mall,south-luzon
rolex washington watch group,ROLEX - WASHINGTON WATCH GROUP,ayala,ayala-greenbelt,Greenbelt,metro-manila
sst laptop & gadget repair shop 9438205423,SST LAPTOP & GADGET REPAIR SHOP 9438205423,robinsons,robinsons-dumaguete,Robinsons Place Dumaguete,visayas
robinsons supermarket corp daud macapa ar,Robinsons Supermarket Corp. DAUD MACAPA-AR,xentro,xentro-mall-calapan,XentroMall Calapan,
robinsons supermarket bainor repair services 1,ROBINSONS SUPERMARKET BAINOR REPAIR SERVICES 1,xentro,montalban-town-center,Montalban Town Center,
robinsons supermarket 8961 6029,Robinsons Supermarket 8961-6029,robinsons,robinsons-magnolia,Robinsons Magnolia,metro-manila
robinson handyman exhibit,ROBINSON HANDYMAN EXHIBIT,xentro,balagtas-town-center,Balagtas Town Center,
star finder optical shop 0949 430 5969,Star Finder Optical Shop 0949-430-5969,robinsons,robinsons-sta-rosa,Robinsons Sta. Rosa,south-luzon
robinsons bank jewelrich,ROBINSONS BANK Jewelrich,xentro,xentro-mall-calapan,XentroMall Calapan,
robinsons bank 8702 9500 local 499,Robinsons Bank 8702-9500 local 499,robinsons,robinsons-sta-rosa,Robinsons Sta. Rosa,south-luzon
robinsons bank 0917 321 0930,ROBINSONS BANK 0917-321-0930,robinsons,robinsons-cybergate-cebu,Robinsons Cybergate Cebu,visayas
robinsons appliances oppo mobile,Robinsons Appliances OPPO MOBILE,xentro,xentro-mall-calapan,XentroMall Calapan,
robinsons appliances arzel,ROBINSONS APPLIANCES ARZEL,xentro,xentro-mall-lemery,XentroMall Lemery,
star frappe green bowl,"STAR FRAPPE , GREEN BOWL",xentro,xentro-mall-cabagan,XentroMall Cabagan,
robinsons appliances 9988466445,Robinsons Appliances 9988466445,robinsons,robinsons-dumaguete,Robinsons Place Dumaguete,visayas
star jury toys ca exhibits,STAR JURY TOYS CA EXHIBITS ( PROPERTY PRO ),xentro,montalban-town-center,Montalban Town Center,
robinsons appliance store bainor repair services ii,ROBINSONS APPLIANCE STORE BAINOR REPAIR SERVICES II,xentro,montalban-town-center,Montalban Town Center,
robinsons appliance center,Robinsons Appliance Center,robinsons,robinsons-santiago,Robinsons Place Santiago,north-luzon
roberts toys,Roberts Toys,ortigas,greenhills,Greenhills,metro-manila
sta lucia land inc,Sta. Lucia Land Inc.,robinsons,robinsons-tagum,Robinsons Place Tagum,mindanao
roberts accessories khalid saud,Roberts Accessories (LIN MIN XU ) (4.44 SQM) KHALID SAUD,xentro,montalban-town-center,Montalban Town Center,
star sports,Star Sports,filinvest,festival-mall,Festival Mall,metro-manila
star telecom,STAR TELECOM,xentro,mall-of-the-valley,Mall Of The Valley,
robert series,Robert Series,gmall,gmall-of-toril,GMall of Toril,mindanao
robert chicken,ROBERT CHICKEN,robinsons,opus,Opus Mall,metro-manila
robelo watch repair,ROBELO WATCH REPAIR,waltermart,taytay,WalterMart Taytay,metro-manila
robata by chef alexander sebastian,ROBATA BY CHEF ALEXANDER SEBASTIAN,sm,sm-city-general-santos,SM City General Santos,mindanao
roasted duck express,Roasted Duck Express,ortigas,greenhills,Greenhills,metro-manila
roasted beans & coffee shop,ROASTED BEANS & COFFEE SHOP,robinsons,robinsons-palawan,Robinsons Place Palawan,south-luzon
roasted & grilled,Roasted & Grilled,robinsons,robinsons-santiago,Robinsons Place Santiago,north-luzon
starbucks 032 8896 2755,STARBUCKS 032.8896.2755,robinsons,robinsons-cybergate-cebu,Robinsons Cybergate Cebu,visayas
star finder optical,STAR-FINDER OPTICAL,sm,sm-southmall,SM Southmall,metro-manila
robinsons department store home outlet h and m cp ii,Robinsons Department Store Home Outlet ( Exhibit) H AND M CP II,xentro,xentro-mall-calapan,XentroMall Calapan,
stampede,STAMPEDE,araneta,farmers-plaza,Farmers Plaza,metro-manila
robinsons department store home outlet n & l cellphone and accessories,Robinsons Department Store Home Outlet ( Exhibit) N & L CELLPHONE AND ACCESSORIES,xentro,xentro-mall-calapan,XentroMall Calapan,
sta teresa resto,Sta. Teresa Resto,robinsons,robinsons-dumaguete,Robinsons Place Dumaguete,visayas
robinsons supermaket,ROBINSONS SUPERMAKET,robinsons,robinsons-gapan,Robinsons Gapan,north-luzon
robinsons super market,ROBINSONS SUPER MARKET,robinsons,robinsons-butuan,Robinsons Place Butuan,mindanao
robinsons residences,Robinsons Residences,robinsons,robinsons-galleria-cebu,Robinsons Galleria Cebu,visayas
robinsons movieworld 881 2545,ROBINSONS MOVIEWORLD (054) 881-2545,robinsons,robinsons-naga,Robinsons Place Naga,south-luzon
robinsons movieworld 8397 1888 loc 36029,ROBINSONS MOVIEWORLD ( 8397-1888 loc.36029,robinsons,robinsons-palawan,Robinsons Place Palawan,south-luzon
robinsons movieworld 815 7771,ROBINSONS MOVIEWORLD (085) 815-7771,robinsons,robinsons-butuan,Robinsons Place Butuan,mindanao
robinsons movieworld 224 2822,ROBINSONS MOVIEWORLD ( 063 ) 224-2822,robinsons,robinsons-iligan,Robinsons Place Iligan,mindanao
robinsons movieworld 0998 840 3587,ROBINSONS MOVIEWORLD (OPEN) 0998-840-3587,robinsons,robinsons-iloilo,Robinsons Place Iloilo,visayas
robinsons movieworld 0997 508 5366,ROBINSONS MOVIEWORLD (OPEN) 0997-508-5366,robinsons,robinsons-valencia,Robinsons Place Valencia,mindanao
robinsons movieworld 0945 852 5486,ROBINSONS MOVIEWORLD 0945-852-5486 (OPEN),robinsons,robinsons-gen-san,Robinsons Place GenSan,mindanao
sta teresa resto 9177931584,STA. TERESA RESTO 9177931584,robinsons,robinsons-dumaguete,Robinsons Place Dumaguete,visayas
robinsons movie world 8887 0726,ROBINSONS MOVIE WORLD (OPEN) (02) 8887-0726,robinsons,robinsons-las-pinas,Robinsons Place Las Pinas,metro-manila
stacks,STACKS,sm,sm-city-butuan,SM City Butuan,mindanao
stallion fashion house,Stallion Fashion House,robinsons,robinsons-sta-rosa,Robinsons Sta. Rosa,south-luzon
robinsons homes inc,Robinsons Homes Inc.,robinsons,robinsons-cagayan-de-oro,Robinsons Cagayan de Oro,mindanao
stallion fashion house 0929 318 6731,Stallion Fashion House 0929-318-6731,robinsons,robinsons-sta-rosa,Robinsons Sta. Rosa,south-luzon
stamp attack,STAMP ATTACK,sm,sm-megamall,SM Megamall,metro-manila
robinsons handyman stockroom firefly,Robinsons Handyman Stockroom FIREFLY,xentro,xentro-mall-calapan,XentroMall Calapan,
robinsons handyman,ROBINSON'S HANDYMAN,xentro,balagtas-town-center,Balagtas Town Center,
stamp shop fashion boutique,STAMP SHOP FASHION BOUTIQUE,ayala,ayala-market-market,Market! Market!,metro-manila
stamp studio,STAMP STUDIO,sm,sm-city-fairview,SM City Fairview,metro-manila
robinsons department store jaju playhouse,Robinsons Department Store JAJU PLAYHOUSE,xentro,xentro-mall-calapan,XentroMall Calapan,
salt & stone,SALT & STONE,robinsons,robinsons-antipolo,Robinsons Place Antipolo,metro-manila
salt & stone wellness spa,SALT & STONE WELLNESS SPA,sm,sm-mall-of-asia,SM Mall of Asia,metro-manila
stud & sassy,Stud & Sassy,megaworld,eastwood-city-walk,Eastwood City Walk,
skin bar,Skin Bar,ortigas,greenhills,Greenhills,metro-manila
shakeys pizza,Shakey's Pizza,robinsons,robinsons-ormoc,Robinsons Place Ormoc,visayas
shakeys korn,SHAKEYS KORN,xentro,xentro-mall-lemery,XentroMall Lemery,
shakeys 9278110353,SHAKEY'S 9278110353 (OPEN),robinsons,robinsons-dumaguete,Robinsons Place Dumaguete,visayas
shakeys 505 5860,SHAKEY'S (032)505-5860,robinsons,robinsons-cybergate-cebu,Robinsons Cybergate Cebu,visayas
shakey s,Shakey\'s,gmall,gmall-of-davao,GMall of Davao,mindanao
skin 911 facial and slimming centre,SKIN 911 FACIAL AND SLIMMING CENTRE,ayala,ayala-center-cebu,Ayala Center Cebu,visayas
skin adept,Skin Adept,ortigas,estancia,Estancia,metro-manila
shaka cafes,SHAKA CAFES,sm,moa-square,MOA Square,metro-manila
shaka cafe,Shaka Cafe,megaworld,forbes-town,Forbes Town,
shadows & patterns,Shadows & Patterns,ortigas,estancia,Estancia,metro-manila
shaburi kintan,SHABURI KINTAN,ayala,ayala-glorietta,Glorietta,metro-manila
sha xian snack,Sha-Xian Snack,megaworld,venice-grand-canal-mall,Venice Grand Canal Mall,
shams,Shams,robinsons,robinsons-iligan,Robinsons Place Iligan,mindanao
skin breathe,SKIN BREATHE,araneta,farmers-plaza,Farmers Plaza,metro-manila
skin care solutions,SKIN CARE SOLUTIONS,sm,sm-mall-of-asia,SM Mall of Asia,metro-manila
sgt sisig,SGT. SISIG,xentro,sta-ana-public-market,Sta Ana Public Market,
sgroppino italia coffee shop,SGROPPINO ITALIA COFFEE SHOP,sm,sm-center-ormoc,SM Center Ormoc,visayas
sg urban empanada,SG Urban Empanada,robinsons,robinsons-tuguegarao,Robinsons Place Tuguegarao,north-luzon
sg dermatology and surgical aesthetic clinic,Sg Dermatology And Surgical Aesthetic Clinic,filinvest,festival-mall,Festival Mall,metro-manila
sg clinic,SG Clinic,robinsons,robinsons-manila,Robinsons Place Manila,metro-manila
sfx porcelain trading,SFX PORCELAIN TRADING,araneta,ali-mall,Ali Mall,metro-manila
sfdc ngipin station,Sfdc Ngipin Station,filinvest,festival-mall,Festival Mall,metro-manila
skin cell,Skin Cell,megaworld,venice-grand-canal-mall,Venice Grand Canal Mall,
skin centraal dermatology clinic,SKIN CENTRAAL DERMATOLOGY CLINIC,ayala,ayala-circuit,Ayala Malls Circuit,metro-manila
shama 0946 604 7577,SHAMA 0946-604-7577 (NEW),robinsons,robinsons-antique,Robinsons Place Antique,visayas
shandie,Shandie,robinsons,robinsons-novaliches,Robinsons Novaliches,metro-manila
sexy on jeans philippine savings bank,SEXY ON JEANS PHILIPPINE SAVINGS BANK,xentro,montalban-town-center,Montalban Town Center,
sjm watch services,SJM WATCH SERVICES,sm,sm-city-molino,SM City Molino,south-luzon
sheenas sleek,SHEENA'S SLEEK,araneta,farmers-plaza,Farmers Plaza,metro-manila
sheeha money changer,Sheeha Money Changer,megaworld,forbes-town,Forbes Town,
shee bakes,SHEE BAKES,robinsons,robinsons-butuan,Robinsons Place Butuan,mindanao
shearmahz,SHEARMAHZ,sm,sm-city-urdaneta-central,SM City Urdaneta Central,north-luzon
shaxia snack house,Shaxia Snack House,megaworld,lucky-chinatown-prosperity-wing,Lucky Chinatown - Prosperity Wing,
shawie nails spa,SHAWIE NAILS SPA,ayala,ayala-serin,Ayala Malls Serin,south-luzon
shawarma shack 9298246713,Shawarma Shack 9298246713,robinsons,robinsons-santiago,Robinsons Place Santiago,north-luzon
shawarma shack 0917 573 2556,SHAWARMA SHACK 0917-573-2556 (NEW),robinsons,robinsons-antique,Robinsons Place Antique,visayas
sizzling smoque,SIZZLING SMOQUE,sm,sm-city-santa-rosa,SM City Santa Rosa,south-luzon
shawarma lover,Shawarma Lover,robinsons,robinsons-pavia,Robinsons Place Pavia,visayas
sj lifestyle,Sj Lifestyle,filinvest,festival-mall,Festival Mall,metro-manila
sk pierceson,SK. PIERCESON,robinsons,robinsons-santiago,Robinsons Place Santiago,north-luzon
shanghai express,Shanghai Express,megaworld,uptown-parade,Uptown Parade,
shawarma craze,SHAWARMA CRAZE,robinsons,robinsons-gapan,Robinsons Gapan,north-luzon
shawarma,SHAWARMA,ayala,ayala-center-cebu,Ayala Center Cebu,visayas
sharmainescakes and patries,Sharmaines'Cakes and Patries,robinsons,robinsons-iligan,Robinsons Place Iligan,mindanao
shark ninja,Shark Ninja,filinvest,festival-mall,Festival Mall,metro-manila
sharetea,Sharetea,robinsons,robinsons-iloilo,Robinsons Place Iloilo,visayas
skewd,SKEW'D,robinsons,robinsons-metro-east,Robinsons Metro East,metro-manila
shapes and sizes,SHAPES AND SIZES,ayala,ayala-market-market,Market! Market!,metro-manila
shanylle p h,Shanylle P.h,ortigas,greenhills,Greenhills,metro-manila
skin,SKIN +,ayala,ayala-solenad,Ayala Malls Nuvali,south-luzon
skin & body,Skin & Body,filinvest,festival-mall,Festival Mall,metro-manila
shanghai saloon,SHANGHAI SALOON,sm,the-podium,The Podium,metro-manila
seyah collection,SEYAH COLLECTION,xentro,mall-of-the-valley,Mall Of The Valley,
skin doctors,Skin Doctors,gmall,gmall-of-davao,GMall of Davao,mindanao
skintrends,SKINTRENDS,sm,sm-city-fairview,SM City Fairview,metro-manila
seoul food house,Seoul Food House,robinsons,robinsons-luisita,Robinsons Luisita,north-luzon
skin trends,Skin Trends,megaworld,eastwood-cyber-mall,Eastwood Cyber Mall,
seoulgyupsal open,Seoulgyupsal OPEN,robinsons,robinsons-novaliches,Robinsons Novaliches,metro-manila
skin u love,SKIN U LOVE,sm,sm-city-urdaneta-central,SM City Urdaneta Central,north-luzon
seoul station,Seoul Station,megaworld,venice-grand-canal-mall,Venice Grand Canal Mall,
skincare rx,Skincare Rx,ortigas,greenhills,Greenhills,metro-manila
skincell advanced aesthetic clinics,SKINCELL ADVANCED AESTHETIC CLINICS,ayala,ayala-feliz,Ayala Malls Feliz,metro-manila
seoul mate home kitchen,Seoul Mate Home Kitchen,megaworld,festive-walk-parade,Festive Walk Parade,
skines,Skines,fishermall,quezonave,Fisher Mall Quezon Avenue,metro-manila
seoul korean grill cuisine,SEOUL KOREAN GRILL + CUISINE,ayala,ayala-center-cebu,Ayala Center Cebu,visayas
skinmode tattoo,Skinmode Tattoo,gmall,gmall-of-davao,GMall of Davao,mindanao
skinology spa wellness center,SKINOLOGY SPA WELLNESS CENTER,sm,sm-city-bicutan,SM City Bicutan,metro-manila
sentro cafe,SENTRO CAFE,sm,sm-city-laoag,SM City Laoag,north-luzon
serafina,SERAFINA,sm,sm-city-tuguegarao,SM City Tuguegarao,north-luzon
skinrev aesthetic clinic,SKINREV AESTHETIC CLINIC,sm,sm-city-cagayan-de-oro,SM City CDO Uptown,mindanao
senses,SENSES,robinsons,opus,Opus Mall,metro-manila
sensei exhibit,SENSEI EXHIBIT,robinsons,robinsons-ilocos,Robinsons Place Ilocos,north-luzon
sensei,Sensei,filinvest,festival-mall,Festival Mall,metro-manila
skintech,SKINTECH,ayala,ayala-center-cebu,Ayala Center Cebu,visayas
skintech face & beauty center,Skintech Face & Beauty Center,filinvest,il-corso,IL Corso,visayas
senorita de bacolod,SEÑORITA DE BACOLOD,sm,sm-city-bacolod,SM City Bacolod,visayas
skinthetics,SKINTHETICS,robinsons,robinsons-cagayan-de-oro,Robinsons Cagayan de Oro,mindanao
senor sabores tacos nachos wings,SEÑOR SABORES TACOS NACHOS WINGS,sm,sm-center-tuguegarao-downtown,SM Center Tuguegarao Downtown,north-luzon
senor pollo,Senor Pollo,ortigas,greenhills,Greenhills,metro-manila
senor barbershop,Señor Barbershop,megaworld,newport-city,Newport City,
skin touch,Skin Touch,filinvest,festival-mall,Festival Mall,metro-manila
skin studio,Skin Studio,robinsons,robinsons-tacloban,Robinsons Place Tacloban,visayas
skin doctors beauty and wellness,Skin Doctors Beauty and Wellness,gmall,gmall-of-tagum,GMall of Tagum,mindanao
seven gems jewelry,SEVEN GEMS JEWELRY,sm,sm-city-north-edsa,SM City North Edsa,metro-manila
sewing room and alterations specialist,The Sewing Room And Alterations Specialist,megaworld,clubhouse-temple-drive,The Clubhouse at Temple Drive,
skin files beauty lounge,SKIN FILES BEAUTY LOUNGE,sm,sm-city-fairview,SM City Fairview,metro-manila
skin hub aesthetic laser center,SKIN HUB AESTHETIC LASER CENTER,sm,sm-city-tuguegarao,SM City Tuguegarao,north-luzon
skin magical,Skin Magical,robinsons,robinsons-tuguegarao,Robinsons Place Tuguegarao,north-luzon
sewing bar,SEWING BAR,ayala,ayala-harbor-point,Harbor Point,north-luzon
sew terrific,Sew Terrific,ortigas,estancia,Estancia,metro-manila
sew it right,Sew It Right,waltermart,makati,WalterMart Makati,metro-manila
sew fit upcycling alterations,SEW FIT UPCYCLING ALTERATIONS,sm,sm-seaside-city-cebu,SM Seaside City Cebu,visayas
sew and fit alterations,Sew and Fit Alterations,megaworld,california-garden-square,California Garden Square,
seventh j,Seventh J,ortigas,greenhills,Greenhills,metro-manila
seven seven,Seven Seven,robinsons,robinsons-iligan,Robinsons Place Iligan,mindanao
sesou,SESOU,sm,sm-megamall,SM Megamall,metro-manila
serenes hair extension and spa,SERENES HAIR EXTENSION AND SPA,sm,sm-center-tuguegarao-downtown,SM Center Tuguegarao Downtown,north-luzon
servicio,SERVICIO,sm,sm-city-butuan,SM City Butuan,mindanao
serta,SERTA,ayala,ayala-greenbelt,Greenbelt,metro-manila
skin nurse,SKIN NURSE,robinsons,robinsons-tacloban,Robinsons Place Tacloban,visayas
skin perfect temporarily closed,Skin Perfect TEMPORARILY CLOSED,robinsons,robinsons-iligan,Robinsons Place Iligan,mindanao
skin plus,SKIN PLUS,sm,sm-center-angono,SM Center Angono,metro-manila
skin rejuve,SKIN REJUVE,sm,sm-city-puerto-princesa,SM City Puerto Princesa,south-luzon
skin republic,Skin Republic,megaworld,three-central,Three Central Mall,
serious player only,Serious Player Only,ortigas,greenhills,Greenhills,metro-manila
serinas fashion jewelry,SERINA'S FASHION JEWELRY,robinsons,robinsons-malolos,Robinsons Place Malolos,north-luzon
serinas,SERINA'S,robinsons,robinsons-manila,Robinsons Place Manila,metro-manila
skin story beauty lounge,SKIN STORY BEAUTY LOUNGE,sm,sm-city-north-edsa,SM City North Edsa,metro-manila
sizzling seafoods,Sizzling Seafoods,robinsons,robinsons-galleria-ortigas,Robinsons Galleria,metro-manila
shell ev charging station,Shell EV Charging Station,robinsons,robinsons-galleria-ortigas,Robinsons Galleria,metro-manila
sherean fashion,Sherean Fashion,robinsons,robinsons-novaliches,Robinsons Novaliches,metro-manila
siomai house empanada espesyal,SIOMAI HOUSE/EMPANADA ESPESYAL,xentro,xentro-mall-calapan,XentroMall Calapan,
siennalos,SIENNALOS,sm,sm-city-daet,SM City Daet,south-luzon
sio republic,SIO REPUBLIC,sm,sm-city-bataan,SM City Bataan,north-luzon
sidechick,SIDECHICK,sm,moa-square,MOA Square,metro-manila
side quest,Side Quest,ortigas,estancia,Estancia,metro-manila
sio yummy,SIO-YUMMY,ayala,ayala-capitol-central,Ayala Malls Capitol Central,visayas
sicilian roast,SICILIAN ROAST,sm,sm-city-north-edsa,SM City North Edsa,metro-manila
siomai district,SIOMAI DISTRICT,sm,sm-city-daet,SM City Daet,south-luzon
sibyullee,Sibyullee,ortigas,greenhills,Greenhills,metro-manila
siargao de palmas,SIARGAO DE PALMAS,sm,sm-city-butuan,SM City Butuan,mindanao
siomai express,Siomai Express,robinsons,robinsons-tagum,Robinsons Place Tagum,mindanao
siam thai,Siam Thai,ortigas,estancia,Estancia,metro-manila
shylaer sizzling steak,SHYLAER SIZZLING STEAK,sm,sm-center-ormoc,SM Center Ormoc,visayas
sier,SIER,robinsons,robinsons-manila,Robinsons Place Manila,metro-manila
shuyi grass jelly,Shuyi Grass Jelly,megaworld,venice-grand-canal-mall,Venice Grand Canal Mall,
shuyi,Shuyi,megaworld,eastwood-cyber-mall,Eastwood Cyber Mall,
siomai house exterior,SIOMAI HOUSE EXTERIOR,starmall,edsa-shaw,Starmall EDSA-Shaw,metro-manila
shuomai,SHUOMAI,robinsons,robinsons-iloilo,Robinsons Place Iloilo,visayas
siomai house minigem,SIOMAI HOUSE Minigem (#43),xentro,montalban-town-center,Montalban Town Center,
siomai house unlimited,Siomai House Unlimited,filinvest,fora,Fora Mall,south-luzon
shukey key duplicator,Shukey Key Duplicator,robinsons,robinsons-tacloban,Robinsons Place Tacloban,visayas
shui head spa,SHUI HEAD SPA,sm,sm-city-santa-rosa,SM City Santa Rosa,south-luzon
siomai king 0908 783 0318,SIOMAI KING 0908 783 0318,robinsons,robinsons-sta-rosa,Robinsons Sta. Rosa,south-luzon
siomai king 9954641325,Siomai King 9954641325,robinsons,robinsons-dumaguete,Robinsons Place Dumaguete,visayas
siomai sa tisa,SIOMAI SA TISA,robinsons,robinsons-iligan,Robinsons Place Iligan,mindanao
sio cha,Sio-Cha,megaworld,lucky-chinatown-imperial-wing,Lucky Chinatown - Imperial Wing,
siete estrellas inc,"SIETE ESTRELLAS, INC.",xentro,balagtas-town-center,Balagtas Town Center,
sizzling race,Sizzling Race,robinsons,robinsons-tuguegarao,Robinsons Place Tuguegarao,north-luzon
simply fashion boutique asgar store,SIMPLY FASHION BOUTIQUE ASGAR STORE,xentro,montalban-town-center,Montalban Town Center,
silverich,Silverich,gmall,gmall-of-tagum,GMall of Tagum,mindanao
silverholic,SILVERHOLIC,sm,sm-city-general-santos,SM City General Santos,mindanao
simon designs,SIMON DESIGNS,sm,sm-city-cagayan-de-oro,SM City CDO Uptown,mindanao
simple & whole,SIMPLE & WHOLE,sm,sm-city-iloilo,SM City Iloilo,visayas
simple jump,SIMPLE JUMP,sm,sm-city-sorsogon,SM City Sorsogon,south-luzon
simplicitea place,SIMPLICITEA PLACE,sm,sm-city-cabanatuan,SM City Cabanatuan,north-luzon
silver gems,SILVER GEMS,robinsons,robinsons-iloilo,Robinsons Place Iloilo,visayas
silver gadgets tech and services,SILVER GADGETS TECH AND SERVICES,robinsons,robinsons-iligan,Robinsons Place Iligan,mindanao
simplicity crafts frames county,SIMPLICITY CRAFTS FRAMES COUNTY,sm,sm-city-santa-rosa,SM City Santa Rosa,south-luzon
silver gadget tech and services,SILVER GADGET TECH AND SERVICES,sm,sm-city-cagayan-de-oro,SM City CDO Uptown,mindanao
silver gadget tech & services,Silver Gadget Tech & Services,robinsons,robinsons-iligan,Robinsons Place Iligan,mindanao
silver collections,Silver Collections,robinsons,robinsons-pangasinan,Robinsons Place Pangasinan,north-luzon
sifra,SIFRA,ayala,ayala-greenbelt,Greenbelt,metro-manila
silver best,SILVER BEST,araneta,farmers-plaza,Farmers Plaza,metro-manila
silog express,Silog Express,filinvest,festival-mall,Festival Mall,metro-manila
silkygirl,SILKYGIRL,xentro,sta-ana-public-market,Sta Ana Public Market,
silicon valley kimencier,SILICON VALLEY KIMENCIER,xentro,xentro-mall-lemery,XentroMall Lemery,
simula ph,SIMULA PH,ayala,ayala-glorietta,Glorietta,metro-manila
silantro fil mex cantina,SILANTRO FIL-MEX CANTINA,ayala,ayala-up-town-center,U. P. Town Center,metro-manila
silantro,Silantro,megaworld,eastwood-city-walk,Eastwood City Walk,
sikwate house,SIKWATE HOUSE,robinsons,robinsons-pagadian,Robinsons Pagadian,mindanao
sincerity,Sincerity,megaworld,lucky-chinatown-mall,Lucky Chinatown Mall,
signet,SIGNET,robinsons,opus,Opus Mall,metro-manila
sift laureana,Sift Laureana,megaworld,venice-grand-canal-mall,Venice Grand Canal Mall,
shou la mien hand pulled noodles,SHOU LA MIEN HAND-PULLED NOODLES,ayala,ayala-manila-bay,Ayala Malls Manila Bay,metro-manila
sip and gogh,Sip And Gogh,megaworld,eastwood-cyber-mall,Eastwood Cyber Mall,
sip n stack,Sip N Stack,filinvest,fora,Fora Mall,south-luzon
six doors buffet,Six Doors Buffet,megaworld,uptown-mall,Uptown Mall,
sit rest massage station,SIT REST MASSAGE STATION,sm,sm-city-sucat,SM City Sucat,metro-manila
site for eyes optical clinic,SITE FOR EYES OPTICAL CLINIC,sm,sm-lanang,SM Lanang,mindanao
shipshape,Shipshape,megaworld,venice-grand-canal-mall,Venice Grand Canal Mall,
shiotis,Shiotis,ortigas,greenhills,Greenhills,metro-manila
sitsirya,Sitsirya,ortigas,greenhills,Greenhills,metro-manila
shinju massage clinic,SHINJU MASSAGE CLINIC,sm,sm-city-bacoor,SM City Bacoor,south-luzon
shing fang,SHING FANG,sm,sm-city-consolacion,SM City Consolacion,visayas
sitting massage clinic,Sitting Massage Clinic,robinsons,robinsons-iligan,Robinsons Place Iligan,mindanao
shine salon,Shine Salon,robinsons,robinsons-iloilo,Robinsons Place Iloilo,visayas
shine korean salon,Shine Korean Salon,megaworld,festive-walk-mall-iloilo,Festive Walk Mall,
shimmian,SHIMMIAN,sm,sm-city-pampanga,SM City Pampanga,north-luzon
sizzle corner,SIZZLE CORNER,robinsons,robinsons-metro-east,Robinsons Metro East,metro-manila
sir george salon,Sir George Salon,megaworld,venice-grand-canal-mall,Venice Grand Canal Mall,
sizzle mania,SIZZLE MANIA,robinsons,robinsons-tuguegarao,Robinsons Place Tuguegarao,north-luzon
shielas fashion,SHIELA'S FASHION,robinsons,robinsons-lipa,Robinsons Place Lipa,south-luzon
sizzlers steak & chops,Sizzlers Steak & Chops,megaworld,southwoods-mall,Southwoods Mall,
sizzlers steak and chops,Sizzlers Steak and Chops,robinsons,robinsons-sta-rosa,Robinsons Sta. Rosa,south-luzon
sizzlers steaks and chops 0928 559 0043,SIZZLERS STEAKS AND CHOPS 0928-559-0043,robinsons,robinsons-sta-rosa,Robinsons Sta. Rosa,south-luzon
shi takoyaki,SHI' TAKOYAKI,sm,sm-city-bataan,SM City Bataan,north-luzon
shi shi noodle house,SHI SHI NOODLE HOUSE,sm,sm-mall-of-asia,SM Mall of Asia,metro-manila
sizzlig,Sizzlig,robinsons,robinsons-malabon,Robinsons Town Mall Malabon,metro-manila
sizzling city,SIZZLING CITY,sm,sm-seaside-city-cebu,SM Seaside City Cebu,visayas
shi ki sai,Shi Ki Sai,megaworld,mactan-newtown,Mactan Newtown,
sizzling cuisine,Sizzling Cuisine,robinsons,robinsons-santiago,Robinsons Place Santiago,north-luzon
shirley jewelry,Shirley Jewelry,gmall,gmall-of-tagum,GMall of Tagum,mindanao
shiro,Shiro,gmall,gmall-of-davao,GMall of Davao,mindanao
shirt circuit,SHIRT CIRCUIT,ayala,ayala-market-market,Market! Market!,metro-manila
shirts & tee,Shirts & Tee,robinsons,robinsons-starmills,Robinsons Starmills,north-luzon
shopwise supermarket,Shopwise Supermarket,filinvest,festival-mall,Festival Mall,metro-manila
shopwise international grocery,Shopwise International Grocery,araneta,gateway-mall-2,Gateway Mall 2,metro-manila
shopwise,SHOPWISE,ayala,ayala-circuit,Ayala Malls Circuit,metro-manila
sir george salon aurom,SIR GEORGE SALON AUROM,sm,sm-city-cagayan-de-oro,SM City CDO Uptown,mindanao
sir sisig,SIR SISIG,robinsons,robinsons-novaliches,Robinsons Novaliches,metro-manila
shopaholics galaxy burger,SHOPAHOLICS GALAXY BURGER,xentro,montalban-town-center,Montalban Town Center,
shomai heart,Shomai Heart,robinsons,robinsons-dasmarinas,Robinsons Place Dasmarinas,south-luzon
shokuji,Shokuji,ortigas,greenhills,Greenhills,metro-manila
shokudo,SHOKUDO,sm,sm-city-caloocan,SM City Caloocan,metro-manila
shoesalon,Shoesalon,filinvest,festival-mall,Festival Mall,metro-manila
sir tseff,Sir Tseff',megaworld,mactan-newtown,Mactan Newtown,
shoefix master shoes and bags repair & key duplication,SHOEFIX MASTER SHOES AND BAGS REPAIR & KEY DUPLICATION,robinsons,robinsons-cainta,Robinsons Cainta,metro-manila
shoebox,SHOEBOX,robinsons,robinsons-starmills,Robinsons Starmills,north-luzon
sisig express,Sisig Express,filinvest,main-square,Main Square,south-luzon
sisig express minigem,SISIG EXPRESS MINIGEM (#45),xentro,montalban-town-center,Montalban Town Center,
sisig hooray gourmet express,SISIG HOORAY GOURMET EXPRESS,sm,sm-city-san-mateo,SM City San Mateo,metro-manila
shoe game,SHOE GAME,sm,s-maison,S Maison,metro-manila
sisig station,SISIG STATION,robinsons,robinsons-sta-rosa,Robinsons Sta. Rosa,south-luzon
sit & rest massage station,SIT & REST MASSAGE STATION,robinsons,robinsons-manila,Robinsons Place Manila,metro-manila
shoe crew ph,SHOE CREW PH,sm,sm-cherry-shaw,SM Center Shaw,metro-manila
shizuru,SHIZURU,sm,sm-city-sto-tomas,SM City Sto. Tomas,south-luzon
shitako takoyaki and pita wrap express,SHITAKO TAKOYAKI AND PITA WRAP EXPRESS,ayala,ayala-harbor-point,Harbor Point,north-luzon
sit and rest,Sit and Rest,gmall,gmall-of-davao,GMall of Davao,mindanao
sendem,SENDEM,ayala,ayala-centrio,Centrio Mall,mindanao
skintrends the acne authority,SkinTrends The Acne Authority,waltermart,makiling,WalterMart Makiling,south-luzon
sole depot,SOLE DEPOT,ayala,ayala-metropoint,Metro Point Mall,metro-manila
sano frozen yogurt,SANO FROZEN YOGURT,robinsons,robinsons-novaliches,Robinsons Novaliches,metro-manila
santibanez flower shop,SANTIBAÑEZ FLOWER SHOP,ayala,ayala-market-market,Market! Market!,metro-manila
santa barbara polo & raquet 9632236124,SANTA BARBARA POLO & RAQUET 9632236124,robinsons,robinsons-magnolia,Robinsons Magnolia,metro-manila
santa barbara,Santa Barbara,megaworld,eastwood-city-walk,Eastwood City Walk,
sans rival cakes and pastries,Sans Rival Cakes and Pastries,robinsons,robinsons-galleria-ortigas,Robinsons Galleria,metro-manila
so fashionable,SO FASHIONABLE,xentro,balagtas-town-center,Balagtas Town Center,
so good gift shop,SO GOOD GIFT SHOP,robinsons,robinsons-dumaguete,Robinsons Place Dumaguete,visayas
sans rival cake and pastries,SANS RIVAL CAKE AND PASTRIES,robinsons,robinsons-dumaguete,Robinsons Place Dumaguete,visayas
sans rival bistro,Sans Rival Bistro,filinvest,dumaguete,Filinvest Malls Dumaguete,visayas
so good gift shop 9356219291,So Good Gift Shop 9356219291,robinsons,robinsons-dumaguete,Robinsons Place Dumaguete,visayas
sans rival,SANS RIVAL,robinsons,robinsons-manila,Robinsons Place Manila,metro-manila
sobra cafe,SOBRA CAFE,robinsons,opus,Opus Mall,metro-manila
sankyodai sushi bar,SANKYODAI SUSHI BAR,ayala,ayala-feliz,Ayala Malls Feliz,metro-manila
so be near,So Be Near,robinsons,robinsons-tacloban,Robinsons Place Tacloban,visayas
sanitize us,Sanitize Us,filinvest,main-square,Main Square,south-luzon
sangyupsal house 9121180732 09654654670,Sangyupsal House 9121180732/09654654670,robinsons,robinsons-butuan,Robinsons Place Butuan,mindanao
sandztel mobile,SANDZTEL MOBILE,sm,sm-city-calamba,SM City Calamba,south-luzon
social,THE SOCIAL,ayala,ayala-center-cebu,Ayala Center Cebu,visayas
sandugo storage room yash gadgets,SANDUGO STORAGE ROOM YASH GADGETS,xentro,xentro-mall-calapan,XentroMall Calapan,
sandugo stockroom,SANDUGO STOCKROOM,xentro,montalban-town-center,Montalban Town Center,
sandugo sandals,SANDUGO SANDALS,ayala,ayala-metropoint,Metro Point Mall,metro-manila
social donuts,The Social Donuts,robinsons,robinsons-tagum,Robinsons Place Tagum,mindanao
sandok ni teng,Sandok Ni Teng,filinvest,main-square,Main Square,south-luzon
sandok,Sandok,gmall,gmall-of-davao,GMall of Davao,mindanao
sandobox,SANDOBOX,robinsons,robinsons-pagadian,Robinsons Pagadian,mindanao
santino s,Santino\'s,gmall,gmall-of-davao,GMall of Davao,mindanao
snowpy ice cream mini gem exhibit,SNOWPY ICE CREAM MINI GEM EXHIBIT,xentro,montalban-town-center,Montalban Town Center,
sandbox clinic,SANDBOX CLINIC (0917-118-9289),robinsons,robinsons-metro-east,Robinsons Metro East,metro-manila
sarabia optical 9062676755,Sarabia Optical 9062676755,robinsons,robinsons-dumaguete,Robinsons Place Dumaguete,visayas
sassa,Sassa,filinvest,festival-mall,Festival Mall,metro-manila
sasa cafe,SASA CAFE,robinsons,robinsons-manila,Robinsons Place Manila,metro-manila
sariwon,SARIWON,ayala,ayala-bonifacio-high-street,Bonifacio High Street,metro-manila
sarahs bakeshop,SARAH'S BAKESHOP,sm,sm-city-manila,SM City Manila,metro-manila
snacks,SNACKS,sm,sm-city-legazpi,SM City Legazpi,south-luzon
sarah lea travel and tours,SARAH LEA TRAVEL AND TOURS,robinsons,robinsons-tagum,Robinsons Place Tagum,mindanao
sarah fashion,SARAH FASHION,robinsons,robinsons-novaliches,Robinsons Novaliches,metro-manila
sarah & sophie trading,SARAH & SOPHIE TRADING,ayala,ayala-market-market,Market! Market!,metro-manila
snacktime dc,SNACKTIME - DC,sm,sm-aura,SM Aura,metro-manila
sarabia optical world,SARABIA OPTICAL WORLD,ayala,ayala-market-market,Market! Market!,metro-manila
snacktime imax,SNACKTIME - IMAX,sm,sm-aura,SM Aura,metro-manila
snakyard 9190893201,SNAKYARD 9190893201,robinsons,robinsons-cybergate-cebu,Robinsons Cybergate Cebu,visayas
snow plus,Snow Plus,robinsons,robinsons-magnolia,Robinsons Magnolia,metro-manila
sneaker box,Sneaker Box,ortigas,greenhills,Greenhills,metro-manila
sapatero plus,SAPATERO PLUS,ayala,ayala-the-30th,Ayala Malls The 30th,metro-manila
sneakerbox manila,SneakerBox Manila,megaworld,eastwood-mall,Eastwood Mall,
sanyang furniture,Sanyang Furniture,robinsons,robinsons-dasmarinas,Robinsons Place Dasmarinas,south-luzon
santos land,Santos Land,gmall,gmall-of-davao,GMall of Davao,mindanao
santorini dental digital express,SANTORINI DENTAL DIGITAL EXPRESS,sm,sm-city-fairview,SM City Fairview,metro-manila
snooze,SNOOZE,araneta,ali-mall,Ali Mall,metro-manila
santis deli,SANTI'S DELI,ayala,ayala-bonifacio-high-street,Bonifacio High Street,metro-manila
snow clean laundry service,Snow Clean Laundry Service,megaworld,newport-city,Newport City,
santinos supreme slice,SANTINO'S SUPREME SLICE,starmall,edsa-shaw,Starmall EDSA-Shaw,metro-manila
santinos supreme italian pizza,SANTINO'S SUPREME ITALIAN PIZZA,ayala,ayala-cloverleaf,Ayala Malls Cloverleaf,metro-manila
social housing finance corp,Social Housing Finance Corp,filinvest,main-square,Main Square,south-luzon
sanbry mens grooming house,Sanbry Men's Grooming House,megaworld,san-lorenzo-place-mall,San Lorenzo Place Mall,
skinwell aesthetic spa,SKINWELL AESTHETIC SPA,xentro,balagtas-town-center,Balagtas Town Center,
samgyup rice bowl,Samgyup Rice Bowl,robinsons,robinsons-los-banos,Robinsons Town Mall Los Banos,south-luzon
sogeum by soban,SOGEUM BY SOBAN,robinsons,opus,Opus Mall,metro-manila
sams everthing on sticks,SAM'S EVERTHING ON STICKS,robinsons,robinsons-pagadian,Robinsons Pagadian,mindanao
sams,Sam's,robinsons,robinsons-pangasinan,Robinsons Place Pangasinan,north-luzon
samnice weeding treats of la,SAMNICE WEEDING TREATS OF LA,xentro,montalban-town-center,Montalban Town Center,
sogo home,SOGO HOME,araneta,ali-mall,Ali Mall,metro-manila
samgyupsal,THE SAMGYUPSAL,robinsons,robinsons-tagaytay,Robinsons Tagaytay,south-luzon
samgyupsaab korean bbq 0985 532 2098,Samgyupsaab Korean BBQ 0985 532 2098,robinsons,robinsons-gen-san,Robinsons Place GenSan,mindanao
samgyupsaab korean bbq,SAMGYUPSAAB KOREAN BBQ,sm,sm-city-general-santos,SM City General Santos,mindanao
sogo home & office centre,Sogo Home & Office Centre,robinsons,robinsons-imus,Robinsons Place Imus,south-luzon
samgyupchill,SAMGYUPCHILL,robinsons,robinsons-butuan,Robinsons Place Butuan,mindanao
sogo home & office furniture,SOGO HOME & OFFICE FURNITURE,ayala,ayala-circuit,Ayala Malls Circuit,metro-manila
samgyup korean restaurant,SAMGYUP KOREAN RESTAURANT,sm,sm-city-dasmarinas,SM City Dasmariñas,south-luzon
softy ice cream,SOFTY ICE CREAM,xentro,ab-central,Ab Central,
samgyuniku unlimited japanese korean bbq,Samgyuniku Unlimited Japanese Korean Bbq,filinvest,festival-mall,Festival Mall,metro-manila
sogo home and office center,Sogo Home and Office Center,robinsons,galleria-south,Robinsons Galleria South,south-luzon
sogo office & home furniture,Sogo Office & Home Furniture,robinsons,robinsons-dasmarinas,Robinsons Place Dasmarinas,south-luzon
samgyniku,SAMGYNIKU,robinsons,robinsons-gapan,Robinsons Gapan,north-luzon
samgyeop masarap,Samgyeop Masarap,ortigas,greenhills,Greenhills,metro-manila
sameer,SAMEER,robinsons,robinsons-lipa,Robinsons Place Lipa,south-luzon
sambokojin,SAMBOKOJIN,sm,sm-southmall,SM Southmall,metro-manila
samathas steamboat,Samatha's Steamboat,robinsons,robinsons-jaro,Robinsons Place Jaro,visayas
sam stew,SAM STEW,ayala,ayala-vertis,Ayala Malls Vertis North,metro-manila
sole avenue,SOLE AVENUE,ayala,ayala-manila-bay,Ayala Malls Manila Bay,metro-manila
salvatore cuomo cafe,SALVATORE CUOMO CAFE,sm,the-podium,The Podium,metro-manila
sogamiga,Sogamiga,filinvest,festival-mall,Festival Mall,metro-manila
samsung 5320034,Samsung 5320034,robinsons,robinsons-dumaguete,Robinsons Place Dumaguete,visayas
social technomatic save n earn,SOCIAL TECHNOMATIC / SAVE N' EARN,robinsons,robinsons-dumaguete,Robinsons Place Dumaguete,visayas
samui,SAMUI,sm,sm-city-masinag,SM City Masinag,metro-manila
sana lamig,Sana Lamig,filinvest,festival-mall,Festival Mall,metro-manila
san yang home,San-yang Home,filinvest,festival-mall,Festival Mall,metro-manila
social technomatic save n earn 9481175744,Social Technomatic/Save N' Earn 9481175744,robinsons,robinsons-dumaguete,Robinsons Place Dumaguete,visayas
san salvador dental clinic,San Salvador Dental Clinic,fishermall,quezonave,Fisher Mall Quezon Avenue,metro-manila
san roque retrouvaille center,SAN ROQUE RETROUVAILLE CENTER,sm,sm-city-cagayan-de-oro,SM City CDO Uptown,mindanao
socialite collecitons,Socialite Collecitons,megaworld,san-lorenzo-place-mall,San Lorenzo Place Mall,
san guo la mien,San Guo La Mien,megaworld,lucky-chinatown-mall,Lucky Chinatown Mall,
san diegos fab,SAN DIEGO'S FAB,ayala,ayala-harbor-point,Harbor Point,north-luzon
san augusto driving school,SAN AUGUSTO DRIVING SCHOOL,sm,sm-city-tanza,SM City Tanza,south-luzon
socialites driving school,SOCIALITES DRIVING SCHOOL,ayala,ayala-market-market,Market! Market!,metro-manila
samyan thai street food,SAMYAN THAI STREET FOOD,robinsons,robinsons-magnolia,Robinsons Magnolia,metro-manila
sodam,SODAM,robinsons,robinsons-dumaguete,Robinsons Place Dumaguete,visayas
samsung 8961 3056,Samsung 8961-3056,robinsons,robinsons-magnolia,Robinsons Magnolia,metro-manila
samsung suzuki,Samsung SUZUKI,xentro,xentro-mall-calapan,XentroMall Calapan,
soen broadway picture city cinnun tronix evans,"SOEN, BROADWAY, PICTURE CITY, CINNUN, TRONIX, EVANS",xentro,xentro-mall-cabagan,XentroMall Cabagan,
samsung service center,Samsung Service Center,gmall,gmall-of-davao,GMall of Davao,mindanao
soen jwin cellphone loading and computer accessories,"SOEN JWIN CELLPHONE, LOADING AND COMPUTER ACCESSORIES",xentro,xentro-mall-lemery,XentroMall Lemery,
samsung optical,SAMSUNG OPTICAL,araneta,farmers-plaza,Farmers Plaza,metro-manila
samsung mobile captains burger,SAMSUNG MOBILE CAPTAINS BURGER,xentro,montalban-town-center,Montalban Town Center,
softawalk,Softawalk,robinsons,robinsons-ilocos,Robinsons Place Ilocos,north-luzon
samsung experience store,Samsung Experience Store,robinsons,robinsons-valencia,Robinsons Place Valencia,mindanao
samsung concept store,Samsung Concept Store,robinsons,robinsons-tagum,Robinsons Place Tagum,mindanao
samsung appliance,Samsung Appliance,gmall,gmall-of-davao,GMall of Davao,mindanao
softwash laundromat,SOFTWASH LAUNDROMAT,sm,sm-city-cebu,SM City Cebu,visayas
satchmisatchmi cafe,SATCHMISATCHMI CAFE,sm,sm-megamall,SM Megamall,metro-manila
snackbar,SNACKBAR,sm,sm-seaside-city-cebu,SM Seaside City Cebu,visayas
saucony,SAUCONY,ayala,ayala-manila-bay,Ayala Malls Manila Bay,metro-manila
sm cinema regular cinema 1 4,SM CINEMA Regular Cinema 1-4,sm,sm-seaside-city-cebu,SM Seaside City Cebu,visayas
seashack,Seashack,robinsons,robinsons-la-union,Robinsons Place La Union,north-luzon
sealy,SEALY,ayala,ayala-greenbelt,Greenbelt,metro-manila
seahorse houseboats & yachts,Seahorse Houseboats & Yachts,megaworld,mactan-newtown,Mactan Newtown,
slimmers world elite,SLIMMERS WORLD ELITE,sm,sm-city-north-edsa,SM City North Edsa,metro-manila
sloppy lemonade,Sloppy Lemonade,robinsons,robinsons-naga,Robinsons Place Naga,south-luzon
sm business service center,SM BUSINESS SERVICE CENTER,sm,sm-city-cebu,SM City Cebu,visayas
seafood fiesta,Seafood Fiesta (OPEN),robinsons,robinsons-manila,Robinsons Place Manila,metro-manila
seafood and steaks,Seafood and Steaks,robinsons,galleria-south,Robinsons Galleria South,south-luzon
sea shack,SEA SHACK,sm,sm-city-grand-central,SM City Grand Central,metro-manila
sm by the bay,SM BY THE BAY,sm,smby-amusement-park,SMBY Amusement Park,others
sea of spa,SEA OF SPA,sm,sm-city-cebu,SM City Cebu,visayas
scs,SCS,ayala,ayala-solenad,Ayala Malls Nuvali,south-luzon
slap stack burger,Slap Stack Burger,ortigas,greenhills,Greenhills,metro-manila
sm department store,SM Department Store,ortigas,estancia,Estancia,metro-manila
scribe,Scribe,megaworld,eastwood-mall,Eastwood Mall,
sm game park,SM GAME PARK,sm,sm-southmall,SM Southmall,metro-manila
sm hypermarket carts,SM HYPERMARKET CARTS,sm,smdc-sun-mall,SMDC Sun Mall,smdc
sm malls online fulfillment center,SM MALLS ONLINE FULFILLMENT CENTER,sm,sm-megamall,SM Megamall,metro-manila
sm parking,SM PARKING,xentro,ab-central,Ab Central,
scratch smashburgers,Scratch Smashburgers,megaworld,eastwood-city-walk,Eastwood City Walk,
sma world of gems,SMA World of Gems (TEMPORARILY CLOSED),robinsons,robinsons-galleria-ortigas,Robinsons Galleria,metro-manila
smallville montessori,Smallville Montessori,ortigas,the-strip,The Strip,metro-manila
smart business center,Smart - Business Center,robinsons,robinsons-roxas,Robinsons Place Roxas,visayas
smart driving corporation,SMART DRIVING CORPORATION,starmall,edsa-shaw,Starmall EDSA-Shaw,metro-manila
sebamed,Sebamed,sm,sm-mall-of-asia,SM Mall of Asia,metro-manila
sebastians ice cream station,SEBASTIANS ICE CREAM STATION,sm,the-podium,The Podium,metro-manila
saudi gold 18k,SAUDI GOLD 18K,robinsons,robinsons-lipa,Robinsons Place Lipa,south-luzon
sky lounge travel and tours,THE SKY LOUNGE TRAVEL AND TOURS,ayala,ayala-solenad,Ayala Malls Nuvali,south-luzon
selera sets,SELERA SETS,sm,sm-city-davao,SM City Davao,mindanao
selah dental clinic,Selah Dental Clinic,megaworld,southwoods-mall,Southwoods Mall,
skk,SKK,xentro,mall-of-the-valley,Mall Of The Valley,
skoop,Skoop,ortigas,estancia,Estancia,metro-manila
skoops ice ceam,SKOOPS ICE CEAM,robinsons,robinsons-tagum,Robinsons Place Tagum,mindanao
skoops ice cream,SKOOPS ICE CREAM,robinsons,robinsons-tagum,Robinsons Place Tagum,mindanao
sks massage,SKS MASSAGE,sm,sm-center-pulilan,SM Center Pulilan,north-luzon
segunda mana outlet store,SEGUNDA MANA OUTLET STORE,araneta,ali-mall,Ali Mall,metro-manila
sky hall,SKY HALL,sm,sm-seaside-city-cebu,SM Seaside City Cebu,visayas
segovias cakes and recipes,SEGOVIAS CAKES AND RECIPES,sm,sm-mall-of-asia,SM Mall of Asia,metro-manila
segovia strength,SEGOVIA STRENGTH,ayala,ayala-solenad,Ayala Malls Nuvali,south-luzon
segoi yugo japanese fusion teppan sushi bar,SEGOI YUGO JAPANESE FUSION TEPPAN SUSHI BAR,sm,sm-city-laoag,SM City Laoag,north-luzon
skytower dental clinic,SKYTOWER DENTAL CLINIC,sm,sm-city-olongapo-downtown,SM City Olongapo Downtown,north-luzon
skycom,Skycom,gmall,gmall-of-davao,GMall of Davao,mindanao
segnatempo,Segnatempo,megaworld,newport-city,Newport City,
seekshine,Seekshine,filinvest,festival-mall,Festival Mall,metro-manila
skyland,Skyland,robinsons,robinsons-butuan,Robinsons Place Butuan,mindanao
skylight cellphone accessories,SKYLIGHT CELLPHONE ACCESSORIES,robinsons,robinsons-metro-east,Robinsons Metro East,metro-manila
skymall,Skymall,robinsons,robinsons-dasmarinas,Robinsons Place Dasmarinas,south-luzon
skymc travel and tours,SKYMC TRAVEL AND TOURS,robinsons,robinsons-starmills,Robinsons Starmills,north-luzon
secret recipe,SECRET RECIPE,sm,sm-city-santa-rosa,SM City Santa Rosa,south-luzon
secosana,SECOSANA,ayala,ayala-market-market,Market! Market!,metro-manila
secondo,SECONDO,ayala,ayala-glorietta,Glorietta,metro-manila
second corner clothing store,SECOND CORNER CLOTHING STORE,ayala,ayala-market-market,Market! Market!,metro-manila
smart driving school hello kitty,SMART DRIVING SCHOOL HELLO KITTY,xentro,tanay-town-center,Tanay Town Center,
scoops frozen yogurt,Scoops Frozen Yogurt,robinsons,robinsons-tacloban,Robinsons Place Tacloban,visayas
scooping bar,THE SCOOPING BAR,sm,sm-city-butuan,SM City Butuan,mindanao
savemore warehouse,SAVEMORE WAREHOUSE,xentro,mall-of-the-valley,Mall Of The Valley,
sbarro satellite,Sbarro Satellite,filinvest,festival-mall,Festival Mall,metro-manila
sbarro earl of sandwich,SBARRO / EARL OF SANDWICH,ayala,ayala-manila-bay,Ayala Malls Manila Bay,metro-manila
sbarro 9452702356,Sbarro 9452702356,robinsons,robinsons-magnolia,Robinsons Magnolia,metro-manila
smile city,SMILE CITY,robinsons,robinsons-la-union,Robinsons Place La Union,north-luzon
smile city dental essentials,SMILE CITY DENTAL ESSENTIALS,sm,sm-city-rosales,SM City Rosales,north-luzon
sawada ichigo cafe,SAWADA ICHIGO CAFE,robinsons,opus,Opus Mall,metro-manila
smile dental hub,SMILE DENTAL HUB,ayala,ayala-centrio,Centrio Mall,mindanao
savoura,Savoura,robinsons,robinsons-galleria-cebu,Robinsons Galleria Cebu,visayas
savouge aesthetic and wellness center,SAVOUGE AESTHETIC AND WELLNESS CENTER,sm,sm-city-olongapo-central,SM City Olongapo Central,north-luzon
savory,Savory,robinsons,robinsons-north-tacloban,Robinsons North Tacloban,visayas
savers appliance depot,SAVERS APPLIANCE DEPOT,xentro,northstar-mall,Northstar Mall,
savemore supermarket lawrence cp 2,SAVEMORE SUPERMARKET LAWRENCE CP 2,xentro,tanay-town-center,Tanay Town Center,
smart fishtel,SMART FISHTEL,fishermall,malabon,Fisher Mall Malabon,metro-manila
smile in style dental clinic,SMILE IN STYLE DENTAL CLINIC,sm,sm-hypermarket-lapulapu,SM Hypermarket Lapu-Lapu,visayas
smile lounge,Smile Lounge,robinsons,robinsons-galleria-cebu,Robinsons Galleria Cebu,visayas
savemore storage room,SAVEMORE STORAGE ROOM,xentro,xentro-mall-san-andres,XentroMall San Andres,
smile on dental clinic,Smile On Dental Clinic,ortigas,greenhills,Greenhills,metro-manila
smj gold,Smj Gold,filinvest,festival-mall,Festival Mall,metro-manila
smooth secrets waxing salon,SMOOTH SECRETS WAXING SALON,ayala,ayala-malls-central-bloc,Ayala Malls Central Bloc,visayas
savemore display,SAVEMORE DISPLAY,xentro,ab-central,Ab Central,
sms technology,SMS Technology,robinsons,robinsons-galleria-ortigas,Robinsons Galleria,metro-manila
smx convention center bacolod,SMX CONVENTION CENTER BACOLOD,sm,sm-city-bacolod,SM City Bacolod,visayas
snack attack,SNACK ATTACK,xentro,xentro-mall-santiago,XentroMall Santiago,
snack bar,SNACK BAR,xentro,xentro-mall-lemery,XentroMall Lemery,
smile channel dental clinic,SMILE CHANNEL DENTAL CLINIC,ayala,ayala-market-market,Market! Market!,metro-manila
smile bar,THE SMILE BAR,ayala,ayala-vertis,Ayala Malls Vertis North,metro-manila
smile and beyond,SMILE AND BEYOND,robinsons,robinsons-antipolo,Robinsons Place Antipolo,metro-manila
smell me,Smell Me,robinsons,robinsons-galleria-ortigas,Robinsons Galleria,metro-manila
scoop pilates studio,SCOOP PILATES STUDIO,robinsons,opus,Opus Mall,metro-manila
scoobys 422 2761,SCOOBY'S 422-2761,robinsons,robinsons-dumaguete,Robinsons Place Dumaguete,visayas
scoobys,Scooby's,robinsons,robinsons-dumaguete,Robinsons Place Dumaguete,visayas
scissors palace sandugo,Scissors Palace SANDUGO,xentro,xentro-mall-calapan,XentroMall Calapan,
school bus internet,School Bus Internet,robinsons,robinsons-dasmarinas,Robinsons Place Dasmarinas,south-luzon
smart telecommunications,Smart Telecommunications,gmall,gmall-of-tagum,GMall of Tagum,mindanao
scholl,Scholl,ortigas,greenhills,Greenhills,metro-manila
smart wheel,SMART WHEEL,sm,sm-city-pampanga,SM City Pampanga,north-luzon
schola de vita progressive school,SCHOLA DE VITA PROGRESSIVE SCHOOL,robinsons,robinsons-las-pinas,Robinsons Place Las Pinas,metro-manila
smart wireless,Smart Wireless,gmall,gmall-of-tagum,GMall of Tagum,mindanao
smart wireless center,SMART WIRELESS CENTER,robinsons,robinsons-manila,Robinsons Place Manila,metro-manila
scfv internet services,Scfv Internet Services,filinvest,festival-mall,Festival Mall,metro-manila
smartflight,SMARTFLIGHT,ayala,ayala-legazpi,Ayala Malls Legazpi,south-luzon
scentswatch,Scentswatch,filinvest,festival-mall,Festival Mall,metro-manila
smdc,SMDC,sm,sm-city-clark,SM City Clark,north-luzon
scents co 9973679659,THE SCENTS CO. 9973679659,robinsons,robinsons-dumaguete,Robinsons Place Dumaguete,visayas
smdc field residences,SMDC FIELD RESIDENCES,sm,sm-city-sucat,SM City Sucat,metro-manila
smdc green 2 residences,SMDC GREEN 2 RESIDENCES,sm,sm-city-dasmarinas,SM City Dasmariñas,south-luzon
scents and sensibilities,SCENTS AND SENSIBILITIES,sm,the-podium,The Podium,metro-manila
scents and blends,Scents And Blends,filinvest,festival-mall,Festival Mall,metro-manila
scentaur essentials,SCENTAUR ESSENTIALS,robinsons,robinsons-cainta,Robinsons Cainta,metro-manila
scent studio by bc fragrance,SCENT STUDIO BY BC FRAGRANCE,sm,sm-city-north-edsa,SM City North Edsa,metro-manila
smell chic,SMELL CHIC,sm,sm-megamall,SM Megamall,metro-manila
stroop & zo,Stroop & Zo,robinsons,robinsons-galleria-ortigas,Robinsons Galleria,metro-manila
rest and go,Rest and Go,robinsons,robinsons-fuente,Robinsons Fuente,visayas
tong yang grill shabu shabu,TONG YANG GRILL SHABU-SHABU,sm,sm-city-caloocan,SM City Caloocan,metro-manila
popcycle at elektrik avenue,Popcycle at Elektrik Avenue,ortigas,greenhills,Greenhills,metro-manila
pops all filipino buffet,POPS ALL FILIPINO BUFFET,sm,sm-cdo-downtown,SM CDO Downtown Premier,mindanao
poppers pop temporarily closed,Popper's Pop TEMPORARILY CLOSED,robinsons,robinsons-malabon,Robinsons Town Mall Malabon,metro-manila
tessera,TESSERA,robinsons,opus,Opus Mall,metro-manila
test kitchen,TEST KITCHEN,ayala,ayala-bonifacio-high-street,Bonifacio High Street,metro-manila
tetsu teppan yaki,TETSU TEPPAN-YAKI,sm,sm-southmall,SM Southmall,metro-manila
poplife,POPLIFE,robinsons,opus,Opus Mall,metro-manila
popique beauty,Popique Beauty,megaworld,festive-walk-mall-iloilo,Festive Walk Mall,
teviant,TEVIANT,robinsons,robinsons-manila,Robinsons Place Manila,metro-manila
popeyes 8371 1436,POPEYES (02) 8371-1436,robinsons,robinsons-galleria-ortigas,Robinsons Galleria,metro-manila
text terminal,TEXT TERMINAL,sm,sm-city-iloilo,SM City Iloilo,visayas
tff tarsier fried food,TFF TARSIER FRIED FOOD,sm,sm-city-manila,SM City Manila,metro-manila
thai bbq original restaurant,THAI BBQ ORIGINAL RESTAURANT,ayala,ayala-vertis,Ayala Malls Vertis North,metro-manila
popshop 0917 825 9440,POPSHOP (OPEN) 0917-825-9440,robinsons,robinsons-angeles,Robinsons Angeles,north-luzon
thai boran phils inc,THAI BORAN PHILS. INC.,ayala,ayala-abreeza,Abreeza,mindanao
pop up kidzoona,Pop Up! Kidzoona,robinsons,robinsons-angeles,Robinsons Angeles,north-luzon
pop socket,POP SOCKET,robinsons,robinsons-magnolia,Robinsons Magnolia,metro-manila
thai guy,THE THAI GUY,sm,sm-lanang,SM Lanang,mindanao
pop junk love go lokal,POP JUNK LOVE GO LOKAL,ayala,ayala-up-town-center,U. P. Town Center,metro-manila
pop enthusiast,Pop Enthusiast,ortigas,greenhills,Greenhills,metro-manila
pop culture,Pop Culture,megaworld,eastwood-city-walk,Eastwood City Walk,
poopers pop,POOPER'S POP,robinsons,robinsons-ilocos,Robinsons Place Ilocos,north-luzon
tharts yema cake,THARTS YEMA CAKE,sm,sm-center-lemery,SM Center Lemery,south-luzon
thates gadget emporium,Thate's Gadget Emporium,robinsons,robinsons-novaliches,Robinsons Novaliches,metro-manila
thats d pointe,That's D Pointe,fishermall,quezonave,Fisher Mall Quezon Avenue,metro-manila
popshop,POPSHOP,robinsons,robinsons-luisita,Robinsons Luisita,north-luzon
tesoros,TESORO'S,ayala,ayala-manila-bay,Ayala Malls Manila Bay,metro-manila
theo & miguel,THEO & MIGUEL,robinsons,robinsons-antipolo,Robinsons Place Antipolo,metro-manila
teresita razon,Teresita Razon,fishermall,malabon,Fisher Mall Malabon,metro-manila
teofy palamig,TEOFY PALAMIG,xentro,xentro-mall-santiago,XentroMall Santiago,
teofys,Teofy's,robinsons,robinsons-santiago,Robinsons Place Santiago,north-luzon
potato corner 9923186737,Potato Corner 9923186737,robinsons,robinsons-dumaguete,Robinsons Place Dumaguete,visayas
teofys palamig,Teofy's Palamig,robinsons,robinsons-tuguegarao,Robinsons Place Tuguegarao,north-luzon
teofys special palamig,TEOFYS SPECIAL PALAMIG,sm,sm-center-tuguegarao-downtown,SM Center Tuguegarao Downtown,north-luzon
teppan teppan,Teppan Teppan,filinvest,festival-mall,Festival Mall,metro-manila
potato corner 0932 876 1142,POTATO CORNER 0932-876-1142,robinsons,robinsons-cybergate-cebu,Robinsons Cybergate Cebu,visayas
teppen,Teppen,megaworld,uptown-parade,Uptown Parade,
terannova,Terannova,robinsons,robinsons-manila,Robinsons Place Manila,metro-manila
teresita r razons,TERESITA R. RAZON'S,robinsons,robinsons-antipolo,Robinsons Place Antipolo,metro-manila
post shop,POST SHOP,sm,sm-city-iloilo,SM City Iloilo,visayas
positive living saij skin care essential,Positive Living SAIJ SKIN CARE ESSENTIAL,xentro,xentro-mall-calapan,XentroMall Calapan,
tesla supercharger,TESLA SUPERCHARGER,robinsons,opus,Opus Mall,metro-manila
positive living massage chair temporarily closed,POSITIVE LIVING MASSAGE CHAIR TEMPORARILY CLOSED,robinsons,robinsons-novaliches,Robinsons Novaliches,metro-manila
teresita razons halo halo and palabok,TERESITA RAZONS HALO HALO AND PALABOK,sm,sm-city-pampanga,SM City Pampanga,north-luzon
posh nails hand and foot spa,POSH NAILS HAND AND FOOT SPA,sm,sm-seaside-city-cebu,SM Seaside City Cebu,visayas
terracotta berde plant and garden supplies,Terracotta Berde Plant and Garden Supplies,megaworld,greenhouse-village-square,The Greenhouse at Village Square,
terrafit,Terrafit,robinsons,robinsons-tacloban,Robinsons Place Tacloban,visayas
pos digital 5320034,PO'S DIGITAL 5320034,robinsons,robinsons-dumaguete,Robinsons Place Dumaguete,visayas
terrie botique,Terrie Botique,ortigas,greenhills,Greenhills,metro-manila
port mango,PORT MANGO,robinsons,robinsons-gapan,Robinsons Gapan,north-luzon
terry selection,TERRY SELECTION,sm,the-podium,The Podium,metro-manila
porsche design,Porsche Design,megaworld,newport-city,Newport City,
tesla,Tesla,megaworld,uptown-parade,Uptown Parade,
thcil blind massage,THCIL Blind Massage,robinsons,robinsons-galleria-cebu,Robinsons Galleria Cebu,visayas
pong pongs pasalubong store,PONG PONG'S PASALUBONG STORE,robinsons,robinsons-novaliches,Robinsons Novaliches,metro-manila
playhouse mutiple intelligence and turtorial center sanz cellphone,Playhouse Mutiple Intelligence and Turtorial Center SANZ CELLPHONE,xentro,xentro-mall-calapan,XentroMall Calapan,
pldt 9684513213,PLDT 9684513213,robinsons,robinsons-magnolia,Robinsons Magnolia,metro-manila
pnb allianz,PNB ALLIANZ,robinsons,robinsons-ilocos,Robinsons Place Ilocos,north-luzon
thisplay,THISPLAY,sm,moa-square,MOA Square,metro-manila
pmz melon station,PMZ MELON STATION,sm,sm-city-bacolod,SM City Bacolod,visayas
pmc watchstore,PMC Watchstore,robinsons,robinsons-tuguegarao,Robinsons Place Tuguegarao,north-luzon
pluto photo,Pluto Photo,filinvest,festival-mall,Festival Mall,metro-manila
plusmakeover,Plusmakeover,ortigas,greenhills,Greenhills,metro-manila
plum roast,Plum Roast,robinsons,robinsons-tacloban,Robinsons Place Tacloban,visayas
ploom,Ploom,robinsons,robinsons-galleria-ortigas,Robinsons Galleria,metro-manila
pley tito,PLEY-TITO,sm,sm-city-daet,SM City Daet,south-luzon
pldt smart 1888 532 0018,PLDT-SMART *1888 532 0018,robinsons,robinsons-dumaguete,Robinsons Place Dumaguete,visayas
pldt exhibit,PLDT EXHIBIT,xentro,balagtas-town-center,Balagtas Town Center,
thomson road kitchen,THOMSON ROAD KITCHEN,robinsons,robinsons-magnolia,Robinsons Magnolia,metro-manila
pnb atm 9685728514,PNB ATM 9685728514,robinsons,robinsons-butuan,Robinsons Place Butuan,mindanao
three dots,Three Dots,ortigas,greenhills,Greenhills,metro-manila
three hearts jewelry shoppe,THREE HEARTS JEWELRY SHOPPE,sm,sm-city-cebu,SM City Cebu,visayas
plaza fair department store,PLAZA FAIR DEPARTMENT STORE,xentro,xentro-mall-san-andres,XentroMall San Andres,
plaza fair,PLAZA FAIR,xentro,sta-ana-public-market,Sta Ana Public Market,
playville,Playville,gmall,gmall-of-digos,GMall of Digos,mindanao
threema,Threema,ortigas,greenhills,Greenhills,metro-manila
playstation,PLAYSTATION,sm,sm-city-north-edsa,SM City North Edsa,metro-manila
playnation,PLAYNATION,ayala,ayala-center-cebu,Ayala Center Cebu,visayas
thrillist grill & restaurant,THRILLIST GRILL & RESTAURANT,robinsons,robinsons-lipa,Robinsons Place Lipa,south-luzon
tia titas restaurant,Tia Tita's Restaurant,robinsons,robinsons-tacloban,Robinsons Place Tacloban,visayas
tian mansion hotpot,TIAN MANSION HOTPOT,sm,sm-mall-of-asia,SM Mall of Asia,metro-manila
thirsty juices and shakes,THIRSTY JUICES AND SHAKES,robinsons,robinsons-iligan,Robinsons Place Iligan,mindanao
thirsty fresh juices,Thirsty Fresh Juices,gmall,gmall-of-davao,GMall of Davao,mindanao
pomelo,POMELO,robinsons,robinsons-manila,Robinsons Place Manila,metro-manila
thinking out love flower shop,THINKING OUT LOVE FLOWER SHOP,sm,sm-city-molino,SM City Molino,south-luzon
polyglot international academy,Polyglot International Academy,megaworld,festive-walk-parade,Festive Walk Parade,
theos flower shop,THEOS FLOWER SHOP,sm,sm-city-clark,SM City Clark,north-luzon
polyeast,Polyeast,fishermall,quezonave,Fisher Mall Quezon Avenue,metro-manila
polo ralph lauren,POLO RALPH LAUREN,ayala,ayala-greenbelt,Greenbelt,metro-manila
polland,Polland,ortigas,estancia,Estancia,metro-manila
polk home theater hifi,POLK HOME THEATER HIFI,sm,sm-city-north-edsa,SM City North Edsa,metro-manila
theranaturals,THERANATURALS,ayala,ayala-metropoint,Metro Point Mall,metro-manila
therapeutic masseur blind massage,THERAPEUTIC MASSEUR BLIND MASSAGE,robinsons,robinsons-cagayan-de-oro,Robinsons Cagayan de Oro,mindanao
therapy time,Therapy Time,megaworld,venice-grand-canal-mall,Venice Grand Canal Mall,
think pink salon,THINK PINK SALON,ayala,ayala-pavilion,Pavilion Mall,south-luzon
point and dots,POINT AND DOTS,sm,sm-city-pampanga,SM City Pampanga,north-luzon
thinkpad,THINKPAD,sm,sm-city-north-edsa,SM City North Edsa,metro-manila
pnb eastwest,"PNB, EASTWEST",xentro,xentro-mall-cabagan,XentroMall Cabagan,
pocofino,Pocofino,ortigas,greenhills,Greenhills,metro-manila
thinne almedas home collezione,THINNE ALMEDAS HOME COLLEZIONE,sm,moa-square,MOA Square,metro-manila
poco deli,Poco Deli,ortigas,estancia,Estancia,metro-manila
pockets waffles cream,POCKETS WAFFLES CREAM,sm,sm-city-santa-rosa,SM City Santa Rosa,south-luzon
pocket gears,POCKET GEARS,sm,sm-city-tarlac,SM City Tarlac,north-luzon
pobros house of chicken n waffles,POBROS HOUSE OF CHICKEN N WAFFLES,sm,sm-city-bicutan,SM City Bicutan,metro-manila
pngb jewelries,PNGB Jewelries,gmall,gmall-of-davao,GMall of Davao,mindanao
pngb gold buyer,PNGB Gold Buyer,robinsons,robinsons-dasmarinas,Robinsons Place Dasmarinas,south-luzon
thirdys boutique,THIRDY'S BOUTIQUE,ayala,ayala-capitol-central,Ayala Malls Capitol Central,visayas
thirsty 0906 546 4903,THIRSTY 0906-546-4903,robinsons,robinsons-cybergate-cebu,Robinsons Cybergate Cebu,visayas
thirsty fresh fruit juices,Thirsty Fresh Fruit Juices,gmall,gmall-of-davao,GMall of Davao,mindanao
potato corner hyundai,POTATO CORNER HYUNDAI,xentro,xentro-mall-calapan,XentroMall Calapan,
tenshie repair specialist ca exhibits,Tenshie Repair Specialist (8.79 SQM) CA EXHIBITS ( PROPERTY PRO ),xentro,montalban-town-center,Montalban Town Center,
tensheng,Tensheng,gmall,gmall-of-davao,GMall of Davao,mindanao
precious asher trading corp,Precious Asher Trading Corp,robinsons,robinsons-imus,Robinsons Place Imus,south-luzon
tech mobile,Tech Mobile,robinsons,robinsons-tacloban,Robinsons Place Tacloban,visayas
prego jeans,PREGO JEANS,ayala,ayala-pavilion,Pavilion Mall,south-luzon
tech republic,TECH REPUBLIC,sm,sm-city-fairview,SM City Fairview,metro-manila
predire wellness,Predire Wellness,megaworld,eastwood-cyber-mall,Eastwood Cyber Mall,
tech stnergy,TECH STNERGY,robinsons,robinsons-butuan,Robinsons Place Butuan,mindanao
predire,Predire,robinsons,robinsons-manila,Robinsons Place Manila,metro-manila
tech21,TECH21,sm,sm-city-cabanatuan,SM City Cabanatuan,north-luzon
precision driving school,PRECISION DRIVING SCHOOL (OPEN),robinsons,robinsons-metro-east,Robinsons Metro East,metro-manila
techie mobile zone,Techie Mobile Zone,robinsons,robinsons-iligan,Robinsons Place Iligan,mindanao
precious teeth,PRECIOUS TEETH,robinsons,robinsons-gentrias,Robinsons Place Gen. Trias,south-luzon
precious journey,PRECIOUS JOURNEY,xentro,balagtas-town-center,Balagtas Town Center,
techmate,Techmate,ortigas,greenhills,Greenhills,metro-manila
prego outlet,PREGO OUTLET,starmall,san-jose-del-monte,Starmall San Jose del Monte,north-luzon
precious and nick asher scrap gold buyer 0943 1356561,Precious and Nick Asher Scrap Gold Buyer 0943-1356561,robinsons,robinsons-sta-rosa,Robinsons Sta. Rosa,south-luzon
techmobile,Techmobile,robinsons,robinsons-ormoc,Robinsons Place Ormoc,visayas
precious and nick asher scrap gold buyer,PRECIOUS AND NICK ASHER SCRAP GOLD BUYER,ayala,ayala-the-district-imus,The District Imus,south-luzon
prawn house seafood restaurant,Prawn House Seafood Restaurant,robinsons,robinsons-iligan,Robinsons Place Iligan,mindanao
prada,PRADA,ayala,ayala-greenbelt,Greenbelt,metro-manila
techno 9178069360,Techno 9178069360,robinsons,robinsons-santiago,Robinsons Place Santiago,north-luzon
techno geek,TECHNO GEEK,sm,sm-megamall,SM Megamall,metro-manila
powerstation,POWERSTATION,sm,sm-city-north-edsa,SM City North Edsa,metro-manila
techno moto,Techno Moto,robinsons,robinsons-gentrias,Robinsons Place Gen. Trias,south-luzon
powermac center,Powermac Center,robinsons,robinsons-magnolia,Robinsons Magnolia,metro-manila
technocare accessories,TECHNOCARE ACCESSORIES,sm,sm-city-puerto-princesa,SM City Puerto Princesa,south-luzon
tech maven,TECH MAVEN,sm,sm-city-fairview,SM City Fairview,metro-manila
prego trattoria,PREGO TRATTORIA,sm,sm-aura,SM Aura,metro-manila
potato fries station,POTATO FRIES STATION,robinsons,robinsons-tuguegarao,Robinsons Place Tuguegarao,north-luzon
tea house kitchen by chona,TEA HOUSE KITCHEN BY CHONA,sm,sm-city-baguio,SM City Baguio,north-luzon
taylor living,TAYLOR LIVING,robinsons,opus,Opus Mall,metro-manila
taylors play cafe,Taylor’s Play Café,ortigas,the-strip,The Strip,metro-manila
tc travel and tours,TC Travel and Tours,megaworld,southwoods-mall,Southwoods Mall,
tca digital square,TCA DIGITAL SQUARE,sm,sm-city-lipa,SM City Lipa,south-luzon
prestea,Prestea,robinsons,robinsons-naga,Robinsons Place Naga,south-luzon
te quiero davao,TE QUIERO DAVAO,sm,sm-city-davao,SM City Davao,mindanao
pressnet,Pressnet,waltermart,candelaria,WalterMart Candelaria,south-luzon
press play pictures phils inc,PRESS PLAY PICTURES PHILS INC,sm,sm-aura,SM Aura,metro-manila
press citycycle,PRESS CITYCYCLE,sm,smdc-strip-at-blue,SMDC Strip at Blue,smdc
tea 101,TEA 101,sm,sm-mall-of-asia,SM Mall of Asia,metro-manila
presnet master siomai,PRESNET MASTER SIOMAI,xentro,xentro-mall-lemery,XentroMall Lemery,
tea republic,Tea Republic,gmall,gmall-of-davao,GMall of Davao,mindanao
tech know,TECH KNOW,robinsons,robinsons-palawan,Robinsons Place Palawan,south-luzon
tealicious,Tealicious,gmall,gmall-of-digos,GMall of Digos,mindanao
team barista cafe,TEAM BARISTA CAFÉ,sm,sm-city-fairview,SM City Fairview,metro-manila
teas and toast,Teas and Toast,megaworld,forbes-town,Forbes Town,
tease blow hair and face beauty lounge,TEASE BLOW HAIR AND FACE BEAUTY LOUNGE,sm,sm-city-tuguegarao,SM City Tuguegarao,north-luzon
prep center,PREP Center,ortigas,estancia,Estancia,metro-manila
premiumbikes,PREMIUMBIKES,robinsons,robinsons-pagadian,Robinsons Pagadian,mindanao
premium technology,PREMIUM TECHNOLOGY,sm,sm-city-san-fernando-downtown,SM City San Fernando Downtown,north-luzon
tebanz batchoy and tapsilogan,Tebanz Batchoy And Tapsilogan,megaworld,festive-walk-parade,Festive Walk Parade,
premier samgyupsal,Premier Samgyupsal,megaworld,festive-walk-parade,Festive Walk Parade,
premier hair and nails salon,Premier Hair and Nails Salon,megaworld,newport-city,Newport City,
tech hub,Tech Hub,filinvest,festival-mall,Festival Mall,metro-manila
powermac,POWERMAC,robinsons,robinsons-la-union,Robinsons Place La Union,north-luzon
powerhouse tools,POWERHOUSE TOOLS,sm,sm-mall-of-asia,SM Mall of Asia,metro-manila
technocell planet mobile,Technocell Planet Mobile,gmall,gmall-of-toril,GMall of Toril,mindanao
potato monster,Potato Monster,gmall,gmall-of-digos,GMall of Digos,mindanao
pound for pound fitness,POUND FOR POUND FITNESS,robinsons,robinsons-otis,Robinsons Otis,metro-manila
teito fries,Teito Fries,robinsons,robinsons-malabon,Robinsons Town Mall Malabon,metro-manila
telco hub,TELCO HUB,ayala,ayala-market-market,Market! Market!,metro-manila
pottery barn,Pottery Barn,ortigas,estancia,Estancia,metro-manila
telecom world,Telecom World,robinsons,robinsons-manila,Robinsons Place Manila,metro-manila
poto poto,Poto Poto,megaworld,lucky-chinatown-imperial-wing,Lucky Chinatown - Imperial Wing,
telego,TELEGO,sm,sm-lanang,SM Lanang,mindanao
telego mobile,Telego Mobile,gmall,gmall-of-tagum,GMall of Tagum,mindanao
telesin,TELESIN,sm,sm-city-north-edsa,SM City North Edsa,metro-manila
teletek point,TELETEK POINT,sm,sm-marketmall-dasmarinas,SM Marketmall Dasmarinas,south-luzon
telus,Telus,megaworld,mckinley-west,McKinley West,
telus international philippines,TELUS INTERNATIONAL PHILIPPINES,ayala,ayala-market-market,Market! Market!,metro-manila
powerhouse pilates,POWERHOUSE PILATES,ayala,ayala-solenad,Ayala Malls Nuvali,south-luzon
temple garden spa,TEMPLE GARDEN SPA,sm,the-podium,The Podium,metro-manila
templora dermatologica,TEMPLORA DERMATOLOGICA,fishermall,malabon,Fisher Mall Malabon,metro-manila
potato humps,Potato Humps,gmall,gmall-of-toril,GMall of Toril,mindanao
potato hub,Potato Hub,robinsons,robinsons-naga,Robinsons Place Naga,south-luzon
tempura go,TEMPURA GO,sm,sm-city-north-edsa,SM City North Edsa,metro-manila
tempura spot,TEMPURA SPOT,robinsons,robinsons-novaliches,Robinsons Novaliches,metro-manila
ten yen king,Ten Yen King,megaworld,lucky-chinatown-mall,Lucky Chinatown Mall,
potato giant 9635551532,POTATO GIANT 9635551532,robinsons,robinsons-butuan,Robinsons Place Butuan,mindanao
tenant,TENANT,xentro,xentro-mall-santiago,XentroMall Santiago,
tender beef shop,TENDER BEEF SHOP,robinsons,opus,Opus Mall,metro-manila
tender juicy frozen delights,TENDER JUICY / FROZEN DELIGHTS,xentro,sta-ana-public-market,Sta Ana Public Market,
teeth clinic,TEETH CLINIC,sm,sm-city-fairview,SM City Fairview,metro-manila
teeth avenue by cailles dental clinic,TEETH AVENUE by CAILLES DENTAL CLINIC,sm,sm-city-fairview,SM City Fairview,metro-manila
power gadgets,POWER GADGETS,sm,sm-megamall,SM Megamall,metro-manila
power house,Power House,megaworld,festive-walk-mall-iloilo,Festive Walk Mall,
technocure computer center city tech,Technocure Computer Center ( INTER PC ) City Tech,xentro,xentro-mall-calapan,XentroMall Calapan,
technofinds,Technofinds,ortigas,estancia,Estancia,metro-manila
powerclick,POWERCLICK,sm,sm-city-trece-martires,SM City Trece Martires,south-luzon
powerbooks noteworthy,POWERBOOKS NOTEWORTHY,sm,the-podium,The Podium,metro-manila
power up,Power Up,filinvest,festival-mall,Festival Mall,metro-manila
power touch wellness massage,Power Touch Wellness Massage,fishermall,quezonave,Fisher Mall Quezon Avenue,metro-manila
power switch,Power Switch,filinvest,festival-mall,Festival Mall,metro-manila
technosuit,TECHNOSUIT,robinsons,galleria-south,Robinsons Galleria South,south-luzon
power smile dental clinic,POWER SMILE DENTAL CLINIC,sm,sm-city-san-lazaro,SM City San Lazaro,metro-manila
techplus service center,TECHPLUS SERVICE CENTER,sm,sm-city-fairview,SM City Fairview,metro-manila
techpro unlimited,TECHPRO UNLIMITED,ayala,ayala-solenad,Ayala Malls Nuvali,south-luzon
power play,POWER PLAY,ayala,ayala-feliz,Ayala Malls Feliz,metro-manila
power mack & f accessories,Power MacK & F ACCESSORIES,robinsons,robinsons-valencia,Robinsons Place Valencia,mindanao
power mac service center,POWER MAC SERVICE CENTER,ayala,ayala-abreeza,Abreeza,mindanao
techrui,TECHRUI,sm,sm-city-trece-martires,SM City Trece Martires,south-luzon
power mac center spotlight,POWER MAC CENTER SPOTLIGHT,ayala,ayala-circuit,Ayala Malls Circuit,metro-manila
power mac center & mobile care,Power Mac Center & Mobile Care,filinvest,festival-mall,Festival Mall,metro-manila
techtronix,Techtronix,robinsons,robinsons-tuguegarao,Robinsons Place Tuguegarao,north-luzon
techwarez computer center,TECHWAREZ COMPUTER CENTER,sm,sm-city-north-edsa,SM City North Edsa,metro-manila
teds oldtimer la paz batchoy,TED'S OLDTIMER LA PAZ BATCHOY,ayala,ayala-market-market,Market! Market!,metro-manila
tee zone boutique autosonix,TEE ZONE BOUTIQUE AUTOSONIX,xentro,xentro-mall-lemery,XentroMall Lemery,
teeth avenue,TEETH AVENUE,ayala,ayala-serendra,Shops at Serendra,metro-manila
power lite phone shop,Power Lite Phone Shop,gmall,gmall-of-davao,GMall of Davao,mindanao
tianlala,TIANLALA,sm,sm-city-pampanga,SM City Pampanga,north-luzon
playground samuelitos,PLAYGROUND SAMUELITOS,xentro,xentro-mall-lemery,XentroMall Lemery,
pretea,PRETEA,robinsons,robinsons-butuan,Robinsons Place Butuan,mindanao
phonemax,PHONEMAX,araneta,farmers-plaza,Farmers Plaza,metro-manila
tobys estate coffee roaster,TOBY'S ESTATE COFFEE ROASTER,ayala,ayala-serendra,Shops at Serendra,metro-manila
tobys sport,Toby's Sport,robinsons,robinsons-iligan,Robinsons Place Iligan,mindanao
tobys sport friends fries,Toby's Sport FRIENDS FRIES,xentro,xentro-mall-calapan,XentroMall Calapan,
photo image,PHOTO IMAGE,robinsons,robinsons-butuan,Robinsons Place Butuan,mindanao
toco berry,Toco Berry,ortigas,greenhills,Greenhills,metro-manila
phonix kiosk,PHONIX KIOSK,araneta,farmers-plaza,Farmers Plaza,metro-manila
todays photographic studio,TODAY'S PHOTOGRAPHIC STUDIO,robinsons,robinsons-metro-east,Robinsons Metro East,metro-manila
todays photoph,Today's Photoph,megaworld,venice-grand-canal-mall,Venice Grand Canal Mall,
phonix,Phonix,robinsons,robinsons-lipa,Robinsons Place Lipa,south-luzon
phoneville mobile,PHONEVILLE MOBILE,sm,sm-city-bacoor,SM City Bacoor,south-luzon
phonetwist lj house of beauty,"PHONETWIST, LJ HOUSE OF BEAUTY",xentro,xentro-mall-cabagan,XentroMall Cabagan,
tods,TOD'S,ayala,ayala-greenbelt,Greenbelt,metro-manila
photo trend,Photo Trend,filinvest,festival-mall,Festival Mall,metro-manila
toho antigua,Toho Antigua,filinvest,festival-mall,Festival Mall,metro-manila
phonebay,PHONEBAY,sm,sm-city-pampanga,SM City Pampanga,north-luzon
phone shop,THE PHONE SHOP,ayala,ayala-glorietta,Glorietta,metro-manila
phone partz,PHONE PARTZ,sm,sm-city-fairview,SM City Fairview,metro-manila
phone max,PHONE MAX,sm,sm-city-cauayan,SM City Cauayan,north-luzon
phone gallery,The Phone Gallery,waltermart,plaridel,WalterMart Plaridel,north-luzon
phone care cellphone accessories,PHONE CARE CELLPHONE ACCESSORIES,sm,sm-center-muntinlupa,SM Center Muntinlupa,metro-manila
phone avenue,Phone Avenue,ortigas,greenhills,Greenhills,metro-manila
phoenix dragon,Phoenix Dragon,megaworld,lucky-chinatown-mall,Lucky Chinatown Mall,
phoenix bazaar,Phoenix Bazaar,robinsons,robinsons-dasmarinas,Robinsons Place Dasmarinas,south-luzon
tokki tokki,Tokki Tokki,megaworld,festive-walk-parade,Festive Walk Parade,
photo tech,Photo Tech,filinvest,festival-mall,Festival Mall,metro-manila
tobys estate,TOBY'S ESTATE,sm,sm-aura,SM Aura,metro-manila
phobac vietnamese specialties,Phobac Vietnamese Specialties,megaworld,southwoods-mall,Southwoods Mall,
picanti,PICANTI,ayala,ayala-greenbelt,Greenbelt,metro-manila
pickleball court,Pickleball Court,filinvest,main-square,Main Square,south-luzon
pick up stix,PICK-UP-STIX,sm,sm-city-cabanatuan,SM City Cabanatuan,north-luzon
tlm yema buko pie,TLM YEMA BUKO PIE,sm,sm-center-pulilan,SM Center Pulilan,north-luzon
pick up at sm supermalls,PICK UP AT SM SUPERMALLS,sm,sm-city-masinag,SM City Masinag,metro-manila
tm lewin,TM Lewin,robinsons,robinsons-magnolia,Robinsons Magnolia,metro-manila
tmj print avenue,TMJ PRINT AVENUE,sm,sm-city-fairview,SM City Fairview,metro-manila
tnalak home,T'NALAK HOME,ayala,ayala-abreeza,Abreeza,mindanao
pick mix,PICK MIX,sm,sm-mall-of-asia,SM Mall of Asia,metro-manila
pick a trip travel and tours,PICK A TRIP TRAVEL AND TOURS,sm,sm-city-lucena,SM City Lucena,south-luzon
pick & save,PICK & SAVE,robinsons,robinsons-metro-east,Robinsons Metro East,metro-manila
tnd bazaar,TND Bazaar,megaworld,festive-walk-mall-iloilo,Festive Walk Mall,
to kho ngan,TO-KHO-NGAN,robinsons,robinsons-tuguegarao,Robinsons Place Tuguegarao,north-luzon
photoline 0917 541 5156,PHOTOLINE 0917-541-5156,robinsons,robinsons-antique,Robinsons Place Antique,visayas
picabean,PICABEAN,ayala,ayala-malls-central-bloc,Ayala Malls Central Bloc,visayas
pica pica by slers,PICA PICA BY SLERS,sm,sm-cdo-downtown,SM CDO Downtown Premier,mindanao
pic n print,Pic N Print,ortigas,greenhills,Greenhills,metro-manila
pibu aesthetics,PIBU AESTHETICS,ayala,ayala-feliz,Ayala Malls Feliz,metro-manila
pias gadget store,PIA'S GADGET STORE,robinsons,robinsons-sta-rosa,Robinsons Sta. Rosa,south-luzon
to kho ngan 9395573510,To-Kho-Ngan 9395573510,robinsons,robinsons-santiago,Robinsons Place Santiago,north-luzon
tobys 9776592253,Toby's 9776592253,robinsons,robinsons-dumaguete,Robinsons Place Dumaguete,visayas
physiare,Physiare,filinvest,festival-mall,Festival Mall,metro-manila
photovoltaic,Photovoltaic,robinsons,robinsons-palawan,Robinsons Place Palawan,south-luzon
tobys arena,TOBY'S ARENA,ayala,ayala-abreeza,Abreeza,mindanao
photoline digital,Photoline Digital,robinsons,robinsons-manila,Robinsons Place Manila,metro-manila
phoenix,Phoenix,robinsons,robinsons-luisita,Robinsons Luisita,north-luzon
phobac vietnamese specialist,PHOBAC VIETNAMESE SPECIALIST,ayala,ayala-glorietta,Glorietta,metro-manila
tiara,Tiara,robinsons,robinsons-iloilo,Robinsons Place Iloilo,visayas
phiil health,PHIIL HEALTH,robinsons,robinsons-gen-san,Robinsons Place GenSan,mindanao
philippe charriol,PHILIPPE CHARRIOL,sm,the-podium,The Podium,metro-manila
tomato time,Tomato Time,fishermall,quezonave,Fisher Mall Quezon Avenue,metro-manila
philip steinl time studio,PHILIP STEINL TIME STUDIO,sm,sm-city-lipa,SM City Lipa,south-luzon
philip stein tw steel wenger luminox,PHILIP STEIN TW STEEL WENGER LUMINOX,sm,sm-city-clark,SM City Clark,north-luzon
tommy hilfiger by the watch store,TOMMY HILFIGER BY THE WATCH STORE,sm,sm-city-north-edsa,SM City North Edsa,metro-manila
tommy jeans,Tommy Jeans,robinsons,robinsons-manila,Robinsons Place Manila,metro-manila
philgin travel and tours,PHILGIN TRAVEL AND TOURS (2GO),starmall,alabang,Starmall Alabang,metro-manila
philcopy,PHILCOPY,sm,sm-city-davao,SM City Davao,mindanao
phil post,Phil Post,gmall,gmall-of-davao,GMall of Davao,mindanao
tomoro coffee,TOMORO COFFEE,sm,sm-city-bicutan,SM City Bicutan,metro-manila
toms playground,TOM'S PLAYGROUND,robinsons,robinsons-iligan,Robinsons Place Iligan,mindanao
phia footwear,PHIA FOOTWEAR,robinsons,robinsons-novaliches,Robinsons Novaliches,metro-manila
tom sawyers,Tom Sawyer's,ortigas,estancia,Estancia,metro-manila
phat pho 0942 539 6399,PHAT PHO 0942-539-6399,robinsons,robinsons-cybergate-cebu,Robinsons Cybergate Cebu,visayas
toms world 0999 983 8319,TOMS WORLD 0999 983 8319,robinsons,robinsons-sta-rosa,Robinsons Sta. Rosa,south-luzon
toms world 8961 6210,Tom's World 8961 6210 (OPEN),robinsons,robinsons-magnolia,Robinsons Magnolia,metro-manila
phad thai,Phad Thai,robinsons,galleria-south,Robinsons Galleria South,south-luzon
pgp ticketing office outlet,PGP TICKETING OFFICE OUTLET,sm,sm-city-cagayan-de-oro,SM City CDO Uptown,mindanao
toms world mall train,TOM'S WORLD MALL TRAIN,robinsons,robinsons-ilocos,Robinsons Place Ilocos,north-luzon
toms world satelite,TOM'S WORLD SATELITE,robinsons,robinsons-ilocos,Robinsons Place Ilocos,north-luzon
ton ton thai massage,TON TON THAI MASSAGE,sm,smdc-strip-at-shell,SMDC Strip at Shell,smdc
petropolis animal clinic,PETROPOLIS ANIMAL CLINIC,ayala,ayala-solenad,Ayala Malls Nuvali,south-luzon
tong se,Tong Se,robinsons,robinsons-otis,Robinsons Otis,metro-manila
petron car care center,PETRON CAR CARE CENTER,sm,sm-city-general-santos,SM City General Santos,mindanao
tom sawyers old fashioned krispy chicken,TOM SAWYER'S OLD FASHIONED KRISPY CHICKEN,sm,sm-center-pasig,SM Center Pasig,metro-manila
tom n toms coffee,Tom N Toms Coffee,megaworld,venice-grand-canal-mall,Venice Grand Canal Mall,
pho hoa my thai jacks loft,Pho Hoa / My Thai / Jack’s Loft,filinvest,festival-mall,Festival Mall,metro-manila
tokyo milkcheese factory,Tokyo Milkcheese Factory,ortigas,estancia,Estancia,metro-manila
tokutokuya,Tokutokuya,gmall,gmall-of-davao,GMall of Davao,mindanao
tokyo bubble tea,TOKYO BUBBLE TEA,ayala,ayala-centrio,Centrio Mall,mindanao
tokyo g shock,@ TOKYO / G-SHOCK,robinsons,robinsons-antipolo,Robinsons Place Antipolo,metro-manila
tokyo glam eyelash & nail salon,TOKYO GLAM EYELASH & NAIL SALON,ayala,ayala-manila-bay,Ayala Malls Manila Bay,metro-manila
pho co,PHO.CO,sm,sm-city-clark,SM City Clark,north-luzon
tokyo joe japanese fastfood,TOKYO JOE JAPANESE FASTFOOD,sm,sm-seaside-city-cebu,SM Seaside City Cebu,visayas
phlippine national bank,Phlippine National Bank (pnb),filinvest,festival-mall,Festival Mall,metro-manila
philux,PHILUX,sm,sm-megamall,SM Megamall,metro-manila
philsys step 2 registration,PHILSYS STEP 2 REGISTRATION,robinsons,galleria-south,Robinsons Galleria South,south-luzon
tokyo milk cheese cafe,TOKYO MILK CHEESE CAFE,ayala,ayala-manila-bay,Ayala Malls Manila Bay,metro-manila
tokyo milk cheese factory & cow cow ice,TOKYO MILK CHEESE FACTORY & COW COW ICE,ayala,ayala-glorietta,Glorietta,metro-manila
tokyo store,@TOKYO STORE,robinsons,opus,Opus Mall,metro-manila
philippine airlines golden jc holiday travel,PHILIPPINE AIRLINES GOLDEN JC HOLIDAY TRAVEL,sm,sm-city-cebu,SM City Cebu,visayas
philips easy key,PHILIPS EASY KEY,ayala,ayala-manila-bay,Ayala Malls Manila Bay,metro-manila
toledo medical clinic,Toledo Medical Clinic,megaworld,venice-grand-canal-mall,Venice Grand Canal Mall,
philippine savings bank atm,Philippine Savings Bank ATM,waltermart,antipolo,WalterMart Antipolo,metro-manila
philippine racing club inc,PHILIPPINE RACING CLUB INC.,ayala,ayala-circuit,Ayala Malls Circuit,metro-manila
philippine pizza inc,"PHILIPPINE PIZZA, INC.",xentro,ab-central,Ab Central,
philippine national police,Philippine National Police (pnp),filinvest,main-square,Main Square,south-luzon
tolentino law office,Tolentino Law Office,megaworld,venice-grand-canal-mall,Venice Grand Canal Mall,
tollhouse,TOLLHOUSE,ayala,ayala-marquee,MarQuee Mall,north-luzon
philippine business savings bank,Philippine Business Savings Bank,megaworld,forbes-town,Forbes Town,
philippine airlines pal john gold,Philippine Airlines / PAL / John Gold,gmall,gmall-of-tagum,GMall of Tagum,mindanao
tom n toms,TOM N' TOMS,robinsons,robinsons-antipolo,Robinsons Place Antipolo,metro-manila
tlida,TLIDA,sm,sm-city-cebu,SM City Cebu,visayas
tittos bbq,Tittos BBQ,ortigas,greenhills,Greenhills,metro-manila
pickup coffee 0970 688 7973,PICKUP COFFEE 0970-688-7973,robinsons,robinsons-cybergate-cebu,Robinsons Cybergate Cebu,visayas
pj super siomai,PJ Super Siomai,gmall,gmall-of-davao,GMall of Davao,mindanao
time adventure,Time Adventure,gmall,gmall-of-tagum,GMall of Tagum,mindanao
plains and prints,Plains and Prints,gmall,gmall-of-tagum,GMall of Tagum,mindanao
plains & prints 9199149527,Plains & Prints 9199149527(OPEN),robinsons,robinsons-dumaguete,Robinsons Place Dumaguete,visayas
time check watch service,Time Check Watch Service,robinsons,robinsons-manila,Robinsons Place Manila,metro-manila
plains,Plains,gmall,gmall-of-davao,GMall of Davao,mindanao
plain & prints,PLAIN & PRINTS,robinsons,robinsons-pagadian,Robinsons Pagadian,mindanao
pktt mobile center,PKTT Mobile Center,gmall,gmall-of-toril,GMall of Toril,mindanao
pks phones,PKS Phones,robinsons,robinsons-santiago,Robinsons Place Santiago,north-luzon
pks phone,PKS Phone,robinsons,robinsons-tuguegarao,Robinsons Place Tuguegarao,north-luzon
time concept emporium,TIME CONCEPT EMPORIUM,xentro,xentro-mall-santiago,XentroMall Santiago,
pjs sleepwear 9237431998,PJs Sleepwear 9237431998,robinsons,robinsons-magnolia,Robinsons Magnolia,metro-manila
time express watch repair and key duplication services,Time Express Watch Repair and Key Duplication Services,megaworld,southwoods-mall,Southwoods Mall,
time & gems,Time & Gems,ortigas,greenhills,Greenhills,metro-manila
pj lhuillier inc,PJ LHUILLIER INC. (CEBUANA),starmall,edsa-shaw,Starmall EDSA-Shaw,metro-manila
time gallery,Time Gallery,ortigas,greenhills,Greenhills,metro-manila
time network,TIME NETWORK,xentro,xentro-mall-roxas,XentroMall Roxas,
time trend center,TIME TREND CENTER,sm,sm-megamall,SM Megamall,metro-manila
pizzakaya,Pizzakaya,robinsons,robinsons-tagum,Robinsons Place Tagum,mindanao
pizzahut,PIZZAHUT,robinsons,robinsons-galleria-ortigas,Robinsons Galleria,metro-manila
pizza volante,PIZZA VOLANTE,sm,sm-city-baguio,SM City Baguio,north-luzon
pizza to go,PIZZA TO GO,sm,sm-city-pampanga,SM City Pampanga,north-luzon
pizza smile xbox,PIZZA SMILE XBOX,xentro,montalban-town-center,Montalban Town Center,
timecheck,Timecheck,robinsons,robinsons-santiago,Robinsons Place Santiago,north-luzon
pizza hut kiosk,PIZZA HUT KIOSK,robinsons,robinsons-novaliches,Robinsons Novaliches,metro-manila
planet sport,PLANET SPORT,robinsons,robinsons-tagum,Robinsons Place Tagum,mindanao
planet sports asia,Planet Sports Asia,ortigas,greenhills,Greenhills,metro-manila
titter tatter playhouse,TITTER TATTER PLAYHOUSE,robinsons,robinsons-dumaguete,Robinsons Place Dumaguete,visayas
play book store,THE PLAY BOOK STORE,ayala,ayala-one-bonifacio-high-street,One Bonifacio High Street,metro-manila
tic toc doc,TIC TOC DOC,sm,sm-city-baguio,SM City Baguio,north-luzon
playground 9232881783,Playground 9232881783,robinsons,robinsons-magnolia,Robinsons Magnolia,metro-manila
playcafe,Playcafe,megaworld,venice-grand-canal-mall,Venice Grand Canal Mall,
ticket 1 9171094611,TICKET 1 9171094611,robinsons,robinsons-butuan,Robinsons Place Butuan,mindanao
play works,PLAY WORKS,sm,sm-aura,SM Aura,metro-manila
ticket express,Ticket Express,gmall,gmall-of-davao,GMall of Davao,mindanao
ticket royale,Ticket Royale,robinsons,robinsons-fuente,Robinsons Fuente,visayas
play studio,Play Studio,robinsons,robinsons-bacolod,Robinsons Place Bacolod,visayas
ticketport travel and tours,TICKETPORT TRAVEL AND TOURS,sm,sm-city-taytay,SM City Taytay,metro-manila
play n learn kids playroom childcare center,PLAY N LEARN KIDS PLAYROOM CHILDCARE CENTER,sm,sm-city-davao,SM City Davao,mindanao
play giant,PLAY GIANT,ayala,ayala-glorietta,Glorietta,metro-manila
play 2 learn,PLAY 2 LEARN,ayala,ayala-center-cebu,Ayala Center Cebu,visayas
timcheck watch repair,TIMCHECK WATCH REPAIR,robinsons,robinsons-angeles,Robinsons Angeles,north-luzon
tickettime travel & tours,Tickettime Travel & Tours,robinsons,robinsons-jaro,Robinsons Place Jaro,visayas
tidex carwash,TIDEX CARWASH,robinsons,robinsons-las-pinas,Robinsons Place Las Pinas,metro-manila
tienda street food,Tienda Street Food,robinsons,robinsons-bacolod,Robinsons Place Bacolod,visayas
tiger sugar 9772116188,TIGER SUGAR 9772116188,robinsons,robinsons-magnolia,Robinsons Magnolia,metro-manila
tiktilaok 0997 746 7278,TIKTILAOK 0997-746-7278,robinsons,robinsons-cybergate-cebu,Robinsons Cybergate Cebu,visayas
platinium karaoke,PLATINIUM KARAOKE,robinsons,robinsons-starmills,Robinsons Starmills,north-luzon
plantsnilloids,PLANTSNILLOIDS,ayala,ayala-market-market,Market! Market!,metro-manila
tile express shop,TILE EXPRESS SHOP,sm,sm-southmall,SM Southmall,metro-manila
plantmate plants shop,PLANTMATE PLANTS SHOP,sm,sm-city-lucena,SM City Lucena,south-luzon
tili dhali temporarily closed,TILI DHALI TEMPORARILY CLOSED,robinsons,robinsons-magnolia,Robinsons Magnolia,metro-manila
timber toys,TIMBER TOYS,araneta,ali-mall,Ali Mall,metro-manila
pizza hut food cart,Pizza Hut Food Cart,robinsons,robinsons-imus,Robinsons Place Imus,south-luzon
timeline watch repair 0922 889 0086,Timeline Watch Repair 0922-889-0086,robinsons,robinsons-sta-rosa,Robinsons Sta. Rosa,south-luzon
pizza haus,Pizza Haus,robinsons,robinsons-naga,Robinsons Place Naga,south-luzon
pidoks,PIDOKS,ayala,ayala-abreeza,Abreeza,mindanao
pines telecom,Pines Telecom,robinsons,robinsons-santiago,Robinsons Place Santiago,north-luzon
tiny teapot,Tiny Teapot,robinsons,robinsons-lipa,Robinsons Place Lipa,south-luzon
tiny town,TINY TOWN,sm,sm-mall-of-asia,SM Mall of Asia,metro-manila
pina seoul,PINA SEOUL,robinsons,robinsons-pangasinan,Robinsons Place Pangasinan,north-luzon
pimp kicks,Pimp Kicks,ortigas,greenhills,Greenhills,metro-manila
pili ani,Pili Ani,ortigas,greenhills,Greenhills,metro-manila
pieza de mano art ang frames,PIEZA DE MANO ART ANG FRAMES,robinsons,robinsons-manila,Robinsons Place Manila,metro-manila
pieza de mano,Pieza De Mano,robinsons,robinsons-manila,Robinsons Place Manila,metro-manila
silverworks satellite,Silverworks Satellite,filinvest,festival-mall,Festival Mall,metro-manila
tipness gym,TIPNESS GYM,ayala,ayala-the-district-dasmarinas,The District Dasmarinas,south-luzon
tips n toes,TIPS 'N TOES,ayala,ayala-up-town-center,U. P. Town Center,metro-manila
tips n toes nail salon,TIPS N TOES NAIL SALON,sm,sm-megamall,SM Megamall,metro-manila
pizza boy 9778098547,Pizza boy 9778098547,robinsons,robinsons-iligan,Robinsons Place Iligan,mindanao
picture city mayandug cellphone accessories,PICTURE CITY Mayandug Cellphone Accessories,xentro,xentro-mall-lemery,XentroMall Lemery,
tita beths pancit malabon haus,TITA BETH'S PANCIT MALABON HAUS,ayala,ayala-capitol-central,Ayala Malls Capitol Central,visayas
picture city green heart naturals enterprise,Picture City Green Heart Naturals Enterprise ( HUMAN NATURE ),xentro,xentro-mall-calapan,XentroMall Calapan,
tita paring,Tita Paring,ortigas,greenhills,Greenhills,metro-manila
picture books,PICTURE BOOKS,sm,sm-megamall,SM Megamall,metro-manila
tita paring 9178543267,Tita Paring (OPEN) 9178543267,robinsons,robinsons-magnolia,Robinsons Magnolia,metro-manila
tita yummys burger,Tita Yummy's Burger,robinsons,robinsons-dasmarinas,Robinsons Place Dasmarinas,south-luzon
titan barbershop,TITAN BARBERSHOP,sm,s-maison,S Maison,metro-manila
picole 0966 142 6389,Picole 0966 142 6389,robinsons,robinsons-magnolia,Robinsons Magnolia,metro-manila
picole,PICOLE,sm,sm-city-bacolod,SM City Bacolod,visayas
titas bags and accessories,Tita's Bags and Accessories,araneta,farmers-plaza,Farmers Plaza,metro-manila
pings eatabols,PING’S EATABOLS,ayala,ayala-capitol-central,Ayala Malls Capitol Central,visayas
pink & brown boutique,Pink & Brown Boutique,robinsons,robinsons-luisita,Robinsons Luisita,north-luzon
pink belles fashion,Pink Belle's Fashion,robinsons,robinsons-tuguegarao,Robinsons Place Tuguegarao,north-luzon
pink dot,PINK DOT,ayala,ayala-harbor-point,Harbor Point,north-luzon
pixie forest,Pixie Forest,filinvest,festival-mall,Festival Mall,metro-manila
pixelport,PIXELPORT,sm,sm-city-santa-rosa,SM City Santa Rosa,south-luzon
pixel point by photoline,PIXEL POINT BY PHOTOLINE,sm,sm-aura,SM Aura,metro-manila
pirazzo,PIRAZZO,robinsons,robinsons-santiago,Robinsons Place Santiago,north-luzon
pirates grill open,Pirate's Grill OPEN,robinsons,robinsons-sta-rosa,Robinsons Sta. Rosa,south-luzon
timeshoppe,TIMESHOPPE,sm,sm-city-fairview,SM City Fairview,metro-manila
pinoy silugan,PINOY SILUGAN,xentro,sta-ana-public-market,Sta Ana Public Market,
pinoy pyesta,PINOY PYESTA,sm,sm-city-dasmarinas,SM City Dasmariñas,south-luzon
timezone 8364 2426,Timezone 8364 2426 (OPEN),robinsons,robinsons-magnolia,Robinsons Magnolia,metro-manila
pinoy krispy sisig,Pinoy Krispy Sisig,robinsons,robinsons-antipolo,Robinsons Place Antipolo,metro-manila
pinkies box,PINKIES BOX,robinsons,robinsons-iligan,Robinsons Place Iligan,mindanao
timezone carousel,TIMEZONE CAROUSEL,ayala,ayala-trinoma,Trinoma,metro-manila
timhowan,TimHowan,ortigas,greenhills,Greenhills,metro-manila
pink2pink body & face skin,PINK2PINK BODY & FACE SKIN,ayala,ayala-metropoint,Metro Point Mall,metro-manila
tin accessories,Tin Accessories,gmall,gmall-of-tagum,GMall of Tagum,mindanao
pink pony tails,Pink Pony Tails,gmall,gmall-of-tagum,GMall of Tagum,mindanao
tina berin fresh flowers,TINA BERIN FRESH FLOWERS,ayala,ayala-market-market,Market! Market!,metro-manila
pink polish nail lounge,Pink Polish Nail Lounge,gmall,gmall-of-davao,GMall of Davao,mindanao
pink polish,Pink Polish,gmall,gmall-of-toril,GMall of Toril,mindanao
tinker club,Tinker Club,robinsons,robinsons-tacloban,Robinsons Place Tacloban,visayas
pink lemonade,Pink Lemonade,robinsons,robinsons-iloilo,Robinsons Place Iloilo,visayas
tinkerville 9500207078,TINKERVILLE 9500207078,robinsons,robinsons-butuan,Robinsons Place Butuan,mindanao
pink dough,Pink Dough,megaworld,california-garden-square,California Garden Square,
prestige trading,PRESTIGE TRADING,sm,sm-city-bf-paranaque,SM City BF Parañaque,metro-manila
pretty little lashes & nail studio,PRETTY LITTLE LASHES & NAIL STUDIO,starmall,alabang,Starmall Alabang,metro-manila
rest & go,Rest & Go (OPEN),robinsons,robinsons-tuguegarao,Robinsons Place Tuguegarao,north-luzon
raptor,Raptor,filinvest,festival-mall,Festival Mall,metro-manila
super pollo,SUPER POLLO,sm,sm-southmall,SM Southmall,metro-manila
rayos dental,RAYOS DENTAL,robinsons,robinsons-dasmarinas,Robinsons Place Dasmarinas,south-luzon
super uncle claypot,Super Uncle Claypot,ortigas,greenhills,Greenhills,metro-manila
rave studio,RAVE STUDIO,ayala,ayala-the-30th,Ayala Malls The 30th,metro-manila
super value inc,SUPER VALUE INC.,xentro,ab-central,Ab Central,
superb shanghai siomai,SUPERB SHANGHAI SIOMAI,xentro,ab-central,Ab Central,
rasay meatshop,Rasay Meatshop,gmall,gmall-of-toril,GMall of Toril,mindanao
rari,RARI,sm,sm-city-north-edsa,SM City North Edsa,metro-manila
rarepair,RAREPAIR,sm,sm-city-pampanga,SM City Pampanga,north-luzon
superga 7720 9679,Superga 7720-9679,robinsons,robinsons-magnolia,Robinsons Magnolia,metro-manila
rare collective,Rare Collective,megaworld,forbes-town,Forbes Town,
rapidfix,RAPIDFIX,sm,sm-city-rosales,SM City Rosales,north-luzon
super metro,Super Metro,filinvest,fora,Fora Mall,south-luzon
rapide,Rapide,megaworld,eastwood-mall,Eastwood Mall,
raphas corner,RAPHAS CORNER,sm,sm-city-pampanga,SM City Pampanga,north-luzon
rangoon ruby,Rangoon Ruby,filinvest,festival-mall,Festival Mall,metro-manila
superlicious bakeshop,SUPERLICIOUS BAKESHOP,sm,sm-city-legazpi,SM City Legazpi,south-luzon
randys donut,RANDY’S DONUT,ayala,one-ayala-mall,One Ayala,metro-manila
randy ortiz dental clinic,RANDY ORTIZ DENTAL CLINIC,fishermall,malabon,Fisher Mall Malabon,metro-manila
rams balloons,Rams Balloons,gmall,gmall-of-davao,GMall of Davao,mindanao
ramous region,RAMOUS REGION,robinsons,robinsons-pagadian,Robinsons Pagadian,mindanao
ramirez printing services,Ramirez Printing Services,filinvest,main-square,Main Square,south-luzon
ramenco,RAMENCO,ayala,ayala-legazpi,Ayala Malls Legazpi,south-luzon
ramen yushoken,Ramen Yushoken,ortigas,estancia,Estancia,metro-manila
razons buko rocks,RAZONS (L.L Lacap's Halo-Halo) BUKO ROCKS,xentro,xentro-mall-lemery,XentroMall Lemery,
super buko,Super Buko,robinsons,robinsons-gen-san,Robinsons Place GenSan,mindanao
ramen tetora,RAMEN TETORA,robinsons,robinsons-lipa,Robinsons Place Lipa,south-luzon
rc skin lite face body center,RC SKIN LITE FACE BODY CENTER,sm,sm-city-san-lazaro,SM City San Lazaro,metro-manila
rds home outlet,RDS HOME OUTLET,robinsons,robinsons-ilocos,Robinsons Place Ilocos,north-luzon
rds business center,RDS Business Center,robinsons,robinsons-manila,Robinsons Place Manila,metro-manila
rde eatery,RDE EATERY,robinsons,robinsons-novaliches,Robinsons Novaliches,metro-manila
sunika manila,Sunika Manila,filinvest,festival-mall,Festival Mall,metro-manila
suniway group of companies inc,SUNIWAY GROUP OF COMPANIES INC,sm,sm-aura,SM Aura,metro-manila
rcg watch service,RCG Watch Service,waltermart,trece-martires,WalterMart Trece Martires,south-luzon
rcd sticker,RCD Sticker,robinsons,robinsons-imus,Robinsons Place Imus,south-luzon
sunkissed cafe,SUNKISSED CAFE,robinsons,robinsons-metro-east,Robinsons Metro East,metro-manila
rcbc exhibit mini gem exhibit,RCBC/EXHIBIT MINI GEM Exhibit (#8),xentro,montalban-town-center,Montalban Town Center,
sunlab,Sunlab,gmall,gmall-of-davao,GMall of Davao,mindanao
sunnies,Sunnies,robinsons,robinsons-valencia,Robinsons Place Valencia,mindanao
sunnies coffee,SUNNIES COFFEE (9178293590),robinsons,robinsons-magnolia,Robinsons Magnolia,metro-manila
super bagnet,Super Bagnet,gmall,gmall-of-tagum,GMall of Tagum,mindanao
sunnies specs sunnies studios,SUNNIES SPECS SUNNIES STUDIOS,sm,sm-city-baguio,SM City Baguio,north-luzon
sunnies studios 9178293590,Sunnies Studios 9178293590,robinsons,robinsons-magnolia,Robinsons Magnolia,metro-manila
rc management and medical services,RC MANAGEMENT AND MEDICAL SERVICES,sm,sm-city-batangas,SM City Batangas,south-luzon
sunrise bloom plants & flowers,SUNRISE BLOOM PLANTS & FLOWERS,ayala,ayala-market-market,Market! Market!,metro-manila
rbx,RBX (Rice in a Box),robinsons,robinsons-gentrias,Robinsons Place Gen. Trias,south-luzon
sunset dry goods,Sunset Dry Goods,megaworld,forbes-town,Forbes Town,
rbc cable,RBC CABLE,robinsons,robinsons-tuguegarao,Robinsons Place Tuguegarao,north-luzon
razons halo halo & palabok,RAZON'S HALO HALO & PALABOK,ayala,ayala-marquee,MarQuee Mall,north-luzon
sunshine accessories,Sunshine Accessories,gmall,gmall-of-tagum,GMall of Tagum,mindanao
razons halo halo,Razon's Halo Halo,robinsons,robinsons-starmills,Robinsons Starmills,north-luzon
sunstar jewelry,Sunstar Jewelry,ortigas,greenhills,Greenhills,metro-manila
ramen ton ichi express,Ramen Ton-Ichi Express,robinsons,robinsons-magnolia,Robinsons Magnolia,metro-manila
superwasher,SUPERWASHER,sm,smdc-grace-mall,SMDC Grace Mall,smdc
sushi station,SUSHI STATION,sm,sm-jmall,SM J Mall,visayas
susans flower,SUSAN'S FLOWER,xentro,tanay-town-center,Tanay Town Center,
rainbow asia logistics services inc,Rainbow Asia Logistics Services Inc.,ortigas,the-strip,The Strip,metro-manila
rage room and coffee,THE RAGE ROOM AND COFFEE,ayala,ayala-circuit,Ayala Malls Circuit,metro-manila
rage racer,Rage Racer,robinsons,robinsons-galleria-cebu,Robinsons Galleria Cebu,visayas
raffy cellphone & accessories,Raffy Cellphone & Accessories,megaworld,festive-walk-mall-iloilo,Festive Walk Mall,
raffas treats on stix,Raffa's Treats on Stix,robinsons,robinsons-galleria-ortigas,Robinsons Galleria,metro-manila
rafaels tapas bar & restaurant,Rafael's Tapas Bar & Restaurant,megaworld,newport-city,Newport City,
susan milan,SUSAN MILAN,ayala,ayala-market-market,Market! Market!,metro-manila
rado frederique constant,RADO FREDERIQUE CONSTANT,sm,the-podium,The Podium,metro-manila
susans canteen,SUSAN'S CANTEEN,xentro,morong-centerpoint,Morong Centerpoint,
rado atelier,THE RADO ATELIER,ayala,ayala-glorietta,Glorietta,metro-manila
rado,RADO,ayala,ayala-center-cebu,Ayala Center Cebu,visayas
radius telecom,RADIUS TELECOM,ayala,ayala-trinoma,Trinoma,metro-manila
rajah palabok plus,RAJAH PALABOK PLUS,robinsons,robinsons-metro-east,Robinsons Metro East,metro-manila
rad tattoo studio,RAD TATTOO STUDIO,sm,sm-city-davao,SM City Davao,mindanao
sushi bake,SUSHI BAKE,robinsons,robinsons-santiago,Robinsons Place Santiago,north-luzon
racquels bakeshop & catering services,Racquel's Bakeshop & Catering Services,robinsons,robinsons-iligan,Robinsons Place Iligan,mindanao
racks restaurant,Racks Restaurant,filinvest,festival-mall,Festival Mall,metro-manila
sushi bar by jiro,SUSHI BAR BY JIRO,sm,sm-city-clark,SM City Clark,north-luzon
racing edge,Racing Edge,gmall,gmall-of-davao,GMall of Davao,mindanao
rachelles alteration services,RACHELLES ALTERATION SERVICES,sm,sm-city-cagayan-de-oro,SM City CDO Uptown,mindanao
rachelle anns flower,RACHELLE ANN'S FLOWER,ayala,ayala-market-market,Market! Market!,metro-manila
racell,RACELL,sm,sm-city-pampanga,SM City Pampanga,north-luzon
sushi sor,SUSHI SOR,sm,sm-city-sorsogon,SM City Sorsogon,south-luzon
ra taho,RA TAHO,sm,sm-city-bicutan,SM City Bicutan,metro-manila
rainbow project,The Rainbow Project,gmall,gmall-of-davao,GMall of Davao,mindanao
raki yata ramen,RAKI-YATA RAMEN,sm,sm-cdo-downtown,SM CDO Downtown Premier,mindanao
ramen naijiro,RAMEN NAIJIRO,robinsons,robinsons-ilocos,Robinsons Place Ilocos,north-luzon
ramen bari uma,RAMEN BARI-UMA,sm,sm-city-fairview,SM City Fairview,metro-manila
ramen nagi to go,Ramen Nagi To-Go,robinsons,robinsons-antipolo,Robinsons Place Antipolo,metro-manila
supreme hotdogs,SUPREME HOTDOGS,sm,sm-city-north-edsa,SM City North Edsa,metro-manila
supreme tactical shop,SUPREME TACTICAL SHOP,sm,sm-lanang,SM Lanang,mindanao
sure vision,Sure Vision,robinsons,robinsons-imus,Robinsons Place Imus,south-luzon
sure vision optical,SURE VISION OPTICAL,waltermart,taytay,WalterMart Taytay,metro-manila
surefix,Surefix,robinsons,robinsons-antipolo,Robinsons Place Antipolo,metro-manila
ramen keisuke tori king,RAMEN KEISUKE TORI KING,sm,smdc-fame-mall,SMDC Fame Mall,smdc
ramen ibuki,Ramen Ibuki,megaworld,uptown-parade,Uptown Parade,
surefix gadget repair center,Surefix Gadget Repair Center,waltermart,antipolo,WalterMart Antipolo,metro-manila
ramen bari uma jr,RAMEN BARI-UMA JR,sm,sm-city-consolacion,SM City Consolacion,visayas
surge fitness gym,SURGE FITNESS GYM,sm,smdc-mplace-mall,SMDC Mplace Mall,smdc
surge fitness lifestyle,Surge Fitness + Lifestyle,filinvest,festival-mall,Festival Mall,metro-manila
raki yata ramen house,RAKI-YATA RAMEN HOUSE,ayala,ayala-centrio,Centrio Mall,mindanao
ramboys,RAMBOYS,sm,sm-city-iloilo,SM City Iloilo,visayas
ramar ticketing,RAMAR TICKETING,robinsons,robinsons-dumaguete,Robinsons Place Dumaguete,visayas
surya int l trading corp,Surya Int\'l Trading Corp.,gmall,gmall-of-digos,GMall of Digos,mindanao
ralph sports,Ralph Sports,ortigas,greenhills,Greenhills,metro-manila
ral party time,Ral Party Time,gmall,gmall-of-davao,GMall of Davao,mindanao
rakuzen food house,RAKUZEN FOOD HOUSE,robinsons,robinsons-malolos,Robinsons Place Malolos,north-luzon
rakso air travel & tours,Rakso Air Travel & Tours,robinsons,robinsons-cybergate-davao,Robinsons Cybergate Davao,mindanao
susan canteen norhaimen telecom shop,SUSAN CANTEEN NORHAIMEN TELECOM SHOP,xentro,tanay-town-center,Tanay Town Center,
rakshionista,RAKSHIONISTA,robinsons,robinsons-butuan,Robinsons Place Butuan,mindanao
raks power exhibit junaina slippers,RAK'S POWER EXHIBIT (MTC ABSORB TENANT) JUNAINA SLIPPERS,xentro,montalban-town-center,Montalban Town Center,
rakimah,Rakimah,ortigas,greenhills,Greenhills,metro-manila
rds trendy 2024,RDS TRENDY 2024,robinsons,robinsons-ilocos,Robinsons Place Ilocos,north-luzon
rds tru,RDS TRU,robinsons,robinsons-pagadian,Robinsons Pagadian,mindanao
re find,Re-find,filinvest,festival-mall,Festival Mall,metro-manila
suds go hydro core water filling station,SUDS GO HYDRO CORE WATER FILLING STATION,sm,smdc-sun-mall,SMDC Sun Mall,smdc
styles n smiles salon,Styles N Smiles Salon,robinsons,robinsons-iloilo,Robinsons Place Iloilo,visayas
religioso,RELIGIOSO,ayala,ayala-greenbelt,Greenbelt,metro-manila
reli tours & travel company,RELI TOURS & TRAVEL COMPANY,robinsons,robinsons-galleria-ortigas,Robinsons Galleria,metro-manila
suarez bros,SUAREZ BROS,sm,sm-city-cebu,SM City Cebu,visayas
suarez sons metal artsjewelry,SUAREZ SONS METAL ARTSJEWELRY,sm,sm-city-mindpro,SM City Mindpro,mindanao
relaxia massage center,RELAXIA MASSAGE CENTER,robinsons,robinsons-tuguegarao,Robinsons Place Tuguegarao,north-luzon
relaxia 9959233806,Relaxia 9959233806,robinsons,robinsons-santiago,Robinsons Place Santiago,north-luzon
sucheri,Sucheri,ortigas,greenhills,Greenhills,metro-manila
relaxant shades of blonde,RELAXANT SHADES OF BLONDE,sm,sm-cherry-shaw,SM Center Shaw,metro-manila
relax haven,RELAX HAVEN,robinsons,robinsons-metro-east,Robinsons Metro East,metro-manila
reinberry,REINBERRY,sm,sm-city-lucena,SM City Lucena,south-luzon
rehabwise pain and mobility clinic,REHABWISE PAIN AND MOBILITY CLINIC,sm,sm-city-north-edsa,SM City North Edsa,metro-manila
styles asia home,Styles Asia Home,ortigas,estancia,Estancia,metro-manila
regus,REGUS,sm,sm-cdo-downtown,SM CDO Downtown Premier,mindanao
regenix aesthetic wellness centre,REGENIX AESTHETIC WELLNESS CENTRE,robinsons,robinsons-novaliches,Robinsons Novaliches,metro-manila
regenesis,Regenesis,filinvest,festival-mall,Festival Mall,metro-manila
regatta 7720 9629,Regatta 7720-9629 (TEMPORARILY CLOSED),robinsons,robinsons-magnolia,Robinsons Magnolia,metro-manila
sugar daddy,SUGAR DADDY,sm,sm-city-pampanga,SM City Pampanga,north-luzon
sugar panda,Sugar Panda,gmall,gmall-of-davao,GMall of Davao,mindanao
sugar plum,Sugar Plum,gmall,gmall-of-davao,GMall of Davao,mindanao
reformer revolution,Reformer Revolution,megaworld,mckinley-west,McKinley West,
sugarcane beyond,SUGARCANE BEYOND,sm,sm-city-baguio,SM City Baguio,north-luzon
redteck inc,Redteck Inc,robinsons,robinsons-lipa,Robinsons Place Lipa,south-luzon
redtech ronyels cellphone and accessories,REDTECH RONYEL'S CELLPHONE AND ACCESSORIES,xentro,xentro-mall-lemery,XentroMall Lemery,
relojes mundo,RELOJES MUNDO,ayala,ayala-the-30th,Ayala Malls The 30th,metro-manila
style venue,Style Venue,gmall,gmall-of-davao,GMall of Davao,mindanao
re jewerly store,RE Jewerly STore,robinsons,robinsons-jaro,Robinsons Place Jaro,visayas
repair me,Repair Me,robinsons,robinsons-la-union,Robinsons Place La Union,north-luzon
reshienel,Reshienel,robinsons,robinsons-novaliches,Robinsons Novaliches,metro-manila
reshape,RESHAPE,ayala,ayala-circuit,Ayala Malls Circuit,metro-manila
studio 28,Studio 28,megaworld,uptown-parade,Uptown Parade,
reserve,Reserve,megaworld,forbes-town,Forbes Town,
res toe run 8282 2220,Res Toe Run 8282-2220,robinsons,robinsons-magnolia,Robinsons Magnolia,metro-manila
studio ceremonie,STUDIO CEREMONIE,sm,the-podium,The Podium,metro-manila
res,Res|Toe|Run,fishermall,quezonave,Fisher Mall Quezon Avenue,metro-manila
studio fix,STUDIO FIX,ayala,ayala-greenbelt,Greenbelt,metro-manila
studio m salon and spa,STUDIO M SALON AND SPA,ayala,ayala-marquee,MarQuee Mall,north-luzon
study,The Study,megaworld,venice-grand-canal-mall,Venice Grand Canal Mall,
repertory philippines,Repertory Philippines,megaworld,eastwood-city-walk,Eastwood City Walk,
study enderun tutorial and language center,THE STUDY ENDERUN TUTORIAL AND LANGUAGE CENTER,sm,the-podium,The Podium,metro-manila
style n comfort,STYLE N' COMFORT,araneta,farmers-plaza,Farmers Plaza,metro-manila
study of enderun,Study of Enderun,ortigas,estancia,Estancia,metro-manila
repair advise,Repair Advise,ortigas,greenhills,Greenhills,metro-manila
renovar wellness,Renovar Wellness,filinvest,festival-mall,Festival Mall,metro-manila
study room,Study Room,filinvest,festival-mall,Festival Mall,metro-manila
renergy dermspa,RENERGY DERMSPA,ayala,ayala-serendra,Shops at Serendra,metro-manila
stuff toys,STUFF TOYS,xentro,balagtas-town-center,Balagtas Town Center,
reneelen,Reneelen,ortigas,greenhills,Greenhills,metro-manila
rene mouris,RENE MOURIS,sm,sm-lanang,SM Lanang,mindanao
renaissance art gallery,RENAISSANCE ART GALLERY,sm,sm-megamall,SM Megamall,metro-manila
remnants thrift shop,REMNANTS THRIFT SHOP,araneta,ali-mall,Ali Mall,metro-manila
style hunter boutique,STYLE HUNTER BOUTIQUE,ayala,ayala-market-market,Market! Market!,metro-manila
redtech,REDTECH,sm,sm-city-clark,SM City Clark,north-luzon
redsas flower shop,REDSA'S FLOWER SHOP,ayala,ayala-market-market,Market! Market!,metro-manila
redragon,REDRAGON,sm,sm-city-north-edsa,SM City North Edsa,metro-manila
recess,RECESS (INSIDE MAISONETTE),robinsons,opus,Opus Mall,metro-manila
red crab alimango house,The Red Crab Alimango House,megaworld,newport-city,Newport City,
red crab,The Red Crab,megaworld,uptown-mall,Uptown Mall,
red corner burger cafe,RED CORNER BURGER CAFE,sm,sm-lanang,SM Lanang,mindanao
red corner,Red Corner,gmall,gmall-of-davao,GMall of Davao,mindanao
red clay,RED CLAY,sm,sm-megamall,SM Megamall,metro-manila
suman latik & native delicacies,SUMAN LATIK & NATIVE DELICACIES,ayala,ayala-market-market,Market! Market!,metro-manila
summer house,Summer House,megaworld,festive-walk-mall-iloilo,Festive Walk Mall,
summit world,SUMMIT WORLD,sm,sm-city-mindpro,SM City Mindpro,mindanao
sumo niku unlimited japanese barbecue,SUMO NIKU UNLIMITED JAPANESE BARBECUE,sm,sm-city-baliwag,SM City Baliwag,north-luzon
recoverylimjoe lemony juice station,RecoveryLIMJOE LEMONY JUICE STATION,sm,sm-city-bicutan,SM City Bicutan,metro-manila
reclaim health care administrative services corporation,RECLAIM HEALTH CARE ADMINISTRATIVE SERVICES CORPORATION,sm,sm-city-olongapo-downtown,SM City Olongapo Downtown,north-luzon
sumo takuyaki,Sumo Takuyaki,gmall,gmall-of-digos,GMall of Digos,mindanao
redline 3,REDLINE 3,xentro,balagtas-town-center,Balagtas Town Center,
reame,REAME,robinsons,robinsons-butuan,Robinsons Place Butuan,mindanao
realme service center,REALME SERVICE CENTER,sm,sm-center-pulilan,SM Center Pulilan,north-luzon
sun cellular the sun shop,Sun Cellular - The Sun Shop,gmall,gmall-of-davao,GMall of Davao,mindanao
realme concept store,REALME CONCEPT STORE,sm,sm-center-pulilan,SM Center Pulilan,north-luzon
sun life of canada,SUN LIFE OF CANADA,ayala,ayala-solenad,Ayala Malls Nuvali,south-luzon
realme 0917 123 4115,REALME 0917-123-4115,robinsons,robinsons-pangasinan,Robinsons Place Pangasinan,north-luzon
sun money changer,Sun Money Changer,robinsons,robinsons-manila,Robinsons Place Manila,metro-manila
sunburst,Sunburst,robinsons,robinsons-galleria-cebu,Robinsons Galleria Cebu,visayas
real me service center,Real Me Service Center,robinsons,robinsons-jaro,Robinsons Place Jaro,visayas
sunglass haven 9177003700,Sunglass Haven 9177003700,robinsons,robinsons-magnolia,Robinsons Magnolia,metro-manila
ready set relax,READY-SET-RELAX,robinsons,robinsons-las-pinas,Robinsons Place Las Pinas,metro-manila
red dot,RED DOT,robinsons,robinsons-pangasinan,Robinsons Place Pangasinan,north-luzon
suki ya,SUKI-YA,ayala,ayala-manila-bay,Ayala Malls Manila Bay,metro-manila
suki gyouza,SUKI-GYOUZA,ayala,ayala-cloverleaf,Ayala Malls Cloverleaf,metro-manila
red green pepper mexican grill,RED GREEN PEPPER MEXICAN GRILL,sm,sm-city-baguio,SM City Baguio,north-luzon
sugarmunch,Sugarmunch,gmall,gmall-of-tagum,GMall of Tagum,mindanao
redhee gentext telecom,REDHEE GENTEXT TELECOM,sm,sm-city-clark,SM City Clark,north-luzon
sugbahan,Sugbahan,robinsons,robinsons-fuente,Robinsons Fuente,visayas
redbucks coffee shake,REDBUCK'S COFFEE SHAKE,xentro,balagtas-town-center,Balagtas Town Center,
red trendy,Red Trendy,robinsons,robinsons-imus,Robinsons Place Imus,south-luzon
red table,RED TABLE,sm,sm-city-san-lazaro,SM City San Lazaro,metro-manila
sugbahan 0943 802 4476,SUGBAHAN 0943-802-4476,robinsons,robinsons-cybergate-cebu,Robinsons Cybergate Cebu,visayas
red robin kitchen,Red Robin Kitchen,megaworld,eastwood-mall,Eastwood Mall,
sugbahan food corner,SUGBAHAN FOOD CORNER,ayala,ayala-malls-central-bloc,Ayala Malls Central Bloc,visayas
red ribbon foss coffee,Red Ribbon FOSS COFFEE,xentro,xentro-mall-calapan,XentroMall Calapan,
red ribbon bakeshop inc,"RED RIBBON BAKESHOP, INC",starmall,san-jose-del-monte,Starmall San Jose del Monte,north-luzon
red ribbon bakeshop,RED RIBBON BAKESHOP,robinsons,robinsons-manila,Robinsons Place Manila,metro-manila
suhailas cellphone accessories,Suhaila's Cellphone Accessories,robinsons,robinsons-jaro,Robinsons Place Jaro,visayas
red ribbon 9688515256,Red Ribbon 9688515256,robinsons,robinsons-magnolia,Robinsons Magnolia,metro-manila
suisse cakery,SUISSE CAKERY,robinsons,robinsons-iloilo,Robinsons Place Iloilo,visayas
red monster shop,Red Monster Shop,araneta,gateway-mall,Gateway Mall,metro-manila
red manila,Red Manila,megaworld,forbes-town,Forbes Town,
suki,Suki,ortigas,greenhills,Greenhills,metro-manila
red lotus,RED LOTUS,robinsons,opus,Opus Mall,metro-manila
red house taiwan shabu shabu,Red House Taiwan Shabu-shabu,filinvest,festival-mall,Festival Mall,metro-manila
red hen restaurant,Red Hen Restaurant,robinsons,robinsons-antique,Robinsons Place Antique,visayas
red hen,Red Hen,megaworld,festive-walk-parade,Festive Walk Parade,
red hat donut,RED HAT DONUT,sm,sm-city-marilao,SM City Marilao,north-luzon
ra digital by robinsons appliances,RA DIGITAL BY ROBINSONS APPLIANCES,robinsons,robinsons-antipolo,Robinsons Place Antipolo,metro-manila
ra beauty touch facial spa center,RA BEAUTY TOUCH FACIAL SPA CENTER,sm,sm-city-daet,SM City Daet,south-luzon
pretty needs,PRETTY NEEDS,xentro,xentro-mall-roxas,XentroMall Roxas,
takoyaki sensei,Takoyaki Sensei ( TEMPORARILY CLOSED ),robinsons,robinsons-bacolod,Robinsons Place Bacolod,visayas
tako kaizen,TAKO KAIZEN,robinsons,robinsons-metro-east,Robinsons Metro East,metro-manila
tako ramen,TAKO RAMEN,robinsons,robinsons-sta-rosa,Robinsons Sta. Rosa,south-luzon
puffys hk egg waffle,PUFFYS HK EGG WAFFLE,sm,sm-lanang,SM Lanang,mindanao
puff and plug vape shop,Puff and Plug Vape Shop,megaworld,greenhouse-village-square,The Greenhouse at Village Square,
takoyadon prime,TAKOYADON PRIME,sm,sm-city-legazpi,SM City Legazpi,south-luzon
takoyadon temporarily closed,TAKOYADON TEMPORARILY CLOSED,robinsons,robinsons-manila,Robinsons Place Manila,metro-manila
puerto electronico,PUERTO ELECTRONICO,sm,sm-city-puerto-princesa,SM City Puerto Princesa,south-luzon
takoyaki ban chan,Takoyaki Ban Chan,fishermall,quezonave,Fisher Mall Quezon Avenue,metro-manila
pub express,PUB EXPRESS,sm,sm-city-iloilo,SM City Iloilo,visayas
psbank atm,PSBank ATM,megaworld,lucky-chinatown-prosperity-wing,Lucky Chinatown - Prosperity Wing,
takoyaki lab 0931 979 8807,TAKOYAKI LAB 0931-979-8807,robinsons,robinsons-pangasinan,Robinsons Place Pangasinan,north-luzon
takoyaki taste,TAKOYAKI TASTE,robinsons,robinsons-tuguegarao,Robinsons Place Tuguegarao,north-luzon
tako bros,Tako Bros,waltermart,the-junction,WalterMart The Junction,metro-manila
psalm diagnostic center,Psalm Diagnostic Center,robinsons,robinsons-galleria-cebu,Robinsons Galleria Cebu,visayas
psa philsys natl id registration,PSA PHILSYS NAT'L ID REGISTRATION,robinsons,robinsons-naga,Robinsons Place Naga,south-luzon
takoyakings,TAKOYAKINGS,sm,sm-city-lipa,SM City Lipa,south-luzon
takuyaki,Takuyaki,robinsons,robinsons-dumaguete,Robinsons Place Dumaguete,visayas
takuyaki go,TAKUYAKI GO,robinsons,robinsons-tagum,Robinsons Place Tagum,mindanao
takuyaki japanese food,Takuyaki Japanese Food,robinsons,robinsons-galleria-cebu,Robinsons Galleria Cebu,visayas
talk a tees,Talk A Tees,gmall,gmall-of-davao,GMall of Davao,mindanao
tamago,Tamago,megaworld,festive-walk-mall-iloilo,Festive Walk Mall,
tambilawan kamayan restaurant,Tambilawan Kamayan Restaurant,robinsons,robinsons-gen-san,Robinsons Place GenSan,mindanao
prudential guarantee and assurance inc,PRUDENTIAL GUARANTEE AND ASSURANCE INC,sm,sm-seaside-city-cebu,SM Seaside City Cebu,visayas
proxpert,PROXPERT,sm,sm-city-puerto-princesa,SM City Puerto Princesa,south-luzon
tako depot,TAKO DEPOT,ayala,ayala-feliz,Ayala Malls Feliz,metro-manila
takkra,TAKKRA,robinsons,robinsons-ilocos,Robinsons Place Ilocos,north-luzon
tamoya udon,Tamoya Udon,ortigas,greenhills,Greenhills,metro-manila
purple groom petshop,The Purple Groom Petshop,ortigas,tiendesitas,Tiendesitas,metro-manila
py,PY,robinsons,robinsons-manila,Robinsons Place Manila,metro-manila
tactics water gear 9178887849,Tactics Water Gear 9178887849,robinsons,robinsons-iligan,Robinsons Place Iligan,mindanao
putien,PUTIEN,sm,the-podium,The Podium,metro-manila
purplebox technologies inc,PURPLEBOX TECHNOLOGIES INC.,ayala,ayala-harbor-point,Harbor Point,north-luzon
purple yam homemade cakes and pastries,PURPLE YAM HOMEMADE CAKES AND PASTRIES,sm,sm-city-davao,SM City Davao,mindanao
tadakuma,TADAKUMA,sm,sm-city-cagayan-de-oro,SM City CDO Uptown,mindanao
tadzmaki sushi restaurant,TADZMAKI SUSHI RESTAURANT,sm,sm-city-puerto-princesa,SM City Puerto Princesa,south-luzon
tagoros abuhan,Tagoro's Abuhan,robinsons,robinsons-valencia,Robinsons Place Valencia,mindanao
taguig crocheters,Taguig Crocheters,megaworld,venice-grand-canal-mall,Venice Grand Canal Mall,
tah mee 0968 449 0361 temporarily closed,TAH MEE 0968 449 0361 TEMPORARILY CLOSED,robinsons,robinsons-magnolia,Robinsons Magnolia,metro-manila
taho manila,TAHO MANILA,sm,sm-mall-of-asia,SM Mall of Asia,metro-manila
purple groom pet salon,The Purple Groom Pet Salon,megaworld,california-garden-square,California Garden Square,
takeme coffee,TAKEME COFFEE,sm,sm-city-san-pablo,SM City San Pablo,south-luzon
taho ni mang andres,TAHO NI MANG ANDRES,sm,sm-city-davao,SM City Davao,mindanao
purefoods tj hotdogs,Purefoods TJ Hotdogs,robinsons,robinsons-tacloban,Robinsons Place Tacloban,visayas
taho soy avenue,TAHO SOY AVENUE,sm,sm-city-pampanga,SM City Pampanga,north-luzon
tai koo hk roast,TAI KOO HK ROAST,sm,the-podium,The Podium,metro-manila
purefoods tender juicy,PUREFOODS TENDER JUICY,robinsons,robinsons-valencia,Robinsons Place Valencia,mindanao
taiyen,Taiyen,ortigas,greenhills,Greenhills,metro-manila
pure lemon,PURE LEMON,xentro,sta-ana-public-market,Sta Ana Public Market,
pupsi ultrasound & lab,PUPSI ULTRASOUND & LAB,ayala,ayala-market-market,Market! Market!,metro-manila
punong bayan,Punong Bayan,robinsons,robinsons-dasmarinas,Robinsons Place Dasmarinas,south-luzon
punch out,Punch Out,ortigas,greenhills,Greenhills,metro-manila
taj,TAJ,sm,sm-city-lipa,SM City Lipa,south-luzon
tambunting pawnshop,Tambunting Pawnshop,waltermart,plaridel,WalterMart Plaridel,north-luzon
protect connect,PROTECT CONNECT,sm,sm-city-masinag,SM City Masinag,metro-manila
r&n trading,R&N Trading,robinsons,robinsons-imus,Robinsons Place Imus,south-luzon
tata ones,Tata Ones,gmall,gmall-of-davao,GMall of Davao,mindanao
tartufo ristorante,TARTUFO RISTORANTE,ayala,ayala-greenbelt,Greenbelt,metro-manila
tasa barbershop,Tasa Barbershop,ortigas,greenhills,Greenhills,metro-manila
taste & tell,Taste & Tell,ortigas,greenhills,Greenhills,metro-manila
princegadgets marketing cellphone,Princegadgets Marketing Cellphone,araneta,farmers-plaza,Farmers Plaza,metro-manila
primewell city,THE PRIMEWELL CITY,sm,sm-city-marilao,SM City Marilao,north-luzon
primetime,Primetime,robinsons,robinsons-naga,Robinsons Place Naga,south-luzon
primesteak house,PRIMESTEAK HOUSE,robinsons,robinsons-antipolo,Robinsons Place Antipolo,metro-manila
primeros sizzling steaks,PRIMEROS SIZZLING STEAKS,sm,sm-city-baguio,SM City Baguio,north-luzon
primera jewelry,PRIMERA JEWELRY,ayala,ayala-market-market,Market! Market!,metro-manila
tasty habit,Tasty Habit,ortigas,estancia,Estancia,metro-manila
tasty treats,Tasty Treats,gmall,gmall-of-tagum,GMall of Tagum,mindanao
tatays inato,Tatay's Inato,robinsons,robinsons-butuan,Robinsons Place Butuan,mindanao
tarsier fried food,Tarsier Fried Food,ortigas,greenhills,Greenhills,metro-manila
prime key,PRIME KEY,sm,smdc-strip-at-sea,SMDC Strip at Sea,smdc
tater s,Tater\'s,gmall,gmall-of-davao,GMall of Davao,mindanao
prime care,PRIME CARE,sm,sm-city-bicutan,SM City Bicutan,metro-manila
prima medica health clinic,PRIMA MEDICA HEALTH CLINIC,sm,sm-city-sucat,SM City Sucat,metro-manila
prima gold,PRIMA GOLD,robinsons,robinsons-manila,Robinsons Place Manila,metro-manila
prettyvibe,PRETTYVIBE,robinsons,robinsons-sta-rosa,Robinsons Sta. Rosa,south-luzon
prettylooks,Prettylooks,megaworld,uptown-parade,Uptown Parade,
pretty woman house of fashion minigem,PRETTY WOMAN HOUSE OF FASHION MINIGEM (42),xentro,montalban-town-center,Montalban Town Center,
taters kiosk,Tater's Kiosk,robinsons,robinsons-tacloban,Robinsons Place Tacloban,visayas
tavolata,TAVOLATA,ayala,ayala-center-cebu,Ayala Center Cebu,visayas
pretty nest,Pretty Nest,robinsons,robinsons-novaliches,Robinsons Novaliches,metro-manila
princess diaries,Princess\' Diaries,gmall,gmall-of-tagum,GMall of Tagum,mindanao
tarlac electric inc,TARLAC ELECTRIC INC,sm,sm-city-tarlac,SM City Tarlac,north-luzon
tan dermatology center for asia,TAN DERMATOLOGY CENTER FOR ASIA,sm,sm-city-fairview,SM City Fairview,metro-manila
profile dental,Profile Dental,robinsons,robinsons-metro-east,Robinsons Metro East,metro-manila
protagonist cafe and cocktail lounge,Protagonist Cafe and Cocktail Lounge,megaworld,festive-walk-parade,Festive Walk Parade,
proposed mang inasal,Proposed Mang Inasal,xentro,xentro-mall-tumauini,XentroMall Tumauini,
tan yan shi fu,TAN YAN SHI FU,sm,smdc-strip-at-shore,SMDC Strip at Shore,smdc
tandoor by rich,TANDOOR BY RICH,sm,sm-mall-of-asia,SM Mall of Asia,metro-manila
promate technologies,PROMATE TECHNOLOGIES,sm,sm-city-north-edsa,SM City North Edsa,metro-manila
promate,PROMATE,robinsons,robinsons-pagadian,Robinsons Pagadian,mindanao
tanyas hopia,Tanyas Hopia,gmall,gmall-of-tagum,GMall of Tagum,mindanao
tao yuan,Tao Yuan,megaworld,newport-city,Newport City,
tapang realty,Tapang Realty,robinsons,robinsons-angeles,Robinsons Angeles,north-luzon
progressive orthodontics,PROGRESSIVE ORTHODONTICS,sm,sm-megamall,SM Megamall,metro-manila
progear timepieces center,PROGEAR TIMEPIECES CENTER,sm,sm-city-sucat,SM City Sucat,metro-manila
professional regulation commission,PROFESSIONAL REGULATION COMMISSION (PRC),robinsons,robinsons-manila,Robinsons Place Manila,metro-manila
princess han playground grand entertainment and quality recreation,PRINCESS HAN (HADJA COLLEC.) PLAYGROUND /Grand Entertainment and Quality Recreation,xentro,montalban-town-center,Montalban Town Center,
procare cellphone accessories,PROCARE CELLPHONE ACCESSORIES,sm,sm-city-sta-mesa,SM City Sta. Mesa,metro-manila
pro parking,Pro Parking,robinsons,robinsons-otis,Robinsons Otis,metro-manila
pro gear,Pro Gear,waltermart,caloocan,WalterMart Caloocan,metro-manila
tappil flowers,TAPPIL FLOWERS,sm,sm-city-mindpro,SM City Mindpro,mindanao
pro ech,PRO+ECH,sm,sm-city-clark,SM City Clark,north-luzon
tapsihan,TAPSIHAN,xentro,morong-centerpoint,Morong Centerpoint,
privon patiserrie,PRIVON PATISERRIE,sm,sm-city-san-lazaro,SM City San Lazaro,metro-manila
tapsihan sa mtc avenue,TAPSIHAN SA MTC AVENUE,xentro,montalban-town-center,Montalban Town Center,
taqueria chupacabra,TAQUERIA CHUPACABRA,sm,sm-city-clark,SM City Clark,north-luzon
printemps,PRINTEMPS,sm,sm-megamall,SM Megamall,metro-manila
print layout,Print Layout,robinsons,robinsons-malolos,Robinsons Place Malolos,north-luzon
tactics bag,Tactics Bag,robinsons,robinsons-north-tacloban,Robinsons North Tacloban,visayas
tactics,Tactics,robinsons,robinsons-tacloban,Robinsons Place Tacloban,visayas
pyt,PYT,robinsons,robinsons-galleria-ortigas,Robinsons Galleria,metro-manila
sweet spot,THE SWEET SPOT,robinsons,robinsons-tuguegarao,Robinsons Place Tuguegarao,north-luzon
quinos cafe,QUINOS CAFE,sm,sm-city-bacolod,SM City Bacolod,visayas
quinon ticketing services,Quiñon Ticketing Services,robinsons,robinsons-palawan,Robinsons Place Palawan,south-luzon
quinns cake,Quinn's Cake,robinsons,robinsons-sta-rosa,Robinsons Sta. Rosa,south-luzon
quikstop 0923 903 0594,QUIKSTOP 0923-903-0594,robinsons,robinsons-cybergate-cebu,Robinsons Cybergate Cebu,visayas
quikstop,Quikstop,robinsons,robinsons-galleria-cebu,Robinsons Galleria Cebu,visayas
sweet ideas,SWEET IDEAS,sm,sm-mall-of-asia,SM Mall of Asia,metro-manila
sweet leaf bubble tea cafe,Sweet Leaf Bubble Tea Café,gmall,gmall-of-digos,GMall of Digos,mindanao
sweet lemon,Sweet Lemon,robinsons,robinsons-gentrias,Robinsons Place Gen. Trias,south-luzon
quickstop,Quickstop,robinsons,robinsons-cybergate-cebu,Robinsons Cybergate Cebu,visayas
quickpeek,QUICKPEEK,robinsons,robinsons-santiago,Robinsons Place Santiago,north-luzon
sweet scape salon spa aesthetic center,SWEET SCAPE SALON SPA AESTHETIC CENTER,sm,sm-center-lemery,SM Center Lemery,south-luzon
quickly refreshment,Quickly Refreshment,robinsons,robinsons-antipolo,Robinsons Place Antipolo,metro-manila
quinque,QUINQUE,sm,sm-lanang,SM Lanang,mindanao
quickly 0950 823 3174,QUICKLY 0950-823-3174,robinsons,robinsons-cybergate-cebu,Robinsons Cybergate Cebu,visayas
sweet stems flowershop,SWEET STEMS FLOWERSHOP,sm,sm-city-tarlac,SM City Tarlac,north-luzon
sweet taste buds,SWEET TASTE BUDS,robinsons,robinsons-tagum,Robinsons Place Tagum,mindanao
quickline micro,QUICKLINE MICRO,sm,sm-megamall,SM Megamall,metro-manila
sweet things,SWEET THINGS,sm,sm-city-cagayan-de-oro,SM City CDO Uptown,mindanao
quicklean laundry,QUICKLEAN LAUNDRY,sm,smdc-breeze-mall,SMDC Breeze Mall,smdc
sweet things cakes and cups,SWEET THINGS CAKES AND CUPS,ayala,ayala-centrio,Centrio Mall,mindanao
quick peek studio,QUICK PEEK STUDIO,robinsons,robinsons-tuguegarao,Robinsons Place Tuguegarao,north-luzon
quezon city government city treasurers office,QUEZON CITY GOVERNMENT CITY TREASURERS OFFICE,sm,sm-city-north-edsa,SM City North Edsa,metro-manila
quezon city business centre,QUEZON CITY BUSINESS CENTRE (OPEN),robinsons,robinsons-galleria-ortigas,Robinsons Galleria,metro-manila
quezon city business center 9189430200,QUEZON CITY BUSINESS CENTER 9189430200,robinsons,robinsons-magnolia,Robinsons Magnolia,metro-manila
sweet escakes,SWEET ESCAKES,sm,sm-city-baliwag,SM City Baliwag,north-luzon
sweet ecstasy,SWEET ECSTASY,sm,nu-mall-of-asia-building,NU MALL OF ASIA BUILDING,metro-manila
tactical corner,TACTICAL CORNER,araneta,ali-mall,Ali Mall,metro-manila
r l ponti dental,R L PONTI DENTAL,sm,sm-city-masinag,SM City Masinag,metro-manila
r&j diamonds in style jewelry co,R&J Diamonds In Style Jewelry Co.,robinsons,robinsons-iloilo,Robinsons Place Iloilo,visayas
r&c motors,R&C MOTORS,waltermart,arayat,WalterMart Arayat,north-luzon
susies cuisine,SUSIES CUISINE,sm,sm-city-clark,SM City Clark,north-luzon
r star white dental clinic,R Star White Dental Clinic,robinsons,robinsons-galleria-cebu,Robinsons Galleria Cebu,visayas
r sarabia optical,R SARABIA OPTICAL,sm,sm-cherry-antipolo,SM Center Antipolo Downtown,metro-manila
svy domingo,Svy Domingo,ortigas,greenhills,Greenhills,metro-manila
sweet aroma bakeshop,Sweet Aroma Bakeshop,gmall,gmall-of-davao,GMall of Davao,mindanao
r n r beauty products,R N R BEAUTY PRODUCTS,robinsons,robinsons-palawan,Robinsons Place Palawan,south-luzon
sweet aroma bakeshoppe,Sweet Aroma Bakeshoppe,gmall,gmall-of-toril,GMall of Toril,mindanao
sweet blossoms,SWEET BLOSSOMS,sm,sm-city-baguio,SM City Baguio,north-luzon
r lapids,R. LAPIDS,robinsons,robinsons-galleria-ortigas,Robinsons Galleria,metro-manila
sweet buds,SWEET BUDS,sm,sm-city-consolacion,SM City Consolacion,visayas
qv salon,QV Salon,robinsons,robinsons-galleria-ortigas,Robinsons Galleria,metro-manila
r florete,R FLORETE,sm,sm-city-iloilo,SM City Iloilo,visayas
r e jewelry shop,R E JEWELRY SHOP (NEW),robinsons,robinsons-iloilo,Robinsons Place Iloilo,visayas
r cayabyab dc musical instruments trading,R CAYABYAB DC MUSICAL INSTRUMENTS TRADING,sm,sm-center-ormoc,SM Center Ormoc,visayas
r appliance s,R APPLIANCE S,robinsons,robinsons-pagadian,Robinsons Pagadian,mindanao
sweet cloth,THE SWEET CLOTH,sm,sm-city-manila,SM City Manila,metro-manila
r a taho,R.A TAHO,robinsons,galleria-south,Robinsons Galleria South,south-luzon
sweet corner,SWEET CORNER,sm,sm-city-davao,SM City Davao,mindanao
sweet dentist,THE SWEET DENTIST,robinsons,robinsons-galleria-ortigas,Robinsons Galleria,metro-manila
sweet ecstacy,Sweet Ecstacy,ortigas,greenhills,Greenhills,metro-manila
r a d tattoo studio,R.A.D. TATTOO STUDIO,sm,sm-mall-of-asia,SM Mall of Asia,metro-manila
r,R,gmall,gmall-of-tagum,GMall of Tagum,mindanao
swim,Swim,ortigas,greenhills,Greenhills,metro-manila
swirl studio yogurt your style,SWIRL STUDIO YOGURT YOUR STYLE,sm,sm-city-fairview,SM City Fairview,metro-manila
queens toys & candy store,QUEEN'S TOYS & CANDY STORE,robinsons,robinsons-palawan,Robinsons Place Palawan,south-luzon
t mobile,T-Mobile,gmall,gmall-of-tagum,GMall of Tagum,mindanao
qcd technology,QCD Technology,robinsons,robinsons-galleria-ortigas,Robinsons Galleria,metro-manila
synchro 9650958478,Synchro 9650958478,robinsons,robinsons-dumaguete,Robinsons Place Dumaguete,visayas
qavalo 0917 506 6867,QAVALO 0917-506-6867,robinsons,robinsons-cybergate-cebu,Robinsons Cybergate Cebu,visayas
syncom,Syncom,ortigas,the-strip,The Strip,metro-manila
qatar visa center qvc,QATAR VISA CENTER QVC,sm,nu-mall-of-asia-building,NU MALL OF ASIA BUILDING,metro-manila
q2,Q2,gmall,gmall-of-davao,GMall of Davao,mindanao
q shop,Q-Shop,gmall,gmall-of-davao,GMall of Davao,mindanao
syncrho,SYNCRHO,robinsons,robinsons-antipolo,Robinsons Place Antipolo,metro-manila
t & j prime salon,T & J Prime Salon,robinsons,robinsons-lipa,Robinsons Place Lipa,south-luzon
t bone king premium,T-Bone King Premium,megaworld,twin-lakes,Twin Lakes,
t m lewin,T.M. LEWIN,ayala,ayala-one-bonifacio-high-street,One Bonifacio High Street,metro-manila
ta ke ho me sushi stand,TA KE HO ME SUSHI STAND,sm,sm-city-north-edsa,SM City North Edsa,metro-manila
queen sweets,Queen Sweets,fishermall,malabon,Fisher Mall Malabon,metro-manila
q net mobile,Q Net Mobile,gmall,gmall-of-digos,GMall of Digos,mindanao
q linx,Q-LINX,sm,sm-city-tarlac,SM City Tarlac,north-luzon
tabas barbershop,Tabas Barbershop,ortigas,estancia,Estancia,metro-manila
tabas barbershop and haberdashery,TABAS BARBERSHOP AND HABERDASHERY,sm,sm-aura,SM Aura,metro-manila
q hub,Q-Hub,robinsons,robinsons-dasmarinas,Robinsons Place Dasmarinas,south-luzon
tabbs barbershop,Tabbs Barbershop,filinvest,festival-mall,Festival Mall,metro-manila
q dees philippines,Q-dees Philippines,megaworld,alabang-west-parade,Alabang West Parade,
q dees international preschool enrichment center,Q-DEES INTERNATIONAL PRESCHOOL ENRICHMENT CENTER,sm,the-podium,The Podium,metro-manila
q cell shop,Q Cell Shop,gmall,gmall-of-tagum,GMall of Tagum,mindanao
table tennis,Table Tennis,robinsons,robinsons-gapan,Robinsons Gapan,north-luzon
tablet world,Tablet World,gmall,gmall-of-davao,GMall of Davao,mindanao
qirin vape,QIRIN VAPE,robinsons,robinsons-otis,Robinsons Otis,metro-manila
sync,SYNC,sm,sm-city-naga,SM City Naga,south-luzon
qmx money changer,QMX Money Changer,robinsons,robinsons-galleria-ortigas,Robinsons Galleria,metro-manila
symphony by prestige,SYMPHONY BY PRESTIGE,sm,sm-mall-of-asia,SM Mall of Asia,metro-manila
swirls jr,Swirls Jr.,robinsons,robinsons-pavia,Robinsons Place Pavia,visayas
swiss baker,SWISS BAKER,sm,sm-city-baguio,SM City Baguio,north-luzon
queen mother,QUEEN MOTHER,fishermall,malabon,Fisher Mall Malabon,metro-manila
qube,QUBE,ayala,ayala-solenad,Ayala Malls Nuvali,south-luzon
quantum carousel 9178004531,Quantum Carousel 9178004531,robinsons,robinsons-santiago,Robinsons Place Santiago,north-luzon
quantum amusement,QUANTUM AMUSEMENT,robinsons,robinsons-pangasinan,Robinsons Place Pangasinan,north-luzon
swiss gear philip stein,SWISS GEAR PHILIP STEIN,sm,sm-lanang,SM Lanang,mindanao
quan native delicacies,QUAN NATIVE DELICACIES,ayala,ayala-capitol-central,Ayala Malls Capitol Central,visayas
switchmode advertising centre,Switchmode Advertising Centre,gmall,gmall-of-toril,GMall of Toril,mindanao
qualfon,Qualfon,robinsons,robinsons-otis,Robinsons Otis,metro-manila
quad b health services inc,QUAD B HEALTH SERVICES INC,sm,sm-city-daet,SM City Daet,south-luzon
qtickles,Qtickles,ortigas,greenhills,Greenhills,metro-manila
qsl,QSL,robinsons,robinsons-pangasinan,Robinsons Place Pangasinan,north-luzon
qsi perfume station,QSI PERFUME STATION,robinsons,robinsons-palawan,Robinsons Place Palawan,south-luzon
qq star depot,QQ STAR DEPOT,xentro,balagtas-town-center,Balagtas Town Center,
qq home depot,QQ HOME DEPOT,xentro,balagtas-town-center,Balagtas Town Center,
qq depot mobile arena,QQ Depot MOBILE ARENA,xentro,xentro-mall-calapan,XentroMall Calapan,
swt ave,SWT AVE,sm,sm-city-pampanga,SM City Pampanga,north-luzon
sylpauljoyce,SYLPAULJOYCE,araneta,ali-mall,Ali Mall,metro-manila
qnet,Qnet,gmall,gmall-of-toril,GMall of Toril,mindanao
qmx money changing services,QMX MONEY CHANGING SERVICES,ayala,ayala-feliz,Ayala Malls Feliz,metro-manila
symmetry lab,Symmetry Lab,robinsons,robinsons-manila,Robinsons Place Manila,metro-manila
symphony,SYMPHONY,sm,sm-seaside-city-cebu,SM Seaside City Cebu,visayas
sans rival 9234200285,Sans Rival 9234200285,robinsons,robinsons-magnolia,Robinsons Magnolia,metro-manila
0402 coffee,0402 Coffee,robinsons,robinsons-north-tacloban,Robinsons North Tacloban,visayas
minute fried,Minute Fried,robinsons,robinsons-galleria-cebu,Robinsons Galleria Cebu,visayas
coffee break premier,Coffee Break Premier,megaworld,festive-walk-mall-iloilo,Festive Walk Mall,
coffee dream,COFFEE DREAM,sm,sm-city-cebu,SM City Cebu,visayas
coffee for peace,COFFEE FOR PEACE,ayala,ayala-abreeza,Abreeza,mindanao
coffee guys coffee shop,COFFEE GUYS COFFEE SHOP,sm,sm-city-bacolod,SM City Bacolod,visayas
coffee lounge,THE COFFEE LOUNGE,sm,sm-city-rosales,SM City Rosales,north-luzon
coffee shop,The Coffee Shop,ortigas,estancia,Estancia,metro-manila
coffee spot,Coffee Spot,robinsons,robinsons-valencia,Robinsons Place Valencia,mindanao
coffeebreak nxt,Coffeebreak NXT,robinsons,robinsons-pavia,Robinsons Place Pavia,visayas
coi,COI,robinsons,robinsons-cybergate-cebu,Robinsons Cybergate Cebu,visayas
col financial philippines davao,Col Financial Philippines Davao,robinsons,robinsons-cybergate-davao,Robinsons Cybergate Davao,mindanao
cold cups,Cold Cups,robinsons,robinsons-jaro,Robinsons Place Jaro,visayas
cold layers,Cold Layers,fishermall,quezonave,Fisher Mall Quezon Avenue,metro-manila
cold plate rolled ice cream,COLD PLATE ROLLED ICE CREAM,sm,sm-city-puerto-princesa,SM City Puerto Princesa,south-luzon
cold zone,COLD ZONE,sm,sm-cdo-downtown,SM CDO Downtown Premier,mindanao
coldee coffee,Coldee Coffee,filinvest,main-square,Main Square,south-luzon
cole haan grandshop,COLE HAAN GRANDSHOP,sm,sm-city-north-edsa,SM City North Edsa,metro-manila
coffee but better,COFFEE BUT BETTER,sm,sm-cherry-antipolo,SM Center Antipolo Downtown,metro-manila
coffee break elite,Coffee Break Elite,megaworld,festive-walk-mall-iloilo,Festive Walk Mall,
collective base,Collective Base,ortigas,greenhills,Greenhills,metro-manila
coffee bean and tea leaf 0966 547 0005,THE COFFEE BEAN AND TEA LEAF 0966-547-0005,robinsons,robinsons-pangasinan,Robinsons Place Pangasinan,north-luzon
coach,COACH,ayala,ayala-greenbelt,Greenbelt,metro-manila
cobo tea beverages,COBO TEA BEVERAGES,sm,sm-mall-of-asia,SM Mall of Asia,metro-manila
cocktails md,Cocktails Md,filinvest,festival-mall,Festival Mall,metro-manila
coco circle,COCO CIRCLE,robinsons,robinsons-manila,Robinsons Place Manila,metro-manila
coco corner,COCO CORNER,sm,sm-city-olongapo-central,SM City Olongapo Central,north-luzon
coco life,COCO LIFE,robinsons,robinsons-galleria-ortigas,Robinsons Galleria,metro-manila
cocolicious,COCOLICIOUS,robinsons,robinsons-valencia,Robinsons Place Valencia,mindanao
coconut club and family & friends,COCONUT CLUB AND FAMILY & FRIENDS,ayala,ayala-bonifacio-high-street,Bonifacio High Street,metro-manila
coffee & pine,COFFEE & PINE,sm,sm-city-baguio,SM City Baguio,north-luzon
coffee academics 9209733716,THE COFFEE ACADEMICS 9209733716,robinsons,robinsons-magnolia,Robinsons Magnolia,metro-manila
coffee academics cafe,THE COFFEE ACADEMICS CAFE,sm,sm-megamall,SM Megamall,metro-manila
coffee and you coffee house,COFFEE AND YOU COFFEE HOUSE,sm,sm-city-clark,SM City Clark,north-luzon
coffee bay,COFFEE BAY,sm,sm-seaside-city-cebu,SM Seaside City Cebu,visayas
coffee bean,Coffee Bean,gmall,gmall-of-davao,GMall of Davao,mindanao
coffee bean & tea leaf 0917 848 2790,THE COFFEE BEAN & TEA LEAF 0917-848-2790,robinsons,robinsons-cybergate-cebu,Robinsons Cybergate Cebu,visayas
collage,COLLAGE,ayala,ayala-center-cebu,Ayala Center Cebu,visayas
colonial creamery,COLONIAL CREAMERY,sm,sm-city-naga,SM City Naga,south-luzon
candava,Candava,robinsons,robinsons-lipa,Robinsons Place Lipa,south-luzon
concept gaming hub,CONCEPT GAMING HUB,sm,sm-city-iloilo,SM City Iloilo,visayas
confetti glaze,Confetti Glaze,xentro,shopking,Shopking,
confluence health and wellness products,Confluence Health And Wellness Products,robinsons,robinsons-iloilo,Robinsons Place Iloilo,visayas
congo grille,CONGO GRILLE,sm,sm-mall-of-asia,SM Mall of Asia,metro-manila
connect pilates,Connect Pilates,ortigas,greenhills,Greenhills,metro-manila
conquer outdoor equipment,Conquer Outdoor Equipment,megaworld,venice-grand-canal-mall,Venice Grand Canal Mall,
conquest tech,Conquest Tech.,gmall,gmall-of-digos,GMall of Digos,mindanao
consuelos,CONSUELO'S,robinsons,robinsons-iloilo,Robinsons Place Iloilo,visayas
continkuous,CONTINKUOUS,sm,sm-city-marilao,SM City Marilao,north-luzon
contis island kiosk,CONTI'S ISLAND KIOSK,sm,sm-city-rosario,SM City Rosario,south-luzon
contis takeout nook,Conti's Takeout Nook,robinsons,robinsons-antipolo,Robinsons Place Antipolo,metro-manila
cook & coffee,COOK & COFFEE,ayala,ayala-manila-bay,Ayala Malls Manila Bay,metro-manila
cook coffee,COOK COFFEE,sm,the-podium,The Podium,metro-manila
cookpub,COOKPUB,sm,sm-city-mindpro,SM City Mindpro,mindanao
cool charm boutique,COOL CHARM BOUTIQUE (FITZWELL FASHION),xentro,balagtas-town-center,Balagtas Town Center,
cool vision,Cool Vision,robinsons,robinsons-ilocos,Robinsons Place Ilocos,north-luzon
concon,Concon,ortigas,greenhills,Greenhills,metro-manila
concentrix hub,CONCENTRIX HUB,robinsons,robinsons-galleria-ortigas,Robinsons Galleria,metro-manila
color me mine,Color Me Mine,megaworld,uptown-mall,Uptown Mall,
comworld,Comworld,gmall,gmall-of-davao,GMall of Davao,mindanao
color my hair,COLOR MY HAIR,sm,sm-megamall,SM Megamall,metro-manila
colorado photo,COLORADO PHOTO,sm,sm-city-pampanga,SM City Pampanga,north-luzon
colourette,COLOURETTE,sm,sm-city-north-edsa,SM City North Edsa,metro-manila
colours,Colours,gmall,gmall-of-davao,GMall of Davao,mindanao
combo de luxe,COMBO DE LUXE,robinsons,robinsons-tuguegarao,Robinsons Place Tuguegarao,north-luzon
comic oddysey,Comic Oddysey,robinsons,robinsons-galleria-ortigas,Robinsons Galleria,metro-manila
commatics,Commatics,filinvest,festival-mall,Festival Mall,metro-manila
comme des garcons,COMME DES GARCONS,ayala,ayala-greenbelt,Greenbelt,metro-manila
common room,COMMON ROOM,ayala,ayala-manila-bay,Ayala Malls Manila Bay,metro-manila
communicare therapy center,COMMUNICARE THERAPY CENTER,sm,sm-mall-of-asia,SM Mall of Asia,metro-manila
complex lifestyle,COMPLEX LIFESTYLE,robinsons,robinsons-gentrias,Robinsons Place Gen. Trias,south-luzon
comprehensive dermatology center,Comprehensive Dermatology Center,robinsons,robinsons-galleria-ortigas,Robinsons Galleria,metro-manila
computer kingdom,Computer Kingdom,gmall,gmall-of-tagum,GMall of Tagum,mindanao
comworks inc,Comworks Inc.,waltermart,makati,WalterMart Makati,metro-manila
comworks multibrand,Comworks-Multibrand,fishermall,quezonave,Fisher Mall Quezon Avenue,metro-manila
co limited,CO LIMITED,sm,sm-seaside-city-cebu,SM Seaside City Cebu,visayas
cnyna house of fashion,Cnyna House of Fashion,gmall,gmall-of-davao,GMall of Davao,mindanao
cna sjd beauty shop,CNA-SJD BEAUTY SHOP,starmall,san-jose-del-monte,Starmall San Jose del Monte,north-luzon
citrus pulp detox,CITRUS PULP DETOX,sm,sm-city-clark,SM City Clark,north-luzon
city buffet,CITY BUFFET,sm,sm-city-fairview,SM City Fairview,metro-manila
city cycle,City Cycle,megaworld,california-garden-square,California Garden Square,
city government of bacoor regional trial court,"City Government Of Bacoor Regional Trial Court (branch 114, 115, 116, 117, 118 And 119)",filinvest,main-square,Main Square,south-luzon
city government of taguig satellite office,CITY GOVERNMENT OF TAGUIG SATELLITE OFFICE,sm,sm-aura,SM Aura,metro-manila
city light,City Light,fishermall,quezonave,Fisher Mall Quezon Avenue,metro-manila
city md,City MD,robinsons,robinsons-bacolod,Robinsons Place Bacolod,visayas
city smiles,City Smiles,robinsons,robinsons-iloilo,Robinsons Place Iloilo,visayas
city smiles dental services,City Smiles Dental Services,robinsons,robinsons-bacolod,Robinsons Place Bacolod,visayas
city time,CITY TIME,sm,sm-city-fairview,SM City Fairview,metro-manila
city treasurers office,CITY TREASURER'S OFFICE,fishermall,quezonave,Fisher Mall Quezon Avenue,metro-manila
citybites laundry,Citybites Laundry,megaworld,california-garden-square,California Garden Square,
citycomputer,CITYCOMPUTER,robinsons,robinsons-valencia,Robinsons Place Valencia,mindanao
citydent dental specialty,CITYDENT DENTAL SPECIALTY,sm,sm-city-cebu,SM City Cebu,visayas
civet coffee roasters,THE CIVET COFFEE ROASTERS,sm,sm-city-cebu,SM City Cebu,visayas
civina healthline,Civina Healthline,robinsons,robinsons-palawan,Robinsons Place Palawan,south-luzon
city best dental clinic,CITY BEST DENTAL CLINIC,sm,sm-city-sta-mesa,SM City Sta. Mesa,metro-manila
citrus blend,Citrus Blend,waltermart,paniqui,WalterMart Paniqui,north-luzon
cmendoza food services,CMENDOZA FOOD SERVICES,xentro,ab-central,Ab Central,
citrus and shakes,CITRUS AND SHAKES,robinsons,robinsons-pangasinan,Robinsons Place Pangasinan,north-luzon
ciao mango,CIAO MANGO,robinsons,robinsons-malabon,Robinsons Town Mall Malabon,metro-manila
cindys,Cindy's,robinsons,robinsons-luisita,Robinsons Luisita,north-luzon
cindys bakeshop,CINDY'S BAKESHOP,xentro,ilagan-city-mall-isabela,Ilagan City Mall Isabela,
cinema lotto outlet,Cinema LOTTO OUTLET,xentro,xentro-mall-calapan,XentroMall Calapan,
cinema mc donalds dessert kiosk,CINEMA MC DONALDS DESSERT KIOSK,xentro,xentro-mall-lemery,XentroMall Lemery,
cinema snack bar,Cinema Snack Bar,gmall,gmall-of-davao,GMall of Davao,mindanao
cinnun apparel,CINNUN APPAREL,xentro,ilagan-city-mall-isabela,Ilagan City Mall Isabela,
circus circus,CIRCUS CIRCUS,xentro,northstar-mall,Northstar Mall,
cisco systems management b v,CISCO SYSTEMS MANAGEMENT B V,sm,sm-aura,SM Aura,metro-manila
citi bites pizza & pasta,Citi Bites Pizza & Pasta,robinsons,robinsons-la-union,Robinsons Place La Union,north-luzon
citi express telecom,Citi Express Telecom,gmall,gmall-of-davao,GMall of Davao,mindanao
citidrug,CITIDRUG,xentro,xentro-mall-san-andres,XentroMall San Andres,
citistores inc,"CITISTORES, INC.",xentro,ab-central,Ab Central,
citiwings unli diner,CITIWINGS UNLI DINER,robinsons,robinsons-iloilo,Robinsons Place Iloilo,visayas
citrus & chips,Citrus & Chips,robinsons,robinsons-pangasinan,Robinsons Place Pangasinan,north-luzon
cj five,CJ FIVE,araneta,farmers-plaza,Farmers Plaza,metro-manila
cj home,CJ Home,robinsons,robinsons-dasmarinas,Robinsons Place Dasmarinas,south-luzon
cjj,CJJ,araneta,farmers-plaza,Farmers Plaza,metro-manila
ck&gw storage room,CK&GW STORAGE ROOM,xentro,ilagan-city-mall-isabela,Ilagan City Mall Isabela,
clinic for dental concerns,Clinic For Dental Concerns,robinsons,robinsons-dumaguete,Robinsons Place Dumaguete,visayas
clinica comfy dental,CLINICA COMFY DENTAL,ayala,ayala-solenad,Ayala Malls Nuvali,south-luzon
clinica esthetica 0917 8557566,Clinica Esthetica 0917-8557566,robinsons,robinsons-sta-rosa,Robinsons Sta. Rosa,south-luzon
clipper,Clipper,gmall,gmall-of-davao,GMall of Davao,mindanao
cln 532 0010,CLN 532-0010,robinsons,robinsons-dumaguete,Robinsons Place Dumaguete,visayas
clothes by jah,CLOTHES BY JAH,ayala,ayala-harbor-point,Harbor Point,north-luzon
clothes of joy,CLOTHES OF JOY,xentro,balagtas-town-center,Balagtas Town Center,
cloud eats,Cloud Eats,megaworld,venice-grand-canal-mall,Venice Grand Canal Mall,
cloudfone,Cloudfone,gmall,gmall-of-davao,GMall of Davao,mindanao
cloudys chicken hub,CLOUDYS CHICKEN HUB,sm,sm-city-cauayan,SM City Cauayan,north-luzon
clt cafe,CLT CAFE,robinsons,robinsons-gapan,Robinsons Gapan,north-luzon
club lux,Club Lux,megaworld,mactan-newtown,Mactan Newtown,
clydes bread and pastries,CLYDE'S BREAD AND PASTRIES,robinsons,robinsons-metro-east,Robinsons Metro East,metro-manila
clydes breads,Clyde's Breads,megaworld,lucky-chinatown-mall,Lucky Chinatown Mall,
cma cgm philippines inc,CMA CGM PHILIPPINES INC,sm,sm-cdo-downtown,SM CDO Downtown Premier,mindanao
clickstore,CLICKSTORE,fishermall,malabon,Fisher Mall Malabon,metro-manila
clicks n clocks,CLICKS N CLOCKS,xentro,mall-of-the-valley,Mall Of The Valley,
click & prints,Click & Prints,robinsons,robinsons-tuguegarao,Robinsons Place Tuguegarao,north-luzon
classic burger,CLASSIC BURGER,xentro,ilagan-city-mall-isabela,Ilagan City Mall Isabela,
ckk kiosk,CKK KIOSK,xentro,xentro-mall-santiago,XentroMall Santiago,
cku digital supplies,CKU Digital Supplies,robinsons,robinsons-valencia,Robinsons Place Valencia,mindanao
claire & carlos,Claire & Carlos,ortigas,tiendesitas,Tiendesitas,metro-manila
clara scents,CLARA SCENTS,sm,sm-city-bacoor,SM City Bacoor,south-luzon
clarisse,CLARISSE,sm,sm-cherry-antipolo,SM Center Antipolo Downtown,metro-manila
clarkie,Clarkie,megaworld,mactan-newtown,Mactan Newtown,
classic hifi,CLASSIC HIFI,ayala,ayala-center-cebu,Ayala Center Cebu,visayas
clearcom merchandising,CLEARCOM MERCHANDISING,sm,sm-city-lucena,SM City Lucena,south-luzon
classique home interior,Classique Home Interior,filinvest,festival-mall,Festival Mall,metro-manila
claw cafe,Claw Cafe,ortigas,estancia,Estancia,metro-manila
cle de peau beaute,CLE DE PEAU BEAUTE,ayala,ayala-greenbelt,Greenbelt,metro-manila
clean & bright professional carwash,Clean & Bright Professional Carwash,robinsons,robinsons-cybergate-davao,Robinsons Cybergate Davao,mindanao
cleaning crew,Cleaning Crew,megaworld,california-garden-square,California Garden Square,
clear view 3d ultrasound,Clear View 3D Ultrasound,robinsons,robinsons-starmills,Robinsons Starmills,north-luzon
coola,COOLA,sm,moa-square,MOA Square,metro-manila
coopertech,COOPERTECH,sm,sm-seaside-city-cebu,SM Seaside City Cebu,visayas
copytown,COPYTOWN,robinsons,robinsons-galleria-ortigas,Robinsons Galleria,metro-manila
cybertech multibrand,Cybertech Multibrand,robinsons,robinsons-roxas,Robinsons Place Roxas,visayas
cycles & cradles,Cycles & Cradles,megaworld,lucky-chinatown-mall,Lucky Chinatown Mall,
cyma greek taverna,CYMA GREEK TAVERNA,ayala,ayala-trinoma,Trinoma,metro-manila
cynthias house of fashion,CYNTHIA'S HOUSE OF FASHION,xentro,montalban-town-center,Montalban Town Center,
cyrille pasalubong,Cyrille Pasalubong,robinsons,robinsons-tacloban,Robinsons Place Tacloban,visayas
czarina exchange,Czarina Exchange,robinsons,robinsons-magnolia,Robinsons Magnolia,metro-manila
d amazing patricias pizza,D' AMAZING PATRICIA'S PIZZA,robinsons,robinsons-novaliches,Robinsons Novaliches,metro-manila
d cell city,D' Cell City,robinsons,robinsons-tacloban,Robinsons Place Tacloban,visayas
d changing style,D' Changing Style,waltermart,cabuyao,WalterMart Cabuyao,south-luzon
d cream,D' CREAM,sm,sm-center-dagupan,SM Center Dagupan,north-luzon
d froyo mart,D' Froyo Mart,megaworld,southwoods-mall,Southwoods Mall,
d i y hardware & japan home centre,D.I.Y. Hardware & Japan Home Centre,megaworld,southwoods-mall,Southwoods Mall,
d kapitan sisig,D KAPITAN SISIG,sm,sm-center-pasig,SM Center Pasig,metro-manila
d nail haus,D' Nail Haus,robinsons,robinsons-starmills,Robinsons Starmills,north-luzon
d rebonding center,D' Rebonding Center,robinsons,robinsons-roxas,Robinsons Place Roxas,visayas
d soul express,D-Soul Express,robinsons,robinsons-galleria-cebu,Robinsons Galleria Cebu,visayas
cycle shack,Cycle Shack,robinsons,robinsons-imus,Robinsons Place Imus,south-luzon
cyber excalades,Cyber Excalades,robinsons,robinsons-ilocos,Robinsons Place Ilocos,north-luzon
cupotato,CUP'OTATO,robinsons,robinsons-valencia,Robinsons Place Valencia,mindanao
cy7 cellphone & accessories,CY7 Cellphone & Accessories,robinsons,robinsons-la-union,Robinsons Place La Union,north-luzon
curried away,Curried Away,ortigas,greenhills,Greenhills,metro-manila
curry angel,CURRY ANGEL,robinsons,robinsons-ilocos,Robinsons Place Ilocos,north-luzon
curves beauty and wellness spa,CURVES BEAUTY AND WELLNESS SPA,sm,sm-city-tanza,SM City Tanza,south-luzon
custodio medical clinic,CUSTODIO MEDICAL CLINIC,sm,sm-city-butuan,SM City Butuan,mindanao
custom mate,CUSTOM MATE,ayala,ayala-capitol-central,Ayala Malls Capitol Central,visayas
customistation,Customistation,ortigas,estancia,Estancia,metro-manila
cut 4 tots,Cut 4 Tots,filinvest,festival-mall,Festival Mall,metro-manila
cut encarnacion group of salon dayamona new,CUT ENCARNACION GROUP OF SALON DAYAMONA NEW,xentro,montalban-town-center,Montalban Town Center,
cut n polish,CUT N POLISH,sm,sm-city-olongapo-downtown,SM City Olongapo Downtown,north-luzon
cut salon,Cut Salon,ortigas,greenhills,Greenhills,metro-manila
cuts 4 tots,Cuts 4 Tots,filinvest,festival-mall,Festival Mall,metro-manila
cuttin loose,Cuttin' Loose,robinsons,robinsons-dumaguete,Robinsons Place Dumaguete,visayas
cvc casing,CVC CASING,sm,sm-city-general-santos,SM City General Santos,mindanao
cvc repair,CVC REPAIR,sm,sm-city-general-santos,SM City General Santos,mindanao
cxf design center,CXF Design Center,ortigas,greenhills,Greenhills,metro-manila
d vendo,D' Vendo,robinsons,robinsons-jaro,Robinsons Place Jaro,visayas
d vj jewellers,D' VJ Jewellers,robinsons,robinsons-bacolod,Robinsons Place Bacolod,visayas
d westside,D WESTSIDE,sm,sm-city-legazpi,SM City Legazpi,south-luzon
d&d backyard hydrophonics farm,D&D BACKYARD HYDROPHONICS FARM,sm,sm-center-tuguegarao-downtown,SM Center Tuguegarao Downtown,north-luzon
dairy queen 285884000,Dairy Queen 285884000,robinsons,robinsons-iligan,Robinsons Place Iligan,mindanao
dairy queen cart,Dairy Queen Cart,filinvest,festival-mall,Festival Mall,metro-manila
daisees bakeshop,DAISEE'S BAKESHOP,sm,sm-center-las-pinas,SM Center Las Piñas,metro-manila
daiso japan 0919 083 7370,Daiso Japan 0919-083-7370,robinsons,robinsons-angeles,Robinsons Angeles,north-luzon
daiso japan 0998 8478837,Daiso Japan 0998-8478837,robinsons,robinsons-sta-rosa,Robinsons Sta. Rosa,south-luzon
daiso japan temporary space,DAISO JAPAN TEMPORARY SPACE,robinsons,robinsons-otis,Robinsons Otis,metro-manila
daiso saizen,Daiso/Saizen,robinsons,robinsons-antique,Robinsons Place Antique,visayas
daiso snowpy,DAISO Snowpy,xentro,xentro-mall-calapan,XentroMall Calapan,
dakasi & hot star,Dakasi & Hot Star,megaworld,twin-lakes,Twin Lakes,
dakasi hot star,DAKASI HOT STAR,sm,sm-city-calamba,SM City Calamba,south-luzon
dal mobile closet accessories,Dal Mobile Closet Accessories,gmall,gmall-of-toril,GMall of Toril,mindanao
dallida korean mart,DALLIDA KOREAN MART,sm,sm-city-santa-rosa,SM City Santa Rosa,south-luzon
dalmore cigar lounge,Dalmore Cigar Lounge,megaworld,uptown-parade,Uptown Parade,
dalton jewelry,Dalton Jewelry,robinsons,robinsons-gen-san,Robinsons Place GenSan,mindanao
dalubhasa,Dalubhasa,ortigas,greenhills,Greenhills,metro-manila
dairy queen 0908 881 6694,DAIRY QUEEN 0908-881-6694,robinsons,robinsons-cybergate-cebu,Robinsons Cybergate Cebu,visayas
dainty tea house and cafe,DAINTY TEA HOUSE AND CAFE,sm,sm-city-telabastagan,SM City Telabastagan,north-luzon
dainty restaurant,DAINTY RESTAURANT,sm,sm-city-clark,SM City Clark,north-luzon
dae joa gem,DAE JOA GEM,sm,s-maison,S Maison,metro-manila
d&d backyard hydroponic farm,D&D BACKYARD HYDROPONIC FARM,sm,sm-city-cauayan,SM City Cauayan,north-luzon
d&d guitar,D&D GUITAR,robinsons,robinsons-manila,Robinsons Place Manila,metro-manila
d&j barber shop,D&J Barber Shop,ortigas,greenhills,Greenhills,metro-manila
d&j hair salon,D&J Hair Salon,ortigas,greenhills,Greenhills,metro-manila
daddys toasted siopao,DADDYS TOASTED SIOPAO,sm,sm-city-cauayan,SM City Cauayan,north-luzon
dadskamayansaisaki,DADSKAMAYANSAISAKI,sm,sm-megamall,SM Megamall,metro-manila
dahon dine,Dahon Dine,gmall,gmall-of-davao,GMall of Davao,mindanao
daily tech,DAILY TECH,waltermart,north-edsa,WalterMart North EDSA,metro-manila
daiesumi digital cafe,DAIESUMI DIGITAL CAFE,sm,sm-city-north-edsa,SM City North Edsa,metro-manila
daily beer,Daily Beer,megaworld,arcovia-city,Arcovia City,
daily bread,DAILY BREAD,sm,sm-city-lucena,SM City Lucena,south-luzon
daily cut,THE DAILY CUT,sm,the-podium,The Podium,metro-manila
daily drive,The Daily Drive,megaworld,festive-walk-mall-iloilo,Festive Walk Mall,
daily joe coffee shop,DAILY JOE COFFEE SHOP,sm,sm-city-sorsogon,SM City Sorsogon,south-luzon
cuppa,CUPPA,sm,sm-city-novaliches,SM City Novaliches,metro-manila
cupcakes by sonja,CUPCAKES BY SONJA,sm,sm-megamall,SM Megamall,metro-manila
corals candy bar,CORALS CANDY BAR,sm,sm-city-davao,SM City Davao,mindanao
cougar,COUGAR,sm,sm-city-north-edsa,SM City North Edsa,metro-manila
country phone,Country Phone,gmall,gmall-of-davao,GMall of Davao,mindanao
countryside steakhouse & cafe,Countryside Steakhouse & Cafe,robinsons,robinsons-imus,Robinsons Place Imus,south-luzon
cowrie grill,Cowrie Grill,ortigas,greenhills,Greenhills,metro-manila
cpm drug testing & medical center,CPM DRUG TESTING & MEDICAL CENTER,robinsons,robinsons-cainta,Robinsons Cainta,metro-manila
cppc fix,CPPC FIX,sm,sm-city-san-jose-del-monte,SM City San Jose Del Monte,north-luzon
crackles,CRACKLES,sm,sm-by-the-bay,SM By the Bay,metro-manila
craft central cafe,THE CRAFT CENTRAL CAFÉ,ayala,ayala-vertis,Ayala Malls Vertis North,metro-manila
craft lounge,CRAFT LOUNGE,sm,sm-city-davao,SM City Davao,mindanao
craft n prints,Craft n Prints,gmall,gmall-of-tagum,GMall of Tagum,mindanao
craft shop,Craft Shop,gmall,gmall-of-davao,GMall of Davao,mindanao
crave halal,CRAVE HALAL,robinsons,robinsons-novaliches,Robinsons Novaliches,metro-manila
crawling animals,Crawling Animals,robinsons,robinsons-valencia,Robinsons Place Valencia,mindanao
crawling dinosaurs,Crawling Dinosaurs,robinsons,robinsons-gen-san,Robinsons Place GenSan,mindanao
craze mango,CRAZE MANGO,sm,sm-city-san-jose-del-monte,SM City San Jose Del Monte,north-luzon
crazy lemons,CRAZY LEMONS,sm,sm-city-mindpro,SM City Mindpro,mindanao
country basket pastries more,COUNTRY BASKET PASTRIES MORE,sm,sm-city-cebu,SM City Cebu,visayas
cotton kendi,COTTON KENDI,sm,sm-cdo-downtown,SM CDO Downtown Premier,mindanao
cupcake boss,Cupcake Boss,gmall,gmall-of-tagum,GMall of Tagum,mindanao
cotton depot,Cotton Depot,filinvest,festival-mall,Festival Mall,metro-manila
coras food house,Cora's Food House,waltermart,balanga,WalterMart Balanga,north-luzon
corc,CORC,ortigas,estancia,Estancia,metro-manila
cordon dragon management and development corp,CORDON DRAGON MANAGEMENT AND DEVELOPMENT CORP.,ayala,ayala-market-market,Market! Market!,metro-manila
core pacific exchange,Core Pacific Exchange,robinsons,robinsons-manila,Robinsons Place Manila,metro-manila
core pacific money exchange 0917 312 7533,CORE PACIFIC MONEY EXCHANGE 0917-312-7533,robinsons,robinsons-sta-rosa,Robinsons Sta. Rosa,south-luzon
coreen razons halo halo,COREEN RAZONS HALO-HALO,sm,sm-city-clark,SM City Clark,north-luzon
corn dog,CORN DOG,robinsons,robinsons-antipolo,Robinsons Place Antipolo,metro-manila
corndog28,Corndog28,megaworld,lucky-chinatown-imperial-wing,Lucky Chinatown - Imperial Wing,
corner market,CORNER MARKET,sm,the-podium,The Podium,metro-manila
cornerstone animal clinic,Cornerstone Animal Clinic,ortigas,tiendesitas,Tiendesitas,metro-manila
cos,COS,sm,sm-aura,SM Aura,metro-manila
cosmic kidz,COSMIC KIDZ,sm,sm-mall-of-asia,SM Mall of Asia,metro-manila
cosmopolitan parlor manjaru,COSMOPOLITAN PARLOR MANJARU,xentro,tanay-town-center,Tanay Town Center,
costal & co,Costal & Co,ortigas,greenhills,Greenhills,metro-manila
cotton candy,Cotton Candy(timezone),filinvest,festival-mall,Festival Mall,metro-manila
crazy maki,Crazy Maki,filinvest,festival-mall,Festival Mall,metro-manila
cream n bake 0932 775 3987,CREAM N' BAKE 0932-775-3987,robinsons,robinsons-cybergate-cebu,Robinsons Cybergate Cebu,visayas
creamee d lite,CREAMEE D-LITE,robinsons,robinsons-naga,Robinsons Place Naga,south-luzon
creations lourd ramos salon,CREATIONS LOURD RAMOS SALON,sm,sm-center-pulilan,SM Center Pulilan,north-luzon
crunch boneless chicken,The Crunch Boneless Chicken,megaworld,venice-grand-canal-mall,Venice Grand Canal Mall,
crunchy corner,CRUNCHY CORNER,robinsons,robinsons-palawan,Robinsons Place Palawan,south-luzon
crushh landing korean dog,CRUSHH LANDING KOREAN DOG,robinsons,robinsons-iligan,Robinsons Place Iligan,mindanao
crystal cdr world,Crystal Cdr World,ortigas,greenhills,Greenhills,metro-manila
crystalderm,CRYSTALDERM,sm,sm-marketmall-dasmarinas,SM Marketmall Dasmarinas,south-luzon
cs by lfisher,CS BY LFISHER,sm,sm-city-bacolod,SM City Bacolod,visayas
csl cut & shave lounge,CSL CUT & SHAVE LOUNGE,ayala,ayala-malls-central-bloc,Ayala Malls Central Bloc,visayas
ct mobile solution,CT MOBILE SOLUTION,sm,sm-city-pampanga,SM City Pampanga,north-luzon
ctines gadget shop 9616040564,CTINES GADGET SHOP 9616040564,robinsons,robinsons-cybergate-cebu,Robinsons Cybergate Cebu,visayas
cuadro specialists,CUADRO SPECIALISTS,ayala,ayala-market-market,Market! Market!,metro-manila
cualoping securities corporation,CUALOPING SECURITIES CORPORATION,ayala,ayala-circuit,Ayala Malls Circuit,metro-manila
cube bazaar,THE CUBE BAZAAR,ayala,ayala-abreeza,Abreeza,mindanao
cubyx collective,CUBYX Collective,robinsons,galleria-south,Robinsons Galleria South,south-luzon
cuesina,CUESINA,sm,smdc-air-mall,SMDC Air Mall,smdc
cul de sac,CUL-DE-SAC,sm,the-podium,The Podium,metro-manila
crucible,THE CRUCIBLE,sm,sm-megamall,SM Megamall,metro-manila
crown royale,CROWN ROYALE,sm,sm-city-iloilo,SM City Iloilo,visayas
crown dental,Crown Dental,megaworld,forbes-town,Forbes Town,
criscom telecom,Criscom Telecom,waltermart,gapan,WalterMart Gapan,north-luzon
creative play corner school,Creative Play Corner School,megaworld,mckinley-west,McKinley West,
creativity lounge,CREATIVITY LOUNGE,ayala,one-ayala-mall,One Ayala,metro-manila
crepe espresso and kuroda,"Crepe, Espresso and Kuroda",megaworld,venice-grand-canal-mall,Venice Grand Canal Mall,
crepe glazik,Crepe Glazik,megaworld,uptown-mall,Uptown Mall,
crepelato,Crepelato,gmall,gmall-of-davao,GMall of Davao,mindanao
crimson souvenier,Crimson / Souvenier (DPS),gmall,gmall-of-tagum,GMall of Tagum,mindanao
criseldas,Criseldas,robinsons,robinsons-tuguegarao,Robinsons Place Tuguegarao,north-luzon
crosta,Crosta,ortigas,greenhills,Greenhills,metro-manila
crisfe milchar cellphone,Crisfe Milchar Cellphone,gmall,gmall-of-digos,GMall of Digos,mindanao
crismalee,Crismalee,robinsons,robinsons-malabon,Robinsons Town Mall Malabon,metro-manila
crisostomo restaurant,Crisostomo Restaurant,robinsons,robinsons-manila,Robinsons Place Manila,metro-manila
crispy popiah,CRISPY POPIAH,sm,sm-southmall,SM Southmall,metro-manila
cropp,CROPP,sm,smdc-mplace-mall,SMDC Mplace Mall,smdc
crossway kidney care,Crossway Kidney Care,megaworld,festive-walk-parade,Festive Walk Parade,
churrostar,CHURROSTAR,sm,sm-city-manila,SM City Manila,metro-manila
chunky boss,CHUNKY BOSS,sm,sm-mall-of-asia,SM Mall of Asia,metro-manila
chualong telecom sales & services,CHUALONG TELECOM SALES & SERVICES,xentro,tanay-town-center,Tanay Town Center,
cebu orthopaedic institute l4 0943 072 4856,Cebu Orthopaedic Institute L4 0943-072-4856,robinsons,robinsons-cybergate-cebu,Robinsons Cybergate Cebu,visayas
cebu products,CEBU PRODUCTS,ayala,ayala-market-market,Market! Market!,metro-manila
cebu smile studio 0908 254 2305,Cebu Smile Studio 0908-254-2305,robinsons,robinsons-cybergate-cebu,Robinsons Cybergate Cebu,visayas
cebu smiles dentistry co,CEBU SMILES DENTISTRY CO,sm,sm-seaside-city-cebu,SM Seaside City Cebu,visayas
cebu smiles doctors clinic 9173204651,Cebu Smiles Doctors Clinic 9173204651,robinsons,robinsons-cybergate-cebu,Robinsons Cybergate Cebu,visayas
cebu sweet candy store,CEBU SWEET CANDY STORE,sm,sm-city-consolacion,SM City Consolacion,visayas
cebuana lhuiller financial,Cebuana Lhuiller Financial,robinsons,robinsons-galleria-ortigas,Robinsons Galleria,metro-manila
cebuana lhuillier financial,Cebuana Lhuillier Financial,robinsons,robinsons-galleria-ortigas,Robinsons Galleria,metro-manila
cebuana lhuillier jewelry premium,CEBUANA LHUILLIER JEWELRY PREMIUM,sm,sm-city-manila,SM City Manila,metro-manila
cebuana lhuillier pawnshop bs mobile,CEBUANA LHUILLIER PAWNSHOP BS MOBILE,xentro,tanay-town-center,Tanay Town Center,
cebuana lhuillier pera padala,CEBUANA LHUILLIER PERA PADALA,ayala,ayala-market-market,Market! Market!,metro-manila
cebus best ricos lechon,Cebu's Best Rico's Lechon,sm,sm-mall-of-asia,SM Mall of Asia,metro-manila
cebus tasty lechon,CEBUS TASTY LECHON,sm,sm-city-consolacion,SM City Consolacion,visayas
cecil s,Cecil\'s,gmall,gmall-of-davao,GMall of Davao,mindanao
cecils snack inn,CECIL'S SNACK INN,ayala,ayala-abreeza,Abreeza,mindanao
cedric time enterprises,CEDRIC TIME ENTERPRISES,ayala,ayala-pavilion,Pavilion Mall,south-luzon
cebu pacific air,Cebu Pacific Air,robinsons,robinsons-galleria-cebu,Robinsons Galleria Cebu,visayas
cebu fiesta island of the south restaurant,CEBU FIESTA ISLAND OF THE SOUTH RESTAURANT,sm,sm-city-north-edsa,SM City North Edsa,metro-manila
casy,Casy,robinsons,robinsons-galleria-ortigas,Robinsons Galleria,metro-manila
cdr king signature trading,CDR KING Signature Trading,xentro,montalban-town-center,Montalban Town Center,
catholic trade,CATHOLIC TRADE,araneta,farmers-plaza,Farmers Plaza,metro-manila
cavitechon lechon house,CAVITECHON LECHON HOUSE,sm,sm-city-dasmarinas,SM City Dasmariñas,south-luzon
cayettas pasalubong,Cayetta's Pasalubong,fishermall,malabon,Fisher Mall Malabon,metro-manila
cbc teller card,CBC Teller Card,waltermart,antipolo,WalterMart Antipolo,metro-manila
cbc tellercard,CBC TELLERCARD,sm,sm-city-daet,SM City Daet,south-luzon
ccf,CCF,megaworld,eastwood-city-walk,Eastwood City Walk,
ccg philpan,CCG / PHILPAN,araneta,ali-mall,Ali Mall,metro-manila
cd options,CD OPTIONS,sm,sm-city-fairview,SM City Fairview,metro-manila
cdm salon,CDM Salon,gmall,gmall-of-tagum,GMall of Tagum,mindanao
cdms hair gallery & spa,CDM'S HAIR GALLERY & SPA,robinsons,robinsons-tagum,Robinsons Place Tagum,mindanao
cdo skin experts dermatology & laser clinic,THE CDO SKIN EXPERTS DERMATOLOGY & LASER CLINIC,ayala,ayala-centrio,Centrio Mall,mindanao
cdo skin health experts dermatology laser clinic,CDO SKIN HEALTH EXPERTS DERMATOLOGY LASER CLINIC,sm,sm-cdo-downtown,SM CDO Downtown Premier,mindanao
cdr king,CDR KING,xentro,xentro-mall-cabagan,XentroMall Cabagan,
cdr king bs mobile,CDR KING BS MOBILE,xentro,xentro-mall-lemery,XentroMall Lemery,
cdr king h and m cp,CDR King H AND M CP,xentro,xentro-mall-calapan,XentroMall Calapan,
celebrations,Celebrations,filinvest,festival-mall,Festival Mall,metro-manila
celebrity jam cake and pastry shop,CELEBRITY JAM CAKE AND PASTRY SHOP,sm,sm-city-pampanga,SM City Pampanga,north-luzon
celeste pinon,CELESTE PIÑON,xentro,ab-central,Ab Central,
celestial,Celestial,robinsons,robinsons-lipa,Robinsons Place Lipa,south-luzon
celldome cellphone accessories,Celldome Cellphone Accessories,robinsons,robinsons-roxas,Robinsons Place Roxas,visayas
cellections,CELLECTIONS,ayala,ayala-abreeza,Abreeza,mindanao
cellfad mobile accessories,CELLFAD MOBILE ACCESSORIES,sm,sm-city-cebu,SM City Cebu,visayas
cellmates cellphone accessories,Cellmates Cellphone Accessories,robinsons,robinsons-roxas,Robinsons Place Roxas,visayas
cellmax,Cellmax,robinsons,robinsons-palawan,Robinsons Place Palawan,south-luzon
cellphone and accessories pretty angels,CELLPHONE and ACCESSORIES (SOEN) PRETTY ANGELS,xentro,montalban-town-center,Montalban Town Center,
cellphone plus,CELLPHONE PLUS,sm,sm-city-mindpro,SM City Mindpro,mindanao
cellphone republic,Cellphone Republic,ortigas,greenhills,Greenhills,metro-manila
cellshoppe,CELLSHOPPE,sm,sm-city-clark,SM City Clark,north-luzon
cellsite mobile center,CELLSITE MOBILE CENTER,sm,sm-city-mindpro,SM City Mindpro,mindanao
cellstreet,Cellstreet,robinsons,robinsons-starmills,Robinsons Starmills,north-luzon
celltech,Celltech,robinsons,robinsons-dasmarinas,Robinsons Place Dasmarinas,south-luzon
celltime co,CELLTIME CO,sm,sm-city-pampanga,SM City Pampanga,north-luzon
cellulike cellphone,CELLULIKE CELLPHONE,xentro,balagtas-town-center,Balagtas Town Center,
cellware telecom supplies trading,Cellware Telecom Supplies Trading,robinsons,robinsons-imus,Robinsons Place Imus,south-luzon
cellcomm,Cellcomm,robinsons,robinsons-ormoc,Robinsons Place Ormoc,visayas
cellboy fix center,CELLBOY FIX CENTER,sm,sm-megamall,SM Megamall,metro-manila
cellboy fix,CELLBOY FIX,sm,sm-center-dagupan,SM Center Dagupan,north-luzon
cell decor,CELL DECOR,ayala,ayala-abreeza,Abreeza,mindanao
celines gems jewels,CELINES GEMS JEWELS,sm,sm-city-lucena,SM City Lucena,south-luzon
cell active,Cell Active,robinsons,robinsons-palawan,Robinsons Place Palawan,south-luzon
cell active cellphone repair,CELL ACTIVE CELLPHONE REPAIR,sm,sm-city-puerto-princesa,SM City Puerto Princesa,south-luzon
cell axis,CELL AXIS,ayala,ayala-marquee,MarQuee Mall,north-luzon
cell connect,Cell Connect,gmall,gmall-of-davao,GMall of Davao,mindanao
cell corner,Cell Corner,robinsons,robinsons-ilocos,Robinsons Place Ilocos,north-luzon
cell exchange,Cell Exchange,gmall,gmall-of-davao,GMall of Davao,mindanao
cellbox,CELLBOX,ayala,ayala-abreeza,Abreeza,mindanao
cell fit cellphone,Cell Fit Cellphone,gmall,gmall-of-davao,GMall of Davao,mindanao
cell interface,CELL INTERFACE,sm,sm-city-bacolod,SM City Bacolod,visayas
cell kid,CELL-KID,sm,sm-city-north-edsa,SM City North Edsa,metro-manila
cell lab,Cell Lab,gmall,gmall-of-davao,GMall of Davao,mindanao
cell sight,Cell Sight,robinsons,robinsons-roxas,Robinsons Place Roxas,visayas
cell teck cellphone accessories,Cell Teck Cellphone Accessories,robinsons,robinsons-roxas,Robinsons Place Roxas,visayas
caterpillar room,The Caterpillar Room,megaworld,greenhouse-village-square,The Greenhouse at Village Square,
castle candy,CASTLE CANDY,robinsons,robinsons-tagum,Robinsons Place Tagum,mindanao
cellxesorya,Cellxesorya,robinsons,robinsons-manila,Robinsons Place Manila,metro-manila
cara mia cakes & gelato,CARA MIA CAKES & GELATO,sm,sm-city-san-pablo,SM City San Pablo,south-luzon
caramel cafe,CARAMEL CAFE,sm,sm-city-daet,SM City Daet,south-luzon
caramia cakes gelato,CARAMIA CAKES GELATO,sm,sm-city-san-jose-del-monte,SM City San Jose Del Monte,north-luzon
caravel global travelware,Caravel Global Travelware,ortigas,greenhills,Greenhills,metro-manila
card stop,Card Stop,gmall,gmall-of-davao,GMall of Davao,mindanao
cardinal eyecare clinic,CARDINAL EYECARE CLINIC,sm,sm-cdo-downtown,SM CDO Downtown Premier,mindanao
cardinal santos kidney care center,CARDINAL SANTOS KIDNEY CARE CENTER,sm,sm-cherry-shaw,SM Center Shaw,metro-manila
care and cure hub,CARE AND CURE HUB,ayala,ayala-center-cebu,Ayala Center Cebu,visayas
care to bear skin and body clinic,CARE TO BEAR SKIN AND BODY CLINIC,ayala,ayala-marquee,MarQuee Mall,north-luzon
carehealth,Carehealth,robinsons,robinsons-galleria-ortigas,Robinsons Galleria,metro-manila
carehealth plus,CAREHEALTH PLUS,starmall,alabang,Starmall Alabang,metro-manila
carel kanes cp,CAREL KANES CP,xentro,mall-of-the-valley,Mall Of The Valley,
carelab,Carelab,robinsons,robinsons-tuguegarao,Robinsons Place Tuguegarao,north-luzon
carelon,Carelon,robinsons,robinsons-galleria-ortigas,Robinsons Galleria,metro-manila
cargofish & burnt bamboo,CargoFish & Burnt Bamboo,megaworld,uptown-mall,Uptown Mall,
carl care services,Carl Care Services,robinsons,robinsons-dasmarinas,Robinsons Place Dasmarinas,south-luzon
caracole,Caracole,ortigas,greenhills,Greenhills,metro-manila
cara laser skin care,CARA LASER SKIN CARE,ayala,ayala-up-town-center,U. P. Town Center,metro-manila
castel scrub,Castel Scrub,ortigas,greenhills,Greenhills,metro-manila
car fads,CAR FADS,ayala,ayala-center-cebu,Ayala Center Cebu,visayas
candy jar,CANDY JAR,robinsons,robinsons-novaliches,Robinsons Novaliches,metro-manila
candy land,CANDY LAND,robinsons,robinsons-pagadian,Robinsons Pagadian,mindanao
candy mania,CANDY MANIA,sm,sm-city-clark,SM City Clark,north-luzon
candy stop rclm jewelries,CANDY STOP RCLM JEWELRIES,xentro,montalban-town-center,Montalban Town Center,
candy up,Candy Up,robinsons,robinsons-novaliches,Robinsons Novaliches,metro-manila
candys cafe & restaurant,CANDY'S CAFE & RESTAURANT,ayala,ayala-centrio,Centrio Mall,mindanao
cangrejos locos,Cangrejos Locos,megaworld,alabang-west-parade,Alabang West Parade,
canvasse skin,Canvásse Skin,ortigas,greenhills,Greenhills,metro-manila
capellini ristorante,Capellini Ristorante,gmall,gmall-of-digos,GMall of Digos,mindanao
caprice,CAPRICE,sm,sm-city-fairview,SM City Fairview,metro-manila
capricho jewelry,CAPRICHO JEWELRY,fishermall,malabon,Fisher Mall Malabon,metro-manila
captain barber,CAPTAIN BARBER,sm,sm-city-fairview,SM City Fairview,metro-manila
captain gadget,CAPTAIN GADGET,sm,sm-savemore-apalit,SM Savemore Apalit,north-luzon
captain lemon,Captain Lemon,robinsons,robinsons-malolos,Robinsons Place Malolos,north-luzon
captains burger,CAPTAIN'S BURGER,xentro,balagtas-town-center,Balagtas Town Center,
carlin s flower shop,Carlin\'s Flower Shop,gmall,gmall-of-davao,GMall of Davao,mindanao
carlins flowershop,CARLINS FLOWERSHOP,sm,sm-city-davao,SM City Davao,mindanao
carlitos bar and grill,CARLITO'S BAR AND GRILL,xentro,montalban-town-center,Montalban Town Center,
carlos bakeshop & cafe,Carlos Bakeshop & Cafe,robinsons,robinsons-iloilo,Robinsons Place Iloilo,visayas
casa norte,CASA NORTE,sm,sm-city-fairview,SM City Fairview,metro-manila
casa reyes,Casa Reyes,ortigas,greenhills,Greenhills,metro-manila
casa romantica,CASA ROMANTICA,ayala,ayala-solenad,Ayala Malls Nuvali,south-luzon
casa sofrea,Casa Sofrea,filinvest,festival-mall,Festival Mall,metro-manila
casa velyn,CASA VELYN,sm,sm-city-mindpro,SM City Mindpro,mindanao
casaje optical,Casaje Optical,ortigas,greenhills,Greenhills,metro-manila
case 4 u,CASE 4 U,robinsons,robinsons-antipolo,Robinsons Place Antipolo,metro-manila
case to case,Case to Case,fishermall,quezonave,Fisher Mall Quezon Avenue,metro-manila
caseology,CASEOLOGY,sm,sm-megamall,SM Megamall,metro-manila
casio asprey,Casio/Asprey,waltermart,north-edsa,WalterMart North EDSA,metro-manila
casipit dental center,CASIPIT DENTAL CENTER,sm,sm-center-dagupan,SM Center Dagupan,north-luzon
casipit dental group,Casipit Dental Group,robinsons,robinsons-pangasinan,Robinsons Place Pangasinan,north-luzon
cassa calle,Cassa Calle,waltermart,antipolo,WalterMart Antipolo,metro-manila
cassaleyah beauty hub,Cassaleyah Beauty Hub,robinsons,robinsons-tagum,Robinsons Place Tagum,mindanao
cassalu,Cassalu,filinvest,festival-mall,Festival Mall,metro-manila
casa medica,CASA MEDICA,sm,sm-southmall,SM Southmall,metro-manila
casa euro,CASA EURO,sm,s-maison,S Maison,metro-manila
casa elegante,Casa Elegante,robinsons,robinsons-dasmarinas,Robinsons Place Dasmarinas,south-luzon
carry thru cs 1,CARRY THRU CS-1,xentro,xentro-mall-roxas,XentroMall Roxas,
carlos primo velayo,CARLOS PRIMO VELAYO,ayala,ayala-glorietta,Glorietta,metro-manila
carmelas home favourite,CARMELAS HOME FAVOURITE,robinsons,robinsons-pagadian,Robinsons Pagadian,mindanao
carmens best,Carmen's Best,robinsons,robinsons-magnolia,Robinsons Magnolia,metro-manila
carolina herrera,CAROLINA HERRERA,ayala,ayala-greenbelt,Greenbelt,metro-manila
carolinas lace shoppe,CAROLINA'S LACE SHOPPE,ayala,ayala-market-market,Market! Market!,metro-manila
carrensline,Carrensline,ortigas,greenhills,Greenhills,metro-manila
carry thru iguanas,CARRY THRU IGUANAS,xentro,xentro-mall-santiago,XentroMall Santiago,
casa derma,CASA DERMA,ayala,ayala-marikina,Ayala Malls Marikina,metro-manila
carters,CARTERS,sm,sm-seaside-city-cebu,SM Seaside City Cebu,visayas
carters osh kosh b gosh,Carter's Osh Kosh B' Gosh,robinsons,robinsons-magnolia,Robinsons Magnolia,metro-manila
cartier,CARTIER,ayala,ayala-greenbelt,Greenbelt,metro-manila
cartrick,Cartrick,robinsons,robinsons-pangasinan,Robinsons Place Pangasinan,north-luzon
carwash,CARWASH,xentro,morong-centerpoint,Morong Centerpoint,
casa blanca,Casa Blanca,filinvest,festival-mall,Festival Mall,metro-manila
cellworks digital,Cellworks Digital,robinsons,robinsons-ormoc,Robinsons Place Ormoc,visayas
cena golden free fashion shop,CENA GOLDEN FREE FASHION SHOP,ayala,ayala-market-market,Market! Market!,metro-manila
chua s garden exdeal,Chua\'s Garden - Exdeal,gmall,gmall-of-davao,GMall of Davao,mindanao
chika an,Chika-an,robinsons,robinsons-galleria-cebu,Robinsons Galleria Cebu,visayas
chikaan 0917 163 6548,Chikaan 0917-163-6548,robinsons,robinsons-iligan,Robinsons Place Iligan,mindanao
chikaan sa cebu,CHIKAAN SA CEBU,ayala,ayala-center-cebu,Ayala Center Cebu,visayas
chikten wings,ChikTEN Wings,robinsons,robinsons-ilocos,Robinsons Place Ilocos,north-luzon
chill bar,CHILL BAR,starmall,edsa-shaw,Starmall EDSA-Shaw,metro-manila
chill cafe,Chill Cafe,robinsons,robinsons-galleria-cebu,Robinsons Galleria Cebu,visayas
chill hub,CHILL HUB,ayala,ayala-circuit,Ayala Malls Circuit,metro-manila
chill top,Chill Top,ortigas,the-strip,The Strip,metro-manila
chimes,CHIMES,ayala,ayala-abreeza,Abreeza,mindanao
chimmy 0922 881 1961,CHIMMY 0922 881 1961,robinsons,robinsons-sta-rosa,Robinsons Sta. Rosa,south-luzon
chin chins jewelry,CHIN CHINS JEWELRY,robinsons,robinsons-tuguegarao,Robinsons Place Tuguegarao,north-luzon
chin medical clinic,Chin Medical Clinic,robinsons,robinsons-cybergate-cebu,Robinsons Cybergate Cebu,visayas
chin medical clinic 0977 342 5489 0918 900 7522,Chin Medical Clinic 0977-342-5489/0918-900-7522,robinsons,robinsons-cybergate-cebu,Robinsons Cybergate Cebu,visayas
chin sticks 9154049029,CHIN STICKS 9154049029,robinsons,robinsons-cybergate-cebu,Robinsons Cybergate Cebu,visayas
chin sticks food corner,Chin Sticks Food Corner,robinsons,robinsons-fuente,Robinsons Fuente,visayas
china bank atm,China Bank ATM,gmall,gmall-of-davao,GMall of Davao,mindanao
chikaan,CHIKAAN,ayala,ayala-abreeza,Abreeza,mindanao
chigue house of kimchi,CHIGUE HOUSE OF KIMCHI,ayala,ayala-capitol-central,Ayala Malls Capitol Central,visayas
cherrys stitches,Cherrys Stitches,waltermart,dasmarinas,WalterMart Dasmariñas,south-luzon
chiggys kesaku,CHIGGY'S KESAKU,robinsons,robinsons-valencia,Robinsons Place Valencia,mindanao
cheskaffe,CHESKAFFE,sm,sm-center-san-pedro,SM Center San Pedro,south-luzon
chester enterprises inc,CHESTER ENTERPRISES INC,sm,sm-city-cebu,SM City Cebu,visayas
chesterup gadget solution,CHESTERUP GADGET SOLUTION,sm,sm-city-naga,SM City Naga,south-luzon
chez rose,Chez Rose,robinsons,robinsons-bacolod,Robinsons Place Bacolod,visayas
chi cha san chen,Chi Cha San Chen,robinsons,robinsons-magnolia,Robinsons Magnolia,metro-manila
chi luxury,Chi Luxury,megaworld,lucky-chinatown-mall,Lucky Chinatown Mall,
chias letchon house,CHIA'S LETCHON HOUSE,robinsons,robinsons-la-union,Robinsons Place La Union,north-luzon
chibis fried chicken,CHIBIS FRIED CHICKEN,waltermart,naic,WalterMart Naic,south-luzon
chicberry,Chicberry,robinsons,robinsons-imus,Robinsons Place Imus,south-luzon
chick net,Chick Net,filinvest,festival-mall,Festival Mall,metro-manila
chick wings,CHICK WINGS,robinsons,robinsons-iloilo,Robinsons Place Iloilo,visayas
chicken chingu,CHICKEN CHINGU,ayala,ayala-cloverleaf,Ayala Malls Cloverleaf,metro-manila
chickin,Chickin,megaworld,festive-walk-parade,Festive Walk Parade,
chido donuts,Chido Donuts,megaworld,venice-grand-canal-mall,Venice Grand Canal Mall,
chiekai s collection,Chiekai\'s Collection,gmall,gmall-of-tagum,GMall of Tagum,mindanao
china bank savings,CHINA BANK SAVINGS,sm,smdc-sun-mall,SMDC Sun Mall,smdc
china mommy,China Mommy,robinsons,robinsons-magnolia,Robinsons Magnolia,metro-manila
chinabank atm,Chinabank ATM,megaworld,festive-walk-mall-iloilo,Festive Walk Mall,
chinatown cafe,CHINATOWN CAFE,sm,sm-city-roxas,SM City Roxas,visayas
choo choo train,THE CHOO CHOO TRAIN,robinsons,robinsons-tuguegarao,Robinsons Place Tuguegarao,north-luzon
chosen lane,CHOSEN LANE,xentro,xentro-mall-roxas,XentroMall Roxas,
chotto matcha,Chotto Matcha,megaworld,arcovia-city,Arcovia City,
chow dynasty,Chow Dynasty,ortigas,greenhills,Greenhills,metro-manila
chowking 0912 294 7886,CHOWKING 0912-294-7886 (NEW),robinsons,robinsons-starmills,Robinsons Starmills,north-luzon
chowtime,CHOWTIME,waltermart,pasay,WalterMart Pasay,metro-manila
chrishas kitchen,CHRISHA'S KITCHEN,ayala,ayala-glorietta,Glorietta,metro-manila
christian dior,CHRISTIAN DIOR,ayala,ayala-greenbelt,Greenbelt,metro-manila
christianna,CHRISTIANNA,ayala,ayala-market-market,Market! Market!,metro-manila
christine lhuillere parfumerie,Christine Lhuillere Parfumerie,araneta,gateway-mall,Gateway Mall,metro-manila
christine lhuillier perfumerie,CHRISTINE LHUILLIER PERFUMERIE,robinsons,robinsons-manila,Robinsons Place Manila,metro-manila
christine llhuilier,Christine Llhuilier,ortigas,greenhills,Greenhills,metro-manila
chroma men,CHROMA MEN,robinsons,robinsons-metro-east,Robinsons Metro East,metro-manila
chronomile watch store,CHRONOMILE WATCH STORE,robinsons,robinsons-santiago,Robinsons Place Santiago,north-luzon
chronomile watch store 9338260383,Chronomile Watch Store 9338260383,robinsons,robinsons-santiago,Robinsons Place Santiago,north-luzon
choi garden,Choi Garden,ortigas,greenhills,Greenhills,metro-manila
chocolate chamber,The Chocolate Chamber,robinsons,robinsons-galleria-cebu,Robinsons Galleria Cebu,visayas
chocfull of nuts,Chocfull of Nuts,robinsons,robinsons-magnolia,Robinsons Magnolia,metro-manila
chinooks,CHINOOKS,robinsons,robinsons-sta-rosa,Robinsons Sta. Rosa,south-luzon
chinese mandarin,Chinese Mandarin,ortigas,greenhills,Greenhills,metro-manila
chingkeetea,CHINGKEETEA,ayala,ayala-centrio,Centrio Mall,mindanao
chingu buko house 0925 735 0760,CHINGU BUKO HOUSE 0925-735-0760,robinsons,robinsons-sta-rosa,Robinsons Sta. Rosa,south-luzon
chingu buko house 0950 877 1061,Chingu Buko House 📲 0950-877-1061,robinsons,robinsons-los-banos,Robinsons Town Mall Los Banos,south-luzon
chingu buko house 9177725146,CHINGU BUKO HOUSE 9177725146,robinsons,robinsons-cybergate-cebu,Robinsons Cybergate Cebu,visayas
chino latino,CHINO LATINO (FOOD TRUCK) (NEW),robinsons,robinsons-tagaytay,Robinsons Tagaytay,south-luzon
chinooks roast and fried chicken,CHINOOKS ROAST AND FRIED CHICKEN,robinsons,robinsons-sta-rosa,Robinsons Sta. Rosa,south-luzon
chlosam laundry services,CHLOSAM LAUNDRY SERVICES,sm,sm-center-las-pinas,SM Center Las Piñas,metro-manila
chinoys merienda express delight mitsubishi caravan,Chinoys Merienda Express Delight MITSUBISHI CARAVAN,xentro,xentro-mall-calapan,XentroMall Calapan,
chins express inihaw express,Chin’s Express / Inihaw Express,filinvest,festival-mall,Festival Mall,metro-manila
chippens,CHIPPENS,robinsons,robinsons-cybergate-davao,Robinsons Cybergate Davao,mindanao
chirks n dips,Chirk's N' Dips,robinsons,robinsons-valencia,Robinsons Place Valencia,mindanao
chiropractor inc,"The Chiropractor, Inc.",megaworld,southwoods-mall,Southwoods Mall,
chizmoza,Chizmoza,ortigas,estancia,Estancia,metro-manila
cherys jewelry,Chery's Jewelry,ortigas,greenhills,Greenhills,metro-manila
cherrys house of stitches n frames,Cherry's House of Stitches N' Frames,waltermart,dasmarinas,WalterMart Dasmariñas,south-luzon
cencio,Cencio,robinsons,robinsons-starmills,Robinsons Starmills,north-luzon
chaa,Chaa,robinsons,robinsons-malolos,Robinsons Place Malolos,north-luzon
chaiwan milktea house,CHAIWAN MILKTEA HOUSE,sm,sm-city-bicutan,SM City Bicutan,metro-manila
champion sports park,Champion Sports Park,filinvest,fora,Fora Mall,south-luzon
chang thai tea,CHANG THAI TEA,robinsons,robinsons-sta-rosa,Robinsons Sta. Rosa,south-luzon
chansel pizza haus,CHANSEL PIZZA HAUS,sm,sm-city-santa-rosa,SM City Santa Rosa,south-luzon
chantel mobile,Chantel Mobile,gmall,gmall-of-digos,GMall of Digos,mindanao
chanti gem fine jewelry collection,CHANTI GEM FINE JEWELRY COLLECTION,ayala,ayala-manila-bay,Ayala Malls Manila Bay,metro-manila
chapel of our lady of perpetual hope,CHAPEL OF OUR LADY OF PERPETUAL HOPE,ayala,ayala-marquee,MarQuee Mall,north-luzon
chapes delectables,CHAPES DELECTABLES,sm,sm-city-grand-central,SM City Grand Central,metro-manila
chapes keto cakes and donuts,CHAPES KETO CAKES AND DONUTS,sm,sm-city-north-edsa,SM City North Edsa,metro-manila
chapes keto dream cakes,CHAPES KETO DREAM CAKES,sm,sm-city-fairview,SM City Fairview,metro-manila
chapos grill & sizzlers,Chapo's Grill & Sizzlers,robinsons,robinsons-la-union,Robinsons Place La Union,north-luzon
chapos grill and sizzlers,CHAPOS GRILL AND SIZZLERS,sm,sm-city-urdaneta-central,SM City Urdaneta Central,north-luzon
charging station,Charging Station (LGF),fishermall,quezonave,Fisher Mall Quezon Avenue,metro-manila
charina sarte,CHARINA SARTE,ayala,ayala-greenbelt,Greenbelt,metro-manila
charitos delights,Charito's Delights,robinsons,robinsons-tacloban,Robinsons Place Tacloban,visayas
chai connection,CHAI CONNECTION,sm,sm-cdo-downtown,SM CDO Downtown Premier,mindanao
cha tuk chak thai cafe,CHA TUK CHAK THAI CAFE,sm,sm-city-santa-rosa,SM City Santa Rosa,south-luzon
cherryfic finds,Cherryfic Finds,gmall,gmall-of-davao,GMall of Davao,mindanao
cg skin solutions,CG SKIN SOLUTIONS,sm,sm-city-sucat,SM City Sucat,metro-manila
cencom,CENCOM,araneta,farmers-plaza,Farmers Plaza,metro-manila
center for advanced dentistry,Center for Advanced Dentistry (CAD),ortigas,greenhills,Greenhills,metro-manila
center stage,CENTER STAGE,sm,sm-seaside-city-cebu,SM Seaside City Cebu,visayas
centrafone mobile inc,"CENTRAFONE MOBILE, INC.",xentro,ab-central,Ab Central,
central gallery,CENTRAL GALLERY,araneta,farmers-plaza,Farmers Plaza,metro-manila
central jewelry,Central Jewelry,ortigas,greenhills,Greenhills,metro-manila
centro department store,CENTRO DEPARTMENT STORE,xentro,ilagan-city-mall-isabela,Ilagan City Mall Isabela,
centro dept,CENTRO DEPT,xentro,xentro-mall-santiago,XentroMall Santiago,
centro dept store lotto,CENTRO DEPT. STORE LOTTO,xentro,xentro-mall-lemery,XentroMall Lemery,
ceo,CEO,robinsons,robinsons-magnolia,Robinsons Magnolia,metro-manila
cerveseria,Cerveseria,megaworld,forbes-town,Forbes Town,
cess and gab cellphone and accessories store,Cess and Gab Cellphone and Accessories Store,robinsons,robinsons-malabon,Robinsons Town Mall Malabon,metro-manila
ceylanka 0998 846 3813,CEYLANKA 0998-846-3813,robinsons,robinsons-cybergate-cebu,Robinsons Cybergate Cebu,visayas
cfg,CFG,ayala,ayala-center-cebu,Ayala Center Cebu,visayas
cfront quesine,CFRONT QUESINE,sm,sm-city-legazpi,SM City Legazpi,south-luzon
charlene clothing,CHARLENE CLOTHING,ayala,ayala-marquee,MarQuee Mall,north-luzon
charlene clothing co,Charlene Clothing Co.,robinsons,robinsons-starmills,Robinsons Starmills,north-luzon
charm by dr j lopez md,Charm by Dr. J. Lopez MD,ortigas,greenhills,Greenhills,metro-manila
charms gift shop & accesories,CHARMS GIFT SHOP & ACCESORIES,robinsons,robinsons-tuguegarao,Robinsons Place Tuguegarao,north-luzon
chef vinz lugawan,Chef Vinz Lugawan,gmall,gmall-of-toril,GMall of Toril,mindanao
chef waffles & pastries,CHEF WAFFLES & PASTRIES,robinsons,robinsons-novaliches,Robinsons Novaliches,metro-manila
chefnaths cronuts,CHEFNATHS CRONUTS,sm,sm-city-baguio,SM City Baguio,north-luzon
chefs bowl & rice,Chef's Bowl & Rice,robinsons,robinsons-galleria-ortigas,Robinsons Galleria,metro-manila
cheggs,Cheggs,robinsons,robinsons-galleria-cebu,Robinsons Galleria Cebu,visayas
chelsea,CHELSEA,ayala,ayala-center-cebu,Ayala Center Cebu,visayas
chemworld,Chemworld,megaworld,lucky-chinatown-prosperity-wing,Lucky Chinatown - Prosperity Wing,
chemworld fragrance,Chemworld Fragrance,filinvest,festival-mall,Festival Mall,metro-manila
cher nail tropics salon & spa,Cher Nail Tropics Salon & Spa,filinvest,il-corso,IL Corso,visayas
cherish bakeshop,Cherish Bakeshop,gmall,gmall-of-tagum,GMall of Tagum,mindanao
cherry miranda optical clinic,Cherry Miranda Optical Clinic,waltermart,guiguinto,WalterMart Guiguinto,north-luzon
cherry mobile miguelitos,Cherry Mobile MIGUELITOS,xentro,xentro-mall-calapan,XentroMall Calapan,
cherry mobile store,CHERRY MOBILE STORE,starmall,san-jose-del-monte,Starmall San Jose del Monte,north-luzon
cherry service center,Cherry Service Center,gmall,gmall-of-davao,GMall of Davao,mindanao
cherry turf,CHERRY TURF,sm,sm-cherry-shaw,SM Center Shaw,metro-manila
chef tonys,Chef Tony's,robinsons,robinsons-magnolia,Robinsons Magnolia,metro-manila
chef sinauna,Chef Sinauna,ortigas,tiendesitas,Tiendesitas,metro-manila
chef restys beef carving station,Chef Resty's Beef Carving Station,megaworld,greenhouse-village-square,The Greenhouse at Village Square,
chebi webbi,Chebi Webbi,ortigas,greenhills,Greenhills,metro-manila
charms sapin sapin,CHARMS SAPIN-SAPIN,sm,sm-city-rosales,SM City Rosales,north-luzon
chase,CHASE,ayala,ayala-malls-central-bloc,Ayala Malls Central Bloc,visayas
chateau 1771,CHATEAU 1771,ayala,ayala-one-bonifacio-high-street,One Bonifacio High Street,metro-manila
chatoyer,Chatoyer,fishermall,quezonave,Fisher Mall Quezon Avenue,metro-manila
chaya,CHAYA,sm,sm-city-baguio,SM City Baguio,north-luzon
chayi,ChaYi,megaworld,venice-grand-canal-mall,Venice Grand Canal Mall,
chedengs snack bar,CHEDENGS SNACK BAR,sm,sm-city-bataan,SM City Bataan,north-luzon
chef rahab,CHEF RAHAB,sm,sm-city-urdaneta-central,SM City Urdaneta Central,north-luzon
cheechat clothing shop,CHEECHAT CLOTHING SHOP,ayala,ayala-trinoma,Trinoma,metro-manila
cheese & stalk,CHEESE & STALK,sm,sm-city-tuguegarao,SM City Tuguegarao,north-luzon
cheese corn express,Cheese Corn Express,robinsons,robinsons-gentrias,Robinsons Place Gen. Trias,south-luzon
cheesu,CHEESU,sm,sm-southmall,SM Southmall,metro-manila
chef corea,Chef Corea,megaworld,greenhouse-village-square,The Greenhouse at Village Square,
chef gerwins happy tummy binalot 0905 488 2537,CHEF GERWIN'S HAPPY TUMMY BINALOT 0905 488 2537,robinsons,robinsons-sta-rosa,Robinsons Sta. Rosa,south-luzon
danbhels fitness gym,DANBHELS FITNESS GYM,sm,sm-center-pulilan,SM Center Pulilan,north-luzon
daneco,DANECO,gmall,gmall-of-tagum,GMall of Tagum,mindanao
daneco inc,DANECO INC.,robinsons,robinsons-tagum,Robinsons Place Tagum,mindanao
elita reyes canteen,Elita Reyes - Canteen,gmall,gmall-of-tagum,GMall of Tagum,mindanao
elite cut salon,ELITE CUT SALON,sm,smdc-breeze-mall,SMDC Breeze Mall,smdc
elite fitness,Elite Fitness,megaworld,eastwood-mall,Eastwood Mall,
elite mnl,Elite Mnl,filinvest,festival-mall,Festival Mall,metro-manila
elixer aesthec center,THE ELIXER AESTHEC CENTER,robinsons,robinsons-butuan,Robinsons Place Butuan,mindanao
elixir aesthetic center,THE ELIXIR AESTHETIC CENTER,robinsons,robinsons-butuan,Robinsons Place Butuan,mindanao
elle de marrer 639190954320,Elle De Marrer 639190954320,robinsons,robinsons-iligan,Robinsons Place Iligan,mindanao
elles salad,Elle's Salad,robinsons,robinsons-valencia,Robinsons Place Valencia,mindanao
elliot bar restaurant,ELLIOT BAR RESTAURANT,sm,sm-city-caloocan,SM City Caloocan,metro-manila
elmers massage,ELMER'S MASSAGE,robinsons,robinsons-bacolod,Robinsons Place Bacolod,visayas
elmo rose cellphone accessories,Elmo-Rose Cellphone Accessories,waltermart,taytay,WalterMart Taytay,metro-manila
elov chinese drug store,Elov Chinese Drug Store,waltermart,general-trias,WalterMart General Trias,south-luzon
elros barber shop,ELRO'S BARBER SHOP,sm,sm-city-rosales,SM City Rosales,north-luzon
elverde food,Elverde Food,ortigas,tiendesitas,Tiendesitas,metro-manila
elygem cellphone accessories,ELYGEM CELLPHONE ACCESSORIES,xentro,balagtas-town-center,Balagtas Town Center,
elygem ii cellphone accessories 2,ELYGEM II CELLPHONE ACCESSORIES 2,xentro,balagtas-town-center,Balagtas Town Center,
elite & aqua mineral,Elite & Aqua Mineral,robinsons,robinsons-galleria-cebu,Robinsons Galleria Cebu,visayas
eliahbella aesthetics and skin clinic,ELIAHBELLA AESTHETICS AND SKIN CLINIC,sm,sm-city-tuguegarao,SM City Tuguegarao,north-luzon
el ideal,EL IDEAL,ayala,ayala-capitol-central,Ayala Malls Capitol Central,visayas
elevate fitness studio,Elevate Fitness Studio,robinsons,robinsons-north-tacloban,Robinsons North Tacloban,visayas
el torogi extension ufc telecom,EL TOROGI EXTENSION UFC TELECOM,xentro,xentro-mall-lemery,XentroMall Lemery,
el torogi mrc,EL TOROGI MRC,xentro,xentro-mall-lemery,XentroMall Lemery,
elait,ELAIT,sm,sm-city-sucat,SM City Sucat,metro-manila
elait overdoughs,Elait + Overdoughs,megaworld,eastwood-mall,Eastwood Mall,
elarz lechon,Elarz Lechon,robinsons,robinsons-novaliches,Robinsons Novaliches,metro-manila
eldio elcias pasalubong center,Eldio Elcia's Pasalubong Center,megaworld,southwoods-mall,Southwoods Mall,
electric cycle,Electric Cycle,ortigas,greenhills,Greenhills,metro-manila
electric massage chair,ELECTRIC MASSAGE CHAIR,robinsons,robinsons-manila,Robinsons Place Manila,metro-manila
electric studio rhythm boxing,ELECTRIC STUDIO RHYTHM BOXING,sm,the-podium,The Podium,metro-manila
electrocomputer data system,ELECTROCOMPUTER DATA SYSTEM,sm,sm-savemore-tacloban,SM Savemore Tacloban,visayas
electromechanical shop,ELECTROMECHANICAL SHOP,xentro,xentro-mall-san-andres,XentroMall San Andres,
electronico,Electronico,robinsons,robinsons-palawan,Robinsons Place Palawan,south-luzon
elederm skin clinic,Elederm Skin Clinic,robinsons,robinsons-tacloban,Robinsons Place Tacloban,visayas
elenj general,ELENJ GENERAL (ESSENSA),xentro,sta-ana-public-market,Sta Ana Public Market,
elev8 fitness studio,ELEV8 FITNESS STUDIO,sm,the-podium,The Podium,metro-manila
emcor,Emcor,robinsons,robinsons-iloilo,Robinsons Place Iloilo,visayas
emerald star jewelry,Emerald Star Jewelry,robinsons,robinsons-north-tacloban,Robinsons North Tacloban,visayas
emerson watch accessories shop,EMERSON WATCH ACCESSORIES SHOP,sm,sm-city-santa-rosa,SM City Santa Rosa,south-luzon
emilias jewelry,EMILIA'S JEWELRY,ayala,ayala-abreeza,Abreeza,mindanao
encarnacion furnitures,Encarnacion Furnitures,robinsons,robinsons-roxas,Robinsons Place Roxas,visayas
endless treasures,ENDLESS TREASURES,sm,sm-lanang,SM Lanang,mindanao
engkanto brewery,Engkanto Brewery,megaworld,forbes-town,Forbes Town,
enhance cosmetic surgery skin care center,ENHANCE COSMETIC SURGERY SKIN CARE CENTER,sm,sm-city-fairview,SM City Fairview,metro-manila
enovas modular cabinet trading,ENOVAS MODULAR CABINET TRADING,sm,sm-city-cagayan-de-oro,SM City CDO Uptown,mindanao
ensorcell beauty,Ensorcell Beauty,ortigas,greenhills,Greenhills,metro-manila
enter10,Enter10,megaworld,venice-grand-canal-mall,Venice Grand Canal Mall,
envy me salon & spa,Envy Me Salon & Spa,robinsons,robinsons-iligan,Robinsons Place Iligan,mindanao
envyblooms skincare clinic,ENVYBLOOMS SKINCARE CLINIC,sm,sm-city-fairview,SM City Fairview,metro-manila
eo executives optical,EO EXECUTIVES OPTICAL,robinsons,robinsons-tagum,Robinsons Place Tagum,mindanao
eo for kids and up 0998 573 1087,EO FOR KIDS AND UP 0998-573-1087,robinsons,robinsons-pangasinan,Robinsons Place Pangasinan,north-luzon
eo kids and up,EO KIDS AND UP,robinsons,robinsons-iligan,Robinsons Place Iligan,mindanao
eomma korean foody,Eomma Korean Foody,filinvest,main-square,Main Square,south-luzon
er herbal,ER Herbal,robinsons,robinsons-iloilo,Robinsons Place Iloilo,visayas
er herbal store,ER Herbal Store,robinsons,robinsons-roxas,Robinsons Place Roxas,visayas
emsq fragrant,EMSQ Fragrant,robinsons,robinsons-otis,Robinsons Otis,metro-manila
emshar,Emshar,robinsons,robinsons-novaliches,Robinsons Novaliches,metro-manila
ems pasta and rolls,EMS Pasta and Rolls,gmall,gmall-of-davao,GMall of Davao,mindanao
empanadabes snack bar,EMPANADABES SNACK BAR,sm,sm-city-tarlac,SM City Tarlac,north-luzon
emj cellphone accesories,EMJ CELLPHONE ACCESORIES,robinsons,robinsons-otis,Robinsons Otis,metro-manila
emma canalog,Emma Canalog,ortigas,greenhills,Greenhills,metro-manila
emma lacsons delicacies,EMMA LACSON’S DELICACIES,ayala,ayala-capitol-central,Ayala Malls Capitol Central,visayas
emmans homemade foodeez,Emman's Homemade Foodeez,robinsons,robinsons-valencia,Robinsons Place Valencia,mindanao
empanada bes,EMPANADA BES,robinsons,robinsons-gapan,Robinsons Gapan,north-luzon
empanada de ilocos,EMPANADA DE ILOCOS,robinsons,robinsons-novaliches,Robinsons Novaliches,metro-manila
emperador,Emperador,megaworld,san-lorenzo-place-mall,San Lorenzo Place Mall,
empress dining palace,THE EMPRESS DINING PALACE,ayala,ayala-bonifacio-high-street,Bonifacio High Street,metro-manila
emperador brandy museum,Emperador Brandy Museum,megaworld,festive-walk-parade,Festive Walk Parade,
emperor siomai,Emperor Siomai,xentro,shopking,Shopking,
emperors siomai,Emperors Siomai,xentro,shopking,Shopking,
emperors tea,Emperor's Tea,robinsons,robinsons-novaliches,Robinsons Novaliches,metro-manila
empire east showroom,Empire East Showroom,megaworld,san-lorenzo-place-mall,San Lorenzo Place Mall,
empress beauty skin care essentials,EMPRESS BEAUTY SKIN CARE ESSENTIALS,ayala,ayala-pavilion,Pavilion Mall,south-luzon
el paso cafe,EL PASO CAFÉ,ayala,ayala-harbor-point,Harbor Point,north-luzon
el corazon,El Corazon,megaworld,uptown-mall,Uptown Mall,
eric kayser,ERIC KAYSER,sm,the-podium,The Podium,metro-manila
eastern terra,EASTERN TERRA,sm,sm-cdo-downtown,SM CDO Downtown Premier,mindanao
eastwood citywalk cinemas,Eastwood Citywalk Cinemas,megaworld,eastwood-city-walk,Eastwood City Walk,
eastwood citywalk cinemas snackbar,Eastwood Citywalk Cinemas - Snackbar,megaworld,eastwood-city-walk,Eastwood City Walk,
eastwood mall cinemas,Eastwood Mall Cinemas,megaworld,eastwood-mall,Eastwood Mall,
eastwood mall cinemas snackbar,Eastwood Mall Cinemas - Snackbar,megaworld,eastwood-mall,Eastwood Mall,
eastworld home,EASTWORLD HOME,ayala,ayala-manila-bay,Ayala Malls Manila Bay,metro-manila
easy soft,Easy Soft,filinvest,festival-mall,Festival Mall,metro-manila
easy tiger,"Easy ,Tiger",sm,sm-mall-of-asia,SM Mall of Asia,metro-manila
easy trip digital station,EASY TRIP DIGITAL STATION,robinsons,robinsons-galleria-ortigas,Robinsons Galleria,metro-manila
eat a pita,Eat-A-Pita,gmall,gmall-of-davao,GMall of Davao,mindanao
eatery happy days,Eatery Happy Days,megaworld,lucky-chinatown-imperial-wing,Lucky Chinatown - Imperial Wing,
eatfitly,EATFITLY,sm,sm-center-pasig,SM Center Pasig,metro-manila
eau thermale av ne,EAU THERMALE AV?NE,sm,s-maison,S Maison,metro-manila
eau thermale avene,EAU THERMALE AVENE,sm,s-maison,S Maison,metro-manila
ebingo,EBINGO,robinsons,robinsons-cainta,Robinsons Cainta,metro-manila
ebiz western union,EBIZ WESTERN UNION,starmall,san-jose-del-monte,Starmall San Jose del Monte,north-luzon
eastwing golf,Eastwing Golf,ortigas,estancia,Estancia,metro-manila
eastern pacific travel & tours mej fashion store,Eastern Pacific Travel & Tours MEJ FASHION STORE,xentro,xentro-mall-calapan,XentroMall Calapan,
el chato mexican kitchen,EL CHATO MEXICAN KITCHEN,sm,sm-mall-of-asia,SM Mall of Asia,metro-manila
east city dental center,East City Dental Center,waltermart,antipolo,WalterMart Antipolo,metro-manila
e bingo boutique,E-BINGO BOUTIQUE,ayala,ayala-the-district-dasmarinas,The District Dasmarinas,south-luzon
e cp & accessories,E CP & ACCESSORIES ( Techie Mania),xentro,tanay-town-center,Tanay Town Center,
e era,E-ERA,sm,sm-city-baguio,SM City Baguio,north-luzon
e g g,E.G.G. (Exciting Gifts & Goodies),robinsons,robinsons-lipa,Robinsons Place Lipa,south-luzon
e games,E-games,filinvest,festival-mall,Festival Mall,metro-manila
e s jamora eye care,E.S Jamora Eye Care,gmall,gmall-of-davao,GMall of Davao,mindanao
e&e takoyaki,E&E Takoyaki,robinsons,robinsons-fuente,Robinsons Fuente,visayas
e&e takuyaki 9177725146,E&E TAKUYAKI 9177725146,robinsons,robinsons-cybergate-cebu,Robinsons Cybergate Cebu,visayas
e&es takuyaki,E&E's Takuyaki,robinsons,robinsons-galleria-cebu,Robinsons Galleria Cebu,visayas
ear technologies,EAR TECHNOLOGIES,sm,sm-city-baguio,SM City Baguio,north-luzon
earls jewelry,EARL'S JEWELRY,robinsons,robinsons-palawan,Robinsons Place Palawan,south-luzon
earls jewelry & souvenirs,EARL'S JEWELRY & SOUVENIRS,robinsons,robinsons-palawan,Robinsons Place Palawan,south-luzon
earth beauty aesthetics,EARTH BEAUTY AESTHETICS,sm,sm-city-santa-rosa,SM City Santa Rosa,south-luzon
earthy kit,EARTHY KIT,sm,sm-city-fairview,SM City Fairview,metro-manila
ease off by modish,EASE OFF BY MODISH,sm,sm-city-roxas,SM City Roxas,visayas
ec cafe,EC CAFE | RESTAURANT,sm,sm-center-pulilan,SM Center Pulilan,north-luzon
ec hip hop mini gem exhibit,EC HIP HOP MINI GEM EXHIBIT (#9),xentro,montalban-town-center,Montalban Town Center,
eca optical clinic world balance,ECA Optical Clinic WORLD BALANCE,xentro,xentro-mall-lemery,XentroMall Lemery,
ecco,ECCO,sm,sm-mall-of-asia,SM Mall of Asia,metro-manila
ednas pasalubong,Edna's Pasalubong,robinsons,galleria-south,Robinsons Galleria South,south-luzon
edoya,Edoya,megaworld,arcovia-city,Arcovia City,
eduardo hantic ong,EDUARDO HANTIC ONG,xentro,ab-central,Ab Central,
edwin lisa,Edwin Lisa,megaworld,lucky-chinatown-imperial-wing,Lucky Chinatown - Imperial Wing,
eesome,Eesome,megaworld,forbes-town,Forbes Town,
efren watch repair,Efren Watch Repair,robinsons,robinsons-galleria-cebu,Robinsons Galleria Cebu,visayas
egg depot,EGG DEPOT,sm,sm-cherry-shaw,SM Center Shaw,metro-manila
egg exciting gifts goodies,EGG [EXCITING GIFTS + GOODIES],ayala,ayala-manila-bay,Ayala Malls Manila Bay,metro-manila
egg project,THE EGG PROJECT,robinsons,robinsons-manila,Robinsons Place Manila,metro-manila
egg tarts mnl,Egg Tarts Mnl,filinvest,festival-mall,Festival Mall,metro-manila
eggluck,EGGLUCK,robinsons,robinsons-ilocos,Robinsons Place Ilocos,north-luzon
eight gig,EIGHT GIG,sm,sm-city-batangas,SM City Batangas,south-luzon
eisor fashion collection,EISOR FASHION COLLECTION,xentro,balagtas-town-center,Balagtas Town Center,
ekart raceway,EKART RACEWAY,sm,sm-city-north-edsa,SM City North Edsa,metro-manila
el bonito pizza,El Bonito Pizza,robinsons,robinsons-sta-rosa,Robinsons Sta. Rosa,south-luzon
edita aranez jewelry,EDITA ARANEZ JEWELRY,araneta,farmers-plaza,Farmers Plaza,metro-manila
edifier,EDIFIER,sm,sm-megamall,SM Megamall,metro-manila
edifer enterprises,EDIFER ENTERPRISES,robinsons,robinsons-luisita,Robinsons Luisita,north-luzon
eden hair & nail station,EDEN HAIR & NAIL STATION,robinsons,robinsons-metro-east,Robinsons Metro East,metro-manila
echague bakery,Echague Bakery,fishermall,quezonave,Fisher Mall Quezon Avenue,metro-manila
echolac,Echolac,megaworld,eastwood-mall,Eastwood Mall,
echt appliance and trading,ECHT APPLIANCE AND TRADING,robinsons,robinsons-tagum,Robinsons Place Tagum,mindanao
eco oil,ECO OIL,robinsons,robinsons-novaliches,Robinsons Novaliches,metro-manila
ecpay,ECPAY,ayala,ayala-metropoint,Metro Point Mall,metro-manila
eddah,Eddah,robinsons,robinsons-novaliches,Robinsons Novaliches,metro-manila
eden s lechon,Eden\'s Lechon,gmall,gmall-of-davao,GMall of Davao,mindanao
edifer electronics,Edifer Electronics,waltermart,guiguinto,WalterMart Guiguinto,north-luzon
edengs toy center,EDENG'S TOY CENTER,ayala,ayala-market-market,Market! Market!,metro-manila
edens hair & nail salon,EDEN'S HAIR & NAIL SALON,robinsons,robinsons-metro-east,Robinsons Metro East,metro-manila
edge,Edge,gmall,gmall-of-davao,GMall of Davao,mindanao
edge care plus,EDGE CARE PLUS,sm,sm-center-sangandaan,SM Center Sangandaan,north-luzon
edge care plus telecom,EDGE CARE PLUS TELECOM,sm,sm-city-cauayan,SM City Cauayan,north-luzon
edgecare plus,Edgecare Plus,waltermart,balanga,WalterMart Balanga,north-luzon
ergo home,ERGO HOME,sm,sm-megamall,SM Megamall,metro-manila
erickelle marie frances,Erickelle Marie Frances,robinsons,robinsons-fuente,Robinsons Fuente,visayas
e & es takuyaki,E & E's Takuyaki,robinsons,robinsons-gen-san,Robinsons Place GenSan,mindanao
eyes at work,Eyes at Work,gmall,gmall-of-tagum,GMall of Tagum,mindanao
ez text,Ez Text,ortigas,greenhills,Greenhills,metro-manila
f,F,gmall,gmall-of-tagum,GMall of Tagum,mindanao
f&c jewelry,F&C JEWELRY,ayala,ayala-glorietta,Glorietta,metro-manila
f&m niceday carwash,F&M Niceday Carwash,robinsons,robinsons-antique,Robinsons Place Antique,visayas
faathena gen merchandise,FAATHENA GEN. MERCHANDISE,robinsons,robinsons-novaliches,Robinsons Novaliches,metro-manila
fab you lush,FAB-YOU-LUSH,robinsons,robinsons-gentrias,Robinsons Place Gen. Trias,south-luzon
fabric life by larrys,FABRIC LIFE BY LARRYS,sm,sm-city-cebu,SM City Cebu,visayas
fabrics plus,FABRICS PLUS,sm,sm-city-cebu,SM City Cebu,visayas
fabularize smile,FABULARIZE SMILE,robinsons,robinsons-tagum,Robinsons Place Tagum,mindanao
fabularized cafe,FABULARIZED CAFE,robinsons,robinsons-tagum,Robinsons Place Tagum,mindanao
fabulous burger,Fabulous Burger,gmall,gmall-of-tagum,GMall of Tagum,mindanao
face,FACE,ayala,ayala-serin,Ayala Malls Serin,south-luzon
faceshop,THE FACESHOP,robinsons,robinsons-antipolo,Robinsons Place Antipolo,metro-manila
facial plus,FACIAL PLUS,ayala,ayala-legazpi,Ayala Malls Legazpi,south-luzon
facial plus spa,FACIAL PLUS SPA,sm,sm-city-sorsogon,SM City Sorsogon,south-luzon
eyezone vision center,EYEZONE VISION CENTER,sm,sm-city-lucena,SM City Lucena,south-luzon
eyes & shades optical clinic,Eyes & Shades Optical Clinic,robinsons,robinsons-valencia,Robinsons Place Valencia,mindanao
extraordineri salon,EXTRAORDINERI SALON,ayala,ayala-serin,Ayala Malls Serin,south-luzon
eyepod,THE EYEPOD,sm,sm-megamall,SM Megamall,metro-manila
extreme mobile cellphone accessories,Extreme-Mobile Cellphone Accessories,gmall,gmall-of-davao,GMall of Davao,mindanao
exzone repair shop,EXZONE REPAIR SHOP,sm,sm-city-lucena,SM City Lucena,south-luzon
eye & optics,Eye & Optics,robinsons,robinsons-santiago,Robinsons Place Santiago,north-luzon
eye city,The Eye City,megaworld,festive-walk-mall-iloilo,Festive Walk Mall,
eye design optical clinic,Eye Design Optical Clinic,robinsons,robinsons-novaliches,Robinsons Novaliches,metro-manila
eye lab,THE EYE LAB,sm,sm-city-calamba,SM City Calamba,south-luzon
eye optics,EYE OPTICS,sm,sm-city-cauayan,SM City Cauayan,north-luzon
eye q optical solution,EYE-Q OPTICAL SOLUTION,araneta,farmers-plaza,Farmers Plaza,metro-manila
eye republic,EYE REPUBLIC,ayala,ayala-trinoma,Trinoma,metro-manila
eye sports,EYE SPORTS,ayala,ayala-glorietta,Glorietta,metro-manila
eye studio,Eye Studio,robinsons,robinsons-antipolo,Robinsons Place Antipolo,metro-manila
eye style vision ctr,Eye Style Vision CTR,gmall,gmall-of-davao,GMall of Davao,mindanao
eyebrowdery,THE EYEBROWDERY,sm,sm-megamall,SM Megamall,metro-manila
eyecare deluxe optical clinic,EYECARE DELUXE OPTICAL CLINIC,ayala,ayala-abreeza,Abreeza,mindanao
eyecrafter,EYECRAFTER,ayala,ayala-abreeza,Abreeza,mindanao
fairy land,Fairy land,robinsons,robinsons-gentrias,Robinsons Place Gen. Trias,south-luzon
fairy trail 9332662016,Fairy Trail 9332662016,robinsons,robinsons-santiago,Robinsons Place Santiago,north-luzon
fairy trail trackless electric train,FAIRY TRAIL TRACKLESS ELECTRIC TRAIN (OPEN),robinsons,robinsons-naga,Robinsons Place Naga,south-luzon
fairyland specialty shop,Fairyland Specialty Shop,robinsons,robinsons-imus,Robinsons Place Imus,south-luzon
fashion mobile,FASHION MOBILE,sm,sm-city-general-santos,SM City General Santos,mindanao
fashion plate,FASHION PLATE,xentro,xentro-mall-santiago,XentroMall Santiago,
fashion plate rsc,THE FASHION PLATE/RSC,xentro,northstar-mall,Northstar Mall,
fashion square 9533153345,Fashion Square 9533153345,robinsons,robinsons-santiago,Robinsons Place Santiago,north-luzon
fashion tv,FASHION TV,ayala,ayala-manila-bay,Ayala Malls Manila Bay,metro-manila
fashion view btg,Fashion View BTG,gmall,gmall-of-davao,GMall of Davao,mindanao
fashionista mom beauty lounge,FASHIONISTA MOM BEAUTY LOUNGE,sm,sm-center-lemery,SM Center Lemery,south-luzon
fashionistas dimsum republic,FASHIONISTA'S DIMSUM REPUBLIC,xentro,montalban-town-center,Montalban Town Center,
fast fix key duplication shoes and bags repair,FAST FIX KEY DUPLICATION SHOES AND BAGS REPAIR,sm,sm-city-davao,SM City Davao,mindanao
fast play,FAST PLAY,robinsons,robinsons-gen-san,Robinsons Place GenSan,mindanao
fastplay,Fastplay,robinsons,robinsons-gen-san,Robinsons Place GenSan,mindanao
fat belly kitchen,FAT BELLY KITCHEN,robinsons,robinsons-manila,Robinsons Place Manila,metro-manila
fat chef restaurant,FAT CHEF RESTAURANT,sm,sm-city-cagayan-de-oro,SM City CDO Uptown,mindanao
fat monk,FAT MONK,sm,sm-cdo-downtown,SM CDO Downtown Premier,mindanao
fatboys pizza & pasta,Fatboys Pizza & Pasta,waltermart,caloocan,WalterMart Caloocan,metro-manila
fashion face exhibit,FASHION FACE EXHIBIT,xentro,xentro-mall-santiago,XentroMall Santiago,
fashion 21,FASHION 21,robinsons,robinsons-manila,Robinsons Place Manila,metro-manila
fashion 101,Fashion 101,ortigas,greenhills,Greenhills,metro-manila
famous belgain waffle,FAMOUS BELGAIN WAFFLE,robinsons,robinsons-starmills,Robinsons Starmills,north-luzon
falcor marketing corporation,FALCOR MARKETING CORPORATION,sm,sm-city-bacolod,SM City Bacolod,visayas
fame in hollywood diner,Fame in Hollywood Diner,gmall,gmall-of-davao,GMall of Davao,mindanao
family appliance center,Family Appliance Center,gmall,gmall-of-davao,GMall of Davao,mindanao
family eye center,Family Eye Center,robinsons,robinsons-cybergate-davao,Robinsons Cybergate Davao,mindanao
family fried chicken,FAMILY FRIED CHICKEN,robinsons,robinsons-metro-east,Robinsons Metro East,metro-manila
family health & beauty corp,FAMILY HEALTH & BEAUTY CORP.,xentro,ab-central,Ab Central,
famous belgian,FAMOUS BELGIAN,robinsons,robinsons-la-union,Robinsons Place La Union,north-luzon
farronccino cafe,Farronccino Café,gmall,gmall-of-davao,GMall of Davao,mindanao
famous belgian waffle 0932 232 9222,FAMOUS BELGIAN WAFFLE 0932-232-9222,robinsons,robinsons-cybergate-cebu,Robinsons Cybergate Cebu,visayas
famous country waffles,FAMOUS COUNTRY WAFFLES,robinsons,opus,Opus Mall,metro-manila
fantasyworld,FANTASYWORLD,sm,sm-city-masinag,SM City Masinag,metro-manila
farm stay,Farm Stay,gmall,gmall-of-davao,GMall of Davao,mindanao
farmery deli,Farmery Deli,ortigas,estancia,Estancia,metro-manila
farron coffee,FARRON COFFEE,fishermall,malabon,Fisher Mall Malabon,metro-manila
extreme mobile,Extreme Mobile,gmall,gmall-of-tagum,GMall of Tagum,mindanao
exquisite advanced dental clinic,EXQUISITE ADVANCED DENTAL CLINIC,robinsons,galleria-south,Robinsons Galleria South,south-luzon
ermenegildo zegna,ERMENEGILDO ZEGNA,ayala,ayala-greenbelt,Greenbelt,metro-manila
essens,Essens,waltermart,sta-rosa,WalterMart Sta. Rosa,south-luzon
essenza esthetica,ESSENZA ESTHETICA,sm,sm-center-pasig,SM Center Pasig,metro-manila
est by grand castella,EST BY GRAND CASTELLA,sm,sm-aura,SM Aura,metro-manila
estees toy house,Estee's Toy House,robinsons,robinsons-novaliches,Robinsons Novaliches,metro-manila
esthetique,ESTHETIQUE,sm,sm-city-pampanga,SM City Pampanga,north-luzon
ettas,ETTAS,sm,sm-jmall,SM J Mall,visayas
etude casa musica,ETUDE CASA MUSICA,ayala,ayala-solenad,Ayala Malls Nuvali,south-luzon
eu yan sang,Eu Yan Sang,robinsons,robinsons-magnolia,Robinsons Magnolia,metro-manila
euphony,Euphony,robinsons,robinsons-dasmarinas,Robinsons Place Dasmarinas,south-luzon
euro baker bakeshop,Euro Baker Bakeshop,gmall,gmall-of-davao,GMall of Davao,mindanao
euro oriental massage,EURO-ORIENTAL MASSAGE,sm,sm-city-santa-rosa,SM City Santa Rosa,south-luzon
eurobake,Eurobake,ortigas,greenhills,Greenhills,metro-manila
eurocave,EUROCAVE,ayala,ayala-one-bonifacio-high-street,One Bonifacio High Street,metro-manila
euronet,EURONET,ayala,ayala-centrio,Centrio Mall,mindanao
europak,Europak,filinvest,festival-mall,Festival Mall,metro-manila
eurostep footwear 9178887849,Eurostep Footwear 9178887849,robinsons,robinsons-iligan,Robinsons Place Iligan,mindanao
essensuals by toni guy,ESSENSUALS BY TONI GUY,sm,sm-mall-of-asia,SM Mall of Asia,metro-manila
essencia skin care spa,ESSENCIA SKIN CARE SPA,sm,sm-city-north-edsa,SM City North Edsa,metro-manila
exquisite advance dental center,EXQUISITE ADVANCE DENTAL CENTER,robinsons,robinsons-novaliches,Robinsons Novaliches,metro-manila
essence derm aesthetic,Essence Derm Aesthetic,megaworld,california-garden-square,California Garden Square,
ernies lemonade,ERNIE'S LEMONADE,xentro,xentro-mall-san-andres,XentroMall San Andres,
eronic cp and accessories 2,ERONIC CP AND ACCESSORIES 2,xentro,xentro-mall-roxas,XentroMall Roxas,
ersao,ERSAO,sm,smdc-strip-at-mezza,SMDC Strip at Mezza,smdc
erwin g hair salon,ERWIN G HAIR SALON,sm,sm-city-bacolod,SM City Bacolod,visayas
es elle aesthetic,Es Elle Aesthetic,megaworld,lucky-chinatown-mall,Lucky Chinatown Mall,
es things specialty shop,ES THINGS SPECIALTY SHOP,sm,sm-city-davao,SM City Davao,mindanao
escape cebu,ESCAPE Cebu,robinsons,robinsons-galleria-cebu,Robinsons Galleria Cebu,visayas
esotico,Esotico,robinsons,robinsons-manila,Robinsons Place Manila,metro-manila
esotico jewelry,ESOTICO JEWELRY,sm,sm-mall-of-asia,SM Mall of Asia,metro-manila
espacio manila artphile,Espacio Manila / Artphile,filinvest,festival-mall,Festival Mall,metro-manila
espieranza,ESPIERANZA,araneta,farmers-plaza,Farmers Plaza,metro-manila
espressions mobile center,ESPRESSIONS MOBILE CENTER,robinsons,robinsons-iligan,Robinsons Place Iligan,mindanao
esprit oshkosh,Esprit / Oshkosh,ortigas,greenhills,Greenhills,metro-manila
esse,ESSE,robinsons,robinsons-tacloban,Robinsons Place Tacloban,visayas
esse parfum,ESSE PARFUM,sm,sm-city-fairview,SM City Fairview,metro-manila
ev dental,EV Dental,robinsons,robinsons-tacloban,Robinsons Place Tacloban,visayas
evans goto,EVAN'S GOTO,robinsons,robinsons-otis,Robinsons Otis,metro-manila
evegate tranquilo wellness massage,EVEGATE TRANQUILO WELLNESS MASSAGE,sm,sm-city-sorsogon,SM City Sorsogon,south-luzon
events photo booth bicol,Events Photo Booth Bicol,robinsons,robinsons-naga,Robinsons Place Naga,south-luzon
exhibit,EXHIBIT,xentro,xentro-mall-tumauini,XentroMall Tumauini,
exhibit depot,EXHIBIT DEPOT,xentro,xentro-mall-san-andres,XentroMall San Andres,
exi health& beauty,Exi Health& Beauty,xentro,mall-of-the-valley,Mall Of The Valley,
express cut,EXPRESS CUT,ayala,ayala-market-market,Market! Market!,metro-manila
express relief,Express Relief,robinsons,robinsons-galleria-ortigas,Robinsons Galleria,metro-manila
express sincerity,Express Sincerity,robinsons,robinsons-magnolia,Robinsons Magnolia,metro-manila
expresscut,EXPRESSCUT,sm,sm-cherry-antipolo,SM Center Antipolo Downtown,metro-manila
expresse cafe,Expresse Cafe,robinsons,robinsons-bacolod,Robinsons Place Bacolod,visayas
expression,EXPRESSION,robinsons,robinsons-butuan,Robinsons Place Butuan,mindanao
expressions exhibit,EXPRESSIONS EXHIBIT,xentro,ilagan-city-mall-isabela,Ilagan City Mall Isabela,
expressions fabric square,EXPRESSIONS FABRIC SQUARE,ayala,ayala-glorietta,Glorietta,metro-manila
expressions stationary,Expressions Stationary,gmall,gmall-of-digos,GMall of Digos,mindanao
expressions stationery inc,Expressions Stationery Inc.,robinsons,robinsons-iligan,Robinsons Place Iligan,mindanao
expressions stationery shop,EXPRESSIONS STATIONERY SHOP,starmall,san-jose-del-monte,Starmall San Jose del Monte,north-luzon
expressions stationery shop inc,"EXPRESSIONS STATIONERY SHOP, INC.",starmall,edsa-shaw,Starmall EDSA-Shaw,metro-manila
executive optical mini gem exhibit,EXECUTIVE OPTICAL MINI GEM EXHIBIT (#3),xentro,montalban-town-center,Montalban Town Center,
executive optical jrose fashion and beauty products,Executive Optical Jrose Fashion and Beauty Products ( ELBIE PINEDA ),xentro,xentro-mall-calapan,XentroMall Calapan,
executive optical aficionado,EXECUTIVE OPTICAL AFICIONADO,xentro,xentro-mall-lemery,XentroMall Lemery,
everything yummy,EVERYTHING YUMMY,sm,sm-jmall,SM J Mall,visayas
ever bilena,EVER BILENA,robinsons,robinsons-manila,Robinsons Place Manila,metro-manila
ever eyewear,EVER EYEWEAR,xentro,xentro-mall-san-andres,XentroMall San Andres,
ever new melbourne,Ever New Melbourne,filinvest,festival-mall,Festival Mall,metro-manila
everyday coffee roasters,EVERYDAY COFFEE ROASTERS,sm,sm-city-santa-rosa,SM City Santa Rosa,south-luzon
everyday laundry,EVERYDAY LAUNDRY,sm,sm-southmall,SM Southmall,metro-manila
everything nice cakeshop cafe,EVERYTHING NICE CAKESHOP CAFE,sm,sm-city-baguio,SM City Baguio,north-luzon
evita,Evita,robinsons,robinsons-sta-rosa,Robinsons Sta. Rosa,south-luzon
exclusively his,Exclusively His,megaworld,forbes-town,Forbes Town,
evita peroni,EVITA PERONI,ayala,ayala-greenbelt,Greenbelt,metro-manila
evo helmet,EVO HELMET,ayala,ayala-market-market,Market! Market!,metro-manila
ew villa medica,EW Villa Medica,megaworld,newport-city,Newport City,
excell,EXCELL,sm,sm-city-baguio,SM City Baguio,north-luzon
exchange,Exchange,robinsons,robinsons-ilocos,Robinsons Place Ilocos,north-luzon
exclusive computer,EXCLUSIVE COMPUTER,araneta,farmers-plaza,Farmers Plaza,metro-manila
e accessorize,E-Accessorize,gmall,gmall-of-davao,GMall of Davao,mindanao
e & e takoyaki,E & E TAKOYAKI,robinsons,robinsons-iligan,Robinsons Place Iligan,mindanao
dannahs decor,DANNAH'S DECOR,ayala,ayala-market-market,Market! Market!,metro-manila
dentista ko clinic,Dentista Ko Clinic,waltermart,guiguinto,WalterMart Guiguinto,north-luzon
deoglow skinnovation,Deoglow Skinnovation,megaworld,san-lorenzo-place-mall,San Lorenzo Place Mall,
deogold,DEOGOLD,robinsons,robinsons-cagayan-de-oro,Robinsons Cagayan de Oro,mindanao
deogold 0967 7754934,DEOGOLD 0967-7754934,robinsons,robinsons-cagayan-de-oro,Robinsons Cagayan de Oro,mindanao
deoluxe massage and body spa,DEOLUXE MASSAGE AND BODY SPA,sm,sm-cdo-downtown,SM CDO Downtown Premier,mindanao
department of labor and employment,Department Of Labor And Employment (dole),filinvest,main-square,Main Square,south-luzon
department of migrant workers,DEPARTMENT OF MIGRANT WORKERS,robinsons,robinsons-iloilo,Robinsons Place Iloilo,visayas
department of social welfare and development,Department Of Social Welfare And Development (dswd),filinvest,main-square,Main Square,south-luzon
derm station,DERM STATION,sm,sm-city-lucena,SM City Lucena,south-luzon
derma bloom skin clinic,Derma Bloom Skin Clinic,robinsons,robinsons-tuguegarao,Robinsons Place Tuguegarao,north-luzon
derma concepts,DERMA CONCEPTS,sm,sm-city-masinag,SM City Masinag,metro-manila
derma esthetica,Derma Esthetica,ortigas,greenhills,Greenhills,metro-manila
dermacare,Dermacare,megaworld,newport-city,Newport City,
dermacircles,DERMACIRCLES,sm,sm-city-butuan,SM City Butuan,mindanao
dermastrasse,Dermastrasse,fishermall,quezonave,Fisher Mall Quezon Avenue,metro-manila
dermatology clinic,DERMATOLOGY CLINIC,robinsons,robinsons-galleria-ortigas,Robinsons Galleria,metro-manila
dentspec,DENTSPEC,sm,sm-city-cebu,SM City Cebu,visayas
dentista ko,Dentista Ko,robinsons,robinsons-malolos,Robinsons Place Malolos,north-luzon
dental hub,The Dental Hub,megaworld,venice-grand-canal-mall,Venice Grand Canal Mall,
dentista group,DENTISTA GROUP,ayala,ayala-harbor-point,Harbor Point,north-luzon
dental partners,Dental Partners,robinsons,robinsons-malolos,Robinsons Place Malolos,north-luzon
dental place,DENTAL PLACE,robinsons,robinsons-gapan,Robinsons Gapan,north-luzon
dental prime,Dental Prime,gmall,gmall-of-tagum,GMall of Tagum,mindanao
dental solutions,Dental Solutions,gmall,gmall-of-toril,GMall of Toril,mindanao
dental spa,DENTAL SPA,sm,sm-city-iloilo,SM City Iloilo,visayas
dental specialty inc,DENTAL SPECIALTY INC.,ayala,ayala-the-district-dasmarinas,The District Dasmarinas,south-luzon
dental suite,DENTAL SUITE,robinsons,robinsons-pagadian,Robinsons Pagadian,mindanao
dental wellness,Dental Wellness,robinsons,robinsons-cybergate-cebu,Robinsons Cybergate Cebu,visayas
dental world,Dental World,robinsons,robinsons-tacloban,Robinsons Place Tacloban,visayas
dentaland,DENTALAND,ayala,ayala-center-cebu,Ayala Center Cebu,visayas
dentallounge health hub,DENTALLOUNGE HEALTH HUB,sm,sm-city-tuguegarao,SM City Tuguegarao,north-luzon
dentcare and therabreath center,DENTCARE AND THERABREATH CENTER,sm,sm-city-iloilo,SM City Iloilo,visayas
dentcare plus,DENTCARE PLUS,sm,sm-city-dasmarinas,SM City Dasmariñas,south-luzon
dentist touch,DENTIST TOUCH,sm,sm-city-novaliches,SM City Novaliches,metro-manila
dentista dabawenyo,Dentista Dabawenyo,gmall,gmall-of-davao,GMall of Davao,mindanao
dermatrium skin care,DERMATRIUM SKIN CARE,sm,sm-city-legazpi,SM City Legazpi,south-luzon
dermax,Dermax,filinvest,festival-mall,Festival Mall,metro-manila
dermax laser center,DERMAX LASER CENTER,ayala,ayala-solenad,Ayala Malls Nuvali,south-luzon
dermcare 9258558937,DermCare 9258558937,robinsons,robinsons-santiago,Robinsons Place Santiago,north-luzon
developed parking,Developed Parking,xentro,shopking,Shopking,
devia,DEVIA,sm,sm-city-bacolod,SM City Bacolod,visayas
dexter laundry,Dexter Laundry,megaworld,eastwood-cyber-mall,Eastwood Cyber Mall,
df dacanay dental center,DF DACANAY DENTAL CENTER,sm,sm-center-pasig,SM Center Pasig,metro-manila
dfa regional consular office,DFA REGIONAL CONSULAR OFFICE,ayala,ayala-marquee,MarQuee Mall,north-luzon
dialog telecom,DIALOG TELECOM,sm,sm-city-north-edsa,SM City North Edsa,metro-manila
diamond finery,THE DIAMOND FINERY,ayala,ayala-greenbelt,Greenbelt,metro-manila
diamond life,DIAMOND LIFE,robinsons,robinsons-galleria-ortigas,Robinsons Galleria,metro-manila
diamond rent a car,DIAMOND RENT-A-CAR,sm,sm-city-davao,SM City Davao,mindanao
diamond star,Diamond Star,robinsons,robinsons-tacloban,Robinsons Place Tacloban,visayas
diamonds and lilies,DIAMONDS AND LILIES,sm,sm-city-mindpro,SM City Mindpro,mindanao
diana binoya cahayag 0909 407 5343,Diana Binoya Cahayag 0909-407-5343,robinsons,robinsons-cybergate-cebu,Robinsons Cybergate Cebu,visayas
diana stadler,Diana Stadler,araneta,gateway-mall,Gateway Mall,metro-manila
diandra denise,Diandra Denise,robinsons,robinsons-lipa,Robinsons Place Lipa,south-luzon
dickies kiosk,Dickies Kiosk,gmall,gmall-of-davao,GMall of Davao,mindanao
dev hub center for intervention,DEV HUB CENTER FOR INTERVENTION,sm,sm-cherry-antipolo,SM Center Antipolo Downtown,metro-manila
deuces coffee,Deuces Coffee,megaworld,newport-city,Newport City,
detailed x quisite,DETAILED X QUISITE,sm,sm-city-iloilo,SM City Iloilo,visayas
deserie,Deserie,waltermart,sucat,WalterMart Sucat,metro-manila
dermis luxury skin specialst and aesthetic center,DERMIS LUXURY SKIN SPECIALST AND AESTHETIC CENTER,sm,smdc-fame-mall,SMDC Fame Mall,smdc
dermo republiq,DERMO REPUBLIQ,sm,sm-city-masinag,SM City Masinag,metro-manila
dermphil skin clinic,DERMPHIL SKIN CLINIC,ayala,ayala-pavilion,Pavilion Mall,south-luzon
dermstrata atelier,DERMSTRATA ATELIER,robinsons,robinsons-galleria-ortigas,Robinsons Galleria,metro-manila
dermstrata premier,DERMSTRATA PREMIER,ayala,ayala-manila-bay,Ayala Malls Manila Bay,metro-manila
dermtrends,DERMTRENDS,sm,sm-city-san-lazaro,SM City San Lazaro,metro-manila
design project digital embroidery services,Design Project Digital Embroidery Services,robinsons,robinsons-iloilo,Robinsons Place Iloilo,visayas
destiny church event area,Destiny Church Event Area,gmall,gmall-of-toril,GMall of Toril,mindanao
designer blooms,DESIGNER BLOOMS,ayala,ayala-glorietta,Glorietta,metro-manila
deskanso cafe,Deskanso Cafe,robinsons,robinsons-tacloban,Robinsons Place Tacloban,visayas
dessert factory,THE DESSERT FACTORY,ayala,ayala-center-cebu,Ayala Center Cebu,visayas
dessert factory restaurant and bakery,The Dessert Factory Restaurant And Bakery,filinvest,il-corso,IL Corso,visayas
dessert museum,THE DESSERT MUSEUM,sm,s-maison,S Maison,metro-manila
dessert zone,Dessert Zone,gmall,gmall-of-davao,GMall of Davao,mindanao
dental nook centre,Dental Nook Centre,robinsons,robinsons-roxas,Robinsons Place Roxas,visayas
dental fix,Dental Fix,megaworld,southwoods-mall,Southwoods Mall,
digi boss,DIGI BOSS,sm,sm-city-urdaneta-central,SM City Urdaneta Central,north-luzon
david dental,David Dental,robinsons,robinsons-antipolo,Robinsons Place Antipolo,metro-manila
davids tea house express,DAVIDS TEA HOUSE EXPRESS,sm,sm-city-grand-central,SM City Grand Central,metro-manila
dawg snackhouse,Dawg Snackhouse,robinsons,robinsons-north-tacloban,Robinsons North Tacloban,visayas
day one bar and restaurant,DAY.ONE BAR AND RESTAURANT,sm,sm-city-olongapo-central,SM City Olongapo Central,north-luzon
daykey donut,Daykey Donut,megaworld,uptown-mall,Uptown Mall,
dazzling nails,Dazzling Nails,robinsons,robinsons-tacloban,Robinsons Place Tacloban,visayas
db express,DB EXPRESS,sm,sm-city-calamba,SM City Calamba,south-luzon
dbci gadgets,DBCI GADGETS,sm,sm-center-ormoc,SM Center Ormoc,visayas
dbci gadgets accessories,DBCI GADGETS ACCESSORIES,robinsons,robinsons-butuan,Robinsons Place Butuan,mindanao
dbtk,DBTK (Don’t Blame The Kids),ortigas,greenhills,Greenhills,metro-manila
dc,DC,ayala,ayala-centrio,Centrio Mall,mindanao
dc coffee lover,DC COFFEE LOVER,sm,sm-city-fairview,SM City Fairview,metro-manila
dc delights,DC DELIGHTS,sm,s-maison,S Maison,metro-manila
dc derm cosmetic,DC DERM Cosmetic,waltermart,bacoor,WalterMart Bacoor,south-luzon
dc shop,Dc Shop,filinvest,festival-mall,Festival Mall,metro-manila
dd backyard hydroponic farm,DD BACKYARD HYDROPONIC FARM,sm,sm-city-tuguegarao,SM City Tuguegarao,north-luzon
davids salon & topten nails,DAVID'S SALON & TOPTEN NAILS,robinsons,robinsons-la-union,Robinsons Place La Union,north-luzon
david & gian enterprises swift mighty meaty,DAVID & GIAN ENTERPRISES/ SWIFT MIGHTY MEATY,xentro,tanay-town-center,Tanay Town Center,
dental district centre,DENTAL DISTRICT CENTRE,sm,sm-city-roxas,SM City Roxas,visayas
daves funhouse,DAVE'S FUNHOUSE (OPEN),robinsons,robinsons-bacolod,Robinsons Place Bacolod,visayas
dannys delicacies,Danny's Delicacies,robinsons,robinsons-ormoc,Robinsons Place Ormoc,visayas
dans,DANS,sm,sm-megamall,SM Megamall,metro-manila
dans bike shop,DAN'S BIKE SHOP,sm,sm-megamall,SM Megamall,metro-manila
darios perfume,Dario's Perfume,waltermart,candelaria,WalterMart Candelaria,south-luzon
darling foods,DARLING FOODS,sm,sm-city-cagayan-de-oro,SM City CDO Uptown,mindanao
das burgery,DAS BURGERY,ayala,ayala-capitol-central,Ayala Malls Capitol Central,visayas
dasmarinas satellite office,DASMARINAS SATELLITE OFFICE,robinsons,robinsons-dasmarinas,Robinsons Place Dasmarinas,south-luzon
dasureco,DASURECO,gmall,gmall-of-digos,GMall of Digos,mindanao
dataview,DATAVIEW,sm,sm-city-north-edsa,SM City North Edsa,metro-manila
daud macapaar cellphones,DAUD MACAPAAR CELLPHONES,xentro,sta-ana-public-market,Sta Ana Public Market,
daud macapaar cp,DAUD MACAPAAR CP,xentro,morong-centerpoint,Morong Centerpoint,
davao doctors care center,DAVAO DOCTORS CARE CENTER,sm,sm-city-davao,SM City Davao,mindanao
davao south prime,Davao South Prime,gmall,gmall-of-davao,GMall of Davao,mindanao
dave & busters,DAVE & BUSTER'S,robinsons,opus,Opus Mall,metro-manila
davedent dental services,DAVEDENT DENTAL SERVICES,ayala,ayala-manila-bay,Ayala Malls Manila Bay,metro-manila
ddoddo korean cuisine restaurant,DDODDO KOREAN CUISINE RESTAURANT,sm,sm-cherry-shaw,SM Center Shaw,metro-manila
de jesus eye center,De Jesus Eye Center,robinsons,robinsons-santiago,Robinsons Place Santiago,north-luzon
de le mere,De Le Mere,robinsons,robinsons-tacloban,Robinsons Place Tacloban,visayas
de levante perfume,DE LEVANTE PERFUME,robinsons,robinsons-las-pinas,Robinsons Place Las Pinas,metro-manila
delsey juices,DELSEY JUICES,sm,sm-city-novaliches,SM City Novaliches,metro-manila
dempsey,DEMPSEY,robinsons,opus,Opus Mall,metro-manila
dencio s kamayan,Dencio\'s Kamayan,gmall,gmall-of-davao,GMall of Davao,mindanao
denim brands depot,DENIM BRANDS DEPOT,ayala,ayala-metropoint,Metro Point Mall,metro-manila
dennis coffee express,DENNIS COFFEE EXPRESS,sm,sm-cdo-downtown,SM CDO Downtown Premier,mindanao
dennis vasquez,Dennis Vasquez,ortigas,greenhills,Greenhills,metro-manila
dent precisions,DENT PRECISIONS,ayala,ayala-solenad,Ayala Malls Nuvali,south-luzon
dent xp,DENT.XP,robinsons,robinsons-palawan,Robinsons Place Palawan,south-luzon
dentaderm clinic,DENTADERM CLINIC,ayala,ayala-trinoma,Trinoma,metro-manila
dentaholics,DENTAHOLICS,sm,sm-city-pampanga,SM City Pampanga,north-luzon
dental avenue,DENTAL AVENUE,sm,sm-city-baliwag,SM City Baliwag,north-luzon
dental center by dr kim fajardo,Dental Center By Dr. Kim Fajardo,filinvest,fora,Fora Mall,south-luzon
dental center by dr kimberly ray fajardo dmd,DENTAL CENTER BY DR. KIMBERLY RAY FAJARDO DMD,ayala,ayala-serin,Ayala Malls Serin,south-luzon
dental corner,Dental Corner,robinsons,robinsons-imus,Robinsons Place Imus,south-luzon
dental design,Dental Design,robinsons,robinsons-lipa,Robinsons Place Lipa,south-luzon
delsey juice,Delsey Juice,filinvest,festival-mall,Festival Mall,metro-manila
delsan office,DELSAN OFFICE,ayala,ayala-circuit,Ayala Malls Circuit,metro-manila
delin optical,Delin Optical,robinsons,robinsons-valencia,Robinsons Place Valencia,mindanao
decor premier,DECOR PREMIER,sm,sm-city-north-edsa,SM City North Edsa,metro-manila
de original jamaican pattie johnn lemon,DE ORIGINAL JAMAICAN PATTIE+JOHNN LEMON,ayala,ayala-circuit,Ayala Malls Circuit,metro-manila
dean and deluca,DEAN AND DELUCA,ayala,ayala-vertis,Ayala Malls Vertis North,metro-manila
dear alice,Dear Alice,megaworld,three-central,Three Central Mall,
dear manok,Dear Manok,robinsons,robinsons-iligan,Robinsons Place Iligan,mindanao
dear self,DEAR SELF,sm,sm-city-baguio,SM City Baguio,north-luzon
decatorias,Decatorias,robinsons,robinsons-tuguegarao,Robinsons Place Tuguegarao,north-luzon
decor riel,Decor Riel,filinvest,festival-mall,Festival Mall,metro-manila
delightful creation,Delightful Creation,waltermart,bacoor,WalterMart Bacoor,south-luzon
decos la paz batchoy,Deco's La Paz Batchoy,robinsons,robinsons-iloilo,Robinsons Place Iloilo,visayas
decos original lapaz batchoy,Deco's Original Lapaz Batchoy,robinsons,robinsons-jaro,Robinsons Place Jaro,visayas
deeco,DEECO,araneta,farmers-plaza,Farmers Plaza,metro-manila
deecom express,DEECOM EXPRESS,sm,sm-city-mindpro,SM City Mindpro,mindanao
defender,DEFENDER,sm,sm-mall-of-asia,SM Mall of Asia,metro-manila
deli by chele,Deli by Chele,robinsons,robinsons-magnolia,Robinsons Magnolia,metro-manila
difam,Difam,ortigas,greenhills,Greenhills,metro-manila
digi computer land pnb,Digi Computer Land PNB,xentro,xentro-mall-calapan,XentroMall Calapan,
dynasty stir fry noodles & dimsum 93855416870,DYNASTY STIR FRY NOODLES & DIMSUM 93855416870,robinsons,robinsons-butuan,Robinsons Place Butuan,mindanao
dr a g salazar dental orthodontic clinic,DR. A.G SALAZAR DENTAL ORTHODONTIC CLINIC,robinsons,robinsons-galleria-ortigas,Robinsons Galleria,metro-manila
dr alvin,Dr. Alvin,filinvest,festival-mall,Festival Mall,metro-manila
dr crb aesthetic laser clinic,DR CRB AESTHETIC LASER CLINIC,sm,sm-city-cebu,SM City Cebu,visayas
dr esthe,Dr. Esthe,filinvest,festival-mall,Festival Mall,metro-manila
dr john sidney s ricamora,Dr. John Sidney S. Ricamora,robinsons,robinsons-galleria-cebu,Robinsons Galleria Cebu,visayas
dr leather,Dr. Leather,megaworld,eastwood-city-walk,Eastwood City Walk,
dr ouanos dental clinic,DR. OUANO’S DENTAL CLINIC,sm,sm-city-consolacion,SM City Consolacion,visayas
dr textus gadgets accessories store,DR TEXTUS GADGETS ACCESSORIES STORE,sm,sm-city-iloilo,SM City Iloilo,visayas
dr tooth dental smile clinic,Dr. Tooth Dental Smile Clinic,robinsons,robinsons-novaliches,Robinsons Novaliches,metro-manila
dr wine,Dr. Wine,megaworld,forbes-town,Forbes Town,
draft coffee by lews,Draft Coffee by Lew’s,ortigas,greenhills,Greenhills,metro-manila
draft restaurant and brewery,Draft Restaurant and Brewery,megaworld,uptown-parade,Uptown Parade,
draftsmans digital printing services,DRAFTSMAN'S DIGITAL PRINTING SERVICES,robinsons,robinsons-novaliches,Robinsons Novaliches,metro-manila
dragon dumpling,Dragon Dumpling,gmall,gmall-of-davao,GMall of Davao,mindanao
dragonforge,THE DRAGONFORGE,ayala,ayala-up-town-center,U. P. Town Center,metro-manila
dragons gem health care,Dragon's Gem Health Care,robinsons,robinsons-imus,Robinsons Place Imus,south-luzon
dr a repair center,Dr.a Repair Center,ortigas,greenhills,Greenhills,metro-manila
dps tempo store,DPS Tempo Store,gmall,gmall-of-davao,GMall of Davao,mindanao
don juan boodle ihaw ihaw atbp,DON JUAN BOODLE IHAW-IHAW ATBP,sm,sm-city-lipa,SM City Lipa,south-luzon
dps storage,DPS Storage,gmall,gmall-of-davao,GMall of Davao,mindanao
don ricardos chocolate shop,DON RICARDOS CHOCOLATE SHOP,sm,sm-city-general-santos,SM City General Santos,mindanao
donabelle bakeshop,Donabelle Bakeshop,gmall,gmall-of-digos,GMall of Digos,mindanao
doner durum,Doner Durum,robinsons,robinsons-los-banos,Robinsons Town Mall Los Banos,south-luzon
doodskie,Doodskie,robinsons,robinsons-iloilo,Robinsons Place Iloilo,visayas
doogee,DOOGEE,sm,sm-city-north-edsa,SM City North Edsa,metro-manila
doqaus,DOQAUS,sm,sm-city-pampanga,SM City Pampanga,north-luzon
doroci,DOROCI,sm,sm-city-novaliches,SM City Novaliches,metro-manila
dot zero hair studio,Dot Zero Hair Studio,filinvest,festival-mall,Festival Mall,metro-manila
dothy maos pizzahaus,DOTHY MAOS PIZZAHAUS,sm,sm-city-naga,SM City Naga,south-luzon
dotonbori ramen,DOTONBORI RAMEN,ayala,ayala-center-cebu,Ayala Center Cebu,visayas
dotpad mobile phone,DOTPAD MOBILE PHONE,starmall,alabang,Starmall Alabang,metro-manila
dough story,THE DOUGH STORY,sm,sm-city-davao,SM City Davao,mindanao
doughmain,DOUGHMAIN,sm,sm-city-north-edsa,SM City North Edsa,metro-manila
doughnut,DOUGHNUT,ayala,ayala-trinoma,Trinoma,metro-manila
doys homemade delicacies,DOY'S HOMEMADE DELICACIES,sm,sm-city-davao,SM City Davao,mindanao
drakes restaurant & bar,Drake's Restaurant & Bar,robinsons,robinsons-tacloban,Robinsons Place Tacloban,visayas
dream cream pastries,DREAM CREAM PASTRIES,sm,sm-city-roxas,SM City Roxas,visayas
dream world arcade,Dream World Arcade,megaworld,southwoods-mall,Southwoods Mall,
dreame,DREAME,sm,moa-square,MOA Square,metro-manila
dulces,DULCES,sm,sm-city-bacolod,SM City Bacolod,visayas
dumaguete blind massage,Dumaguete Blind Massage,robinsons,robinsons-dumaguete,Robinsons Place Dumaguete,visayas
dumpling king asgar store 2,DUMPLING KING ASGAR STORE 2,xentro,montalban-town-center,Montalban Town Center,
dunamis,Dunamis,robinsons,robinsons-iligan,Robinsons Place Iligan,mindanao
dune london,Dune London,araneta,gateway-mall-2,Gateway Mall 2,metro-manila
dunkin 9553308377,DUNKIN' 9553308377 (NEW),robinsons,robinsons-dumaguete,Robinsons Place Dumaguete,visayas
dunkin donuts my wife noodle fry onoodles,DUNKIN DONUTS MY WIFE NOODLE FRY/ O'NOODLES,xentro,tanay-town-center,Tanay Town Center,
dunkin dunots,DUNKIN DUNOTS,robinsons,robinsons-pagadian,Robinsons Pagadian,mindanao
duray veron optical,Duray-Veron Optical,gmall,gmall-of-digos,GMall of Digos,mindanao
dvendo gachapon,Dvendo Gachapon,robinsons,robinsons-pavia,Robinsons Place Pavia,visayas
dvf dairy farm,DVF DAIRY FARM,sm,sm-city-cabanatuan,SM City Cabanatuan,north-luzon
dvogue,D'VOGUE,robinsons,robinsons-ilocos,Robinsons Place Ilocos,north-luzon
dwn by script society,DWN BY SCRIPT SOCIETY,sm,sm-city-rosario,SM City Rosario,south-luzon
dyna quest,Dyna Quest,ortigas,greenhills,Greenhills,metro-manila
dynamic pc,Dynamic Pc,ortigas,greenhills,Greenhills,metro-manila
dulceana boutique,Dulceana Boutique,robinsons,robinsons-cagayan-de-oro,Robinsons Cagayan de Oro,mindanao
ducks unlimited,Ducks Unlimited,ortigas,greenhills,Greenhills,metro-manila
dti otop,DTI OToP,robinsons,robinsons-pagadian,Robinsons Pagadian,mindanao
drink o holic,Drink O Holic,gmall,gmall-of-tagum,GMall of Tagum,mindanao
dreamlab,DREAMLAB,ayala,ayala-circuit,Ayala Malls Circuit,metro-manila
dreamland,Dreamland,ortigas,greenhills,Greenhills,metro-manila
dreamland massage chair 0969 392 1620,DREAMLAND MASSAGE CHAIR 0969 392 1620,robinsons,robinsons-sta-rosa,Robinsons Sta. Rosa,south-luzon
dreamwave hotel papa roberts lechon,DREAMWAVE HOTEL PAPA ROBERT'S LECHON,xentro,xentro-mall-lemery,XentroMall Lemery,
dreiland ice cream,DREILAND ICE CREAM,sm,sm-city-dasmarinas,SM City Dasmariñas,south-luzon
dri,Dri+,megaworld,southwoods-mall,Southwoods Mall,
drink sls,Drink SLS,megaworld,festive-walk-parade,Festive Walk Parade,
dtech,Dtech,gmall,gmall-of-tagum,GMall of Tagum,mindanao
drip room aesthetics,THE DRIP ROOM AESTHETICS,sm,sm-city-legazpi,SM City Legazpi,south-luzon
drive & jump,DRIVE & JUMP,xentro,montalban-town-center,Montalban Town Center,
drybrush gallery,DRYBRUSH GALLERY,sm,moa-square,MOA Square,metro-manila
ds interior,DS INTERIOR,waltermart,makati,WalterMart Makati,metro-manila
ds windows,DS WINDOWS,robinsons,robinsons-metro-east,Robinsons Metro East,metro-manila
dswd provincial extension office zambales services,DSWD PROVINCIAL EXTENSION OFFICE ZAMBALES SERVICES,sm,sm-city-olongapo-downtown,SM City Olongapo Downtown,north-luzon
don machiattos,Don Machiatto's,robinsons,robinsons-valencia,Robinsons Place Valencia,mindanao
don juan,Don Juan,ortigas,greenhills,Greenhills,metro-manila
digi tech,Digi Tech,fishermall,quezonave,Fisher Mall Quezon Avenue,metro-manila
dimsum republic hongkong style fried noodles,DIMSUM REPUBLIC HONGKONG STYLE FRIED NOODLES (NEW),robinsons,robinsons-naga,Robinsons Place Naga,south-luzon
dinko bakery supplies,DINKO BAKERY SUPPLIES,sm,sm-city-naga,SM City Naga,south-luzon
dino adventure,Dino Adventure,filinvest,festival-mall,Festival Mall,metro-manila
dino dig,DINO DIG,sm,sm-city-fairview,SM City Fairview,metro-manila
dion & mary,DION & MARY,araneta,ali-mall,Ali Mall,metro-manila
dipping dumpling,DIPPING DUMPLING,sm,sm-cherry-shaw,SM Center Shaw,metro-manila
dishee,D’ISHEE,megaworld,venice-grand-canal-mall,Venice Grand Canal Mall,
diskubre pet shop,DISKUBRE PET SHOP,sm,sm-city-baguio,SM City Baguio,north-luzon
disney kiddie salon,Disney Kiddie Salon,gmall,gmall-of-tagum,GMall of Tagum,mindanao
district 8,District 8,ortigas,greenhills,Greenhills,metro-manila
dito telcommunity,DITO TELCOMMUNITY,robinsons,galleria-south,Robinsons Galleria South,south-luzon
dito telecom,DITO Telecom,megaworld,forbes-town,Forbes Town,
divas kaffe,DIVAS KAFFE,sm,sm-city-clark,SM City Clark,north-luzon
divine grace medical center,DIVINE GRACE MEDICAL CENTER,sm,sm-center-imus,SM Center Imus,south-luzon
divine indulgence,DIVINE INDULGENCE,sm,sm-city-baguio,SM City Baguio,north-luzon
divine sweets,Divine Sweets,robinsons,robinsons-palawan,Robinsons Place Palawan,south-luzon
dingers,DINGERS,sm,sm-city-manila,SM City Manila,metro-manila
dimsum republic,Dimsum Republic,fishermall,quezonave,Fisher Mall Quezon Avenue,metro-manila
don henricos,DON HENRICOS,sm,sm-city-baguio,SM City Baguio,north-luzon
dimsum place,The Dimsum Place,fishermall,quezonave,Fisher Mall Quezon Avenue,metro-manila
digi techpoint,DIGI TECHPOINT,sm,sm-city-sucat,SM City Sucat,metro-manila
digibabe tech lifestyle,Digibabe Tech Lifestyle,gmall,gmall-of-davao,GMall of Davao,mindanao
digibyte internet cafe,DIGIBYTE INTERNET CAFE,sm,sm-city-bicutan,SM City Bicutan,metro-manila
digiplanet,Digiplanet,ortigas,estancia,Estancia,metro-manila
digistamp,Digistamp,robinsons,robinsons-galleria-cebu,Robinsons Galleria Cebu,visayas
digital depot,Digital Depot,robinsons,robinsons-north-tacloban,Robinsons North Tacloban,visayas
digital premium,DIGITAL PREMIUM,sm,sm-city-bacolod,SM City Bacolod,visayas
digitron gadgets,Digitron Gadgets,gmall,gmall-of-tagum,GMall of Tagum,mindanao
digiworks 0955 756 1385,DIGIWORKS 0955-756-1385 (NEW),robinsons,robinsons-antique,Robinsons Place Antique,visayas
digos apple products,DIGOS APPLE PRODUCTS,robinsons,robinsons-gen-san,Robinsons Place GenSan,mindanao
dillingers prohibition,DILLINGERS/PROHIBITION,ayala,ayala-greenbelt,Greenbelt,metro-manila
dimsum break 0920 958 1548,DIMSUM BREAK 0920-958-1548,robinsons,robinsons-cybergate-cebu,Robinsons Cybergate Cebu,visayas
dimsum break 9622473065,DIMSUM BREAK 9622473065,robinsons,robinsons-butuan,Robinsons Place Butuan,mindanao
dimsum dimsum,DIMSUM DIMSUM,waltermart,pasay,WalterMart Pasay,metro-manila
dimsum factory,Dimsum Factory,gmall,gmall-of-tagum,GMall of Tagum,mindanao
divine sweets bakery and cafe,DIVINE SWEETS BAKERY AND CAFE,sm,sm-city-puerto-princesa,SM City Puerto Princesa,south-luzon
dix gadget repair shop,DIX GADGET REPAIR SHOP,sm,sm-city-san-jose-del-monte,SM City San Jose Del Monte,north-luzon
diy adessa,"DIY, ADESSA",xentro,xentro-mall-cabagan,XentroMall Cabagan,
dizon farm,DIZON FARM,ayala,ayala-market-market,Market! Market!,metro-manila
dogaholics,Dogaholics,ortigas,tiendesitas,Tiendesitas,metro-manila
doggo,Doggo,filinvest,festival-mall,Festival Mall,metro-manila
doghauz hotdog toppings 9911845655,DOGHAUZ HOTDOG TOPPINGS 9911845655,robinsons,robinsons-butuan,Robinsons Place Butuan,mindanao
dogs & the city,Dogs & The City,robinsons,robinsons-manila,Robinsons Place Manila,metro-manila
dogs and the city pet store,DOGS AND THE CITY PET STORE,sm,sm-mall-of-asia,SM Mall of Asia,metro-manila
dogs spa,The Dog's Spa,fishermall,quezonave,Fisher Mall Quezon Avenue,metro-manila
dojo,THE DOJO,robinsons,opus,Opus Mall,metro-manila
doki doki takoyaki and sunakku food stop,DOKI-DOKI TAKOYAKI AND SUNAKKU FOOD STOP,sm,sm-city-sorsogon,SM City Sorsogon,south-luzon
doktor relos service center co,Doktor Relos Service Center Co.,waltermart,balayan,WalterMart Balayan,south-luzon
dole,DOLE,sm,sm-city-cebu,SM City Cebu,visayas
dom lenes ilocos empanada,DOM LENES ILOCOS EMPANADA,sm,sm-city-cauayan,SM City Cauayan,north-luzon
domain internet cafe,DOMAIN INTERNET CAFE,ayala,ayala-centrio,Centrio Mall,mindanao
domlenes empanada,DOMLENES EMPANADA,robinsons,robinsons-tuguegarao,Robinsons Place Tuguegarao,north-luzon
don churros,Don Churros,robinsons,robinsons-ilocos,Robinsons Place Ilocos,north-luzon
don de dieu salon,Don De Dieu Salon,robinsons,robinsons-jaro,Robinsons Place Jaro,visayas
dog city,DOG CITY,sm,sm-cherry-shaw,SM Center Shaw,metro-manila
dodolon world,Dodolon World,robinsons,robinsons-dasmarinas,Robinsons Place Dasmarinas,south-luzon
doctors alley,Doctor's Alley,robinsons,robinsons-metro-east,Robinsons Metro East,metro-manila
dm extreme cellphone accessories,DM EXTREME CELLPHONE ACCESSORIES,xentro,balagtas-town-center,Balagtas Town Center,
dizon furnitures,Dizon Furnitures,ortigas,estancia,Estancia,metro-manila
dizzle kitchen,Dizzle Kitchen,filinvest,festival-mall,Festival Mall,metro-manila
dj jewelry store,DJ JEWELRY STORE,sm,sm-city-cabanatuan,SM City Cabanatuan,north-luzon
dj kool loca,DJ Kool Loca,robinsons,robinsons-palawan,Robinsons Place Palawan,south-luzon
dkny,DKNY,ayala,ayala-trinoma,Trinoma,metro-manila
dlro lto san roque retrouvaille center,DLRO LTO SAN ROQUE RETROUVAILLE CENTER,sm,sm-city-cagayan-de-oro,SM City CDO Uptown,mindanao
dna therapy,DNA THERAPY,sm,sm-city-san-lazaro,SM City San Lazaro,metro-manila
doc onin dental services,DOC ONIN DENTAL SERVICES,sm,sm-marketmall-dasmarinas,SM Marketmall Dasmarinas,south-luzon
do eat cotton candy,DO EAT COTTON CANDY,sm,sm-megamall,SM Megamall,metro-manila
do it best vendocorp,DO IT BEST (HANDY MAN) VENDOCORP,xentro,montalban-town-center,Montalban Town Center,
do marketing 0945 8454967,DO MARKETING 0945-8454967,robinsons,robinsons-sta-rosa,Robinsons Sta. Rosa,south-luzon
do thirsty,Do Thirsty,robinsons,robinsons-malolos,Robinsons Place Malolos,north-luzon
dobbo,DOBBO,sm,sm-city-cauayan,SM City Cauayan,north-luzon
doc ferds animal wellness center,DOC FERDS ANIMAL WELLNESS CENTER,ayala,ayala-up-town-center,U. P. Town Center,metro-manila
candid,Candid,ortigas,greenhills,Greenhills,metro-manila
cancio,CANCIO,sm,sm-megamall,SM Megamall,metro-manila
father & sons barbershop,FATHER & SONS BARBERSHOP,robinsons,robinsons-santiago,Robinsons Place Santiago,north-luzon
anta kids,Anta Kids,megaworld,venice-grand-canal-mall,Venice Grand Canal Mall,
antepara,Antepara,megaworld,lucky-chinatown-mall,Lucky Chinatown Mall,
antepara247,ANTEPARA247,araneta,ali-mall,Ali Mall,metro-manila
anthem,ANTHEM,robinsons,opus,Opus Mall,metro-manila
anthonys salon for men,ANTHONYS SALON FOR MEN,sm,smdc-strip-at-shore,SMDC Strip at Shore,smdc
antihero,AntiHero,ortigas,greenhills,Greenhills,metro-manila
antillan living,ANTILLAN LIVING,ayala,ayala-solenad,Ayala Malls Nuvali,south-luzon
antiques fair,Antiques Fair,filinvest,festival-mall,Festival Mall,metro-manila
antonas breads and pastries shop,ANTONAS BREADS AND PASTRIES SHOP,sm,sm-city-lucena,SM City Lucena,south-luzon
antonias fun and rides,Antonia's Fun and Rides,robinsons,robinsons-iligan,Robinsons Place Iligan,mindanao
antonias fund and rides,Antonia's Fund and Rides,robinsons,robinsons-tagum,Robinsons Place Tagum,mindanao
antro,ANTRO,ayala,ayala-solenad,Ayala Malls Nuvali,south-luzon
anx kabayan pawnshop farron cafe,ANX KABAYAN PAWNSHOP FARRON CAFÉ,xentro,montalban-town-center,Montalban Town Center,
anyhow,AnyHow,robinsons,robinsons-magnolia,Robinsons Magnolia,metro-manila
aorus,AORUS,sm,sm-city-mindpro,SM City Mindpro,mindanao
aozora japanese bistro,AOZORA JAPANESE BISTRO,ayala,ayala-serin,Ayala Malls Serin,south-luzon
anta superstore,ANTA Superstore,robinsons,robinsons-tacloban,Robinsons Place Tacloban,visayas
anshally,Anshally,robinsons,robinsons-novaliches,Robinsons Novaliches,metro-manila
apartment 8 clothing,APARTMENT 8 CLOTHING,sm,sm-city-davao,SM City Davao,mindanao
anothersole,Anothersole,ortigas,greenhills,Greenhills,metro-manila
anime landia,Anime Landia,robinsons,robinsons-tacloban,Robinsons Place Tacloban,visayas
anime lobby,ANIME LOBBY,sm,sm-city-puerto-princesa,SM City Puerto Princesa,south-luzon
anko,Anko,araneta,gateway-mall,Gateway Mall,metro-manila
annabel lee cafe,Annabel Lee Café,ortigas,estancia,Estancia,metro-manila
annabelle,ANNABELLE,robinsons,robinsons-starmills,Robinsons Starmills,north-luzon
annas cellphone & accessories,Anna's Cellphone & Accessories,robinsons,robinsons-novaliches,Robinsons Novaliches,metro-manila
anne juleth,Anne Juleth,ortigas,greenhills,Greenhills,metro-manila
annes posh,Anne's Posh,robinsons,robinsons-north-tacloban,Robinsons North Tacloban,visayas
annie brilliant jewelry,Annie Brilliant Jewelry,filinvest,festival-mall,Festival Mall,metro-manila
anniepie,Anniepie,robinsons,robinsons-tagum,Robinsons Place Tagum,mindanao
annies,ANNIE'S,ayala,ayala-center-cebu,Ayala Center Cebu,visayas
annindofu tokyo,Annindofu Tokyo,megaworld,lucky-chinatown-imperial-wing,Lucky Chinatown - Imperial Wing,
anns home,ANNS HOME,sm,sm-city-batangas,SM City Batangas,south-luzon
annyeong corn dog 9303454316,Annyeong Corn Dog 9303454316,robinsons,robinsons-santiago,Robinsons Place Santiago,north-luzon
annyeong samgyupsal,Annyeong Samgyupsal,robinsons,robinsons-tuguegarao,Robinsons Place Tuguegarao,north-luzon
aozora japanese restaurant,Aozora Japanese Restaurant,megaworld,twin-lakes,Twin Lakes,
apd travel & tours,APD TRAVEL & TOURS,sm,sm-city-rosario,SM City Rosario,south-luzon
cancer and multispecialty center dr ellen gasendo 0932 494 3147,Cancer and Multispecialty Center Dr. Ellen Gasendo 0932-494-3147,robinsons,robinsons-cybergate-cebu,Robinsons Cybergate Cebu,visayas
aqua flask 0916 771 3740,AQUA FLASK 0916-771-3740,robinsons,robinsons-pangasinan,Robinsons Place Pangasinan,north-luzon
aqua minerale,Aqua Minerale,megaworld,lucky-chinatown-mall,Lucky Chinatown Mall,
aquabest laundrybest,AQUABEST - LAUNDRYBEST,sm,smdc-strip-at-grass,SMDC Strip at Grass,smdc
aquaflask 9079115440,Aquaflask 9079115440,robinsons,robinsons-butuan,Robinsons Place Butuan,mindanao
aquagem,Aquagem,robinsons,robinsons-iligan,Robinsons Place Iligan,mindanao
aquakflash,AQUAKFLASH,robinsons,robinsons-pagadian,Robinsons Pagadian,mindanao
aquila medical clinic,AQUILA MEDICAL CLINIC,robinsons,robinsons-butuan,Robinsons Place Butuan,mindanao
ar beauty,AR BEAUTY,sm,sm-city-rosario,SM City Rosario,south-luzon
ar gadgets,AR Gadgets,ortigas,greenhills,Greenhills,metro-manila
ar jems jewelry shop,AR Jems Jewelry Shop,robinsons,robinsons-jaro,Robinsons Place Jaro,visayas
araya ramen and sushi bar,ARAYA RAMEN AND SUSHI BAR,sm,sm-city-sucat,SM City Sucat,metro-manila
arcade for fun,ARCADE FOR FUN,sm,smdc-breeze-mall,SMDC Breeze Mall,smdc
arcadia ph,Arcadia PH,megaworld,venice-grand-canal-mall,Venice Grand Canal Mall,
arce haus,Arce Haus,robinsons,robinsons-magnolia,Robinsons Magnolia,metro-manila
arcenal portrait,Arcenal Portrait,gmall,gmall-of-davao,GMall of Davao,mindanao
architectural audio,ARCHITECTURAL AUDIO,ayala,ayala-greenbelt,Greenbelt,metro-manila
aqua flask kids,AQUA FLASK KIDS,robinsons,robinsons-ilocos,Robinsons Place Ilocos,north-luzon
aqua beauty,Aqua Beauty,gmall,gmall-of-tagum,GMall of Tagum,mindanao
apd travel tours services,APD TRAVEL TOURS SERVICES,sm,sm-city-molino,SM City Molino,south-luzon
aqua,AQUA,robinsons,robinsons-galleria-ortigas,Robinsons Galleria,metro-manila
aperitif,Aperitif,filinvest,festival-mall,Festival Mall,metro-manila
aperitif cafe,Aperitif Cafe,megaworld,forbes-town,Forbes Town,
apero,Apero,megaworld,clubhouse-temple-drive,The Clubhouse at Temple Drive,
apex dental,APEX Dental,robinsons,robinsons-fuente,Robinsons Fuente,visayas
aphrodite naturals,APHRODITE NATURALS,robinsons,galleria-south,Robinsons Galleria South,south-luzon
apiados watch repair,APIADOS WATCH REPAIR,sm,sm-city-tuguegarao,SM City Tuguegarao,north-luzon
apo ni lola durian delicacies,APO NI LOLA DURIAN DELICACIES,ayala,ayala-abreeza,Abreeza,mindanao
apollo barber lounge,Apollo Barber Lounge,megaworld,eastwood-city-walk,Eastwood City Walk,
apolo accessories,Apolo Accessories,gmall,gmall-of-tagum,GMall of Tagum,mindanao
apostol skin med plus,APOSTOL SKIN MED PLUS,sm,sm-city-tarlac,SM City Tarlac,north-luzon
apostrophe,Apostrophe,robinsons,robinsons-galleria-cebu,Robinsons Galleria Cebu,visayas
apostrophe cafe,APOSTROPHE CAFE,ayala,ayala-centrio,Centrio Mall,mindanao
app store,APP STORE,ayala,ayala-centrio,Centrio Mall,mindanao
apple service center,APPLE SERVICE CENTER,sm,sm-city-cebu,SM City Cebu,visayas
apple skin solutions,APPLE SKIN SOLUTIONS,sm,sm-city-fairview,SM City Fairview,metro-manila
animal house,ANIMAL HOUSE,ayala,ayala-market-market,Market! Market!,metro-manila
animal distrik,ANIMAL DISTRIK,robinsons,robinsons-pagadian,Robinsons Pagadian,mindanao
animal care specialist company,Animal Care Specialist Company,ortigas,tiendesitas,Tiendesitas,metro-manila
american premium outlet,AMERICAN PREMIUM OUTLET,ayala,ayala-harbor-point,Harbor Point,north-luzon
american ribs & wings,AMERICAN RIBS & WINGS,robinsons,robinsons-las-pinas,Robinsons Place Las Pinas,metro-manila
american tourister open shop level 2 8536 7938 gcash,AMERICAN TOURISTER OPEN Shop Level 2 (Pedro Gil Wing) 8536-7938 GCash,robinsons,robinsons-manila,Robinsons Place Manila,metro-manila
ameu,AMEU,xentro,balagtas-town-center,Balagtas Town Center,
ameu cai cellphone & accessories ii,AMEU CAI CELLPHONE & ACCESSORIES II ( COLINA),xentro,montalban-town-center,Montalban Town Center,
ami its itech,AMI/ ITS/ ITECH,xentro,northstar-mall,Northstar Mall,
ami jewels,Ami Jewels,ortigas,greenhills,Greenhills,metro-manila
amian coffee ph,AMIAN COFFEE PH,sm,sm-city-laoag,SM City Laoag,north-luzon
amigos onlayn printing,Amigo’s Onlayn Printing,filinvest,main-square,Main Square,south-luzon
amikar,Amikar,robinsons,robinsons-iloilo,Robinsons Place Iloilo,visayas
amk vision link optical tropix,AMK VISION LINK OPTICAL TROPIX,xentro,tanay-town-center,Tanay Town Center,
amkor travel and tours,Amkor Travel And Tours,robinsons,robinsons-ormoc,Robinsons Place Ormoc,visayas
ammarah cellphone and accessories shop,AMMARAH CELLPHONE AND ACCESSORIES SHOP,robinsons,robinsons-novaliches,Robinsons Novaliches,metro-manila
amor propio salon,Amor Propio Salon,robinsons,robinsons-luisita,Robinsons Luisita,north-luzon
amora bar & lounge,Amora Bar & Lounge,megaworld,festive-walk-parade,Festive Walk Parade,
amoretto fine jewelry,Amoretto Fine Jewelry,megaworld,california-garden-square,California Garden Square,
american rib & wings,AMERICAN RIB & WINGS,robinsons,robinsons-santiago,Robinsons Place Santiago,north-luzon
american hearing center,AMERICAN HEARING CENTER,sm,the-podium,The Podium,metro-manila
aniiq cellphone accessories,Aniiq Cellphone Accessories,robinsons,robinsons-jaro,Robinsons Place Jaro,visayas
american eye center,AMERICAN EYE CENTER,sm,the-podium,The Podium,metro-manila
amara fleur,AMARA FLEUR,sm,sm-city-pampanga,SM City Pampanga,north-luzon
amari luxe,AMARI LUXE,sm,sm-city-tanza,SM City Tanza,south-luzon
amari luxe aesthetic and wellness clinic,AMARI LUXE AESTHETIC AND WELLNESS CLINIC,robinsons,robinsons-galleria-ortigas,Robinsons Galleria,metro-manila
amarra,AMARRA,sm,sm-center-las-pinas,SM Center Las Piñas,metro-manila
amars cellphone accessories shop,Amar's Cellphone Accessories Shop,robinsons,robinsons-roxas,Robinsons Place Roxas,visayas
amazing discoveries travel and tours,THE AMAZING DISCOVERIES TRAVEL AND TOURS,sm,sm-city-roxas,SM City Roxas,visayas
amazing hands with blind therapist,AMAZING HANDS WITH BLIND THERAPIST,ayala,ayala-marquee,MarQuee Mall,north-luzon
amazing star,Amazing Star,ortigas,greenhills,Greenhills,metro-manila
amazing touch,AMAZING TOUCH,ayala,ayala-trinoma,Trinoma,metro-manila
ambassador home & electronics centre,AMBASSADOR HOME & ELECTRONICS CENTRE,ayala,ayala-glorietta,Glorietta,metro-manila
amber graceal dance studio,AMBER GRACEAL DANCE STUDIO,ayala,ayala-legazpi,Ayala Malls Legazpi,south-luzon
ambrosiya,AMBROSIYA,robinsons,robinsons-pagadian,Robinsons Pagadian,mindanao
amelie jewelry studios,AMELIE JEWELRY STUDIOS,sm,sm-city-san-jose-del-monte,SM City San Jose Del Monte,north-luzon
amelitos,AMELITO'S,robinsons,robinsons-malolos,Robinsons Place Malolos,north-luzon
amerah jewelry & pearls,Amerah Jewelry & Pearls,araneta,gateway-mall-2,Gateway Mall 2,metro-manila
amps volts,AMPS VOLTS,sm,sm-city-fairview,SM City Fairview,metro-manila
amuma hair bar,AMUMA HAIR BAR,sm,sm-cdo-downtown,SM CDO Downtown Premier,mindanao
amy fruits galore,AMY FRUITS GALORE,ayala,ayala-market-market,Market! Market!,metro-manila
ana maria bakeshop,ANA MARIA BAKESHOP,robinsons,robinsons-dumaguete,Robinsons Place Dumaguete,visayas
angel k kakanin & merienda,Angel-K Kakanin & Merienda,robinsons,robinsons-cybergate-davao,Robinsons Cybergate Davao,mindanao
angel k kakanin atbp,Angel K Kakanin Atbp,robinsons,robinsons-gen-san,Robinsons Place GenSan,mindanao
angeles electric company,ANGELES ELECTRIC COMPANY,robinsons,robinsons-angeles,Robinsons Angeles,north-luzon
angelines general merchandise,ANGELINES GENERAL MERCHANDISE,xentro,tanay-town-center,Tanay Town Center,
angels feet,ANGEL'S FEET,ayala,ayala-market-market,Market! Market!,metro-manila
angels skin care salon,Angels' Skin Care Salon,megaworld,eastwood-cyber-mall,Eastwood Cyber Mall,
angies jewelry,Angie's Jewelry,robinsons,robinsons-santiago,Robinsons Place Santiago,north-luzon
angkan,ANGKAN,sm,the-podium,The Podium,metro-manila
angkan coffee,Angkan Coffee,ortigas,estancia,Estancia,metro-manila
angkols pungko pungko,Angkols Pungko-pungko,filinvest,festival-mall,Festival Mall,metro-manila
anglo eye care,Anglo Eye Care,robinsons,robinsons-bacolod,Robinsons Place Bacolod,visayas
anglo eye care center,ANGLO EYE CARE CENTER,ayala,ayala-capitol-central,Ayala Malls Capitol Central,visayas
angus pares,ANGUS PARES,sm,sm-city-grand-central,SM City Grand Central,metro-manila
aniesthetix dental implantology center,ANIESTHETIX DENTAL IMPLANTOLOGY CENTER,sm,smdc-strip-at-mezza,SMDC Strip at Mezza,smdc
aniiq,Aniiq,robinsons,robinsons-iloilo,Robinsons Place Iloilo,visayas
angel k kakanin,Angel K Kakanin,gmall,gmall-of-davao,GMall of Davao,mindanao
angel jasmine merchandise,ANGEL JASMINE MERCHANDISE,xentro,xentro-mall-roxas,XentroMall Roxas,
ang nanay,ANG NANAY,robinsons,robinsons-palawan,Robinsons Place Palawan,south-luzon
andreas health & beauty products,Andrea's Health & Beauty Products,robinsons,robinsons-imus,Robinsons Place Imus,south-luzon
analog,Analog,ortigas,greenhills,Greenhills,metro-manila
anastasia lee cakes,ANASTASIA LEE CAKES,sm,sm-cdo-downtown,SM CDO Downtown Premier,mindanao
ancels gadget & accessories shop,ANCEL'S GADGET & ACCESSORIES SHOP,araneta,ali-mall,Ali Mall,metro-manila
andante,ANDANTE,ayala,one-ayala-mall,One Ayala,metro-manila
andoks rice in a box,ANDOKS RICE IN A BOX,xentro,tanay-town-center,Tanay Town Center,
andre gemstone,Andre Gemstone,robinsons,robinsons-naga,Robinsons Place Naga,south-luzon
andrews woodcraft furniture,Andrews Woodcraft Furniture,filinvest,festival-mall,Festival Mall,metro-manila
ang karenderia sa cagayan,ANG KARENDERIA SA CAGAYAN,robinsons,robinsons-cagayan-de-oro,Robinsons Cagayan de Oro,mindanao
andriod zone,ANDRIOD ZONE,xentro,northstar-mall,Northstar Mall,
androgyne manila,ANDROGYNE MANILA,ayala,ayala-market-market,Market! Market!,metro-manila
andys crunchicken,ANDYS CRUNCHICKEN,sm,sm-city-cebu,SM City Cebu,visayas
aneal nail spa & beauty lounge,Aneal Nail Spa & Beauty Lounge,robinsons,robinsons-jaro,Robinsons Place Jaro,visayas
aneco 9079115440,ANECO 9079115440,robinsons,robinsons-butuan,Robinsons Place Butuan,mindanao
anew,Anew,ortigas,greenhills,Greenhills,metro-manila
areej,AREEJ,ayala,ayala-market-market,Market! Market!,metro-manila
arellano dental clinic,Arellano Dental Clinic,robinsons,robinsons-tuguegarao,Robinsons Place Tuguegarao,north-luzon
ari beauty and spa,Ari Beauty and Spa,megaworld,venice-grand-canal-mall,Venice Grand Canal Mall,
auto center,AUTO CENTER,sm,sm-city-tanza,SM City Tanza,south-luzon
autolandia,Autolandia,robinsons,robinsons-sta-rosa,Robinsons Sta. Rosa,south-luzon
automobile association of the philippines inc,"Automobile Association Of The Philippines, Inc.",robinsons,robinsons-starmills,Robinsons Starmills,north-luzon
automobile association philippines,AUTOMOBILE ASSOCIATION PHILIPPINES,robinsons,robinsons-manila,Robinsons Place Manila,metro-manila
autor and dela cruz dental clinic 9183806769,Autor and Dela Cruz Dental Clinic (former Carolyne Bucao) 9183806769,robinsons,robinsons-cybergate-cebu,Robinsons Cybergate Cebu,visayas
av stamping services,AV STAMPING SERVICES,sm,sm-city-roxas,SM City Roxas,visayas
avecom printing services,AVECOM PRINTING SERVICES,robinsons,galleria-south,Robinsons Galleria South,south-luzon
aveda,AVEDA,ayala,ayala-greenbelt,Greenbelt,metro-manila
avene,AVENE,ayala,ayala-greenbelt,Greenbelt,metro-manila
aveneto pasta and pizza,AVENETO PASTA AND PIZZA,sm,sm-mall-of-asia,SM Mall of Asia,metro-manila
aventus clinic,Aventus Clinic,robinsons,robinsons-cybergate-cebu,Robinsons Cybergate Cebu,visayas
aventus medical care inc,AVENTUS MEDICAL CARE INC,sm,sm-city-clark,SM City Clark,north-luzon
avia international club,Avia International Club,megaworld,newport-city,Newport City,
avimms,AVIMMS,robinsons,robinsons-dasmarinas,Robinsons Place Dasmarinas,south-luzon
avimms massage therapy & reflexology service,AVIMMS MASSAGE THERAPY & REFLEXOLOGY SERVICE,ayala,ayala-pavilion,Pavilion Mall,south-luzon
avocadaria,AVOCADARIA,robinsons,robinsons-la-union,Robinsons Place La Union,north-luzon
autogu,AUTOGU,sm,sm-cdo-downtown,SM CDO Downtown Premier,mindanao
auto care carwash services,Auto-Care Carwash Services,robinsons,robinsons-tagum,Robinsons Place Tagum,mindanao
athletica gymnastics,Athletica Gymnastics,ortigas,the-strip,The Strip,metro-manila
authorized lotto agent,Authorized Lotto Agent,robinsons,robinsons-la-union,Robinsons Place La Union,north-luzon
atm bdo,ATM - BDO,robinsons,robinsons-malabon,Robinsons Town Mall Malabon,metro-manila
atm bpi,ATM - BPI,robinsons,robinsons-malabon,Robinsons Town Mall Malabon,metro-manila
atm pnb,ATM - PNB,robinsons,robinsons-malabon,Robinsons Town Mall Malabon,metro-manila
atm psbank,ATM - PSBANK,robinsons,robinsons-malabon,Robinsons Town Mall Malabon,metro-manila
ato gaido,Ato Gaido,megaworld,eastwood-city-walk,Eastwood City Walk,
au beau blanc,Au Beau Blanc,megaworld,clubhouse-temple-drive,The Clubhouse at Temple Drive,
au beau blanc cleaners,AU BEAU BLANC CLEANERS,sm,sm-aura,SM Aura,metro-manila
augen beauty lounge,AUGEN BEAUTY LOUNGE,sm,sm-city-sucat,SM City Sucat,metro-manila
aunt ludi bakeshoppe,AUNT LUDI BAKESHOPPE,sm,sm-city-general-santos,SM City General Santos,mindanao
aunt sallys laundry service,AUNT SALLY'S LAUNDRY SERVICE,ayala,ayala-the-30th,Ayala Malls The 30th,metro-manila
aura salon,AURA SALON,ayala,ayala-up-town-center,U. P. Town Center,metro-manila
aurelios empanada,AURELIO'S EMPANADA,robinsons,robinsons-santiago,Robinsons Place Santiago,north-luzon
aureva,Aureva,megaworld,alabang-west-parade,Alabang West Parade,
auro chocolate cafe,AURO CHOCOLATE CAFE,sm,moa-square,MOA Square,metro-manila
austin land,AUSTIN LAND,sm,sm-city-bacoor,SM City Bacoor,south-luzon
avocado and mango delights,AVOCADO AND MANGO DELIGHTS,sm,sm-city-general-santos,SM City General Santos,mindanao
avocado slurp,AVOCADO SLURP,robinsons,robinsons-gen-san,Robinsons Place GenSan,mindanao
avocadoria ph 0942 522 3176,AVOCADORIA.PH 0942-522-3176,robinsons,robinsons-cybergate-cebu,Robinsons Cybergate Cebu,visayas
avocadorian,AVOCADORIAN,robinsons,robinsons-pagadian,Robinsons Pagadian,mindanao
azilep trading,Azilep Trading,robinsons,robinsons-novaliches,Robinsons Novaliches,metro-manila
aziza,Aziza,megaworld,venice-grand-canal-mall,Venice Grand Canal Mall,
azons boneless lechon,Azon's Boneless Lechon,robinsons,robinsons-tagum,Robinsons Place Tagum,mindanao
azucar,AZUCAR,ayala,ayala-greenbelt,Greenbelt,metro-manila
b fashion & apparel,B FASHION & APPAREL,robinsons,robinsons-otis,Robinsons Otis,metro-manila
b1t1,B1T1,robinsons,robinsons-gentrias,Robinsons Place Gen. Trias,south-luzon
b7 amusement egames nm cellphone ii,B7 AMUSEMENT EGAMES NM Cellphone II,xentro,xentro-mall-calapan,XentroMall Calapan,
b7 amusement nm cellphone,B7 AMUSEMENT NM Cellphone,xentro,xentro-mall-calapan,XentroMall Calapan,
b7 bingo angels gadget,B7 BINGO ANGELS GADGET,xentro,xentro-mall-lemery,XentroMall Lemery,
baa baa thai milktea,Baa Baa Thai Milktea,megaworld,venice-grand-canal-mall,Venice Grand Canal Mall,
baa baa thai tea 0922 739 4579,BAA BAA THAI TEA 0922-739-4579,robinsons,robinsons-cybergate-cebu,Robinsons Cybergate Cebu,visayas
baan kids spa,Baan Kids Spa,megaworld,mactan-newtown,Mactan Newtown,
baan spa,Baan Spa,megaworld,mactan-newtown,Mactan Newtown,
babes children world,Babes Children World,ortigas,greenhills,Greenhills,metro-manila
babes lechon,BABES LECHON,robinsons,robinsons-gapan,Robinsons Gapan,north-luzon
azhleya cellphone & accessories shop,AZHLEYA CELLPHONE & ACCESSORIES SHOP,robinsons,robinsons-novaliches,Robinsons Novaliches,metro-manila
azela,AZELA,robinsons,robinsons-manila,Robinsons Place Manila,metro-manila
azcor,AZCOR,sm,sm-megamall,SM Megamall,metro-manila
ayala land premier,AYALA LAND PREMIER,ayala,ayala-greenbelt,Greenbelt,metro-manila
awesam smile dental clinic,Awesam Smile Dental Clinic,megaworld,venice-grand-canal-mall,Venice Grand Canal Mall,
awra beauty and infusion spa,AWRA Beauty and Infusion Spa,robinsons,robinsons-ilocos,Robinsons Place Ilocos,north-luzon
axel laundry water,AXEL LAUNDRY WATER,sm,smdc-strip-at-princeton,SMDC Strip at Princeton,smdc
axels rbm,AXELS RBM,robinsons,robinsons-starmills,Robinsons Starmills,north-luzon
axels rbm souvinier & gift shop,AXEL'S RBM SOUVINIER & GIFT SHOP,ayala,ayala-harbor-point,Harbor Point,north-luzon
ayaah mobile phones and accessories shop,AYAAH MOBILE PHONES AND ACCESSORIES SHOP,robinsons,robinsons-novaliches,Robinsons Novaliches,metro-manila
ayame japanese restaurant,Ayame Japanese Restaurant,filinvest,il-corso,IL Corso,visayas
azabu,Azabu,robinsons,robinsons-galleria-cebu,Robinsons Galleria Cebu,visayas
ayans lugawan,AYAN'S LUGAWAN,ayala,ayala-fairview-mall,Fairview Terraces,metro-manila
ayas cellphone accessories store,AYAS CELLPHONE ACCESSORIES STORE,sm,sm-city-consolacion,SM City Consolacion,visayas
aysee,Aysee,ortigas,tiendesitas,Tiendesitas,metro-manila
ayumi elite,Ayumi Elite,megaworld,uptown-parade,Uptown Parade,
ayz health and beauty,AYZ HEALTH AND BEAUTY,xentro,xentro-mall-santiago,XentroMall Santiago,
az powered,AZ POWERED,sm,sm-city-pampanga,SM City Pampanga,north-luzon
athletics hub,ATHLETICS HUB,robinsons,robinsons-gapan,Robinsons Gapan,north-luzon
athletes foot,The Athlete's Foot,robinsons,robinsons-magnolia,Robinsons Magnolia,metro-manila
aries services 0916 730 3522,ARIES SERVICES 0916-730-3522,robinsons,robinsons-sta-rosa,Robinsons Sta. Rosa,south-luzon
art68 coffee corner,Art68 Coffee Corner,robinsons,robinsons-novaliches,Robinsons Novaliches,metro-manila
artboom,Artboom,megaworld,eastwood-mall,Eastwood Mall,
artistitch,ARTISTITCH,sm,sm-city-cebu,SM City Cebu,visayas
arturos,ARTURO'S,sm,sm-cdo-downtown,SM CDO Downtown Premier,mindanao
arx,ARX,robinsons,robinsons-galleria-ortigas,Robinsons Galleria,metro-manila
arya persian,Arya Persian,robinsons,robinsons-magnolia,Robinsons Magnolia,metro-manila
arya persian restaurant,ARYA PERSIAN RESTAURANT,robinsons,robinsons-manila,Robinsons Place Manila,metro-manila
aryas coffee and tea,ARYAS COFFEE AND TEA,sm,sm-city-mindpro,SM City Mindpro,mindanao
aseptique,ASEPTIQUE,sm,sm-city-lipa,SM City Lipa,south-luzon
aserehe money changer,Aserehe Money Changer,waltermart,dasmarinas,WalterMart Dasmariñas,south-luzon
ash letrato inc,"Ash Letrato, Inc.",robinsons,robinsons-galleria-ortigas,Robinsons Galleria,metro-manila
asher jewels,ASHER JEWELS,sm,sm-city-caloocan,SM City Caloocan,metro-manila
ashiq zone gadget trading,Ashiq Zone Gadget Trading,robinsons,robinsons-north-tacloban,Robinsons North Tacloban,visayas
ashley furniture,Ashley Furniture,robinsons,robinsons-magnolia,Robinsons Magnolia,metro-manila
ashley mixx,Ashley Mixx,filinvest,fora,Fora Mall,south-luzon
ashley mixx bazaar,Ashley Mixx Bazaar,filinvest,main-square,Main Square,south-luzon
artasia,ARTASIA,sm,sm-megamall,SM Megamall,metro-manila
art point gallery,Art Point Gallery,ortigas,greenhills,Greenhills,metro-manila
athena travel tours,Athena Travel Tours,robinsons,robinsons-pangasinan,Robinsons Place Pangasinan,north-luzon
art of scent,Art of Scent,megaworld,newport-city,Newport City,
aristocrat,Aristocrat,robinsons,robinsons-manila,Robinsons Place Manila,metro-manila
armorica by breton,ARMORICA BY BRETON,ayala,ayala-greenbelt,Greenbelt,metro-manila
armourtech phone accents,ARMOURTECH PHONE ACCENTS,ayala,ayala-capitol-central,Ayala Malls Capitol Central,visayas
aromacology sensi,AROMACOLOGY SENSI,sm,sm-city-davao,SM City Davao,mindanao
arq living,ARQ Living,robinsons,robinsons-magnolia,Robinsons Magnolia,metro-manila
arraboo ph,ARRABOO PH,sm,sm-city-urdaneta-central,SM City Urdaneta Central,north-luzon
arrow fix,ARROW FIX,robinsons,robinsons-palawan,Robinsons Place Palawan,south-luzon
arrowland by gandiva archery,ARROWLAND BY GANDIVA ARCHERY,sm,sm-megamall,SM Megamall,metro-manila
arroz caldo republic,Arroz Caldo Republic,robinsons,robinsons-naga,Robinsons Place Naga,south-luzon
art anton gallery,ART ANTON GALLERY,sm,s-maison,S Maison,metro-manila
art circle,The Art Circle,robinsons,robinsons-galleria-ortigas,Robinsons Galleria,metro-manila
art haven gallery,ART HAVEN GALLERY,ayala,ayala-up-town-center,U. P. Town Center,metro-manila
art lounge,ART LOUNGE,sm,the-podium,The Podium,metro-manila
art monster,ART MONSTER,sm,sm-megamall,SM Megamall,metro-manila
art of love tattoo,Art Of Love Tattoo,megaworld,eastwood-city-walk,Eastwood City Walk,
ashley nicolette,Ashley Nicolette,robinsons,robinsons-novaliches,Robinsons Novaliches,metro-manila
ashrey diagnostic center,Ashrey Diagnostic Center,megaworld,venice-grand-canal-mall,Venice Grand Canal Mall,
ashtel phil,Ashtel Phil,ortigas,greenhills,Greenhills,metro-manila
asia united bank,Asia United Bank,gmall,gmall-of-tagum,GMall of Tagum,mindanao
astroballoons,ASTROBALLOONS,sm,sm-city-davao,SM City Davao,mindanao
asu trading,ASU Trading,robinsons,robinsons-manila,Robinsons Place Manila,metro-manila
asuncion optical,ASUNCION OPTICAL,ayala,ayala-the-district-dasmarinas,The District Dasmarinas,south-luzon
asures by carla,ASURES BY CARLA,robinsons,robinsons-butuan,Robinsons Place Butuan,mindanao
asus experience zone,THE ASUS EXPERIENCE ZONE,sm,sm-megamall,SM Megamall,metro-manila
asus zenfone,Asus Zenfone,gmall,gmall-of-davao,GMall of Davao,mindanao
asy and ysas party needs,ASY AND YSA'S PARTY NEEDS,ayala,ayala-market-market,Market! Market!,metro-manila
asyard fashion house,Asyard Fashion House,gmall,gmall-of-tagum,GMall of Tagum,mindanao
ata martial arts studio,ATA Martial Arts Studio,megaworld,alabang-west-parade,Alabang West Parade,
atc massage,ATC MASSAGE,robinsons,robinsons-metro-east,Robinsons Metro East,metro-manila
atc massage chair service,ATC MASSAGE CHAIR SERVICE (NEW),robinsons,robinsons-naga,Robinsons Place Naga,south-luzon
ate by tatah,Ate By Tatah,robinsons,robinsons-galleria-cebu,Robinsons Galleria Cebu,visayas
ate nenes shakes,ATE NENE'S SHAKES,sm,sm-city-tanza,SM City Tanza,south-luzon
ate ricas bacsilog 0929 329 5776,ATE RICA'S BACSILOG 0929-329-5776,robinsons,robinsons-sta-rosa,Robinsons Sta. Rosa,south-luzon
athalias cakes & pastries,Athalia's Cakes & Pastries,robinsons,robinsons-cybergate-davao,Robinsons Cybergate Davao,mindanao
astons specialities,ASTONS SPECIALITIES,sm,sm-megamall,SM Megamall,metro-manila
aspire health solutions,Aspire Health Solutions,megaworld,festive-walk-parade,Festive Walk Parade,
aslania shoes corner,Aslania Shoes Corner,robinsons,robinsons-novaliches,Robinsons Novaliches,metro-manila
asian hawker,ASIAN HAWKER,starmall,alabang,Starmall Alabang,metro-manila
asiaco,Asiaco,robinsons,robinsons-magnolia,Robinsons Magnolia,metro-manila
asiamex,ASIAMEX,ayala,ayala-market-market,Market! Market!,metro-manila
asian base dental group,Asian Base Dental Group,robinsons,robinsons-manila,Robinsons Place Manila,metro-manila
asian derma clinic,ASIAN DERMA CLINIC,starmall,san-jose-del-monte,Starmall San Jose del Monte,north-luzon
asian derma clinic cherry mobile,ASIAN DERMA CLINIC CHERRY MOBILE,xentro,montalban-town-center,Montalban Town Center,
asian food house,Asian Food House,megaworld,lucky-chinatown-imperial-wing,Lucky Chinatown - Imperial Wing,
asian institute of computer studies,ASIAN INSTITUTE OF COMPUTER STUDIES,xentro,montalban-town-center,Montalban Town Center,
aslane cellphone & accessories 0950 864 1523,ASLANE CELLPHONE & ACCESSORIES 0950-864-1523,robinsons,robinsons-cagayan-de-oro,Robinsons Cagayan de Oro,mindanao
asian institute of computer studies purple line,ASIAN INSTITUTE OF COMPUTER STUDIES PURPLE LINE,xentro,tanay-town-center,Tanay Town Center,
asian massage,ASIAN MASSAGE,sm,sm-city-puerto-princesa,SM City Puerto Princesa,south-luzon
asian noodle master,Asian Noodle Master,robinsons,robinsons-malolos,Robinsons Place Malolos,north-luzon
asian pieces arts & antiques shop,"ASIAN PIECES, ARTS & ANTIQUE'S SHOP",ayala,ayala-capitol-central,Ayala Malls Capitol Central,visayas
asian skin clinic,Asian Skin Clinic,megaworld,venice-grand-canal-mall,Venice Grand Canal Mall,
asian spice,Asian Spice (Temporarily Closed),robinsons,robinsons-santiago,Robinsons Place Santiago,north-luzon
amang grill,Amang Grill,waltermart,erodriguez,WalterMart E.Rodriguez,metro-manila
amaia steps two capitol central showroom,AMAIA STEPS TWO CAPITOL CENTRAL SHOWROOM,ayala,ayala-capitol-central,Ayala Malls Capitol Central,visayas
amah mee ya,Amah Mee Ya,megaworld,mactan-newtown,Mactan Newtown,
abaton,Abaton,ortigas,greenhills,Greenhills,metro-manila
abbas orchard montessori,Abba's Orchard Montessori,megaworld,venice-grand-canal-mall,Venice Grand Canal Mall,
abc decor centre,ABC DECOR CENTRE,sm,sm-city-north-edsa,SM City North Edsa,metro-manila
abdg,ABDG,sm,sm-city-fairview,SM City Fairview,metro-manila
abdul azis cellphone and accessories store,ABDUL-AZIS CELLPHONE AND ACCESSORIES STORE,robinsons,robinsons-novaliches,Robinsons Novaliches,metro-manila
abee barbeque corner,ABEE BARBEQUE CORNER,ayala,ayala-market-market,Market! Market!,metro-manila
abel iloko,ABEL ILOKO,ayala,ayala-market-market,Market! Market!,metro-manila
abel ulaye jcm exhibit depot,ABEL ULAYE JCM Exhibit Depot,xentro,xentro-mall-calapan,XentroMall Calapan,
abenson appliances,ABENSON APPLIANCES,xentro,mall-of-the-valley,Mall Of The Valley,
abenson genelyn cellphone and accessories,ABENSON Genelyn Cellphone and accessories,xentro,montalban-town-center,Montalban Town Center,
abenson victorious,"ABENSON, VICTORIOUS",xentro,xentro-mall-cabagan,XentroMall Cabagan,
abesamis dental clinic,Abesamis Dental Clinic,filinvest,festival-mall,Festival Mall,metro-manila
abracadabra,Abracadabra,ortigas,greenhills,Greenhills,metro-manila
abraham cellshop,ABRAHAM CELLSHOP,xentro,balagtas-town-center,Balagtas Town Center,
abrey photocopy corp,ABREY PHOTOCOPY CORP.,xentro,montalban-town-center,Montalban Town Center,
abrillo furniture,ABRILLO FURNITURE,sm,sm-city-cagayan-de-oro,SM City CDO Uptown,mindanao
abbas orchard,The Abba's Orchard,ortigas,greenhills,Greenhills,metro-manila
abalone,ABALONE,sm,sm-city-mindpro,SM City Mindpro,mindanao
a bernardo jewelry,A.bernardo Jewelry,ortigas,greenhills,Greenhills,metro-manila
abaga cellphone,ABAGA CELLPHONE,xentro,xentro-mall-cabagan,XentroMall Cabagan,
a l valencia dental clinic,A L VALENCIA DENTAL CLINIC,sm,sm-city-lucena,SM City Lucena,south-luzon
a la mode,A LA MODE,sm,sm-seaside-city-cebu,SM Seaside City Cebu,visayas
a moleta sign & crafts,A. MOLETA SIGN & CRAFTS,robinsons,robinsons-iloilo,Robinsons Place Iloilo,visayas
a new way to smile dental clinic,A NEW WAY TO SMILE DENTAL CLINIC,sm,sm-city-masinag,SM City Masinag,metro-manila
a remax,A-REMAX,robinsons,robinsons-palawan,Robinsons Place Palawan,south-luzon
a salonga music center school,A SALONGA MUSIC CENTER SCHOOL,sm,sm-city-cebu,SM City Cebu,visayas
a t m fruit corner,A.T.M. FRUIT CORNER,ayala,ayala-market-market,Market! Market!,metro-manila
a touch of elegance,A TOUCH OF ELEGANCE,ayala,ayala-glorietta,Glorietta,metro-manila
a z gadgets,A-Z GADGETS,robinsons,robinsons-las-pinas,Robinsons Place Las Pinas,metro-manila
a&g,A&G,robinsons,robinsons-tacloban,Robinsons Place Tacloban,visayas
a&ron massage chair,A&RON MASSAGE CHAIR,robinsons,robinsons-cainta,Robinsons Cainta,metro-manila
a2z driving school,A2Z Driving School,robinsons,robinsons-dasmarinas,Robinsons Place Dasmarinas,south-luzon
a5 collection,A5 Collection,robinsons,robinsons-novaliches,Robinsons Novaliches,metro-manila
a888 watch repair,A888 Watch Repair,robinsons,robinsons-los-banos,Robinsons Town Mall Los Banos,south-luzon
aaquilah s jewelry,Aaquilah\'s Jewelry,gmall,gmall-of-davao,GMall of Davao,mindanao
abubot,ABUBOT,sm,sm-city-north-edsa,SM City North Edsa,metro-manila
abuhan ni manang julie,Abuhan ni Manang Julie,gmall,gmall-of-tagum,GMall of Tagum,mindanao
ac 632,AC + 632,ayala,ayala-greenbelt,Greenbelt,metro-manila
ac vision,AC Vision,gmall,gmall-of-davao,GMall of Davao,mindanao
acg medical clinic,ACG Medical Clinic,robinsons,robinsons-galleria-cebu,Robinsons Galleria Cebu,visayas
acms medical and diagnostic services,ACMS MEDICAL AND DIAGNOSTIC SERVICES,sm,sm-city-trece-martires,SM City Trece Martires,south-luzon
acom,ACOM,starmall,edsa-shaw,Starmall EDSA-Shaw,metro-manila
acom consumer finance,ACOM Consumer Finance,waltermart,bicutan,WalterMart Bicutan,metro-manila
acom consumer finance corporation,ACOM Consumer Finance Corporation,waltermart,sta-maria,WalterMart Sta. Maria,north-luzon
acom consumer finance corporaton,ACOM CONSUMER FINANCE CORPORATON,starmall,alabang,Starmall Alabang,metro-manila
acom consumer finance incorporated,ACOM Consumer Finance Incorporated,waltermart,gapan,WalterMart Gapan,north-luzon
acquasuisse,Acquasuisse,robinsons,robinsons-manila,Robinsons Place Manila,metro-manila
acquasuisse perfume bar,ACQUASUISSE PERFUME BAR,ayala,ayala-abreeza,Abreeza,mindanao
across,ACROSS,sm,sm-city-marilao,SM City Marilao,north-luzon
activate sports center,ACTIVATE SPORTS CENTER,sm,smdc-light-mall,SMDC Light Mall,smdc
active eyewear,ACTIVE EYEWEAR,sm,sm-city-taytay,SM City Taytay,metro-manila
active fun,ACTIVE FUN,sm,sm-megamall,SM Megamall,metro-manila
active hearing,Active Hearing,robinsons,robinsons-lipa,Robinsons Place Lipa,south-luzon
active vision,Active Vision,robinsons,robinsons-malolos,Robinsons Place Malolos,north-luzon
aceshield cellphone accessories,ACESHIELD CELLPHONE ACCESSORIES,sm,sm-city-north-edsa,SM City North Edsa,metro-manila
acer 9213852093,Acer 9213852093,robinsons,robinsons-santiago,Robinsons Place Santiago,north-luzon
acefast,ACEFAST,sm,sm-mall-of-asia,SM Mall of Asia,metro-manila
acdc learning center,ACDC LEARNING CENTER,ayala,ayala-the-district-imus,The District Imus,south-luzon
acami massage,Acami Massage,ortigas,greenhills,Greenhills,metro-manila
acami massage spa,ACAMI MASSAGE SPA,sm,smdc-strip-at-shore,SMDC Strip at Shore,smdc
accent hub,Accent Hub,filinvest,festival-mall,Festival Mall,metro-manila
accenture,ACCENTURE,ayala,ayala-the-district-imus,The District Imus,south-luzon
accessory geeks marketing,Accessory Geeks Marketing,gmall,gmall-of-davao,GMall of Davao,mindanao
accessory lane marketing,Accessory Lane Marketing,gmall,gmall-of-davao,GMall of Davao,mindanao
acdi multipurpose cooperative,ACDI Multipurpose Cooperative,robinsons,robinsons-luisita,Robinsons Luisita,north-luzon
acebedo panol optical,ACEBEDO PANOL OPTICAL,robinsons,robinsons-tuguegarao,Robinsons Place Tuguegarao,north-luzon
ace builders center,ACE BUILDERS CENTER,sm,sm-city-fairview,SM City Fairview,metro-manila
ace cream,Ace Cream,filinvest,main-square,Main Square,south-luzon
ace express,ACE EXPRESS,sm,smdc-jazz-mall,SMDC Jazz Mall,smdc
ace fashion 9209267708,ACE FASHION 9209267708,robinsons,robinsons-butuan,Robinsons Place Butuan,mindanao
ace hardware warehouse,ACE HARDWARE WAREHOUSE,xentro,mall-of-the-valley,Mall Of The Valley,
acebedo,Acebedo,robinsons,robinsons-tacloban,Robinsons Place Tacloban,visayas
a create,A-CREATE,sm,sm-city-baliwag,SM City Baliwag,north-luzon
a & s miscellaneous fabric center,A & S MISCELLANEOUS FABRIC CENTER,ayala,ayala-glorietta,Glorietta,metro-manila
acts manila,Acts Manila,megaworld,greenhouse-village-square,The Greenhouse at Village Square,
2823 cherry mobile,2823 CHERRY MOBILE,xentro,xentro-mall-roxas,XentroMall Roxas,
2go express,2go Express,filinvest,festival-mall,Festival Mall,metro-manila
2go express tara balls,2GO EXPRESS Tara Balls,xentro,montalban-town-center,Montalban Town Center,
2nd street oyster,2ND STREET OYSTER,sm,sm-megamall,SM Megamall,metro-manila
2nd street oysters,2nd Street Oysters,megaworld,alabang-west-parade,Alabang West Parade,
2nd time around,2ND TIME AROUND,sm,sm-city-cebu,SM City Cebu,visayas
3 barkeeteers,3 Barkeeteers,ortigas,tiendesitas,Tiendesitas,metro-manila
31st streetbar and restaurant,31ST STREETBAR AND RESTAURANT,robinsons,robinsons-novaliches,Robinsons Novaliches,metro-manila
360 barbers & beauty salon,360 BARBERS & BEAUTY SALON,robinsons,robinsons-gapan,Robinsons Gapan,north-luzon
360 fitness,360 Fitness,xentro,shopking,Shopking,
360 pharmacy,360 Pharmacy,filinvest,il-corso,IL Corso,visayas
37 degrees coffee,37 Degrees Coffee,robinsons,robinsons-antique,Robinsons Place Antique,visayas
3d dental clinic,3D DENTAL CLINIC,ayala,ayala-feliz,Ayala Malls Feliz,metro-manila
3g planet,3g Planet,filinvest,festival-mall,Festival Mall,metro-manila
3geeks,3geeks,ortigas,greenhills,Greenhills,metro-manila
3m pizza,3M PIZZA,robinsons,robinsons-novaliches,Robinsons Novaliches,metro-manila
2d samgyup saranghae,2D Samgyup Saranghae,megaworld,festive-walk-parade,Festive Walk Parade,
2823 cellphone & accessories jhenzan cellphone,2823 CELLPHONE & ACCESSORIES JHENZAN CELLPHONE (NORANIA 2),xentro,tanay-town-center,Tanay Town Center,
a & ron massage chair,A & RON MASSAGE CHAIR,robinsons,robinsons-cainta,Robinsons Cainta,metro-manila
2823,2823,xentro,ab-central,Ab Central,
10 by tsukemen,10 by Tsukemen,robinsons,robinsons-magnolia,Robinsons Magnolia,metro-manila
102 izakaya,102 IZAKAYA,ayala,ayala-glorietta,Glorietta,metro-manila
10yenking,10YenKing,robinsons,robinsons-magnolia,Robinsons Magnolia,metro-manila
12 monkeys music hall & pub,12 Monkeys Music Hall & Pub,ortigas,estancia,Estancia,metro-manila
121 grill and restaurant,121 Grill and Restaurant,megaworld,eastwood-city-walk,Eastwood City Walk,
1624 noodle bar,1624 Noodle Bar,ortigas,greenhills,Greenhills,metro-manila
18 days coffee,18 DAYS COFFEE,ayala,ayala-solenad,Ayala Malls Nuvali,south-luzon
1870 cookie cartel,1870 Cookie Cartel,megaworld,venice-grand-canal-mall,Venice Grand Canal Mall,
19th street coffee shop,19TH STREET COFFEE SHOP,ayala,ayala-capitol-central,Ayala Malls Capitol Central,visayas
1click internet shop,1CLICK INTERNET SHOP,robinsons,robinsons-iloilo,Robinsons Place Iloilo,visayas
2 els toy mart,2 El's Toy Mart,megaworld,festive-walk-mall-iloilo,Festive Walk Mall,
205,205,ayala,ayala-bonifacio-high-street,Bonifacio High Street,metro-manila
220 taps n tiles,220 TAPS N' TILES,sm,sm-mall-of-asia,SM Mall of Asia,metro-manila
2358 korean exquisite ca exhibit network,2358 KOREAN EXQUISITE CA EXHIBIT NETWORK,xentro,montalban-town-center,Montalban Town Center,
27c realty,27C REALTY,robinsons,robinsons-galleria-ortigas,Robinsons Galleria,metro-manila
4 med enterprises ca exhibits,4 MED ENTERPRISES ( AFICIONADO) CA EXHIBITS ( PROPERTY PRO ),xentro,montalban-town-center,Montalban Town Center,
4d trailer,4D Trailer,gmall,gmall-of-tagum,GMall of Tagum,mindanao
4ns fone,4N'S FONE,xentro,balagtas-town-center,Balagtas Town Center,
4u mini cellshop,4U Mini Cellshop,gmall,gmall-of-tagum,GMall of Tagum,mindanao
80 degrees ktv,80 DEGREES KTV,sm,sm-city-cagayan-de-oro,SM City CDO Uptown,mindanao
808,THE 808,sm,the-podium,The Podium,metro-manila
8a performance,8A PERFORMANCE,araneta,ali-mall,Ali Mall,metro-manila
8cuts burger,8Cuts Burger,ortigas,greenhills,Greenhills,metro-manila
8th lane,8TH LANE,ayala,ayala-market-market,Market! Market!,metro-manila
8th street spa,8TH STREET SPA,sm,sm-city-iloilo,SM City Iloilo,visayas
8th ways spa,8th Ways Spa,megaworld,festive-walk-mall-iloilo,Festive Walk Mall,
9 silog,9 SILOG,sm,sm-city-trece-martires,SM City Trece Martires,south-luzon
99 ranch,99 Ranch,megaworld,venice-grand-canal-mall,Venice Grand Canal Mall,
99 ranch store,99 Ranch Store,waltermart,macapagal,WalterMart Macapagal,metro-manila
99 store,99 Store (Reloc),gmall,gmall-of-tagum,GMall of Tagum,mindanao
a,A,gmall,gmall-of-tagum,GMall of Tagum,mindanao
a & b textile,A & B TEXTILE,araneta,ali-mall,Ali Mall,metro-manila
a & j cellphone accessories,A & J CELLPHONE ACCESSORIES,robinsons,robinsons-iligan,Robinsons Place Iligan,mindanao
a & r beauty,A & R Beauty,robinsons,robinsons-gentrias,Robinsons Place Gen. Trias,south-luzon
8 zettabytes,8 Zettabytes,ortigas,greenhills,Greenhills,metro-manila
8 telcom,8 Telcom,gmall,gmall-of-tagum,GMall of Tagum,mindanao
8 seconds,8 SECONDS,robinsons,robinsons-manila,Robinsons Place Manila,metro-manila
7 eleven rasta,7 ELEVEN RASTA,xentro,xentro-mall-lemery,XentroMall Lemery,
50 50 burger steaks,50/50 BURGER STEAKS,robinsons,opus,Opus Mall,metro-manila
50 second,50 SECOND,robinsons,robinsons-novaliches,Robinsons Novaliches,metro-manila
511 tactical series,511 TACTICAL SERIES,sm,sm-mall-of-asia,SM Mall of Asia,metro-manila
55c,55°C,gmall,gmall-of-davao,GMall of Davao,mindanao
5peaches inc,"5PEACHES, INC.",xentro,ab-central,Ab Central,
7 brothers cellphone gallery,7 BROTHERS CELLPHONE GALLERY,robinsons,robinsons-novaliches,Robinsons Novaliches,metro-manila
7 for all mankind,7 FOR ALL MANKIND,ayala,ayala-greenbelt,Greenbelt,metro-manila
8 cuts burgers,8 CUTS BURGERS,ayala,ayala-serendra,Shops at Serendra,metro-manila
7 luxe,7 Luxe,filinvest,festival-mall,Festival Mall,metro-manila
7 soles,7 Soles,robinsons,robinsons-gentrias,Robinsons Place Gen. Trias,south-luzon
70s kimchi,70’s Kimchi,filinvest,festival-mall,Festival Mall,metro-manila
712 insideout travel tours,712 INSIDEOUT TRAVEL TOURS,sm,sm-cdo-downtown,SM CDO Downtown Premier,mindanao
789 fresh mart,789 Fresh Mart,megaworld,venice-grand-canal-mall,Venice Grand Canal Mall,
8 cuts burger,8 Cuts Burger,megaworld,uptown-mall,Uptown Mall,
acts church,Acts Church,filinvest,festival-mall,Festival Mall,metro-manila
aczesoriz,Aczesoriz,robinsons,robinsons-ilocos,Robinsons Place Ilocos,north-luzon
am pm by alchemista,AM + PM BY ALCHEMISTA,sm,s-maison,S Maison,metro-manila
alemar graphics ads,ALEMAR GRAPHICS ADS,sm,sm-city-iloilo,SM City Iloilo,visayas
alexander fragrance,ALEXANDER FRAGRANCE,ayala,ayala-trinoma,Trinoma,metro-manila
alexis,Alexis,robinsons,robinsons-galleria-ortigas,Robinsons Galleria,metro-manila
alfredo watch repair,Alfredo Watch Repair,robinsons,robinsons-fuente,Robinsons Fuente,visayas
alfredulla,ALFREDULLA,sm,sm-mall-of-asia,SM Mall of Asia,metro-manila
ali footwear,Ali Footwear,robinsons,robinsons-novaliches,Robinsons Novaliches,metro-manila
alice orig pancit malabon 9985474866,Alice Orig Pancit Malabon 9985474866,robinsons,robinsons-santiago,Robinsons Place Santiago,north-luzon
alistair,Alistair,robinsons,robinsons-novaliches,Robinsons Novaliches,metro-manila
aliya cellphone accessories,Aliya Cellphone Accessories,gmall,gmall-of-digos,GMall of Digos,mindanao
alizidney,ALIZIDNEY,robinsons,robinsons-iligan,Robinsons Place Iligan,mindanao
alkimia by mumbakki,ALKIMIA BY MUMBAKKI (0946-138-4463),robinsons,robinsons-metro-east,Robinsons Metro East,metro-manila
all aboard xp by gaming library,All aBoard XP by Gaming Library,megaworld,uptown-mall,Uptown Mall,
all about women ob gyne sub specialty clinic,ALL ABOUT WOMEN OB-GYNE SUB-SPECIALTY CLINIC,sm,sm-city-cebu,SM City Cebu,visayas
all bank,ALL BANK,starmall,alabang,Starmall Alabang,metro-manila
all core pilates,ALL CORE PILATES,sm,the-podium,The Podium,metro-manila
all day convenience store,ALL DAY CONVENIENCE STORE,starmall,edsa-shaw,Starmall EDSA-Shaw,metro-manila
alessi,ALESSI,ayala,ayala-greenbelt,Greenbelt,metro-manila
alegria,ALEGRIA,ayala,ayala-bonifacio-high-street,Bonifacio High Street,metro-manila
al halal,Al Halal,filinvest,festival-mall,Festival Mall,metro-manila
aleah cellphone & accessories store,ALEAH CELLPHONE & ACCESSORIES STORE,robinsons,robinsons-novaliches,Robinsons Novaliches,metro-manila
alandoni cellphone accessories,ALANDONI CELLPHONE ACCESSORIES (ENSHES),xentro,tanay-town-center,Tanay Town Center,
alas nail spa,Alas Nail Spa,megaworld,california-garden-square,California Garden Square,
albarando & laboga dental clinic 479 9319,Albarando & Laboga Dental Clinic (032)479-9319,robinsons,robinsons-cybergate-cebu,Robinsons Cybergate Cebu,visayas
alberto geox,Alberto/Geox,robinsons,robinsons-dumaguete,Robinsons Place Dumaguete,visayas
alberto officine,Alberto/Officine,robinsons,robinsons-roxas,Robinsons Place Roxas,visayas
alberto terra & agua,Alberto/Terra & Agua,robinsons,robinsons-iloilo,Robinsons Place Iloilo,visayas
alcantara and associates law office,ALCANTARA AND ASSOCIATES LAW OFFICE,sm,sm-cdo-downtown,SM CDO Downtown Premier,mindanao
alcaras,ALCARAS,xentro,xentro-mall-cabagan,XentroMall Cabagan,
alchemy,Alchemy,robinsons,robinsons-magnolia,Robinsons Magnolia,metro-manila
alchemy fiber,ALCHEMY FIBER,robinsons,robinsons-magnolia,Robinsons Magnolia,metro-manila
alcoan driving school,ALCOAN DRIVING SCHOOL,robinsons,robinsons-palawan,Robinsons Place Palawan,south-luzon
alcoves,THE ALCOVES,ayala,ayala-center-cebu,Ayala Center Cebu,visayas
aldave dental implant and esthetic dentistry and medical,ALDAVE DENTAL IMPLANT AND ESTHETIC DENTISTRY AND MEDICAL,sm,sm-city-north-edsa,SM City North Edsa,metro-manila
aldo accessories,Aldo Accessories,robinsons,robinsons-manila,Robinsons Place Manila,metro-manila
aldrew 88 footwear & gen merchandise mus ab ii cellphone & accessories,ALDREW 88 FOOTWEAR & GEN. MERCHANDISE MUS AB II CELLPHONE & ACCESSORIES,xentro,tanay-town-center,Tanay Town Center,
all day convenience store gfl,ALL DAY CONVENIENCE STORE GFL,starmall,san-jose-del-monte,Starmall San Jose del Monte,north-luzon
all day convenience store ugf,ALL DAY CONVENIENCE STORE UGF,starmall,san-jose-del-monte,Starmall San Jose del Monte,north-luzon
all day supermarket,ALL DAY SUPERMARKET,starmall,edsa-shaw,Starmall EDSA-Shaw,metro-manila
all flip flops pop up shop,ALL FLIP FLOPS POP-UP SHOP,sm,sm-city-taytay,SM City Taytay,metro-manila
alpas dental care center,ALPAS DENTAL CARE CENTER,sm,sm-city-trece-martires,SM City Trece Martires,south-luzon
alpha bazaar,Alpha Bazaar,robinsons,robinsons-dasmarinas,Robinsons Place Dasmarinas,south-luzon
alpha lifestyle,ALPHA LIFESTYLE,sm,sm-city-north-edsa,SM City North Edsa,metro-manila
alpina lounge & wellness,Alpina Lounge & Wellness,megaworld,uptown-parade,Uptown Parade,
alres,ALRES,sm,sm-city-santa-rosa,SM City Santa Rosa,south-luzon
alshaymah cellphone & accessories,ALSHAYMAH CELLPHONE & ACCESSORIES,robinsons,robinsons-novaliches,Robinsons Novaliches,metro-manila
alter and more,ALTER AND MORE,sm,sm-city-lucena,SM City Lucena,south-luzon
alter cesh,Alter Cesh,ortigas,greenhills,Greenhills,metro-manila
alteration plus,Alteration Plus,robinsons,robinsons-manila,Robinsons Place Manila,metro-manila
alteresi,ALTERESI,ayala,ayala-market-market,Market! Market!,metro-manila
alternative 9561281277,THE ALTERNATIVE 9561281277,robinsons,robinsons-magnolia,Robinsons Magnolia,metro-manila
alterrific,Alterrific,robinsons,robinsons-magnolia,Robinsons Magnolia,metro-manila
althea footwear and general merchandise,ALTHEA FOOTWEAR AND GENERAL MERCHANDISE,xentro,ab-central,Ab Central,
alto peak chocolate,ALTO PEAK CHOCOLATE,sm,sm-center-ormoc,SM Center Ormoc,visayas
alya pasta,Alya Pasta,robinsons,robinsons-magnolia,Robinsons Magnolia,metro-manila
aloha juice,Aloha Juice,gmall,gmall-of-toril,GMall of Toril,mindanao
aloha,Aloha,gmall,gmall-of-davao,GMall of Davao,mindanao
almeda optical,ALMEDA OPTICAL,ayala,ayala-glorietta,Glorietta,metro-manila
allday supermarket,ALLDAY SUPERMARKET,starmall,alabang,Starmall Alabang,metro-manila
all home,ALL HOME,starmall,san-jose-del-monte,Starmall San Jose del Monte,north-luzon
all sports,ALL SPORTS,starmall,san-jose-del-monte,Starmall San Jose del Monte,north-luzon
all you knead,ALL YOU KNEAD,sm,sm-city-legazpi,SM City Legazpi,south-luzon
all4u unlimited grill and shabu shabu,ALL4U UNLIMITED GRILL AND SHABU SHABU,sm,sm-city-fairview,SM City Fairview,metro-manila
allbank,ALLBANK,starmall,san-jose-del-monte,Starmall San Jose del Monte,north-luzon
allday convenience store,ALLDAY CONVENIENCE STORE,starmall,alabang,Starmall Alabang,metro-manila
allhome appliances,ALLHOME APPLIANCES,starmall,edsa-shaw,Starmall EDSA-Shaw,metro-manila
allyna footwear,ALLYNA FOOTWEAR,robinsons,robinsons-novaliches,Robinsons Novaliches,metro-manila
allianz pnb,ALLIANZ PNB,sm,sm-cdo-downtown,SM CDO Downtown Premier,mindanao
allianz pnb life,ALLIANZ PNB LIFE,robinsons,robinsons-tuguegarao,Robinsons Place Tuguegarao,north-luzon
allianz pnb satellite exhibit 2024,ALLIANZ PNB SATELLITE EXHIBIT 2024,robinsons,robinsons-ilocos,Robinsons Place Ilocos,north-luzon
allison jewelry,Allison Jewelry,gmall,gmall-of-davao,GMall of Davao,mindanao
allsectech manila inc,"ALLSECTECH MANILA, INC",ayala,ayala-market-market,Market! Market!,metro-manila
alltoys,ALLTOYS,starmall,talisay,Starmall Talisay Cebu,visayas
al norain,Al-Norain,robinsons,robinsons-novaliches,Robinsons Novaliches,metro-manila
al hafiz,Al-Hafiz,robinsons,robinsons-iligan,Robinsons Place Iligan,mindanao
ad lynx,AD LYNX,sm,sm-city-santa-rosa,SM City Santa Rosa,south-luzon
aer,AER,robinsons,robinsons-magnolia,Robinsons Magnolia,metro-manila
aesop,AESOP,ayala,ayala-greenbelt,Greenbelt,metro-manila
aesthetica dental and implant dental cente 0906 412 99574,Aesthetica Dental and Implant Dental Cente 0906-412-99574,robinsons,robinsons-cybergate-cebu,Robinsons Cybergate Cebu,visayas
aesthetiq wellness & spa,Aesthetiq Wellness & Spa,robinsons,robinsons-malolos,Robinsons Place Malolos,north-luzon
afficionado germany,AFFICIONADO GERMANY,araneta,ali-mall,Ali Mall,metro-manila
afficionado perfumes,Afficionado Perfumes,robinsons,robinsons-fuente,Robinsons Fuente,visayas
affinity dental,Affinity Dental,ortigas,estancia,Estancia,metro-manila
affinity dental clinic,AFFINITY DENTAL CLINIC,ayala,ayala-one-bonifacio-high-street,One Bonifacio High Street,metro-manila
afg la casa empanadas,AFG LA CASA EMPANADAS,ayala,ayala-market-market,Market! Market!,metro-manila
aficianado,AFICIANADO,robinsons,robinsons-pagadian,Robinsons Pagadian,mindanao
aficionado open,Aficionado (OPEN,robinsons,robinsons-iloilo,Robinsons Place Iloilo,visayas
after market,After Market,ortigas,greenhills,Greenhills,metro-manila
after you,After You,filinvest,festival-mall,Festival Mall,metro-manila
afters,AFTERS,sm,sm-city-butuan,SM City Butuan,mindanao
agave mexican cantina,Agave Mexican Cantina,megaworld,eastwood-city-walk,Eastwood City Walk,
agencia aira,Agencia Aira,gmall,gmall-of-toril,GMall of Toril,mindanao
aerostar,AEROSTAR,robinsons,robinsons-galleria-ortigas,Robinsons Galleria,metro-manila
aelisse wellness spa,AELISSE WELLNESS SPA,sm,sm-city-iloilo,SM City Iloilo,visayas
al dente pasta & aperitivo bar,Al Dente Pasta & Aperitivo Bar,megaworld,forbes-town,Forbes Town,
adventure,THE ADVENTURE,sm,sm-city-north-edsa,SM City North Edsa,metro-manila
ada cellphone and accessories,ADA Cellphone and Accessories,robinsons,robinsons-galleria-cebu,Robinsons Galleria Cebu,visayas
adamas,Adamas,ortigas,greenhills,Greenhills,metro-manila
adams quest,ADAM'S QUEST,sm,sm-city-north-edsa,SM City North Edsa,metro-manila
adc herrero general merchandise,ADC HERRERO GENERAL MERCHANDISE,araneta,ali-mall,Ali Mall,metro-manila
addas confectionery,ADDAS CONFECTIONERY,sm,sm-center-sangandaan,SM Center Sangandaan,north-luzon
addsome,Addsome,ortigas,greenhills,Greenhills,metro-manila
adidas 91907371013,ADIDAS 91907371013,robinsons,robinsons-iligan,Robinsons Place Iligan,mindanao
adidas nbhd,ADIDAS NBHD,ayala,ayala-up-town-center,U. P. Town Center,metro-manila
adidas temporarily closed,ADIDAS TEMPORARILY CLOSED,robinsons,robinsons-manila,Robinsons Place Manila,metro-manila
adionet,ADIONET,robinsons,robinsons-butuan,Robinsons Place Butuan,mindanao
adora,ADORA,ayala,ayala-greenbelt,Greenbelt,metro-manila
ads smoothies and pastries,ADS SMOOTHIES AND PASTRIES,robinsons,robinsons-roxas,Robinsons Place Roxas,visayas
ads watch and jewelry accessories,ADS Watch And Jewelry Accessories,robinsons,robinsons-antique,Robinsons Place Antique,visayas
advance bone,Advance Bone,robinsons,robinsons-cybergate-cebu,Robinsons Cybergate Cebu,visayas
advance chiropractic clinic,ADVANCE CHIROPRACTIC CLINIC,sm,sm-city-bacolod,SM City Bacolod,visayas
agencia de tarlac,AGENCIA DE TARLAC,xentro,ab-central,Ab Central,
agencia de tarlac pawnshop inc,"AGENCIA DE TARLAC PAWNSHOP, INC.",xentro,ab-central,Ab Central,
agies,Agies,ortigas,greenhills,Greenhills,metro-manila
ah fong asian cuisine,AH FONG ASIAN CUISINE,sm,sm-city-cagayan-de-oro,SM City CDO Uptown,mindanao
aivee cafe,AIVEE CAFÉ,ayala,ayala-vertis,Ayala Malls Vertis North,metro-manila
aivee institute,Aivee Institute,megaworld,forbes-town,Forbes Town,
aj cellshoppe,AJ Cellshoppe,gmall,gmall-of-tagum,GMall of Tagum,mindanao
aj s jewelry,AJ\'s Jewelry,gmall,gmall-of-digos,GMall of Digos,mindanao
aj tin,AJ-Tin,robinsons,robinsons-novaliches,Robinsons Novaliches,metro-manila
ajf boutique seagle telecom inc,AJF BOUTIQUE SEAGLE TELECOM INC. (GLOBE),xentro,tanay-town-center,Tanay Town Center,
ajiichiban,Ajiichiban,ortigas,greenhills,Greenhills,metro-manila
ajt gadget manila,AJT / Gadget Manila,ortigas,greenhills,Greenhills,metro-manila
akaigawa,Akaigawa,filinvest,festival-mall,Festival Mall,metro-manila
akamon,AKAMON,sm,sm-city-iloilo,SM City Iloilo,visayas
akamon ramen bar,Akamon Ramen Bar,megaworld,festive-walk-mall-iloilo,Festive Walk Mall,
akashiyaki,AKASHIYAKI,sm,sm-cherry-shaw,SM Center Shaw,metro-manila
akh antonios bar n grill,AKH ANTONIOS BAR N GRILL,sm,sm-city-davao,SM City Davao,mindanao
akimitsu tendon,AKIMITSU TENDON,robinsons,robinsons-manila,Robinsons Place Manila,metro-manila
akita,AKITA,ayala,ayala-up-town-center,U. P. Town Center,metro-manila
airwave,Airwave,waltermart,gapan,WalterMart Gapan,north-luzon
airwalk outland,Airwalk Outland,robinsons,robinsons-bacolod,Robinsons Place Bacolod,visayas
air wheels,Air Wheels,robinsons,robinsons-galleria-ortigas,Robinsons Galleria,metro-manila
aia,AIA,robinsons,robinsons-galleria-ortigas,Robinsons Galleria,metro-manila
ah mah,Ah Mah,robinsons,robinsons-magnolia,Robinsons Magnolia,metro-manila
ahead,Ahead,ortigas,greenhills,Greenhills,metro-manila
ahrome cafe,Ahrome Cafe,megaworld,california-garden-square,California Garden Square,
ai helmet depot,AI Helmet Depot,robinsons,robinsons-naga,Robinsons Place Naga,south-luzon
ai nails & body talk,AI NAILS & BODY TALK,sm,sm-center-pulilan,SM Center Pulilan,north-luzon
ai ren tang chinese drugstore,Ai Ren Tang Chinese Drugstore,megaworld,lucky-chinatown-imperial-wing,Lucky Chinatown - Imperial Wing,
aia philippines,AIA PHILIPPINES,robinsons,robinsons-manila,Robinsons Place Manila,metro-manila
air asia,Air Asia,filinvest,festival-mall,Festival Mall,metro-manila
aicing embellish,Aicing Embellish,robinsons,robinsons-iligan,Robinsons Place Iligan,mindanao
aigoo,Aigoo (OPEN),robinsons,robinsons-iloilo,Robinsons Place Iloilo,visayas
aiken explore travel and tours,AIKEN EXPLORE TRAVEL AND TOURS,robinsons,robinsons-gapan,Robinsons Gapan,north-luzon
aim dental avenue,AIM Dental Avenue,robinsons,robinsons-cybergate-davao,Robinsons Cybergate Davao,mindanao
aimens,AIMEN'S,xentro,mall-of-the-valley,Mall Of The Valley,
air 21,AIR 21,sm,sm-city-north-edsa,SM City North Edsa,metro-manila
baboo toys 9770651477,BABOO TOYS 9770651477,robinsons,robinsons-cybergate-cebu,Robinsons Cybergate Cebu,visayas
babots fruitas farm,BABOTS FRUITAS FARM,sm,sm-city-clark,SM City Clark,north-luzon
baby charm 0917 530 3888,Baby Charm 0917-530-3888,robinsons,robinsons-angeles,Robinsons Angeles,north-luzon
boy kanin,BOY KANIN,xentro,sta-ana-public-market,Sta Ana Public Market,
boy zugba temporarily closed,BOY ZUGBA TEMPORARILY CLOSED,robinsons,robinsons-valencia,Robinsons Place Valencia,mindanao
boysen,BOYSEN,sm,sm-mall-of-asia,SM Mall of Asia,metro-manila
bpi atm center,BPI ATM Center,megaworld,eastwood-cyber-mall,Eastwood Cyber Mall,
bpi express teller,BPI EXPRESS TELLER,sm,sm-city-caloocan,SM City Caloocan,metro-manila
bplo,BPLO,starmall,alabang,Starmall Alabang,metro-manila
bradford,Bradford,filinvest,festival-mall,Festival Mall,metro-manila
brand avenue apparels,Brand Avenue Apparels,robinsons,robinsons-north-tacloban,Robinsons North Tacloban,visayas
branded for less,Branded for Less,robinsons,robinsons-gentrias,Robinsons Place Gen. Trias,south-luzon
brandieshoppe,BRANDIESHOPPE,sm,sm-city-santa-rosa,SM City Santa Rosa,south-luzon
brandsmart,Brandsmart,robinsons,robinsons-starmills,Robinsons Starmills,north-luzon
brandzone,Brandzone,gmall,gmall-of-tagum,GMall of Tagum,mindanao
bratinhella,Bratinhella,fishermall,quezonave,Fisher Mall Quezon Avenue,metro-manila
bread basket,BREAD BASKET,sm,sm-city-roxas,SM City Roxas,visayas
bread funatics,BREAD FUNATICS,sm,sm-seaside-city-cebu,SM Seaside City Cebu,visayas
bread of life,BREAD OF LIFE,ayala,ayala-manila-bay,Ayala Malls Manila Bay,metro-manila
boy meets grill,Boy Meets Grill,megaworld,mactan-newtown,Mactan Newtown,
box88 coffee house,Box88 Coffee House,robinsons,robinsons-pavia,Robinsons Place Pavia,visayas
bored and hungry,BORED AND HUNGRY (0916 631 6835),robinsons,robinsons-magnolia,Robinsons Magnolia,metro-manila
bowling billiards,BOWLING BILLIARDS,sm,sm-megamall,SM Megamall,metro-manila
borough medical clinic,BOROUGH MEDICAL CLINIC,ayala,ayala-harbor-point,Harbor Point,north-luzon
bos chow,BOS CHOW,sm,sm-city-tuguegarao,SM City Tuguegarao,north-luzon
bos daily,Bo’s Daily,filinvest,il-corso,IL Corso,visayas
bos shoes & bag repair shop,Bo's Shoes & Bag Repair Shop,megaworld,alabang-west-parade,Alabang West Parade,
boss,Boss,megaworld,newport-city,Newport City,
boss cat rocket cafe,Boss Cat Rocket Cafe,megaworld,newport-city,Newport City,
boss pets,Boss Pets,filinvest,festival-mall,Festival Mall,metro-manila
boszgadgets,BOSZGADGETS,sm,sm-southmall,SM Southmall,metro-manila
botchoks rice meal,BOTCHOKS RICE MEAL,xentro,mall-of-the-valley,Mall Of The Valley,
boteyju,BOTEYJU,robinsons,robinsons-santiago,Robinsons Place Santiago,north-luzon
bottega veneta,BOTTEGA VENETA,ayala,ayala-greenbelt,Greenbelt,metro-manila
bottoms up,BOTTOMS UP,sm,sm-city-legazpi,SM City Legazpi,south-luzon
boulangerie 22,Boulangerie 22,robinsons,robinsons-manila,Robinsons Place Manila,metro-manila
bourbon street,Bourbon Street,megaworld,festive-walk-mall-iloilo,Festive Walk Mall,
bowl master,Bowl Master,robinsons,robinsons-magnolia,Robinsons Magnolia,metro-manila
bread talk,BREAD TALK,robinsons,robinsons-galleria-ortigas,Robinsons Galleria,metro-manila
breadboxed,BREADBOXED,robinsons,robinsons-las-pinas,Robinsons Place Las Pinas,metro-manila
breadworth bakery cafe,Breadworth Bakery Cafe,filinvest,dumaguete,Filinvest Malls Dumaguete,visayas
breadworths bakery cafe,Breadworths Bakery Cafe,robinsons,robinsons-dumaguete,Robinsons Place Dumaguete,visayas
brightsmile dental clinic,BRIGHTSMILE DENTAL CLINIC,robinsons,robinsons-valencia,Robinsons Place Valencia,mindanao
brilla,BRILLA,robinsons,robinsons-metro-east,Robinsons Metro East,metro-manila
brilliant cebu english academy,Brilliant Cebu English Academy,robinsons,robinsons-galleria-cebu,Robinsons Galleria Cebu,visayas
brilliant cut jewelry shop,BRILLIANT CUT JEWELRY SHOP,araneta,ali-mall,Ali Mall,metro-manila
brilliante jewelers,Brilliante Jewelers,robinsons,robinsons-ormoc,Robinsons Place Ormoc,visayas
brillo jewellers,Brillo Jewellers,ortigas,greenhills,Greenhills,metro-manila
brique modern kitchen,BRIQUE MODERN KITCHEN,sm,sm-seaside-city-cebu,SM Seaside City Cebu,visayas
bristol,BRISTOL,ayala,ayala-market-market,Market! Market!,metro-manila
brix laptop repair service,BRIX LAPTOP REPAIR SERVICE,ayala,ayala-metropoint,Metro Point Mall,metro-manila
broadway gems squezzy lemon,BROADWAY GEMS Squezzy Lemon,xentro,xentro-mall-lemery,XentroMall Lemery,
brochiere computers,BROCHIERE COMPUTERS,ayala,ayala-market-market,Market! Market!,metro-manila
broth n bowls,Broth N Bowls,megaworld,festive-walk-parade,Festive Walk Parade,
brotzeit,Brotzeit,megaworld,alabang-west-parade,Alabang West Parade,
browhaus strip,BROWHAUS / STRIP,sm,s-maison,S Maison,metro-manila
brows,Brows,megaworld,lucky-chinatown-mall,Lucky Chinatown Mall,
bright side optical clinic,BRIGHT SIDE OPTICAL CLINIC,xentro,sta-ana-public-market,Sta Ana Public Market,
brielles bread and pastry shop,BRIELLE'S BREAD AND PASTRY SHOP,sm,sm-city-baliwag,SM City Baliwag,north-luzon
bridge,BRIDGE,sm,sm-city-marilao,SM City Marilao,north-luzon
brewbox,Brewbox,robinsons,robinsons-dumaguete,Robinsons Place Dumaguete,visayas
breahs crepes,Breah's Crepes,robinsons,robinsons-valencia,Robinsons Place Valencia,mindanao
breakthrough,BREAKTHROUGH,sm,sm-city-iloilo,SM City Iloilo,visayas
brents wonder rides,BRENTS WONDER RIDES (TEMPORARY CLOSED),robinsons,robinsons-gapan,Robinsons Gapan,north-luzon
brew break,BREW BREAK,sm,sm-city-butuan,SM City Butuan,mindanao
brew life,BREW LIFE,robinsons,robinsons-gen-san,Robinsons Place GenSan,mindanao
brew x press,BREW X PRESS,sm,sm-center-pulilan,SM Center Pulilan,north-luzon
brewing genie,BREWING GENIE,robinsons,robinsons-north-tacloban,Robinsons North Tacloban,visayas
brickyard,THE BRICKYARD,ayala,ayala-vertis,Ayala Malls Vertis North,metro-manila
brewing point neighborhood cafe,BREWING POINT NEIGHBORHOOD CAFE,sm,sm-city-fairview,SM City Fairview,metro-manila
bria homes inc,"BRIA HOMES, INC.",starmall,alabang,Starmall Alabang,metro-manila
brick corner bar & bistro,Brick Corner Bar & Bistro,megaworld,forbes-town,Forbes Town,
brick wall,Brick Wall,megaworld,uptown-parade,Uptown Parade,
brick wood ph,Brick Wood PH,megaworld,alabang-west-parade,Alabang West Parade,
bricksland,BRICKSLAND,robinsons,robinsons-palawan,Robinsons Place Palawan,south-luzon
borough medical care institute,BOROUGH MEDICAL CARE INSTITUTE,sm,sm-mall-of-asia,SM Mall of Asia,metro-manila
bored & hungry,BORED & HUNGRY,robinsons,opus,Opus Mall,metro-manila
brunch bureau,BRUNCH BUREAU,sm,s-maison,S Maison,metro-manila
bluetech,Bluetech,waltermart,guiguinto,WalterMart Guiguinto,north-luzon
blvck cafe,BLVCK CAFE,sm,sm-by-the-bay,SM By the Bay,metro-manila
bmci diagnostic clinic,BMCI DIAGNOSTIC CLINIC,robinsons,robinsons-galleria-ortigas,Robinsons Galleria,metro-manila
bn whitening shoppe,BN Whitening Shoppe,gmall,gmall-of-davao,GMall of Davao,mindanao
bnr mobile phone accessories,BNR MOBILE PHONE ACCESSORIES,sm,sm-hypermarket-sucat-lopez,SM Hypermarket Sucat Lopez,metro-manila
bny hip shop,BNY HIP SHOP,starmall,edsa-shaw,Starmall EDSA-Shaw,metro-manila
board game madness,BOARD GAME MADNESS,robinsons,robinsons-metro-east,Robinsons Metro East,metro-manila
bob cellphone and accessories shop,BOB CELLPHONE AND ACCESSORIES SHOP,robinsons,robinsons-novaliches,Robinsons Novaliches,metro-manila
bob marlin restaurant,Bob Marlin Restaurant,robinsons,robinsons-naga,Robinsons Place Naga,south-luzon
boba in a cup,BOBA IN A CUP,robinsons,robinsons-novaliches,Robinsons Novaliches,metro-manila
bobcor blind massage,Bobcor Blind Massage,waltermart,sta-rosa,WalterMart Sta. Rosa,south-luzon
bobs footwear dayamona,BOB'S FOOTWEAR (BIBO SHOES ) DAYAMONA,xentro,montalban-town-center,Montalban Town Center,
bobson,Bobson,gmall,gmall-of-tagum,GMall of Tagum,mindanao
boc,BOC,megaworld,newport-city,Newport City,
body basics,Body Basics,robinsons,robinsons-angeles,Robinsons Angeles,north-luzon
body mechanic,Body Mechanic,ortigas,estancia,Estancia,metro-manila
blush spa,BLUSH SPA,robinsons,robinsons-pagadian,Robinsons Pagadian,mindanao
blueridge snack bar,BLUERIDGE SNACK BAR,xentro,northstar-mall,Northstar Mall,
boq,BOQ,robinsons,robinsons-cagayan-de-oro,Robinsons Cagayan de Oro,mindanao
blueridge media entertainment,BLUERIDGE MEDIA ENTERTAINMENT,xentro,northstar-mall,Northstar Mall,
bloc by junie sierra & co,THE BLOC BY JUNIE SIERRA & CO.,ayala,ayala-bonifacio-high-street,Bonifacio High Street,metro-manila
blooming days flowers & plants,BLOOMING DAYS FLOWERS & PLANTS,ayala,ayala-market-market,Market! Market!,metro-manila
bloomingdales,BLOOMINGDALES,sm,sm-megamall,SM Megamall,metro-manila
blooms and bears flowers and gift shop,BLOOMS AND BEARS FLOWERS AND GIFT SHOP,sm,sm-city-bacolod,SM City Bacolod,visayas
blu eye optical clinic,Blu Eye Optical Clinic,gmall,gmall-of-toril,GMall of Toril,mindanao
blue kitchen,BLUE KITCHEN,robinsons,opus,Opus Mall,metro-manila
blue lagoon water station,BLUE LAGOON WATER STATION,sm,smdc-strip-at-mezza,SMDC Strip at Mezza,smdc
blue lite,BLUE LITE,robinsons,robinsons-antipolo,Robinsons Place Antipolo,metro-manila
blue posts boiling crabs shrimps,BLUE POSTS BOILING CRABS SHRIMPS,sm,sm-city-davao,SM City Davao,mindanao
blue seas seafood restaurant,BLUE SEAS SEAFOOD RESTAURANT,robinsons,robinsons-las-pinas,Robinsons Place Las Pinas,metro-manila
blue water day spa,Blue Water Day Spa,ortigas,estancia,Estancia,metro-manila
blue wonder coffee,Blue Wonder Coffee,ortigas,estancia,Estancia,metro-manila
bluebox,Bluebox,robinsons,robinsons-santiago,Robinsons Place Santiago,north-luzon
bluejay coffee,BLUEJAY COFFEE,sm,sm-city-iloilo,SM City Iloilo,visayas
blueprint express,Blueprint Express,robinsons,robinsons-dasmarinas,Robinsons Place Dasmarinas,south-luzon
bodytech greenwich to go,BODYTECH GREENWICH TO GO,xentro,xentro-mall-lemery,XentroMall Lemery,
boho dreams,Boho Dreams,filinvest,festival-mall,Festival Mall,metro-manila
bohol bee farm 260 7304 0998 563 6149,BOHOL BEE FARM (032)260-7304/0998-563-6149,robinsons,robinsons-cybergate-cebu,Robinsons Cybergate Cebu,visayas
bok cellphone accessories shop,BOK CELLPHONE ACCESSORIES SHOP,robinsons,robinsons-novaliches,Robinsons Novaliches,metro-manila
boo koh 0976 387 2786,Boo Koh 0976 387 2786,robinsons,robinsons-magnolia,Robinsons Magnolia,metro-manila
boodle express,Boodle Express,filinvest,festival-mall,Festival Mall,metro-manila
boodle fiesta,BOODLE FIESTA,sm,sm-center-san-pedro,SM Center San Pedro,south-luzon
boogies pet,Boogies Pet,waltermart,dasmarinas,WalterMart Dasmariñas,south-luzon
boogies pet supplies,BOOGIES PET SUPPLIES,waltermart,naic,WalterMart Naic,south-luzon
book king kings coffee & tea,Book King/King's Coffee & Tea,robinsons,robinsons-malabon,Robinsons Town Mall Malabon,metro-manila
book king stationery,BOOK KING STATIONERY,sm,sm-city-sucat,SM City Sucat,metro-manila
book latte,Book Latte,megaworld,festive-walk-parade,Festive Walk Parade,
book n save travel and tours,BOOK N SAVE TRAVEL AND TOURS,sm,sm-city-santa-rosa,SM City Santa Rosa,south-luzon
book one 0917 848 7285,Book One 0917-848-7285,robinsons,robinsons-angeles,Robinsons Angeles,north-luzon
boom sisig,Boom Sisig,robinsons,robinsons-naga,Robinsons Place Naga,south-luzon
booost,BOOOST,sm,sm-city-trece-martires,SM City Trece Martires,south-luzon
booster juice,Booster Juice,robinsons,robinsons-santiago,Robinsons Place Santiago,north-luzon
booze and barbers,BOOZE AND BARBERS,robinsons,robinsons-la-union,Robinsons Place La Union,north-luzon
boozy,Boozy,megaworld,clubhouse-temple-drive,The Clubhouse at Temple Drive,
bono optical,Bono Optical,gmall,gmall-of-tagum,GMall of Tagum,mindanao
boni beauty,Boni Beauty,megaworld,forbes-town,Forbes Town,
bongs pet shop station,Bong's Pet Shop Station,ortigas,tiendesitas,Tiendesitas,metro-manila
bonbon dorayaki bites,Bonbon Dorayaki Bites,waltermart,malolos,WalterMart Malolos,north-luzon
bokki express,BOKKI EXPRESS,robinsons,robinsons-gapan,Robinsons Gapan,north-luzon
bon chon,Bon Chon,ortigas,greenhills,Greenhills,metro-manila
bon voyage,Bon Voyage,waltermart,makati,WalterMart Makati,metro-manila
bon voyage international travel & tours,Bon Voyage International Travel & Tours,filinvest,festival-mall,Festival Mall,metro-manila
bon voyage international travel & tours inc,"Bon Voyage International Travel & Tours, Inc.",robinsons,robinsons-imus,Robinsons Place Imus,south-luzon
bonage skin care,Bonage Skin Care,robinsons,robinsons-lipa,Robinsons Place Lipa,south-luzon
bondee tea house,BONDEE TEA HOUSE,sm,sm-city-cabanatuan,SM City Cabanatuan,north-luzon
bongbongs pasalubong 421 1670,Bongbong's Pasalubong 421-1670,robinsons,robinsons-dumaguete,Robinsons Place Dumaguete,visayas
bone and bowl,BONE AND BOWL,sm,sm-city-urdaneta-central,SM City Urdaneta Central,north-luzon
bong bongs,BONG BONGS,ayala,ayala-capitol-central,Ayala Malls Capitol Central,visayas
bong bongs open,Bong-Bongs OPEN,robinsons,robinsons-iloilo,Robinsons Place Iloilo,visayas
bong villanueva salon,Bong Villanueva Salon,robinsons,robinsons-palawan,Robinsons Place Palawan,south-luzon
bongbong delicacies,BONGBONG DELICACIES,ayala,ayala-capitol-central,Ayala Malls Capitol Central,visayas
bongbongs pasalubong,Bongbong's Pasalubong,robinsons,robinsons-antique,Robinsons Place Antique,visayas
brows optical,BROWS OPTICAL,robinsons,robinsons-butuan,Robinsons Place Butuan,mindanao
bruno barbers,Bruno Barbers,megaworld,southwoods-mall,Southwoods Mall,
blk 5 caf,BLK 5 CAF…,sm,sm-city-tuguegarao,SM City Tuguegarao,north-luzon
cable star,CABLE STAR,sm,sm-city-iloilo,SM City Iloilo,visayas
cafe 17,Cafe 17,megaworld,mckinley-west,McKinley West,
cafe adriaticoabe,CAFE ADRIATICOABE,sm,sm-mall-of-asia,SM Mall of Asia,metro-manila
cafe anita,Cafe Anita (Temporary Closed),robinsons,robinsons-ilocos,Robinsons Place Ilocos,north-luzon
cafe aroma,Cafe Aroma,megaworld,festive-walk-parade,Festive Walk Parade,
cafe bnb,Cafe Bnb,filinvest,festival-mall,Festival Mall,metro-manila
cafe bobs,CAFE BOB'S,ayala,ayala-capitol-central,Ayala Malls Capitol Central,visayas
cafe bombom,CAFÉ BOMBOM,sm,sm-city-fairview,SM City Fairview,metro-manila
cafe de acacia,Cafe de Acacia,robinsons,robinsons-tacloban,Robinsons Place Tacloban,visayas
cafe dulcinea,CAFÉ DULCINEA,sm,sm-city-north-edsa,SM City North Edsa,metro-manila
cafe france,CAFE FRANCE,sm,sm-megamall,SM Megamall,metro-manila
cafe hola,CAFE HOLA,robinsons,robinsons-antipolo,Robinsons Place Antipolo,metro-manila
cafe klara,CAFÉ KLARA,sm,sm-city-pampanga,SM City Pampanga,north-luzon
cafe kulture,Cafe Kulture,ortigas,greenhills,Greenhills,metro-manila
cafe noelle,CAFE NOELLE,sm,sm-city-clark,SM City Clark,north-luzon
cafe nori,Cafe Nori,robinsons,robinsons-palawan,Robinsons Place Palawan,south-luzon
caeg dental clinic,Caeg Dental Clinic,waltermart,makati,WalterMart Makati,metro-manila
cabanal salarza optical,Cabañal-Salarza Optical,robinsons,robinsons-gen-san,Robinsons Place GenSan,mindanao
bw bakeshop,BW Bakeshop,waltermart,antipolo,WalterMart Antipolo,metro-manila
cabalen plus,CABALEN PLUS,sm,sm-megamall,SM Megamall,metro-manila
byrons backribs grill house,BYRONS BACKRIBS GRILL HOUSE,ayala,ayala-capitol-central,Ayala Malls Capitol Central,visayas
byte matic,Byte Matic,robinsons,robinsons-gentrias,Robinsons Place Gen. Trias,south-luzon
bytematic,BYTEMATIC,sm,sm-city-grand-central,SM City Grand Central,metro-manila
c c mobile,C.C Mobile,gmall,gmall-of-tagum,GMall of Tagum,mindanao
c concepcion & orthodontic clinic,C. Concepcion & Orthodontic Clinic,filinvest,festival-mall,Festival Mall,metro-manila
c eats refreshments,C Eats Refreshments,robinsons,robinsons-fuente,Robinsons Fuente,visayas
c phones 2823 ec hip hop,C-PHONES 2823 EC HIP HOP,xentro,montalban-town-center,Montalban Town Center,
c salon,C-SALON,robinsons,robinsons-galleria-ortigas,Robinsons Galleria,metro-manila
c sarabia optical,C SARABIA OPTICAL,sm,sm-city-bacolod,SM City Bacolod,visayas
c square telecom,C Square Telecom,ortigas,greenhills,Greenhills,metro-manila
c suites,C Suites,megaworld,mactan-newtown,Mactan Newtown,
c&g consulting inc,C&G Consulting Inc.,robinsons,robinsons-galleria-cebu,Robinsons Galleria Cebu,visayas
c&m collection,C&M COLLECTION,robinsons,robinsons-novaliches,Robinsons Novaliches,metro-manila
ca chinese restaurant,CA CHINESE RESTAURANT,sm,sm-city-laoag,SM City Laoag,north-luzon
cabalen bingo,CABALEN BINGO,robinsons,robinsons-starmills,Robinsons Starmills,north-luzon
cafe vanleroe,CAFE VANLEROE,waltermart,taytay,WalterMart Taytay,metro-manila
cafe vivian,CAFE VIVIAN,sm,sm-city-batangas,SM City Batangas,south-luzon
cafesiklista cafe,CAFESIKLISTA CAFÉ,sm,sm-city-lucena,SM City Lucena,south-luzon
caffe freddo,CAFFE FREDDO,ayala,ayala-bonifacio-high-street,Bonifacio High Street,metro-manila
calvin klein by the watch store,CALVIN KLEIN BY THE WATCH STORE,sm,sm-city-north-edsa,SM City North Edsa,metro-manila
calvin klein jeans & underwear,Calvin Klein Jeans & Underwear,robinsons,robinsons-manila,Robinsons Place Manila,metro-manila
calvin klein underwear,CALVIN KLEIN UNDERWEAR,robinsons,robinsons-manila,Robinsons Place Manila,metro-manila
cambridge child development centre,CAMBRIDGE CHILD DEVELOPMENT CENTRE,ayala,ayala-serendra,Shops at Serendra,metro-manila
camella,CAMELLA,starmall,alabang,Starmall Alabang,metro-manila
camella condo homes,CAMELLA CONDO HOMES,starmall,alabang,Starmall Alabang,metro-manila
camella homes,Camella Homes,gmall,gmall-of-davao,GMall of Davao,mindanao
camella north border,CAMELLA NORTH BORDER,xentro,balagtas-town-center,Balagtas Town Center,
camella north office,CAMELLA NORTH OFFICE,starmall,san-jose-del-monte,Starmall San Jose del Monte,north-luzon
camera haus,Camera Haus,robinsons,robinsons-manila,Robinsons Place Manila,metro-manila
camerahaus fujifilm,CAMERAHAUS / FUJIFILM,ayala,ayala-manila-bay,Ayala Malls Manila Bay,metro-manila
camp jump,CAMP JUMP,sm,sm-city-puerto-princesa,SM City Puerto Princesa,south-luzon
can diagnosis center,CAN DIAGNOSIS CENTER,robinsons,galleria-south,Robinsons Galleria South,south-luzon
canadian immigration consultancy,CANADIAN IMMIGRATION CONSULTANCY,sm,sm-city-north-edsa,SM City North Edsa,metro-manila
cancer and multi specialty clinic,Cancer And Multi-Specialty Clinic,robinsons,robinsons-cybergate-cebu,Robinsons Cybergate Cebu,visayas
calmar land,CALMAR LAND,sm,sm-city-lucena,SM City Lucena,south-luzon
calle reyes,CALLE REYES,sm,sm-city-marikina,SM City Marikina,metro-manila
calixto ponce demana,CALIXTO PONCE DEMANA,xentro,ab-central,Ab Central,
cake out cakeshop,CAKE-OUT CAKESHOP,ayala,ayala-abreeza,Abreeza,mindanao
caffe la tea,CAFFE LA TEA,robinsons,robinsons-gapan,Robinsons Gapan,north-luzon
caifu massage chair,Caifu Massage Chair,robinsons,robinsons-imus,Robinsons Place Imus,south-luzon
cake & cakes bakeshop,CAKE & CAKES BAKESHOP,waltermart,bacoor,WalterMart Bacoor,south-luzon
cake and cakes,Cake And Cakes,filinvest,festival-mall,Festival Mall,metro-manila
cake co,CAKE CO,robinsons,robinsons-pagadian,Robinsons Pagadian,mindanao
cake frost,CAKE FROST,xentro,morong-centerpoint,Morong Centerpoint,
cakeistry,CAKEISTRY,ayala,ayala-centrio,Centrio Mall,mindanao
california nails & day spa,CALIFORNIA NAILS & DAY SPA,ayala,ayala-market-market,Market! Market!,metro-manila
cakes by mark,CAKES BY MARK,sm,sm-city-mindpro,SM City Mindpro,mindanao
cakes eatcetera,CAKES EATCETERA,sm,sm-city-roxas,SM City Roxas,visayas
calacsan mobile,CALACSAN MOBILE,xentro,xentro-mall-tumauini,XentroMall Tumauini,
caleon bakery,Caleon Bakery,robinsons,robinsons-novaliches,Robinsons Novaliches,metro-manila
california nail spa,California Nail Spa,ortigas,greenhills,Greenhills,metro-manila
california nails,California Nails,filinvest,festival-mall,Festival Mall,metro-manila
byrons backribs 0998 956 2008,BYRON'S BACKRIBS 0998-956-2008,robinsons,robinsons-cybergate-cebu,Robinsons Cybergate Cebu,visayas
bvlgari,BVLGARI,ayala,ayala-greenbelt,Greenbelt,metro-manila
brunos,BRUNO'S,sm,sm-city-bacolod,SM City Bacolod,visayas
bugs bunny barber shop,BUGS BUNNY BARBER SHOP,xentro,montalban-town-center,Montalban Town Center,
bugsys,Bugsy's,megaworld,paseo-center,Paseo Center,
builtamart,BUILTAMART,sm,smdc-fame-mall,SMDC Fame Mall,smdc
buko bravo,Buko Bravo,robinsons,robinsons-otis,Robinsons Otis,metro-manila
buko express pies & sweets,BUKO EXPRESS PIES & SWEETS,robinsons,galleria-south,Robinsons Galleria South,south-luzon
buko juan & juan chow,BUKO JUAN & JUAN CHOW,robinsons,galleria-south,Robinsons Galleria South,south-luzon
buko king,BUKO KING,sm,sm-city-iloilo,SM City Iloilo,visayas
buko madness,BUKO MADNESS,xentro,montalban-town-center,Montalban Town Center,
buko maxx,BUKO MAXX,xentro,balagtas-town-center,Balagtas Town Center,
buko mo,BUKO MO!,robinsons,robinsons-novaliches,Robinsons Novaliches,metro-manila
buko ni juan,Buko Ni Juan,robinsons,robinsons-antipolo,Robinsons Place Antipolo,metro-manila
buko pilipino,Buko Pilipino,robinsons,robinsons-dumaguete,Robinsons Place Dumaguete,visayas
buko station,Buko Station,robinsons,robinsons-north-tacloban,Robinsons North Tacloban,visayas
bukofrio,BUKOFRIO,ayala,ayala-legazpi,Ayala Malls Legazpi,south-luzon
bulacan lugaw kitchen,Bulacan Lugaw Kitchen,megaworld,san-lorenzo-place-mall,San Lorenzo Place Mall,
bulacan products,BULACAN PRODUCTS,ayala,ayala-market-market,Market! Market!,metro-manila
bugsay seafood restaurant,BUGSAY SEAFOOD RESTAURANT,sm,sm-cdo-downtown,SM CDO Downtown Premier,mindanao
buffet 101 0917 845 9989,Buffet 101 0917 845 9989 (OPEN),robinsons,robinsons-magnolia,Robinsons Magnolia,metro-manila
buzzz ice cream,The Buzzz Ice Cream,robinsons,robinsons-galleria-ortigas,Robinsons Galleria,metro-manila
buffalo wild wings,BUFFALO WILD WINGS,sm,s-maison,S Maison,metro-manila
brytchzone,Brytchzone,robinsons,robinsons-iligan,Robinsons Place Iligan,mindanao
btla,BTLA,megaworld,eastwood-mall,Eastwood Mall,
bubble optical clinic,Bubble Optical Clinic,robinsons,robinsons-gen-san,Robinsons Place GenSan,mindanao
bubble tea,BUBBLE TEA,sm,sm-cdo-downtown,SM CDO Downtown Premier,mindanao
bubble tea station 9770429865,BUBBLE TEA STATION 9770429865,robinsons,robinsons-butuan,Robinsons Place Butuan,mindanao
bubblez,Bubblez,filinvest,il-corso,IL Corso,visayas
bubbly pops,BUBBLY POPS,sm,sm-mall-of-asia,SM Mall of Asia,metro-manila
buco loco,BUCO LOCO,robinsons,robinsons-gapan,Robinsons Gapan,north-luzon
buddys pancit,BUDDY'S PANCIT,ayala,ayala-market-market,Market! Market!,metro-manila
budz cafe,BUDZ CAFÉ,sm,sm-cdo-downtown,SM CDO Downtown Premier,mindanao
buenas sausage and fries,BUENAS SAUSAGE AND FRIES,robinsons,robinsons-pangasinan,Robinsons Place Pangasinan,north-luzon
buenas sausages 0917 469 2766,Buenas Sausages 0917 469 2766,robinsons,robinsons-sta-rosa,Robinsons Sta. Rosa,south-luzon
buff spa,BUFF SPA,sm,sm-city-manila,SM City Manila,metro-manila
buffalo ave,BUFFALO AVE,robinsons,robinsons-antipolo,Robinsons Place Antipolo,metro-manila
buffalo avenue temporarily closed,BUFFALO AVENUE TEMPORARILY CLOSED,robinsons,robinsons-novaliches,Robinsons Novaliches,metro-manila
bulacan sweets,BULACAN SWEETS,sm,sm-city-north-edsa,SM City North Edsa,metro-manila
bulawan panaderya,BULAWAN PANADERYA,sm,sm-cherry-antipolo,SM Center Antipolo Downtown,metro-manila
bully boy,Bully Boy,ortigas,greenhills,Greenhills,metro-manila
bum dept,Bum Dept.,gmall,gmall-of-tagum,GMall of Tagum,mindanao
burnt edges by shrimp bucket,Burnt Edges By Shrimp Bucket,megaworld,three-central,Three Central Mall,
burp co,THE BURP CO,sm,sm-city-davao,SM City Davao,mindanao
burrow,BURROW,sm,sm-city-consolacion,SM City Consolacion,visayas
burrp tees,Burrp Tees,filinvest,festival-mall,Festival Mall,metro-manila
butcher boy,Butcher Boy,megaworld,alabang-west-parade,Alabang West Parade,
buting ting general merchandise,BUTING-TING GENERAL MERCHANDISE,ayala,ayala-market-market,Market! Market!,metro-manila
butot balat,Buto't Balat,megaworld,festive-walk-mall-iloilo,Festive Walk Mall,
butter ensaymadas,BUTTER ENSAYMADAS,sm,s-maison,S Maison,metro-manila
butter grill,BUTTER GRILL,sm,sm-city-caloocan,SM City Caloocan,metro-manila
butterboy,BUTTERBOY,sm,sm-mall-of-asia,SM Mall of Asia,metro-manila
buttery co,BUTTERY CO,sm,sm-megamall,SM Megamall,metro-manila
butuan lechon and seafoods grill,BUTUAN LECHON AND SEAFOODS GRILL,sm,sm-city-butuan,SM City Butuan,mindanao
buu buu frozen yogurt,BUU BUU FROZEN YOGURT,robinsons,robinsons-gapan,Robinsons Gapan,north-luzon
buzz & brew,Buzz & Brew,megaworld,venice-grand-canal-mall,Venice Grand Canal Mall,
buzz superdrinks,Buzz Superdrinks,megaworld,lucky-chinatown-mall,Lucky Chinatown Mall,
burgoo american bar & restaurant,BURGOO AMERICAN BAR & RESTAURANT,ayala,ayala-the-district-imus,The District Imus,south-luzon
burgoo,BURGOO,sm,sm-southmall,SM Southmall,metro-manila
burgerbomb,Burgerbomb,waltermart,malolos,WalterMart Malolos,north-luzon
burda,Burda,robinsons,robinsons-starmills,Robinsons Starmills,north-luzon
bump all you can,BUMP ALL YOU CAN,robinsons,robinsons-tuguegarao,Robinsons Place Tuguegarao,north-luzon
bump n spin,BUMP N' SPIN,robinsons,robinsons-ilocos,Robinsons Place Ilocos,north-luzon
bunny banana temporarily closed,BUNNY BANANA TEMPORARILY CLOSED,robinsons,robinsons-novaliches,Robinsons Novaliches,metro-manila
buns burger bombs,Buns Burger Bombs,robinsons,robinsons-galleria-cebu,Robinsons Galleria Cebu,visayas
bunsikjip,Bunsikjip,megaworld,lucky-chinatown-imperial-wing,Lucky Chinatown - Imperial Wing,
burberry,BURBERRY,ayala,ayala-greenbelt,Greenbelt,metro-manila
bureau of internal revenue,BUREAU OF INTERNAL REVENUE,fishermall,quezonave,Fisher Mall Quezon Avenue,metro-manila
burger queen,Burger Queen,waltermart,baliwag,WalterMart Baliwag,north-luzon
bureau og immigration,BUREAU OG IMMIGRATION,robinsons,robinsons-gen-san,Robinsons Place GenSan,mindanao
burger assembly,BURGER ASSEMBLY,sm,sm-city-bicutan,SM City Bicutan,metro-manila
burger avenue mister donut,BURGER AVENUE MISTER DONUT,xentro,xentro-mall-lemery,XentroMall Lemery,
burger joint,THE BURGER JOINT,ayala,ayala-malls-central-bloc,Ayala Malls Central Bloc,visayas
burger machine,Burger Machine,robinsons,robinsons-novaliches,Robinsons Novaliches,metro-manila
burger nook,Burger Nook,robinsons,robinsons-imus,Robinsons Place Imus,south-luzon
blk boutique,BLK Boutique,robinsons,galleria-south,Robinsons Galleria South,south-luzon
blk,BLK,robinsons,opus,Opus Mall,metro-manila
baby mochie,Baby Mochie,robinsons,robinsons-iligan,Robinsons Place Iligan,mindanao
barking fellas,BARKING FELLAS,sm,sm-city-fairview,SM City Fairview,metro-manila
barn kitchen,The Barn Kitchen,ortigas,estancia,Estancia,metro-manila
baron,The Baron,robinsons,robinsons-iloilo,Robinsons Place Iloilo,visayas
baron barbershop,THE BARON BARBERSHOP,sm,sm-city-iloilo,SM City Iloilo,visayas
barphones,BARPHONES,sm,sm-city-san-mateo,SM City San Mateo,metro-manila
basa books,BASA BOOKS,ayala,ayala-centrio,Centrio Mall,mindanao
basics and organic,Basics And Organic,megaworld,eastwood-mall,Eastwood Mall,
basics and organics,Basics And Organics,filinvest,festival-mall,Festival Mall,metro-manila
bassack yellow chicken food house,BASSACK YELLOW CHICKEN FOOD HOUSE,sm,sm-city-telabastagan,SM City Telabastagan,north-luzon
basteakoy fruit overload slushie,BASTEAKOY FRUIT OVERLOAD SLUSHIE,sm,sm-city-naga,SM City Naga,south-luzon
batar shoes trading,BATAR SHOES TRADING,robinsons,robinsons-novaliches,Robinsons Novaliches,metro-manila
baterya ph,Baterya Ph,filinvest,festival-mall,Festival Mall,metro-manila
bath & body works,BATH & BODY WORKS,sm,sm-mall-of-asia,SM Mall of Asia,metro-manila
batinga animal medical center,BATINGA ANIMAL MEDICAL CENTER,sm,sm-city-cagayan-de-oro,SM City CDO Uptown,mindanao
battery man,BATTERY MAN,sm,sm-city-santa-rosa,SM City Santa Rosa,south-luzon
bausa massage,Bausa Massage,robinsons,robinsons-imus,Robinsons Place Imus,south-luzon
barkyard pet salon 09707766167,BARKYARD PET SALON '09707766167 (NEW),robinsons,robinsons-bacolod,Robinsons Place Bacolod,visayas
barkin blends,Barkin' Blends,ortigas,the-strip,The Strip,metro-manila
bank of the philippines,Bank of the Philippines,robinsons,robinsons-imus,Robinsons Place Imus,south-luzon
barkhaus,Barkhaus,megaworld,eastwood-mall,Eastwood Mall,
bar oku,BAR OKU,robinsons,opus,Opus Mall,metro-manila
bar shu,BAR SHU,robinsons,opus,Opus Mall,metro-manila
barber shop,THE BARBER SHOP (0991-252-9469),robinsons,robinsons-metro-east,Robinsons Metro East,metro-manila
barbero blues,BARBERO BLUES,sm,sm-city-fairview,SM City Fairview,metro-manila
barbie and jhen fashion diva minigem exhibit,BARBIE AND JHEN : FASHION DIVA MINIGEM EXHIBIT (21),xentro,montalban-town-center,Montalban Town Center,
bare fitness,Bare Fitness,megaworld,forbes-town,Forbes Town,
bare fruit,Bare Fruit,gmall,gmall-of-digos,GMall of Digos,mindanao
bare skin waxing studio,BARE SKIN WAXING STUDIO,sm,sm-mall-of-asia,SM Mall of Asia,metro-manila
barenaked sugaring salon,Barenaked Sugaring Salon,gmall,gmall-of-davao,GMall of Davao,mindanao
bargain exchange,Bargain Exchange,robinsons,robinsons-novaliches,Robinsons Novaliches,metro-manila
barikata ramen bar,BARIKATA RAMEN BAR,sm,sm-seaside-city-cebu,SM Seaside City Cebu,visayas
barista coffee beans,BARISTA COFFEE BEANS,sm,sm-megamall,SM Megamall,metro-manila
baristart coffee,Baristart Coffee,ortigas,greenhills,Greenhills,metro-manila
bark & beyond,Bark & Beyond,ortigas,tiendesitas,Tiendesitas,metro-manila
bark haus,Bark Haus,ortigas,estancia,Estancia,metro-manila
bavin 9939838894,BAVIN 9939838894,robinsons,robinsons-butuan,Robinsons Place Butuan,mindanao
bawais,Bawai's,ortigas,greenhills,Greenhills,metro-manila
bawais vietnamese kitchen,BAWAIS VIETNAMESE KITCHEN,sm,sm-city-north-edsa,SM City North Edsa,metro-manila
bay6 salon,BAY6 SALON,robinsons,robinsons-novaliches,Robinsons Novaliches,metro-manila
bead bugz,BEAD BUGZ,ayala,ayala-capitol-central,Ayala Malls Capitol Central,visayas
bead shop,THE BEAD SHOP,ayala,ayala-glorietta,Glorietta,metro-manila
beajeanne pasalubong shoppe,Beajeanne Pasalubong Shoppe,waltermart,capas,WalterMart Capas,north-luzon
bean ukid,Bean-Ukid,robinsons,robinsons-valencia,Robinsons Place Valencia,mindanao
beanleaf coffee & tea,Beanleaf Coffee & Tea,robinsons,robinsons-la-union,Robinsons Place La Union,north-luzon
beanleaf coffee tea,BEANLEAF COFFEE TEA,sm,sm-city-puerto-princesa,SM City Puerto Princesa,south-luzon
beany coffee,BEANY COFFEE,sm,sm-city-urdaneta-central,SM City Urdaneta Central,north-luzon
beard papas,BEARD PAPA'S,robinsons,robinsons-antipolo,Robinsons Place Antipolo,metro-manila
bearhuggs,BEARHUGGS,sm,sm-city-north-edsa,SM City North Edsa,metro-manila
beas bibingka,BEA'S BIBINGKA,sm,sm-center-las-pinas,SM Center Las Piñas,metro-manila
beatrix lotto outlet,BEATRIX LOTTO OUTLET,robinsons,robinsons-antipolo,Robinsons Place Antipolo,metro-manila
beats & ticks 0916 337 0969,BEATS & TICKS 0916-337-0969,robinsons,robinsons-pangasinan,Robinsons Place Pangasinan,north-luzon
beauche mini gem exhibit,BEAUCHE MINI GEM EXHIBIT ( NEAR UNO FACTORY ),xentro,montalban-town-center,Montalban Town Center,
beautify by beautederm,Beautify by Beautederm,robinsons,robinsons-metro-east,Robinsons Metro East,metro-manila
beauty and wellness,Beauty and Wellness,robinsons,robinsons-north-tacloban,Robinsons North Tacloban,visayas
be u simply fab,BE-U @Simply Fab,robinsons,robinsons-fuente,Robinsons Fuente,visayas
be polished,BE POLISHED,fishermall,malabon,Fisher Mall Malabon,metro-manila
bdo unibank inc,BDO Unibank Inc.,waltermart,makiling,WalterMart Makiling,south-luzon
bc26 kiosk,BC26 KIOSK,araneta,farmers-plaza,Farmers Plaza,metro-manila
bazaar del mundo,Bazaar Del Mundo,robinsons,robinsons-gen-san,Robinsons Place GenSan,mindanao
bazinga,BAZINGA,robinsons,robinsons-dumaguete,Robinsons Place Dumaguete,visayas
bbbe accessories,BBBE ACCESSORIES,robinsons,robinsons-novaliches,Robinsons Novaliches,metro-manila
bbk bibingka & coffee,BBK BIBINGKA & COFFEE,sm,sm-city-trece-martires,SM City Trece Martires,south-luzon
bbq king temporarily closed,BBQ KING TEMPORARILY CLOSED,robinsons,robinsons-butuan,Robinsons Place Butuan,mindanao
bbrows & nails spa,B’brows & Nails Spa,filinvest,main-square,Main Square,south-luzon
bcg digital generation,BCG DIGITAL GENERATION,sm,sm-city-bacolod,SM City Bacolod,visayas
bdo one network,BDO One Network,waltermart,makiling,WalterMart Makiling,south-luzon
bcn by las flores,BCN BY LAS FLORES,sm,s-maison,S Maison,metro-manila
bcs cellphone repair,BCS Cellphone Repair,gmall,gmall-of-davao,GMall of Davao,mindanao
bdo cash hub,BDO Cash Hub,waltermart,antipolo,WalterMart Antipolo,metro-manila
bdo consumer lending,BDO Consumer Lending,waltermart,makiling,WalterMart Makiling,south-luzon
bdo dunkin donut,BDO DUNKIN DONUT,xentro,xentro-mall-lemery,XentroMall Lemery,
bdo network bank,BDO Network Bank,robinsons,robinsons-iloilo,Robinsons Place Iloilo,visayas
bap bowls,Bap Bowls,robinsons,robinsons-magnolia,Robinsons Magnolia,metro-manila
banila co,Banila Co,filinvest,festival-mall,Festival Mall,metro-manila
beauty eves cosmetics,Beauty Eve's Cosmetics,waltermart,trece-martires,WalterMart Trece Martires,south-luzon
bag of beans,Bag Of Beans,robinsons,robinsons-tagaytay,Robinsons Tagaytay,south-luzon
bag tag,BAG TAG,ayala,ayala-market-market,Market! Market!,metro-manila
bagful of glitter 0917 882 0906,Bagful of Glitter 0917 882 0906 (NEW),robinsons,robinsons-magnolia,Robinsons Magnolia,metro-manila
bagnet and beyond,Bagnet and Beyond,robinsons,robinsons-tacloban,Robinsons Place Tacloban,visayas
bags to riches,BAGS TO RICHES,ayala,ayala-market-market,Market! Market!,metro-manila
baguio,BAGUIO,ayala,ayala-market-market,Market! Market!,metro-manila
baguio bingo,BAGUIO BINGO,sm,sm-city-baguio,SM City Baguio,north-luzon
baguio country club,BAGUIO COUNTRY CLUB,sm,sm-city-baguio,SM City Baguio,north-luzon
baguio pet habitat,BAGUIO PET HABITAT,sm,sm-city-baguio,SM City Baguio,north-luzon
bahay kubo sizzlers and resto bar,BAHAY KUBO SIZZLERS AND RESTO BAR,xentro,northstar-mall,Northstar Mall,
bahn mi kitchen 0917 550 0385,BAHN MI KITCHEN 0917-550-0385,robinsons,robinsons-cybergate-cebu,Robinsons Cybergate Cebu,visayas
bahnmi kitchen bmkn,Bahnmi Kitchen - Bmkn,ortigas,greenhills,Greenhills,metro-manila
bainor cp accessories ca exhibits,Bainor CP Accessories ( 7.60 SQM) CA EXHIBITS ( PROPERTY PRO ),xentro,montalban-town-center,Montalban Town Center,
bainor footwear ca exhibits,Bainor Footwear (8.12 SQM) CA EXHIBITS ( PROPERTY PRO ),xentro,montalban-town-center,Montalban Town Center,
baiprints hub graphics & advertising,Baiprints Hub Graphics & Advertising,robinsons,robinsons-north-tacloban,Robinsons North Tacloban,visayas
baka express,BAKA EXPRESS,robinsons,robinsons-sta-rosa,Robinsons Sta. Rosa,south-luzon
bag rx,Bag RX,robinsons,robinsons-magnolia,Robinsons Magnolia,metro-manila
bag genie vintage & collectibles,THE BAG GENIE VINTAGE  & COLLECTIBLES,ayala,ayala-feliz,Ayala Malls Feliz,metro-manila
banh pho,Banh Pho,robinsons,robinsons-palawan,Robinsons Place Palawan,south-luzon
badu boutique,BADU BOUTIQUE,xentro,xentro-mall-tumauini,XentroMall Tumauini,
baby play,BABY PLAY,sm,sm-city-fairview,SM City Fairview,metro-manila
baby ultrasound co,Baby Ultrasound Co.,robinsons,robinsons-manila,Robinsons Place Manila,metro-manila
babybond ultrasound,BABYBOND ULTRASOUND,sm,sm-city-north-edsa,SM City North Edsa,metro-manila
babymama,Babymama,megaworld,alabang-west-parade,Alabang West Parade,
bacani,Bacani,waltermart,muntinlupa,WalterMart Muntinlupa,metro-manila
backyard barbecue smoke and grill,BACKYARD BARBECUE SMOKE AND GRILL,sm,sm-cdo-downtown,SM CDO Downtown Premier,mindanao
bacolod chk n bbq house,BACOLOD CHK-N-BBQ HOUSE,sm,sm-mall-of-asia,SM Mall of Asia,metro-manila
bacoor city treasurers office,Bacoor City Treasurer’s Office,filinvest,main-square,Main Square,south-luzon
bacsilog,Bacsilog,robinsons,robinsons-palawan,Robinsons Place Palawan,south-luzon
baculi valconcha optical,BACULI-VALCONCHA OPTICAL,starmall,alabang,Starmall Alabang,metro-manila
bad bird,BAD BIRD,sm,sm-megamall,SM Megamall,metro-manila
bad bird & tsukemen ramen,Bad Bird & Tsukemen Ramen,megaworld,alabang-west-parade,Alabang West Parade,
bad bowl,Bad Bowl (TEMPORARILY CLOSED),robinsons,robinsons-magnolia,Robinsons Magnolia,metro-manila
bad boys wingz,BAD BOYS WINGZ,ayala,ayala-center-cebu,Ayala Center Cebu,visayas
badu,BADU,xentro,xentro-mall-cabagan,XentroMall Cabagan,
bake and churn,BAKE AND CHURN,sm,sm-city-pampanga,SM City Pampanga,north-luzon
bake n churn,Bake N' Churn,waltermart,tanauan,WalterMart Tanauan,south-luzon
baked by baby,BAKED BY BABY,sm,sm-city-naga,SM City Naga,south-luzon
baker bob,Baker Bob,robinsons,robinsons-fuente,Robinsons Fuente,visayas
ballet manila,Ballet Manila,fishermall,quezonave,Fisher Mall Quezon Avenue,metro-manila
ballet philippines,BALLET PHILIPPINES,sm,sm-aura,SM Aura,metro-manila
balloons n ribbons by honey b,Balloons n Ribbons by Honey B,gmall,gmall-of-tagum,GMall of Tagum,mindanao
balls more,BALLS MORE,sm,sm-city-cauayan,SM City Cauayan,north-luzon
bamboo bags,Bamboo Bags,robinsons,robinsons-malolos,Robinsons Place Malolos,north-luzon
bambu desserts drinks,BAMBU DESSERTS DRINKS,sm,sm-mall-of-asia,SM Mall of Asia,metro-manila
banana peel flip flops,Banana Peel Flip Flops,robinsons,robinsons-malabon,Robinsons Town Mall Malabon,metro-manila
banco de oro mus ab cellphone,BANCO DE ORO MUS AB CELLPHONE,xentro,tanay-town-center,Tanay Town Center,
banco de oro uniword inc,"BANCO DE ORO UNIWORD, INC.",xentro,ab-central,Ab Central,
bangkok kitchen,BANGKOK KITCHEN,sm,sm-jmall,SM J Mall,visayas
bangs prime salon and t&j salon professionals,BANG’S PRIME SALON AND T&J SALON PROFESSIONALS,ayala,ayala-solenad,Ayala Malls Nuvali,south-luzon
bangus,Bangus,ortigas,greenhills,Greenhills,metro-manila
bangus restaurant,BANGUS RESTAURANT,sm,sm-mall-of-asia,SM Mall of Asia,metro-manila
banh hi kitchen,BANH HI KITCHEN,robinsons,robinsons-iligan,Robinsons Place Iligan,mindanao
banh mi kitchen ca phe,BANH MI KITCHEN CA PHE,sm,sm-city-manila,SM City Manila,metro-manila
ballet center,BALLET CENTER,ayala,ayala-center-cebu,Ayala Center Cebu,visayas
baliwag lechon,BALIWAG LECHON,robinsons,robinsons-galleria-ortigas,Robinsons Galleria,metro-manila
baliwag,BALIWAG,fishermall,malabon,Fisher Mall Malabon,metro-manila
baks pc,BAKS PC,araneta,farmers-plaza,Farmers Plaza,metro-manila
baker j,Baker J,filinvest,festival-mall,Festival Mall,metro-manila
bakers champ,BAKERS CHAMP,sm,sm-city-pampanga,SM City Pampanga,north-luzon
bakers percent bakeshop,BAKERS PERCENT BAKESHOP,sm,sm-center-tuguegarao-downtown,SM Center Tuguegarao Downtown,north-luzon
bakers ph,Bakers Ph,robinsons,robinsons-ilocos,Robinsons Place Ilocos,north-luzon
bakers plaza,Baker's Plaza,robinsons,robinsons-naga,Robinsons Place Naga,south-luzon
baking crew,The Baking Crew,megaworld,paseo-center,Paseo Center,
balai,BALAI,sm,sm-city-laoag,SM City Laoag,north-luzon
balispaholics,Balispaholics,robinsons,robinsons-antipolo,Robinsons Place Antipolo,metro-manila
balai ilonggo,Balai Ilonggo,megaworld,festive-walk-mall-iloilo,Festive Walk Mall,
balenciaga,BALENCIAGA,ayala,ayala-greenbelt,Greenbelt,metro-manila
bali cafe,Bali Café,gmall,gmall-of-davao,GMall of Davao,mindanao
bali thai massage & wellness spa,BALI-THAI MASSAGE & WELLNESS SPA,ayala,ayala-the-district-imus,The District Imus,south-luzon
balikatan massage clinic,BALIKATAN MASSAGE CLINIC,ayala,ayala-circuit,Ayala Malls Circuit,metro-manila
balikbayan handicrafts,BALIKBAYAN HANDICRAFTS,ayala,ayala-manila-bay,Ayala Malls Manila Bay,metro-manila
beauty bar dashing diva,BEAUTY BAR / DASHING DIVA,ayala,ayala-glorietta,Glorietta,metro-manila
beauty getaway,BEAUTY GETAWAY,ayala,ayala-malls-central-bloc,Ayala Malls Central Bloc,visayas
blissful glam nail spa,BLISSFUL GLAM NAIL SPA,ayala,ayala-abreeza,Abreeza,mindanao
bing gift shop,BING GIFT SHOP,xentro,balagtas-town-center,Balagtas Town Center,
bingo,BINGO,sm,sm-lanang,SM Lanang,mindanao
bingo bee bingo bonanza,"BINGO BEE, BINGO BONANZA",xentro,xentro-mall-cabagan,XentroMall Cabagan,
bingo boutique,Bingo Boutique,megaworld,lucky-chinatown-prosperity-wing,Lucky Chinatown - Prosperity Wing,
bingo city,BINGO CITY,sm,sm-city-fairview,SM City Fairview,metro-manila
bingo dinero,BINGO DINERO,sm,sm-city-cebu,SM City Cebu,visayas
bingo empress,BINGO EMPRESS,sm,sm-city-lucena,SM City Lucena,south-luzon
bingo extreme,Bingo Extreme,megaworld,festive-walk-parade,Festive Walk Parade,
bingo gallery,BINGO GALLERY,sm,sm-city-cagayan-de-oro,SM City CDO Uptown,mindanao
bingo manila,BINGO MANILA,starmall,edsa-shaw,Starmall EDSA-Shaw,metro-manila
bingo palace,Bingo Palace,robinsons,robinsons-pangasinan,Robinsons Place Pangasinan,north-luzon
bingo plaza,BINGO PLAZA,sm,sm-city-sta-mesa,SM City Sta. Mesa,metro-manila
bingo sa nova,BINGO SA NOVA,sm,sm-city-novaliches,SM City Novaliches,metro-manila
bingo xtreme,Bingo Xtreme,filinvest,festival-mall,Festival Mall,metro-manila
bingomania,BINGOMANIA,starmall,alabang,Starmall Alabang,metro-manila
bings closet,Bings Closet,gmall,gmall-of-tagum,GMall of Tagum,mindanao
bingchun tea,BINGCHUN TEA,robinsons,robinsons-cainta,Robinsons Cainta,metro-manila
binan fast food,BIÑAN FAST FOOD,sm,sm-city-daet,SM City Daet,south-luzon
big jewelry creation,BIG JEWELRY CREATION,sm,sm-seaside-city-cebu,SM Seaside City Cebu,visayas
binalot kerrimo,BINALOT KERRIMO,xentro,xentro-mall-lemery,XentroMall Lemery,
big joy kids,BIG JOY KIDS,ayala,ayala-market-market,Market! Market!,metro-manila
big mommas artisan pies co,BIG MOMMAS ARTISAN PIES CO,sm,sm-city-santa-rosa,SM City Santa Rosa,south-luzon
big mummys,Big Mummy's,robinsons,robinsons-tagaytay,Robinsons Tagaytay,south-luzon
big paws,Big Paws,ortigas,tiendesitas,Tiendesitas,metro-manila
big picture,The Big Picture,waltermart,san-fernando,WalterMart San Fernando,north-luzon
big r lessors,BIG R LESSORS,ayala,ayala-market-market,Market! Market!,metro-manila
bigboys,Bigboys,ortigas,greenhills,Greenhills,metro-manila
bigoli,BIGOLI,ayala,ayala-trinoma,Trinoma,metro-manila
bike my way,BIKE MY WAY,sm,sm-by-the-bay,SM By the Bay,metro-manila
bikes & coffee manila,Bikes & Coffee Manila,megaworld,uptown-parade,Uptown Parade,
bikoi bikes,BIKOI BIKES,sm,sm-city-mindpro,SM City Mindpro,mindanao
billiards,BILLIARDS,xentro,morong-centerpoint,Morong Centerpoint,
bills lounge,Bill's Lounge,megaworld,eastwood-city-walk,Eastwood City Walk,
billyard sports & music bar,Billyard Sports & Music Bar,megaworld,greenhouse-village-square,The Greenhouse at Village Square,
billyard sports bar,Billyard Sports Bar,megaworld,greenhouse-village-square,The Greenhouse at Village Square,
binuhat arts crafts,BINUHAT ARTS CRAFTS,sm,sm-city-butuan,SM City Butuan,mindanao
biofresh,Biofresh,megaworld,southwoods-mall,Southwoods Mall,
biovitalis institute by centro holistico,BIOVITALIS INSTITUTE BY CENTRO HOLISTICO,sm,s-maison,S Maison,metro-manila
bir,BIR,fishermall,malabon,Fisher Mall Malabon,metro-manila
bl petshop salon,BL PETSHOP SALON,sm,sm-city-pampanga,SM City Pampanga,north-luzon
black pearl 0910 271 5118,BLACK PEARL 0910-271-5118,robinsons,robinsons-pangasinan,Robinsons Place Pangasinan,north-luzon
black pearl by sea of spa,BLACK PEARL BY SEA OF SPA,sm,sm-city-bf-paranaque,SM City BF Parañaque,metro-manila
black pearl cosmetics,BLACK PEARL COSMETICS,ayala,ayala-malls-central-bloc,Ayala Malls Central Bloc,visayas
black pearl johnn lemon,BLACK PEARL/JOHNN LEMON,ayala,ayala-cloverleaf,Ayala Malls Cloverleaf,metro-manila
black view,Black View,gmall,gmall-of-tagum,GMall of Tagum,mindanao
blackbeards seafood island bikers cafe,BLACKBEARD'S SEAFOOD ISLAND BIKERS CAFE,sm,sm-by-the-bay,SM By the Bay,metro-manila
blackbelle tattoo shop,BLACKBELLE TATTOO SHOP,robinsons,robinsons-novaliches,Robinsons Novaliches,metro-manila
blackscoop cafe,BLACKSCOOP CAFE,robinsons,robinsons-tuguegarao,Robinsons Place Tuguegarao,north-luzon
blackstem tea & coffee,BlackStem Tea & Coffee,megaworld,eastwood-city-walk,Eastwood City Walk,
blemish free,Blemish Free,gmall,gmall-of-davao,GMall of Davao,mindanao
blemish free natures skin care,BLEMISH FREE NATURES SKIN CARE,sm,sm-city-davao,SM City Davao,mindanao
blended coffee tea frap,BLENDED COFFEE TEA FRAP,xentro,sta-ana-public-market,Sta Ana Public Market,
blind therapeutic massage,Blind Therapeutic Massage,gmall,gmall-of-tagum,GMall of Tagum,mindanao
blink,BLINK,sm,sm-mall-of-asia,SM Mall of Asia,metro-manila
bl petshop,BL Petshop,robinsons,robinsons-malolos,Robinsons Place Malolos,north-luzon
bj twin shawarma,BJ TWIN SHAWARMA,robinsons,robinsons-gapan,Robinsons Gapan,north-luzon
bj shawarma house,BJ SHAWARMA HOUSE,robinsons,robinsons-gapan,Robinsons Gapan,north-luzon
bistro ravioli,BISTRO RAVIOLI,sm,sm-mall-of-asia,SM Mall of Asia,metro-manila
bir notarial & photocopying,BIR Notarial & Photocopying,fishermall,quezonave,Fisher Mall Quezon Avenue,metro-manila
bir rd038,BIR RD038,fishermall,quezonave,Fisher Mall Quezon Avenue,metro-manila
bird boss the new bird of the block,BIRD BOSS THE NEW BIRD OF THE BLOCK,sm,the-podium,The Podium,metro-manila
biryani boys,BIRYANI BOYS,sm,sm-city-manila,SM City Manila,metro-manila
biryani house restaurant,BIRYANI HOUSE RESTAURANT,sm,sm-city-general-santos,SM City General Santos,mindanao
biryanist,Biryanist,megaworld,newport-city,Newport City,
bistro remedios,BISTRO REMEDIOS,sm,sm-city-north-edsa,SM City North Edsa,metro-manila
bizu,Bizu,ortigas,greenhills,Greenhills,metro-manila
bite king snackbar,BITE KING SNACKBAR,sm,sm-city-bataan,SM City Bataan,north-luzon
biu,Biu!,filinvest,festival-mall,Festival Mall,metro-manila
biyahe juan,Biyahe Juan,megaworld,festive-walk-mall-iloilo,Festive Walk Mall,
biyaya kofi,Biyaya Kofi,ortigas,the-strip,The Strip,metro-manila
bizaare exhibit zar clothing collection,BIZAARE EXHIBIT ZAR CLOTHING COLLECTION,xentro,montalban-town-center,Montalban Town Center,
bizaare hbc,BIZAARE HBC,xentro,xentro-mall-lemery,XentroMall Lemery,
big joy,Big Joy,filinvest,festival-mall,Festival Mall,metro-manila
big boys toyshoppe,Big Boy's Toyshoppe,fishermall,quezonave,Fisher Mall Quezon Avenue,metro-manila
beauty getaway wellness spa,BEAUTY GETAWAY WELLNESS SPA,sm,sm-city-roxas,SM City Roxas,visayas
bellezza skin care and spa,BELLEZZA SKIN CARE AND SPA,robinsons,robinsons-novaliches,Robinsons Novaliches,metro-manila
belly bob,BELLY BOB,robinsons,robinsons-metro-east,Robinsons Metro East,metro-manila
benanth,BENANTH,sm,sm-city-mindpro,SM City Mindpro,mindanao
bench & bench body,Bench & Bench Body,megaworld,uptown-mall,Uptown Mall,
bench beauty,BENCH BEAUTY,sm,sm-megamall,SM Megamall,metro-manila
bench herbench,Bench + Herbench,megaworld,eastwood-mall,Eastwood Mall,
bench uno siopao house,Bench Uno Siopao House,xentro,xentro-mall-calapan,XentroMall Calapan,
bench watchman,BENCH WATCHMAN,xentro,xentro-mall-lemery,XentroMall Lemery,
benibana beauty hub,Benibana Beauty Hub,megaworld,three-central,Three Central Mall,
benlife,BENLIFE,sm,sm-lanang,SM Lanang,mindanao
bens halo halo ice cream,Ben’s Halo-halo Ice Cream,filinvest,festival-mall,Festival Mall,metro-manila
bens kitchen,BEN'S KITCHEN,ayala,ayala-harbor-point,Harbor Point,north-luzon
bens x meshiya,Ben's x Meshiya,megaworld,southwoods-mall,Southwoods Mall,
bensons graphic arts,BENSONS GRAPHIC ARTS,sm,sm-city-taytay,SM City Taytay,metro-manila
beppos barbershop,Beppo's Barbershop,fishermall,quezonave,Fisher Mall Quezon Avenue,metro-manila
berches,Berches,ortigas,greenhills,Greenhills,metro-manila
bellus international,Bellus International,ortigas,estancia,Estancia,metro-manila
bellemoire,Bellemoire,filinvest,festival-mall,Festival Mall,metro-manila
big boys toy store,BIG BOYS TOY STORE,ayala,ayala-glorietta,Glorietta,metro-manila
bellecrown salon,BELLECROWN SALON,sm,sm-cherry-congressional,SM Center Congressional,metro-manila
beauty goals,BEAUTY GOALS,robinsons,robinsons-gapan,Robinsons Gapan,north-luzon
beauty palace salon and nail spa,BEAUTY PALACE SALON AND NAIL SPA,ayala,ayala-the-district-imus,The District Imus,south-luzon
beauwarts,Beauwarts,ortigas,greenhills,Greenhills,metro-manila
becs salon & spa,BEC'S SALON & SPA,sm,sm-city-bacolod,SM City Bacolod,visayas
bee & co,Bee & Co.,filinvest,festival-mall,Festival Mall,metro-manila
bee healthy,Bee Healthy,robinsons,robinsons-gentrias,Robinsons Place Gen. Trias,south-luzon
beef pares house,BEEF PARES HOUSE,robinsons,robinsons-galleria-ortigas,Robinsons Galleria,metro-manila
beginnings the ring store,BEGINNINGS THE RING STORE,sm,sm-mall-of-asia,SM Mall of Asia,metro-manila
being juice,Being Juice,robinsons,robinsons-magnolia,Robinsons Magnolia,metro-manila
belaggio bingo,Belaggio Bingo,fishermall,quezonave,Fisher Mall Quezon Avenue,metro-manila
bella beta,BELLA BETA,xentro,tanay-town-center,Tanay Town Center,
bella blossom flower shop,BELLA-BLOSSOM FLOWER SHOP,sm,sm-center-tuguegarao-downtown,SM Center Tuguegarao Downtown,north-luzon
bella glowing skin,Bella Glowing Skin,robinsons,robinsons-gentrias,Robinsons Place Gen. Trias,south-luzon
bella mecanica salon,BELLA MECANICA SALON,sm,sm-city-butuan,SM City Butuan,mindanao
belle ville pancake cafe,BELLE-VILLE PANCAKE CAFÉ,sm,sm-city-fairview,SM City Fairview,metro-manila
berlein,BERLEIN,sm,sm-mall-of-asia,SM Mall of Asia,metro-manila
bern oasis of halohalo,Bern Oasis of Halohalo,gmall,gmall-of-tagum,GMall of Tagum,mindanao
bernabest siomai house,BERNABEST SIOMAI HOUSE,sm,sm-city-north-edsa,SM City North Edsa,metro-manila
bernardos watch repair,Bernardo's Watch Repair,robinsons,robinsons-novaliches,Robinsons Novaliches,metro-manila
bhdc barrera hernandez dental diagnostics,BHDC BARRERA-HERNANDEZ DENTAL DIAGNOSTICS,sm,sm-center-sangandaan,SM Center Sangandaan,north-luzon
bhf jewelry & cash loan,BHF Jewelry & Cash Loan,robinsons,robinsons-luisita,Robinsons Luisita,north-luzon
bianang delicacies,BIANANG DELICACIES,waltermart,arayat,WalterMart Arayat,north-luzon
bibingka manila,BIBINGKA MANILA,sm,sm-center-pasig,SM Center Pasig,metro-manila
bibingka mnl,Bibingka MNL,robinsons,robinsons-magnolia,Robinsons Magnolia,metro-manila
bibingkintan,Bibingkintan,robinsons,robinsons-naga,Robinsons Place Naga,south-luzon
bibingkyut,BIBINGKYUT,xentro,xentro-mall-santiago,XentroMall Santiago,
bibo shoes melvino,BIBO SHOES MELVINO,xentro,xentro-mall-lemery,XentroMall Lemery,
bibo shoes red diamond ii,BIBO SHOES RED DIAMOND II,xentro,tanay-town-center,Tanay Town Center,
bibo shoes sandugo,Bibo Shoes SANDUGO,xentro,xentro-mall-calapan,XentroMall Calapan,
big & small & chicco,Big & Small & Chicco,megaworld,eastwood-mall,Eastwood Mall,
big bee,The Big Bee,megaworld,newport-city,Newport City,
big belly burgers,Big Belly Burgers,megaworld,forbes-town,Forbes Town,
big boss barbers,Big Boss Barbers,megaworld,venice-grand-canal-mall,Venice Grand Canal Mall,
big boys,Big Boys,filinvest,festival-mall,Festival Mall,metro-manila
bf potato fries,BF POTATO FRIES,xentro,ilagan-city-mall-isabela,Ilagan City Mall Isabela,
beyond polish,BEYOND POLISH,sm,sm-city-santa-rosa,SM City Santa Rosa,south-luzon
between days,BETWEEN DAYS,robinsons,robinsons-magnolia,Robinsons Magnolia,metro-manila
best lolama,Best Lolama,robinsons,robinsons-dasmarinas,Robinsons Place Dasmarinas,south-luzon
bernie s barbers,Bernie\'s Barbers,gmall,gmall-of-toril,GMall of Toril,mindanao
berovan medical supplies,Berovan Medical Supplies,robinsons,robinsons-dasmarinas,Robinsons Place Dasmarinas,south-luzon
bertmarks,BERTMARKS,ayala,ayala-market-market,Market! Market!,metro-manila
beso beso,Beso-Beso,robinsons,robinsons-santiago,Robinsons Place Santiago,north-luzon
best cool bicycle,BEST COOL BICYCLE,robinsons,robinsons-gapan,Robinsons Gapan,north-luzon
best fried noodles temporarily closed,Best Fried Noodles TEMPORARILY CLOSED,robinsons,robinsons-galleria-cebu,Robinsons Galleria Cebu,visayas
best nephro specialist corporation,Best Nephro Specialist Corporation,robinsons,robinsons-las-pinas,Robinsons Place Las Pinas,metro-manila
bettinas fashion boutique temporarily closed,BETTINAS FASHION BOUTIQUE TEMPORARILY CLOSED,robinsons,robinsons-otis,Robinsons Otis,metro-manila
best print,Best Print,fishermall,quezonave,Fisher Mall Quezon Avenue,metro-manila
best toys,Best Toys,ortigas,greenhills,Greenhills,metro-manila
bestfriend pawever,Bestfriend Pawever,robinsons,robinsons-imus,Robinsons Place Imus,south-luzon
beth charms and accessories mini gem exhibit 12,BETH CHARMS AND ACCESSORIES MINI GEM EXHIBIT #12 ( FC created space # 10 ),xentro,montalban-town-center,Montalban Town Center,
better burger,BETTER BURGER,sm,sm-jmall,SM J Mall,visayas
bettinas fashion boutique,BETTINA'S FASHION BOUTIQUE (OPEN),robinsons,robinsons-otis,Robinsons Otis,metro-manila
father & sons,FATHER & SONS,robinsons,robinsons-tuguegarao,Robinsons Place Tuguegarao,north-luzon
father and sons barbershop,FATHER AND SONS BARBERSHOP,sm,sm-city-tuguegarao,SM City Tuguegarao,north-luzon
mins korean grilling station,MIN'S KOREAN GRILLING STATION,sm,sm-center-pulilan,SM Center Pulilan,north-luzon
l1 104 01a 2 noodle house rose mary cellphone,L1- 104 -01A -2 Noodle House ROSE MARY CELLPHONE,xentro,montalban-town-center,Montalban Town Center,
l1 104 01a 4 master siomai minigem exhibit,L1- 104 - 01A -4 MASTER SIOMAI MINIGEM EXHIBIT (20),xentro,montalban-town-center,Montalban Town Center,
la birria tacos & nachos,LA BIRRIA TACOS & NACHOS,sm,sm-center-pasig,SM Center Pasig,metro-manila
la birria tacos nachos,LA BIRRIA TACOS NACHOS,sm,sm-city-bicutan,SM City Bicutan,metro-manila
la casa empanada,La Casa Empanada,filinvest,festival-mall,Festival Mall,metro-manila
la casa empanadas,LA CASA EMPANADAS,sm,sm-city-north-edsa,SM City North Edsa,metro-manila
la casetta de britt restaurant,LA CASETTA DE BRITT RESTAURANT,sm,sm-city-taytay,SM City Taytay,metro-manila
la chambre de beaute beauty salon,LA CHAMBRE DE BEAUTE BEAUTY SALON,robinsons,robinsons-cagayan-de-oro,Robinsons Cagayan de Oro,mindanao
la chicks hot chicken,La Chicks Hot Chicken,filinvest,festival-mall,Festival Mall,metro-manila
la estetica,LA ESTETICA,sm,sm-city-bacolod,SM City Bacolod,visayas
la europa ceramica,LA EUROPA CERAMICA,sm,moa-square,MOA Square,metro-manila
la fiesta filipino cuisine,LA FIESTA FILIPINO CUISINE,sm,sm-by-the-bay,SM By the Bay,metro-manila
la floreria,LA FLORERIA,ayala,ayala-market-market,Market! Market!,metro-manila
la halo halo,LA HALO HALO,robinsons,robinsons-pagadian,Robinsons Pagadian,mindanao
la hanan,LA HANAN,sm,sm-city-naga,SM City Naga,south-luzon
la kuseana,LA KUSEANA,sm,sm-lanang,SM Lanang,mindanao
l1 104 01a 3 lemon express minigem exhibit,L1- 104 -01A -3 Lemon Express MINIGEM EXHIBIT (30),xentro,montalban-town-center,Montalban Town Center,
l sea dimsum and noodle house,L SEA DIMSUM AND NOODLE HOUSE,sm,sm-city-bacolod,SM City Bacolod,visayas
la lola,LA LOLA,robinsons,robinsons-antipolo,Robinsons Place Antipolo,metro-manila
l royale,L' Royale,robinsons,robinsons-dumaguete,Robinsons Place Dumaguete,visayas
kuysen,KUYSEN,sm,sm-megamall,SM Megamall,metro-manila
kuzina guadalupe,KUZINA GUADALUPE,sm,sm-seaside-city-cebu,SM Seaside City Cebu,visayas
kvik,KVIK,sm,sm-megamall,SM Megamall,metro-manila
kylas bistro,Kyla's Bistro,robinsons,robinsons-iligan,Robinsons Place Iligan,mindanao
kylie cellphone and accessories shop,KYLIE CELLPHONE AND ACCESSORIES SHOP,robinsons,robinsons-novaliches,Robinsons Novaliches,metro-manila
kyocera mita,KYOCERA MITA,sm,sm-city-north-edsa,SM City North Edsa,metro-manila
kyoda1,KYODA1,ayala,ayala-vertis,Ayala Malls Vertis North,metro-manila
kyoken travel tours,KYOKEN TRAVEL TOURS,sm,sm-city-bacolod,SM City Bacolod,visayas
kyushu ramen,KYUSHU RAMEN,ayala,ayala-cloverleaf,Ayala Malls Cloverleaf,metro-manila
l & y mobile phone & computer accessories,L & Y Mobile Phone & Computer Accessories,robinsons,robinsons-iligan,Robinsons Place Iligan,mindanao
l a eatery,L. A EATERY,robinsons,robinsons-novaliches,Robinsons Novaliches,metro-manila
l a music & sports center,L.A. MUSIC & SPORTS CENTER,sm,sm-city-olongapo-central,SM City Olongapo Central,north-luzon
l entrecote,L' Entrecote,megaworld,forbes-town,Forbes Town,
l foods corporation,L FOODS CORPORATION,xentro,ab-central,Ab Central,
l o f t,L.O.F.T.,robinsons,robinsons-tuguegarao,Robinsons Place Tuguegarao,north-luzon
la kusina,LA KUSINA,xentro,xentro-mall-roxas,XentroMall Roxas,
la maison,La Maison,ortigas,estancia,Estancia,metro-manila
jh enterprises,JH ENTERPRISES,xentro,mall-of-the-valley,Mall Of The Valley,
ladybelle nail and body spa,LADYBELLE NAIL AND BODY SPA,sm,sm-city-masinag,SM City Masinag,metro-manila
lago de dalahican,Lago De Dalahican,robinsons,robinsons-gentrias,Robinsons Place Gen. Trias,south-luzon
lagrima,Lagrima,megaworld,paseo-center,Paseo Center,
lahlahlah,LAHLAHLAH,robinsons,opus,Opus Mall,metro-manila
laizah beauty,LAIZAH BEAUTY,robinsons,robinsons-naga,Robinsons Place Naga,south-luzon
lala annies sizzling food house,Lala Annie's Sizzling Food House,robinsons,robinsons-valencia,Robinsons Place Valencia,mindanao
lalaines fashion boutique,Lalaine's Fashion Boutique,robinsons,robinsons-sta-rosa,Robinsons Sta. Rosa,south-luzon
lalaurs beauty products,Lalaurs Beauty Products,robinsons,robinsons-jaro,Robinsons Place Jaro,visayas
lam ay furniture,LAM-AY FURNITURE,ayala,ayala-market-market,Market! Market!,metro-manila
lamier jewelry,Lamier Jewelry,ortigas,greenhills,Greenhills,metro-manila
lanas sweet delights,LANAS SWEET DELIGHTS,sm,sm-city-legazpi,SM City Legazpi,south-luzon
lanchi,Lanchi,robinsons,robinsons-novaliches,Robinsons Novaliches,metro-manila
land bank,Land Bank,robinsons,robinsons-novaliches,Robinsons Novaliches,metro-manila
land registration authority,LAND REGISTRATION AUTHORITY,sm,sm-aura,SM Aura,metro-manila
landcell,Landcell,ortigas,greenhills,Greenhills,metro-manila
lander,Lander,ortigas,greenhills,Greenhills,metro-manila
lagalag,LAGALAG,sm,sm-city-north-edsa,SM City North Edsa,metro-manila
lady grace,Lady Grace,fishermall,quezonave,Fisher Mall Quezon Avenue,metro-manila
la nilad coffee,LA NILAD COFFEE,sm,sm-city-clark,SM City Clark,north-luzon
lady carat,Lady Carat,araneta,gateway-mall-2,Gateway Mall 2,metro-manila
la oriental wellness spa,LA ORIENTAL WELLNESS SPA,sm,sm-city-laoag,SM City Laoag,north-luzon
la perfecta,La Perfecta,robinsons,robinsons-tacloban,Robinsons Place Tacloban,visayas
la perfecta wellness spa,La Perfecta Wellness Spa,robinsons,robinsons-north-tacloban,Robinsons North Tacloban,visayas
la provence,LA PROVENCE,ayala,ayala-bonifacio-high-street,Bonifacio High Street,metro-manila
la rizza clinica dentista,La Rizza Clinica Dentista,robinsons,robinsons-manila,Robinsons Place Manila,metro-manila
la treats,La Treats,robinsons,robinsons-pangasinan,Robinsons Place Pangasinan,north-luzon
lab by the eyebrowdery,LAB BY THE EYEBROWDERY,ayala,ayala-feliz,Ayala Malls Feliz,metro-manila
lachis,LACHIS,sm,sm-city-davao,SM City Davao,mindanao
lacoste 9173274638,Lacoste 9173274638,robinsons,robinsons-magnolia,Robinsons Magnolia,metro-manila
lacoste footwear,LACOSTE FOOTWEAR,sm,sm-city-pampanga,SM City Pampanga,north-luzon
lacoste live,LACOSTE LIVE,ayala,ayala-glorietta,Glorietta,metro-manila
lacoste outlet,Lacoste Outlet,robinsons,robinsons-starmills,Robinsons Starmills,north-luzon
lacoste sports,LACOSTE SPORTS,ayala,ayala-center-cebu,Ayala Center Cebu,visayas
lactation treats,LACTATION TREATS,sm,sm-city-baliwag,SM City Baliwag,north-luzon
lady annes tarts & pastries,LADY ANNE'S TARTS & PASTRIES,sm,sm-city-bacolod,SM City Bacolod,visayas
kuya korea,KUYA KOREA,sm,sm-city-manila,SM City Manila,metro-manila
kuya js restaurant iguanas,KUYA J's Restaurant IGUANAS,xentro,xentro-mall-calapan,XentroMall Calapan,
kuya js restaurant,Kuya J's Restaurant,robinsons,robinsons-imus,Robinsons Place Imus,south-luzon
koi,Koi,megaworld,venice-grand-canal-mall,Venice Grand Canal Mall,
komoro soba,KOMORO SOBA,sm,sm-megamall,SM Megamall,metro-manila
konbini karaage,Konbini Karaage,robinsons,robinsons-magnolia,Robinsons Magnolia,metro-manila
konbini store,Konbini Store,robinsons,robinsons-magnolia,Robinsons Magnolia,metro-manila
kong vr,Kong Vr,filinvest,festival-mall,Festival Mall,metro-manila
konsis shawarma,KONSI'S SHAWARMA,xentro,montalban-town-center,Montalban Town Center,
konvy,KONVY,robinsons,robinsons-galleria-ortigas,Robinsons Galleria,metro-manila
kooke house pop up store,KOOKE HOUSE POP UP STORE,robinsons,robinsons-ilocos,Robinsons Place Ilocos,north-luzon
koomi temporarily closed,Koomi TEMPORARILY CLOSED,robinsons,robinsons-la-union,Robinsons Place La Union,north-luzon
kopi by jims recipe,Kopi by Jim's Recipe,ortigas,greenhills,Greenhills,metro-manila
koreana look,KOREANA LOOK,robinsons,robinsons-pagadian,Robinsons Pagadian,mindanao
korn,KORN,robinsons,robinsons-lipa,Robinsons Place Lipa,south-luzon
korte,Korte,robinsons,robinsons-butuan,Robinsons Place Butuan,mindanao
korte ni bella mechanica,KORTE NI BELLA MECHANICA,robinsons,robinsons-butuan,Robinsons Place Butuan,mindanao
kosmetikos center,Kosmetikos Center,gmall,gmall-of-tagum,GMall of Tagum,mindanao
kowloon house jr,"KOWLOON HOUSE, JR.",ayala,ayala-market-market,Market! Market!,metro-manila
komoro japanese dining,KOMORO JAPANESE DINING,sm,sm-southmall,SM Southmall,metro-manila
kogi vegi,KOGI VEGI,sm,sm-city-iloilo,SM City Iloilo,visayas
kuya j restaurant 0930 403 0259,Kuya J Restaurant 0930-403-0259,robinsons,robinsons-iligan,Robinsons Place Iligan,mindanao
kodak,Kodak,gmall,gmall-of-tagum,GMall of Tagum,mindanao
kitchentable by bng,KITCHENTABLE BY BnG,sm,sm-center-pasig,SM Center Pasig,metro-manila
kitchn,THE KITCHN,sm,sm-lanang,SM Lanang,mindanao
kiwami,KIWAMI,ayala,ayala-bonifacio-high-street,Bonifacio High Street,metro-manila
kizuna,Kizuna,robinsons,robinsons-galleria-cebu,Robinsons Galleria Cebu,visayas
kizzashi loading,Kizzashi Loading,gmall,gmall-of-davao,GMall of Davao,mindanao
klad,Klad,araneta,gateway-mall,Gateway Mall,metro-manila
kleen o matic,Kleen O Matic,waltermart,balanga,WalterMart Balanga,north-luzon
klen laundromat,Klen Laundromat,megaworld,venice-grand-canal-mall,Venice Grand Canal Mall,
klm advanced dental center,KLM Advanced Dental Center,robinsons,galleria-south,Robinsons Galleria South,south-luzon
klm dental,KLM Dental,waltermart,dasmarinas,WalterMart Dasmariñas,south-luzon
knc printz,KNC PRINTZ,sm,sm-center-ormoc,SM Center Ormoc,visayas
knd fonehaus,KND Fonehaus,robinsons,robinsons-starmills,Robinsons Starmills,north-luzon
knead brew bakery cafe,KNEAD BREW BAKERY CAFÉ,sm,sm-city-batangas,SM City Batangas,south-luzon
kobe clinic,Kobe Clinic,filinvest,festival-mall,Festival Mall,metro-manila
kochi cafe,KOCHI CAFE,sm,sm-city-sorsogon,SM City Sorsogon,south-luzon
kraken takoyaki,Kraken Takoyaki,megaworld,uptown-mall,Uptown Mall,
krapow,KRAPOW,sm,moa-square,MOA Square,metro-manila
krazy mushroom,Krazy Mushroom,megaworld,san-lorenzo-place-mall,San Lorenzo Place Mall,
krispy ice cream,KRISPY ICE CREAM,sm,sm-city-sorsogon,SM City Sorsogon,south-luzon
kumon 0933 856 9315,KUMON 0933-856-9315,robinsons,robinsons-sta-rosa,Robinsons Sta. Rosa,south-luzon
kumon robinsons otis center,KUMON ROBINSONS OTIS CENTER,robinsons,robinsons-otis,Robinsons Otis,metro-manila
kumpares,KUMPARES,ayala,ayala-market-market,Market! Market!,metro-manila
kung fu master cooking,Kung Fu Master Cooking,megaworld,mckinley-west,McKinley West,
kuppa coffee tea,KUPPA COFFEE TEA,sm,sm-city-bacolod,SM City Bacolod,visayas
kurbang lokal,Kurbang Lokal,megaworld,lucky-chinatown-mall,Lucky Chinatown Mall,
kureji,KUREJI,sm,sm-city-baguio,SM City Baguio,north-luzon
kurimi,KURIMI,robinsons,robinsons-pagadian,Robinsons Pagadian,mindanao
kusina manyaman,KUSINA MANYAMAN,sm,sm-city-clark,SM City Clark,north-luzon
kusina ni sendang,KUSINA NI SENDANG,sm,sm-city-pampanga,SM City Pampanga,north-luzon
kusina tsina,KUSINA TSINA,sm,sm-city-iloilo,SM City Iloilo,visayas
kusinang pinoy 0955 623 4688,KUSINANG PINOY 0955-623-4688,robinsons,robinsons-cybergate-cebu,Robinsons Cybergate Cebu,visayas
kuv derma clinic ca exhibits,KUV DERMA CLINIC CA EXHIBITS ( PROPERTY PRO ),xentro,montalban-town-center,Montalban Town Center,
kuv derma clinic expansion fegis ii,KUV DERMA CLINIC EXPANSION FEGI'S II,xentro,montalban-town-center,Montalban Town Center,
kuya berts pares house,KUYA BERT'S PARES HOUSE,robinsons,robinsons-galleria-ortigas,Robinsons Galleria,metro-manila
kuletz,Kuletz,robinsons,robinsons-cagayan-de-oro,Robinsons Cagayan de Oro,mindanao
kukugalbi restaurant,KUKUGALBI RESTAURANT,sm,smdc-grace-mall,SMDC Grace Mall,smdc
kuka,KUKA,sm,sm-city-north-edsa,SM City North Edsa,metro-manila
kskin,Kskin,ortigas,greenhills,Greenhills,metro-manila
krispy kreme 9190819300,Krispy Kreme 9190819300,robinsons,robinsons-magnolia,Robinsons Magnolia,metro-manila
kristenzz,Kristenzz,robinsons,robinsons-bacolod,Robinsons Place Bacolod,visayas
kristenzz open,Kristenzz OPEN,robinsons,robinsons-iloilo,Robinsons Place Iloilo,visayas
kristine,KRISTINE,sm,sm-megamall,SM Megamall,metro-manila
kristine jewellery,Kristine Jewellery,megaworld,newport-city,Newport City,
krizie ice jelly,KRIZIE ICE JELLY,sm,sm-city-bacolod,SM City Bacolod,visayas
ksl beauty products,KSL BEAUTY PRODUCTS,robinsons,robinsons-valencia,Robinsons Place Valencia,mindanao
kublai khan,KUBLAI KHAN,ayala,ayala-center-cebu,Ayala Center Cebu,visayas
ksyn fitness gym,KSYN Fitness Gym,megaworld,alabang-west-parade,Alabang West Parade,
kt drinks,KT Drinks,robinsons,robinsons-magnolia,Robinsons Magnolia,metro-manila
ktlystph clothings,Ktlystph Clothings,ortigas,greenhills,Greenhills,metro-manila
ktv playbox,KTV PLAYBOX,fishermall,malabon,Fisher Mall Malabon,metro-manila
kuanzhai,KUANZHAI,waltermart,pasay,WalterMart Pasay,metro-manila
kuanzhai alley,KUANZHAI ALLEY,waltermart,macapagal,WalterMart Macapagal,metro-manila
landers,Landers,megaworld,uptown-parade,Uptown Parade,
landmark banks,LANDMARK - BANKS,ayala,ayala-trinoma,Trinoma,metro-manila
landmark department store,Landmark Department Store,filinvest,festival-mall,Festival Mall,metro-manila
lemon made,LEMON MADE,robinsons,robinsons-gapan,Robinsons Gapan,north-luzon
lemon station,Lemon Station,robinsons,robinsons-galleria-ortigas,Robinsons Galleria,metro-manila
lemon twist,LEMON TWIST,robinsons,robinsons-pagadian,Robinsons Pagadian,mindanao
lemon zone,Lemon Zone,robinsons,robinsons-naga,Robinsons Place Naga,south-luzon
lemonaze,LEMONAZE,sm,sm-city-sucat,SM City Sucat,metro-manila
lemoncha,Lemoncha,megaworld,lucky-chinatown-prosperity-wing,Lucky Chinatown - Prosperity Wing,
lemonjuju,Lemonjuju,robinsons,robinsons-pavia,Robinsons Place Pavia,visayas
lemonzest,LEMONZEST,sm,sm-city-general-santos,SM City General Santos,mindanao
lemonzilla,Lemonzilla,gmall,gmall-of-davao,GMall of Davao,mindanao
lemonzilla freshly squeezed lemonade,LEMONZILLA FRESHLY SQUEEZED LEMONADE,sm,sm-lanang,SM Lanang,mindanao
lenin computer systems inc,LENIN COMPUTER SYSTEMS INC,sm,sm-city-mindpro,SM City Mindpro,mindanao
lens crafter shop,THE LENS CRAFTER SHOP,sm,sm-city-cebu,SM City Cebu,visayas
lenslab eyecare specialist,Lenslab EyeCare Specialist,robinsons,robinsons-galleria-cebu,Robinsons Galleria Cebu,visayas
leo dosirak,LEO DOSIRAK,sm,sm-city-trece-martires,SM City Trece Martires,south-luzon
leo pizza,LEO PIZZA,sm,sm-city-fairview,SM City Fairview,metro-manila
leondell,LEONDELL,xentro,xentro-mall-cabagan,XentroMall Cabagan,
lemon pa more,Lemon Pa More,robinsons,robinsons-antipolo,Robinsons Place Antipolo,metro-manila
lemon life,Lemon Life,robinsons,robinsons-la-union,Robinsons Place La Union,north-luzon
lee wrangler us polo,LEE / WRANGLER / US POLO,araneta,farmers-plaza,Farmers Plaza,metro-manila
lemon jess,LEMON JESS,sm,sm-city-daet,SM City Daet,south-luzon
leica,LEICA,ayala,ayala-greenbelt,Greenbelt,metro-manila
leisure hopper,Leisure Hopper,filinvest,fora,Fora Mall,south-luzon
lemeur,Lemeur,ortigas,greenhills,Greenhills,metro-manila
lemon 101,LEMON 101,ayala,ayala-capitol-central,Ayala Malls Capitol Central,visayas
lemon blend 9959386824,Lemon Blend 9959386824,robinsons,robinsons-santiago,Robinsons Place Santiago,north-luzon
lemon burst,Lemon Burst,robinsons,robinsons-tacloban,Robinsons Place Tacloban,visayas
lemon cali,LEMON CALI,sm,sm-city-batangas,SM City Batangas,south-luzon
lemon co 0920 952 8907,THE LEMON CO. 0920-952-8907,robinsons,robinsons-cybergate-cebu,Robinsons Cybergate Cebu,visayas
lemon co juicery,THE LEMON CO JUICERY,sm,sm-jmall,SM J Mall,visayas
lemon dew,LEMON DEW,sm,sm-city-butuan,SM City Butuan,mindanao
lemon drop,LEMON DROP,robinsons,robinsons-tagum,Robinsons Place Tagum,mindanao
lemon express,Lemon Express,filinvest,festival-mall,Festival Mall,metro-manila
lemon greens,LEMON GREENS,sm,sm-city-urdaneta-central,SM City Urdaneta Central,north-luzon
lemon hub sunsai,LEMON HUB SUNSAI,robinsons,robinsons-ilocos,Robinsons Place Ilocos,north-luzon
lemon jar samgyeopsalemon,LEMON JAR SAMGYEOPSALEMON,sm,sm-city-olongapo-central,SM City Olongapo Central,north-luzon
leonora p carreon,LEONORA P. CARREON,xentro,ab-central,Ab Central,
lessive laundromat,Lessive Laundromat,robinsons,robinsons-jaro,Robinsons Place Jaro,visayas
lets face it going straight,LETS FACE IT GOING STRAIGHT,sm,sm-city-sucat,SM City Sucat,metro-manila
letterbee,LETTERBEE,sm,sm-city-consolacion,SM City Consolacion,visayas
liam cars,Liam Cars,robinsons,robinsons-dasmarinas,Robinsons Place Dasmarinas,south-luzon
liams & louis gourmet,Liam's & Louis Gourmet,ortigas,the-strip,The Strip,metro-manila
liberty diamonds,Liberty Diamonds,waltermart,arayat,WalterMart Arayat,north-luzon
licanto food corner,LICANTO FOOD CORNER (,robinsons,robinsons-imus,Robinsons Place Imus,south-luzon
licanto takoyaki,LICANTO TAKOYAKI,robinsons,robinsons-imus,Robinsons Place Imus,south-luzon
liege manila,Liege Manila,filinvest,festival-mall,Festival Mall,metro-manila
liempao goto king tapa king bbq,LIEMPAO/GOTO KING/TAPA KING/ BBQ,xentro,xentro-mall-san-andres,XentroMall San Andres,
life 4 cuts,LIFE 4 CUTS,robinsons,robinsons-santiago,Robinsons Place Santiago,north-luzon
life extension,LIFE EXTENSION,sm,sm-city-iloilo,SM City Iloilo,visayas
life extension by confluence health and wellness products,LIFE EXTENSION BY CONFLUENCE HEALTH AND WELLNESS PRODUCTS,sm,sm-city-bacolod,SM City Bacolod,visayas
life for cuts,LIFE FOR CUTS,robinsons,galleria-south,Robinsons Galleria South,south-luzon
life n arts,LIFE ‘N ARTS,ayala,ayala-solenad,Ayala Malls Nuvali,south-luzon
lifecycle,Lifecycle,ortigas,greenhills,Greenhills,metro-manila
lightbox studios,LIGHTBOX STUDIOS,sm,sm-city-bf-paranaque,SM City BF Parañaque,metro-manila
lighter s galore,Lighter\'s Galore,gmall,gmall-of-davao,GMall of Davao,mindanao
li ning,LI-NING,ayala,ayala-glorietta,Glorietta,metro-manila
li am dimsum,LI AM DIMSUM,robinsons,robinsons-gen-san,Robinsons Place GenSan,mindanao
lhuillier,LHUILLIER,xentro,xentro-mall-cabagan,XentroMall Cabagan,
leylams shawarma,Leylam's Shawarma,robinsons,robinsons-ilocos,Robinsons Place Ilocos,north-luzon
levie lifestyle clinic,LEVIE LIFESTYLE CLINIC,sm,sm-southmall,SM Southmall,metro-manila
levis 5216 563,Levi's 5216-563,robinsons,robinsons-magnolia,Robinsons Magnolia,metro-manila
lexstar graphics arts,Lexstar Graphics Arts,filinvest,festival-mall,Festival Mall,metro-manila
leylam 0933 816 0784,LEYLAM 0933-816-0784,robinsons,robinsons-cybergate-cebu,Robinsons Cybergate Cebu,visayas
leylam shawarma 0917 133 3896,LEYLAM SHAWARMA 0917-133-3896,robinsons,robinsons-pangasinan,Robinsons Place Pangasinan,north-luzon
leylam shawarma 9431413157,LEYLAM SHAWARMA (NEW) 9431413157,robinsons,robinsons-dumaguete,Robinsons Place Dumaguete,visayas
leysa,Leysa,filinvest,festival-mall,Festival Mall,metro-manila
lgd key shop,LGD KEY SHOP,robinsons,robinsons-tagum,Robinsons Place Tagum,mindanao
leyte paperworld,LEYTE PAPERWORLD,sm,sm-savemore-tacloban,SM Savemore Tacloban,visayas
lfafa enteprise,Lfafa Enteprise,robinsons,robinsons-north-tacloban,Robinsons North Tacloban,visayas
lfafa enterprises,Lfafa Enterprises,robinsons,robinsons-ormoc,Robinsons Place Ormoc,visayas
lfafa massage chair,Lfafa Massage Chair,fishermall,malabon,Fisher Mall Malabon,metro-manila
lg,LG,sm,sm-city-north-edsa,SM City North Edsa,metro-manila
lg sony ericson,LG/Sony Ericson,gmall,gmall-of-tagum,GMall of Tagum,mindanao
legrand,Legrand,ortigas,greenhills,Greenhills,metro-manila
lee eun young nature care center,LEE EUN YOUNG NATURE CARE CENTER,sm,sm-lanang,SM Lanang,mindanao
landmark supermarket,Landmark Supermarket,filinvest,festival-mall,Festival Mall,metro-manila
lasquite dental and medical clinic,LASQUITE DENTAL AND MEDICAL CLINIC,sm,sm-city-san-pablo,SM City San Pablo,south-luzon
laundry district,The Laundry District,megaworld,california-garden-square,California Garden Square,
laundry room,THE LAUNDRY ROOM,sm,smdc-strip-at-grass,SMDC Strip at Grass,smdc
laundrybest,LAUNDRYBEST,sm,smdc-strip-at-sea,SMDC Strip at Sea,smdc
laundryhood,LAUNDRYHOOD,ayala,ayala-abreeza,Abreeza,mindanao
lavin enterprises,Lavin Enterprises,gmall,gmall-of-davao,GMall of Davao,mindanao
laxare nail & day spa,Laxare Nail & Day Spa,filinvest,festival-mall,Festival Mall,metro-manila
lay bare 8477 3532 0922 872 3648,LAY BARE ((02) 8477-3532 / 0922-872-3648),robinsons,robinsons-metro-east,Robinsons Metro East,metro-manila
1,1,robinsons,robinsons-manila,Robinsons Place Manila,metro-manila
laybare plus,LAYBARE PLUS,robinsons,opus,Opus Mall,metro-manila
lazboy,LAZBOY,ayala,ayala-manila-bay,Ayala Malls Manila Bay,metro-manila
lazer arena,LAZER ARENA,sm,sm-mall-of-asia,SM Mall of Asia,metro-manila
lazer musical instruments,LAZER MUSICAL INSTRUMENTS,ayala,ayala-market-market,Market! Market!,metro-manila
lazer xtreme,LAZER XTREME,ayala,ayala-market-market,Market! Market!,metro-manila
lazerarena,LAZERARENA,sm,sm-megamall,SM Megamall,metro-manila
lazy panda massage chair,LAZY PANDA MASSAGE CHAIR,robinsons,robinsons-cagayan-de-oro,Robinsons Cagayan de Oro,mindanao
last scoop ice cream,LAST SCOOP ICE CREAM,sm,sm-city-pampanga,SM City Pampanga,north-luzon
lashious,LASHIOUS,sm,sm-city-bacoor,SM City Bacoor,south-luzon
ledesma audiological center,LEDESMA AUDIOLOGICAL CENTER,sm,sm-city-davao,SM City Davao,mindanao
lashgasm,LASHGASM,sm,sm-jmall,SM J Mall,visayas
lanuza dental clinic,LANUZA DENTAL CLINIC,xentro,xentro-mall-roxas,XentroMall Roxas,
lao taipei,Lao Taipei,ortigas,greenhills,Greenhills,metro-manila
lapid dental clinic,Lapid Dental Clinic,robinsons,robinsons-magnolia,Robinsons Magnolia,metro-manila
lapids chicharon,LAPID'S CHICHARON,xentro,ab-central,Ab Central,
lapilar jewellery,LAPILAR JEWELLERY,ayala,ayala-market-market,Market! Market!,metro-manila
laptop expert,THE LAPTOP EXPERT,sm,sm-mall-of-asia,SM Mall of Asia,metro-manila
laragway,Laragway,filinvest,festival-mall,Festival Mall,metro-manila
large screen format,LARGE SCREEN FORMAT,sm,sm-seaside-city-cebu,SM Seaside City Cebu,visayas
larichie pasalubong,Larichie Pasalubong,robinsons,robinsons-novaliches,Robinsons Novaliches,metro-manila
larrazabal eye,LARRAZABAL EYE,sm,s-maison,S Maison,metro-manila
las fresas,LAS FRESAS,robinsons,robinsons-palawan,Robinsons Place Palawan,south-luzon
laser madness,Laser Madness,filinvest,festival-mall,Festival Mall,metro-manila
laserase m d,Laserase M.D.,waltermart,malolos,WalterMart Malolos,north-luzon
laserase md,Laserase MD,robinsons,robinsons-malolos,Robinsons Place Malolos,north-luzon
lash lounge,LASH LOUNGE,robinsons,robinsons-north-tacloban,Robinsons North Tacloban,visayas
lbc 0917 854 3822,LBC 0917 854 3822,robinsons,robinsons-sta-rosa,Robinsons Sta. Rosa,south-luzon
lbc 9178503089,LBC 9178503089,robinsons,robinsons-magnolia,Robinsons Magnolia,metro-manila
lbc express inc,"LBC Express, Inc.",robinsons,robinsons-cagayan-de-oro,Robinsons Cagayan de Oro,mindanao
lbc express inc siopao house,"LBC EXPRESS, INC. SIOPAO HOUSE",xentro,montalban-town-center,Montalban Town Center,
le temps,Le Temps,megaworld,newport-city,Newport City,
le temps pandora,LE TEMPS PANDORA,sm,sm-mall-of-asia,SM Mall of Asia,metro-manila
le vibe ph,LE VIBE PH,robinsons,robinsons-gapan,Robinsons Gapan,north-luzon
lea salon,LEA Salon,megaworld,california-garden-square,California Garden Square,
leap grip,Leap Grip,filinvest,festival-mall,Festival Mall,metro-manila
learning hub,Learning Hub,filinvest,festival-mall,Festival Mall,metro-manila
learning jungle,Learning Jungle,megaworld,forbes-town,Forbes Town,
leaveland b club zar clothing collection,LEAVELAND/ B CLUB ZAR CLOTHING COLLECTION,xentro,montalban-town-center,Montalban Town Center,
leaveland boutique mobile planet,Leaveland Boutique MOBILE PLANET,xentro,xentro-mall-calapan,XentroMall Calapan,
lechon belly kitchen salo,Lechon Belly Kitchen/Salo,ortigas,greenhills,Greenhills,metro-manila
lechon factory,LECHON FACTORY,starmall,alabang,Starmall Alabang,metro-manila
lechon h,LECHON H,sm,sm-city-bacolod,SM City Bacolod,visayas
lechon house,LECHON HOUSE,robinsons,robinsons-la-union,Robinsons Place La Union,north-luzon
lechon king toppings,Lechon King Toppings,gmall,gmall-of-digos,GMall of Digos,mindanao
lechoneria,Lechoneria,robinsons,robinsons-galleria-ortigas,Robinsons Galleria,metro-manila
le sucre lab 9456540068,Le Sucre Lab 9456540068,robinsons,robinsons-magnolia,Robinsons Magnolia,metro-manila
le salon de coiffure,Le Salon De Coiffure,robinsons,robinsons-antique,Robinsons Place Antique,visayas
le petit bouquet manille,LE PETIT BOUQUET MANILLE,sm,sm-city-san-lazaro,SM City San Lazaro,metro-manila
ldm driving institute inc,LDM DRIVING INSTITUTE INC.,robinsons,robinsons-novaliches,Robinsons Novaliches,metro-manila
lbc express just gift incorporated,LBC EXPRESS JUST GIFT INCORPORATED,xentro,tanay-town-center,Tanay Town Center,
lbc jcm exhibit depot,LBC JCM Exhibit Depot,xentro,xentro-mall-calapan,XentroMall Calapan,
lbc mr quickie,"LBC, MR. QUICKIE",xentro,xentro-mall-cabagan,XentroMall Cabagan,
lbc step up,LBC STEP UP,xentro,xentro-mall-lemery,XentroMall Lemery,
lca cellphone & accessories,LCA Cellphone & Accessories,robinsons,robinsons-gen-san,Robinsons Place GenSan,mindanao
ldm driving institute,LDM DRIVING INSTITUTE,sm,sm-city-north-edsa,SM City North Edsa,metro-manila
le cafe temporarily closed,LE CAFE TEMPORARILY CLOSED,robinsons,robinsons-valencia,Robinsons Place Valencia,mindanao
le petit bizu 9062284170,Le Petit Bizu 9062284170,robinsons,robinsons-magnolia,Robinsons Magnolia,metro-manila
le ching tea house,Le Ching Tea House,ortigas,greenhills,Greenhills,metro-manila
le derion flowers,LE DERION FLOWERS,sm,sm-city-iloilo,SM City Iloilo,visayas
le dessert,Le Dessert,robinsons,robinsons-palawan,Robinsons Place Palawan,south-luzon
le katsu 0917 318 0560,LE KATSU 0917-318-0560,robinsons,robinsons-cybergate-cebu,Robinsons Cybergate Cebu,visayas
le katsu manila,LE KATSU MANILA,robinsons,robinsons-pangasinan,Robinsons Place Pangasinan,north-luzon
le katsu mnl street katsu,LE KATSU MNL STREET KATSU,sm,sm-cherry-antipolo,SM Center Antipolo Downtown,metro-manila
kitchenaid experience center,KITCHENAID EXPERIENCE CENTER,sm,sm-megamall,SM Megamall,metro-manila
kitchenaid,KITCHENAID,ayala,ayala-vertis,Ayala Malls Vertis North,metro-manila
kitchen table,Kitchen Table,ortigas,tiendesitas,Tiendesitas,metro-manila
juan whey,Juan Whey,megaworld,lucky-chinatown-mall,Lucky Chinatown Mall,
juander buko,Juander Buko,robinsons,robinsons-novaliches,Robinsons Novaliches,metro-manila
juanitos buko station,Juanito’s Buko Station,filinvest,main-square,Main Square,south-luzon
jubilum cellphone repair hub,JUBILUM CELLPHONE REPAIR HUB,sm,sm-city-santa-rosa,SM City Santa Rosa,south-luzon
juddies bulalohan,JUDDIES BULALOHAN,sm,sm-city-sto-tomas,SM City Sto. Tomas,south-luzon
judes ticketing agency,JUDES TICKETING AGENCY,sm,sm-city-consolacion,SM City Consolacion,visayas
juevens,Jueven's,sm,sm-hypermarket-sucat-lopez,SM Hypermarket Sucat Lopez,metro-manila
juevens 3 season,Jueven's 3 Season (TEMPORARILY CLOSED),robinsons,robinsons-metro-east,Robinsons Metro East,metro-manila
juevens bibingka,JUEVENS BIBINGKA,robinsons,robinsons-novaliches,Robinsons Novaliches,metro-manila
juice boost,JUICE BOOST,sm,sm-city-cagayan-de-oro,SM City CDO Uptown,mindanao
juice cubi,JUICE CUBI,sm,nu-mall-of-asia-building,NU MALL OF ASIA BUILDING,metro-manila
juicery natureal,Juicery Natureal,gmall,gmall-of-davao,GMall of Davao,mindanao
juicery natureal juice central,Juicery Natureal Juice Central,gmall,gmall-of-toril,GMall of Toril,mindanao
juices shakes by thirsty,JUICES SHAKES BY THIRSTY,sm,sm-city-cebu,SM City Cebu,visayas
juicy lemon,Juicy Lemon,robinsons,robinsons-santiago,Robinsons Place Santiago,north-luzon
jujuice fruity blendz fruit juice bar,JUJUICE FRUITY BLENDZ FRUIT JUICE BAR,robinsons,robinsons-ilocos,Robinsons Place Ilocos,north-luzon
juana stick,Juana Stick,xentro,shopking,Shopking,
juan spa,JUAN SPA,xentro,montalban-town-center,Montalban Town Center,
joseph drugstore,JOSEPH DRUGSTORE,xentro,ilagan-city-mall-isabela,Ilagan City Mall Isabela,
jts manukan grille,JT'S MANUKAN GRILLE,ayala,ayala-solenad,Ayala Malls Nuvali,south-luzon
joy bakes,Joy Bakes,robinsons,robinsons-magnolia,Robinsons Magnolia,metro-manila
joy juice,Joy Juice,megaworld,paseo-center,Paseo Center,
joylee curtains,Joylee Curtains,gmall,gmall-of-tagum,GMall of Tagum,mindanao
jp sabater,Jp Sabater,filinvest,festival-mall,Festival Mall,metro-manila
jpy juan,JPY Juan,robinsons,robinsons-naga,Robinsons Place Naga,south-luzon
jr jump,JR. JUMP,robinsons,robinsons-gapan,Robinsons Gapan,north-luzon
jr techno stuff enterprise mini gem exhibit 6,JR TECHNO STUFF ENTERPRISE MINI GEM EXHIBIT #6 ( BETWEEN PAPA PRINTS ),xentro,montalban-town-center,Montalban Town Center,
jrm,JRM,robinsons,robinsons-dasmarinas,Robinsons Place Dasmarinas,south-luzon
js diamond jewellery,JS DIAMOND JEWELLERY,sm,sm-city-dasmarinas,SM City Dasmariñas,south-luzon
js marketing,JS Marketing,gmall,gmall-of-toril,GMall of Toril,mindanao
js mobile,JS Mobile,gmall,gmall-of-tagum,GMall of Tagum,mindanao
jsp mobile,JSP Mobile,gmall,gmall-of-digos,GMall of Digos,mindanao
jt diaz mobile hub,JT Diaz Mobile Hub,gmall,gmall-of-toril,GMall of Toril,mindanao
jte health massage,JTE HEALTH MASSAGE,sm,sm-city-clark,SM City Clark,north-luzon
jtech cellphone,JTECH CELLPHONE,sm,sm-city-mindpro,SM City Mindpro,mindanao
julian eatery,Julian Eatery,robinsons,robinsons-tacloban,Robinsons Place Tacloban,visayas
juliana,JULIANA,ayala,ayala-market-market,Market! Market!,metro-manila
julien and jorel,Julien And Jorel,filinvest,festival-mall,Festival Mall,metro-manila
julies food house,Julie's Food House,megaworld,mactan-newtown,Mactan Newtown,
k & f accessories,K & F ACCESSORIES,robinsons,robinsons-valencia,Robinsons Place Valencia,mindanao
k beauty & skin clinic,K Beauty & Skin Clinic,robinsons,galleria-south,Robinsons Galleria South,south-luzon
k blossom beauty studio company,K BLOSSOM BEAUTY STUDIO COMPANY,sm,sm-city-olongapo-central,SM City Olongapo Central,north-luzon
k cotton fries,K Cotton Fries,gmall,gmall-of-davao,GMall of Davao,mindanao
k less baby needs 4less,K-Less Baby Needs 4Less,robinsons,robinsons-naga,Robinsons Place Naga,south-luzon
k po food mart,K-PO Food Mart,megaworld,eastwood-cyber-mall,Eastwood Cyber Mall,
k s i,K S I,sm,sm-city-sta-mesa,SM City Sta. Mesa,metro-manila
k street ph,K-Street PH,robinsons,robinsons-imus,Robinsons Place Imus,south-luzon
k z one mobile gadgets repair & services,K.Z. One Mobile Gadgets Repair & Services,robinsons,robinsons-roxas,Robinsons Place Roxas,visayas
k&company,K&COMPANY,robinsons,opus,Opus Mall,metro-manila
kaban,Kaban,robinsons,robinsons-dumaguete,Robinsons Place Dumaguete,visayas
kadiwa public market,KADIWA PUBLIC MARKET,sm,sm-marketmall-dasmarinas,SM Marketmall Dasmarinas,south-luzon
kadlagan climbing equipment,KADLAGAN CLIMBING EQUIPMENT,sm,sm-city-naga,SM City Naga,south-luzon
kaffa haus,The Kaffa Haus,robinsons,robinsons-roxas,Robinsons Place Roxas,visayas
kai coffee,KAI COFFEE,robinsons,robinsons-pagadian,Robinsons Pagadian,mindanao
k & co,K & CO,sm,s-maison,S Maison,metro-manila
jyusu 0907 654 1144,JYUSU 0907-654-1144,robinsons,robinsons-pangasinan,Robinsons Place Pangasinan,north-luzon
jwls n chrms,JWLS N CHRMS,robinsons,robinsons-novaliches,Robinsons Novaliches,metro-manila
jure documentation and notarial services,Jure Documentation And Notarial Services,filinvest,main-square,Main Square,south-luzon
julsche cellphone accessories,Julsche Cellphone Accessories,robinsons,robinsons-metro-east,Robinsons Metro East,metro-manila
julshe cellphone accessories,JULSHE CELLPHONE ACCESSORIES,robinsons,robinsons-metro-east,Robinsons Metro East,metro-manila
jumbo meals,Jumbo Meals,gmall,gmall-of-toril,GMall of Toril,mindanao
jump for joy,JUMP FOR JOY,ayala,ayala-the-district-imus,The District Imus,south-luzon
june eatery,June Eatery,megaworld,forbes-town,Forbes Town,
junliz,Junliz,robinsons,robinsons-novaliches,Robinsons Novaliches,metro-manila
jus jerrys,JUS JERRYS,sm,sm-center-imus,SM Center Imus,south-luzon
jvr,JVR,robinsons,robinsons-dasmarinas,Robinsons Place Dasmarinas,south-luzon
just a minute,Just A Minute,robinsons,robinsons-jaro,Robinsons Place Jaro,visayas
just gifts,Just Gifts,robinsons,robinsons-novaliches,Robinsons Novaliches,metro-manila
justgold jewellery,JUSTGOLD JEWELLERY,sm,sm-city-bacolod,SM City Bacolod,visayas
justine eatery,Justine Eatery,robinsons,robinsons-novaliches,Robinsons Novaliches,metro-manila
justines world,JUSTINE'S WORLD,robinsons,robinsons-starmills,Robinsons Starmills,north-luzon
jveetech,JVEETECH,sm,sm-city-clark,SM City Clark,north-luzon
journey to australia,Journey to Australia,robinsons,robinsons-galleria-ortigas,Robinsons Galleria,metro-manila
jose filipino kitchen,JOSE FILIPINO KITCHEN,sm,sm-jmall,SM J Mall,visayas
kaila bags ca exhibits,KAILA BAGS ( DOUBLE HAPPINESS ENT. ) CA EXHIBITS ( PROPERTY PRO ),xentro,montalban-town-center,Montalban Town Center,
jk grill unlimited k bbq,Jk Grill Unlimited K-bbq,filinvest,main-square,Main Square,south-luzon
jlo mobile access,Jlo Mobile Access,gmall,gmall-of-davao,GMall of Davao,mindanao
jlo mobile load hub,Jlo Mobile Load Hub,gmall,gmall-of-davao,GMall of Davao,mindanao
jm peanut world,JM PEANUT WORLD,ayala,ayala-market-market,Market! Market!,metro-manila
jm shawarama,JM Shawarama,robinsons,robinsons-ormoc,Robinsons Place Ormoc,visayas
jmags,Jmags,robinsons,robinsons-cybergate-cebu,Robinsons Cybergate Cebu,visayas
jmc personalized printing,Jmc Personalized Printing,filinvest,festival-mall,Festival Mall,metro-manila
jmg,JMG,megaworld,venice-grand-canal-mall,Venice Grand Canal Mall,
jmg massage,JMG Massage,robinsons,robinsons-metro-east,Robinsons Metro East,metro-manila
jmj cellphone 1,JMJ CELLPHONE 1,xentro,xentro-mall-santiago,XentroMall Santiago,
jmn hobby shop,JMN Hobby Shop,fishermall,quezonave,Fisher Mall Quezon Avenue,metro-manila
jmoa,JMOA,ortigas,greenhills,Greenhills,metro-manila
jms music studio,Jms Music Studio,filinvest,fora,Fora Mall,south-luzon
jms watch accessories,JMS WATCH ACCESSORIES,sm,sm-city-dasmarinas,SM City Dasmariñas,south-luzon
jms watch repair,JMS WATCH REPAIR,sm,sm-city-dasmarinas,SM City Dasmariñas,south-luzon
jmy foreign exchange,JMY Foreign Exchange,robinsons,robinsons-tagaytay,Robinsons Tagaytay,south-luzon
jlo mikro gadget realme,Jlo Mikro Gadget / Realme,gmall,gmall-of-toril,GMall of Toril,mindanao
jjcl drug testing,JJCL DRUG TESTING,sm,sm-city-manila,SM City Manila,metro-manila
jories art gallery,JORIE'S ART GALLERY,ayala,ayala-market-market,Market! Market!,metro-manila
jjb hanns,JJB Hanns,robinsons,robinsons-novaliches,Robinsons Novaliches,metro-manila
jian axel sisig station,JIAN AXEL SISIG STATION,robinsons,galleria-south,Robinsons Galleria South,south-luzon
jian cellshop,JIAN CELLSHOP,robinsons,robinsons-valencia,Robinsons Place Valencia,mindanao
jiang nan hot pot,Jiang Nan Hot Pot,megaworld,paseo-center,Paseo Center,
jickong s bbq hauz,Jickong\'s BBQ Hauz,gmall,gmall-of-davao,GMall of Davao,mindanao
jies temporarily closed,Jie's TEMPORARILY CLOSED,robinsons,robinsons-pangasinan,Robinsons Place Pangasinan,north-luzon
jieya & cos jewelry shop,Jieya & Co's Jewelry Shop,megaworld,southwoods-mall,Southwoods Mall,
jig and josh imaging center,JIG AND JOSH IMAGING CENTER,xentro,morong-centerpoint,Morong Centerpoint,
jigs & josh imaging center,JIGS & JOSH IMAGING CENTER,xentro,morong-centerpoint,Morong Centerpoint,
jimmy choo,JIMMY CHOO,ayala,ayala-greenbelt,Greenbelt,metro-manila
jin ju k foods,Jin-Ju K Foods,robinsons,robinsons-tagum,Robinsons Place Tagum,mindanao
jipan,JIPAN,ayala,ayala-glorietta,Glorietta,metro-manila
jipan cafe,Jipan Cafe,ortigas,estancia,Estancia,metro-manila
jisu life,Jisu Life,filinvest,festival-mall,Festival Mall,metro-manila
jiyu wellness,JIYU WELLNESS,sm,sm-city-fairview,SM City Fairview,metro-manila
jjampponggwan,JJAMPPONGGWAN,megaworld,venice-grand-canal-mall,Venice Grand Canal Mall,
jng mobile phone repair services,JNG MOBILE PHONE REPAIR SERVICES,sm,sm-city-batangas,SM City Batangas,south-luzon
jo frango piri piri,JO FRANGO PIRI PIRI,ayala,ayala-marquee,MarQuee Mall,north-luzon
joachims steamstick,JOACHIMS STEAMSTICK,sm,sm-city-roxas,SM City Roxas,visayas
joans jewelry shop,Joan's Jewelry Shop,robinsons,robinsons-tuguegarao,Robinsons Place Tuguegarao,north-luzon
jollibee auto sonix watch store,Jollibee Auto Sonix Watch Store,xentro,xentro-mall-calapan,XentroMall Calapan,
jollibee mini gem exhibit,JOLLIBEE MINI GEM EXHIBIT (29),xentro,montalban-town-center,Montalban Town Center,
jollibee stockroom,JOLLIBEE STOCKROOM,xentro,montalban-town-center,Montalban Town Center,
jolos barbershop,Jolo's Barbershop,waltermart,muntinlupa,WalterMart Muntinlupa,metro-manila
jolyns enterprise,JOLYN'S ENTERPRISE (NEW),robinsons,robinsons-angeles,Robinsons Angeles,north-luzon
jonaima footwear,Jonaima Footwear,robinsons,robinsons-novaliches,Robinsons Novaliches,metro-manila
jonaina footwear dingding mobile,JONAINA FOOTWEAR Dingding Mobile,xentro,montalban-town-center,Montalban Town Center,
jonaina footwear skk mobile,JONAINA FOOTWEAR SKK Mobile,xentro,montalban-town-center,Montalban Town Center,
joneco tech,Joneco Tech,filinvest,dumaguete,Filinvest Malls Dumaguete,visayas
joniel s,Joniel\'s,gmall,gmall-of-tagum,GMall of Tagum,mindanao
joniels cake and pastries,JONIEL'S CAKE AND PASTRIES,robinsons,robinsons-tagum,Robinsons Place Tagum,mindanao
jonies,JONIE'S,ayala,ayala-center-cebu,Ayala Center Cebu,visayas
jons lechon house,jon's lechon house,robinsons,robinsons-imus,Robinsons Place Imus,south-luzon
jorainah footwear rcbc,JORAINAH FOOTWEAR (Dresses) RCBC,xentro,montalban-town-center,Montalban Town Center,
jorainah footwear smart communications,JORAINAH FOOTWEAR SMART COMMUNICATIONS,xentro,montalban-town-center,Montalban Town Center,
jollibee 0927 251 7 673,JOLLIBEE 0927-251-7 673 (NEW),robinsons,robinsons-starmills,Robinsons Starmills,north-luzon
jollibee 0918 907 5260,JOLLIBEE 0918-907-5260,robinsons,robinsons-cybergate-cebu,Robinsons Cybergate Cebu,visayas
jojies painitan central 0916 343 5064,JOJIE'S PAINITAN CENTRAL 0916-343-5064,robinsons,robinsons-cybergate-cebu,Robinsons Cybergate Cebu,visayas
john and mae key duplication,JOHN AND MAE KEY DUPLICATION,robinsons,robinsons-valencia,Robinsons Place Valencia,mindanao
joaqui and jacqui cellphone accessories repair,Joaqui and Jacqui Cellphone Accessories Repair,megaworld,festive-walk-mall-iloilo,Festive Walk Mall,
jockey satellite,Jockey Satellite,filinvest,festival-mall,Festival Mall,metro-manila
joel yu 0917 328 0823 0916 620 1271,Joel Yu 0917-328-0823/0916-620-1271,robinsons,robinsons-cybergate-cebu,Robinsons Cybergate Cebu,visayas
joeys restaurant cafe,JOEYS RESTAURANT CAFE,sm,sm-megacenter-cabanatuan,SM Megacenter Cabanatuan,north-luzon
johans pet hub,JOHAN’S PET HUB,ayala,ayala-the-district-dasmarinas,The District Dasmarinas,south-luzon
john & rj cellphone,John & RJ Cellphone,robinsons,robinsons-los-banos,Robinsons Town Mall Los Banos,south-luzon
john briann,John Briann,robinsons,robinsons-manila,Robinsons Place Manila,metro-manila
johnyee campsite,JOHNYEE CAMPSITE,ayala,ayala-feliz,Ayala Malls Feliz,metro-manila
john carl com general merchandise ca exhibits,JOHN CARL COM GENERAL MERCHANDISE CA EXHIBITS ( PROPERTY PRO ),xentro,montalban-town-center,Montalban Town Center,
john lemon 0977 065 5700,JOHN LEMON 0977-065-5700,robinsons,robinsons-cybergate-cebu,Robinsons Cybergate Cebu,visayas
johnica musical instruments,JOHNICA MUSICAL INSTRUMENTS (NEW),robinsons,robinsons-iloilo,Robinsons Place Iloilo,visayas
johnnys pizza,JOHNNY'S PIZZA,sm,sm-city-bacolod,SM City Bacolod,visayas
johnri trading,Johnri Trading,fishermall,quezonave,Fisher Mall Quezon Avenue,metro-manila
johnsons fitness & wellness,Johnsons Fitness & Wellness,ortigas,estancia,Estancia,metro-manila
kai neo restaurant,KAI NEO RESTAURANT,ayala,ayala-greenbelt,Greenbelt,metro-manila
kain,KAIN,robinsons,robinsons-manila,Robinsons Place Manila,metro-manila
kitchen by the coffee bean tea leaf,KITCHEN BY THE COFFEE BEAN TEA LEAF,sm,sm-city-santa-rosa,SM City Santa Rosa,south-luzon
kiddie carts,KIDDIE CARTS,sm,sm-city-general-santos,SM City General Santos,mindanao
kiddie funland,Kiddie Funland,robinsons,robinsons-tacloban,Robinsons Place Tacloban,visayas
kiddie patrol ride,KIDDIE PATROL RIDE,robinsons,robinsons-tuguegarao,Robinsons Place Tuguegarao,north-luzon
kiddie ride,KIDDIE RIDE,robinsons,robinsons-ilocos,Robinsons Place Ilocos,north-luzon
kiddie rides,KIDDIE RIDES,robinsons,robinsons-starmills,Robinsons Starmills,north-luzon
kiddie trampoline,KIDDIE TRAMPOLINE,xentro,xentro-mall-roxas,XentroMall Roxas,
kiddies magic funplay,KIDDIES MAGIC FUNPLAY,sm,sm-city-fairview,SM City Fairview,metro-manila
kiddos playground,KIDDOS PLAYGROUND,robinsons,robinsons-ilocos,Robinsons Place Ilocos,north-luzon
kids adventure zooffari,Kids Adventure / Zooffari,gmall,gmall-of-tagum,GMall of Tagum,mindanao
kids at play,Kids at Play,robinsons,robinsons-antipolo,Robinsons Place Antipolo,metro-manila
kids at play kiddiezone,KIDS AT PLAY KIDDIEZONE,sm,sm-city-east-ortigas,SM City East Ortigas,metro-manila
kids ink,KIDS INK,ayala,ayala-trinoma,Trinoma,metro-manila
kids paradise 9101147695,Kids Paradise 9101147695,robinsons,robinsons-santiago,Robinsons Place Santiago,north-luzon
kids playtown,KIDS PLAYTOWN,robinsons,robinsons-tuguegarao,Robinsons Place Tuguegarao,north-luzon
kids venue art play center,KIDS VENUE ART PLAY CENTER,sm,sm-megacenter-cabanatuan,SM Megacenter Cabanatuan,north-luzon
kidsneyland play center,KIDSNEYLAND PLAY CENTER,ayala,ayala-marikina,Ayala Malls Marikina,metro-manila
kiddie club,Kiddie Club,megaworld,lucky-chinatown-mall,Lucky Chinatown Mall,
kiddie animal ride,KIDDIE ANIMAL RIDE,robinsons,robinsons-tuguegarao,Robinsons Place Tuguegarao,north-luzon
kevlo,KEVLO,ayala,ayala-malls-central-bloc,Ayala Malls Central Bloc,visayas
kid zone,KID ZONE,ayala,ayala-abreeza,Abreeza,mindanao
key coffee kissaten,KEY COFFEE KISSATEN,robinsons,opus,Opus Mall,metro-manila
key express,KEY EXPRESS,sm,sm-city-sta-mesa,SM City Sta. Mesa,metro-manila
keyphone cellphone and accessories shop,Keyphone Cellphone and Accessories Shop,robinsons,robinsons-starmills,Robinsons Starmills,north-luzon
keys roast firefly,KEYS ROAST FIREFLY,xentro,xentro-mall-lemery,XentroMall Lemery,
keys unlimited and watch repair,KEYS UNLIMITED AND WATCH REPAIR,robinsons,robinsons-tuguegarao,Robinsons Place Tuguegarao,north-luzon
kfc 0917 798 8291,KFC 0917-798-8291,robinsons,robinsons-angeles,Robinsons Angeles,north-luzon
kg lcd and battery,Kg Lcd And Battery,filinvest,festival-mall,Festival Mall,metro-manila
khai asia pearl,Khai Asia Pearl,ortigas,greenhills,Greenhills,metro-manila
khay jewelry,Khay Jewelry,robinsons,robinsons-ilocos,Robinsons Place Ilocos,north-luzon
khay kiddie playhouse,KHAY KIDDIE PLAYHOUSE,robinsons,robinsons-ilocos,Robinsons Place Ilocos,north-luzon
khua thai,Khua Thai,filinvest,festival-mall,Festival Mall,metro-manila
khumbu enterprises inc,"KHUMBU ENTERPRISES, INC.",xentro,ab-central,Ab Central,
khun thai tea,KHUN THAI TEA,sm,sm-mall-of-asia,SM Mall of Asia,metro-manila
kicks factory,KICKS FACTORY,ayala,ayala-centrio,Centrio Mall,mindanao
kid n around,Kid n around,robinsons,galleria-south,Robinsons Galleria South,south-luzon
kidventure,Kidventure,ortigas,estancia,Estancia,metro-manila
kidvincible theraphy and learning center,Kidvincible Theraphy And Learning Center,filinvest,main-square,Main Square,south-luzon
kidz play,KIDZ@PLAY,robinsons,robinsons-santiago,Robinsons Place Santiago,north-luzon
kidzia kiddie playground,KIDZIA KIDDIE PLAYGROUND,sm,sm-city-san-fernando-downtown,SM City San Fernando Downtown,north-luzon
kings pasalubong,KING'S PASALUBONG,robinsons,robinsons-palawan,Robinsons Place Palawan,south-luzon
kings road veterinary clinic,KING'S ROAD VETERINARY CLINIC,ayala,ayala-the-district-imus,The District Imus,south-luzon
kingsmen,Kingsmen,filinvest,festival-mall,Festival Mall,metro-manila
kingsmen bespoke,KINGSMEN BESPOKE,sm,the-podium,The Podium,metro-manila
kio sk,KIO SK,robinsons,robinsons-pagadian,Robinsons Pagadian,mindanao
kipps chicken,KIPPS CHICKEN,sm,sm-southmall,SM Southmall,metro-manila
kirby telecom,KIRBY TELECOM,xentro,sta-ana-public-market,Sta Ana Public Market,
kirks house of desserts,KIRKS HOUSE OF DESSERTS,sm,sm-city-butuan,SM City Butuan,mindanao
kirmz b hub,Kirm'Z B Hub,waltermart,candelaria,WalterMart Candelaria,south-luzon
kirti telecom,Kirti Telecom,gmall,gmall-of-davao,GMall of Davao,mindanao
kisan lu,KISAN LU,sm,sm-city-davao,SM City Davao,mindanao
kisan lu lands,Kisan Lu Lands,gmall,gmall-of-davao,GMall of Davao,mindanao
kit,KIT,ortigas,estancia,Estancia,metro-manila
kit keeping it together,KIT - KEEPING IT TOGETHER,ayala,ayala-up-town-center,U. P. Town Center,metro-manila
kitchen by the coffee bean & tea leaf,Kitchen by The Coffee Bean & Tea Leaf,megaworld,newport-city,Newport City,
kings cup blends,King's Cup Blends,robinsons,robinsons-gentrias,Robinsons Place Gen. Trias,south-luzon
kings chicharon,KING'S CHICHARON,robinsons,robinsons-palawan,Robinsons Place Palawan,south-luzon
king kababs shawarma,KING KABAB'S SHAWARMA,xentro,xentro-mall-san-andres,XentroMall San Andres,
kimizia,KIMIZIA,robinsons,robinsons-novaliches,Robinsons Novaliches,metro-manila
kikai hair salon,KIKAI HAIR SALON,sm,sm-center-lemery,SM Center Lemery,south-luzon
kilometer five car care center,KILOMETER FIVE CAR CARE CENTER,ayala,ayala-pavilion,Pavilion Mall,south-luzon
kim alvin petshop,Kim Alvin Petshop,ortigas,tiendesitas,Tiendesitas,metro-manila
kimbap,KImbap,robinsons,robinsons-dasmarinas,Robinsons Place Dasmarinas,south-luzon
kimbap & bulgogi,KIMBAP & BULGOGI,ayala,ayala-market-market,Market! Market!,metro-manila
kimi,KIMI,ayala,ayala-market-market,Market! Market!,metro-manila
kims silver,KIM'S SILVER,xentro,xentro-mall-lemery,XentroMall Lemery,
king kabab shawarma,KING KABAB SHAWARMA,xentro,xentro-mall-calapan,XentroMall Calapan,
kimseamixx food haus,KIMSEAMIXX FOOD HAUS,sm,sm-city-manila,SM City Manila,metro-manila
kinder space,Kinder Space,megaworld,san-lorenzo-place-mall,San Lorenzo Place Mall,
kinder space playgroup tutorial center,KINDER SPACE PLAYGROUP TUTORIAL CENTER,sm,smdc-strip-at-grass,SMDC Strip at Grass,smdc
king bee,KING BEE,sm,sm-city-masinag,SM City Masinag,metro-manila
king chefs seafood restaurant,King Chef's Seafood Restaurant,megaworld,lucky-chinatown-mall,Lucky Chinatown Mall,
king deli,KING DELI,ayala,ayala-cloverleaf,Ayala Malls Cloverleaf,metro-manila
key cards,Key Cards,fishermall,quezonave,Fisher Mall Quezon Avenue,metro-manila
kevins toys and library,Kevin's Toys and Library,robinsons,robinsons-roxas,Robinsons Place Roxas,visayas
kaiser medical clinic,Kaiser Medical Clinic,robinsons,robinsons-manila,Robinsons Place Manila,metro-manila
kape ilokano,KAPE ILOKANO,sm,smdc-strip-at-trees,SMDC Strip at Trees,smdc
kappu poteto,KAPPU POTET’O,sm,sm-city-trece-martires,SM City Trece Martires,south-luzon
karat gold,KARAT GOLD,sm,sm-megamall,SM Megamall,metro-manila
karayama,KARAYAMA,sm,sm-city-north-edsa,SM City North Edsa,metro-manila
kardmoto,KARDMOTO,sm,sm-city-marilao,SM City Marilao,north-luzon
kare,KARE,sm,the-podium,The Podium,metro-manila
kare 9989557029,KARE 9989557029,robinsons,robinsons-magnolia,Robinsons Magnolia,metro-manila
karels canes,KARELS CANES,xentro,xentro-mall-cabagan,XentroMall Cabagan,
karen and jay cellphone and accessories,KAREN AND JAY CELLPHONE AND ACCESSORIES,robinsons,robinsons-tagum,Robinsons Place Tagum,mindanao
kart adventure,Kart Adventure,gmall,gmall-of-tagum,GMall of Tagum,mindanao
karuizawa shirt,KARUIZAWA SHIRT,ayala,ayala-one-bonifacio-high-street,One Bonifacio High Street,metro-manila
kashieca 9913318650,Kashieca 9913318650,robinsons,robinsons-magnolia,Robinsons Magnolia,metro-manila
kata dental center matheaus food stall bentelog,KATA DENTAL CENTER MATHEAU’S FOOD STALL/ BENTELOG,xentro,tanay-town-center,Tanay Town Center,
katamino express repair,KATAMINO (TEEZONE) EXPRESS REPAIR (M. Lazo Cellphone Accessories and Repair Clinic),xentro,xentro-mall-lemery,XentroMall Lemery,
kate spade,KATE SPADE,ayala,ayala-greenbelt,Greenbelt,metro-manila
katinko 9171160321,KATINKO 9171160321,robinsons,robinsons-magnolia,Robinsons Magnolia,metro-manila
kape pot,KAPE POT,sm,sm-city-pampanga,SM City Pampanga,north-luzon
kao day & night club,KAO Day & Night Club,megaworld,newport-city,Newport City,
kettle lorn,KETTLE LORN,robinsons,robinsons-tagum,Robinsons Place Tagum,mindanao
kanlungan cafe,KANLUNGAN CAFE,sm,sm-city-trece-martires,SM City Trece Martires,south-luzon
kaitenyaki,KAITENYAKI,sm,sm-city-sucat,SM City Sucat,metro-manila
kaitenyaki japanese dessert,KAITENYAKI JAPANESE DESSERT,robinsons,robinsons-las-pinas,Robinsons Place Las Pinas,metro-manila
kaizen,KAIZEN (Exhibit),robinsons,robinsons-metro-east,Robinsons Metro East,metro-manila
kaizen exhibit,KAIZEN EXHIBIT,robinsons,robinsons-metro-east,Robinsons Metro East,metro-manila
kakanin ni jillian,KAKANIN NI JILLIAN,robinsons,robinsons-palawan,Robinsons Place Palawan,south-luzon
kakaninja,KAKANINJA,sm,sm-city-tuguegarao,SM City Tuguegarao,north-luzon
kakao optical,KAKAO OPTICAL,sm,sm-city-fairview,SM City Fairview,metro-manila
kakka dairy bar,KAKKA DAIRY BAR,ayala,ayala-center-cebu,Ayala Center Cebu,visayas
kambal pandesal,KAMBAL PANDESAL,sm,smdc-strip-at-sea,SMDC Strip at Sea,smdc
kamina boutique,Kamina Boutique,robinsons,robinsons-dasmarinas,Robinsons Place Dasmarinas,south-luzon
kamir,KAMIR,sm,sm-city-clark,SM City Clark,north-luzon
kamote ni juan,Kamote ni Juan,robinsons,robinsons-galleria-ortigas,Robinsons Galleria,metro-manila
kanegosyo center by cebuana lhuillier,KANEGOSYO CENTER BY CEBUANA LHUILLIER,sm,sm-cherry-antipolo,SM Center Antipolo Downtown,metro-manila
kang ho dong 678,KANG HO-DONG 678,sm,sm-by-the-bay,SM By the Bay,metro-manila
kangkong chips original,KANGKONG CHIPS ORIGINAL,sm,sm-center-las-pinas,SM Center Las Piñas,metro-manila
katrina,Katrina,ortigas,greenhills,Greenhills,metro-manila
kawa ramen,Kawa Ramen,megaworld,venice-grand-canal-mall,Venice Grand Canal Mall,
kawai fashion eye wear center bainor cellphone repair and gadget,KAWAI FASHION EYE WEAR CENTER BAINOR CELLPHONE REPAIR AND GADGET,xentro,montalban-town-center,Montalban Town Center,
kawaiice,KAWAIICE,robinsons,robinsons-galleria-ortigas,Robinsons Galleria,metro-manila
kenneth gold bainor slippers,KENNETH GOLD BAINOR SLIPPERS,xentro,montalban-town-center,Montalban Town Center,
kennny rogers,KENNNY ROGERS,robinsons,robinsons-pagadian,Robinsons Pagadian,mindanao
kenny rogers 8961 5773 09175966342,Kenny Rogers (02) 8961-5773 / 09175966342,robinsons,robinsons-magnolia,Robinsons Magnolia,metro-manila
kenshayne food cart,Kenshayne Food Cart,robinsons,robinsons-pavia,Robinsons Place Pavia,visayas
kenshin,KENSHIN,sm,smdc-light-mall,SMDC Light Mall,smdc
kenshin japanese izakaya restaurant,KENSHIN JAPANESE IZAKAYA RESTAURANT,sm,sm-southmall,SM Southmall,metro-manila
kentucky fried chicken,Kentucky Fried Chicken (kfc),filinvest,festival-mall,Festival Mall,metro-manila
kenzo,KENZO,ayala,ayala-greenbelt,Greenbelt,metro-manila
keopi,KEOPI,robinsons,robinsons-pagadian,Robinsons Pagadian,mindanao
keralty tophealth,KERALTY TOPHEALTH,sm,sm-city-san-lazaro,SM City San Lazaro,metro-manila
kerastase prestige salon,KERASTASE PRESTIGE SALON,sm,sm-aura,SM Aura,metro-manila
kessel lutong bahay,Kessel Lutong Bahay,filinvest,main-square,Main Square,south-luzon
kettle,Kettle,ortigas,greenhills,Greenhills,metro-manila
kettle korn 9687514655,Kettle Korn 9687514655,robinsons,robinsons-dumaguete,Robinsons Place Dumaguete,visayas
kettle korn pop n mix,KETTLE KORN POP N MIX,sm,sm-mall-of-asia,SM Mall of Asia,metro-manila
kenneth cole,KENNETH COLE,sm,sm-mall-of-asia,SM Mall of Asia,metro-manila
kenko naicha tea lounge,KENKO NAICHA TEA LOUNGE,ayala,ayala-centrio,Centrio Mall,mindanao
kenjies takoyaki,KENJIE'S TAKOYAKI,robinsons,robinsons-santiago,Robinsons Place Santiago,north-luzon
kct shop,KCT Shop,megaworld,southwoods-mall,Southwoods Mall,
kaya korean restaurant,Kaya Korean Restaurant,robinsons,robinsons-magnolia,Robinsons Magnolia,metro-manila
kaya restaurant,KAYA RESTAURANT,ayala,ayala-glorietta,Glorietta,metro-manila
kaysan bar & restaurant 0905 420 2668,KAYSAN BAR & RESTAURANT 0905 420 2668,robinsons,robinsons-sta-rosa,Robinsons Sta. Rosa,south-luzon
kazemi skin face body,KAZEMI SKIN.FACE.BODY,ayala,ayala-glorietta,Glorietta,metro-manila
kc kiddie carts,KC KIDDIE CARTS,sm,sm-city-pampanga,SM City Pampanga,north-luzon
kcp pizza,KCP PIZZA,sm,sm-by-the-bay,SM By the Bay,metro-manila
kebabulous,KEBABULOUS,sm,sm-cdo-downtown,SM CDO Downtown Premier,mindanao
keneth gold & silver jewelry store yaacob masigay cp,KENETH GOLD & SILVER JEWELRY STORE YAACOB MASIGAY CP,xentro,tanay-town-center,Tanay Town Center,
kee wah bakery,KEE WAH BAKERY,sm,s-maison,S Maison,metro-manila
kee wah bakery 9167469952,Kee Wah Bakery 9167469952,robinsons,robinsons-magnolia,Robinsons Magnolia,metro-manila
kellie trinket,KELLIE TRINKET,waltermart,taytay,WalterMart Taytay,metro-manila
kelseys cafe & restaurant,Kelsey's Cafe & Restaurant,robinsons,robinsons-iligan,Robinsons Place Iligan,mindanao
kemans,Keman's,robinsons,robinsons-tagum,Robinsons Place Tagum,mindanao
kenangan coffee,KENANGAN COFFEE,sm,sm-city-east-ortigas,SM City East Ortigas,metro-manila
lighters galore 9393843029,Lighters Galore 9393843029,robinsons,robinsons-magnolia,Robinsons Magnolia,metro-manila
lighters galore 9429565643,Lighter's Galore 9429565643,robinsons,robinsons-dumaguete,Robinsons Place Dumaguete,visayas
lil orbits 0942 240 1066,LIL' ORBITS 0942-240-1066,robinsons,robinsons-pangasinan,Robinsons Place Pangasinan,north-luzon
maxicare primary care center 0917 848 6366,Maxicare Primary Care Center 0917-848-6366,robinsons,robinsons-cybergate-cebu,Robinsons Cybergate Cebu,visayas
maximum power smile dental,Maximum Power Smile Dental,robinsons,robinsons-galleria-ortigas,Robinsons Galleria,metro-manila
maxs chicken,Max's Chicken,robinsons,robinsons-valencia,Robinsons Place Valencia,mindanao
may abohan,May Abohan,gmall,gmall-of-digos,GMall of Digos,mindanao
mayet dela rosa jewelry,Mayet Dela Rosa Jewelry,robinsons,robinsons-starmills,Robinsons Starmills,north-luzon
mayon clinical laboratory medical services,MAYON CLINICAL LABORATORY MEDICAL SERVICES,sm,smdc-mplace-mall,SMDC Mplace Mall,smdc
mayongs bakeshop & snackhouse,Mayong's Bakeshop & Snackhouse,robinsons,robinsons-ormoc,Robinsons Place Ormoc,visayas
mayongs bakeshop snackhouse,MAYONGS BAKESHOP SNACKHOUSE,sm,sm-center-ormoc,SM Center Ormoc,visayas
maytech,Maytech,filinvest,festival-mall,Festival Mall,metro-manila
mazza,Mazza,megaworld,eastwood-city-walk,Eastwood City Walk,
mb life,MB Life,megaworld,lucky-chinatown-prosperity-wing,Lucky Chinatown - Prosperity Wing,
mb petgrooming pet shop,MB PETGROOMING PET SHOP,robinsons,robinsons-novaliches,Robinsons Novaliches,metro-manila
mbt fashion,MBT Fashion,robinsons,robinsons-ilocos,Robinsons Place Ilocos,north-luzon
mc donald s,Mc Donald\'s,gmall,gmall-of-tagum,GMall of Tagum,mindanao
mc donalds 2nd flr,MC DONALDS 2nd flr,xentro,xentro-mall-santiago,XentroMall Santiago,
mc donalds blue point,MC DONALDS BLUE POINT,xentro,xentro-mall-lemery,XentroMall Lemery,
maxicollector,Maxicollector,ortigas,greenhills,Greenhills,metro-manila
maxicare 7798 7739,MAXICARE ((02) 7798-7739),robinsons,robinsons-metro-east,Robinsons Metro East,metro-manila
masters key retail opc,MASTERS KEY RETAIL OPC,sm,sm-city-rosario,SM City Rosario,south-luzon
maxi care,MAXI CARE,robinsons,galleria-south,Robinsons Galleria South,south-luzon
matcha mama,Matcha Mama,ortigas,greenhills,Greenhills,metro-manila
matcha super,Matcha Super,ortigas,greenhills,Greenhills,metro-manila
matchadachi,Matchadachi,robinsons,robinsons-malolos,Robinsons Place Malolos,north-luzon
matees soft serve ice cream & frozen yogurt,MATEE'S SOFT SERVE ICE CREAM & FROZEN YOGURT,robinsons,robinsons-lipa,Robinsons Place Lipa,south-luzon
mathe magis,Mathe Magis,ortigas,greenhills,Greenhills,metro-manila
mathilda,MATHILDA,xentro,xentro-mall-santiago,XentroMall Santiago,
mats donut,MAT'S DONUT,sm,sm-center-pulilan,SM Center Pulilan,north-luzon
matt health and beauty shop,MATT HEALTH AND BEAUTY SHOP,xentro,balagtas-town-center,Balagtas Town Center,
mauarte fashion accessories shop,MAUARTE FASHION ACCESSORIES SHOP,fishermall,malabon,Fisher Mall Malabon,metro-manila
maurizios,MAURIZIOS,sm,sm-city-mindpro,SM City Mindpro,mindanao
mauros grille restaurant,MAURO'S GRILLE RESTAURANT,sm,sm-city-fairview,SM City Fairview,metro-manila
max mara,MAX MARA,ayala,ayala-greenbelt,Greenbelt,metro-manila
max n case,Max n Case,robinsons,robinsons-valencia,Robinsons Place Valencia,mindanao
max rider,MAX RIDER,sm,sm-seaside-city-cebu,SM Seaside City Cebu,visayas
max wax,Max Wax,robinsons,robinsons-magnolia,Robinsons Magnolia,metro-manila
mc donalds dessert kiosk funhouses corporation 2,MC DONALD'S DESSERT KIOSK FUNHOUSES CORPORATION 2,xentro,tanay-town-center,Tanay Town Center,
mc donalds dessert station,Mc Donald's Dessert Station,fishermall,quezonave,Fisher Mall Quezon Avenue,metro-manila
mc donalds kiosk,MC DONALDS KIOSK,xentro,xentro-mall-santiago,XentroMall Santiago,
mc home depot,MC Home Depot,megaworld,uptown-parade,Uptown Parade,
md glow aesthetic and wellness clinic,MD GLOW AESTHETIC AND WELLNESS CLINIC,sm,sm-city-laoag,SM City Laoag,north-luzon
mda scent station,MDA SCENT STATION,sm,sm-city-north-edsa,SM City North Edsa,metro-manila
mdm cellphone and accessories shop,MDM CELLPHONE AND ACCESSORIES SHOP,robinsons,robinsons-novaliches,Robinsons Novaliches,metro-manila
mds consulting,MDS Consulting,robinsons,robinsons-dasmarinas,Robinsons Place Dasmarinas,south-luzon
me & my mom,Me & My Mom,robinsons,robinsons-tuguegarao,Robinsons Place Tuguegarao,north-luzon
me mobile stop and shop trading co,ME MOBILE STOP AND SHOP TRADING CO.,araneta,ali-mall,Ali Mall,metro-manila
me u gift shop,ME U GIFT SHOP,sm,sm-city-cebu,SM City Cebu,visayas
me&u,ME&U,robinsons,robinsons-manila,Robinsons Place Manila,metro-manila
meat depot,MEAT DEPOT,ayala,ayala-vertis,Ayala Malls Vertis North,metro-manila
meat me,Meat Me,megaworld,arcovia-city,Arcovia City,
meatogether 0917 657 4888,Meatogether 0917-657-4888,robinsons,robinsons-magnolia,Robinsons Magnolia,metro-manila
meatogether by tong yang,MEATOGETHER BY TONG YANG,sm,smdc-jazz-mall,SMDC Jazz Mall,smdc
meatsumo,MEATSUMO,sm,sm-city-valenzuela,SM City Valenzuela,metro-manila
medexcel healthcare,Medexcel Healthcare,robinsons,robinsons-malabon,Robinsons Town Mall Malabon,metro-manila
media box,MEDIA BOX,sm,sm-city-north-edsa,SM City North Edsa,metro-manila
md aesthetique,MD Aesthetique,ortigas,estancia,Estancia,metro-manila
mcs boutique,MC's Boutique,robinsons,robinsons-novaliches,Robinsons Novaliches,metro-manila
mcr dental,MCR Dental,megaworld,california-garden-square,California Garden Square,
mcdonalds dessert center and fries,MCDONALDS DESSERT CENTER AND FRIES,sm,sm-mall-of-asia,SM Mall of Asia,metro-manila
mc money changer,MC Money Changer,robinsons,robinsons-fuente,Robinsons Fuente,visayas
mc sports,MC SPORTS,sm,sm-city-tuguegarao,SM City Tuguegarao,north-luzon
mccoys pizza house,MCCOY'S PIZZA HOUSE,sm,sm-city-puerto-princesa,SM City Puerto Princesa,south-luzon
mcdonald s,McDonald\'s,gmall,gmall-of-davao,GMall of Davao,mindanao
mcdonalds 9686914110,Mcdonald's 9686914110,robinsons,robinsons-magnolia,Robinsons Magnolia,metro-manila
mcdonalds dessert and fries center,MCDONALDS DESSERT AND FRIES CENTER,starmall,san-jose-del-monte,Starmall San Jose del Monte,north-luzon
mcdonalds dessert counter,McDonald's Dessert Counter,megaworld,lucky-chinatown-prosperity-wing,Lucky Chinatown - Prosperity Wing,
mcm salon,MCM SALON,sm,sm-city-cagayan-de-oro,SM City CDO Uptown,mindanao
mcdonalds drive thru,MCDONALD'S DRIVE THRU,robinsons,robinsons-novaliches,Robinsons Novaliches,metro-manila
mcdonalds fries and sundae stand,Mcdonald's Fries and Sundae Stand,robinsons,robinsons-dasmarinas,Robinsons Place Dasmarinas,south-luzon
mcjim,Mcjim,robinsons,robinsons-magnolia,Robinsons Magnolia,metro-manila
mcjim leather gallery,McJim Leather Gallery,robinsons,robinsons-manila,Robinsons Place Manila,metro-manila
mckinley whisky park,McKinley Whisky Park,megaworld,mckinley-west,McKinley West,
mcl cebu dental wellness centre 0933 200 7932,MCL-Cebu Dental Wellness Centre 0933-200-7932,robinsons,robinsons-cybergate-cebu,Robinsons Cybergate Cebu,visayas
masy,MASY,robinsons,robinsons-novaliches,Robinsons Novaliches,metro-manila
master tan fried chicken,Master Tan Fried Chicken,megaworld,lucky-chinatown-imperial-wing,Lucky Chinatown - Imperial Wing,
mediaprint,Mediaprint,megaworld,venice-grand-canal-mall,Venice Grand Canal Mall,
marcella myx,MARCELLA MYX,ayala,ayala-feliz,Ayala Malls Feliz,metro-manila
marco pollo cafe,Marco Pollo Cafe,robinsons,robinsons-north-tacloban,Robinsons North Tacloban,visayas
marcos lugawan,MARCO'S LUGAWAN,sm,sm-center-pulilan,SM Center Pulilan,north-luzon
marcus pizza,MARCUS PIZZA,robinsons,robinsons-novaliches,Robinsons Novaliches,metro-manila
mardesh,MARDESH,robinsons,robinsons-gen-san,Robinsons Place GenSan,mindanao
mardoneys,MARDONEYS,sm,sm-city-cagayan-de-oro,SM City CDO Uptown,mindanao
margans news & magazines,MARGAN'S NEWS & MAGAZINES,ayala,ayala-abreeza,Abreeza,mindanao
margarette delicacies,MARGARETTE DELICACIES,xentro,xentro-mall-san-andres,XentroMall San Andres,
margies kitchen,MARGIES KITCHEN,sm,sm-city-butuan,SM City Butuan,mindanao
margots luxury boutique,Margot's Luxury Boutique,ortigas,greenhills,Greenhills,metro-manila
mariae souvenir and novelty shop,MARIAE SOUVENIR AND NOVELTY SHOP,sm,sm-city-naga,SM City Naga,south-luzon
marianas nails & lashes,MARIANA'S NAILS & LASHES (new),robinsons,robinsons-palawan,Robinsons Place Palawan,south-luzon
marie flower shop,MARIE FLOWER SHOP,sm,sm-city-naga,SM City Naga,south-luzon
marie t jose dental clinic,MARIE T JOSE DENTAL CLINIC,sm,sm-city-baguio,SM City Baguio,north-luzon
marina tuna,MARINA TUNA,sm,sm-lanang,SM Lanang,mindanao
marizzang,MariZzang,megaworld,uptown-mall,Uptown Mall,
marcianas palabok supreme and puto pandan,MARCIANAS PALABOK SUPREME AND PUTO PANDAN,sm,sm-city-fairview,SM City Fairview,metro-manila
marc santos,MARC SANTOS,xentro,ab-central,Ab Central,
master soimai,Master Soimai,robinsons,robinsons-naga,Robinsons Place Naga,south-luzon
marc by marc jacob,MARC BY MARC JACOB,ayala,ayala-greenbelt,Greenbelt,metro-manila
manjaru outdoors inc,MANJARU OUTDOORS INC.,starmall,edsa-shaw,Starmall EDSA-Shaw,metro-manila
manjos cafe,MANJOS CAFE,sm,sm-city-cagayan-de-oro,SM City CDO Uptown,mindanao
mann hann 8635 3951,Mann Hann 8635-3951,robinsons,robinsons-magnolia,Robinsons Magnolia,metro-manila
manna garden,MANNA GARDEN,sm,sm-lanang,SM Lanang,mindanao
manny and pie calayan clinic,Manny And Pie Calayan Clinic,filinvest,festival-mall,Festival Mall,metro-manila
mannys spices,Manny's Spices,robinsons,robinsons-bacolod,Robinsons Place Bacolod,visayas
manong samalamig,Manong Samalamig,robinsons,robinsons-santiago,Robinsons Place Santiago,north-luzon
mantaring,MANTARING,ayala,ayala-center-cebu,Ayala Center Cebu,visayas
manulife,Manulife,robinsons,robinsons-naga,Robinsons Place Naga,south-luzon
many unlimited topokki buffet,MANY UNLIMITED TOPOKKI BUFFET,sm,sm-city-north-edsa,SM City North Edsa,metro-manila
mapua malayan digital college,MAPUA-MALAYAN DIGITAL COLLEGE,ayala,ayala-capitol-central,Ayala Malls Capitol Central,visayas
maq barbershop,MAQ BARBERSHOP,sm,sm-city-iloilo,SM City Iloilo,visayas
mar fashion accessories,MAR FASHION ACCESSORIES,araneta,farmers-plaza,Farmers Plaza,metro-manila
mar sizzling hub,Mar Sizzling Hub,robinsons,robinsons-imus,Robinsons Place Imus,south-luzon
marc ann fashion collection,Marc Ann Fashion Collection,araneta,farmers-plaza,Farmers Plaza,metro-manila
marked unlock,Marked Unlock,waltermart,paniqui,WalterMart Paniqui,north-luzon
market finds,MARKET FINDS,ayala,ayala-marikina,Ayala Malls Marikina,metro-manila
market square,MARKET SQUARE,ayala,ayala-market-market,Market! Market!,metro-manila
markline,Markline,filinvest,festival-mall,Festival Mall,metro-manila
maryans photocopier,Maryan's Photocopier,robinsons,robinsons-galleria-cebu,Robinsons Galleria Cebu,visayas
marys gift collection,MARY'S GIFT COLLECTION,ayala,ayala-market-market,Market! Market!,metro-manila
masa food corner 9482764228,MASA FOOD CORNER 9482764228,robinsons,robinsons-butuan,Robinsons Place Butuan,mindanao
masatami shave ice,MASATAMI SHAVE ICE,sm,sm-mall-of-asia,SM Mall of Asia,metro-manila
mascot pets,MASCOT PETS,sm,sm-city-cebu,SM City Cebu,visayas
masil charcoal grill restaurant,MASIL CHARCOAL GRILL RESTAURANT,sm,sm-megamall,SM Megamall,metro-manila
massage to go,MASSAGE TO GO,robinsons,robinsons-tuguegarao,Robinsons Place Tuguegarao,north-luzon
massage venue,MASSAGE VENUE,ayala,ayala-market-market,Market! Market!,metro-manila
massimo dutti,MASSIMO DUTTI,ayala,ayala-greenbelt,Greenbelt,metro-manila
masskara chicken inasal,Masskara Chicken Inasal,megaworld,festive-walk-mall-iloilo,Festive Walk Mall,
master bong korean chicken,Master Bong Korean Chicken,gmall,gmall-of-davao,GMall of Davao,mindanao
master feng shui ang,MASTER FENG SHUI ANG,araneta,ali-mall,Ali Mall,metro-manila
master gawlu,Master Gawlu,robinsons,robinsons-malabon,Robinsons Town Mall Malabon,metro-manila
master siomai 505 2384,MASTER SIOMAI (+6332) 505-2384,robinsons,robinsons-cybergate-cebu,Robinsons Cybergate Cebu,visayas
master siomai mister donut,MASTER SIOMAI Mister Donut,xentro,montalban-town-center,Montalban Town Center,
mary pauline,Mary Pauline,robinsons,robinsons-dasmarinas,Robinsons Place Dasmarinas,south-luzon
mary grace cafe 9171172414,MARY GRACE CAFE 9171172414 (NEW),robinsons,robinsons-tagaytay,Robinsons Tagaytay,south-luzon
mary grace 0956 200 2544,MARY GRACE 0956-200-2544,robinsons,robinsons-pangasinan,Robinsons Place Pangasinan,north-luzon
marry me,MARRY ME,ayala,ayala-market-market,Market! Market!,metro-manila
marks pepper meal,MARKS PEPPER MEAL,sm,sm-city-consolacion,SM City Consolacion,visayas
marlea dental clinic,MARLEA DENTAL CLINIC,sm,sm-city-santa-rosa,SM City Santa Rosa,south-luzon
marlons creations salon,MARLONS CREATIONS SALON,ayala,ayala-abreeza,Abreeza,mindanao
marlyn verdad accessories ca exhibits,Marlyn Verdad accessories (9.20) CA EXHIBITS ( PROPERTY PRO ),xentro,montalban-town-center,Montalban Town Center,
marmon,Marmon,robinsons,robinsons-novaliches,Robinsons Novaliches,metro-manila
marquins,MARQUINS,araneta,ali-mall,Ali Mall,metro-manila
marshall driving school,MARSHALL DRIVING SCHOOL,sm,sm-city-trece-martires,SM City Trece Martires,south-luzon
marwhel,Marwhel,robinsons,robinsons-malabon,Robinsons Town Mall Malabon,metro-manila
marshi s yummy corn,Marshi\'s Yummy Corn,gmall,gmall-of-digos,GMall of Digos,mindanao
mart,The Mart,megaworld,mactan-newtown,Mactan Newtown,
martabak cafe,MARTABAK CAFE,sm,sm-mall-of-asia,SM Mall of Asia,metro-manila
martines churros corner toyota caravan,Martine's Churros Corner Toyota Caravan,xentro,xentro-mall-calapan,XentroMall Calapan,
maruca,Maruca,megaworld,newport-city,Newport City,
marugo takoyaki,MARUGO TAKOYAKI,robinsons,robinsons-tuguegarao,Robinsons Place Tuguegarao,north-luzon
media central,MEDIA CENTRAL,sm,sm-city-tarlac,SM City Tarlac,north-luzon
medicard clinic,Medicard Clinic,megaworld,festive-walk-parade,Festive Walk Parade,
manjaru mini gem exhibit,MANJARU MINI GEM Exhibit (#40),xentro,montalban-town-center,Montalban Town Center,
micu dentail clinic,MICU DENTAIL CLINIC,robinsons,robinsons-galleria-ortigas,Robinsons Galleria,metro-manila
mietubl philippines,MIETUBL PHILIPPINES,robinsons,robinsons-gapan,Robinsons Gapan,north-luzon
mighty hands,Mighty Hands,megaworld,southwoods-mall,Southwoods Mall,
miguelito ice cream,Miguelito' Ice Cream,robinsons,robinsons-valencia,Robinsons Place Valencia,mindanao
miguelitos avocado locco,MIGUELITO'S AVOCADO LOCCO,robinsons,galleria-south,Robinsons Galleria South,south-luzon
miguelitos diner,MIGUELITO'S DINER,robinsons,robinsons-antipolo,Robinsons Place Antipolo,metro-manila
miguelitoss ice cream,MIGUELITOS'S ICE CREAM,robinsons,robinsons-iligan,Robinsons Place Iligan,mindanao
mijj gadgets repair,MIJJ GADGETS REPAIR,sm,sm-city-pampanga,SM City Pampanga,north-luzon
mikana,Mikana,filinvest,festival-mall,Festival Mall,metro-manila
mikayla,MIKAYLA,sm,sm-city-molino,SM City Molino,south-luzon
mikhada takoyaki,MIKHADA TAKOYAKI,robinsons,robinsons-manila,Robinsons Place Manila,metro-manila
milagrosa restaurant,Milagrosa Restaurant,robinsons,robinsons-tuguegarao,Robinsons Place Tuguegarao,north-luzon
milano & design,Milano & Design,megaworld,uptown-mall,Uptown Mall,
milas pastries & snacks,MILA’S PASTRIES & SNACKS,ayala,ayala-capitol-central,Ayala Malls Capitol Central,visayas
milas pastries and snacks,MILAS PASTRIES AND SNACKS,sm,sm-city-bacolod,SM City Bacolod,visayas
milas tokwat baboy,MILA'S TOKWAT BABOY,sm,sm-city-clark,SM City Clark,north-luzon
midio,Midio,robinsons,robinsons-valencia,Robinsons Place Valencia,mindanao
microcadd,MICROCADD,sm,sm-city-north-edsa,SM City North Edsa,metro-manila
mey lin,MEY LIN,sm,sm-megamall,SM Megamall,metro-manila
micro gadget,Micro Gadget,gmall,gmall-of-davao,GMall of Davao,mindanao
mg,Mg,filinvest,festival-mall,Festival Mall,metro-manila
mg gateway,MG GATEWAY,robinsons,robinsons-butuan,Robinsons Place Butuan,mindanao
mg gateway south corp nissan,MG Gateway South Corp. / Nissan,gmall,gmall-of-tagum,GMall of Tagum,mindanao
mg gateway temporarily closed,MG Gateway TEMPORARILY CLOSED,robinsons,robinsons-dumaguete,Robinsons Place Dumaguete,visayas
mhelith bulalohan,Mhelith Bulalohan,robinsons,robinsons-novaliches,Robinsons Novaliches,metro-manila
mhels putobumbong,Mhel’s Putobumbong,robinsons,robinsons-iloilo,Robinsons Place Iloilo,visayas
mhinnie footwear,MHINNIE FOOTWEAR,robinsons,robinsons-novaliches,Robinsons Novaliches,metro-manila
mhj enterprise,MHJ ENTERPRISE,ayala,ayala-market-market,Market! Market!,metro-manila
mhk korean food,MHK KOREAN FOOD,robinsons,robinsons-north-tacloban,Robinsons North Tacloban,visayas
mi panda 0917 841 0027,MI PANDA 0917 841 0027,robinsons,robinsons-sta-rosa,Robinsons Sta. Rosa,south-luzon
mi service center,MI SERVICE CENTER,sm,sm-city-manila,SM City Manila,metro-manila
mia maison 9989235254,MIA MAISON 9989235254,robinsons,robinsons-magnolia,Robinsons Magnolia,metro-manila
michael kors,MICHAEL KORS,ayala,ayala-greenbelt,Greenbelt,metro-manila
michelles homemade,Michelle's Homemade,megaworld,lucky-chinatown-mall,Lucky Chinatown Mall,
micovidi,Micovidi,robinsons,robinsons-fuente,Robinsons Fuente,visayas
milchar s salon and spa,Milchar\'s Salon and Spa,gmall,gmall-of-digos,GMall of Digos,mindanao
miles cartruck,Miles Cartruck,robinsons,robinsons-lipa,Robinsons Place Lipa,south-luzon
milk cream,MILK CREAM,sm,sm-city-tuguegarao,SM City Tuguegarao,north-luzon
milk pot,MILK POT,sm,sm-city-laoag,SM City Laoag,north-luzon
mingoys paellas,MINGOY'S PAELLAS,sm,sm-southmall,SM Southmall,metro-manila
mini bites donuts,MINI BITES DONUTS,robinsons,robinsons-gentrias,Robinsons Place Gen. Trias,south-luzon
mini centro,MINI CENTRO,sm,sm-city-fairview,SM City Fairview,metro-manila
mini donuts,Mini Donuts,robinsons,robinsons-ilocos,Robinsons Place Ilocos,north-luzon
mini gem exhibit 2,MINI GEM EXHIBIT 2 (19),xentro,montalban-town-center,Montalban Town Center,
mini gem exhibit 3,MINI GEM EXHIBIT 3 (19),xentro,montalban-town-center,Montalban Town Center,
mini gem exhibit 31,MINI GEM EXHIBIT #31,xentro,montalban-town-center,Montalban Town Center,
mini gem exhibit jaitel fashion,MINI GEM EXHIBIT (2) JAITEL FASHION,xentro,montalban-town-center,Montalban Town Center,
mini gem exhibit mickquels toys and childrens wear,MINI GEM EXHIBIT (19) MICKQUELS TOYS AND CHILDREN'S WEAR,xentro,montalban-town-center,Montalban Town Center,
mini shabu shabu,MINI SHABU-SHABU,sm,sm-city-baguio,SM City Baguio,north-luzon
mini stop premiere development bank,MINI STOP PREMIERE DEVELOPMENT BANK,xentro,montalban-town-center,Montalban Town Center,
minicare gadget repair,MINICARE GADGET REPAIR,sm,sm-city-trece-martires,SM City Trece Martires,south-luzon
minigem exhibit,MINIGEM EXHIBIT (13),xentro,montalban-town-center,Montalban Town Center,
minlou,Minlou,filinvest,festival-mall,Festival Mall,metro-manila
minlou home,MINLOU HOME,araneta,ali-mall,Ali Mall,metro-manila
mingfu asian cuisine,Mingfu Asian Cuisine,robinsons,robinsons-galleria-cebu,Robinsons Galleria Cebu,visayas
mingas petron,Mingas - Petron,gmall,gmall-of-tagum,GMall of Tagum,mindanao
mined polished jewelry depot,MINED POLISHED JEWELRY DEPOT,sm,sm-city-baguio,SM City Baguio,north-luzon
mimis fashion,MIMIS FASHION,xentro,mall-of-the-valley,Mall Of The Valley,
milk qq,Milk QQ (Temporarily Closed),robinsons,robinsons-metro-east,Robinsons Metro East,metro-manila
milktea square,Milktea Square,robinsons,robinsons-sta-rosa,Robinsons Sta. Rosa,south-luzon
milky dangooo,MILKY DANGOOO,sm,sm-city-pampanga,SM City Pampanga,north-luzon
millenium trading,Millenium Trading,gmall,gmall-of-digos,GMall of Digos,mindanao
milleniumgen,Milleniumgen,gmall,gmall-of-davao,GMall of Davao,mindanao
mimiko,Mimiko,ortigas,greenhills,Greenhills,metro-manila
mimosa wellness,Mimosa Wellness,ortigas,estancia,Estancia,metro-manila
mindwerks the toy shop,Mindwerks The Toy Shop,filinvest,festival-mall,Festival Mall,metro-manila
minajens tapsihan,MinaJens Tapsihan,xentro,montalban-town-center,Montalban Town Center,
mind champs international preschool,MIND CHAMPS INTERNATIONAL PRESCHOOL,sm,s-maison,S Maison,metro-manila
mind werks,Mind Werks,fishermall,quezonave,Fisher Mall Quezon Avenue,metro-manila
mindanao basket,THE MINDANAO BASKET,sm,sm-city-cagayan-de-oro,SM City CDO Uptown,mindanao
mindanao gorilla auto detail,MINDANAO GORILLA AUTO DETAIL,sm,sm-lanang,SM Lanang,mindanao
mindpro supermarket,MINDPRO SUPERMARKET,sm,sm-city-mindpro,SM City Mindpro,mindanao
mf beauty secrets,MF BEAUTY SECRETS,sm,sm-city-sucat,SM City Sucat,metro-manila
mexita pizza,MEXITA PIZZA,sm,sm-city-legazpi,SM City Legazpi,south-luzon
medicard lifestyle center,Medicard Lifestyle Center,megaworld,uptown-mall,Uptown Mall,
meinas professional,Meinas Professional,ortigas,greenhills,Greenhills,metro-manila
meiying food & refreshment,Meiying Food & Refreshment,megaworld,lucky-chinatown-imperial-wing,Lucky Chinatown - Imperial Wing,
mejico skin facial & day spa manjaru,Mejico Skin Facial & Day Spa MANJARU,xentro,xentro-mall-calapan,XentroMall Calapan,
mele marie,MELE + MARIE,sm,s-maison,S Maison,metro-manila
melirose,Melirose,ortigas,greenhills,Greenhills,metro-manila
melissa clube,MELISSA CLUBE,robinsons,robinsons-manila,Robinsons Place Manila,metro-manila
melonpan ice,MELONPAN ICE,sm,sm-mall-of-asia,SM Mall of Asia,metro-manila
melos,Melo's,megaworld,forbes-town,Forbes Town,
melrose boardshop,MELROSE BOARDSHOP,sm,sm-seaside-city-cebu,SM Seaside City Cebu,visayas
melyn skincare body spa,MELYN SKINCARE BODY SPA,sm,sm-city-novaliches,SM City Novaliches,metro-manila
memo express cp,MEMO EXPRESS CP,xentro,xentro-mall-santiago,XentroMall Santiago,
memoxpress ey,"MEMOXPRESS, EY",xentro,xentro-mall-cabagan,XentroMall Cabagan,
men in blooms,MEN IN BLOOMS,ayala,ayala-market-market,Market! Market!,metro-manila
mendez,Mendez,gmall,gmall-of-tagum,GMall of Tagum,mindanao
mendokoro ramenba,MENDOKORO RAMENBA,sm,moa-square,MOA Square,metro-manila
mendrez temporarily closed,Mendrez TEMPORARILY CLOSED,robinsons,robinsons-manila,Robinsons Place Manila,metro-manila
meinas scalp treatment center,MEINAS SCALP TREATMENT CENTER,sm,sm-city-north-edsa,SM City North Edsa,metro-manila
mei lin,MEI LIN,sm,smdc-jazz-mall,SMDC Jazz Mall,smdc
mexikanto,Mexikanto,robinsons,robinsons-galleria-ortigas,Robinsons Galleria,metro-manila
megaworld showroom,Megaworld Showroom,megaworld,three-central,Three Central Mall,
medico global,Medico Global,ortigas,greenhills,Greenhills,metro-manila
medispa,MEDISPA,sm,sm-city-mindpro,SM City Mindpro,mindanao
medley modern mediterranean,MEDLEY MODERN MEDITERRANEAN,ayala,ayala-bonifacio-high-street,Bonifacio High Street,metro-manila
meet fresh 9177123701,Meet Fresh 9177123701,robinsons,robinsons-magnolia,Robinsons Magnolia,metro-manila
meet your ribs,MEET YOUR RIBS,sm,sm-city-olongapo-central,SM City Olongapo Central,north-luzon
meg,Meg,ortigas,greenhills,Greenhills,metro-manila
mega cellular,MEGA CELLULAR,ayala,ayala-market-market,Market! Market!,metro-manila
mega cellular network,Mega Cellular Network,filinvest,festival-mall,Festival Mall,metro-manila
mega fitness center,MEGA FITNESS CENTER,sm,sm-city-mindpro,SM City Mindpro,mindanao
mega one,MEGA ONE,robinsons,robinsons-manila,Robinsons Place Manila,metro-manila
megabit,Megabit,robinsons,robinsons-antique,Robinsons Place Antique,visayas
megamelt,MEGAMELT,sm,sm-city-novaliches,SM City Novaliches,metro-manila
megatech,MEGATECH,xentro,xentro-mall-santiago,XentroMall Santiago,
megaworld platinum,Megaworld Platinum,megaworld,newport-city,Newport City,
megaworld prime office,Megaworld Prime Office,megaworld,eastwood-city-walk,Eastwood City Walk,
menel angelu foods robinsons dept exhibit,MENEL ANGELU FOODS ( ANGELU MIXED RICE ) ROBINSONS DEPT. EXHIBIT,xentro,xentro-mall-calapan,XentroMall Calapan,
mens depot by davids,Men's Depot by David's,ortigas,greenhills,Greenhills,metro-manila
mentore coffee bar,MENTORE COFFEE BAR,ayala,ayala-glorietta,Glorietta,metro-manila
menya kokoro,Menya Kokoro,megaworld,uptown-mall,Uptown Mall,
mesa steak sizzlers,MESA STEAK SIZZLERS,ayala,ayala-trinoma,Trinoma,metro-manila
message sent,Message Sent,ortigas,greenhills,Greenhills,metro-manila
messiah,Messiah,ortigas,greenhills,Greenhills,metro-manila
metanoia christian ministries,METANOIA CHRISTIAN MINISTRIES,ayala,ayala-the-30th,Ayala Malls The 30th,metro-manila
metro dept,METRO DEPT.,xentro,northstar-mall,Northstar Mall,
metro rapid transit service inc,METRO RAPID TRANSIT SERVICE INC,sm,sm-seaside-city-cebu,SM Seaside City Cebu,visayas
metro sanitas keralty,Metro Sanitas / Keralty,filinvest,festival-mall,Festival Mall,metro-manila
metro star department store,METRO STAR DEPARTMENT STORE,xentro,montalban-town-center,Montalban Town Center,
metro wanderer travel services,METRO WANDERER TRAVEL SERVICES,sm,sm-city-masinag,SM City Masinag,metro-manila
metrofone,Metrofone,waltermart,the-junction,WalterMart The Junction,metro-manila
metrospecs,METROSPECS,robinsons,robinsons-north-tacloban,Robinsons North Tacloban,visayas
metrowaki,Metrowaki,robinsons,robinsons-metro-east,Robinsons Metro East,metro-manila
meuble,MEUBLE,robinsons,robinsons-ilocos,Robinsons Place Ilocos,north-luzon
mexicali,MEXICALI,sm,sm-megamall,SM Megamall,metro-manila
mexicanos,Mexicanos,robinsons,robinsons-la-union,Robinsons Place La Union,north-luzon
mesa 9177016262,Mesa 9177016262,robinsons,robinsons-magnolia,Robinsons Magnolia,metro-manila
merzci pasalubong center,MERZCI PASALUBONG CENTER,sm,sm-city-bacolod,SM City Bacolod,visayas
merzci pasalubong,MERZCI PASALUBONG,ayala,ayala-capitol-central,Ayala Malls Capitol Central,visayas
mercury drug treats of l a,Mercury Drug TREATS OF L.A,xentro,xentro-mall-calapan,XentroMall Calapan,
menya noodle & bento bar,Menya Noodle & Bento Bar,ortigas,greenhills,Greenhills,metro-manila
meo asia,Meo Asia,robinsons,robinsons-antipolo,Robinsons Place Antipolo,metro-manila
meogja,MEOGJA,robinsons,robinsons-metro-east,Robinsons Metro East,metro-manila
mer nels cake house,MER-NELS CAKE HOUSE,sm,sm-city-calamba,SM City Calamba,south-luzon
mercury drug 0923 147 6034,Mercury Drug 0923-147-6034,robinsons,robinsons-sta-rosa,Robinsons Sta. Rosa,south-luzon
mercury drug corporation aficionado,MERCURY DRUG CORPORATION AFICIONADO,xentro,montalban-town-center,Montalban Town Center,
mercury torque,MERCURY TORQUE,xentro,xentro-mall-lemery,XentroMall Lemery,
merzci,Merzci,robinsons,robinsons-pavia,Robinsons Place Pavia,visayas
merienda by pan de manila,MERIENDA BY PAN DE MANILA,sm,sm-city-batangas,SM City Batangas,south-luzon
merkado supermarket,MERKADO SUPERMARKET,ayala,ayala-vertis,Ayala Malls Vertis North,metro-manila
merlgen euro designs,MERLGEN EURO DESIGNS,sm,sm-lanang,SM Lanang,mindanao
merriam & webster bookstore,MERRIAM & WEBSTER BOOKSTORE,starmall,san-jose-del-monte,Starmall San Jose del Monte,north-luzon
merry mango 0920 969 9762,Merry Mango 0920-969-9762,robinsons,robinsons-iligan,Robinsons Place Iligan,mindanao
mers paluto,Mers Paluto,megaworld,mactan-newtown,Mactan Newtown,
manjaru outdoor shop,MANJARU OUTDOOR SHOP,xentro,ab-central,Ab Central,
manjaru ayz health and beauty shop,MANJARU AYZ HEALTH AND BEAUTY SHOP,xentro,xentro-mall-calapan,XentroMall Calapan,
lilorbits mini donuts,Lil'Orbits Mini-Donuts,robinsons,robinsons-iligan,Robinsons Place Iligan,mindanao
lourmon garden,LOURMON GARDEN,sm,sm-city-davao,SM City Davao,mindanao
love brows brow aesthetic studio,LOVE BROWS BROW AESTHETIC STUDIO,sm,sm-city-sorsogon,SM City Sorsogon,south-luzon
love house,Love House,robinsons,robinsons-tacloban,Robinsons Place Tacloban,visayas
love marie,LOVE MARIE,robinsons,robinsons-santiago,Robinsons Place Santiago,north-luzon
love marie beauty & brow salon,LOVE MARIE BEAUTY & BROW SALON,robinsons,robinsons-tuguegarao,Robinsons Place Tuguegarao,north-luzon
lovehouse beauty studio,LOVEHOUSE BEAUTY STUDIO,robinsons,robinsons-north-tacloban,Robinsons North Tacloban,visayas
lovemarie beauty lounge,LOVEMARIE BEAUTY LOUNGE,sm,sm-center-tuguegarao-downtown,SM Center Tuguegarao Downtown,north-luzon
lowcal salad & wraps 0923 858 5216,LOWCAL SALAD & WRAPS 0923-858-5216,robinsons,robinsons-cybergate-cebu,Robinsons Cybergate Cebu,visayas
loyola k 12 tutorial services,LOYOLA K-12 TUTORIAL SERVICES,sm,smdc-strip-at-blue,SMDC Strip at Blue,smdc
lra,LRA,robinsons,robinsons-dasmarinas,Robinsons Place Dasmarinas,south-luzon
ls blooms,LS BLOOMS,sm,sm-city-rosario,SM City Rosario,south-luzon
ls blooms flower shop,LS BLOOMS FLOWER SHOP,robinsons,galleria-south,Robinsons Galleria South,south-luzon
ls pascual,LS Pascual,robinsons,robinsons-magnolia,Robinsons Magnolia,metro-manila
ls pascual optical,LS Pascual Optical,robinsons,robinsons-gentrias,Robinsons Place Gen. Trias,south-luzon
lsc watch repair,LSC Watch Repair,robinsons,robinsons-metro-east,Robinsons Metro East,metro-manila
lspascual optical,LSPASCUAL OPTICAL,sm,sm-city-bicutan,SM City Bicutan,metro-manila
love & diamonds,Love & Diamonds,robinsons,robinsons-galleria-cebu,Robinsons Galleria Cebu,visayas
loulou nail spa & salon,Loulou Nail Spa & Salon,filinvest,festival-mall,Festival Mall,metro-manila
look buko rocks,THE LOOK Buko Rocks,xentro,xentro-mall-calapan,XentroMall Calapan,
louis vuitton,LOUIS VUITTON,ayala,ayala-greenbelt,Greenbelt,metro-manila
looks by optika eccelente,LOOKS BY OPTIKA ECCELENTE,sm,smdc-mplace-mall,SMDC Mplace Mall,smdc
lorenzo jewelry,LORENZO JEWELRY,sm,sm-city-north-edsa,SM City North Edsa,metro-manila
lormalifecheck,LORMALIFECHECK,robinsons,robinsons-la-union,Robinsons Place La Union,north-luzon
los churreros churros,LOS CHURREROS CHURROS,robinsons,robinsons-metro-east,Robinsons Metro East,metro-manila
los pedritos 654 6099,LOS PEDRITOS (075) 654-6099,robinsons,robinsons-pangasinan,Robinsons Place Pangasinan,north-luzon
los tacos,Los Tacos,megaworld,uptown-mall,Uptown Mall,
lost,LOST,sm,sm-city-north-edsa,SM City North Edsa,metro-manila
lost bread,THE LOST BREAD,sm,sm-city-dasmarinas,SM City Dasmariñas,south-luzon
lots a pizza 0948 122 8792,Lots' A Pizza 📲 0948-122-8792,robinsons,robinsons-los-banos,Robinsons Town Mall Los Banos,south-luzon
lotsa pizza,LOTS'A PIZZA (TEMPORARILY CLOSED),robinsons,robinsons-angeles,Robinsons Angeles,north-luzon
lotto 0933 874 0972,Lotto 0933-874-0972,robinsons,robinsons-sta-rosa,Robinsons Sta. Rosa,south-luzon
lotto keno,LOTTO/KENO,xentro,balagtas-town-center,Balagtas Town Center,
lotus cafe,LOTUS CAFÉ,sm,sm-city-novaliches,SM City Novaliches,metro-manila
louelli travel & tours,Louelli Travel & Tours,robinsons,robinsons-naga,Robinsons Place Naga,south-luzon
louies dermatology,LOUIE'S DERMATOLOGY,robinsons,robinsons-galleria-ortigas,Robinsons Galleria,metro-manila
lucelle 9454728556,Lucelle 9454728556,robinsons,robinsons-magnolia,Robinsons Magnolia,metro-manila
lucitas canteen,Lucitas Canteen,gmall,gmall-of-tagum,GMall of Tagum,mindanao
lucky 7 bingo,Lucky 7 Bingo,gmall,gmall-of-davao,GMall of Davao,mindanao
lucky boba,Lucky Boba,robinsons,robinsons-tagaytay,Robinsons Tagaytay,south-luzon
lumiere anti aging and skin spa,Lumiere Anti-aging and Skin Spa,megaworld,uptown-parade,Uptown Parade,
lumina homes,LUMINA HOMES,starmall,alabang,Starmall Alabang,metro-manila
luminisce holistic skin innovations,LUMINISCE HOLISTIC SKIN INNOVATIONS,sm,the-podium,The Podium,metro-manila
luminosa aesthetic & wellness center,Luminosa Aesthetic & Wellness Center,megaworld,southwoods-mall,Southwoods Mall,
luminous espresso industry,Luminous Espresso Industry,filinvest,il-corso,IL Corso,visayas
lumpia express,Lumpia Express,robinsons,robinsons-dasmarinas,Robinsons Place Dasmarinas,south-luzon
lumpia natics by magsies,LUMPIA.NATICS BY MAGSIE’S,ayala,ayala-market-market,Market! Market!,metro-manila
lumpiaholic,LUMPIAHOLIC,sm,sm-city-general-santos,SM City General Santos,mindanao
luna,LUNA,ayala,ayala-centrio,Centrio Mall,mindanao
lunas ilonggo legacy,Luna's Ilonggo Legacy,megaworld,festive-walk-mall-iloilo,Festive Walk Mall,
lunula salon & spa,Lunula Salon & Spa,robinsons,robinsons-magnolia,Robinsons Magnolia,metro-manila
lush 8724 0260,Lush 8724-0260,robinsons,robinsons-magnolia,Robinsons Magnolia,metro-manila
lush fresh handmade cosmetics,LUSH FRESH HANDMADE COSMETICS,sm,sm-mall-of-asia,SM Mall of Asia,metro-manila
lustre salon & wellness,LUSTRE SALON & WELLNESS,robinsons,robinsons-las-pinas,Robinsons Place Las Pinas,metro-manila
lutong bahay ni manang,LUTONG BAHAY NI MANANG,robinsons,robinsons-la-union,Robinsons Place La Union,north-luzon
lumbenos barong & gown collection 377 93,LUMBENOS BARONG & GOWN COLLECTION 377.93,ayala,ayala-market-market,Market! Market!,metro-manila
lulu forex,Lulu Forex,robinsons,robinsons-las-pinas,Robinsons Place Las Pinas,metro-manila
luka ferruccio,LUKA FERRUCCIO,sm,sm-city-bicutan,SM City Bicutan,metro-manila
lueur,LUEUR,robinsons,opus,Opus Mall,metro-manila
lucky chao,Lucky Chao,megaworld,lucky-chinatown-mall,Lucky Chinatown Mall,
lucky charm,Lucky Charm,robinsons,robinsons-ilocos,Robinsons Place Ilocos,north-luzon
lucky chinatown cinemas,Lucky Chinatown Cinemas,megaworld,lucky-chinatown-mall,Lucky Chinatown Mall,
lucky chinatown cinemas snackbar,Lucky Chinatown Cinemas - Snackbar,megaworld,lucky-chinatown-mall,Lucky Chinatown Mall,
lucky joy,LUCKY JOY,robinsons,robinsons-santiago,Robinsons Place Santiago,north-luzon
lucky pick lotto,Lucky Pick lotto,robinsons,robinsons-tacloban,Robinsons Place Tacloban,visayas
luez printing,LUEZ PRINTING,robinsons,robinsons-starmills,Robinsons Starmills,north-luzon
lugaw to go,LUGAW TO GO,robinsons,robinsons-santiago,Robinsons Place Santiago,north-luzon
luez printing services,Luez Printing Services,robinsons,robinsons-novaliches,Robinsons Novaliches,metro-manila
lugaw house minigem,LUGAW HOUSE MINIGEM (#44),xentro,montalban-town-center,Montalban Town Center,
lugaw king,LUGAW KING,sm,sm-city-manila,SM City Manila,metro-manila
lugaw ni bosing,Lugaw ni Bosing,robinsons,robinsons-butuan,Robinsons Place Butuan,mindanao
lugaw one,Lugaw One,filinvest,fora,Fora Mall,south-luzon
lugaw plus,LUGAW PLUS,ayala,ayala-feliz,Ayala Malls Feliz,metro-manila
look treats of la,THE LOOK TREATS OF LA,xentro,xentro-mall-lemery,XentroMall Lemery,
longchamp,LONGCHAMP,ayala,ayala-greenbelt,Greenbelt,metro-manila
lux skin essentials,LUX SKIN ESSENTIALS,xentro,sta-ana-public-market,Sta Ana Public Market,
little flour cafe,Little Flour Cafe,ortigas,greenhills,Greenhills,metro-manila
little green 9190837902,Little Green 9190837902,robinsons,robinsons-magnolia,Robinsons Magnolia,metro-manila
little moms donut factory,Little Mom's Donut Factory,robinsons,robinsons-novaliches,Robinsons Novaliches,metro-manila
little moms donuts,LITTLE MOM'S DONUTS,robinsons,robinsons-otis,Robinsons Otis,metro-manila
little orlys,LITTLE ORLY'S,sm,sm-city-pampanga,SM City Pampanga,north-luzon
little prince,Little Prince,megaworld,festive-walk-parade,Festive Walk Parade,
little saigon,LITTLE SAIGON,sm,sm-city-laoag,SM City Laoag,north-luzon
little yoo daebak,LITTLE YOO DAEBAK,sm,sm-city-davao,SM City Davao,mindanao
livestock,Livestock,megaworld,uptown-parade,Uptown Parade,
living bread,Living Bread,gmall,gmall-of-davao,GMall of Davao,mindanao
living life well medical center,LIVING LIFE WELL MEDICAL CENTER,sm,sm-megamall,SM Megamall,metro-manila
living space by rds,Living Space by RDS,robinsons,robinsons-magnolia,Robinsons Magnolia,metro-manila
liwanag house,LIWANAG HOUSE,robinsons,robinsons-galleria-ortigas,Robinsons Galleria,metro-manila
liz beauty lounge,Liz Beauty Lounge,megaworld,southwoods-mall,Southwoods Mall,
lj bikes,LJ Bikes,waltermart,malolos,WalterMart Malolos,north-luzon
lj lugawan,LJ LUGAWAN,sm,sm-city-pampanga,SM City Pampanga,north-luzon
little golden nuggets,Little Golden Nuggets,ortigas,tiendesitas,Tiendesitas,metro-manila
little flour,Little Flour,megaworld,newport-city,Newport City,
long live play,Long Live Play,ortigas,estancia,Estancia,metro-manila
little farmers coffee brim,LITTLE FARMERS COFFEE BRIM,ayala,ayala-the-30th,Ayala Malls The 30th,metro-manila
lils hobby center,LIL'S HOBBY CENTER,ayala,ayala-glorietta,Glorietta,metro-manila
lily & co,LILY & CO.,ayala,ayala-marquee,MarQuee Mall,north-luzon
lim dental clinic,Lim Dental Clinic,waltermart,sucat,WalterMart Sucat,metro-manila
limapulo,LIMAPULO,sm,sm-mall-of-asia,SM Mall of Asia,metro-manila
limitless,Limitless,megaworld,newport-city,Newport City,
limjoe lemony juice station,LIMJOE LEMONY JUICE STATION,sm,sm-southmall,SM Southmall,metro-manila
line clover d trading inc,Line Clover D Trading Inc,megaworld,eastwood-cyber-mall,Eastwood Cyber Mall,
ling nam express,Ling Nam Express,robinsons,robinsons-magnolia,Robinsons Magnolia,metro-manila
lipa city travels & tours,LIPA CITY TRAVELS & TOURS,robinsons,robinsons-lipa,Robinsons Place Lipa,south-luzon
lisa s tender lean meat,Lisa\'s Tender Lean Meat,gmall,gmall-of-davao,GMall of Davao,mindanao
listen apparel,LISTEN APPAREL,robinsons,robinsons-otis,Robinsons Otis,metro-manila
listening room,THE LISTENING ROOM,sm,sm-megamall,SM Megamall,metro-manila
lit,LIT,ayala,ayala-serendra,Shops at Serendra,metro-manila
lithe,Lithe,megaworld,alabang-west-parade,Alabang West Parade,
little corner breadshop,THE LITTLE CORNER BREADSHOP,ayala,ayala-solenad,Ayala Malls Nuvali,south-luzon
lj minute key shop,LJ Minute Key Shop,gmall,gmall-of-digos,GMall of Digos,mindanao
lj s minute key shop,LJ\'s Minute Key Shop,gmall,gmall-of-tagum,GMall of Tagum,mindanao
lj s minute keyshop,LJ\'s Minute Keyshop,gmall,gmall-of-davao,GMall of Davao,mindanao
ljc beauty & wellness shop hexi health xc health & beauty shop,LJC BEAUTY & WELLNESS SHOP (STO. NIÑO DE CEBU) HEXI HEALTH -XC HEALTH & BEAUTY SHOP,xentro,tanay-town-center,Tanay Town Center,
loewe,LOEWE,ayala,ayala-greenbelt,Greenbelt,metro-manila
log,LOG,sm,sm-center-lemery,SM Center Lemery,south-luzon
lokal,Lokal,megaworld,eastwood-city-walk,Eastwood City Walk,
lola belens,LOLA BELEN’S,ayala,ayala-marquee,MarQuee Mall,north-luzon
lola caf,LOLA CAF?,sm,s-maison,S Maison,metro-manila
lola nenas,LOLA NENA'S,sm,sm-megamall,SM Megamall,metro-manila
lola soap,LOLA SOAP,sm,sm-city-davao,SM City Davao,mindanao
lolas boutique,LOLA’S BOUTIQUE,ayala,ayala-feliz,Ayala Malls Feliz,metro-manila
loliths empanada,Lolith's Empanada,robinsons,robinsons-malolos,Robinsons Place Malolos,north-luzon
lollipastillas,LOLLIPASTILLAS,sm,sm-city-pampanga,SM City Pampanga,north-luzon
lolo at lola internet cafe,Lolo at Lola Internet Cafe,robinsons,robinsons-imus,Robinsons Place Imus,south-luzon
lolo pinoy grill,Lolo Pinoy Grill,megaworld,mactan-newtown,Mactan Newtown,
lom key specialist,LOM Key Specialist,ortigas,greenhills,Greenhills,metro-manila
london eyelash extensions,LONDON EYELASH EXTENSIONS,sm,sm-lanang,SM Lanang,mindanao
lonely owl,Lonely Owl,megaworld,lucky-chinatown-imperial-wing,Lucky Chinatown - Imperial Wing,
locknlock,LocknLock,megaworld,eastwood-mall,Eastwood Mall,
lock n lock,Lock N Lock,ortigas,greenhills,Greenhills,metro-manila
lock and lock,Lock and Lock,fishermall,quezonave,Fisher Mall Quezon Avenue,metro-manila
lnd,LND,robinsons,robinsons-gentrias,Robinsons Place Gen. Trias,south-luzon
ljm,LJM,robinsons,robinsons-lipa,Robinsons Place Lipa,south-luzon
ljtc,LJTC,xentro,northstar-mall,Northstar Mall,
lkaisei japanese restaurant,LKAISEI JAPANESE RESTAURANT,sm,sm-city-bacolod,SM City Bacolod,visayas
llanillo romero optical clinic,LLANILLO-ROMERO OPTICAL CLINIC,sm,sm-city-cagayan-de-oro,SM City CDO Uptown,mindanao
llao llao 9175651015,llao-llao 9175651015,robinsons,robinsons-iligan,Robinsons Place Iligan,mindanao
lllaollao,Lllaollao,robinsons,robinsons-galleria-ortigas,Robinsons Galleria,metro-manila
load express,Load Express,robinsons,robinsons-galleria-ortigas,Robinsons Galleria,metro-manila
lock & lock 9562274722,Lock & Lock 9562274722,robinsons,robinsons-magnolia,Robinsons Magnolia,metro-manila
load express 9395400418,Load Express 9395400418,robinsons,robinsons-magnolia,Robinsons Magnolia,metro-manila
load na,LOAD NA,araneta,farmers-plaza,Farmers Plaza,metro-manila
load up station,LOAD UP STATION,robinsons,robinsons-galleria-ortigas,Robinsons Galleria,metro-manila
loalde & 18myles,Loalde & 18Myles,megaworld,festive-walk-mall-iloilo,Festive Walk Mall,
loc&stor,Loc&Stor,megaworld,newport-city,Newport City,
loccitane en provence,L’occitane En Provence,robinsons,robinsons-manila,Robinsons Place Manila,metro-manila
luvyah korean potato hotdogs corndogs,LUVYAH KOREAN POTATO HOTDOGS CORNDOGS,sm,sm-city-bataan,SM City Bataan,north-luzon
luxallure aesthetic clinic,LUXALLURE AESTHETIC CLINIC,robinsons,robinsons-starmills,Robinsons Starmills,north-luzon
manila goldsmiths co,MANILA GOLDSMITHS CO,sm,sm-megamall,SM Megamall,metro-manila
malubianbian spicy restaurant,MALUBIANBIAN SPICY RESTAURANT,sm,smdc-strip-at-shore,SMDC Strip at Shore,smdc
mama jacqs kitchen,Mama Jacq's Kitchen,robinsons,robinsons-angeles,Robinsons Angeles,north-luzon
mama maria s pizzeria,Mama Maria\'s Pizzeria,gmall,gmall-of-davao,GMall of Davao,mindanao
mama sarahs lettuce garden,Mama Sarah's Lettuce Garden,robinsons,robinsons-naga,Robinsons Place Naga,south-luzon
mamacai,MAMACAI,sm,nu-mall-of-asia-building,NU MALL OF ASIA BUILDING,metro-manila
mamacita,Mamacita,megaworld,forbes-town,Forbes Town,
mamangs wood fired pizzeria,MAMANGS WOOD FIRED PIZZERIA,sm,sm-city-santa-rosa,SM City Santa Rosa,south-luzon
mamas & papas,MAMAS & PAPAS,robinsons,opus,Opus Mall,metro-manila
mamastill atbp,MAMASTILL ATBP,sm,sm-city-general-santos,SM City General Santos,mindanao
mamemo corner and booyaka records,Mamemo Corner and Booyaka Records,megaworld,greenhouse-village-square,The Greenhouse at Village Square,
mamitas pizza,MAMITA'S PIZZA,sm,sm-city-daet,SM City Daet,south-luzon
mamma mia,Mamma Mia,megaworld,uptown-mall,Uptown Mall,
mamolo dental clinic,Mamolo Dental Clinic,robinsons,robinsons-dasmarinas,Robinsons Place Dasmarinas,south-luzon
man go juan,Man-Go Juan,waltermart,balayan,WalterMart Balayan,south-luzon
manam 9190845736,MANAM 9190845736,robinsons,robinsons-malolos,Robinsons Place Malolos,north-luzon
manam comfort food,MANAM COMFORT FOOD,robinsons,robinsons-manila,Robinsons Place Manila,metro-manila
mama bears garden,Mama Bears Garden,waltermart,tanauan,WalterMart Tanauan,south-luzon
malbcoff,Malbcoff,ortigas,greenhills,Greenhills,metro-manila
mai pao,MAI PAO,sm,sm-city-general-santos,SM City General Santos,mindanao
malayan bank,Malayan Bank,robinsons,robinsons-iloilo,Robinsons Place Iloilo,visayas
maison de beaute,MAISON DE BEAUTE,ayala,ayala-serendra,Shops at Serendra,metro-manila
maison margiela,MAISON MARGIELA,robinsons,opus,Opus Mall,metro-manila
maisys coffee cut,Maisy's Coffee Cut (open),robinsons,robinsons-bacolod,Robinsons Place Bacolod,visayas
maja coffee & donuts,Maja Coffee & Donuts,megaworld,southwoods-mall,Southwoods Mall,
majeids carpet,Majeid’s Carpet,filinvest,festival-mall,Festival Mall,metro-manila
majestic ham,Majestic Ham,ortigas,estancia,Estancia,metro-manila
majesty driving school,MAJESTY DRIVING SCHOOL,sm,sm-city-fairview,SM City Fairview,metro-manila
makati projections,MAKATI PROJECTIONS,ayala,ayala-glorietta,Glorietta,metro-manila
make it kwek,Make-It-Kwek,robinsons,robinsons-antipolo,Robinsons Place Antipolo,metro-manila
make over salon,Make Over Salon,gmall,gmall-of-tagum,GMall of Tagum,mindanao
make room & more,MAKE ROOM & MORE,ayala,ayala-glorietta,Glorietta,metro-manila
makiko,MAKIKO,ayala,ayala-the-30th,Ayala Malls The 30th,metro-manila
makimura ramen bar express,MAKIMURA RAMEN BAR EXPRESS,sm,sm-city-pampanga,SM City Pampanga,north-luzon
makiramen,MAKIRAMEN,sm,sm-city-bataan,SM City Bataan,north-luzon
makkiramen restaurant,MAKKIRAMEN RESTAURANT,sm,sm-city-olongapo-central,SM City Olongapo Central,north-luzon
manang sayong,Manang Sayong,megaworld,mactan-newtown,Mactan Newtown,
mandara spa relaxation,THE MANDARA SPA RELAXATION,sm,s-maison,S Maison,metro-manila
mandarin,Mandarin,robinsons,robinsons-lipa,Robinsons Place Lipa,south-luzon
mandarin sky express,MANDARIN SKY EXPRESS,ayala,ayala-market-market,Market! Market!,metro-manila
mangan restaurant,MANGAN RESTAURANT,robinsons,robinsons-manila,Robinsons Place Manila,metro-manila
mangkok avenue,Mangkok Avenue,robinsons,robinsons-malolos,Robinsons Place Malolos,north-luzon
mango delight original,MANGO DELIGHT ORIGINAL,sm,sm-city-sorsogon,SM City Sorsogon,south-luzon
mango float supreme,Mango Float Supreme,megaworld,lucky-chinatown-mall,Lucky Chinatown Mall,
mango mango man,MANGO MANGO MAN,sm,sm-city-clark,SM City Clark,north-luzon
mango mango touch,Mango/Mango Touch,robinsons,robinsons-magnolia,Robinsons Magnolia,metro-manila
mango ong,Mango-Ong,robinsons,robinsons-manila,Robinsons Place Manila,metro-manila
mango superstore,MANGO SUPERSTORE,sm,sm-mall-of-asia,SM Mall of Asia,metro-manila
manic,MANIC,sm,sm-city-pampanga,SM City Pampanga,north-luzon
manic beauty,Manic Beauty,robinsons,robinsons-galleria-ortigas,Robinsons Galleria,metro-manila
manila bankers insurance,MANILA BANKER'S INSURANCE,robinsons,robinsons-manila,Robinsons Place Manila,metro-manila
manila bankers life,MANILA BANKER'S LIFE,robinsons,robinsons-galleria-ortigas,Robinsons Galleria,metro-manila
manila bankers life insurance corp,MANILA BANKERS LIFE INSURANCE CORP,robinsons,robinsons-lipa,Robinsons Place Lipa,south-luzon
manila diamond,Manila Diamond,ortigas,estancia,Estancia,metro-manila
manila dokha medwakh,Manila Dokha Medwakh,fishermall,quezonave,Fisher Mall Quezon Avenue,metro-manila
mang tomas pinoy sorbetes,MANG TOMAS PINOY SORBETES,ayala,ayala-manila-bay,Ayala Malls Manila Bay,metro-manila
mang tinapay,MANG TINAPAY,sm,sm-city-north-edsa,SM City North Edsa,metro-manila
mang sorbetes,MANG SORBETES,robinsons,robinsons-ormoc,Robinsons Place Ormoc,visayas
mang inasal beauche,MANG INASAL BEAUCHE,xentro,xentro-mall-lemery,XentroMall Lemery,
mandaue foam and home store,MANDAUE FOAM AND HOME STORE,robinsons,robinsons-la-union,Robinsons Place La Union,north-luzon
mandotory cut,Mandotory Cut,robinsons,robinsons-naga,Robinsons Place Naga,south-luzon
manestream salon,Manestream Salon,gmall,gmall-of-davao,GMall of Davao,mindanao
mang chaa,Mang Chaa,robinsons,robinsons-pangasinan,Robinsons Place Pangasinan,north-luzon
mang domeng bibingka,Mang Domeng Bibingka,waltermart,carmona,WalterMart Carmona,south-luzon
mang domengs bibingka,Mang Domeng's Bibingka,waltermart,cabuyao,WalterMart Cabuyao,south-luzon
mang inasal extension,Mang Inasal - Extension,gmall,gmall-of-davao,GMall of Davao,mindanao
mang rudys,MANG RUDY'S,ayala,ayala-circuit,Ayala Malls Circuit,metro-manila
mang inasal kerrimo,Mang Inasal KERRIMO,xentro,xentro-mall-calapan,XentroMall Calapan,
mang inasal minigem exhibit,MANG INASAL MINIGEM EXHIBIT (4),xentro,montalban-town-center,Montalban Town Center,
mang inasal philippines inc,"MANG INASAL PHILIPPINES, INC.",xentro,ab-central,Ab Central,
mang inasal stock room nelsas lumpia,MANG INASAL STOCK ROOM NELSAS LUMPIA,xentro,montalban-town-center,Montalban Town Center,
mang inasal virmas food channel cake frost,MANG INASAL VIRMA’S FOOD CHANNEL/ CAKE FROST,xentro,tanay-town-center,Tanay Town Center,
mang pakpak,Mang Pakpak,megaworld,festive-walk-mall-iloilo,Festive Walk Mall,
mairah footwear store,MAIRAH FOOTWEAR STORE,robinsons,robinsons-novaliches,Robinsons Novaliches,metro-manila
mai jan burger snax,Mai-Jan Burger Snax,gmall,gmall-of-toril,GMall of Toril,mindanao
luxe at twelfth,LUXE AT TWELFTH,ayala,ayala-capitol-central,Ayala Malls Capitol Central,visayas
m,M,gmall,gmall-of-toril,GMall of Toril,mindanao
m g legaspi food center handyman exhibit thematic,M.G Legaspi Food Center ( SISIG STOP ) HANDYMAN EXHIBIT THEMATIC,xentro,xentro-mall-calapan,XentroMall Calapan,
m g legaspi food center robinsons dept exhibit,M.G Legaspi Food Center ( BAGNET SARAP ) ROBINSONS DEPT. EXHIBIT,xentro,xentro-mall-calapan,XentroMall Calapan,
m h burton,M.h Burton,filinvest,festival-mall,Festival Mall,metro-manila
m herrero general merchandise,M. Herrero General Merchandise,robinsons,robinsons-novaliches,Robinsons Novaliches,metro-manila
m lhuiller,M Lhuiller,robinsons,robinsons-iligan,Robinsons Place Iligan,mindanao
m lhuillier jeweler,M Lhuillier Jeweler,robinsons,robinsons-galleria-cebu,Robinsons Galleria Cebu,visayas
m lhuillier jewellers 9479990359,M. LHUILLIER JEWELLERS 9479990359,robinsons,robinsons-dumaguete,Robinsons Place Dumaguete,visayas
m lhuillier pawnshop,M. LHUILLIER PAWNSHOP,ayala,ayala-marquee,MarQuee Mall,north-luzon
m m creations,M M CREATIONS,sm,sm-city-sorsogon,SM City Sorsogon,south-luzon
m r ginger detox drinks,M.R. GINGER DETOX DRINKS,ayala,ayala-marquee,MarQuee Mall,north-luzon
m s money changer 0917 658 6936,M.S MONEY CHANGER 0917-658-6936,robinsons,robinsons-cybergate-cebu,Robinsons Cybergate Cebu,visayas
m stone,M STONE,sm,sm-city-cagayan-de-oro,SM City CDO Uptown,mindanao
m y shoes,M+Y Shoes,robinsons,robinsons-otis,Robinsons Otis,metro-manila
ma ay,Ma-ay,filinvest,festival-mall,Festival Mall,metro-manila
ma chicken mami house,MA CHICKEN MAMI HOUSE,ayala,ayala-trinoma,Trinoma,metro-manila
m and d quick check medical exam clinic,M AND D QUICK CHECK MEDICAL EXAM CLINIC,sm,sm-city-clark,SM City Clark,north-luzon
lz scents studio by lz perfumery shop,LZ Scents Studio by LZ Perfumery Shop,robinsons,robinsons-naga,Robinsons Place Naga,south-luzon
mai en joi bags & accessories 2823 cellphone,MAI EN JOI BAGS & ACCESSORIES 2823 CELLPHONE,xentro,montalban-town-center,Montalban Town Center,
lyric instrument,Lyric Instrument,filinvest,festival-mall,Festival Mall,metro-manila
luxe escape spa,Luxe Escape Spa,megaworld,alabang-west-parade,Alabang West Parade,
luxe lounge,LUXE LOUNGE,ayala,ayala-circuit,Ayala Malls Circuit,metro-manila
luxe parfum and scents,LUXE PARFUM AND SCENTS,sm,sm-city-dasmarinas,SM City Dasmariñas,south-luzon
luxe premiere,Luxe Premiere,ortigas,greenhills,Greenhills,metro-manila
luxederm face and body,LuxeDerm Face and Body,robinsons,robinsons-la-union,Robinsons Place La Union,north-luzon
luxuri manila,Luxuri Manila,megaworld,forbes-town,Forbes Town,
luxuri pets by aivee,Luxuri Pets By Aivee,megaworld,forbes-town,Forbes Town,
luxurious nails,Luxurious Nails,robinsons,robinsons-lipa,Robinsons Place Lipa,south-luzon
luz castalone staffhouse sto nino de cebu gulaman factory,LUZ CASTALONE STAFFHOUSE/ Sto. Niño de Cebu) GULAMAN FACTORY,xentro,tanay-town-center,Tanay Town Center,
lydia amor,Lydia Amor,robinsons,robinsons-novaliches,Robinsons Novaliches,metro-manila
lyle general merchandise mini gem exhibit 12,LYLE GENERAL MERCHANDISE MINI GEM EXHIBIT #12 ( created space # 21 ),xentro,montalban-town-center,Montalban Town Center,
lyn,LYN,sm,sm-mall-of-asia,SM Mall of Asia,metro-manila
lynderm facial center and day spa,Lynderm Facial Center And Day Spa,waltermart,cabuyao,WalterMart Cabuyao,south-luzon
lynx,Lynx,ortigas,greenhills,Greenhills,metro-manila
lynx design,LYNX DESIGN,sm,sm-city-olongapo-downtown,SM City Olongapo Downtown,north-luzon
ma dao,MA DAO,sm,sm-mall-of-asia,SM Mall of Asia,metro-manila
ma sculptra skin laser & aesthetic center,Ma Sculptra Skin Laser & Aesthetic Center,megaworld,eastwood-city-walk,Eastwood City Walk,
maanyag,MAANYAG,ayala,ayala-center-cebu,Ayala Center Cebu,visayas
maba road safety kiddie park,MABA Road Safety Kiddie Park,robinsons,robinsons-sta-rosa,Robinsons Sta. Rosa,south-luzon
made by pearl,MADE BY PEARL,sm,sm-city-pampanga,SM City Pampanga,north-luzon
made for u,MADE FOR U,ayala,ayala-glorietta,Glorietta,metro-manila
madeca,MADECA,sm,the-podium,The Podium,metro-manila
madisons skin body experts,MADISONS SKIN BODY EXPERTS,sm,sm-city-laoag,SM City Laoag,north-luzon
madrone,Madrone,megaworld,mckinley-west,McKinley West,
madsun travel & tours,MADSUN TRAVEL & TOURS,robinsons,robinsons-las-pinas,Robinsons Place Las Pinas,metro-manila
mag sugba ta seafood grill,MAG SUGBA TA SEAFOOD GRILL,sm,sm-city-cagayan-de-oro,SM City CDO Uptown,mindanao
magic melt,MAGIC MELT,sm,sm-city-cebu,SM City Cebu,visayas
magic tracklesstrain,Magic TracklessTrain,robinsons,robinsons-tacloban,Robinsons Place Tacloban,visayas
mags jewelry,Mags Jewelry,gmall,gmall-of-digos,GMall of Digos,mindanao
magure izakaya,Magure Izakaya,megaworld,lucky-chinatown-imperial-wing,Lucky Chinatown - Imperial Wing,
magure restaurant,MAGURE RESTAURANT,sm,sm-city-north-edsa,SM City North Edsa,metro-manila
mah,MAH,robinsons,robinsons-manila,Robinsons Place Manila,metro-manila
mahiwaga cafe,MAHIWAGA CAFE,sm,sm-city-caloocan,SM City Caloocan,metro-manila
mahiwagang kape,Mahiwagang Kape,robinsons,robinsons-galleria-ortigas,Robinsons Galleria,metro-manila
made 2 measure,MADE 2 MEASURE,sm,sm-city-taytay,SM City Taytay,metro-manila
madcafe,MADCAFE,sm,sm-city-grand-central,SM City Grand Central,metro-manila
madc dental clinic,MADC DENTAL CLINIC,sm,sm-city-cagayan-de-oro,SM City CDO Uptown,mindanao
macao imperial tea 9059164310,MACAO IMPERIAL TEA 9059164310,robinsons,robinsons-dumaguete,Robinsons Place Dumaguete,visayas
mac beth 9154811681,Mac Beth 9154811681,robinsons,robinsons-santiago,Robinsons Place Santiago,north-luzon
mac cellphone and accessories,MAC CELLPHONE AND ACCESSORIES,robinsons,robinsons-gapan,Robinsons Gapan,north-luzon
mac cosmetics 8733 6987 09175314399,MAC Cosmetics 8733-6987 / 09175314399,robinsons,robinsons-magnolia,Robinsons Magnolia,metro-manila
macao imperial,Macao Imperial,robinsons,robinsons-tacloban,Robinsons Place Tacloban,visayas
macao imperial tea 0917 555 3955,Macao Imperial Tea 0917-555-3955,robinsons,robinsons-iligan,Robinsons Place Iligan,mindanao
macao imperial tea 615 0610,MACAO IMPERIAL TEA (075) 615-0610,robinsons,robinsons-pangasinan,Robinsons Place Pangasinan,north-luzon
macarampat,MACARAMPAT,xentro,mall-of-the-valley,Mall Of The Valley,
mad marks creamery & good eats,MAD MARK'S CREAMERY & GOOD EATS,ayala,ayala-up-town-center,U. P. Town Center,metro-manila
mackim prints inc,MACKIM PRINTS INC,sm,sm-city-dasmarinas,SM City Dasmariñas,south-luzon
macondara cp,MACONDARA CP,xentro,xentro-mall-roxas,XentroMall Roxas,
maconfi marketing,Maconfi Marketing,gmall,gmall-of-davao,GMall of Davao,mindanao
macrosales mini gem exhibit 12,MACROSALES MINI GEM EXHIBIT #12 ( FC created space # 19 ),xentro,montalban-town-center,Montalban Town Center,
macrowash laundry,MACROWASH LAUNDRY,sm,sm-city-consolacion,SM City Consolacion,visayas
mad arrow,MAD ARROW,sm,sm-city-cauayan,SM City Cauayan,north-luzon
jhs electric shop,JHS ELECTRIC SHOP,sm,sm-lanang,SM Lanang,mindanao
jgr drug testing and medical center,JGR Drug Testing And Medical Center,robinsons,robinsons-gen-san,Robinsons Place GenSan,mindanao
father and sons music studio,FATHER AND SONS MUSIC STUDIO,sm,sm-cdo-downtown,SM CDO Downtown Premier,mindanao
ging gings fruit stand,GING GING'S FRUIT STAND,ayala,ayala-capitol-central,Ayala Malls Capitol Central,visayas
ginger wok rice house,Ginger Wok Rice House,robinsons,robinsons-north-tacloban,Robinsons North Tacloban,visayas
gingerlily,Gingerlily,ortigas,greenhills,Greenhills,metro-manila
gingersnap just g,GINGERSNAP / JUST G,ayala,ayala-center-cebu,Ayala Center Cebu,visayas
gingersnaps 8292 002,Gingersnaps 8292-002,robinsons,robinsons-magnolia,Robinsons Magnolia,metro-manila
ginos pizza and pasta,GINO'S PIZZA AND PASTA,ayala,ayala-serendra,Shops at Serendra,metro-manila
gintong sining art center,Gintong Sining Art Center,filinvest,festival-mall,Festival Mall,metro-manila
ginza sushi,GINZA SUSHI,ayala,ayala-manila-bay,Ayala Malls Manila Bay,metro-manila
gionee gadget protekt,GIONEE/GADGET PROTEKT,ayala,ayala-center-cebu,Ayala Center Cebu,visayas
giordano 9074547807,GIORDANO 9074547807,robinsons,robinsons-butuan,Robinsons Place Butuan,mindanao
girbaud,Girbaud,robinsons,robinsons-pangasinan,Robinsons Place Pangasinan,north-luzon
girls en gals,GIRLS EN GALS (BNY),araneta,farmers-plaza,Farmers Plaza,metro-manila
gitagum,Gitagum,robinsons,robinsons-iligan,Robinsons Place Iligan,mindanao
giulias,Giulias,gmall,gmall-of-tagum,GMall of Tagum,mindanao
givenchy,GIVENCHY,ayala,ayala-greenbelt,Greenbelt,metro-manila
gizmo central 2,Gizmo Central 2,ortigas,greenhills,Greenhills,metro-manila
ginger wok,Ginger Wok,robinsons,robinsons-tacloban,Robinsons Place Tacloban,visayas
ginataang bilo bilo mais,GINATAANG BILO BILO MAIS,sm,sm-city-lipa,SM City Lipa,south-luzon
gjl optical supplies,GJL OPTICAL SUPPLIES,robinsons,robinsons-novaliches,Robinsons Novaliches,metro-manila
giligans island bar restaurant,GILIGAN'S ISLAND BAR RESTAURANT,starmall,san-jose-del-monte,Starmall San Jose del Monte,north-luzon
gibi house,GIBI HOUSE,starmall,alabang,Starmall Alabang,metro-manila
gibi stay healthy marketing,GIBI STAY HEALTHY MARKETING,xentro,montalban-town-center,Montalban Town Center,
gidcels travel tours,GIDCELS TRAVEL TOURS,sm,sm-city-iloilo,SM City Iloilo,visayas
gift wrapping by dps,Gift Wrapping by DPS,gmall,gmall-of-davao,GMall of Davao,mindanao
giftbox ph,GIFTBOX.PH,araneta,farmers-plaza,Farmers Plaza,metro-manila
giga matrix,GIGA MATRIX,robinsons,robinsons-palawan,Robinsons Place Palawan,south-luzon
giga natural,GIGA Natural,robinsons,robinsons-ilocos,Robinsons Place Ilocos,north-luzon
gigabyte,GIGABYTE,sm,sm-city-north-edsa,SM City North Edsa,metro-manila
gigagadgets,GIGAGADGETS,sm,sm-city-fairview,SM City Fairview,metro-manila
gigahertz satellite,Gigahertz Satellite,filinvest,festival-mall,Festival Mall,metro-manila
gigatech,GIGATECH,robinsons,robinsons-butuan,Robinsons Place Butuan,mindanao
gigatech 9923169410,GIGATECH 9923169410,robinsons,robinsons-butuan,Robinsons Place Butuan,mindanao
gigatech mobile shop,GIGATECH MOBILE SHOP,sm,sm-city-butuan,SM City Butuan,mindanao
gigli,GIGLI,ayala,ayala-market-market,Market! Market!,metro-manila
gilak kebab,GILAK KEBAB,ayala,ayala-greenbelt,Greenbelt,metro-manila
gjl optical,GJL OPTICAL,robinsons,robinsons-novaliches,Robinsons Novaliches,metro-manila
glad king,Glad King,robinsons,robinsons-galleria-ortigas,Robinsons Galleria,metro-manila
jgkb cellphone accessories,JGKB Cellphone Accessories,robinsons,robinsons-otis,Robinsons Otis,metro-manila
globewest finance corp,Globewest Finance Corp.,megaworld,festive-walk-parade,Festive Walk Parade,
glorys empanada,GLORYS EMPANADA,sm,sm-city-sta-mesa,SM City Sta. Mesa,metro-manila
glow,Glow,megaworld,uptown-mall,Uptown Mall,
glow march 28 2017,"GLOW *March 28, 2017",xentro,balagtas-town-center,Balagtas Town Center,
glow up,Glow Up,robinsons,robinsons-luisita,Robinsons Luisita,north-luzon
gluta drip,THE GLUTA DRIP,robinsons,robinsons-antipolo,Robinsons Place Antipolo,metro-manila
gluta homes,Gluta Homes,robinsons,robinsons-lipa,Robinsons Place Lipa,south-luzon
gluta republiq,Gluta Republiq,robinsons,robinsons-galleria-cebu,Robinsons Galleria Cebu,visayas
glutahome aesthetic,THE GLUTAHOME AESTHETIC,robinsons,robinsons-lipa,Robinsons Place Lipa,south-luzon
glutaness wellness and beauty center,GLUTANESS WELLNESS AND BEAUTY CENTER,sm,sm-city-olongapo-downtown,SM City Olongapo Downtown,north-luzon
glutapeel skin whitening specialist 0920 660 3469,GLUTAPEEL SKIN WHITENING SPECIALIST 0920-660-3469,robinsons,robinsons-cybergate-cebu,Robinsons Cybergate Cebu,visayas
glutartista skincare hub,Glutartista Skincare Hub,gmall,gmall-of-tagum,GMall of Tagum,mindanao
gm education,GM Education,megaworld,venice-grand-canal-mall,Venice Grand Canal Mall,
gm time,GM-TIME,sm,sm-city-grand-central,SM City Grand Central,metro-manila
gmel cellphone repair shop,GMEL Cellphone Repair Shop,araneta,farmers-plaza,Farmers Plaza,metro-manila
gml hongkong style fried noodles,GML-HONGKONG STYLE FRIED NOODLES,sm,sm-city-lipa,SM City Lipa,south-luzon
glomys empanada,Glomy's Empanada,robinsons,robinsons-ilocos,Robinsons Place Ilocos,north-luzon
globe touchpay,Globe TouchPay,megaworld,three-central,Three Central Mall,
gladex travel & tours,Gladex Travel & Tours,megaworld,lucky-chinatown-mall,Lucky Chinatown Mall,
globe signal coverage,GLOBE SIGNAL COVERAGE,xentro,tanay-town-center,Tanay Town Center,
gladex travel and tours,GLADEX TRAVEL AND TOURS,robinsons,robinsons-manila,Robinsons Place Manila,metro-manila
gladex travel services,GLADEX TRAVEL SERVICES,sm,sm-city-manila,SM City Manila,metro-manila
glam aesthetic,GLAM AESTHETIC,robinsons,robinsons-bacolod,Robinsons Place Bacolod,visayas
glam feet,Glam Feet,robinsons,robinsons-novaliches,Robinsons Novaliches,metro-manila
glam u salon,GLAM U SALON,sm,sm-city-consolacion,SM City Consolacion,visayas
glamour lounge,GLAMOUR LOUNGE,robinsons,robinsons-pagadian,Robinsons Pagadian,mindanao
glamoureux hair salon,GLAMOUREUX HAIR SALON,ayala,ayala-legazpi,Ayala Malls Legazpi,south-luzon
glenas enterprises,GLENAS ENTERPRISES,sm,sm-center-pasig,SM Center Pasig,metro-manila
glenn electronics erald food express,GLENN ELECTRONICS ERALD FOOD EXPRESS (DONNAVELLE STREET FOOD),xentro,tanay-town-center,Tanay Town Center,
global art philippines,Global Art Philippines,megaworld,alabang-west-parade,Alabang West Parade,
global eyecare center,Global Eyecare Center,gmall,gmall-of-davao,GMall of Davao,mindanao
global headstart,Global Headstart,fishermall,quezonave,Fisher Mall Quezon Avenue,metro-manila
globe 211,GLOBE 211 (NEW),robinsons,robinsons-dumaguete,Robinsons Place Dumaguete,visayas
globe ca exhibit network,GLOBE CA EXHIBIT NETWORK,xentro,montalban-town-center,Montalban Town Center,
globe in house solution,GLOBE IN-HOUSE SOLUTION,xentro,tanay-town-center,Tanay Town Center,
giardini del sole,GIARDINI DEL SOLE,sm,sm-seaside-city-cebu,SM Seaside City Cebu,visayas
giant,GIANT,ortigas,greenhills,Greenhills,metro-manila
ghostrecon cyberhub internet,GHOSTRECON CYBERHUB INTERNET,sm,sm-city-davao,SM City Davao,mindanao
ganso shabuwayganso gyukatsu,GANSO SHABUWAYGANSO GYUKATSU,sm,moa-square,MOA Square,metro-manila
garden in pares,Garden In Pares,waltermart,candelaria,WalterMart Candelaria,south-luzon
garden wing cafe,Garden Wing Cafe,megaworld,newport-city,Newport City,
garnet,GARNET,sm,sm-city-san-lazaro,SM City San Lazaro,metro-manila
garnish,Garnish,robinsons,robinsons-dumaguete,Robinsons Place Dumaguete,visayas
garrys thai massage and spa,GARRYS THAI MASSAGE AND SPA,sm,sm-city-laoag,SM City Laoag,north-luzon
garys thai massage,Gary's Thai Massage,robinsons,robinsons-ilocos,Robinsons Place Ilocos,north-luzon
gasa,GASA,sm,sm-city-butuan,SM City Butuan,mindanao
gashapon bandai official,GASHAPON BANDAI OFFICIAL,robinsons,robinsons-manila,Robinsons Place Manila,metro-manila
gat petshop,GAT Petshop,ortigas,tiendesitas,Tiendesitas,metro-manila
gatchalian medical center,GATCHALIAN MEDICAL CENTER,sm,sm-center-ormoc,SM Center Ormoc,visayas
gatsu man,Gatsu-Man,megaworld,uptown-mall,Uptown Mall,
gaudencious lugaw to go,Gaudencious Lugaw To Go,robinsons,robinsons-tagum,Robinsons Place Tagum,mindanao
gayles flower shop pampanga,GAYLES FLOWER SHOP PAMPANGA,sm,sm-city-pampanga,SM City Pampanga,north-luzon
gb mobile,GB MOBILE,sm,sm-city-marilao,SM City Marilao,north-luzon
gc collectibles,Gc Collectibles,ortigas,greenhills,Greenhills,metro-manila
gaoc dental,GAOC Dental,robinsons,robinsons-magnolia,Robinsons Magnolia,metro-manila
gangji produced hongkong cafe,GANGJI PRODUCED HONGKONG CAFÉ,sm,sm-city-north-edsa,SM City North Edsa,metro-manila
gh mobile phones and accessories store,GH MOBILE PHONES AND ACCESSORIES STORE,sm,sm-city-iloilo,SM City Iloilo,visayas
gang nam nail art studio,GANG-NAM NAIL ART STUDIO,starmall,san-jose-del-monte,Starmall San Jose del Monte,north-luzon
gambas stuffed toys,Gamba’s Stuffed Toys,filinvest,fora,Fora Mall,south-luzon
game link trading,Game Link Trading,gmall,gmall-of-davao,GMall of Davao,mindanao
game site accessories,Game Site Accessories,filinvest,festival-mall,Festival Mall,metro-manila
game source,Game Source,robinsons,robinsons-manila,Robinsons Place Manila,metro-manila
gamen core,Gamen Core,waltermart,dasmarinas,WalterMart Dasmariñas,south-luzon
gamen core computer laptop repair services,GAMEN CORE COMPUTER LAPTOP REPAIR SERVICES,sm,sm-center-lemery,SM Center Lemery,south-luzon
gameplace,The Gameplace,robinsons,robinsons-lipa,Robinsons Place Lipa,south-luzon
gamequest,Gamequest,ortigas,greenhills,Greenhills,metro-manila
gamesite,Gamesite,filinvest,festival-mall,Festival Mall,metro-manila
gamesite net cafe,GAMESITE NET CAFE,robinsons,robinsons-cainta,Robinsons Cainta,metro-manila
gametime athletics,GAMETIME ATHLETICS,ayala,ayala-market-market,Market! Market!,metro-manila
gaming library,GAMING LIBRARY,ayala,ayala-greenbelt,Greenbelt,metro-manila
gandang ricky reyes,GANDANG RICKY REYES,ayala,ayala-market-market,Market! Market!,metro-manila
gandiva archery,Gandiva Archery,gmall,gmall-of-davao,GMall of Davao,mindanao
gang gang chicken,GANG GANG CHICKEN,robinsons,robinsons-metro-east,Robinsons Metro East,metro-manila
gcash atm,GCash ATM,megaworld,lucky-chinatown-mall,Lucky Chinatown Mall,
gcf sta rosa worship center 0943 7096932,GCF Sta. Rosa Worship Center 0943-7096932,robinsons,robinsons-sta-rosa,Robinsons Sta. Rosa,south-luzon
gdgt zone,GDGT ZONE,sm,sm-savemore-apalit,SM Savemore Apalit,north-luzon
geewan,GEEWAN,sm,sm-city-naga,SM City Naga,south-luzon
genoveza sabor ilonggo pasalubong center,GENOVEZA SABOR ILONGGO PASALUBONG CENTER,sm,sm-city-iloilo,SM City Iloilo,visayas
gentext telecom,Gentext Telecom,robinsons,robinsons-starmills,Robinsons Starmills,north-luzon
geocon by gadget get,Geocon By Gadget Get,ortigas,greenhills,Greenhills,metro-manila
george & onnies,George & Onnie’s,megaworld,mckinley-west,McKinley West,
george and onnies filipino restaurant,GEORGE AND ONNIE'S FILIPINO RESTAURANT,sm,sm-megamall,SM Megamall,metro-manila
geri,Geri,megaworld,venice-grand-canal-mall,Venice Grand Canal Mall,
gerrs grill,GERR'S GRILL,robinsons,robinsons-pagadian,Robinsons Pagadian,mindanao
gerry s grill,Gerry\'s Grill,gmall,gmall-of-davao,GMall of Davao,mindanao
gerrys grill temporarily closed,Gerry's Grill TEMPORARILY CLOSED,robinsons,robinsons-tuguegarao,Robinsons Place Tuguegarao,north-luzon
get technologies,GET TECHNOLOGIES,robinsons,robinsons-palawan,Robinsons Place Palawan,south-luzon
getaway body nails spa,THE GETAWAY BODY NAILS SPA,sm,sm-city-sta-mesa,SM City Sta. Mesa,metro-manila
getwell health system,Getwell Health System,fishermall,malabon,Fisher Mall Malabon,metro-manila
gforce dance center,Gforce Dance Center,filinvest,festival-mall,Festival Mall,metro-manila
ggi massage wellness centre,GGI MASSAGE WELLNESS CENTRE,sm,sm-seaside-city-cebu,SM Seaside City Cebu,visayas
gh minicon,GH Minicon,ortigas,greenhills,Greenhills,metro-manila
generika ketai cellphone repair 1,GENERIKA KETAI CELLPHONE REPAIR 1,xentro,montalban-town-center,Montalban Town Center,
generics pharmacy mdh key access duplication and accesories,THE GENERICS PHARMACY MDH Key Access Duplication and Accesories,xentro,xentro-mall-calapan,XentroMall Calapan,
generics pharmacy 0933 476 6488,The Generics Pharmacy 0933-476-6488,robinsons,robinsons-angeles,Robinsons Angeles,north-luzon
gelron street foods,GELRON STREET FOODS,sm,sm-city-cabanatuan,SM City Cabanatuan,north-luzon
gegatech,Gegatech,robinsons,robinsons-butuan,Robinsons Place Butuan,mindanao
geh20,GEH20,sm,sm-city-cabanatuan,SM City Cabanatuan,north-luzon
gelato by chef miko,Gelato by Chef Miko,ortigas,greenhills,Greenhills,metro-manila
geleen cellphone and accessories,Geleen Cellphone and Accessories,robinsons,robinsons-imus,Robinsons Place Imus,south-luzon
gelrocks,Gelrocks,robinsons,robinsons-lipa,Robinsons Place Lipa,south-luzon
gelron lugawan,GELRON LUGAWAN,sm,sm-city-cabanatuan,SM City Cabanatuan,north-luzon
gem gallery,GEM GALLERY,sm,sm-city-north-edsa,SM City North Edsa,metro-manila
general photo,GENERAL PHOTO,ayala,ayala-glorietta,Glorietta,metro-manila
gems & jewels,GEMS & JEWELS,ayala,ayala-pavilion,Pavilion Mall,south-luzon
gems empanada,Gems Empanada,robinsons,robinsons-la-union,Robinsons Place La Union,north-luzon
gems jewel by carla,GEMS JEWEL BY CARLA,sm,sm-city-butuan,SM City Butuan,mindanao
gemstone jewellery,GEMSTONE JEWELLERY,sm,sm-city-cagayan-de-oro,SM City CDO Uptown,mindanao
gen korean bbq house,GEN KOREAN BBQ HOUSE,sm,sm-by-the-bay,SM By the Bay,metro-manila
gene m gozum,Gene M. Gozum,robinsons,robinsons-manila,Robinsons Place Manila,metro-manila
gmp mobile gear,GMP Mobile Gear,gmall,gmall-of-digos,GMall of Digos,mindanao
gnarly,Gnarly,ortigas,greenhills,Greenhills,metro-manila
gnb collectibles hangout,GNB COLLECTIBLES HANGOUT,araneta,ali-mall,Ali Mall,metro-manila
green day matcha bar,Green Day Matcha Bar,robinsons,robinsons-north-tacloban,Robinsons North Tacloban,visayas
greenbucks,Greenbucks,waltermart,makiling,WalterMart Makiling,south-luzon
greenlife,Greenlife,robinsons,robinsons-iloilo,Robinsons Place Iloilo,visayas
greenmart,Greenmart,ortigas,greenhills,Greenhills,metro-manila
greenscape petshop and supplies,Greenscape Petshop And Supplies,megaworld,festive-walk-parade,Festive Walk Parade,
greentab open,GREENTAB OPEN,robinsons,robinsons-los-banos,Robinsons Town Mall Los Banos,south-luzon
greenwich cjm ciomai and gulaman pandan enterprises buko express,GREENWICH CJM CIOMAI AND GULAMAN PANDAN ENTERPRISES/ BUKO EXPRESS,xentro,tanay-town-center,Tanay Town Center,
greenwich grw cellphone,GREENWICH GRW CELLPHONE,xentro,montalban-town-center,Montalban Town Center,
greenwich tk takoyaki,GREENWICH TK TAKOYAKI,xentro,xentro-mall-calapan,XentroMall Calapan,
greenwood,Greenwood,robinsons,robinsons-dasmarinas,Robinsons Place Dasmarinas,south-luzon
greenwood furniture,Greenwood Furniture,robinsons,robinsons-dasmarinas,Robinsons Place Dasmarinas,south-luzon
greetings from taiwan,GREETINGS FROM TAIWAN (9989998816),robinsons,robinsons-magnolia,Robinsons Magnolia,metro-manila
gregorias curtains and trims haus,GREGORIAS CURTAINS AND TRIMS HAUS,sm,sm-city-cebu,SM City Cebu,visayas
grent cellphone station,GRENT CELLPHONE STATION,sm,sm-city-calamba,SM City Calamba,south-luzon
grent cellphone station accessories,GRENT CELLPHONE STATION ACCESSORIES,sm,sm-center-muntinlupa,SM Center Muntinlupa,metro-manila
grey fashion collection,GREY FASHION COLLECTION,ayala,ayala-market-market,Market! Market!,metro-manila
green lane,GREEN LANE,ayala,ayala-the-district-imus,The District Imus,south-luzon
green coco,GREEN COCO,robinsons,galleria-south,Robinsons Galleria South,south-luzon
gran moshi koshi of tokyo,GRAN MOSHI KOSHI OF TOKYO,ayala,ayala-vertis,Ayala Malls Vertis North,metro-manila
green box hub,Green Box Hub,robinsons,robinsons-manila,Robinsons Place Manila,metro-manila
grand hope ventures travel,GRAND HOPE VENTURES TRAVEL,ayala,ayala-center-cebu,Ayala Center Cebu,visayas
grand prg gems inc,"GRAND PRG GEMS, INC.",xentro,ab-central,Ab Central,
grandmas sandwich grilled and healthy,GRANDMAS SANDWICH GRILLED AND HEALTHY,sm,sm-city-valenzuela,SM City Valenzuela,metro-manila
grandscape travel tours,GRANDSCAPE TRAVEL TOURS,sm,sm-city-cagayan-de-oro,SM City CDO Uptown,mindanao
graphic,GRAPHIC,ayala,ayala-centrio,Centrio Mall,mindanao
graphic gadget store,Graphic Gadget Store,robinsons,robinsons-valencia,Robinsons Place Valencia,mindanao
graphic star,GRAPHIC STAR,ayala,ayala-center-cebu,Ayala Center Cebu,visayas
graphicstar,GRAPHICSTAR,sm,sm-city-cebu,SM City Cebu,visayas
gray enterprise,GRAY ENTERPRISE,ayala,ayala-market-market,Market! Market!,metro-manila
great buddha cafe,THE GREAT BUDDHA CAFE,sm,sm-city-tanza,SM City Tanza,south-luzon
greatdays travel & tours,GREATDAYS TRAVEL & TOURS,robinsons,robinsons-novaliches,Robinsons Novaliches,metro-manila
greattoys online com,Greattoys Online.com,ortigas,greenhills,Greenhills,metro-manila
greekys shawarma,Greekys Shawarma,xentro,shopking,Shopking,
green bounty,GREEN BOUNTY,sm,sm-lanang,SM Lanang,mindanao
green bounty kitchen,THE GREEN BOUNTY KITCHEN,sm,sm-city-davao,SM City Davao,mindanao
greyhound cafe 0917 834 5534,Greyhound Cafe 0917 834 5534,robinsons,robinsons-magnolia,Robinsons Magnolia,metro-manila
grill,The Grill,robinsons,robinsons-santiago,Robinsons Place Santiago,north-luzon
grill central,GRILL CENTRAL,robinsons,robinsons-bacolod,Robinsons Place Bacolod,visayas
grill meister,Grill Meister,ortigas,greenhills,Greenhills,metro-manila
guess outlet,GUESS OUTLET,ayala,ayala-centrio,Centrio Mall,mindanao
gugu manju 9398327553,GUGU MANJU 9398327553,robinsons,robinsons-butuan,Robinsons Place Butuan,mindanao
gugu manju open,GUGU MANJU OPEN,robinsons,robinsons-novaliches,Robinsons Novaliches,metro-manila
guillers antiques & collectibles,GUILLER'S ANTIQUES & COLLECTIBLES,araneta,ali-mall,Ali Mall,metro-manila
guimhealth,Guimhealth,robinsons,robinsons-iloilo,Robinsons Place Iloilo,visayas
gulaman avenue,Gulaman Avenue,robinsons,robinsons-novaliches,Robinsons Novaliches,metro-manila
gulaman coolers,Gulaman Coolers,xentro,shopking,Shopking,
gulaman street,GULAMAN STREET,xentro,morong-centerpoint,Morong Centerpoint,
gumball machine,Gumball Machine,robinsons,robinsons-imus,Robinsons Place Imus,south-luzon
gumbo,GUMBO,sm,sm-megamall,SM Megamall,metro-manila
gunnery ph,Gunnery Ph,filinvest,festival-mall,Festival Mall,metro-manila
gupit galleria,GUPIT GALLERIA,robinsons,robinsons-galleria-ortigas,Robinsons Galleria,metro-manila
guri guri orange paradise,GURI GURI ORANGE PARADISE,sm,sm-mall-of-asia,SM Mall of Asia,metro-manila
gusteau s,Gusteau\'s,gmall,gmall-of-davao,GMall of Davao,mindanao
guzman studio,GUZMAN STUDIO,sm,sm-city-lucena,SM City Lucena,south-luzon
guerrero house of aesthetics,GUERRERO HOUSE OF AESTHETICS,sm,sm-city-fairview,SM City Fairview,metro-manila
guerlain,GUERLAIN,ayala,ayala-greenbelt,Greenbelt,metro-manila
gucci,GUCCI,ayala,ayala-greenbelt,Greenbelt,metro-manila
gsis,GSIS,sm,sm-city-north-edsa,SM City North Edsa,metro-manila
grill specialist inc,"GRILL SPECIALIST, INC. ( GUDSILOG )",xentro,balagtas-town-center,Balagtas Town Center,
grillily,Grillily,robinsons,robinsons-las-pinas,Robinsons Place Las Pinas,metro-manila
growing in christ fellowship,Growing In Christ Fellowship,robinsons,robinsons-otis,Robinsons Otis,metro-manila
grumpy storm,GRUMPY STORM,sm,sm-city-baliwag,SM City Baliwag,north-luzon
grupo barbero,Grupo Barbero,xentro,shopking,Shopking,
grwm,Grwm (kiosk),filinvest,festival-mall,Festival Mall,metro-manila
gsis gw ps,GSIS GW@PS ( Temporarily closed ),robinsons,robinsons-bacolod,Robinsons Place Bacolod,visayas
gubys chicharon,Guby's Chicharon,robinsons,robinsons-santiago,Robinsons Place Santiago,north-luzon
gsm jam tools,Gsm Jam Tools,ortigas,greenhills,Greenhills,metro-manila
gsp money changer,GSP Money Changer,robinsons,robinsons-imus,Robinsons Place Imus,south-luzon
gt fleurs,GT FLEURS,sm,sm-center-pulilan,SM Center Pulilan,north-luzon
gtj hongkong style fried noodles,GTJ-HONGKONG STYLE FRIED NOODLES,sm,sm-city-naga,SM City Naga,south-luzon
gtoys,Gtoy's,ortigas,greenhills,Greenhills,metro-manila
guapos barbershop,Guapo's Barbershop,ortigas,the-strip,The Strip,metro-manila
grand hope travel & tours,GRAND HOPE TRAVEL & TOURS,sm,sm-city-cebu,SM City Cebu,visayas
grainsmart,GRAINSMART,ayala,ayala-market-market,Market! Market!,metro-manila
gnos pika pika,GNO's Pika Pika,fishermall,quezonave,Fisher Mall Quezon Avenue,metro-manila
golden bowl dimsum express,GOLDEN BOWL DIMSUM EXPRESS,sm,sm-city-cebu,SM City Cebu,visayas
golden crest arts & frames,GOLDEN CREST ARTS & FRAMES,ayala,ayala-glorietta,Glorietta,metro-manila
golden haven,GOLDEN HAVEN,starmall,san-jose-del-monte,Starmall San Jose del Monte,north-luzon
golden hills jewelry,GOLDEN HILLS JEWELRY,sm,sm-city-clark,SM City Clark,north-luzon
golden lady,GOLDEN LADY,sm,sm-megamall,SM Megamall,metro-manila
golden monkey,Golden Monkey,ortigas,greenhills,Greenhills,metro-manila
golden phoniex,Golden Phoniex,ortigas,greenhills,Greenhills,metro-manila
golden tri bloc,GOLDEN TRI- BLOC,xentro,ab-central,Ab Central,
goldilocks 0965 428 5821,Goldilocks 0965-428-5821,robinsons,robinsons-angeles,Robinsons Angeles,north-luzon
goldilocks bakeshop inc sailor burger,"GOLDILOCKS BAKESHOP, INC. SAILOR BURGER",xentro,tanay-town-center,Tanay Town Center,
goldilocks mayandug cellphone and accessories,GOLDILOCKS MAYANDUG CELLPHONE AND ACCESSORIES,xentro,xentro-mall-lemery,XentroMall Lemery,
goldilocks mini gem exhibit,GOLDILOCKS MINI GEM EXHIBIT (5),xentro,montalban-town-center,Montalban Town Center,
goldmine,GOLDMINE,robinsons,robinsons-novaliches,Robinsons Novaliches,metro-manila
goldsight telecoms,GOLDSIGHT TELECOMS,sm,sm-city-clark,SM City Clark,north-luzon
gong cha 0906 175 3810,Gong Cha 0906-175-3810,robinsons,robinsons-iligan,Robinsons Place Iligan,mindanao
gong cha 0938 438 0315,GONG CHA 0938-438-0315,robinsons,robinsons-pangasinan,Robinsons Place Pangasinan,north-luzon
golden catch,The Golden Catch,robinsons,robinsons-magnolia,Robinsons Magnolia,metro-manila
gold star,Gold Star,robinsons,robinsons-tacloban,Robinsons Place Tacloban,visayas
grail cleaning services,GRAIL CLEANING SERVICES,sm,the-podium,The Podium,metro-manila
gold n gems,Gold N Gems,ortigas,greenhills,Greenhills,metro-manila
go bento,Go Bento,robinsons,robinsons-galleria-ortigas,Robinsons Galleria,metro-manila
go ginataan,GO GINATAAN,sm,sm-city-sta-mesa,SM City Sta. Mesa,metro-manila
go gym,Go Gym,megaworld,venice-grand-canal-mall,Venice Grand Canal Mall,
go hotels,Go Hotels,robinsons,robinsons-otis,Robinsons Otis,metro-manila
go mobile enterprise,Go Mobile Enterprise,waltermart,plaridel,WalterMart Plaridel,north-luzon
go pedal ph,Go Pedal Ph,megaworld,arcovia-city,Arcovia City,
goco optical royale fashion shop,Goco Optical ROYALE FASHION SHOP ( EBN FASHION ),xentro,xentro-mall-calapan,XentroMall Calapan,
godies trading,Godie's Trading,waltermart,gapan,WalterMart Gapan,north-luzon
gods gift printshoppe dunkin donuts,GOD'S GIFT PRINTSHOPPE DUNKIN DONUTS,xentro,montalban-town-center,Montalban Town Center,
gogo gadgets,Gogo Gadgets,ortigas,greenhills,Greenhills,metro-manila
gold accent jewelry by jrose,GOLD ACCENT JEWELRY BY JROSE,sm,sm-city-davao,SM City Davao,mindanao
gold and pearls,GOLD AND PEARLS,sm,sm-city-clark,SM City Clark,north-luzon
gold buyers,GOLD BUYERS,araneta,farmers-plaza,Farmers Plaza,metro-manila
gold lounge,Gold Lounge,ortigas,estancia,Estancia,metro-manila
gold mine,Gold Mine,robinsons,robinsons-novaliches,Robinsons Novaliches,metro-manila
gong cha open,Gong Cha (OPEN},robinsons,robinsons-lipa,Robinsons Place Lipa,south-luzon
good barber,THE GOOD BARBER,robinsons,robinsons-galleria-ortigas,Robinsons Galleria,metro-manila
good bread by el cielito hotels,GOOD BREAD BY EL CIELITO HOTELS,sm,sm-city-baguio,SM City Baguio,north-luzon
good farmer,THE GOOD FARMER,ayala,ayala-solenad,Ayala Malls Nuvali,south-luzon
goto tendon,Goto Tendon,ortigas,greenhills,Greenhills,metro-manila
goto time,Goto Time,gmall,gmall-of-toril,GMall of Toril,mindanao
goto topps,GOTO TOPPS,ayala,ayala-marikina,Ayala Malls Marikina,metro-manila
goto zone,Goto Zone,robinsons,robinsons-dasmarinas,Robinsons Place Dasmarinas,south-luzon
gotsoul mnl,GotSoul MNL,megaworld,forbes-town,Forbes Town,
gotyme atm,Gotyme ATM,megaworld,uptown-mall,Uptown Mall,
gourmet frappe,Gourmet Frappe,gmall,gmall-of-tagum,GMall of Tagum,mindanao
gpc money changer,GPC MONEY CHANGER,ayala,ayala-malls-central-bloc,Ayala Malls Central Bloc,visayas
grace mini mart,Grace Mini Mart,megaworld,california-garden-square,California Garden Square,
grace pharmacy,GRACE PHARMACY,ayala,ayala-capitol-central,Ayala Malls Capitol Central,visayas
gracious angeli travel & tours 9175061999,Gracious Angeli Travel & Tours 9175061999,robinsons,robinsons-santiago,Robinsons Place Santiago,north-luzon
gracious angeli travel tours,GRACIOUS ANGELI TRAVEL TOURS,sm,sm-city-baguio,SM City Baguio,north-luzon
graffitea milk tea house,GRAFFITEA MILK TEA HOUSE,xentro,xentro-mall-calapan,XentroMall Calapan,
graffiti bar,Graffiti Bar,megaworld,eastwood-city-walk,Eastwood City Walk,
grail,Grail,ortigas,greenhills,Greenhills,metro-manila
goto pilipinas,Goto Pilipinas,waltermart,muntinlupa,WalterMart Muntinlupa,metro-manila
goto lovers,Goto Lovers,robinsons,robinsons-dasmarinas,Robinsons Place Dasmarinas,south-luzon
goto king plus,GOTO KING PLUS,sm,sm-city-fairview,SM City Fairview,metro-manila
goodluck fengshui,Goodluck Fengshui,robinsons,robinsons-manila,Robinsons Place Manila,metro-manila
good kause,GOOD KAUSE,ayala,ayala-centrio,Centrio Mall,mindanao
good luck hotpot,Good Luck Hotpot,ortigas,greenhills,Greenhills,metro-manila
good noodle korean food mart,Good-Noodle Korean Food Mart,megaworld,san-lorenzo-place-mall,San Lorenzo Place Mall,
good soles ph,GOOD SOLES PH,robinsons,robinsons-galleria-ortigas,Robinsons Galleria,metro-manila
good steward,THE GOOD STEWARD,sm,sm-city-clark,SM City Clark,north-luzon
goodkause,GOODKAUSE,sm,sm-cdo-downtown,SM CDO Downtown Premier,mindanao
googoo sweet cake,Googoo Sweet Cake,robinsons,robinsons-iligan,Robinsons Place Iligan,mindanao
goto de antonio,GOTO DE ANTONIO,sm,sm-city-cauayan,SM City Cauayan,north-luzon
gootopia,GOOTOPIA,sm,sm-mall-of-asia,SM Mall of Asia,metro-manila
gorgeous luxe nail spa,GORGEOUS LUXE NAIL SPA,sm,sm-city-fairview,SM City Fairview,metro-manila
gosalads,GOSALADS,sm,sm-city-north-edsa,SM City North Edsa,metro-manila
got game,GOT GAME,sm,sm-jmall,SM J Mall,visayas
goto asia,GOTO ASIA,starmall,alabang,Starmall Alabang,metro-manila
goto believe,Goto Believe,megaworld,california-garden-square,California Garden Square,
gam ja friez,GAM JA FRIEZ,robinsons,robinsons-metro-east,Robinsons Metro East,metro-manila
galvan cellphone accessories shop,GALVAN CELLPHONE ACCESSORIES SHOP,xentro,balagtas-town-center,Balagtas Town Center,
galo dental,Galo Dental,robinsons,robinsons-iloilo,Robinsons Place Iloilo,visayas
fivea,FIVEA,ayala,ayala-glorietta,Glorietta,metro-manila
fixed to fit,FIXED TO FIT,robinsons,robinsons-las-pinas,Robinsons Place Las Pinas,metro-manila
fixin zone,FIXIN ZONE,robinsons,robinsons-santiago,Robinsons Place Santiago,north-luzon
fixin zone gadget repair shop,FIXIN ZONE GADGET REPAIR SHOP,sm,sm-center-tuguegarao-downtown,SM Center Tuguegarao Downtown,north-luzon
fixst 9156326558,Fixst 9156326558,robinsons,robinsons-santiago,Robinsons Place Santiago,north-luzon
fjv cellphone accessories,FJV CELLPHONE ACCESSORIES,sm,sm-center-pulilan,SM Center Pulilan,north-luzon
flash box,FLASH BOX,robinsons,robinsons-angeles,Robinsons Angeles,north-luzon
flash connect,FLASH CONNECT,sm,sm-center-angono,SM Center Angono,metro-manila
flashy case,FLASHY CASE,robinsons,robinsons-antipolo,Robinsons Place Antipolo,metro-manila
flatwhite cafe,FLATWHITE CAFE,sm,sm-city-lipa,SM City Lipa,south-luzon
flavours of manila,Flavours of Manila,robinsons,robinsons-dumaguete,Robinsons Place Dumaguete,visayas
fleek eyebrow and beauty clinic,FLEEK EYEBROW AND BEAUTY CLINIC,sm,sm-megamall,SM Megamall,metro-manila
flerr,FLERR,sm,sm-city-davao,SM City Davao,mindanao
fleur de liz flower shop,Fleur De Liz Flower Shop,waltermart,antipolo,WalterMart Antipolo,metro-manila
flex zone,FLEX ZONE,robinsons,robinsons-gapan,Robinsons Gapan,north-luzon
flex zone opc,Flex Zone OPC,robinsons,robinsons-novaliches,Robinsons Novaliches,metro-manila
fix&free salon,FIX&FREE SALON,waltermart,naic,WalterMart Naic,south-luzon
fiuntime exhibit,FIUNTIME EXHIBIT,xentro,xentro-mall-roxas,XentroMall Roxas,
fino leatherware,FINO LEATHERWARE,ayala,ayala-glorietta,Glorietta,metro-manila
fitness factory,Fitness Factory,megaworld,mactan-newtown,Mactan Newtown,
fioretti jewellery,Fioretti Jewellery,ortigas,greenhills,Greenhills,metro-manila
fiorgelato,Fiorgelato,gmall,gmall-of-digos,GMall of Digos,mindanao
fire exit,Fire Exit,ortigas,estancia,Estancia,metro-manila
first family appliance,The First Family Appliance,gmall,gmall-of-tagum,GMall of Tagum,mindanao
first metro investment hub,FIRST METRO INVESTMENT HUB,ayala,ayala-abreeza,Abreeza,mindanao
first metro securities,FIRST METRO SECURITIES,ayala,ayala-abreeza,Abreeza,mindanao
first state rural bank inc,First State Rural Bank Inc.,robinsons,robinsons-iloilo,Robinsons Place Iloilo,visayas
fish & co modern shanghai,FISH & CO / MODERN SHANGHAI,ayala,ayala-up-town-center,U. P. Town Center,metro-manila
fisher dept store,Fisher Dept. Store,fishermall,malabon,Fisher Mall Malabon,metro-manila
fisher snacks 2,Fisher Snacks 2,fishermall,quezonave,Fisher Mall Quezon Avenue,metro-manila
fisher toy store,FISHER TOY STORE,fishermall,malabon,Fisher Mall Malabon,metro-manila
fishes seafood and wine,Fishes Seafood And Wine,filinvest,il-corso,IL Corso,visayas
fit white,Fit White,megaworld,festive-walk-parade,Festive Walk Parade,
fit x gym 0919 913 1031,Fit-X Gym 0919-913-1031,robinsons,robinsons-sta-rosa,Robinsons Sta. Rosa,south-luzon
fitlab,FITLAB,fishermall,malabon,Fisher Mall Malabon,metro-manila
flexzone,FLEXZONE,robinsons,robinsons-metro-east,Robinsons Metro East,metro-manila
flight 001,FLIGHT 001,ayala,ayala-center-cebu,Ayala Center Cebu,visayas
flight 001 8470 5049,Flight 001 (02) 8470-5049,robinsons,robinsons-magnolia,Robinsons Magnolia,metro-manila
flip sole,Flip Sole,robinsons,robinsons-naga,Robinsons Place Naga,south-luzon
fns,FN's,robinsons,robinsons-ilocos,Robinsons Place Ilocos,north-luzon
focal sight by delos reyes optical,FOCAL SIGHT BY DELOS REYES OPTICAL,sm,sm-city-consolacion,SM City Consolacion,visayas
focal sight international,FOCAL SIGHT INTERNATIONAL,ayala,ayala-center-cebu,Ayala Center Cebu,visayas
focus optical,Focus Optical,robinsons,robinsons-tacloban,Robinsons Place Tacloban,visayas
focus optical clinic,Focus Optical Clinic,waltermart,balayan,WalterMart Balayan,south-luzon
focus s,Focus.s,megaworld,eastwood-city-walk,Eastwood City Walk,
focuss,FOCUSS,sm,sm-city-north-edsa,SM City North Edsa,metro-manila
fomo music lounge,FOMO MUSIC LOUNGE,sm,sm-city-butuan,SM City Butuan,mindanao
fon plus,Fon Plus,robinsons,robinsons-naga,Robinsons Place Naga,south-luzon
fone n rigs,Fone N’ Rigs,filinvest,festival-mall,Festival Mall,metro-manila
fone plus,Fone Plus,robinsons,robinsons-north-tacloban,Robinsons North Tacloban,visayas
fone range,Fone Range,robinsons,robinsons-pangasinan,Robinsons Place Pangasinan,north-luzon
fone scoopz,FONE SCOOPZ,sm,sm-city-cagayan-de-oro,SM City CDO Uptown,mindanao
fone zone,FONE ZONE,sm,sm-city-cabanatuan,SM City Cabanatuan,north-luzon
fonebook,FONEBOOK,ayala,ayala-trinoma,Trinoma,metro-manila
fmf c idol cellphone accessories,FMF C IDOL CELLPHONE ACCESSORIES,xentro,balagtas-town-center,Balagtas Town Center,
flyweight,Flyweight,megaworld,forbes-town,Forbes Town,
fluffy floss cotton candy,FLUFFY FLOSS COTTON CANDY,robinsons,robinsons-lipa,Robinsons Place Lipa,south-luzon
florentinas kainan,Florentina's Kainan,robinsons,robinsons-novaliches,Robinsons Novaliches,metro-manila
flirt waxing lounge,FLIRT WAXING LOUNGE,sm,smdc-light-mall,SMDC Light Mall,smdc
flor accessories,FLOR ACCESSORIES,robinsons,robinsons-cagayan-de-oro,Robinsons Cagayan de Oro,mindanao
florabel,Florabel,ortigas,estancia,Estancia,metro-manila
floral emotions,FLORAL EMOTIONS,ayala,ayala-harbor-point,Harbor Point,north-luzon
florantes pasalubong,FLORANTE'S PASALUBONG,ayala,ayala-serin,Ayala Malls Serin,south-luzon
florazol rtw shop,Florazol RTW Shop,araneta,farmers-plaza,Farmers Plaza,metro-manila
florsheimnaturalizer,FLORSHEIMNATURALIZER,sm,sm-city-davao,SM City Davao,mindanao
fluffy floss,FLUFFY FLOSS,sm,sm-city-lipa,SM City Lipa,south-luzon
flower farm,FLOWER FARM,ayala,ayala-solenad,Ayala Malls Nuvali,south-luzon
flower n vase,FLOWER N VASE,sm,sm-center-lemery,SM Center Lemery,south-luzon
flowerboy,FLOWERBOY,robinsons,opus,Opus Mall,metro-manila
flowers and beyond,Flowers and Beyond,robinsons,robinsons-naga,Robinsons Place Naga,south-luzon
flowers by rosalie,FLOWERS BY ROSALIE,xentro,montalban-town-center,Montalban Town Center,
flowerstoreph,FlowerStorePH,megaworld,newport-city,Newport City,
fiona jewelry,FIONA JEWELRY,sm,sm-city-north-edsa,SM City North Edsa,metro-manila
finn cotton,FINN COTTON,ayala,ayala-manila-bay,Ayala Malls Manila Bay,metro-manila
fonehub,Fonehub,robinsons,galleria-south,Robinsons Galleria South,south-luzon
felt,FELT,sm,sm-megamall,SM Megamall,metro-manila
fema,Fema (Heal-ot Blind Massage),robinsons,robinsons-gen-san,Robinsons Place GenSan,mindanao
femies cellphone,FEMIE'S CELLPHONE,xentro,mall-of-the-valley,Mall Of The Valley,
femies cp,FEMIES CP,xentro,xentro-mall-santiago,XentroMall Santiago,
fendi,FENDI,ayala,ayala-greenbelt,Greenbelt,metro-manila
ferinos bibingka,FERINOS BIBINGKA,sm,sm-city-dasmarinas,SM City Dasmariñas,south-luzon
fermin dental,Fermin Dental,megaworld,san-lorenzo-place-mall,San Lorenzo Place Mall,
fernandez associates law firm,FERNANDEZ ASSOCIATES LAW FIRM,sm,smdc-mplace-mall,SMDC Mplace Mall,smdc
fernandez optical,Fernandez Optical,robinsons,robinsons-iligan,Robinsons Place Iligan,mindanao
ferragamo,FERRAGAMO,ayala,ayala-greenbelt,Greenbelt,metro-manila
ferretti,Ferretti,gmall,gmall-of-tagum,GMall of Tagum,mindanao
fertility & reproductive medicine center corp 0956 075 2117,Fertility & Reproductive Medicine Center Corp. 0956-075-2117,robinsons,robinsons-cybergate-cebu,Robinsons Cybergate Cebu,visayas
festive finds,Festive Finds,megaworld,festive-walk-mall-iloilo,Festive Walk Mall,
festive market by savemore,Festive Market By Savemore,megaworld,festive-walk-mall-iloilo,Festive Walk Mall,
festive walk cinemas,Festive Walk Cinemas,megaworld,festive-walk-mall-iloilo,Festive Walk Mall,
festive walk cinemas snackbar,Festive Walk Cinemas - Snackbar,megaworld,festive-walk-mall-iloilo,Festive Walk Mall,
fely js,Fely J's,megaworld,uptown-mall,Uptown Mall,
felicias retail pastry shop,FELICIAS RETAIL PASTRY SHOP,sm,sm-city-bacolod,SM City Bacolod,visayas
finix,FINIX,sm,the-podium,The Podium,metro-manila
fei fei by choi garden,Fei Fei By Choi Garden,megaworld,uptown-mall,Uptown Mall,
fatty kim,Fatty Kim,fishermall,quezonave,Fisher Mall Quezon Avenue,metro-manila
faure le page,FAURE LE PAGE,ayala,ayala-greenbelt,Greenbelt,metro-manila
favorite brew,Favorite Brew,filinvest,main-square,Main Square,south-luzon
faxcable,Faxcable,ortigas,greenhills,Greenhills,metro-manila
fc home center,FC HOME CENTER,robinsons,robinsons-sta-rosa,Robinsons Sta. Rosa,south-luzon
fc home depot,FC HOME DEPOT,ayala,ayala-circuit,Ayala Malls Circuit,metro-manila
fcp sunrise travel tours,FCP SUNRISE TRAVEL TOURS,sm,sm-city-sto-tomas,SM City Sto. Tomas,south-luzon
fct autoshop & services,FCT AUTOSHOP & SERVICES,robinsons,robinsons-novaliches,Robinsons Novaliches,metro-manila
fda,FDA,starmall,alabang,Starmall Alabang,metro-manila
feast,The Feast,robinsons,robinsons-galleria-ortigas,Robinsons Galleria,metro-manila
feast & fire,FEAST & FIRE,sm,sm-city-clark,SM City Clark,north-luzon
feb gadget repair shop,FEB GADGET REPAIR SHOP,sm,sm-city-san-mateo,SM City San Mateo,metro-manila
federal express,Federal Express,filinvest,festival-mall,Festival Mall,metro-manila
feed people trading,FEED PEOPLE TRADING,ayala,ayala-market-market,Market! Market!,metro-manila
feelmore enterprises,FEELMORE ENTERPRISES,xentro,ab-central,Ab Central,
feta,Feta,megaworld,newport-city,Newport City,
fetish couture boutique,FETISH COUTURE BOUTIQUE,ayala,ayala-capitol-central,Ayala Malls Capitol Central,visayas
fg aesthetic centre,FG Aesthetic Centre,megaworld,venice-grand-canal-mall,Venice Grand Canal Mall,
fiametas plants,FIAMETA'S PLANTS,ayala,ayala-market-market,Market! Market!,metro-manila
filbela,FILBELA,araneta,farmers-plaza,Farmers Plaza,metro-manila
fili,FILI,sm,sm-city-davao,SM City Davao,mindanao
filigree,Filigree,filinvest,festival-mall,Festival Mall,metro-manila
filinvest land inc,Filinvest Land Inc,filinvest,dumaguete,Filinvest Malls Dumaguete,visayas
filipinas pawnshop inc,Filipinas Pawnshop Inc.,waltermart,north-edsa,WalterMart North EDSA,metro-manila
filipino creazione,FILIPINO CREAZIONE,robinsons,robinsons-otis,Robinsons Otis,metro-manila
filippo,FILIPPO,ayala,ayala-center-cebu,Ayala Center Cebu,visayas
fill it,Fill It,ortigas,estancia,Estancia,metro-manila
film,THE FILM,robinsons,robinsons-lipa,Robinsons Place Lipa,south-luzon
film beyond the photobooth,THE FILM BEYOND THE PHOTOBOOTH,sm,sm-city-santa-rosa,SM City Santa Rosa,south-luzon
filmat massage,FILMAT MASSAGE,xentro,sta-ana-public-market,Sta Ana Public Market,
finds a discount store,FINDS A DISCOUNT STORE,starmall,alabang,Starmall Alabang,metro-manila
fine art photographics,FINE ART PHOTOGRAPHICS,sm,sm-city-lucena,SM City Lucena,south-luzon
fine fancy,FINE FANCY,sm,sm-megamall,SM Megamall,metro-manila
finessa aesthetica,FINESSA AESTHETICA,sm,sm-city-sucat,SM City Sucat,metro-manila
filbars multiverse,Filbar's Multiverse,ortigas,greenhills,Greenhills,metro-manila
filarts gallery coffee shop,FILARTS GALLERY COFFEE SHOP,robinsons,robinsons-novaliches,Robinsons Novaliches,metro-manila
filarts gallery,FILARTS GALLERY,robinsons,robinsons-novaliches,Robinsons Novaliches,metro-manila
fiesta communities,FIESTA COMMUNITIES,robinsons,robinsons-starmills,Robinsons Starmills,north-luzon
fiasfud,FIASFUD,robinsons,opus,Opus Mall,metro-manila
fibrella service center,FIBRELLA SERVICE CENTER,sm,sm-city-north-edsa,SM City North Edsa,metro-manila
fickle fingers internet cafe,FICKLE FINGERS INTERNET CAFÉ,xentro,montalban-town-center,Montalban Town Center,
fielas sticky bun cafe,FIELAS STICKY BUN CAFE,sm,sm-city-cauayan,SM City Cauayan,north-luzon
fiesta,FIESTA,sm,sm-city-iloilo,SM City Iloilo,visayas
fiesta bingo,Fiesta Bingo (OPEN),robinsons,robinsons-iloilo,Robinsons Place Iloilo,visayas
fiesta inasal,FIESTA INASAL,sm,sm-city-roxas,SM City Roxas,visayas
fila the look,"FILA, THE LOOK",xentro,xentro-mall-cabagan,XentroMall Cabagan,
fiesta outlet store,Fiesta Outlet Store (NEW),robinsons,robinsons-iloilo,Robinsons Place Iloilo,visayas
fig & vine,FIG & VINE,robinsons,opus,Opus Mall,metro-manila
fighting korean restaurant,Fighting Korean Restaurant,megaworld,festive-walk-mall-iloilo,Festive Walk Mall,
fila italia,FILA ITALIA,sm,sm-city-north-edsa,SM City North Edsa,metro-manila
fila satellite,Fila Satellite,filinvest,festival-mall,Festival Mall,metro-manila
fila storage room yash gadgets 2,FILA STORAGE ROOM YASH GADGETS 2,xentro,xentro-mall-calapan,XentroMall Calapan,
fonebook cp & acc,FONEBOOK CP & ACC.,xentro,mall-of-the-valley,Mall Of The Valley,
food channel,FOOD CHANNEL,sm,sm-center-pasig,SM Center Pasig,metro-manila
gallery nine,GALLERY NINE,sm,sm-megamall,SM Megamall,metro-manila
fundador,Fundador,megaworld,venice-grand-canal-mall,Venice Grand Canal Mall,
funhouse time concept,FUNHOUSE TIME CONCEPT,xentro,tanay-town-center,Tanay Town Center,
funtasia kids club,Funtasia Kids Club,megaworld,newport-city,Newport City,
funtopia park,FUNTOPIA PARK,robinsons,opus,Opus Mall,metro-manila
funtours tecketing services,FUNTOURS TECKETING SERVICES,robinsons,robinsons-butuan,Robinsons Place Butuan,mindanao
furry trail crawlers,FURRY TRAIL CRAWLERS,robinsons,robinsons-metro-east,Robinsons Metro East,metro-manila
fusion,FUSION,starmall,alabang,Starmall Alabang,metro-manila
fusion outlet store,FUSION OUTLET STORE,starmall,edsa-shaw,Starmall EDSA-Shaw,metro-manila
fuzione cafe and restaurant sandugo,FUZIONE CAFE AND RESTAURANT SANDUGO,xentro,montalban-town-center,Montalban Town Center,
g force oakley,G-FORCE OAKLEY,ayala,ayala-bonifacio-high-street,Bonifacio High Street,metro-manila
g forces enterprise,G Forces Enterprise,robinsons,robinsons-tacloban,Robinsons Place Tacloban,visayas
g s p money changer,G.S.P. MONEY CHANGER,ayala,ayala-the-district-imus,The District Imus,south-luzon
g style,G-STYLE,robinsons,robinsons-cainta,Robinsons Cainta,metro-manila
g3r repair shop,G3R REPAIR SHOP,sm,sm-city-san-pablo,SM City San Pablo,south-luzon
gab pigmentation,GAB PIGMENTATION,fishermall,malabon,Fisher Mall Malabon,metro-manila
gabriel archangel toddler playschool,GABRIEL ARCHANGEL TODDLER PLAYSCHOOL,sm,sm-city-dasmarinas,SM City Dasmariñas,south-luzon
funhan mart,Funhan Mart,megaworld,mckinley-west,McKinley West,
fun playville co,FUN PLAYVILLE CO.,robinsons,robinsons-gen-san,Robinsons Place GenSan,mindanao
fruiteria,Fruiteria,ortigas,estancia,Estancia,metro-manila
fun playville,Fun Playville,gmall,gmall-of-toril,GMall of Toril,mindanao
fruity blends,FRUITY BLENDS,robinsons,robinsons-la-union,Robinsons Place La Union,north-luzon
fruity blendz,FRUITY BLENDZ (0967-316-0637),robinsons,robinsons-la-union,Robinsons Place La Union,north-luzon
frutas,FRUTAS,robinsons,robinsons-starmills,Robinsons Starmills,north-luzon
frutesca,FRUTESCA,ayala,ayala-market-market,Market! Market!,metro-manila
frying chicken x bokki bokki,FRYING CHICKEN X BOKKI BOKKI,robinsons,robinsons-gapan,Robinsons Gapan,north-luzon
ftv cosmetics,FTV Cosmetics,megaworld,newport-city,Newport City,
fubu,FUBU,starmall,alabang,Starmall Alabang,metro-manila
fuchs,FUCHS,xentro,balagtas-town-center,Balagtas Town Center,
fuentes optical,Fuentes Optical,robinsons,robinsons-tacloban,Robinsons Place Tacloban,visayas
fuji film,Fuji Film,gmall,gmall-of-davao,GMall of Davao,mindanao
fuji shin,FUJI-SHIN,robinsons,robinsons-manila,Robinsons Place Manila,metro-manila
fulloracharm,FulloraCharm,megaworld,eastwood-city-walk,Eastwood City Walk,
fun box mobile,FUN BOX MOBILE,starmall,alabang,Starmall Alabang,metro-manila
fun dkit stick and print works,FUN-DKIT STICK AND PRINT WORKS,sm,sm-city-legazpi,SM City Legazpi,south-luzon
fun house mini gem exhibit,FUN HOUSE MINI GEM EXHIBIT (1),xentro,montalban-town-center,Montalban Town Center,
gabuat,GABUAT,xentro,xentro-mall-santiago,XentroMall Santiago,
gabuat cellphone shop,GABUAT CELLPHONE SHOP,xentro,northstar-mall,Northstar Mall,
gaddis restaurant,GADDI'S RESTAURANT,xentro,northstar-mall,Northstar Mall,
gadget care,Gadget Care,gmall,gmall-of-davao,GMall of Davao,mindanao
gadze tech,Gadze Tech,robinsons,robinsons-valencia,Robinsons Place Valencia,mindanao
gaea crystal and gemstone jewelry,GAEA - CRYSTAL AND GEMSTONE JEWELRY,ayala,ayala-glorietta,Glorietta,metro-manila
gaille and george,GAILLE AND GEORGE,ayala,ayala-feliz,Ayala Malls Feliz,metro-manila
galeria anna,Galeria Anna,filinvest,festival-mall,Festival Mall,metro-manila
galeria lienzo,GALERIA LIENZO,ayala,ayala-serendra,Shops at Serendra,metro-manila
galerie francesca,GALERIE FRANCESCA,sm,sm-megamall,SM Megamall,metro-manila
galerie raphael,GALERIE RAPHAEL,ayala,ayala-center-cebu,Ayala Center Cebu,visayas
galerie y,GALERIE Y,sm,sm-megamall,SM Megamall,metro-manila
galetote,Galetote,robinsons,robinsons-palawan,Robinsons Place Palawan,south-luzon
galetote t shirt printing shoppe,GALETOTE T-SHIRT PRINTING SHOPPE,sm,sm-city-puerto-princesa,SM City Puerto Princesa,south-luzon
galleon,GALLEON,sm,sm-city-bacolod,SM City Bacolod,visayas
galleria nicolas,GALLERIA NICOLAS,ayala,ayala-greenbelt,Greenbelt,metro-manila
gallery by gch,THE GALLERY BY GCH,sm,sm-lanang,SM Lanang,mindanao
gallery frames,GALLERY FRAMES,sm,sm-megamall,SM Megamall,metro-manila
gallery genesis,Gallery Genesis,ortigas,estancia,Estancia,metro-manila
gadgetway,GADGETWAY,waltermart,sucat,WalterMart Sucat,metro-manila
gadgets station,GADGETS STATION,sm,sm-city-sta-mesa,SM City Sta. Mesa,metro-manila
gadgets lab,GADGETS LAB,robinsons,robinsons-metro-east,Robinsons Metro East,metro-manila
gadget planet,Gadget Planet,waltermart,trece-martires,WalterMart Trece Martires,south-luzon
gadget central,GADGET CENTRAL,araneta,farmers-plaza,Farmers Plaza,metro-manila
gadget core,GADGET CORE,araneta,farmers-plaza,Farmers Plaza,metro-manila
gadget corner,GADGET CORNER,sm,sm-city-pampanga,SM City Pampanga,north-luzon
gadget express,GADGET EXPRESS,sm,sm-city-urdaneta-central,SM City Urdaneta Central,north-luzon
gadget get,Gadget Get,ortigas,greenhills,Greenhills,metro-manila
gadget hub,Gadget Hub,waltermart,san-fernando,WalterMart San Fernando,north-luzon
gadget protector,GADGET PROTECTOR,sm,sm-city-san-jose-del-monte,SM City San Jose Del Monte,north-luzon
gadgetologie,Gadgetologie,ortigas,greenhills,Greenhills,metro-manila
gadget protekt,GADGET PROTEKT,sm,sm-city-cebu,SM City Cebu,visayas
gadget world,GADGET WORLD,sm,sm-city-sucat,SM City Sucat,metro-manila
gadget zone,Gadget Zone,robinsons,robinsons-pavia,Robinsons Place Pavia,visayas
gadgetbot,GADGETBOT,sm,sm-city-fairview,SM City Fairview,metro-manila
gadgetcore cellphone & accessories shop,GADGETCORE CELLPHONE & ACCESSORIES SHOP,araneta,ali-mall,Ali Mall,metro-manila
gadgetmate,Gadgetmate,robinsons,galleria-south,Robinsons Galleria South,south-luzon
fruits to go,Fruits To Go,robinsons,robinsons-bacolod,Robinsons Place Bacolod,visayas
fruitas ice candy,FRUITAS ICE CANDY,sm,sm-megamall,SM Megamall,metro-manila
food wanderer,FOOD WANDERER,ayala,ayala-manila-bay,Ayala Malls Manila Bay,metro-manila
former so en,FORMER SO-EN,xentro,xentro-mall-santiago,XentroMall Santiago,
former transfer it,FORMER TRANSFER IT,xentro,balagtas-town-center,Balagtas Town Center,
former webmax,FORMER WEBMAX,xentro,balagtas-town-center,Balagtas Town Center,
formocha taiwan milktea,FormoCha Taiwan Milktea,robinsons,robinsons-la-union,Robinsons Place La Union,north-luzon
formosa bakeshop,FORMOSA BAKESHOP,sm,smdc-strip-at-grass,SMDC Strip at Grass,smdc
forms and faces facial salon fila,Forms and Faces Facial Salon FILA,xentro,xentro-mall-calapan,XentroMall Calapan,
fortess,Fortess,robinsons,robinsons-ilocos,Robinsons Place Ilocos,north-luzon
forticare,FORTICARE,starmall,alabang,Starmall Alabang,metro-manila
forticare health stystem international inc 0917 133 3476,"Forticare Health Stystem International, Inc. 0917-133-3476",robinsons,robinsons-cybergate-cebu,Robinsons Cybergate Cebu,visayas
fortune bakeshop,Fortune Bakeshop,waltermart,general-trias,WalterMart General Trias,south-luzon
fortune tea house,FORTUNE TEA HOUSE,sm,sm-city-clark,SM City Clark,north-luzon
fotile,FOTILE,robinsons,opus,Opus Mall,metro-manila
foundever,FOUNDEVER,robinsons,robinsons-luisita,Robinsons Luisita,north-luzon
fountainhead,FOUNTAINHEAD,ayala,ayala-malls-central-bloc,Ayala Malls Central Bloc,visayas
four h handicrafts,FOUR H HANDICRAFTS,araneta,farmers-plaza,Farmers Plaza,metro-manila
four seasons hot pot,FOUR SEASONS HOT POT,sm,sm-by-the-bay,SM By the Bay,metro-manila
former sweet tooth creations,FORMER SWEET TOOTH CREATIONS,xentro,xentro-mall-santiago,XentroMall Santiago,
former lumina homes,FORMER LUMINA HOMES,xentro,balagtas-town-center,Balagtas Town Center,
fruitas fresh from babots farm,Fruitas - Fresh From Babot's Farm,robinsons,robinsons-roxas,Robinsons Place Roxas,visayas
former lbc,FORMER LBC,xentro,balagtas-town-center,Balagtas Town Center,
food world kiosk,Food World Kiosk,filinvest,festival-mall,Festival Mall,metro-manila
foodie stop,Foodie Stop,filinvest,fora,Fora Mall,south-luzon
footprint,Footprint,robinsons,robinsons-valencia,Robinsons Place Valencia,mindanao
for keeps,For Keeps,megaworld,eastwood-mall,Eastwood Mall,
for the love of prints,FOR THE LOVE OF PRINTS,ayala,ayala-abreeza,Abreeza,mindanao
fore pairs buffalo wings,FORE PAIRS BUFFALO WINGS (TEMPORARILY CLOSED),robinsons,robinsons-metro-east,Robinsons Metro East,metro-manila
foreign exchange,Foreign Exchange,robinsons,robinsons-ilocos,Robinsons Place Ilocos,north-luzon
forever beautiful,FOREVER BEAUTIFUL,sm,sm-city-north-edsa,SM City North Edsa,metro-manila
forever flawless,FOREVER FLAWLESS,sm,sm-seaside-city-cebu,SM Seaside City Cebu,visayas
forever mobile,FOREVER MOBILE,sm,sm-city-santa-rosa,SM City Santa Rosa,south-luzon
forever young spa,Forever Young Spa,robinsons,robinsons-galleria-cebu,Robinsons Galleria Cebu,visayas
former 880 enterprises,FORMER 880 ENTERPRISES,xentro,northstar-mall,Northstar Mall,
former aliah ampang cellphone & accessories,FORMER Aliah Ampang Cellphone & Accessories,xentro,balagtas-town-center,Balagtas Town Center,
former bochok rice meal,FORMER BOCHOK RICE MEAL,xentro,xentro-mall-santiago,XentroMall Santiago,
former egg pa more,FORMER EGG PA MORE,xentro,xentro-mall-tumauini,XentroMall Tumauini,
four star lotto outlet,Four Star Lotto Outlet,gmall,gmall-of-digos,GMall of Digos,mindanao
fowl bread,FOWL BREAD,ayala,ayala-bonifacio-high-street,Bonifacio High Street,metro-manila
franc frostie,FRANC FROSTIE,sm,sm-city-batangas,SM City Batangas,south-luzon
franceska,Franceska,robinsons,robinsons-iloilo,Robinsons Place Iloilo,visayas
fresh salon spa,FRESH SALON SPA,sm,sm-city-molino,SM City Molino,south-luzon
freshlookme salon,FRESHLOOKME SALON,starmall,alabang,Starmall Alabang,metro-manila
fried noodles hongkong style,Fried Noodles Hongkong Style,waltermart,guiguinto,WalterMart Guiguinto,north-luzon
fried rice express,Fried Rice Express,robinsons,robinsons-imus,Robinsons Place Imus,south-luzon
fries and benefits,FRIES AND BENEFITS,robinsons,robinsons-naga,Robinsons Place Naga,south-luzon
fries guys,FRIES GUYS,ayala,ayala-capitol-central,Ayala Malls Capitol Central,visayas
fries pa more,FRIES PA MORE,robinsons,robinsons-palawan,Robinsons Place Palawan,south-luzon
frigga charmed life,FRIGGA CHARMED LIFE,sm,sm-seaside-city-cebu,SM Seaside City Cebu,visayas
frito fries,FRITO FRIES,sm,sm-city-clark,SM City Clark,north-luzon
frosty treat,FROSTY TREAT,robinsons,robinsons-tuguegarao,Robinsons Place Tuguegarao,north-luzon
frp imp perfume collection,FRP-IMP PERFUME COLLECTION,xentro,morong-centerpoint,Morong Centerpoint,
fruit republic,FRUIT REPUBLIC,xentro,mall-of-the-valley,Mall Of The Valley,
fruitachillos,FRUITACHILLOS,robinsons,robinsons-palawan,Robinsons Place Palawan,south-luzon
fruitas & jamaican,FRUITAS & JAMAICAN,robinsons,galleria-south,Robinsons Galleria South,south-luzon
fruitas buko ni fruitas,FRUITAS/BUKO NI FRUITAS,ayala,ayala-marquee,MarQuee Mall,north-luzon
fresh salon and spa ca exhibits,FRESH SALON AND SPA CA EXHIBITS ( PROPERTY PRO ),xentro,montalban-town-center,Montalban Town Center,
fresh fragrance,Fresh Fragrance,megaworld,venice-grand-canal-mall,Venice Grand Canal Mall,
fresenius kidney care,FRESENIUS KIDNEY CARE,sm,sm-city-fairview,SM City Fairview,metro-manila
frappe dream,Frappe Dream,gmall,gmall-of-tagum,GMall of Tagum,mindanao
franchesco,FRANCHESCO (BENCH),xentro,balagtas-town-center,Balagtas Town Center,
francing leaves & herbal store,Francing Leaves & Herbal Store,robinsons,robinsons-starmills,Robinsons Starmills,north-luzon
frankie and friends,FRANKIE AND FRIENDS,sm,sm-aura,SM Aura,metro-manila
franks dirty ice cream,FRANKS DIRTY ICE CREAM,sm,sm-city-batangas,SM City Batangas,south-luzon
franky mobile accessories,FRANKY MOBILE ACCESSORIES,sm,sm-city-general-santos,SM City General Santos,mindanao
franvir,FRANVIR,sm,sm-city-bacolod,SM City Bacolod,visayas
frappy n tea,Frappy ‘n Tea,filinvest,il-corso,IL Corso,visayas
frescas frutas,FRESCAS FRUTAS,sm,sm-center-tuguegarao-downtown,SM Center Tuguegarao Downtown,north-luzon
frbj muzic mart,FRBJ MUZIC MART,sm,sm-city-naga,SM City Naga,south-luzon
fredos pinoy meals,Fredo's Pinoy Meals,megaworld,venice-grand-canal-mall,Venice Grand Canal Mall,
freedom moses,FREEDOM MOSES,ayala,ayala-trinoma,Trinoma,metro-manila
freelife,FREELIFE,robinsons,robinsons-north-tacloban,Robinsons North Tacloban,visayas
freesoul gadgets and accessories shop,FREESOUL GADGETS AND ACCESSORIES SHOP,ayala,ayala-malls-central-bloc,Ayala Malls Central Bloc,visayas
french baker salon de the,THE FRENCH BAKER SALON DE THE,sm,sm-megamall,SM Megamall,metro-manila
gwiyomi gluta spa,GWIYOMI GLUTA SPA,sm,sm-center-pulilan,SM Center Pulilan,north-luzon
gwize,Gwize,robinsons,robinsons-galleria-ortigas,Robinsons Galleria,metro-manila
gyp alteration services,GYP Alteration Services,robinsons,robinsons-galleria-cebu,Robinsons Galleria Cebu,visayas
inkwell tattoo,Inkwell Tattoo,megaworld,newport-city,Newport City,
innovator,Innovator,ortigas,greenhills,Greenhills,metro-manila
innovatronix inc,INNOVATRONIX INC.,starmall,edsa-shaw,Starmall EDSA-Shaw,metro-manila
innove asia,Innove Asia,ortigas,greenhills,Greenhills,metro-manila
inspector gadget,INSPECTOR GADGET,sm,sm-city-trece-martires,SM City Trece Martires,south-luzon
inspiration victory of altheas,INSPIRATION Victory of Altheas,xentro,xentro-mall-lemery,XentroMall Lemery,
inspire church,INSPIRE CHURCH,ayala,ayala-vertis,Ayala Malls Vertis North,metro-manila
inspired expressions bazaar,Inspired Expressions Bazaar,robinsons,robinsons-malabon,Robinsons Town Mall Malabon,metro-manila
insta 360,INSTA 360,robinsons,robinsons-manila,Robinsons Place Manila,metro-manila
insta pares,INSTA PARES,xentro,montalban-town-center,Montalban Town Center,
instagadget cellphone and accessories,INSTAGADGET CELLPHONE AND ACCESSORIES,ayala,ayala-marquee,MarQuee Mall,north-luzon
instaprint 9177188130,Instaprint 9177188130,robinsons,robinsons-magnolia,Robinsons Magnolia,metro-manila
intellicom kiosk,INTELLICOM KIOSK (Marui),araneta,farmers-plaza,Farmers Plaza,metro-manila
intellident dental clinic,INTELLIDENT DENTAL CLINIC,ayala,ayala-solenad,Ayala Malls Nuvali,south-luzon
intelliprime medical and psychological counseling 0916 364 3067,Intelliprime Medical and Psychological Counseling 0916-364-3067,robinsons,robinsons-cybergate-cebu,Robinsons Cybergate Cebu,visayas
interior homescapes,INTERIOR HOMESCAPES,ayala,ayala-abreeza,Abreeza,mindanao
inland corporation,INLAND CORPORATION,sm,sm-cdo-downtown,SM CDO Downtown Premier,mindanao
inkrite ink refilling station,INKRITE INK REFILLING STATION,sm,sm-city-north-edsa,SM City North Edsa,metro-manila
infinity smile dental clinic,INFINITY SMILE DENTAL CLINIC (0926-582-6832 /0953-913-7138),robinsons,robinsons-cagayan-de-oro,Robinsons Cagayan de Oro,mindanao
inknow,Inknow,gmall,gmall-of-tagum,GMall of Tagum,mindanao
infinix ms twirling ice cream,Infinix Ms. Twirling Ice Cream,robinsons,robinsons-naga,Robinsons Place Naga,south-luzon
infintea,INFINTEA,robinsons,robinsons-ilocos,Robinsons Place Ilocos,north-luzon
infomax gold,INFOMAX GOLD,ayala,ayala-trinoma,Trinoma,metro-manila
infonec,INFONEC,sm,sm-city-novaliches,SM City Novaliches,metro-manila
infonec kiosk,INFONEC KIOSK,araneta,farmers-plaza,Farmers Plaza,metro-manila
infused corner,INFUSED CORNER,robinsons,robinsons-novaliches,Robinsons Novaliches,metro-manila
inglorious cookies,INGLORIOUS COOKIES,ayala,ayala-malls-central-bloc,Ayala Malls Central Bloc,visayas
inihaw republic,INIHAW REPUBLIC,sm,sm-city-urdaneta-central,SM City Urdaneta Central,north-luzon
ink 1,INK 1,sm,sm-city-bacoor,SM City Bacoor,south-luzon
ink fairness,Ink Fairness,robinsons,robinsons-novaliches,Robinsons Novaliches,metro-manila
ink master,INK MASTER,sm,sm-city-santa-rosa,SM City Santa Rosa,south-luzon
ink n print,Ink N’ Print,filinvest,festival-mall,Festival Mall,metro-manila
ink now,Ink Now,gmall,gmall-of-davao,GMall of Davao,mindanao
inker 18 tattoo ca exhibits,Inker 18 Tattoo (5.04 SQM) CA EXHIBITS ( PROPERTY PRO ),xentro,montalban-town-center,Montalban Town Center,
inkman ventures rahiem com pany inc,INKMAN VENTURES ( RAHIEM COM PANY INC,xentro,montalban-town-center,Montalban Town Center,
intermatrix,Intermatrix,megaworld,eastwood-cyber-mall,Eastwood Cyber Mall,
international eye center,International Eye Center,robinsons,robinsons-starmills,Robinsons Starmills,north-luzon
interpace computer systems,Interpace Computer Systems,filinvest,dumaguete,Filinvest Malls Dumaguete,visayas
into gadgets,Into Gadgets,robinsons,robinsons-iligan,Robinsons Place Iligan,mindanao
iron will fitness gym,IRON WILL FITNESS GYM,xentro,northstar-mall,Northstar Mall,
ironic iconic by verona optical,IRONIC ICONIC BY VERONA OPTICAL,sm,sm-city-cebu,SM City Cebu,visayas
ironmans steak,IRONMAN’S STEAK,ayala,ayala-circuit,Ayala Malls Circuit,metro-manila
irvins salted egg,IRVINS SALTED EGG,sm,sm-mall-of-asia,SM Mall of Asia,metro-manila
isabela vision center,ISABELA VISION CENTER,xentro,northstar-mall,Northstar Mall,
isabella by bebe de dieu,ISABELLA BY BEBE DE DIEU,sm,sm-city-calamba,SM City Calamba,south-luzon
isdang pulo,ISDANG PULO,ayala,ayala-market-market,Market! Market!,metro-manila
iskin aesthetic lifestyle,iSKIN AESTHETIC LIFESTYLE,sm,smdc-air-mall,SMDC Air Mall,smdc
iskin cafe,ISKIN CAFÉ,sm,smdc-air-mall,SMDC Air Mall,smdc
iskrambolicious,Iskrambolicious,robinsons,robinsons-iligan,Robinsons Place Iligan,mindanao
iskrambolicious 0969 173 8089,ISKRAMBOLICIOUS 0969-173-8089,robinsons,robinsons-pangasinan,Robinsons Place Pangasinan,north-luzon
island coffee club,ISLAND COFFEE CLUB,robinsons,robinsons-palawan,Robinsons Place Palawan,south-luzon
island spa,Island Spa,megaworld,newport-city,Newport City,
island tea,Island Tea,robinsons,robinsons-cybergate-cebu,Robinsons Cybergate Cebu,visayas
island watch unisilvertime,ISLAND WATCH UNISILVERTIME,xentro,xentro-mall-calapan,XentroMall Calapan,
iroha,Iroha,ortigas,greenhills,Greenhills,metro-manila
irog snack bar,IROG - SNACK BAR,xentro,xentro-mall-roxas,XentroMall Roxas,
irog siomai house,IROG SIOMAI HOUSE (Arcane Food Business),xentro,xentro-mall-lemery,XentroMall Lemery,
ippudo ramen bar,Ippudo Ramen Bar,megaworld,uptown-mall,Uptown Mall,
ioc vision care clinic,IOC Vision Care Clinic,robinsons,robinsons-lipa,Robinsons Place Lipa,south-luzon
ionline com internet shop,Ionline.Com Internet Shop,robinsons,robinsons-north-tacloban,Robinsons North Tacloban,visayas
ip express,IP Express,robinsons,robinsons-novaliches,Robinsons Novaliches,metro-manila
ipanema satellite selling 2024,IPANEMA SATELLITE SELLING 2024,robinsons,robinsons-ilocos,Robinsons Place Ilocos,north-luzon
ippin si ji restaurant,IPPIN SI JI RESTAURANT,sm,smdc-breeze-mall,SMDC Breeze Mall,smdc
ipponyari,Ipponyari,megaworld,alabang-west-parade,Alabang West Parade,
ipro repair,IPRO REPAIR,sm,sm-city-cebu,SM City Cebu,visayas
irog,Irog,xentro,xentro-mall-calapan,XentroMall Calapan,
iqor,IQOR,robinsons,robinsons-dasmarinas,Robinsons Place Dasmarinas,south-luzon
irefresh,iRefresh,robinsons,robinsons-antipolo,Robinsons Place Antipolo,metro-manila
irepair,IREPAIR,robinsons,robinsons-antipolo,Robinsons Place Antipolo,metro-manila
irestore,Irestore,filinvest,festival-mall,Festival Mall,metro-manila
irise driving school,IRISE DRIVING SCHOOL (0960-247-6510),robinsons,robinsons-metro-east,Robinsons Metro East,metro-manila
irish potato,IRISH POTATO,sm,sm-mall-of-asia,SM Mall of Asia,metro-manila
infinix mobile,INFINIX MOBILE,robinsons,robinsons-novaliches,Robinsons Novaliches,metro-manila
infinity massage jcm exhibit depot,INFINITY MASSAGE JCM Exhibit Depot,xentro,xentro-mall-calapan,XentroMall Calapan,
ismart cellphone accessories & merchandising,Ismart Cellphone Accessories & Merchandising,robinsons,robinsons-antique,Robinsons Place Antique,visayas
ifixed gadget repair shop,IFIXED GADGET REPAIR SHOP,sm,sm-city-molino,SM City Molino,south-luzon
ifu,IFU,robinsons,robinsons-iloilo,Robinsons Place Iloilo,visayas
igadget world,IGADGET WORLD,sm,sm-lanang,SM Lanang,mindanao
igo korean mart,Igo Korean Mart,filinvest,festival-mall,Festival Mall,metro-manila
ihaw juan,IHAW JUAN,sm,sm-city-clark,SM City Clark,north-luzon
ihearbetternow 0917 794 4327,iHearBetterNow 0917-794-4327,robinsons,robinsons-cybergate-cebu,Robinsons Cybergate Cebu,visayas
ikarao,Ikarao,filinvest,festival-mall,Festival Mall,metro-manila
ikea,IKEA,sm,moa-square,MOA Square,metro-manila
ikea cakes & snacks,Ikea Cakes & Snacks,robinsons,robinsons-ormoc,Robinsons Place Ormoc,visayas
ikebukuro japanese resto bar,IKEBUKURO JAPANESE RESTO BAR,ayala,ayala-solenad,Ayala Malls Nuvali,south-luzon
ikigai,IKIGAI,ayala,ayala-manila-bay,Ayala Malls Manila Bay,metro-manila
ikinari steak,IKINARI STEAK,sm,moa-square,MOA Square,metro-manila
ikinari steakhouse,IKINARI STEAKHOUSE,robinsons,robinsons-magnolia,Robinsons Magnolia,metro-manila
ikshava juice,Ikshava Juice,filinvest,festival-mall,Festival Mall,metro-manila
il fragranza,IL FRAGRANZA,robinsons,robinsons-palawan,Robinsons Place Palawan,south-luzon
il lupino trattoria & wine bar,IL LUPINO TRATTORIA & WINE BAR,robinsons,opus,Opus Mall,metro-manila
ifixit,Ifixit,robinsons,robinsons-cagayan-de-oro,Robinsons Cagayan de Oro,mindanao
ifix migz,IFIX MIGZ,sm,sm-lanang,SM Lanang,mindanao
infinite mobile solutions,Infinite Mobile Solutions,robinsons,robinsons-pavia,Robinsons Place Pavia,visayas
ifc exchange,IFC EXCHANGE,waltermart,north-edsa,WalterMart North EDSA,metro-manila
icon 9273457826,Icon 9273457826,robinsons,robinsons-magnolia,Robinsons Magnolia,metro-manila
iconarts,Iconarts,gmall,gmall-of-davao,GMall of Davao,mindanao
iconique beauty,ICONIQUE BEAUTY,robinsons,robinsons-starmills,Robinsons Starmills,north-luzon
idara,Idara,megaworld,eastwood-city-walk,Eastwood City Walk,
idara aesthetics cafe,IDARA AESTHETICS CAFÉ,sm,sm-city-sto-tomas,SM City Sto. Tomas,south-luzon
idea vision,Idea Vision,robinsons,robinsons-tacloban,Robinsons Place Tacloban,visayas
ideal home,IDEAL HOME,sm,sm-city-north-edsa,SM City North Edsa,metro-manila
ideal siomai,Ideal Siomai,filinvest,fora,Fora Mall,south-luzon
ideal vision mezzanine area,Ideal Vision / Mezzanine Area,gmall,gmall-of-tagum,GMall of Tagum,mindanao
ideal vision premier,Ideal Vision Premier,filinvest,festival-mall,Festival Mall,metro-manila
idental square,IDENTAL SQUARE,sm,sm-city-san-jose-del-monte,SM City San Jose Del Monte,north-luzon
ides contemporary art,Ides Contemporary Art,filinvest,festival-mall,Festival Mall,metro-manila
ides contemporary arts,Ides Contemporary Arts,filinvest,festival-mall,Festival Mall,metro-manila
idiot sandwich,Idiot Sandwich,megaworld,uptown-parade,Uptown Parade,
ie creative computers,IE CREATIVE COMPUTERS,sm,sm-city-bacolod,SM City Bacolod,visayas
ilahui,Ilahui,gmall,gmall-of-tagum,GMall of Tagum,mindanao
ilash,Ilash,ortigas,greenhills,Greenhills,metro-manila
ilash extensions,Ilash Extensions,megaworld,lucky-chinatown-imperial-wing,Lucky Chinatown - Imperial Wing,
iliberty,Iliberty,robinsons,robinsons-santiago,Robinsons Place Santiago,north-luzon
imperial appliance,Imperial Appliance,gmall,gmall-of-tagum,GMall of Tagum,mindanao
imperial dance studio,Imperial Dance Studio,megaworld,venice-grand-canal-mall,Venice Grand Canal Mall,
imperial vet,Imperial Vet,robinsons,robinsons-gentrias,Robinsons Place Gen. Trias,south-luzon
imperial vet clinic,Imperial Vet Clinic,robinsons,galleria-south,Robinsons Galleria South,south-luzon
imprint studio,IMPRINT STUDIO,robinsons,robinsons-angeles,Robinsons Angeles,north-luzon
in time by strapshop,IN-TIME BY STRAPSHOP,araneta,ali-mall,Ali Mall,metro-manila
in tune,In Tune,ortigas,greenhills,Greenhills,metro-manila
inari sukiyaki,INARI SUKIYAKI (9328882718),robinsons,robinsons-magnolia,Robinsons Magnolia,metro-manila
inas pater,Ina's Pater,robinsons,robinsons-iligan,Robinsons Place Iligan,mindanao
inasal de cebu,INASAL DE CEBU,sm,sm-city-general-santos,SM City General Santos,mindanao
incare,INCARE,sm,smdc-mplace-mall,SMDC Mplace Mall,smdc
inchrist city church,INCHRIST CITY CHURCH,starmall,san-jose-del-monte,Starmall San Jose del Monte,north-luzon
indigo profiles salon,Indigo / Profiles Salon,megaworld,clubhouse-temple-drive,The Clubhouse at Temple Drive,
indio,Indio,megaworld,venice-grand-canal-mall,Venice Grand Canal Mall,
ineng s special bbq,Ineng\\\'s Special BBQ,gmall,gmall-of-davao,GMall of Davao,mindanao
immense food,Immense Food,megaworld,lucky-chinatown-imperial-wing,Lucky Chinatown - Imperial Wing,
imeh footwear,IMEH FOOTWEAR,robinsons,robinsons-novaliches,Robinsons Novaliches,metro-manila
ilvapore coffee house,ILVAPORE COFFEE HOUSE,robinsons,robinsons-cagayan-de-oro,Robinsons Cagayan de Oro,mindanao
iloilo bingo,ILOILO BINGO,sm,sm-city-iloilo,SM City Iloilo,visayas
iligan light,Iligan Light,robinsons,robinsons-iligan,Robinsons Place Iligan,mindanao
illumina derma clinic,Illumina Derma Clinic,ortigas,tiendesitas,Tiendesitas,metro-manila
illy,ILLY,robinsons,opus,Opus Mall,metro-manila
illy mobile phones and accessories,Illy Mobile Phones and Accessories,gmall,gmall-of-tagum,GMall of Tagum,mindanao
ilocandia blind massage 2004,ILOCANDIA BLIND MASSAGE 2004,robinsons,robinsons-ilocos,Robinsons Place Ilocos,north-luzon
ilocos pet clinic,Ilocos Pet Clinic,robinsons,robinsons-ilocos,Robinsons Place Ilocos,north-luzon
iloilo doctors clinic laboratory services,ILOILO DOCTORS CLINIC LABORATORY SERVICES,sm,sm-city-iloilo,SM City Iloilo,visayas
ilonggo grill,Ilonggo Grill,filinvest,festival-mall,Festival Mall,metro-manila
iloilo doctorss clinic,Iloilo Doctors's Clinic,robinsons,robinsons-iloilo,Robinsons Place Iloilo,visayas
iloilo grace pharmacy,Iloilo Grace Pharmacy,robinsons,robinsons-iloilo,Robinsons Place Iloilo,visayas
iloilo southprime,ILOILO SOUTHPRIME,sm,sm-city-iloilo,SM City Iloilo,visayas
iloko empanada,ILOKO EMPANADA,sm,sm-city-rosales,SM City Rosales,north-luzon
ilonggo express,ILONGGO EXPRESS,robinsons,robinsons-sta-rosa,Robinsons Sta. Rosa,south-luzon
ilonggo express 0917 5010741,ILONGGO EXPRESS 0917-5010741,robinsons,robinsons-sta-rosa,Robinsons Sta. Rosa,south-luzon
islands juice,Islands Juice,ortigas,greenhills,Greenhills,metro-manila
ismile dental clinc,ISMILE DENTAL CLINC,sm,sm-city-sorsogon,SM City Sorsogon,south-luzon
ichiba japanese market,Ichiba Japanese Market,megaworld,newport-city,Newport City,
jbc travel & tour,JBC Travel & Tour,ortigas,greenhills,Greenhills,metro-manila
jbm cellphone repair minigem exhibit 35,JBM Cellphone Repair (3.89 SQM) MINIGEM EXHIBIT #35,xentro,montalban-town-center,Montalban Town Center,
jbs tech hub,JBS Tech Hub,megaworld,southwoods-mall,Southwoods Mall,
jc dog republic,JC Dog Republic,megaworld,venice-grand-canal-mall,Venice Grand Canal Mall,
jcd customized printing,JCD Customized Printing,robinsons,robinsons-starmills,Robinsons Starmills,north-luzon
jchd enterprise,JCHD Enterprise,robinsons,robinsons-antipolo,Robinsons Place Antipolo,metro-manila
jcn furniture,Jcn Furniture,filinvest,festival-mall,Festival Mall,metro-manila
jco,JCO,robinsons,robinsons-pagadian,Robinsons Pagadian,mindanao
jco donuts & coffee,JCO Donuts & Coffee,robinsons,galleria-south,Robinsons Galleria South,south-luzon
jd adam exhibit,JD ADAM Exhibit,xentro,tanay-town-center,Tanay Town Center,
jdb ideas home,JDB IDEAS HOME,robinsons,robinsons-metro-east,Robinsons Metro East,metro-manila
jdg jewelries,JDG Jewelries,robinsons,robinsons-palawan,Robinsons Place Palawan,south-luzon
jdj dimsum dynasty,JDJ Dimsum Dynasty,gmall,gmall-of-davao,GMall of Davao,mindanao
jdm printshoppe,JDM PRINTSHOPPE,sm,sm-city-marilao,SM City Marilao,north-luzon
jea cellshop,Jea Cellshop,waltermart,gapan,WalterMart Gapan,north-luzon
jean and jaz gallerie,Jean and Jaz Gallerie,ortigas,greenhills,Greenhills,metro-manila
jbl a refinery,JBL/A. REFINERY,ayala,ayala-up-town-center,U. P. Town Center,metro-manila
jb music and sports,JB MUSIC AND SPORTS,ayala,ayala-centrio,Centrio Mall,mindanao
japan fudo street,JAPAN FUDO STREET,ayala,ayala-manila-bay,Ayala Malls Manila Bay,metro-manila
jazz c,JAZZ-C,robinsons,robinsons-pagadian,Robinsons Pagadian,mindanao
japan home jewelrich,JAPAN HOME JEWELRICH,xentro,xentro-mall-lemery,XentroMall Lemery,
japan homes american bazaar,JAPAN HOMES / AMERICAN BAZAAR,robinsons,robinsons-metro-east,Robinsons Metro East,metro-manila
japan homes ca exhibit network,JAPAN HOMES CA EXHIBIT NETWORK,xentro,montalban-town-center,Montalban Town Center,
japanese restaurant matsunoya,JAPANESE RESTAURANT MATSUNOYA,sm,sm-seaside-city-cebu,SM Seaside City Cebu,visayas
japanglish vintage,JAPANGLISH VINTAGE,araneta,ali-mall,Ali Mall,metro-manila
japoncom,JAPONCOM,sm,sm-city-marilao,SM City Marilao,north-luzon
jaro pawnshop,JARO PAWNSHOP,starmall,alabang,Starmall Alabang,metro-manila
jaros print ventures jameron cellphone store,JARO'S PRINT VENTURES JAMERON CELLPHONE STORE,xentro,tanay-town-center,Tanay Town Center,
jatujak,JATUJAK,sm,sm-mall-of-asia,SM Mall of Asia,metro-manila
jay jays funrides 0906 308 4734,JAY JAYS FUNRIDES 0906-308-4734,robinsons,robinsons-pangasinan,Robinsons Place Pangasinan,north-luzon
jay js,Jay-j's,ortigas,tiendesitas,Tiendesitas,metro-manila
jaycob ihaw ihaw,JAYCOB IHAW IHAW,sm,sm-city-urdaneta-central,SM City Urdaneta Central,north-luzon
jayme petshop petville hotel,Jayme Petshop Petville Hotel,ortigas,tiendesitas,Tiendesitas,metro-manila
jayms fashion,JAYM's fashion,robinsons,robinsons-dasmarinas,Robinsons Place Dasmarinas,south-luzon
jayson cruz cellphone accessories sailani cellphone store & repair,JAYSON CRUZ CELLPHONE ACCESSORIES SAILANI CELLPHONE STORE & REPAIR,xentro,tanay-town-center,Tanay Town Center,
jeanetts,JEANETTS,sm,sm-city-davao,SM City Davao,mindanao
jeanetts jewelry,JEANETT'S JEWELRY,ayala,ayala-abreeza,Abreeza,mindanao
jeenie,Jeenie,filinvest,festival-mall,Festival Mall,metro-manila
jeju ramyun food park,Jeju Ramyun Food Park,megaworld,festive-walk-mall-iloilo,Festive Walk Mall,
jetserko enterprises,JETSERKO ENTERPRISES,robinsons,robinsons-novaliches,Robinsons Novaliches,metro-manila
jetz mobile,Jetz Mobile,gmall,gmall-of-digos,GMall of Digos,mindanao
jeuvens bibingka,Jeuven's Bibingka,robinsons,robinsons-antipolo,Robinsons Place Antipolo,metro-manila
jev & jean cellphone and accessories store,Jev & Jean Cellphone And Accessories Store,robinsons,robinsons-tagum,Robinsons Place Tagum,mindanao
jewelholic,Jewelholic,filinvest,festival-mall,Festival Mall,metro-manila
jewelmer joaillerie,JEWELMER JOAILLERIE,sm,sm-megamall,SM Megamall,metro-manila
jewelrich princess toys and clothes,JEWELRICH PRINCESS TOYS AND CLOTHES,xentro,montalban-town-center,Montalban Town Center,
jewels by allison,JEWELS BY ALLISON,ayala,ayala-abreeza,Abreeza,mindanao
jewels collection,JEWELS COLLECTION,sm,sm-city-dasmarinas,SM City Dasmariñas,south-luzon
jewels cotton candy,JEWEL'S COTTON CANDY,robinsons,robinsons-gen-san,Robinsons Place GenSan,mindanao
jewels exhibit,JEWELS EXHIBIT,xentro,sta-ana-public-market,Sta Ana Public Market,
jewels rtw,JEWELS RTW,xentro,xentro-mall-roxas,XentroMall Roxas,
jewels rtw extension,JEWELS RTW EXTENSION,xentro,xentro-mall-roxas,XentroMall Roxas,
jezreel anonuevo,JEZREEL ANONUEVO,xentro,ab-central,Ab Central,
jf buchi bread,JF BUCHI BREAD,sm,sm-city-cauayan,SM City Cauayan,north-luzon
jethro jewelry shop,Jethro Jewelry Shop,robinsons,robinsons-galleria-ortigas,Robinsons Galleria,metro-manila
jet speed 0922 875 2072 0933 819 1162,JET SPEED 0922-875-2072 / 0933-819-1162,robinsons,robinsons-pangasinan,Robinsons Place Pangasinan,north-luzon
jessi james nino loading station,Jessi James Nino Loading Station,robinsons,robinsons-dasmarinas,Robinsons Place Dasmarinas,south-luzon
jems barbers,Jem's Barbers,robinsons,robinsons-tacloban,Robinsons Place Tacloban,visayas
jeli deli pasalubong,JELI-DELI PASALUBONG,ayala,ayala-marquee,MarQuee Mall,north-luzon
jelly skin lab,Jelly Skin Lab,megaworld,uptown-parade,Uptown Parade,
jem junior hair salon,JEM JUNIOR HAIR SALON,sm,sm-city-puerto-princesa,SM City Puerto Princesa,south-luzon
jemfaith,Jemfaith,robinsons,robinsons-novaliches,Robinsons Novaliches,metro-manila
jems barber salon & jems junior,Jems Barber Salon & Jems Junior,robinsons,robinsons-iligan,Robinsons Place Iligan,mindanao
jems barber salon for men & women,Jems Barber Salon For Men & Women,robinsons,robinsons-roxas,Robinsons Place Roxas,visayas
jenden hair studio,JENDEN HAIR STUDIO,sm,sm-city-davao,SM City Davao,mindanao
jeruels mobile,JERUELS MOBILE,sm,sm-city-north-edsa,SM City North Edsa,metro-manila
jennie,Jennie,filinvest,festival-mall,Festival Mall,metro-manila
jens pet corner,Jen's Pet Corner,ortigas,tiendesitas,Tiendesitas,metro-manila
jeremiah bags and accessories shop,JEREMIAH BAGS AND ACCESSORIES SHOP,robinsons,robinsons-novaliches,Robinsons Novaliches,metro-manila
jeremiah footwear & bags,Jeremiah Footwear & Bags,robinsons,robinsons-novaliches,Robinsons Novaliches,metro-manila
jeruel fonebytes,Jeruel Fonebytes,xentro,mall-of-the-valley,Mall Of The Valley,
jeruel wow and fye,"JERUEL,WOW AND FYE",xentro,xentro-mall-cabagan,XentroMall Cabagan,
japan home center,JAPAN HOME CENTER,araneta,farmers-plaza,Farmers Plaza,metro-manila
januarys apparel,JANUARY'S APPAREL,robinsons,robinsons-novaliches,Robinsons Novaliches,metro-manila
isport,iSPORT,robinsons,robinsons-butuan,Robinsons Place Butuan,mindanao
its a girl thing,It's A Girl Thing,robinsons,robinsons-tuguegarao,Robinsons Place Tuguegarao,north-luzon
ives and co 09691390522,IVES AND Co '09691390522 (NEW),robinsons,robinsons-bacolod,Robinsons Place Bacolod,visayas
ivy lane by natural art,IVY LANE BY NATURAL ART,sm,s-maison,S Maison,metro-manila
iwc schaffhausen,IWC SCHAFFHAUSEN,ayala,ayala-greenbelt,Greenbelt,metro-manila
izakaya mori,Izakaya Mori,ortigas,estancia,Estancia,metro-manila
izza mawy,IZZA MAWY,sm,sm-city-pampanga,SM City Pampanga,north-luzon
j,J,gmall,gmall-of-tagum,GMall of Tagum,mindanao
j & g x gongcha,J & G x Gongcha,ortigas,estancia,Estancia,metro-manila
j & n affordabest,J & N AFFORDABEST,robinsons,robinsons-gen-san,Robinsons Place GenSan,mindanao
j and b sunrise optical clinic,J AND B SUNRISE OPTICAL CLINIC,sm,sm-city-naga,SM City Naga,south-luzon
j co,J. Co,filinvest,festival-mall,Festival Mall,metro-manila
j co donuts,J.Co Donuts,robinsons,robinsons-galleria-ortigas,Robinsons Galleria,metro-manila
j co doughnuts,J.Co Doughnuts,robinsons,robinsons-manila,Robinsons Place Manila,metro-manila
j emmanuel pastries,J. Emmanuel Pastries,robinsons,robinsons-naga,Robinsons Place Naga,south-luzon
j fashion exhibit,J FASHION EXHIBIT,xentro,balagtas-town-center,Balagtas Town Center,
j five shoes shop,J-FIVE SHOES SHOP,robinsons,robinsons-novaliches,Robinsons Novaliches,metro-manila
itsu,ITSU,araneta,farmers-plaza,Farmers Plaza,metro-manila
itlog on sticks,ITLOG ON STICKS,sm,sm-city-north-edsa,SM City North Edsa,metro-manila
jannah cellphone & accessories,JANNAH CELLPHONE & ACCESSORIES,xentro,sta-ana-public-market,Sta Ana Public Market,
itels cellphone trading,ITEL'S CELLPHONE TRADING,araneta,ali-mall,Ali Mall,metro-manila
issue,Issue,ortigas,greenhills,Greenhills,metro-manila
issy cosmetics,Issy Cosmetics,megaworld,uptown-mall,Uptown Mall,
istore digital lifestyle retail,Istore Digital Lifestyle Retail,filinvest,dumaguete,Filinvest Malls Dumaguete,visayas
istudioplus,ISTUDIOPLUS,sm,sm-city-manila,SM City Manila,metro-manila
it alley,IT ALLEY,ayala,ayala-market-market,Market! Market!,metro-manila
it republic,IT REPUBLIC,sm,smdc-sun-mall,SMDC Sun Mall,smdc
it serve computer,It Serve Computer,ortigas,greenhills,Greenhills,metro-manila
it solutions,IT SOLUTIONS,robinsons,galleria-south,Robinsons Galleria South,south-luzon
it solutions cph,IT SOLUTIONS CPH,sm,sm-city-manila,SM City Manila,metro-manila
italiannis baker & cook,ITALIANNI'S / BAKER & COOK,ayala,ayala-up-town-center,U. P. Town Center,metro-manila
italiannis restaurant,Italianni’s Restaurant,robinsons,robinsons-manila,Robinsons Place Manila,metro-manila
itallanis,Itallani's (NEW),robinsons,robinsons-magnolia,Robinsons Magnolia,metro-manila
italy silver,Italy Silver,gmall,gmall-of-toril,GMall of Toril,mindanao
italyumm,Italyumm,megaworld,venice-grand-canal-mall,Venice Grand Canal Mall,
itech nissan,ITECH NISSAN,xentro,xentro-mall-calapan,XentroMall Calapan,
j king,J KING,ayala,ayala-market-market,Market! Market!,metro-manila
j lindeberg,J. Lindeberg,ortigas,greenhills,Greenhills,metro-manila
j o lane watch store,J.O Lane Watch Store,waltermart,north-edsa,WalterMart North EDSA,metro-manila
j&a cellphone and accessories 0955 180 2147,J&A CELLPHONE AND ACCESSORIES 0955-180-2147,robinsons,robinsons-cybergate-cebu,Robinsons Cybergate Cebu,visayas
jaime t go scent station,JAIME T. GO SCENT STATION ( ZENZEST ),xentro,montalban-town-center,Montalban Town Center,
jaja s fruit shake,Jaja\'s Fruit Shake,gmall,gmall-of-tagum,GMall of Tagum,mindanao
jaliah,Jaliah,robinsons,robinsons-novaliches,Robinsons Novaliches,metro-manila
jaltan,Jaltan,gmall,gmall-of-davao,GMall of Davao,mindanao
jamaican pattie 9387350635,Jamaican Pattie 9387350635,robinsons,robinsons-magnolia,Robinsons Magnolia,metro-manila
jamaican pattie ii,Jamaican Pattie Ii,filinvest,festival-mall,Festival Mall,metro-manila
jameron 2,JAMERON 2,xentro,tanay-town-center,Tanay Town Center,
jameron 3,JAMERON 3,xentro,tanay-town-center,Tanay Town Center,
james i kaze cellphone accessories,JAMES I-KAZE CELLPHONE ACCESSORIES,sm,sm-city-general-santos,SM City General Santos,mindanao
james wright cafe,JAMES WRIGHT CAFE,sm,sm-city-baguio,SM City Baguio,north-luzon
jameson dress acc,JAMESON DRESS ACC.,xentro,northstar-mall,Northstar Mall,
jamican pattie,JAMICAN PATTIE,robinsons,robinsons-pagadian,Robinsons Pagadian,mindanao
jamila aesthetics,JAMILA AESTHETICS,sm,smdc-fame-mall,SMDC Fame Mall,smdc
janicas cellphone and accessories,JANICA'S CELLPHONE AND ACCESSORIES,robinsons,robinsons-novaliches,Robinsons Novaliches,metro-manila
janina jewelries,JANINA JEWELRIES,robinsons,robinsons-iloilo,Robinsons Place Iloilo,visayas
jagb drug testing center inc,"JAGB DRUG TESTING CENTER, INC.",robinsons,robinsons-novaliches,Robinsons Novaliches,metro-manila
jafars,JAFARS,sm,sm-seaside-city-cebu,SM Seaside City Cebu,visayas
jaeger lecoultre,JAEGER-LECOULTRE,ayala,ayala-greenbelt,Greenbelt,metro-manila
j24k,J24K,sm,sm-city-general-santos,SM City General Santos,mindanao
j&a cellphone shop and accessories,J&A Cellphone Shop and Accessories,robinsons,robinsons-fuente,Robinsons Fuente,visayas
j&e phonebeast,J&E PHONEBEAST,sm,sm-city-bf-paranaque,SM City BF Parañaque,metro-manila
j&g chicken,J&G Chicken,megaworld,eastwood-cyber-mall,Eastwood Cyber Mall,
j&j,J&J,megaworld,festive-walk-mall-iloilo,Festive Walk Mall,
j&t,J&T,ortigas,greenhills,Greenhills,metro-manila
j&t express,J&T Express,megaworld,venice-grand-canal-mall,Venice Grand Canal Mall,
j4s car care services,J4S CAR CARE SERVICES,sm,sm-city-fairview,SM City Fairview,metro-manila
jade time watch repair,Jade Time Watch Repair,robinsons,robinsons-tuguegarao,Robinsons Place Tuguegarao,north-luzon
jaam house of sushi,JAAM HOUSE OF SUSHI,sm,smdc-air-mall,SMDC Air Mall,smdc
jacks adventure,JACK'S ADVENTURE,robinsons,robinsons-palawan,Robinsons Place Palawan,south-luzon
jacks adventures,JACKS ADVENTURES,robinsons,robinsons-ilocos,Robinsons Place Ilocos,north-luzon
jacobs breadnuts,JACOBS BREADNUTS,sm,sm-city-general-santos,SM City General Santos,mindanao
jade garden,JADE GARDEN,ayala,ayala-glorietta,Glorietta,metro-manila
jade solutions & management services,Jade Solutions & Management Services,megaworld,greenhouse-village-square,The Greenhouse at Village Square,
ichibang,ICHIBANG,robinsons,robinsons-naga,Robinsons Place Naga,south-luzon
icha bingsu dessert cafe,ICHA BINGSU DESSERT CAFE,sm,sm-seaside-city-cebu,SM Seaside City Cebu,visayas
gyu kaku,Gyu-kaku,ortigas,greenhills,Greenhills,metro-manila
healthcube,Healthcube,ortigas,greenhills,Greenhills,metro-manila
healthwaki therapy center,Healthwaki Therapy Center,fishermall,quezonave,Fisher Mall Quezon Avenue,metro-manila
healthway lab,Healthway Lab,ortigas,estancia,Estancia,metro-manila
healthway medical clinic,HEALTHWAY MEDICAL CLINIC,sm,sm-city-north-edsa,SM City North Edsa,metro-manila
healthworks,Healthworks,waltermart,the-junction,WalterMart The Junction,metro-manila
healthy habits,HEALTHY HABITS,sm,sm-city-davao,SM City Davao,mindanao
healthy sand,HEALTHY SAND,robinsons,robinsons-manila,Robinsons Place Manila,metro-manila
healthy shabu shabu prime,HEALTHY SHABU SHABU PRIME,sm,sm-aura,SM Aura,metro-manila
healthy teeth clinic,HEALTHY TEETH CLINIC,sm,sm-city-north-edsa,SM City North Edsa,metro-manila
hearsound,HEARSOUND,robinsons,robinsons-antipolo,Robinsons Place Antipolo,metro-manila
heart of wellness,Heart Of Wellness,robinsons,robinsons-malolos,Robinsons Place Malolos,north-luzon
hearts & arrow,Hearts & Arrow,robinsons,robinsons-manila,Robinsons Place Manila,metro-manila
hearts & arrows,Hearts & Arrows,megaworld,venice-grand-canal-mall,Venice Grand Canal Mall,
hearts arrow,HEARTS ARROW,robinsons,robinsons-manila,Robinsons Place Manila,metro-manila
hearty bread,Hearty Bread,megaworld,alabang-west-parade,Alabang West Parade,
heavenly desserts,Heavenly Desserts,megaworld,lucky-chinatown-mall,Lucky Chinatown Mall,
healthie shakes,Healthie Shakes,gmall,gmall-of-davao,GMall of Davao,mindanao
heal thy self,HEAL THY SELF,ayala,ayala-centrio,Centrio Mall,mindanao
harpershield,Harpershield,robinsons,robinsons-antique,Robinsons Place Antique,visayas
headway barbershop salon for women,HEADWAY BARBERSHOP SALON FOR WOMEN,sm,sm-mall-of-asia,SM Mall of Asia,metro-manila
harte hanks,HARTE HANKS,ayala,ayala-market-market,Market! Market!,metro-manila
haru photo,HARU PHOTO,sm,sm-city-davao,SM City Davao,mindanao
haru studio,Haru Studio,filinvest,dumaguete,Filinvest Malls Dumaguete,visayas
harvesters,HARVESTERS,sm,sm-city-north-edsa,SM City North Edsa,metro-manila
haseeb gadgets shop,Haseeb Gadgets Shop,robinsons,robinsons-imus,Robinsons Place Imus,south-luzon
hashtag manila,HASHTAG MANILA,ayala,ayala-serin,Ayala Malls Serin,south-luzon
hatch holistic therapy,HATCH HOLISTIC THERAPY,sm,the-podium,The Podium,metro-manila
hatif cellphone & accessories,HATIF CELLPHONE & ACCESSORIES,robinsons,robinsons-iloilo,Robinsons Place Iloilo,visayas
havit,HAVIT,sm,sm-city-cebu,SM City Cebu,visayas
haya pearl,HAYA PEARL (OPEN),robinsons,robinsons-palawan,Robinsons Place Palawan,south-luzon
hayashi,HAYASHI,sm,sm-city-fairview,SM City Fairview,metro-manila
hb cellphone accessories,HB Cellphone Accessories,robinsons,robinsons-jaro,Robinsons Place Jaro,visayas
hbc aslam cellphone store,HBC ASLAM CELLPHONE STORE (J-A),xentro,tanay-town-center,Tanay Town Center,
hbms,HBMS,robinsons,robinsons-novaliches,Robinsons Novaliches,metro-manila
hd1 resto & sports bar,HD1 RESTO & SPORTS BAR,ayala,ayala-harbor-point,Harbor Point,north-luzon
heavins communication services,Heavin's Communication Services,robinsons,robinsons-iligan,Robinsons Place Iligan,mindanao
hebrews shebrews,Hebrews Shebrews,megaworld,mactan-newtown,Mactan Newtown,
hechter,Hechter,ortigas,estancia,Estancia,metro-manila
hechter paris,HECHTER PARIS,sm,sm-city-pampanga,SM City Pampanga,north-luzon
hey bbk,HEY BBK,sm,sm-city-north-edsa,SM City North Edsa,metro-manila
hey internet cafe,HEY INTERNET CAFE,sm,smdc-breeze-mall,SMDC Breeze Mall,smdc
hey kitchen,HEY KITCHEN,sm,smdc-breeze-mall,SMDC Breeze Mall,smdc
hidaya baniagas accesories tyra v food service,HIDAYA BANIAGA’S ACCESORIES TYRA V FOOD SERVICE ( SNOWPY ),xentro,tanay-town-center,Tanay Town Center,
high frequency phoneshop,High Frequency Phoneshop,gmall,gmall-of-davao,GMall of Davao,mindanao
high tech pro mobile,HIGH TECH PRO MOBILE,robinsons,robinsons-tuguegarao,Robinsons Place Tuguegarao,north-luzon
highlands prime steakhouse,HIGHLANDS PRIME STEAKHOUSE,sm,sm-mall-of-asia,SM Mall of Asia,metro-manila
hiker enterprises manjaru,HIKER ENTERPRISES / MANJARU,xentro,balagtas-town-center,Balagtas Town Center,
hikiniku to come,Hikiniku to Come,megaworld,uptown-mall,Uptown Mall,
hill station bistro,HILL STATION BISTRO,sm,sm-city-baguio,SM City Baguio,north-luzon
hip street,HIP STREET,sm,sm-city-cebu,SM City Cebu,visayas
hipolito tuazon villanueva law offices,HIPOLITO TUAZON VILLANUEVA LAW OFFICES,ayala,ayala-marquee,MarQuee Mall,north-luzon
hirali jewelry,Hirali Jewelry,robinsons,robinsons-pangasinan,Robinsons Place Pangasinan,north-luzon
hiro massage,Hiro Massage,filinvest,festival-mall,Festival Mall,metro-manila
hiroshi wellness,HIROSHI WELLNESS,araneta,farmers-plaza,Farmers Plaza,metro-manila
hexihealth & general merchandise,HEXIHEALTH & GENERAL MERCHANDISE,xentro,ab-central,Ab Central,
hexi health,HEXI HEALTH,xentro,morong-centerpoint,Morong Centerpoint,
hewlett packard,HEWLETT PACKARD,sm,sm-city-cebu,SM City Cebu,visayas
helly hansen,HELLY HANSEN,ayala,ayala-glorietta,Glorietta,metro-manila
helainah eyelash extension,HELAINAH EYELASH EXTENSION,robinsons,robinsons-las-pinas,Robinsons Place Las Pinas,metro-manila
helen jewelry shop,HELEN JEWELRY SHOP,sm,sm-cherry-shaw,SM Center Shaw,metro-manila
helens jewelry,Helen's Jewelry,fishermall,quezonave,Fisher Mall Quezon Avenue,metro-manila
hello,HELLO,sm,sm-city-baguio,SM City Baguio,north-luzon
hello baby,Hello Baby,fishermall,quezonave,Fisher Mall Quezon Avenue,metro-manila
hello glasses,Hello Glasses,waltermart,trece-martires,WalterMart Trece Martires,south-luzon
helping hands 0955 544 1879,THE HELPING HANDS 0955-544-1879,robinsons,robinsons-cybergate-cebu,Robinsons Cybergate Cebu,visayas
hermes,HERMES,ayala,ayala-greenbelt,Greenbelt,metro-manila
hendison shoe plaza,HENDISON SHOE PLAZA,xentro,northstar-mall,Northstar Mall,
henlin mini gem metro star,HENLIN MINI GEM METRO STAR,xentro,montalban-town-center,Montalban Town Center,
henrich the sticky bibingka,Henrich the Sticky Bibingka,gmall,gmall-of-davao,GMall of Davao,mindanao
henry smartlock,HENRY SMARTLOCK,robinsons,robinsons-manila,Robinsons Place Manila,metro-manila
her bench,Her Bench,gmall,gmall-of-davao,GMall of Davao,mindanao
herbys affoodable,HERBY’S AFFOODABLE,ayala,ayala-market-market,Market! Market!,metro-manila
harrys cafe,HARRY'S CAFE,sm,s-maison,S Maison,metro-manila
harlan holden cafe,HARLAN+HOLDEN CAFE,ayala,ayala-trinoma,Trinoma,metro-manila
historia art,Historia Art,ortigas,greenhills,Greenhills,metro-manila
hai sha general merchandise,HAI SHA GENERAL MERCHANDISE,fishermall,malabon,Fisher Mall Malabon,metro-manila
haidilao hotpot,Haidilao Hotpot,robinsons,robinsons-galleria-ortigas,Robinsons Galleria,metro-manila
haileys hair lounge,Haileys Hair Lounge,gmall,gmall-of-toril,GMall of Toril,mindanao
haim chicken,Haim Chicken,robinsons,robinsons-palawan,Robinsons Place Palawan,south-luzon
hain,HAIN,robinsons,opus,Opus Mall,metro-manila
hair project salon,Hair Project Salon,filinvest,festival-mall,Festival Mall,metro-manila
hair protect salon,Hair Protect Salon,filinvest,festival-mall,Festival Mall,metro-manila
haircut encarnacion,Haircut Encarnacion,waltermart,bicutan,WalterMart Bicutan,metro-manila
hairlab,THE HAIRLAB,sm,sm-megamall,SM Megamall,metro-manila
hairless,HAIRLESS,sm,sm-city-iloilo,SM City Iloilo,visayas
hairology,Hairology,gmall,gmall-of-davao,GMall of Davao,mindanao
hairshaft,HAIRSHAFT,sm,the-podium,The Podium,metro-manila
hairshaft salon,Hairshaft Salon,robinsons,robinsons-manila,Robinsons Place Manila,metro-manila
hairtalk,HAIRTALK,sm,sm-city-tuguegarao,SM City Tuguegarao,north-luzon
hairtalk by williard,Hairtalk by Williard,robinsons,robinsons-tuguegarao,Robinsons Place Tuguegarao,north-luzon
hairzone,HAIRZONE,ayala,ayala-abreeza,Abreeza,mindanao
hai sha mb beauty and wellness product trading,HAI-SHA MB BEAUTY AND WELLNESS PRODUCT TRADING,sm,sm-city-novaliches,SM City Novaliches,metro-manila
hai chix & steaks,Hai Chix & Steaks,ortigas,estancia,Estancia,metro-manila
harlan & holden,Harlan & Holden,megaworld,uptown-mall,Uptown Mall,
hahn manila,HAHN MANILA,araneta,ali-mall,Ali Mall,metro-manila
h a collection fashion shop,H.A. COLLECTION FASHION SHOP,robinsons,robinsons-novaliches,Robinsons Novaliches,metro-manila
h l accessories,H L ACCESSORIES,sm,sm-city-cabanatuan,SM City Cabanatuan,north-luzon
h&d trading,H&D Trading,robinsons,robinsons-lipa,Robinsons Place Lipa,south-luzon
h&l cellphone accessories,H&L Cellphone Accessories,waltermart,gapan,WalterMart Gapan,north-luzon
h2j sales,H2J SALES (THE RED SHOP),araneta,farmers-plaza,Farmers Plaza,metro-manila
h2o,H2O,megaworld,eastwood-mall,Eastwood Mall,
h2o lifesource,H2O Lifesource,megaworld,california-garden-square,California Garden Square,
h2o to go,H2O TO GO,sm,smdc-grace-mall,SMDC Grace Mall,smdc
habi at kape,HABI AT KAPE,ayala,ayala-abreeza,Abreeza,mindanao
habitual coffee,Habitual Coffee,megaworld,paseo-center,Paseo Center,
hachiboru,HACHIBORU,sm,sm-city-north-edsa,SM City North Edsa,metro-manila
hadrian,HADRIAN,xentro,balagtas-town-center,Balagtas Town Center,
haengbook korean grill house,Haengbook Korean Grill House,robinsons,robinsons-tacloban,Robinsons Place Tacloban,visayas
hagtags printing,Hagtags Printing,gmall,gmall-of-digos,GMall of Digos,mindanao
hagtags printing services,Hagtags Printing Services,gmall,gmall-of-davao,GMall of Davao,mindanao
hallo mango,HALLO MANGO,robinsons,robinsons-palawan,Robinsons Place Palawan,south-luzon
halo mobile clothing,Halo Mobile Clothing,gmall,gmall-of-davao,GMall of Davao,mindanao
hanako,Hanako,ortigas,greenhills,Greenhills,metro-manila
hanamaki,HANAMAKI,sm,sm-city-north-edsa,SM City North Edsa,metro-manila
happy dough,Happy Dough,xentro,shopking,Shopking,
happy feet travels,HAPPY FEET TRAVELS,sm,sm-city-sorsogon,SM City Sorsogon,south-luzon
happy gold repair shop & goldsmith,Happy Gold Repair Shop & Goldsmith,ortigas,greenhills,Greenhills,metro-manila
happy hauz donut mini gem metro star,HAPPY HAUZ DONUT MINI GEM METRO STAR,xentro,montalban-town-center,Montalban Town Center,
happy leaf,Happy Leaf,robinsons,robinsons-lipa,Robinsons Place Lipa,south-luzon
happy paw,Happy Paw,megaworld,newport-city,Newport City,
happy pill cafe,HAPPY PILL CAFE,robinsons,robinsons-pagadian,Robinsons Pagadian,mindanao
happy play cafe,Happy Play Cafe,robinsons,robinsons-galleria-cebu,Robinsons Galleria Cebu,visayas
happy space,HAPPY SPACE,robinsons,robinsons-palawan,Robinsons Place Palawan,south-luzon
happy takoyaki,Happy Takoyaki,fishermall,quezonave,Fisher Mall Quezon Avenue,metro-manila
happy tea pearl frappe,HAPPY TEA PEARL FRAPPE,sm,sm-marketmall-dasmarinas,SM Marketmall Dasmarinas,south-luzon
happynest kiddie play room,Happynest Kiddie Play Room,ortigas,greenhills,Greenhills,metro-manila
happyride scooter rental,HAPPYRIDE SCOOTER RENTAL,sm,sm-city-fairview,SM City Fairview,metro-manila
happys all day breakfast cafe,HAPPYS ALL DAY BREAKFAST CAFÉ,sm,sm-city-rosales,SM City Rosales,north-luzon
harbour city dimsum house,HARBOUR CITY DIMSUM HOUSE,ayala,ayala-center-cebu,Ayala Center Cebu,visayas
happy cone,Happy Cone,robinsons,robinsons-la-union,Robinsons Place La Union,north-luzon
happy animal ride,HAPPY ANIMAL RIDE,robinsons,robinsons-santiago,Robinsons Place Santiago,north-luzon
happilee,Happilee,filinvest,festival-mall,Festival Mall,metro-manila
hanie abo mini gem exhibit 12,HANIE ABO ( johar pearl watch & accs. Store) MINI GEM EXHIBIT #12 ( created space # 20 ),xentro,montalban-town-center,Montalban Town Center,
hanamaruken,HANAMARUKEN,ayala,ayala-trinoma,Trinoma,metro-manila
handaan grande,HANDAAN GRANDE,sm,sm-city-north-edsa,SM City North Edsa,metro-manila
handyman 0998 8465627,Handyman 0998-8465627,robinsons,robinsons-sta-rosa,Robinsons Sta. Rosa,south-luzon
handyman do it best h & m iv,Handyman Do it Best H & M IV,xentro,xentro-mall-calapan,XentroMall Calapan,
handyman expansion mobile box,HANDYMAN EXPANSION Mobile Box,xentro,xentro-mall-calapan,XentroMall Calapan,
handyman sassy and classy,HANDYMAN SASSY and CLASSY,xentro,xentro-mall-lemery,XentroMall Lemery,
hankki,HANKKI,robinsons,robinsons-dumaguete,Robinsons Place Dumaguete,visayas
hapi haus donuts,HAPI HAUS DONUTS,xentro,balagtas-town-center,Balagtas Town Center,
hannah ysabelle,HANNAH YSABELLE,robinsons,robinsons-lipa,Robinsons Place Lipa,south-luzon
hannas garden,HANNA'S GARDEN (NEW),robinsons,robinsons-angeles,Robinsons Angeles,north-luzon
hao chi grill & hot pot,HAO CHI GRILL & HOT POT,sm,sm-city-fairview,SM City Fairview,metro-manila
hao chuan by phela grande hotel,HAO CHUAN BY PHELA GRANDE HOTEL,sm,sm-city-general-santos,SM City General Santos,mindanao
hao ling jewelry,Hao Ling Jewelry,robinsons,robinsons-antique,Robinsons Place Antique,visayas
hapchan rgv realty,HAPCHAN RGV Realty,xentro,xentro-mall-calapan,XentroMall Calapan,
his travel,HIS Travel,robinsons,robinsons-tacloban,Robinsons Place Tacloban,visayas
hit,HIT,robinsons,robinsons-gapan,Robinsons Gapan,north-luzon
icha 0917 675 7171,ICHA 0917-675-7171,robinsons,robinsons-cybergate-cebu,Robinsons Cybergate Cebu,visayas
humble market,HUMBLE MARKET,ayala,ayala-glorietta,Glorietta,metro-manila
hummus us,Hummus Us,megaworld,eastwood-mall,Eastwood Mall,
humpte dumptea by coffee and bikes,Humpte Dumptea by Coffee and Bikes,robinsons,robinsons-tagum,Robinsons Place Tagum,mindanao
humy,HUMY,sm,sm-mall-of-asia,SM Mall of Asia,metro-manila
hungry box,HUNGRY BOX,robinsons,robinsons-gapan,Robinsons Gapan,north-luzon
hungry box 0919 923 7333,HUNGRY BOX 0919-923-7333,robinsons,robinsons-pangasinan,Robinsons Place Pangasinan,north-luzon
hungry hippo,HUNGRY HIPPO,sm,sm-city-batangas,SM City Batangas,south-luzon
hungry hoon,HUNGRY HOON,sm,sm-city-cabanatuan,SM City Cabanatuan,north-luzon
hunter tradition,HUNTER TRADITION,sm,sm-megamall,SM Megamall,metro-manila
hush pupies,HUSH PUPIES,robinsons,robinsons-ilocos,Robinsons Place Ilocos,north-luzon
hussam middle eastern cuisine,Hussam Middle Eastern Cuisine,filinvest,il-corso,IL Corso,visayas
hycore cellphone accessories,Hycore Cellphone Accessories,gmall,gmall-of-davao,GMall of Davao,mindanao
hydro core water refilling station,HYDRO CORE WATER REFILLING STATION,sm,smdc-light-mall,SMDC Light Mall,smdc
hygea wellness center,HYGEA WELLNESS CENTER,sm,sm-seaside-city-cebu,SM Seaside City Cebu,visayas
hype 24 7 9090816189,Hype 24/7 9090816189,robinsons,robinsons-magnolia,Robinsons Magnolia,metro-manila
hyundai,HYUNDAI,robinsons,robinsons-north-tacloban,Robinsons North Tacloban,visayas
humes fashion gallery lots of pizza,Humes Fashion Gallery Lot's of Pizza,xentro,xentro-mall-calapan,XentroMall Calapan,
hukad 0917 311 3750,HUKAD 0917-311-3750,robinsons,robinsons-cybergate-cebu,Robinsons Cybergate Cebu,visayas
how fun,HOW FUN,sm,sm-city-iloilo,SM City Iloilo,visayas
huilier jewelry,HUILIER JEWELRY,robinsons,robinsons-butuan,Robinsons Place Butuan,mindanao
hp digital interface,HP / Digital Interface,gmall,gmall-of-davao,GMall of Davao,mindanao
hp solutions center,HP SOLUTIONS CENTER,ayala,ayala-center-cebu,Ayala Center Cebu,visayas
hpt cell shop,HPT Cell Shop,gmall,gmall-of-toril,GMall of Toril,mindanao
hs,HS,gmall,gmall-of-tagum,GMall of Tagum,mindanao
hsbc,HSBC,ayala,ayala-abreeza,Abreeza,mindanao
hsbc wealth,HSBC WEALTH,ayala,ayala-abreeza,Abreeza,mindanao
hssw dental center,HSSW DENTAL CENTER,sm,sm-city-fairview,SM City Fairview,metro-manila
hto cellphone repair shop,HTO Cellphone Repair Shop,waltermart,makiling,WalterMart Makiling,south-luzon
huawei kiosk,Huawei Kiosk,robinsons,robinsons-dumaguete,Robinsons Place Dumaguete,visayas
huawei v3 5,Huawei V3.5,gmall,gmall-of-davao,GMall of Davao,mindanao
hubsite printing center,HUBSITE PRINTING CENTER,robinsons,robinsons-manila,Robinsons Place Manila,metro-manila
hudson central market,Hudson Central Market,megaworld,forbes-town,Forbes Town,
hue delight,Hue Delight,robinsons,robinsons-bacolod,Robinsons Place Bacolod,visayas
hued,Hued,megaworld,eastwood-mall,Eastwood Mall,
hugs and mugs coffee shop mister donut,Hugs and Mugs Coffee Shop ( ORGANO CAFE ) MISTER DONUT,xentro,xentro-mall-calapan,XentroMall Calapan,
hyundai city store,HYUNDAI CITY STORE,robinsons,robinsons-palawan,Robinsons Place Palawan,south-luzon
hyundai commonwealth,HYUNDAI COMMONWEALTH,sm,sm-city-fairview,SM City Fairview,metro-manila
i heart yogurt,I Heart Yogurt,robinsons,robinsons-naga,Robinsons Place Naga,south-luzon
i lash,I-LASH,sm,sm-center-dagupan,SM Center Dagupan,north-luzon
ibeautified beauty lounge kid co,Ibeautified Beauty Lounge / Kid Co,ortigas,greenhills,Greenhills,metro-manila
ibenzvel salon,IBENZVEL SALON,xentro,montalban-town-center,Montalban Town Center,
ibloom massage chair,Ibloom Massage Chair,robinsons,robinsons-naga,Robinsons Place Naga,south-luzon
ibook,IBOOK,sm,sm-city-clark,SM City Clark,north-luzon
icase,iCASE,robinsons,robinsons-gapan,Robinsons Gapan,north-luzon
ice & swirls,ICE & SWIRLS,robinsons,robinsons-angeles,Robinsons Angeles,north-luzon
ice bergs,Ice Bergs,megaworld,eastwood-city-walk,Eastwood City Walk,
ice cream & donut house r lapids chicharon,ICE CREAM & DONUT HOUSE R.LAPID'S CHICHARON,xentro,montalban-town-center,Montalban Town Center,
ice cream house,ICE CREAM HOUSE,xentro,sta-ana-public-market,Sta Ana Public Market,
ice cream house cocais food stall sbma shawarma,ICE CREAM HOUSE COCAI’S FOOD STALL/ SBMA SHAWARMA,xentro,tanay-town-center,Tanay Town Center,
ice kingdom,Ice Kingdom,robinsons,robinsons-santiago,Robinsons Place Santiago,north-luzon
ice print,ICE PRINT,sm,sm-city-north-edsa,SM City North Edsa,metro-manila
ice queen,ICE QUEEN,robinsons,robinsons-novaliches,Robinsons Novaliches,metro-manila
icetag cafe,ICETAG CAFÉ,sm,sm-city-general-santos,SM City General Santos,mindanao
icha,ICHA,robinsons,robinsons-galleria-cebu,Robinsons Galleria Cebu,visayas
ibays silver,Ibay's Silver,robinsons,robinsons-ilocos,Robinsons Place Ilocos,north-luzon
ian dary,Ian Dary,robinsons,robinsons-novaliches,Robinsons Novaliches,metro-manila
ian darcy perfume,IAN DARCY PERFUME,robinsons,robinsons-tagum,Robinsons Place Tagum,mindanao
i wacth,I-WACTH,robinsons,robinsons-ilocos,Robinsons Place Ilocos,north-luzon
i love baking,I LOVE BAKING,sm,sm-center-las-pinas,SM Center Las Piñas,metro-manila
i love milktea,I Love Milktea,robinsons,robinsons-metro-east,Robinsons Metro East,metro-manila
i ngco,I NGCO,sm,sm-city-fairview,SM City Fairview,metro-manila
i parcel,I PARCEL,sm,sm-city-trece-martires,SM City Trece Martires,south-luzon
i refresh massage,I-Refresh Massage,robinsons,robinsons-pangasinan,Robinsons Place Pangasinan,north-luzon
i slim and skin aesthetic center,I-SLIM AND SKIN AESTHETIC CENTER,sm,sm-city-legazpi,SM City Legazpi,south-luzon
i2i incorporated,I2I INCORPORATED,starmall,edsa-shaw,Starmall EDSA-Shaw,metro-manila
ian darcy oil rich fragrance collection,Ian Darcy Oil Rich Fragrance Collection,robinsons,robinsons-dasmarinas,Robinsons Place Dasmarinas,south-luzon
iams kitchen bar,IAMS KITCHEN BAR,sm,sm-city-butuan,SM City Butuan,mindanao
ian darcey,ian Darcey,robinsons,robinsons-gen-san,Robinsons Place GenSan,mindanao
ian darcy 9176216444,Ian Darcy 9176216444,robinsons,robinsons-santiago,Robinsons Place Santiago,north-luzon
ian darcy 9176263352,IAN DARCY 9176263352,robinsons,robinsons-iligan,Robinsons Place Iligan,mindanao
ian darcy 9230870741,Ian Darcy 9230870741,robinsons,robinsons-magnolia,Robinsons Magnolia,metro-manila
ian darcy fragrance,Ian Darcy Fragrance,robinsons,robinsons-jaro,Robinsons Place Jaro,visayas
hoy house of yogurt lover,HOY HOUSE OF YOGURT LOVER,sm,sm-city-baguio,SM City Baguio,north-luzon
house of wagyu,House Of Wagyu,megaworld,eastwood-mall,Eastwood Mall,
hive,HIVE,ayala,ayala-greenbelt,Greenbelt,metro-manila
hollywood spectacles,Hollywood Spectacles,robinsons,robinsons-iligan,Robinsons Place Iligan,mindanao
holy halo,Holy Halo,robinsons,robinsons-iligan,Robinsons Place Iligan,mindanao
hom thai food,HOM THAI FOOD,sm,smdc-air-mall,SMDC Air Mall,smdc
home and beyond,HOME AND BEYOND,robinsons,robinsons-gapan,Robinsons Gapan,north-luzon
home bazaar,Home Bazaar,filinvest,festival-mall,Festival Mall,metro-manila
homebakers,HOMEBAKERS,sm,sm-seaside-city-cebu,SM Seaside City Cebu,visayas
homecity,HOMECITY,starmall,alabang,Starmall Alabang,metro-manila
homerong,HOMERONG,sm,sm-center-ormoc,SM Center Ormoc,visayas
homesitte shawarma,HOMESITTE SHAWARMA,ayala,ayala-capitol-central,Ayala Malls Capitol Central,visayas
homestar appliances,HOMESTAR APPLIANCES,starmall,alabang,Starmall Alabang,metro-manila
homeworks iguanas,HOMEWORKS IGUANAS,xentro,xentro-mall-lemery,XentroMall Lemery,
honey b s,Honey B\'s,gmall,gmall-of-tagum,GMall of Tagum,mindanao
honey bakes cafe,HONEY BAKES CAFE,sm,sm-city-baguio,SM City Baguio,north-luzon
honey bs sweets and crafts,HONEY B'S SWEETS AND CRAFTS,robinsons,robinsons-tagum,Robinsons Place Tagum,mindanao
honey bunch,Honey Bunch,robinsons,robinsons-tacloban,Robinsons Place Tacloban,visayas
honeybon,Honeybon,filinvest,festival-mall,Festival Mall,metro-manila
holy cow,HOLY COW,sm,sm-mall-of-asia,SM Mall of Asia,metro-manila
hollywood diva,Hollywood Diva,robinsons,robinsons-dasmarinas,Robinsons Place Dasmarinas,south-luzon
house of vigan empanada 0948 470 7906,HOUSE OF VIGAN EMPANADA 0948-470-7906,robinsons,robinsons-pangasinan,Robinsons Place Pangasinan,north-luzon
holland tulips,HOLLAND TULIPS,sm,sm-mall-of-asia,SM Mall of Asia,metro-manila
hizons cakes & pastries,Hizon's Cakes & Pastries,robinsons,robinsons-magnolia,Robinsons Magnolia,metro-manila
hj abragan,HJ Abragan,robinsons,robinsons-iligan,Robinsons Place Iligan,mindanao
hj textile,HJ TEXTILE,robinsons,robinsons-iligan,Robinsons Place Iligan,mindanao
hk fried noodle,HK Fried Noodle,robinsons,robinsons-malabon,Robinsons Town Mall Malabon,metro-manila
hk fried noodles,HK FRIED NOODLES,fishermall,malabon,Fisher Mall Malabon,metro-manila
hlo drug testing,Hlo Drug Testing,robinsons,robinsons-iloilo,Robinsons Place Iloilo,visayas
hlo drugtesting laboratory,HLO Drugtesting Laboratory,robinsons,robinsons-fuente,Robinsons Fuente,visayas
hm,HM,sm,sm-city-santa-rosa,SM City Santa Rosa,south-luzon
hob,HOB,ortigas,greenhills,Greenhills,metro-manila
hobby korner,Hobby Korner,ortigas,greenhills,Greenhills,metro-manila
hobby nook,Hobby Nook,ortigas,greenhills,Greenhills,metro-manila
hobing cafe,Hobing Cafe,megaworld,eastwood-mall,Eastwood Mall,
hoco 9052566689,Hoco 9052566689,robinsons,robinsons-magnolia,Robinsons Magnolia,metro-manila
holimar jewelry,HOLIMAR JEWELRY,ayala,ayala-trinoma,Trinoma,metro-manila
holland park booth,Holland Park Booth,megaworld,southwoods-mall,Southwoods Mall,
hong kong hardware,Hong Kong Hardware,ortigas,greenhills,Greenhills,metro-manila
hong kong kitchen,Hong Kong Kitchen,robinsons,robinsons-bacolod,Robinsons Place Bacolod,visayas
hong kong style,HONG KONG STYLE,xentro,sta-ana-public-market,Sta Ana Public Market,
hong kong style noodle,HONG KONG STYLE NOODLE,robinsons,robinsons-manila,Robinsons Place Manila,metro-manila
hotpoint of sale marketing,Hotpoint Of Sale Marketing,robinsons,robinsons-dasmarinas,Robinsons Place Dasmarinas,south-luzon
hottie fashion,Hottie Fashion,robinsons,robinsons-palawan,Robinsons Place Palawan,south-luzon
hour glass,HOUR GLASS,sm,sm-megamall,SM Megamall,metro-manila
house of desserts 9925117716,House Of Desserts 9925117716,robinsons,robinsons-magnolia,Robinsons Magnolia,metro-manila
house of frappe,HOUSE OF FRAPPE,sm,sm-city-davao,SM City Davao,mindanao
house of fries,HOUSE OF FRIES,robinsons,robinsons-tuguegarao,Robinsons Place Tuguegarao,north-luzon
house of lasagna,House Of Lasagna,filinvest,festival-mall,Festival Mall,metro-manila
house of lasagna by chef erick congmon,HOUSE OF LASAGNA BY CHEF ERICK CONGMON,sm,sm-city-lipa,SM City Lipa,south-luzon
house of lechon,HOUSE OF LECHON,sm,sm-jmall,SM J Mall,visayas
house of minis,House Of Minis,ortigas,greenhills,Greenhills,metro-manila
house of oppa,House Of Oppa,filinvest,fora,Fora Mall,south-luzon
house of polvoron,HOUSE OF POLVORON,ayala,ayala-trinoma,Trinoma,metro-manila
house of rolls,HOUSE OF ROLLS,sm,sm-city-general-santos,SM City General Santos,mindanao
house of samsonite,HOUSE OF SAMSONITE,sm,the-podium,The Podium,metro-manila
house of taho by taho atbp,HOUSE OF TAHO BY TAHO ATBP,sm,sm-cdo-downtown,SM CDO Downtown Premier,mindanao
hotdog express,Hotdog Express,gmall,gmall-of-toril,GMall of Toril,mindanao
hotdog empire,Hotdog Empire,gmall,gmall-of-digos,GMall of Digos,mindanao
hotdog all dway,HOTDOG ALL D'WAY,robinsons,robinsons-novaliches,Robinsons Novaliches,metro-manila
honor kiosk,HONOR KIOSK,robinsons,robinsons-valencia,Robinsons Place Valencia,mindanao
hongkong fried noodles minigem,HONGKONG FRIED NOODLES MINIGEM (#48),xentro,montalban-town-center,Montalban Town Center,
hongkong style noodles and dimsum,Hongkong Style Noodles and Dimsum,robinsons,robinsons-metro-east,Robinsons Metro East,metro-manila
honolulu cafe,HONOLULU CAFÉ,ayala,ayala-greenbelt,Greenbelt,metro-manila
honolulu hk bakery cafe,HONOLULU HK BAKERY CAFE,sm,sm-aura,SM Aura,metro-manila
honolulu hk cafe,Honolulu Hk Cafe,robinsons,robinsons-manila,Robinsons Place Manila,metro-manila
honor concept store,HONOR CONCEPT STORE,robinsons,robinsons-iloilo,Robinsons Place Iloilo,visayas
hooga,Hooga,megaworld,uptown-mall,Uptown Mall,
hot star dakasi,Hot Star / Dakasi,filinvest,festival-mall,Festival Mall,metro-manila
hook bcd,THE HOOK BCD,sm,sm-city-bacolod,SM City Bacolod,visayas
horologist,The Horologist,ortigas,estancia,Estancia,metro-manila
hoseki,HOSEKI,sm,the-podium,The Podium,metro-manila
hoshino,HOSHINO,robinsons,opus,Opus Mall,metro-manila
hossein,HOSSEIN,ayala,ayala-serendra,Shops at Serendra,metro-manila
hot potato,HOT POTATO,sm,sm-city-sorsogon,SM City Sorsogon,south-luzon
zyx katsumaki,Zyx Katsumaki,robinsons,robinsons-la-union,Robinsons Place La Union,north-luzon
